group,set,search_seed,eval_index,is_finite,task,mode,node,N_R,R,seed,k_on,k_off,T,distance,N_max,D,L,lam_best,objective,opt_sd,held,held_sd,train,opt_lam_1e-06,held_lam_1e-06,opt_lam_1e-05,held_lam_1e-05,opt_lam_1e-04,held_lam_1e-04,opt_lam_1e-03,held_lam_1e-03,opt_lam_1e-02,held_lam_1e-02,opt_lam_1e-01,held_lam_1e-01,opt_lam_1e+00,held_lam_1e+00,opt_lam_1e+01,held_lam_1e+01,opt_lam_1e+02,held_lam_1e+02,opt_lam_1e+03,held_lam_1e+03,KD_nM,tau_D_over_T,phi_ISI,koff_T,c_peak,c_mean,c_peak_over_KD,c_mean_over_KD,tauR_mean_over_T,tauR_peak_over_T,occ_mean,occ_std,occ_max,occ_frac_above_0p8,occ_frac_above_0p9,contrast_within,contrast_between,binomial_sd_mean,snr_within,shell_molecules_peak,shell_molecules_mean,history_symbols,dt,n_sub,seconds,running_min
case,S4,4,1,1,GLUF,det,sample,0,1,0,4.9106887611525165e-18,5.498624502947607,1.9798810387808183,3.367613985350215e-05,13391.95457218852,9.032325503440939e-12,4,1e-06,0.6175214677203157,0.0,0.6061301409726713,0.0,0.5907159345061846,0.6175214677203157,0.6061301409726713,0.6514053068709397,0.6417351516156192,0.7323123292797643,0.7185859553779252,0.7648494300603585,0.7546067968704685,0.8418049759311474,0.8393252756132225,0.8913648081127271,0.8912800660310072,0.9237972402554178,0.9290268147070101,0.9879827263933625,0.987940001429747,1.038413383100134,1.0229473060494618,1.066109149267897,1.0407046463368361,1.8593483006080282,10.569505811872563,0.9999999820865152,10.886622392761568,5.403145106234466e+17,3.4184778505702317e+17,0.48254184176130555,0.305296001791814,0.0703716660004482,0.061958355361280304,0.230744740376592,0.04895006696575546,0.325481758237346,0.0,0.0,0.0022179851097256075,0.04894208146130273,inf,0.0,13.054507499552663,8.259364473819337,1057,0.000989940519390409,40,0.31055784225463867,0.6175214677203157
case,S4,4,2,1,GLUF,det,sample,0,1,0,2.893529530941554e-19,0.11707332356846956,1.687108574911143,1.2324627651356667e-05,7151.733546766221,2.5588994680941536e-11,5,1e-06,0.35228510217355086,0.0,0.3223990395510102,0.0,0.312973494131618,0.35228510217355086,0.3223990395510102,0.37033438525433376,0.33304114815182045,0.39924259828948233,0.3550469300836147,0.44313268573667824,0.3946837616109795,0.4947301201734169,0.4469714228118772,0.5562582629060893,0.508885361732935,0.6268205348280941,0.5841126095080927,0.6979097942251706,0.6643451627170852,0.882178272870427,0.8491097427159637,0.9932707484271515,0.9507225095027714,0.6718605268426933,0.5864082984461781,0.8152787753700345,0.1975154080857118,7.785752834428434e+17,2.1891642488976723e+17,1.9242902704350964,0.5410636009288882,3.285325895171886,1.7313247612335063,0.31571375773414273,0.1427980661193622,0.6319419598937828,0.0,0.0,0.008816352098838022,0.14273899147378494,inf,0.0,18.811112188979,5.289227022981805,59,0.0009924168087712606,34,0.09946393966674805,0.35228510217355086
case,S4,4,3,1,GLUF,det,sample,0,1,0,4.88651307811404e-19,7.505334297395033,1.0259654231072757,4.8233736955040575e-05,18964.8508672429,4.611084804928654e-11,5,1e-06,0.7110790445607038,0.0,0.6959785534761308,0.0,0.6923660287077052,0.7110790445607038,0.6959785534761308,0.755156290751866,0.7433108511292571,0.8264893264527878,0.8240730069430364,0.875973547735506,0.8773775497302422,0.9268587619413918,0.9326953581701041,0.9828761761087825,0.9879039963455644,0.9976279789461993,0.9988081307890238,1.004557063274761,1.0030624082626796,1.0291098419650146,1.0255747854550339,1.22981563463542,1.2120937511332328,25.50469141041225,8.196241318790028,0.9999992903421688,7.700213477988443,2.1889860871628355e+17,1.2737312032582288e+17,0.01425187569119132,0.008292907332433604,0.12879841606767978,0.12804169507519222,0.008216859342789148,0.0025872157884871093,0.01405124619350533,0.0,0.0,0.00012820095274160308,0.002586685038276638,inf,0.0,5.288796567449364,3.0774545599677676,820,0.000977109926768834,21,0.10784196853637695,0.35228510217355086
case,S4,4,4,1,GLUF,det,sample,0,1,0,2.907041169713344e-18,0.1767265530272927,1.1278690798361213,9.976038163306061e-06,15022.341163719011,6.715626248296608e-12,3,1e-06,0.5405114509417006,0.0,0.45700535798495123,0.0,0.3942975536620244,0.5405114509417006,0.45700535798495123,0.6044933655230303,0.5202227390234611,0.6544380985784174,0.5599673347151126,0.6738847051697059,0.5775945313688994,0.6725725208251007,0.6135322654464845,0.8393172518593888,0.8335773003147721,0.9771023262928628,0.9744749628655857,0.9977753966218207,0.995149035500511,1.0000480218282224,0.9974122468854385,1.001407720388136,0.9987056154172946,0.10094846559662844,2.1898771129448082,0.9896266563760274,0.1993244147455021,7.886415835235533e+18,3.107893073385366e+18,129.72660373774363,51.12289557304335,0.09625226729071053,0.03837739781511556,0.9744578449437643,0.014261867010062578,0.9923496684860372,1.0,1.0,0.0006719276589257052,0.014258892041617498,inf,0.0,190.54323480389155,75.08962398123023,219,0.000980755721596627,23,0.07710576057434082,0.35228510217355086
case,S4,4,5,1,GLUF,det,sample,0,1,0,1.2253166626576873e-19,3.37476108667834,0.7763831132663619,2.009131658370602e-05,8773.614430183294,1.7830901076859653e-11,2,1e-06,0.6003188613346967,0.0,0.5824587088137008,0.0,0.5769195305299643,0.6003188613346967,0.5824587088137008,0.6820147611189599,0.6721535582377648,0.747452567709119,0.7387484650971444,0.7703278821455932,0.7655411435202887,0.9025452770980473,0.8981111954287934,0.9900828315409368,0.982709920900036,1.0020126195904493,0.9959685509717807,1.0043311455348973,1.0009472300682234,1.0277929444717613,1.023527218864601,1.2276873846194072,1.209709740271779,45.73448478740714,4.859775108845536,0.9998656191543707,2.6201075190055003,9.88194067675502e+17,4.9659230773949325e+17,0.03587959639104613,0.018030397221977676,0.37490405759909456,0.3684441010397687,0.017655273283297135,0.006876654700593264,0.03462868300877446,0.0,0.0,0.0003765004126096171,0.0068747975639802585,inf,0.0,23.875699456226094,11.998137895880642,486,0.0009704788915829523,16,0.07256293296813965,0.35228510217355086
case,S4,4,6,1,GLUF,det,sample,0,1,0,6.494754876190747e-20,0.4941735576821756,1.7339359110208954,2.280810099490616e-05,5805.1814516968025,1.4104445099318779e-11,1,1e-06,0.666989286306278,0.0,0.6550693891185326,0.0,0.6535255536041544,0.666989286306278,0.6550693891185326,0.7124004400813125,0.7001842929501276,0.7210001851560398,0.7107495012429277,0.8090052188326617,0.8015186570566237,0.9624382511705312,0.9498901652629751,0.9954187301037247,0.9821230553045357,0.9981644716085024,0.9888007867669693,1.0023697810865295,0.998482760094965,1.0272809262879121,1.023177238481847,1.2283544165370703,1.2105103608326453,12.634726238918962,3.5451772885773423,0.9988906462538092,0.8568652779420801,3.6270371630577574e+17,1.6793563153929584e+17,0.047668914968624784,0.022071208482738996,1.1418427556784922,1.1139440986740814,0.021478517113973843,0.009234002120538733,0.04528009353575154,0.0,0.0,0.0005247405725380403,0.009231249903601768,inf,0.0,8.763263417016034,4.057483036763581,355,0.0009908205205833688,35,0.1257772445678711,0.35228510217355086
case,S4,4,7,1,GLUF,det,sample,0,1,0,1.5505618003042783e-17,0.3027597204587248,1.361835212520616,3.214780297192335e-05,17238.538814682473,7.893134791031398e-11,1,1e-06,0.4412790458171819,0.0,0.39091042420855004,0.0,0.3731409189354809,0.4412790458171819,0.39091042420855004,0.4743903174919862,0.4149636262312128,0.516188121490546,0.44878070084229726,0.5742930047628577,0.49253271048568414,0.5842017691040069,0.514513074668606,0.6757655095488162,0.6489209193233987,0.900932697394221,0.8618534890302327,0.9536653409398392,0.9254338178479116,0.967726166902743,0.9499855584297651,0.977219110436169,0.9607295956258555,0.03242336704604022,1.602423357668229,0.9716600937877307,0.4123088482535897,2.151837553893411e+17,7.811093675677514e+16,11.02047890146006,4.0003945880756815,0.48503498910960197,0.20176952636025225,0.7519838417507455,0.11283304657956801,0.9164907148765331,0.40016,0.04888,0.0057918695295215645,0.11280372617703335,inf,0.0,5.199042212045598,1.8872338048293673,160,0.0009727394375147256,28,0.11252093315124512,0.35228510217355086
case,S4,4,8,1,GLUF,det,sample,0,1,0,6.653384204647785e-18,0.6670954306902716,0.5765112745073686,1.495217822918842e-05,3217.208132537632,1.9270378328360144e-10,3,1e-06,0.34097180729217014,0.0,0.317364810196215,0.0,0.3140009990368027,0.34097180729217014,0.317364810196215,0.36191595004279037,0.3248474342072345,0.3720338906219993,0.33516702790539926,0.4123380926511645,0.37449029741201095,0.45296301387693666,0.41244879273389845,0.5131054728413086,0.4743697317193697,0.5619311992962127,0.5276343354275722,0.723845432645173,0.694257854434276,0.8957813259671947,0.8582593835895165,0.9506129751028881,0.9124415625030046,0.16649241801195516,0.3353973554156264,0.6841831664207001,0.3845880369652904,1.3888655290129138e+17,3.3485458881210084e+16,1.3852075052519273,0.3339726416280415,1.9492040557047488,1.0901294237651338,0.2282733885542599,0.11981890377434741,0.5305267624823847,0.0,0.0,0.009445649075789372,0.11972908545069988,inf,0.0,3.355629935507136,0.8090402265642024,34,0.0009608521241789477,12,0.026508092880249023,0.34097180729217014
case,S4,4,9,1,GLUF,det,sample,0,1,0,5.909633617755205e-19,1.1677468189898543,0.8687703408511904,6.843789294594979e-06,1792.2043606267125,3.368889157719527e-11,4,1e-06,0.3332719479271689,0.0,0.3186283499908157,0.0,0.3088778140772368,0.3332719479271689,0.3186283499908157,0.33921431822620873,0.32087242706765506,0.35763674969196263,0.3378549919676718,0.3958429534596283,0.3746024185105058,0.44348625379815615,0.4213727577468374,0.523963806875506,0.5035069482377683,0.5939849659962899,0.5753751876584843,0.7984135561112693,0.7733671892676067,0.8975080543460295,0.8723618185018082,1.062470163075827,1.0390978439443155,3.2812342336667726,0.266716756790386,0.6289515550474981,1.0145038019617092,7.14702118854873e+17,1.6664645605351837e+17,0.3616903595523585,0.08433501876935483,0.9090396730186117,0.7238823011339849,0.07520056578936718,0.046719702464547416,0.22041632006831907,0.0,0.0,0.007087468126716145,0.04661496809105211,inf,0.0,17.267876370322757,4.02633534275125,27,0.0009653003787235449,18,0.05230903625488281,0.3332719479271689
case,S4,4,10,1,GLUF,det,sample,0,1,0,1.7820960683227118e-18,1.7259188046059457,1.4956053671365204,9.131695608660678e-06,11036.186437908667,1.1124550767859033e-10,2,1e-05,0.34316318499735565,0.0,0.32631943772076366,0.0,0.3172637267238488,0.34658492263680307,0.3314970705641352,0.34316318499735565,0.32631943772076366,0.34672328089661286,0.32696664125738906,0.362212343931867,0.33773467113574707,0.38823800005710907,0.3608805945041172,0.4211772418674044,0.3923343671655608,0.5355046656060144,0.5083131376252237,0.7200611525414417,0.6876438470116609,0.7764717096647019,0.747843576013068,0.9914228206735095,0.9684668167780155,1.6081936618128347,0.08353185103649866,0.3833439579215477,2.5812934274105,1.23615698134615e+18,1.1714204368109606e+17,1.27639289311157,0.12095492263150322,0.345600590545798,0.17018269755144574,0.09941405787524737,0.08111001359613385,0.4095078323548715,0.0,0.0,0.0567428519538504,0.07769742707130789,inf,0.0,29.866717007076844,2.830262111567718,8,0.0009970702447576803,30,0.0652611255645752,0.3332719479271689
case,S4,4,11,1,GLUF,det,sample,0,1,0,1.849570780195329e-19,0.1,2.0,8.403779337084949e-06,200.0,8.42597316811552e-11,5,1e-06,0.4378771656716705,0.0,0.4174700124316678,0.0,0.41079904414367563,0.4378771656716705,0.4174700124316678,0.5017826002685439,0.4798653071064475,0.5917883843956998,0.5770846878094401,0.6760936856191198,0.6634702386066049,0.8069919588095559,0.7926128286503302,0.9352126057433429,0.9202859828200898,0.982025110764867,0.9767477970300054,1.0008657636810434,0.9986386712013431,1.026707997651828,1.0233865201043997,1.2273766755279496,1.2100277749012942,0.897796983470122,0.06984703303437627,0.3528726762323171,0.2,2.795571866492524e+16,5956388813233860.0,0.0517060803820069,0.011016762704439681,4.945516419159213,4.754179987419936,0.010881274904026563,0.0017217134428742693,0.016469644577698166,0.0,0.0,0.0006402809467343104,0.0017101260510231605,inf,0.0,0.6754364944697715,0.14391196405754786,7,0.001,40,0.05569195747375488,0.3332719479271689
case,S4,4,12,1,GLUF,det,sample,0,1,0,7.191729939565909e-18,0.3821811525983365,1.5131624585025052,1.0702919143479959e-05,2105.3948958655083,5.1864482060904286e-11,4,1e-06,0.33844146048261264,0.0,0.3177427278272084,0.0,0.30789102291877424,0.33844146048261264,0.3177427278272084,0.343299985816115,0.3184039578796296,0.35924953217517575,0.3207609601959529,0.39460145020638376,0.3411025227188368,0.4244992729802855,0.36921868618170667,0.46851090029339887,0.4103614731707671,0.5092210389923294,0.45121281123083934,0.5715097748033938,0.5286129268658455,0.7949090906427256,0.7607560009478601,0.8962959937343413,0.8618477181748547,0.08824396076604805,0.2432750864099472,0.6070601653636535,0.5783021724590199,2.0953324213094506e+17,4.551237956310928e+16,3.942911576152878,0.8564335014942475,0.9314633661564296,0.3498342569367292,0.41201021565630436,0.1521345034039382,0.7565576355371597,0.0,0.0,0.024496225656658717,0.1518276966050864,inf,0.0,5.062520489497487,1.0996219584100044,24,0.0009762338441951647,31,0.15871787071228027,0.3332719479271689
case,S4,4,13,1,GLUF,det,sample,0,1,0,2e-17,0.11713179251936562,0.8775321870742019,1.4483602171989313e-05,18617.933627205777,1.363890631420904e-10,1,1e-06,0.5620823617147351,0.0,0.7883315614019422,0.0,0.3627205134372579,0.5620823617147351,0.7883315614019422,0.6618919924428295,0.456802318474891,0.6047044822150277,0.5388762805092576,0.8430712271747584,1.4115930335983478,1.0534409032370133,1.7371176556468269,1.0126445387947869,1.2160945832233403,0.9295455648438614,0.8914190750400276,0.9692431893389379,0.9469367787709562,0.9804346013591161,0.9649926683620756,0.9862735687636107,0.9722306885019532,0.009725095874325398,0.29211867569035593,0.6507983196065241,0.10278691806544055,8.154960806294391e+17,1.70960641485012e+17,139.24419034133908,29.191159429536906,0.32224216297204095,0.0693708915394549,0.936127289644683,0.06366027961964328,0.9925401448741952,0.96736,0.84996,0.007198912104211057,0.06359295253847336,inf,0.0,19.703153424750617,4.130570126312605,29,0.0009750357634157799,18,0.046527862548828125,0.3332719479271689
case,S4,4,14,1,GLUF,det,sample,0,1,0,1.5974798298887885e-17,0.45252177437141455,1.26063678134152,8.263616316451047e-06,6706.623837442035,8.833744665553446e-11,3,1e-06,0.3495792452755189,0.0,0.3157467645293311,0.0,0.31003643685318616,0.3495792452755189,0.3157467645293311,0.3555409175583833,0.321920845786574,0.3787053777014131,0.3336349144230101,0.41552034336265603,0.36731950138985076,0.4595152543677633,0.3910598016011918,0.5216143170237111,0.49272388773710807,0.5776452068115884,0.6135275736074567,0.6879066350110264,0.6617677613121931,0.8730744092881049,0.8339629737194266,0.9148436072028739,0.8801881002553927,0.04703847091095196,0.10220078279173922,0.4202273573158884,0.5704655931305336,1.0592569062782248e+18,1.1995642306746086e+17,37.39359381767584,4.2346684108639865,0.3348739522227166,0.04565746326446773,0.7188722350632492,0.1440834325023464,0.9674229034170291,0.3368,0.11864,0.08046059590662409,0.1417210646805296,inf,0.0,25.592644571041394,2.898260168409635,10,0.0009697206010319385,26,0.1384139060974121,0.3332719479271689
case,S4,4,15,1,GLUF,det,sample,0,1,0,3.2987618700155258e-18,0.9777099793278767,0.5691628272365586,6.000000000000003e-06,5413.861738354152,8.193786656286685e-11,5,1e-06,0.3432466040754786,0.0,0.32420934343652896,0.0,0.30762336005540253,0.3432466040754786,0.32420934343652896,0.3447714092667187,0.32331164528364775,0.3493185655867574,0.32093883306743015,0.3762387291044431,0.3293084357938355,0.42413236131816906,0.3656399128303508,0.462009128419126,0.4010756533065154,0.5059884838668055,0.44032626280120346,0.5456974182453943,0.4842399451247676,0.695396187259074,0.6552814342932038,0.8655018650300843,0.8251181513811533,0.49216211445781993,0.12865600760798143,0.4655735689334933,0.5564761760516517,2.3777805597552773e+18,3.228065902914388e+17,8.022554757165338,1.0891390023196428,0.8601735558455005,0.19916998817365866,0.44472202175057013,0.17935820647172745,0.8360616229376122,0.0164,0.0,0.04638634231890035,0.17862911911500418,inf,0.0,57.449417958068814,7.7993112733584695,13,0.0009486047120609311,12,0.07385396957397461,0.3332719479271689
case,S4,4,16,1,GLUF,det,sample,0,1,0,8.312199433999437e-18,0.4264673136334839,0.9708467363114734,6.000000000000003e-06,4008.25292286266,3.026728872271524e-11,5,1e-06,0.35363053195852595,0.0,0.3208614403582945,0.0,0.3084175401710152,0.35363053195852595,0.3208614403582945,0.36509034026968706,0.3330388579138615,0.39456247005235573,0.3755782047152388,0.44255879412252175,0.3976023581060452,0.5130688856265346,0.49406823722610144,0.5738356664048828,0.6173974904541545,0.613888353138393,0.6118113479529793,0.7024720220991061,0.6488439056023103,0.9022248988318619,0.875492365260267,0.9554487288556537,0.9321767982853333,0.08519593890691166,0.20418651456026457,0.5661742788545585,0.4140343995845894,2.0859725822203436e+18,3.857320331883787e+17,40.657324871025985,7.518235244400109,0.2835397452875115,0.057979197151380224,0.8238340233859236,0.09886633910326753,0.9740977841049375,0.58848,0.28472,0.03488404039584879,0.09815653444516505,inf,0.0,50.3990623665383,9.319649243299208,20,0.0009708467363114734,20,0.23435091972351074,0.3332719479271689
case,S4,4,17,1,GLUF,det,sample,0,1,0,1.9837372970207153e-17,1.0625309195487416,1.2011671972283466,9.092966002644104e-06,14266.42511875526,9.488471731038085e-11,4,0.001,0.4024132157704431,0.0,0.3604872148881486,0.0,0.32531660501751325,0.553099116926953,1.2061876207750346,0.4525775614784046,0.7877011253323655,0.4207989249099405,0.4786994227659744,0.4024132157704431,0.3604872148881486,0.4396639987730123,0.4439872019333052,0.4905186807619344,0.4912077442098111,0.5540698062272125,0.5564029526243474,0.6069772702681022,0.5903881117629701,0.829173887526789,0.7894724457884674,0.910085461216954,0.8714424099214721,0.08894192313874776,0.12090942413229055,0.4530050866209822,1.2762772866028198,1.766626144878462e+18,2.2103183788834448e+17,32.98277827976717,4.126647917543556,0.15283452347604023,0.02305664313425794,0.7033169804258984,0.1589577577168966,0.9689637612312485,0.32592,0.11508,0.12290294458551917,0.15380687351373243,inf,0.0,42.68335164756338,5.3403373935374905,12,0.0009609337577826773,25,0.06435918807983398,0.3332719479271689
case,S4,4,18,1,GLUF,det,sample,0,1,0,4.918260071182169e-18,7.10643131264918,0.7320940400502656,8.972963398948768e-06,5093.572525253073,2e-10,3,1e-06,0.33404887122087074,0.0,0.3189375541805148,0.0,0.31008631596529196,0.33404887122087074,0.3189375541805148,0.33502874716436526,0.3190939761979766,0.33996524557146224,0.3233828237584692,0.35935871650461376,0.3416425757872876,0.4114832729408302,0.39212527943048914,0.4628584722924641,0.4423343378750636,0.6007031032703599,0.5780457622910409,0.7606238447089424,0.7344372911645048,0.8557605377745123,0.8399717924993079,1.1400565323537022,1.1212040285654576,2.399325503745693,0.09164814417528716,0.39996587505554204,5.20257601001705,6.132342519955378e+17,6.480782694120639e+16,0.42441070674988024,0.044852575578641155,0.18396133323310931,0.13494174954221722,0.0413629164224562,0.037261739576302244,0.21492269647895168,0.0,0.0,0.03669076726214795,0.03380309282268352,inf,0.0,14.816317134294863,1.5658181414700225,9,0.0009761253867336874,15,0.0326540470123291,0.3332719479271689
case,S4,4,19,1,GLUF,det,sample,0,1,0,8.638662948135279e-19,10.0,0.5,8.214808777460373e-06,7587.513365789101,5.076884929068365e-11,4,1e-06,0.3312726828832086,0.0,0.3184922655984136,0.0,0.30872226906558503,0.3312726828832086,0.3184922655984136,0.3357792450541078,0.31905090687137694,0.35374525329135137,0.3346772774276469,0.3874786366589304,0.3674704152720254,0.44897475169437834,0.426258640641279,0.5279524373048569,0.5061934857779976,0.6289333638620741,0.6078658659452418,0.8390233999608326,0.8109848918754693,0.9188421343829278,0.8962853118138219,1.1363275029539623,1.1137639629310898,19.22217682462408,0.4430740778586281,0.7510563696360159,5.0,2.3240768618009544e+18,5.92144033179104e+17,0.20076916674658418,0.05115332719383713,0.19026719968048883,0.16655990638224716,0.04737751608820462,0.03411470868396634,0.15998046162333382,0.0,0.0,0.008006707163035719,0.03390417302692665,inf,0.0,56.1518860319144,14.306757582787245,44,0.001,10,0.03054189682006836,0.3312726828832086
case,S4,4,20,1,GLUF,det,sample,0,1,0,7.831282720435554e-18,10.0,0.7913854826936849,1.2097455523976408e-05,4101.518947723378,2e-10,4,1e-05,0.3346292571230279,0.0,0.3209487731372362,0.0,0.3116017368111095,0.3359227770099241,0.3218070035123283,0.3346292571230279,0.3209487731372362,0.3475829687941919,0.33049930410407125,0.37756206102217466,0.35865087557359,0.4365807347149712,0.4182605094577794,0.505372627319268,0.4872593974988835,0.653268751258329,0.6326555975395582,0.8137511736320463,0.7916320526125373,0.9230448281714834,0.9118080441939563,1.182845830147346,1.1644609712978993,2.1203921840807864,0.15410571434000853,0.5034569601945467,7.913854826936849,2.3320857287105878e+17,3.6290730479607016e+16,0.18263222669825582,0.02842029705169303,0.1228687051275387,0.10684697015098396,0.02705243651617249,0.0232713155063394,0.1320775886542602,0.0,0.0,0.019818275990699612,0.02166199020634082,inf,0.0,5.6345387800012565,0.8768182306701792,15,0.000989231853367106,16,0.03989219665527344,0.3312726828832086
case,S4,4,21,1,GLUF,det,sample,0,1,0,5.977745404799376e-19,4.779813081711799,1.814724561549089,6.000000000000003e-06,200.0,5e-12,4,1e-06,0.3709362756345664,0.0,0.35462695364971974,0.0,0.34927193808869594,0.3709362756345664,0.35462695364971974,0.4181807370996902,0.3989514632286874,0.497336180577521,0.4777348376335182,0.5731073283088667,0.5544916000758144,0.7108049607857166,0.6918371183444398,0.8828348505054106,0.8615590534671651,0.951546914430631,0.9427235423867977,0.9936483622502397,0.9907507990613821,1.0228257346447596,1.0193266712422933,1.2213932904284304,1.2042478610858078,13.277692204152082,0.6612573750451994,0.8410064153740096,8.674044198996045,2.3633876089671174e+17,1.545491309437923e+17,0.02955707509424907,0.019328273753000613,0.11310044105443916,0.11197677149678249,0.01895384615813008,0.002693985048129181,0.028354358422387062,0.0,0.0,0.0021751181356308045,0.0025839942609296234,inf,0.0,5.710167071028914,3.734052573615135,66,0.00098093219543194,37,0.19205284118652344,0.3312726828832086
case,S4,4,22,1,GLUF,det,sample,0,1,0,2e-17,5.110741496617487,1.94454942949046,3.9579283539887616e-05,200.0,2e-10,1,1e-06,0.5209578965657636,0.0,0.5056913849173481,0.0,0.5030506309050597,0.5209578965657636,0.5056913849173481,0.7258935393251849,0.701690897768501,0.8432781457351675,0.8142504153204361,0.8789292189504517,0.8603204140205394,0.9673316371582816,0.9626255654992842,0.9987369146767188,0.9968857801294979,1.0027208109150088,1.0011741694474865,1.0047666910454502,1.0031718082740635,1.0290965723173089,1.0259529270752776,1.2314759187286695,1.2139786392240588,0.4243292958679935,0.6713293328921711,0.8441448416111738,9.938089461520754,833574850855507.8,546595652262204.2,0.0032620505318345853,0.0021390072365192617,0.10040818833572068,0.10029579223477637,0.0021342941544542377,0.000308862009849751,0.003217929291159229,0.0,0.0,0.0002521048534561123,0.00029597263413543706,inf,0.0,0.02013995354182795,0.013206265797759943,67,0.0009972048356361332,39,0.12979769706726074,0.3312726828832086
case,S4,4,23,1,GLUF,det,sample,0,1,0,5.114828936076284e-20,9.343765978576958,0.6297315342429732,7.066744186024843e-06,5923.391458589528,1.6352584171577874e-10,2,1e-06,0.40134974157260306,0.0,0.3846646417944618,0.0,0.37818123880593935,0.40134974157260306,0.3846646417944618,0.4437398023322625,0.42712974327937125,0.5635835722544393,0.5439005723509714,0.7196449250335099,0.6936931406973976,0.7843046611533285,0.7679389586664935,0.9400629676119372,0.9361536982048271,0.9956059861342262,0.9938464720070552,1.0040250118174818,1.0024087986045727,1.0290139637302158,1.025868015844329,1.231483424272873,1.2139847471538907,303.34716245387057,0.08082498923959607,0.3775757504146959,5.884064085296564,1.423246352895056e+18,1.349824707724756e+17,0.007790928888462329,0.000738901476078362,0.1698250783150376,0.1686367255791097,0.0007377377063039216,0.0007447726356730759,0.004638620630537593,0.0,0.0,0.000783256648154181,0.0006565599840689594,inf,0.0,34.38697244340346,3.261303634015274,8,0.0009688177449891896,13,0.06810998916625977,0.3312726828832086
case,S4,4,24,1,GLUF,det,sample,0,1,0,2e-17,0.1,2.0,6.000000000000003e-06,10873.240129142585,2e-10,3,1e-05,0.373272432101742,0.0,0.35094990070405835,0.0,0.31717219387245965,0.3890713104367246,0.43953898640225636,0.373272432101742,0.35094990070405835,0.40180637093197413,0.4931099913632526,0.4462486862482209,0.675850647239346,0.5281136507526519,0.755307561678423,0.6052544018133524,0.8628120870618563,0.6477549753949653,0.7742622669347617,0.8727407196933195,0.8352533915048088,0.954823966250661,0.9277996066841344,0.9667113403964752,0.942684367797437,0.008302695335869234,0.015000000000000013,0.16799597142736353,0.2,3.734687043040116e+18,7.494606362073291e+16,746.9374086080232,14.989212724146583,0.3127108311248559,0.006685051372554604,0.87770838688758,0.08371440129423445,0.9971136322596615,0.886,0.44148,0.09148545700128713,0.07876267059942983,inf,0.0,90.23355666608612,1.8107674888647576,2,0.001,40,0.0858309268951416,0.3312726828832086
case,S4,4,25,1,GLUF,det,sample,0,1,0,1.6187414873794609e-18,0.1,2.0,1.1330882625087958e-05,6428.929186058336,7.89765574172595e-11,1,1e-06,0.42028903191188416,0.0,0.37371222014210875,0.0,0.3760004011849725,0.42028903191188416,0.37371222014210875,0.47764074822188096,0.4149307642167984,0.4888457526020266,0.423142798580558,0.49035544939398734,0.42423704983597127,0.4907211522998344,0.4257872532090752,0.501722990910671,0.4468492498055504,0.6706944254235329,0.628691333678617,0.8351992032094645,0.7874338877953067,0.8657555464206401,0.8224842401324822,0.9014207307041037,0.8657439419286027,0.10258210345013465,0.13547153026815156,0.47620504980175926,0.2,4.2601627707511424e+17,5.947297263758589e+16,6.896102220004309,0.9627136818624374,2.5474933232520462,0.633223818624434,0.41911320546392133,0.17866095987364103,0.7969529518702152,0.0,0.0,0.019578459587720615,0.17850034493923647,inf,0.0,10.292954519380714,1.4369230365888388,14,0.001,40,0.05922985076904297,0.3312726828832086
case,S4,4,26,1,GLUF,det,sample,0,1,0,2e-17,0.47289789003407867,0.5,1.0488029305919816e-05,200.0,2e-10,3,1e-06,0.34273074792694735,0.0,0.325154277377046,0.0,0.3208502787760225,0.34273074792694735,0.325154277377046,0.37684366458959956,0.3562235231798807,0.4264091337705074,0.40311649181088194,0.4655113967405717,0.44689930963261354,0.5686317505931962,0.5517922456366194,0.6173653310416457,0.6025226231160775,0.7924813382194148,0.7760260199214621,0.9260695521163279,0.9143166009033881,0.9631829455368075,0.9555042488474905,0.9928833955384576,0.9849861097280312,0.03926327105928346,0.18333126453638815,0.5416797699281785,0.23644894501703934,1.9264207674391812e+16,8027447438327041.0,0.814730117446858,0.3395002433928625,3.1573288830154063,2.3305078626350064,0.25210632293183005,0.029308666462677404,0.3421142952716573,0.0,0.0,0.008001837712334408,0.029183737462645222,inf,0.0,0.4654414023937836,0.1939506911724197,18,0.001,10,0.02497410774230957,0.3312726828832086
case,S4,4,27,1,GLUF,det,sample,0,1,0,9.064953329078636e-19,0.1419333464691163,1.6974312186406995,8.883627652437517e-06,9309.770419647033,2e-10,5,1e-06,0.3372561381416534,0.0,0.3190454448758061,0.0,0.30828796920148044,0.3372561381416534,0.3190454448758061,0.3399981957572911,0.3165034073870328,0.3553353347656903,0.3221599154877678,0.38450777880421233,0.3443765273768715,0.41688187398029564,0.3759310455897922,0.4669941735328228,0.4260237631345557,0.5271940209885978,0.48908638257486736,0.5989526695164796,0.5656937334187098,0.7827434935835887,0.7489015474914821,0.9210056509708866,0.8807937822916833,0.25999677901336077,0.03874425042994801,0.2668431533036561,0.24092209326282468,1.0234429673079788e+18,5.03755054573294e+16,6.536492631517915,0.32173665826924003,3.140352768071774,0.5507494767657928,0.21406963206697688,0.13551092663809375,0.582522028794375,0.0,0.0,0.02387913715477121,0.13526475094730317,inf,0.0,24.727346072327872,1.2171196605985162,4,0.0009984889521415879,34,0.05241084098815918,0.3312726828832086
case,S4,4,28,1,GLUF,det,sample,0,1,0,1.6117496618937635e-19,10.0,0.5,8.349125608973038e-06,3678.1866825570123,1.457779520795614e-11,4,1e-06,0.3804560626869252,0.0,0.36557426473410515,0.0,0.36006073761298457,0.3804560626869252,0.36557426473410515,0.4498865852271619,0.42959695478354615,0.5082944478440347,0.4869654318100601,0.590789157816969,0.5741786633360858,0.6568926642262912,0.6423933550381462,0.7923089103645113,0.7776126967870642,0.9432867966596106,0.9246522033727127,0.9801093588094036,0.9703210324416784,1.0188221641871131,1.0129764460107977,1.2226372372977488,1.2043728470409785,103.02710814424847,1.593928698636239,0.9712377264364047,5.0,2.6450871961987686e+18,1.0152784461692055e+18,0.04263218394152888,0.016363746923412425,0.19677994281615288,0.19182220065750058,0.016019913512402825,0.008641241214040503,0.0407361621043079,0.0,0.0,0.0005873674065499504,0.008637353348468208,inf,0.0,63.907798070987305,24.53008355144279,159,0.001,10,0.039659738540649414,0.3312726828832086
case,S4,4,29,1,GLUF,det,sample,0,1,0,2.1667331565820633e-18,10.0,0.5,6.000000000000003e-06,2212.0863598517767,5.23180490313457e-11,2,1e-06,0.3422111466053562,0.0,0.3278779535802757,0.0,0.32120775108962396,0.3422111466053562,0.3278779535802757,0.34625274458279326,0.33137751330345644,0.3550400873828401,0.3388763851530262,0.39203484390677223,0.3719584674989211,0.4337138083533893,0.4146860051635751,0.5038274880415162,0.48550209057489835,0.7193934363279393,0.6921288082726645,0.8081426337924013,0.7815690669648706,0.8954127401889143,0.8813803707209359,1.1579777429232567,1.1393636564130973,7.663791280109831,0.22936635104283726,0.5931882832430304,5.0,1.2152539405280353e+18,2.5457965166935645e+17,0.2633131006609101,0.05516061722631069,0.18954460272194185,0.15831388109200226,0.050852753269317236,0.03570483371221759,0.18468018975320172,0.0,0.0,0.019691178592862457,0.034763229739613946,inf,0.0,29.361679852311802,6.150884173213061,23,0.001,10,0.02047109603881836,0.3312726828832086
case,S4,4,30,1,GLUF,det,sample,0,1,0,5e-20,0.16940455256961223,1.092471330934937,6.000000000000003e-06,20000.0,2e-10,5,1e-06,0.3352613909981048,0.0,0.31787823068568344,0.0,0.3118386146214036,0.3352613909981048,0.31787823068568344,0.345636236431709,0.32646383024152814,0.3702877905655989,0.3499992534677478,0.4208197394276974,0.3977382946906744,0.47701128888378047,0.45338581000021544,0.5642514589144557,0.5458839266110098,0.6442978141869232,0.6279360625985408,0.7987308318064061,0.7795567078120152,0.9338751748244865,0.9081736568606196,1.0901626405755036,1.0631135932798281,5.626057553978935,0.02746067484839719,0.22590505321143348,0.18506961701216176,6.988524544209781e+18,2.453933928086356e+17,2.0626731803261413,0.07242821668201561,5.038446385759725,1.764266624019233,0.06429572937106716,0.05000217035225453,0.21641812292085058,0.0,0.0,0.006891778632735362,0.04994412471464063,inf,0.0,168.84933548781783,5.9289355065897285,3,0.0009931557553953972,22,0.04872012138366699,0.3312726828832086
case,S4,4,31,1,GLUF,det,sample,0,1,0,5.245208172078486e-19,0.1,1.294332253384652,6.818006050962818e-06,13884.77852166392,2e-10,3,1e-06,0.34385010814441663,0.0,0.3179854612541954,0.0,0.31560857222045935,0.34385010814441663,0.3179854612541954,0.3541729090800113,0.3210140443126824,0.3781387795928546,0.33338766940084597,0.4201616881601568,0.3690695429917656,0.4525157415450454,0.399658242031968,0.4884949468261408,0.43419769673249015,0.5311062571884918,0.47947119966375246,0.6359676648553336,0.5988514929813902,0.851938119136707,0.8110385955545717,0.9155965994969856,0.8732243606328483,0.3165821093647529,0.029928692568058256,0.2355507101669582,0.1294332253384652,3.3173059290434263e+18,1.266216071036837e+17,17.399960168302993,0.664156688341953,4.642586580656359,0.419891751869941,0.3402632472010153,0.17233283902987104,0.739530876889089,0.0,0.0,0.024573689763530856,0.17215510216514832,inf,0.0,80.14923582015066,3.0592972926696733,3,0.0009956401949112708,26,0.05125594139099121,0.3312726828832086
case,S4,4,32,1,GLUF,det,sample,0,1,0,5e-20,9.06942913138154,1.3432141998650255,1.0161393124573498e-05,18768.50935393456,2e-10,5,1e-06,0.3735402611410177,0.0,0.3562801062696828,0.0,0.3500886911284381,0.3735402611410177,0.3562801062696828,0.4200390484891983,0.4027542871223184,0.5055947355008648,0.4876986785167848,0.60673434961184,0.5889894695172981,0.7847774986940367,0.7656359801948309,0.9172725493246486,0.9107300091575578,0.990953673974663,0.9888618963141962,1.0034998286206633,1.0018479269167389,1.0289385875303414,1.025787706218685,1.2314621024423988,1.2139628719077618,301.2028277924723,0.06405897525658054,0.33888907636969595,12.182185993941209,1.4563581047743025e+18,1.0935031070988344e+17,0.008028940320703826,0.0006028511228535626,0.08203761727039052,0.08143325102745785,0.0006019034814423223,0.0007371233846824863,0.005424030976255966,0.0,0.0,0.0010518208847214536,0.0005667448585372141,inf,0.0,35.186983556805146,2.642006503940524,6,0.0009949734813815003,27,0.0526430606842041,0.3312726828832086
case,S4,4,33,1,GLUF,det,sample,0,1,0,2e-17,0.2334391040241766,0.6943468567318016,1.7604559688692676e-05,200.0,2e-10,5,1e-06,0.35834748042653397,0.0,0.34211428692570894,0.0,0.3375358940205272,0.35834748042653397,0.34211428692570894,0.3958352847386513,0.3785201182929391,0.4534625860949717,0.43220169540728803,0.5357287893926636,0.5103314714530939,0.6068153832768254,0.5903592521918005,0.7021673477469254,0.6900829970818811,0.7989584962247797,0.7899077860446305,0.9501580985599585,0.9401569140831187,0.9868938725162525,0.9776529182186497,1.0070598847585506,0.9973298036048378,0.019381737601910237,0.3719568959279443,0.7091906577310254,0.1620877081174751,6094629595927697.0,3444542696465105.5,0.5221601257770844,0.2951127413604504,4.763677394296303,4.053121077478149,0.22684077441241043,0.02416273827930256,0.2950727893264348,0.0,0.0,0.0024687064847035587,0.02414132252783858,inf,0.0,0.14725199157659116,0.08322339596552335,37,0.000991924081045431,14,0.07685089111328125,0.3312726828832086
case,S4,4,34,1,GLUF,det,sample,0,1,0,5e-20,2.70912851313621,1.699281552265368,6.000000000000003e-06,13416.022027347924,3.5051786984543176e-11,5,1e-06,0.3334863302787987,0.0,0.32094098753257805,0.0,0.3105589518895034,0.3334863302787987,0.32094098753257805,0.34053279472518544,0.32549944412848003,0.3651393261938516,0.34753812832947034,0.40759282829761195,0.3890234084786717,0.4879715224503957,0.4697980401803367,0.5659364217033855,0.5485676739449321,0.7505808200409826,0.7296983539492624,0.8761914631085516,0.8637193803898836,0.9928156908670958,0.9874723477003753,1.2199878761418526,1.2022670692704067,89.97227468114546,0.1007339221789389,0.41749460790838255,4.6035721050884675,5.516690454642662e+18,6.038097213137798e+17,0.1018166991320816,0.011143984465594477,0.214828574995126,0.1971495090505954,0.010904543343607315,0.010571221584538965,0.060194774749628886,0.0,0.0,0.008534120196636713,0.009852159099025868,inf,0.0,133.28843756156948,14.588611596046757,10,0.0009995773836855106,34,0.0789492130279541,0.3312726828832086
case,S4,4,35,1,GLUF,det,sample,0,1,0,7.868760009639288e-19,0.1,1.0507056854818795,6.000000000000003e-06,5458.765535419486,4.013536539636499e-11,4,1e-06,0.3498480664810932,0.0,0.3215325386450986,0.0,0.3110759429527679,0.3498480664810932,0.3215325386450986,0.35651451075099133,0.3186733310245034,0.3876929649537529,0.3434275703977688,0.4631293458537276,0.4239210114580405,0.5155489180600251,0.47272903945075334,0.5663480008290219,0.5087830229412554,0.5925497550934736,0.5218033398934231,0.6372529343985882,0.5813904805853484,0.846763356225767,0.8116282055614022,0.9301850195713075,0.8968705305348368,0.21102931912266665,0.14227970200483409,0.48645595926350793,0.10507056854818796,2.474954353700882e+18,3.589651953136327e+17,19.474821844084147,2.8246109737362692,2.488465653833279,0.4648349626625179,0.6508497480869799,0.15981109689163905,0.9210647738587824,0.23644,0.03304,0.015784777079221237,0.15969424193149256,inf,0.0,59.797228347908515,8.67293722852842,14,0.0009551869868017086,22,0.049215078353881836,0.3312726828832086
case,S4,4,36,1,GLUF,det,sample,0,1,0,4.209186883316537e-18,10.0,0.5,6.7610517908548834e-06,200.0,4.2039051065650675e-11,4,1e-06,0.3469933573404948,0.0,0.33408421829757456,0.0,0.3281037054904484,0.3469933573404948,0.33408421829757456,0.3792679467767375,0.3650347544503712,0.44245155706752354,0.4228061608315526,0.5248488558568979,0.5058613882908516,0.6104770719438901,0.5927005545761773,0.8181305467373597,0.7935320488485927,0.9107104429563655,0.8965115752708306,0.9803650201727042,0.9762219789710728,1.0171392214136292,1.0133918786867835,1.214411029085096,1.1975441702810696,3.945035260267326,0.3624552264293164,0.7029443729521401,5.0,1.0572705825444342e+17,5.92507814775996e+16,0.04450249468162466,0.024939761222176664,0.19513341912066373,0.19147871931216603,0.024314450749722483,0.004114572927098931,0.039549195607677605,0.0,0.0,0.005482188411696177,0.0036619340547882546,inf,0.0,2.554465311871229,1.431554688881448,36,0.001,10,0.021627187728881836,0.3312726828832086
case,S4,4,37,1,GLUF,det,sample,0,1,0,3.9654232394780084e-19,5.495011160076918,2.0,6.000000000000003e-06,15553.919400514536,2e-10,4,1e-06,0.3338355244206118,0.0,0.31987695127723526,0.0,0.30986953753914004,0.3338355244206118,0.31987695127723526,0.3353574347441034,0.32150320908652713,0.3530091851047099,0.33644916692265503,0.38884798702947454,0.3712456481518437,0.4582678300848424,0.4394999473833122,0.5431183523395304,0.524327052443511,0.7272974986662306,0.704277493863395,0.8535223781394802,0.8426881511612049,0.9925643597717717,0.9878800169694409,1.2214854231547083,1.203874573199173,23.01060985123277,0.015000000000000013,0.16799597142736353,10.990022320153836,5.342382774665146e+18,1.0623925163004912e+17,0.3855280397382785,0.007666655900889047,0.09029933203072088,0.06567288667407162,0.007448230885885757,0.012668808993377034,0.10984243664922182,0.0,0.0,0.02579750627476417,0.00687035906578292,inf,0.0,129.07699983269836,2.5668403862614215,2,0.001,40,0.055140018463134766,0.3312726828832086
case,S4,4,38,1,GLUF,det,sample,0,1,0,1.2716630617948076e-18,1.05740653463611,0.5,1.0763193923751963e-05,8305.288823331484,9.635290014671782e-11,5,1e-06,0.33363691003739554,0.0,0.3163810950747318,0.0,0.3072919923004059,0.33363691003739554,0.3163810950747318,0.34265759969993037,0.31628330973681307,0.36399062568525664,0.32883374487933303,0.3986968914909086,0.35804048737511657,0.43663546417384613,0.3956674848247315,0.49612884260782836,0.4543929465228869,0.561388882456148,0.5230850781705798,0.6361976179987541,0.6044736569290792,0.8412343690717586,0.8050455217184543,0.9626492210324025,0.9181206828416144,1.3807626512088607,0.40077099656191095,0.7271401241878592,0.528703267318055,1.0636183502813335e+18,2.600320526536294e+17,1.279133543812803,0.3127209312699198,1.4408394655888581,0.8298856072795405,0.21541739863670992,0.12325699153033365,0.5245952938053938,0.0,0.0,0.009614393026128133,0.12316079069977949,inf,0.0,25.698021166205873,6.282619316616169,40,0.001,10,0.0213320255279541,0.3312726828832086
case,S4,4,39,1,GLUF,det,sample,0,1,0,5e-20,10.0,1.153546002258053,6.000000000000003e-06,14668.165131122714,2e-10,5,1e-06,0.35370135269906283,0.0,0.33753095977525527,0.0,0.33159320575742673,0.35370135269906283,0.33753095977525527,0.3889187718608091,0.37143369622521905,0.4590174758124429,0.4414428337794822,0.5319519984092996,0.5147397296802908,0.7056347844327109,0.6851866019782968,0.8462066561768327,0.8342279397555499,0.9703263620453697,0.9673010485766989,1.0010167578816918,0.9992627579222778,1.028593838944241,1.025429425728586,1.2313741875046122,1.2138739458624597,332.10781343476935,0.026006765175619673,0.2200016105982095,11.53546002258053,5.11596589876247e+18,1.721627073200402e+17,0.02557982949381235,0.000860813536600201,0.08661465818183459,0.08452703023113474,0.0008587730478157301,0.0013181608729705594,0.01109238703677149,0.0,0.0,0.0024300343639829186,0.0008081450569518897,inf,0.0,123.60655484856082,4.159613169114148,3,0.0009612883352150442,24,0.03647279739379883,0.3312726828832086
case,S4,4,40,1,GLUF,det,sample,0,1,0,9.277159543169977e-19,1.8595899464615027,2.0,6.953289485221612e-06,8846.997163647071,7.991329744643171e-11,3,1e-06,0.33543569992357025,0.0,0.3192741471003248,0.0,0.30967787634117483,0.33543569992357025,0.3192741471003248,0.3369811665328815,0.31818302666694426,0.33846527055924597,0.32080626180112404,0.3481507835634434,0.32861456348495105,0.386451005121887,0.36440949920782784,0.437671454338454,0.414139142563506,0.5206504757002556,0.49792820793319553,0.7137246442059135,0.6853964213266391,0.7992969085691237,0.776800551241206,1.0685286625437587,1.0481095677961114,3.328520697152863,0.05041738589427989,0.30265838790413846,3.7191798929230053,2.078533103701116e+18,1.2972693813735466e+17,1.0369427547985894,0.06471843453645472,0.25253294372518703,0.13200001810485343,0.05733154357918268,0.05375156012796722,0.31068762351527685,0.0,0.0,0.05816002487019736,0.04762419390141566,inf,0.0,50.21931755825996,3.134325015358215,5,0.001,40,0.058641910552978516,0.3312726828832086
case,S4,4,41,1,GLUF,det,sample,0,1,0,4.804947503764818e-19,10.0,2.0,6.000000000000003e-06,20000.0,9.392707281227892e-11,5,1e-05,0.3344667030561327,0.0,0.3195791625209589,0.0,0.3102946815682023,0.3347653686752945,0.3207637870839886,0.3344667030561327,0.3195791625209589,0.34295008145709055,0.3269019979348088,0.37088878173945744,0.35286107947748185,0.42030022908904646,0.40079351291765597,0.49613197564213446,0.4763499538995398,0.6323543656607326,0.611461428986087,0.7974023929160949,0.7781186940651428,0.9417093953122215,0.9333832239199977,1.2013056337972536,1.1833053507014915,34.55894296186931,0.03193967309080048,0.24309413397449048,20.0,7.030151396014132e+18,2.8205405018059024e+17,0.33779508401366853,0.013552549043419838,0.04933143333040746,0.0373749317795289,0.012931775151551708,0.02015724660393301,0.17757357461472864,0.0,0.0,0.04193821828013357,0.011825301038401194,inf,0.0,169.85507943579293,6.814691519413613,3,0.001,40,0.05004405975341797,0.3312726828832086
case,S4,4,42,1,GLUF,det,sample,0,1,0,5e-20,10.0,0.8951984413895587,6.000000000000003e-06,20000.0,1.6013980338744644e-11,5,1e-06,0.33151418133062416,0.0,0.31894683145195296,0.0,0.31148377413230355,0.33151418133062416,0.31894683145195296,0.34388460083112343,0.32897707721484554,0.3720535505785637,0.3565235083047567,0.42185367851186845,0.4030565322361626,0.5056009102813297,0.4848779077640369,0.5841788769972068,0.5654017305063519,0.7618991179603193,0.7395500675345502,0.8998488058256671,0.8801063273926967,0.9847191105663686,0.9755137246248299,1.2103404164354783,1.1917513313015269,332.10781343476935,0.4185358290868668,0.7375158261033741,8.951984413895588,1.5157868552112032e+19,3.688046447932114e+18,0.07578934276056015,0.01844023223966057,0.10968446856094033,0.10383731386261799,0.017897868279256303,0.01409653738168816,0.0683608117258693,0.0,0.0,0.004416218566720384,0.013943966927829324,inf,0.0,366.22838143372485,89.10667595744391,42,0.0009946649348772875,18,0.05716395378112793,0.3312726828832086
case,S4,4,43,1,GLUF,det,sample,0,1,0,4.4027531068546016e-18,10.0,1.430565936197745,1.3981064766624254e-05,200.0,5.811373321367994e-11,5,1e-06,0.41314948760430475,0.0,0.3972324228869328,0.0,0.38982931293303263,0.41314948760430475,0.3972324228869328,0.49730135195117137,0.47733075752796345,0.5765089855925067,0.5585611449240004,0.7382055766926037,0.7174845997196846,0.8891267339330037,0.8699942567979858,0.9693204987799403,0.9636820242260401,0.9988176306676693,0.9968225789931349,1.0042286847471056,1.0025731831542644,1.0288485178842497,1.0256904753924243,1.2311306649221372,1.2136456392751913,3.771592516938027,0.3918705169021312,0.7217487892197487,14.30565936197745,1.2608874593583354e+16,7244573039556593.0,0.005551376179083916,0.0031896066457742876,0.06968015310413572,0.0695164931792664,0.0031790697597459472,0.0005877250943121823,0.005421554403171429,0.0,0.0,0.0009794308296274,0.0004845705427414877,inf,0.0,0.30464228649518355,0.17503570830778384,39,0.000986597197377755,29,0.09206914901733398,0.3312726828832086
case,S4,4,44,1,GLUF,det,sample,0,1,0,2e-17,0.1,0.5663555680276297,1.2956953485717458e-05,5066.706501508845,2e-10,4,1e-06,0.35836527952587904,0.0,0.3238947634306122,0.0,0.31758853717034735,0.35836527952587904,0.3238947634306122,0.40113751975654105,0.3642329529971977,0.4842903760591093,0.505800896910795,0.5849840863445342,0.6625687031177768,0.6605711153835633,0.7311047603320783,0.692549187512423,0.7204604199563227,0.6792621919806289,0.6391993320486303,0.8379954700707267,0.8041294218537248,0.9563224730216636,0.9382037129924867,0.9745341887684639,0.9583414790610936,0.008302695335869234,0.24702185503903507,0.6106802466999728,0.05663555680276297,2.8549303448950563e+17,5.771966053853125e+16,57.09860689790113,11.54393210770625,1.4075931045026608,0.3039100811691703,0.8730499338383372,0.08309890523627915,0.9784942283143921,0.85444,0.43436,0.006397637947147698,0.08304919381162518,inf,0.0,6.897780619500484,1.3945613648288948,25,0.0009439259467127161,12,0.021147966384887695,0.3312726828832086
case,S4,4,45,1,GLUF,det,sample,0,1,0,5e-20,10.0,0.5,6.000000000000003e-06,20000.0,2e-10,1,1e-06,0.45292478314703044,0.0,0.43363912199092935,0.0,0.4281390864331014,0.45292478314703044,0.43363912199092935,0.46443072127568114,0.44590472600873554,0.5778450964952357,0.5552424236834468,0.6875605486079183,0.6592973874537139,0.7064430016591797,0.6796509402375376,0.7706576179622902,0.7570183369578694,0.947439584212821,0.9442982257885628,0.9982461429019109,0.9964851532240661,1.028246192133821,1.0250822556312225,1.2313097412570486,1.21381046705177,332.10781343476935,0.06000000000000005,0.3286267594591275,5.0,7.476134367298047e+18,5.323793199622607e+17,0.037380671836490235,0.0026618965998113035,0.19946903405647742,0.19279325847274278,0.00264633279202192,0.0028525408817012456,0.01790395385402775,0.0,0.0,0.003042896161992989,0.0024855574133394883,inf,0.0,180.63044809391167,12.862785819012743,6,0.001,10,0.024498939514160156,0.3312726828832086
case,S4,4,46,1,GLUF,det,sample,0,1,0,8.218901209069641e-19,10.0,2.0,6.000000000000003e-06,14198.508965785015,6.124692760569092e-11,5,1e-05,0.33469960588088626,0.0,0.3197930298142327,0.0,0.30910916364289853,0.3353602703407539,0.32236146180677966,0.33469960588088626,0.3197930298142327,0.3388199340845461,0.32179058711176894,0.35863941755758855,0.34081950079899276,0.39569064678042576,0.37551133971548667,0.47068951881696863,0.4492215910346196,0.5577419664299856,0.5372625569495433,0.7511776132686123,0.7276260731252288,0.8790904429091531,0.8643965618891434,1.158468660878335,1.1395261830142742,20.20390591070039,0.04898204885172477,0.2985290189632039,20.0,5.177892035898835e+18,3.11166050559694e+17,0.42556583114281,0.02557443029166494,0.048753165565740955,0.035073792390153825,0.02384137273774498,0.031024558576167777,0.24391477500550443,0.0,0.0,0.05722002465316518,0.021122588663532272,inf,0.0,125.10274865007875,7.518064869201082,5,0.001,40,0.06102609634399414,0.3312726828832086
case,S4,4,47,1,GLUF,det,sample,0,1,0,3.0239496006810467e-19,0.47945098402055175,0.5,7.564179651450724e-06,15473.946560385986,1.073816719148345e-10,5,1e-06,0.3396332568882265,0.0,0.31803652693447454,0.0,0.308093645702226,0.3396332568882265,0.31803652693447454,0.345998167993651,0.31664693938959904,0.3694152323480869,0.331058801789466,0.40298384370254214,0.3591319624424999,0.43798879703408333,0.3947042329886156,0.4927492559111411,0.44987085927565884,0.5553792325374497,0.5166568378845976,0.6287989625459468,0.5961760149401644,0.8146616113425513,0.7807861518755423,0.9564342871193985,0.9131929347505725,2.6328054197125623,0.17761197908708432,0.5345829931639803,0.23972549201027588,3.7909022637811963e+18,6.11113066331887e+17,2.3909633661927447,0.3854356700675925,3.0109213857735027,1.2301630649296873,0.24330880238140554,0.14579993744572087,0.5999558894189931,0.0,0.0,0.01250955828301919,0.14569281105129728,inf,0.0,91.59176934837492,14.76506729071372,18,0.001,10,0.032948970794677734,0.3312726828832086
case,S4,4,48,1,GLUF,det,sample,0,1,0,1.189494614959827e-18,1.6282866686659718,2.0,9.977931731716984e-06,9716.295537379472,2e-10,3,1e-06,0.33486525546592477,0.0,0.31850558572633964,0.0,0.3117641211137417,0.33486525546592477,0.31850558572633964,0.3356741654273844,0.32102602524460605,0.34310245854527316,0.3268493777714574,0.3662617034554177,0.3486249367040103,0.4318382207493659,0.41215866075776536,0.4730592019921063,0.45403453374630226,0.646951197105151,0.6228758449832009,0.7629440207319714,0.7401197259162805,0.8974609235344122,0.887229385421393,1.182397595989467,1.164326207269546,2.273094465391523,0.04148296735116862,0.2757414926535436,3.2565733373319437,7.572505521140351e+17,3.9455736786381544e+16,0.5531860398101559,0.028823171828289987,0.2984684292343867,0.19770409222391813,0.02721876232620247,0.026998377706786758,0.16042088421703954,0.0,0.0,0.02795370691957099,0.024029876363013108,inf,0.0,18.295886594284795,0.9532877641651151,4,0.001,40,0.07225203514099121,0.3312726828832086
case,S4,4,49,1,GLUF,det,sample,0,1,0,2.0858395893131793e-18,10.0,2.0,8.499104620303433e-06,3010.4219174668274,6.293085533454559e-11,3,1e-06,0.33531023104582175,0.0,0.3213094668592181,0.0,0.31443759067453253,0.33531023104582175,0.3213094668592181,0.3396749827915625,0.3246426058981108,0.368783407326854,0.35250782940706676,0.42309192164411724,0.4060642008163252,0.47727598154828743,0.45970464653850135,0.6373086214541318,0.615335542787292,0.769779527124676,0.7473010336934389,0.8912738193494575,0.8831815360604873,1.0049547502445044,1.0008110853860743,1.224405871222467,1.2068536909641812,7.961010404067675,0.09565363307985293,0.407825327919501,20.0,4.308406740842818e+17,4.930099091725023e+16,0.08986645346913717,0.010283395864757001,0.04949106379918503,0.04587718049385387,0.010070565428809072,0.010209307849837864,0.07257041526098411,0.0,0.0,0.014949245124787406,0.008170649791776658,inf,0.0,10.409516495227573,1.1911583772236605,10,0.001,40,0.06557488441467285,0.3312726828832086
case,S4,4,50,1,GLUF,det,sample,0,1,0,2e-17,10.0,0.9634920311886974,1.2537655015033922e-05,3175.2789006831763,2e-10,2,1e-06,0.3443311358723978,0.0,0.3274858740284983,0.0,0.3194831035089355,0.3443311358723978,0.3274858740284983,0.349500803680304,0.3314743022198701,0.36639784075844545,0.35016324484931893,0.3752902102061118,0.35915400171402323,0.4160334958534757,0.3967015140071802,0.49339567679568797,0.4722855482290026,0.6944772504209255,0.667013888720953,0.7744849116042258,0.7493085203580975,0.8854800888462622,0.8733157361592565,1.1667013871365584,1.1484930347588338,0.8302695335869232,0.13595752757296675,0.47694872193259596,9.634920311886974,1.5559922199127046e+17,2.286561644523471e+16,0.311198443982541,0.04573123289046943,0.09925029211021566,0.07915592853962923,0.04230954060689766,0.03562112028430184,0.20869813123991643,0.0,0.0,0.03650941292287168,0.03222286273672289,inf,0.0,3.7594237624042335,0.5524548304686194,14,0.0009634920311886974,20,0.027543067932128906,0.3312726828832086
case,S4,4,51,1,GLUF,det,sample,0,1,0,2e-17,10.0,1.0657072828613698,6.000000000000003e-06,200.0,2e-10,1,1e-06,0.42517220645344966,0.0,0.40211579024382466,0.0,0.3991714463008917,0.42517220645344966,0.40211579024382466,0.4893427586108037,0.4678798997131117,0.6405180043939711,0.6131928367507596,0.6783893554889753,0.6494416961854459,0.6830907055643525,0.6560339918728739,0.7386238647908525,0.7238746482199,0.9321603523544836,0.92878592434834,0.9949393265094233,0.9931344976301508,1.0262421799440957,1.0230892961921016,1.2290237881844335,1.211632783338585,0.8302695335869232,0.02815031902517505,0.22864615780969544,10.657072828613698,6.9964657401951064e+16,6628153542991666.0,0.13992931480390214,0.013256307085983333,0.09260677293037642,0.08231597830846678,0.012961162571098141,0.011092176331779034,0.058929968071529094,0.0,0.0,0.03378173854133904,0.002281628417027895,inf,0.0,1.6904120226264536,0.16014243266450684,3,0.0009688248026012453,22,0.04158377647399902,0.3312726828832086
case,S4,4,52,1,GLUF,det,sample,0,1,0,9.19000018091813e-19,0.1,0.5173885171435049,6.000000000000003e-06,18201.93424982178,2e-10,5,1e-06,0.3611425333254894,0.0,0.3201031987457693,0.0,0.3112664858638131,0.3611425333254894,0.3201031987457693,0.37022929414314426,0.3201279875252869,0.41010622291912135,0.3605269195925729,0.5129107955619402,0.4960657787288894,0.564421077559899,0.5494195034917473,0.6051124180197883,0.5693628327285994,0.63038166369204,0.5685255390662555,0.6527960961064077,0.5880543446070375,0.8389006988976778,0.8063329126149753,0.9420180488385207,0.9111588090423558,0.18068977524306754,0.05798350563640188,0.3233755388652585,0.05173885171435049,6.776198572511192e+18,4.702572291034642e+17,62.273266107315024,4.321664020538894,3.6319157198835574,0.3054660585934168,0.7191170721073988,0.1560886431261631,0.9526073467031009,0.35564,0.13548,0.016279770847865353,0.1559975241771332,inf,0.0,163.7193400214907,11.361857590991804,6,0.0009407063948063725,11,0.026528120040893555,0.3312726828832086
case,S4,4,53,1,GLUF,det,sample,0,1,0,9.197489120230292e-19,7.428701210267632,1.1992300140066166,6.000000000000003e-06,4410.258451382162,2.809583371105078e-11,4,1e-05,0.3354905316354283,0.0,0.32096162728360156,0.0,0.30978059704742894,0.33631980998589056,0.32146235704171144,0.3354905316354283,0.32096162728360156,0.34028955839743136,0.3247067428866385,0.3653905701174502,0.34586195116109825,0.41126973769163844,0.39166540323236265,0.4814611379128924,0.4622692904007021,0.5781539717135349,0.5590723051288543,0.7822950823010958,0.7573203342026673,0.8784423638390982,0.8602779011501418,1.1312797355082067,1.1114424991547573,13.411974090709414,0.1780765926491077,0.5351660186830565,8.908721456440222,2.1695506854430748e+18,3.6857679312732666e+17,0.26861248366767954,0.04563356297157936,0.10735075539899663,0.08848214431172806,0.042288377993933736,0.03489989221038238,0.1917874553348507,0.0,0.0,0.027850376538419576,0.03285399503540171,inf,0.0,52.41838806271587,8.905162484882856,18,0.0009993583450055138,24,0.048922061920166016,0.3312726828832086
case,S4,4,54,1,GLUF,det,sample,0,1,0,5e-20,10.0,2.0,6.000000000000003e-06,19423.305940363698,5.4027210643512316e-11,5,1e-06,0.33867995381101884,0.0,0.32437871094615667,0.0,0.31782507542386956,0.33867995381101884,0.32437871094615667,0.361833077573664,0.34494758552244664,0.4016681010721423,0.3840631698761019,0.48224426162929995,0.4642785647219595,0.5622163350972214,0.5448935514214336,0.7474338928255806,0.7268606748091707,0.8807712651332246,0.8712534623572415,0.9828396101551974,0.980170092772382,1.0258573452316981,1.0225672987348862,1.2306487092399907,1.2131376317827052,332.10781343476935,0.055527575165686405,0.3168331214442488,20.0,7.195548548803129e+18,4.8160023325461965e+17,0.03597774274401565,0.002408001166273098,0.049879889168708176,0.048263585149584357,0.0023915829982382947,0.003205105158748087,0.026295441243826597,0.0,0.0,0.005435783428758761,0.0022453963759903432,inf,0.0,173.8512304349531,11.63591525527303,6,0.001,40,0.07531905174255371,0.3312726828832086
case,S4,4,55,1,GLUF,det,sample,0,1,0,5e-20,0.1,0.5,6.000000000000003e-06,15847.208496303052,1.077450956064335e-11,5,1e-06,0.4179110574012014,0.0,0.3711914631512395,0.0,0.3422397410794511,0.4179110574012014,0.3711914631512395,0.48536380761604003,0.4155809359764373,0.5353929758415796,0.45226833374900977,0.5723252458340075,0.487297584578406,0.6247242714529694,0.5422168291970944,0.6661186797814408,0.589560343438003,0.7181022440340363,0.6534327563995019,0.7821019374473909,0.7574761903672077,0.9467161782675353,0.9285723083178979,0.9964250698619112,0.9744536462761203,3.321078134347694,1.1137397885684819,0.9324354781717553,0.05,2.356711770036705e+19,7.731628194184604e+18,11.783558850183523,3.865814097092301,4.1103091077712035,1.5645095575018904,0.7390054140333722,0.12279542970610303,0.9183545649319365,0.36088,0.04792,0.005852411361537109,0.12276811957668296,inf,0.0,569.4037615374962,186.80341960143502,111,0.001,10,0.03296494483947754,0.3312726828832086
case,S4,4,56,1,GLUF,det,sample,0,1,0,2e-17,2.038176266982594,0.5,1.2423414147220396e-05,4889.606831207179,2e-10,4,1e-06,0.339943395349296,0.0,0.3173477335303423,0.0,0.3070028919553819,0.339943395349296,0.3173477335303423,0.3417930353241494,0.3180765648565809,0.35182066548393315,0.3191768092625439,0.37945803422063196,0.32965764233627953,0.41002812042865483,0.35619948220721875,0.4502557035557197,0.3939233595933376,0.4908846600475712,0.4339682192664672,0.5488866764649325,0.5051719976486305,0.772293808490818,0.7341540258627424,0.8859506096165736,0.845353243746389,0.16922356585555745,0.2572353651222598,0.6203102249741288,1.019088133491297,3.1877728512748915e+17,6.593261391634087e+16,3.128063949046185,0.6469765641413383,0.5958004625510752,0.23770692771194069,0.3430440855919125,0.1621085188409778,0.7222848388769826,0.0,0.0,0.03149864491522359,0.16161800020667744,inf,0.0,7.701959465390045,1.592994054227482,26,0.001,10,0.025880813598632812,0.3312726828832086
case,S4,4,57,1,GLUF,det,sample,0,1,0,2.3927702700647252e-18,0.6326148313543978,0.5,6.000000000000003e-06,200.0,2.689400732252995e-11,3,1e-06,0.34903967355851967,0.0,0.33141281968128544,0.0,0.3269196172684755,0.34903967355851967,0.33141281968128544,0.3830350708319001,0.36473822552033847,0.44662624084804503,0.42156584283603243,0.49248173121565647,0.4698368185470231,0.5879692993691795,0.5667390048329254,0.6364186661938125,0.6179991106457512,0.8176353184593608,0.7993905970625388,0.9427661216524308,0.9307880240734188,0.9723667412562051,0.9641937656849736,0.9947104019501979,0.9863696910458645,0.439023192104922,0.4461960560986103,0.7527168989095495,0.3163074156771989,1.7489773783092333e+17,1.0445009099868173e+17,0.6615243377829775,0.3950667294854964,2.266186482203092,1.902759587831118,0.2818945777964622,0.02840020952625329,0.36600478013899185,0.0,0.0,0.004017834227748003,0.028353865623250492,inf,0.0,4.225694082385626,2.5236125801950258,45,0.001,10,0.01689600944519043,0.3312726828832086
case,S4,4,58,1,GLUF,det,sample,0,1,0,1.534905074556735e-18,1.6983822369440866,1.1908386594225389,8.787813456106383e-06,6514.349289987062,7.291134599005125e-11,4,1e-06,0.3373843901169624,0.0,0.3209435121429846,0.0,0.3085089184124415,0.3373843901169624,0.3209435121429846,0.3386471268189627,0.32046116125994156,0.3404500216566734,0.3195000810237417,0.3567124202642075,0.3308766290951736,0.387849734392236,0.35986917311021455,0.43503833715031204,0.40814112433555455,0.49901716154785525,0.4736767994774754,0.6427628126888363,0.6177608086065817,0.8199578257735285,0.7890819521317272,0.9523538777342317,0.9236824913736852,1.8373970496215986,0.14823896273790813,0.4951454434445217,2.0224992262295487,9.53118385765837e+17,1.4100954312840298e+17,0.8613763233873657,0.1274367210164351,0.4385503480609548,0.26563020073161375,0.10516566044067784,0.0787592463701829,0.36907710252519627,0.0,0.0,0.03172860239852232,0.07768394102494494,inf,0.0,23.02823794346143,3.4069233790412117,15,0.0009923655495187823,24,0.042450904846191406,0.3312726828832086
case,S4,4,59,1,GLUF,det,sample,0,1,0,1.2283420243527588e-18,10.0,0.5,9.000871066898137e-06,14060.352334300567,2e-10,5,1e-05,0.33497528296119927,0.0,0.3207411985479355,0.0,0.31090194736650956,0.33646608992459054,0.32198364675752866,0.33497528296119927,0.3207411985479355,0.34435077124331737,0.32797161124961477,0.3735511342697336,0.35396076906085244,0.4191504858111888,0.39945862188733877,0.5022684102846816,0.4832808787541478,0.5946983201960483,0.5765345572775931,0.7917895426979604,0.7694313802176814,0.9039570198182142,0.8891795329287165,1.164170532656385,1.1449333847097958,13.518539903809138,0.13502613327154,0.47552185480189213,5.0,1.8561459293807698e+18,2.5169876051731344e+17,0.22799820483897076,0.030917216502091702,0.19400199821921804,0.16286668759929196,0.02922286678877055,0.026598137434571994,0.1435327685913501,0.0,0.0,0.018927679048773786,0.02524977595675728,inf,0.0,44.84623395993229,6.081279129464846,14,0.001,10,0.01921820640563965,0.3312726828832086
case,S4,4,60,1,GLUF,det,sample,0,1,0,4.932414456228124e-19,0.1,0.5,1.4279416786788486e-05,10224.301612839447,2e-10,5,1e-06,0.3511163865369915,0.0,0.3229742858648859,0.0,0.3196741807217996,0.3511163865369915,0.3229742858648859,0.3717412533503556,0.34196255419280974,0.4218689013331176,0.3882610943032255,0.46678472314753344,0.4329284307670975,0.5407335626520008,0.5059478945636985,0.6011733523713466,0.5752776081739639,0.7183181662958815,0.6967759156376037,0.7919830442305661,0.778390704570162,0.9735413599257512,0.9420644774054638,1.0554083038784527,1.006256685678607,0.33665846248526343,0.339836239618028,0.6873644292424268,0.05,5.087315243869928e+17,1.1557655898109125e+17,2.5092747252253735,0.5700714903194369,12.738273462905136,5.699183325898074,0.328738935235618,0.13478390105441534,0.5982847844418923,0.0,0.0,0.007017738772283938,0.13474888788391307,inf,0.0,12.291432804027053,2.792438526683672,34,0.001,10,0.024877071380615234,0.3312726828832086
case,S4,4,61,1,GLUF,det,sample,0,1,0,1.527612410649757e-19,0.28971539658560497,0.5,6.000000000000003e-06,13177.370888822756,2e-10,5,1e-06,0.336594089290502,0.0,0.31644585087900834,0.0,0.3102453772787396,0.336594089290502,0.31644585087900834,0.3464820175635605,0.3211375964875044,0.368323322496425,0.3406642458901876,0.3999198142726256,0.3715214099180647,0.465071559366349,0.43477810099637354,0.5170962341132775,0.4910053886286746,0.6177804276308929,0.5959415775623085,0.7045587453900187,0.6855775644386943,0.9045800663175694,0.8736653686123405,1.0123958961136648,0.9728710497414692,3.1492525920729895,0.06000000000000005,0.3286267594591275,0.14485769829280248,4.925853654113123e+18,3.5377727647699104e+17,2.5973059298021255,0.18653981269940362,5.818031989669412,1.9190268278575928,0.14379985441130144,0.09665109103128043,0.40716191292054144,0.0,0.0,0.009723626606938296,0.096584576208231,inf,0.0,119.01326395087972,8.547592222928138,6,0.001,10,0.018534183502197266,0.3312726828832086
case,S4,4,62,1,GLUF,det,sample,0,1,0,3.553247941157957e-18,10.0,0.5,1.1015698981451185e-05,8982.376672692779,2e-10,3,1e-05,0.33357247576917703,0.0,0.31995206095522577,0.0,0.3119760249477583,0.33602195890574466,0.3202572442146251,0.33357247576917703,0.31995206095522577,0.34328145682638983,0.32616361347917794,0.37151636228184803,0.3522491933668364,0.42526056750477675,0.40574877458257536,0.47981720157019825,0.4613293475221495,0.6298904771587929,0.6082548865932658,0.8001576358745974,0.7735918015527038,0.8819501915359568,0.8648358635692088,1.1455157010579147,1.125942067424695,4.67329917493092,0.2022427067499078,0.5639776030046615,5.0,7.514657636933978e+17,1.3249810417583606e+17,0.26701441776942575,0.047079861587012196,0.19100739813376694,0.15785140026433106,0.04351290566461687,0.036133002319626704,0.18230825260633612,0.0,0.0,0.019354751239582333,0.03513567295252061,inf,0.0,18.156120657342996,3.201278997012565,20,0.001,10,0.016237735748291016,0.3312726828832086
case,S4,4,63,1,GLUF,det,sample,0,1,0,1.41163617057914e-19,10.0,0.5,7.106516856384092e-06,14126.898176192286,3.048619994978263e-11,5,1e-06,0.333490313835761,0.0,0.32128299620740924,0.0,0.3107755539502858,0.333490313835761,0.32128299620740924,0.3452572362276369,0.3296645543444832,0.37251738686391656,0.3551709849423341,0.42245583481681037,0.40206439419769235,0.49299538006377625,0.47068863730034655,0.5815139733614285,0.5604263067278372,0.7088848131416962,0.6884741228494703,0.887871691552614,0.8648671859233517,0.964138292076712,0.9495733694565724,1.1877329068821312,1.1674905857614266,117.63222718305606,0.5521906295663823,0.8019331830899004,5.0,7.680767038229007e+18,2.075931905060545e+18,0.10842448568956078,0.029304605648427264,0.19430594102316948,0.18043628824707728,0.028023185952934956,0.02043001987624277,0.09463303160631212,0.0,0.0,0.0034307018237031673,0.020353442132479325,inf,0.0,185.5745661673636,50.15647014903163,55,0.001,10,0.02609705924987793,0.3312726828832086
case,S4,4,64,1,GLUF,det,sample,0,1,0,5e-20,10.0,1.9025839016402595,6.000000000000003e-06,12382.027930822504,8.566675926504668e-12,5,1e-06,0.33439103695074335,0.0,0.32163077314138155,0.0,0.3150814215293833,0.33439103695074335,0.32163077314138155,0.3518256838812979,0.33756810260701475,0.38720304319541854,0.3723245263788156,0.45065362469668624,0.4309361580857084,0.5396995697188341,0.5203620616849542,0.6379542169617242,0.6199456987516399,0.8400264509672318,0.8169655216275231,0.9342497365674769,0.9228901329181549,1.0107256814184429,1.0055403451645613,1.2243491751652065,1.2065390025205402,332.10781343476935,0.3681248156227517,0.7066919035466593,19.025839016402596,8.696660932300384e+18,2.0315772646470792e+18,0.04348330466150192,0.010157886323235396,0.05203156916758269,0.050369852299128694,0.009988290678003635,0.008088325924827697,0.04117432555226697,0.0,0.0,0.003525561402061915,0.007929904536733912,inf,0.0,210.11951951981396,49.08482025895291,37,0.00097568405212321,39,0.1278519630432129,0.3312726828832086
case,S4,4,65,1,GLUF,det,sample,0,1,0,2.0667026206774995e-18,10.0,0.5,7.6485845480355e-06,12233.801504700305,2e-10,3,1e-05,0.3342636454371968,0.0,0.31825649678926615,0.0,0.31147939814912096,0.33512741269708163,0.31939080110496443,0.3342636454371968,0.31825649678926615,0.3395637004087099,0.322072057234733,0.3554141772468917,0.33701333213683426,0.3989623735969176,0.37918215233596303,0.45435228111056314,0.4327500062859363,0.5658355247208858,0.5436460531589685,0.7496828081235035,0.7222954815945595,0.8348672405394447,0.8154199337999622,1.112107374032114,1.0923182806635126,8.034726673107398,0.09750140931407902,0.4113797867056513,5.0,2.410945368296383e+18,2.585426799737408e+17,0.49827071109684135,0.053433083425871414,0.189855438514974,0.13348722531830426,0.048451538879355494,0.0444673742304022,0.24802018564871087,0.0,0.0,0.039866654453218485,0.040987166422988046,inf,0.0,58.250710970395154,6.2466346698281345,10,0.001,10,0.020717144012451172,0.3312726828832086
case,S4,4,66,1,GLUF,det,sample,0,1,0,5e-20,0.1,1.423381625063888,9.577954789357735e-06,18191.978835757494,2e-10,5,1e-06,0.33876974955484823,0.0,0.3225292728801632,0.0,0.31782918656199377,0.33876974955484823,0.3225292728801632,0.3593925236622248,0.34226964790894926,0.39180785485045777,0.3731990619602051,0.4685473757522948,0.4446693759971454,0.5209642417515234,0.5017703579151821,0.632093723257784,0.6184376378977001,0.7059126401572666,0.6942329407144581,0.8853242069328219,0.8668791504526548,0.9725369877664656,0.9506622871700914,1.145921063571595,1.1213591310839774,3.321078134347694,0.05370849270240695,0.3118775765137755,0.1423381625063888,1.6454562400624522e+18,1.0613180880746453e+17,0.822728120031226,0.05306590440373226,6.671493900311694,3.8543997213009256,0.04849439971391248,0.036409192549771846,0.1546231815384937,0.0,0.0,0.0035196261159208225,0.036385452276067494,inf,0.0,39.755772617128876,2.5642444664672537,5,0.0009816425000440606,29,0.06146812438964844,0.3312726828832086
case,S4,4,67,1,GLUF,det,sample,0,1,0,1.5006907598748487e-19,10.0,0.8159025952561271,6.000000000000003e-06,7933.464653195584,3.974536789850506e-11,5,1e-06,0.33273982695757454,0.0,0.3208653909714924,0.0,0.3119990890410167,0.33273982695757454,0.3208653909714924,0.3445733113151125,0.32993621940022594,0.37411156751704466,0.3577571957991997,0.42514322825426226,0.4070734255368315,0.5090383302990039,0.4920543273471749,0.5987258446403713,0.5826608439570365,0.7974348426623682,0.7766055139636264,0.9090251947506703,0.898391321542249,1.004668196824783,0.9997698944927236,1.2232242239149596,1.2055279013389597,110.6516486656004,0.1850232965517695,0.5437464923936238,8.15902595256127,3.9601562764789197e+18,6.678461109903748e+17,0.05942969931772301,0.010022304877816081,0.12134746852832916,0.11568832734536587,0.00984244961643989,0.008806025284631149,0.048756272511763586,0.0,0.0,0.006234094797116825,0.00835491815007905,inf,0.0,95.68110571571091,16.135791086586078,19,0.0009598854061836789,17,0.032202959060668945,0.3312726828832086
case,S4,4,68,1,GLUF,det,sample,0,1,0,2e-17,0.1,1.9948646771123275,4.9999999999999996e-05,20000.0,2e-10,1,1e-06,0.44054586056688977,0.0,0.40024312819289265,0.0,0.38204397793833933,0.44054586056688977,0.40024312819289265,0.47886336594821577,0.428796753161083,0.5213116669237648,0.4587176952579056,0.567513259465397,0.4844314055915275,0.5815718106168923,0.4995617908052209,0.6227426148455087,0.5784953310596771,0.8540457522346034,0.808906844896335,0.9382582978993298,0.8969104482970549,0.9548183846561804,0.927323951217295,0.9666805251756705,0.9422024458023545,0.008302695335869234,1.0443481992718768,0.9232796634767574,0.19948646771123277,4.908484365905285e+16,1.575430037462903e+16,9.816968731810569,3.150860074925806,1.2076705227397024,0.4634266291038768,0.6959695108889963,0.1393368263232097,0.9057100099633699,0.28124,0.01692,0.007388696867003181,0.13929378051061517,inf,0.0,1.185936055876248,0.38063873604558957,104,0.0009974323385561637,40,0.11881804466247559,0.3312726828832086
case,S4,4,69,1,GLUF,det,sample,0,1,0,2e-17,0.1,0.5,8.4477096688423e-06,200.0,5.7997720413207124e-11,5,1e-06,0.3646170276020513,0.0,0.3361955915727907,0.0,0.3342339410354886,0.3646170276020513,0.3361955915727907,0.4044005412209989,0.3722459240799896,0.45209810872986034,0.4195458929552406,0.5186002200126221,0.485401782431492,0.5953038739665346,0.5687714246369018,0.6785905651408988,0.6662288554419534,0.8637287802704476,0.8637733371020936,0.979495885435847,0.9773155241618813,0.9966901533474217,0.9939542758321608,0.999319560215391,0.9964911291834446,0.008302695335869234,0.4101528941747904,0.7326821462101283,0.05,5.90079273466862e+16,3.4382235414087536e+16,11.80158546933724,6.876447082817507,2.539215942125741,1.5623064852322102,0.8710637647641714,0.014782490332521995,0.9103238475645873,1.0,0.04848,0.0021937680626038345,0.01475695010296881,inf,0.0,1.4256871043339812,0.8307071922734212,41,0.001,10,0.03260612487792969,0.3312726828832086
case,S4,4,70,1,GLUF,det,sample,0,1,0,3.4712093731860894e-19,1.1377102666436634,0.5,6.000000000000003e-06,4978.590182001139,2.1453712603417253e-11,5,1e-06,0.3389052846191322,0.0,0.31847760600299035,0.0,0.30822226455858226,0.3389052846191322,0.31847760600299035,0.35097764374509677,0.3199673211588523,0.3730658836137504,0.33563573904681915,0.4074564161199783,0.36489424909198864,0.4474344951494925,0.4039347183821597,0.5078510237590258,0.46315514569476707,0.5716064400126476,0.5299548381190524,0.645343222019685,0.6115305506141347,0.8466351210568752,0.8119590783845464,0.9600336660058647,0.9180837475635618,5.44251913894938,0.5593437472490702,0.8048137403160891,0.5688551333218317,4.553844582538432e+18,1.2850673666986847e+18,1.3894001366071034,0.3920803054383586,1.2627984181730185,0.7357147012528323,0.2565170516988662,0.12639416640666956,0.5609482315402725,0.0,0.0,0.0090376863767614,0.12631314360465928,inf,0.0,110.02517438584132,31.048437985945124,56,0.001,10,0.022229909896850586,0.3312726828832086
case,S4,4,71,1,GLUF,det,sample,0,1,0,2.4120600184651757e-19,0.39308386907187215,2.0,1.0014385055908848e-05,13374.757001320799,2e-10,5,1e-06,0.33352938437904683,0.0,0.31924686808014824,0.0,0.30995722872253056,0.33352938437904683,0.31924686808014824,0.33857054707837236,0.32174405970135944,0.35687069392343984,0.3382247302800394,0.3959899419170162,0.37521663702794467,0.4434161324054172,0.42258549463491707,0.5292979159241337,0.5090537981576128,0.6098319248312236,0.5908737014530824,0.7911548760963921,0.7690114669552317,0.9009650057390358,0.8855659023752707,1.1592608479512456,1.1398855709089928,2.706114757812014,0.04178662835333769,0.2767075649435298,0.7861677381437443,1.0315358277832539e+18,5.3586594853955304e+16,0.6329759431963442,0.032882062364478326,1.2314989530285414,0.7789417741905308,0.030979283620604193,0.02767333915656559,0.13418403344131669,0.0,0.0,0.00942109534732893,0.027408176454188204,inf,0.0,24.922877204085577,1.2947026049499795,4,0.001,40,0.07458734512329102,0.3312726828832086
case,S4,4,72,1,GLUF,det,sample,0,1,0,1.7431492336527084e-19,10.0,0.5,6.000000000000003e-06,200.0,1.595744749099336e-11,1,1e-06,0.5077281365854702,0.0,0.4932291376831399,0.0,0.48823141964620154,0.5077281365854702,0.4932291376831399,0.686579286511415,0.6664785730602045,0.8466348664746132,0.8191919524067147,0.8778254301529246,0.8561333762775819,0.9490863574065538,0.9423582138151504,0.9954932157737882,0.9933849523435073,1.002362309365526,1.000788357390092,1.004716848365477,1.003118234059742,1.0290719584859358,1.025927433383782,1.231440688221614,1.2139446986791267,95.26086666109734,0.7519999678377763,0.8669025389891941,5.0,2.62785467521231e+17,1.7570554597198998e+17,0.004580742863247026,0.003062809878096051,0.19938930845647276,0.1990880289323104,0.003053136024111451,0.00042215193401748554,0.004469581478242988,0.0,0.0,0.0002117660172006213,0.0004151899295177951,inf,0.0,6.349144413262214,4.245211487949261,75,0.001,10,0.022344350814819336,0.3312726828832086
case,S4,4,73,1,GLUF,det,sample,0,1,0,2e-17,0.1,0.5,9.616930266683566e-06,200.0,5e-12,5,1e-06,0.6960747040784274,0.0,0.6783796847080671,0.0,0.6751093859460218,0.6960747040784274,0.6783796847080671,0.759723946780294,0.7516722613394207,0.829272178220161,0.8248596798718565,0.8915161381240396,0.8920384383702983,0.9808177323586258,0.9800360942923217,1.0006334268409358,0.9991435618976795,1.0028380717189833,1.0012639515072848,1.0030671381671785,1.0014841608247977,1.0031518440014706,1.0015651368849776,1.003799067290458,1.00218157784855,0.008302695335869234,6.16568985028363,0.9999829834261842,0.05,4.0482070906242e+17,3.483137850430947e+17,80.96414181248399,69.66275700861894,0.2830345269087157,0.2440091429951846,0.985785745031316,0.0009264650665049054,0.9877987362894549,1.0,1.0,4.7497708903241565e-05,0.0009262568629462099,inf,0.0,9.780849632062909,8.415589123816023,617,0.001,10,0.03844928741455078,0.3312726828832086
case,S4,4,74,1,GLUF,det,sample,0,1,0,8.323664260113105e-19,0.44592484468336174,0.5,1.0118474185280402e-05,9586.9501725676,3.887313706477605e-11,5,1e-06,0.3477275370872636,0.0,0.3270756800987974,0.0,0.3072501813274182,0.3477275370872636,0.3270756800987974,0.38631534755823715,0.3391504582563938,0.4360591404546872,0.3751251177481366,0.4782360006545738,0.4096179177957271,0.5136680136830407,0.4469240868018467,0.5736654341513902,0.5081654809282028,0.6200306409225489,0.5608363759499732,0.6734671201894448,0.6340229758914846,0.8544464532585838,0.8281969645928302,0.9675614831623864,0.9338649848431512,0.8896029470680382,0.87792862945929,0.8953879963765764,0.22296242234168087,2.514143910766761e+18,7.817576622561737e+17,4.692918563371335,1.4592343061781583,1.8237630703208345,0.7878315241906009,0.5325247613009173,0.16009805828993398,0.8187280247755359,0.03164,0.0,0.009201127706032054,0.16004187842923098,inf,0.0,60.74408495931129,18.888001458595507,88,0.001,10,0.04185914993286133,0.3312726828832086
case,S4,4,75,1,GLUF,det,sample,0,1,0,2.0118665974362192e-19,10.0,2.0,6.000000000000003e-06,19498.045495687755,1.768533155363233e-11,5,1e-05,0.33498556651331535,0.0,0.3209503452375045,0.0,0.31052756572047047,0.3371842289986334,0.3216518783124016,0.33498556651331535,0.3209503452375045,0.34378085836128436,0.32838822903974446,0.37291939293899146,0.35363084419026786,0.42062094226410923,0.4011820327388606,0.501087556783066,0.48254638261146193,0.5994073321876688,0.5813375595915563,0.7990520827764543,0.7765954564254894,0.9101546923553928,0.8956541637680346,1.1685160949226605,1.149285953973255,82.53723528637138,0.16963210392195577,0.5243829750339153,20.0,9.402357612728529e+18,1.4660409822829138e+18,0.18916289218198679,0.029494788827275784,0.04856751150431397,0.04204638433365117,0.02791167555532663,0.026120203111684018,0.15288088927305155,0.0,0.0,0.023867086546318327,0.02399993973429469,inf,0.0,227.16981601551365,35.42093099772722,17,0.001,40,0.06628799438476562,0.3312726828832086
case,S4,4,76,1,GLUF,det,sample,0,1,0,1.4272113386131417e-18,10.0,0.5,8.859154121675621e-06,9934.277765447363,1.2432672866421535e-10,3,1e-05,0.33352448458918776,0.0,0.3200443565972111,0.0,0.3125617750030817,0.3348967906091101,0.32024222004690367,0.33352448458918776,0.3200443565972111,0.34506516612124016,0.32810555531401664,0.3770127146684228,0.35783626588669476,0.4337005230163806,0.41454631237812395,0.4877066604024381,0.4699269471212632,0.6548285157811574,0.6325896570804541,0.8098028365793309,0.7838870217976729,0.896198988591842,0.8808775780268728,1.1606798460324723,1.1414635599437954,11.63485058062554,0.2104256866694511,0.5731127334512469,5.0,1.6253244395871035e+18,2.922580389476053e+17,0.23196814691037643,0.04171139869868635,0.19199175534590623,0.16234185965081582,0.038883632974724594,0.03245207452800122,0.16320767461640867,0.0,0.0,0.016662716727842735,0.03161854190508523,inf,0.0,39.26936935547727,7.0612294991740425,21,0.001,10,0.019106149673461914,0.3312726828832086
case,S4,4,77,1,GLUF,det,sample,0,1,0,5.0244561624569945e-18,1.2295115373367913,0.5,6.000000000000003e-06,3703.869534230607,5.430738070746834e-11,3,1e-06,0.3446646209445262,0.0,0.3196916508164886,0.0,0.31047535594854025,0.3446646209445262,0.3196916508164886,0.3484663541808658,0.32363020045576346,0.36395040778425125,0.32310367307766735,0.40494693707721463,0.34862720200004654,0.4395335918022407,0.38337637823462817,0.49371597480377205,0.43281211923249746,0.5223454957093634,0.46118328419196786,0.6091015314549674,0.5659773642307222,0.8260940866579063,0.7867868628732585,0.890744227044376,0.8544539582303065,0.40634287080541176,0.22096444062804477,0.5844596536038464,0.6147557686683957,1.9965610552070717e+18,3.885675263012495e+17,8.159039742958441,1.5878992939618042,0.6285647400443891,0.1776018330110155,0.5371623823264218,0.1676192769101389,0.8693543329235089,0.06856,0.0,0.035524058128676046,0.16710717503114902,inf,0.0,48.238795657072366,9.388157427660554,22,0.001,10,0.016698122024536133,0.3312726828832086
case,S4,4,78,1,GLUF,det,sample,0,1,0,1.1435412890499748e-17,8.724713994905759,2.0,8.033853957404079e-06,4007.3927366190283,4.1027443169824745e-11,2,1e-06,0.3443814594984937,0.0,0.3362939566368844,0.0,0.31700217908333866,0.3443814594984937,0.3362939566368844,0.34915166106919204,0.3378551026948752,0.35976768738885384,0.33592146318922383,0.3699685096841953,0.3438925862549314,0.3758571060081766,0.350928228816443,0.4185931268788527,0.3839418241180298,0.5311725214473964,0.4974827940609763,0.7223195922782429,0.6885740488229961,0.7838893129415287,0.7547958268871732,0.9758573529901542,0.952911975891528,1.2669178259838307,0.13109682288701116,0.4694251569378559,17.449427989811518,7.375454121077491e+17,1.0335732691808157e+17,0.9666948759432664,0.1354696221855228,0.050471159868210984,0.02913948143549027,0.10935862695424205,0.08604482607163631,0.47909049759715727,0.0,0.0,0.10439188415505994,0.07648922286917262,inf,0.0,17.819791851437753,2.4972103707319184,13,0.001,40,0.06492996215820312,0.3312726828832086
case,S4,4,79,1,GLUF,det,sample,0,1,0,3.5889644348280404e-19,0.1,2.0,7.692098589619226e-06,18245.064907914322,2e-10,5,1e-06,0.337499806720981,0.0,0.3188129648199651,0.0,0.3082485581273171,0.337499806720981,0.3188129648199651,0.3405675643559905,0.316204311419562,0.35698807707787866,0.322685715098753,0.3849408385514425,0.3442430190244685,0.41700004731367524,0.3757744154767074,0.46634940316522977,0.4251311311994039,0.5269509240370248,0.488592458116444,0.5984941209928882,0.5651324050408982,0.7850576128270509,0.7508503042565556,0.9272036613761132,0.8856262652799156,0.46267916479183746,0.024653491963509206,0.21434472802404608,0.2,2.998220839517459e+18,9.324253700618235e+16,10.760507960788429,0.3346441491283259,3.7463169514252677,0.42515170404806196,0.21918240411957376,0.1396811172510387,0.593940138223722,0.0,0.0,0.02503616651399989,0.13943147035084902,inf,0.0,72.43983951057204,2.2528275193275977,2,0.001,40,0.05988192558288574,0.3312726828832086
case,S4,4,80,1,GLUF,det,sample,0,1,0,1.688566175295459e-19,6.479193975971,2.0,6.000000000000003e-06,5826.96727847806,1.4001348674474476e-11,5,1e-06,0.33232847259932613,0.0,0.32118900300397846,0.0,0.3099769484492449,0.33232847259932613,0.32118900300397846,0.3391876155506507,0.3255088610334001,0.3633381755784111,0.3475307208805777,0.40675294088517616,0.38879938655642593,0.4831654323145328,0.4657031482622878,0.5610292520385292,0.5451856618014581,0.7473172396341214,0.7268237724651372,0.878980812579152,0.8633712542755645,0.9847611035671323,0.9780204449825151,1.2144119766153947,1.1964798439403077,63.71651214092768,0.21426507329749103,0.5772995835696049,12.958387951942,3.094841683611183e+18,5.74077354888107e+17,0.0806557884240088,0.014961237571558752,0.07603255167034187,0.07141042833962503,0.01457597934384071,0.012574139091458958,0.07016715712197079,0.0,0.0,0.009193285645893369,0.011913405908424336,inf,0.0,74.77429011116618,13.870249618250652,21,0.001,40,0.07381391525268555,0.3312726828832086
case,S4,4,81,1,GLUF,det,sample,0,1,0,1.544379348788822e-17,2.746007720133261,0.5,1.1735107794677966e-05,473.2931430631395,9.208703370348028e-11,3,1e-06,0.3380901591515234,0.0,0.3198436042121938,0.0,0.31543504416039797,0.3380901591515234,0.3198436042121938,0.3462210568268232,0.3282375449607099,0.3785378122379121,0.3592631185355558,0.4219823302575146,0.3987911284285767,0.5015919788644794,0.47855964728694556,0.5548830675422068,0.5330851763376665,0.7131356914493383,0.6892684794246772,0.8767065583873453,0.8503093855895528,0.9254796922914087,0.9072651795706628,1.046715000132764,1.0284031157778368,0.29525473139862474,0.4984876785011371,0.778629230173975,1.3730038600666306,5.616690403768418e+16,2.346069620649203e+16,0.3158877014263944,0.1319450577792121,0.6434323528392585,0.5534895348760798,0.11501371396721344,0.03572763258682052,0.2245252680090228,0.0,0.0,0.005658540055438028,0.03564358127771675,inf,0.0,1.3570453052252058,0.5668325180069421,50,0.001,10,0.02268505096435547,0.3312726828832086
case,S4,4,82,1,GLUF,det,sample,0,1,0,2e-17,10.0,2.0,6.000000000000003e-06,5365.1371397754365,2e-10,5,0.0001,0.3380185789554866,0.0,0.3199176697053414,0.0,0.3079032379254361,0.339220230991962,0.3155319662455708,0.3382598065819944,0.3184279737272061,0.3380185789554866,0.3199176697053414,0.3457248002596387,0.31990165432178674,0.36682131290079656,0.334924859953867,0.404806877555023,0.36800472356209035,0.4603076039285066,0.42312995471592263,0.5932728688805788,0.5618322122810919,0.77919832854574,0.7465630367608362,0.9459946127844747,0.9193917775990341,0.8302695335869232,0.015000000000000013,0.16799597142736353,20.0,1.842792052601894e+18,3.812104476606145e+16,3.6855841052037883,0.0762420895321229,0.04645794890045288,0.010671028174367894,0.057958699145910675,0.08963028971959854,0.6891276631449313,0.0,0.0,0.24959323201174655,0.04134085054172928,inf,0.0,44.52359171892198,0.9210403478061555,2,0.001,40,0.060823678970336914,0.3312726828832086
case,S4,4,83,1,GLUF,det,sample,0,1,0,1.051056471988481e-18,0.1,2.0,1.3085232880088305e-05,7222.339249734787,6.035878313122028e-11,4,1e-06,0.34281802413917684,0.0,0.31859812881370236,0.0,0.30874770907945276,0.34281802413917684,0.31859812881370236,0.3473633716632345,0.3159002829795902,0.3874509968147239,0.33842134456404777,0.4221373323622124,0.3649760842114339,0.4621983676715563,0.40453125414063,0.5079672496553443,0.4485487860162006,0.5594370602574217,0.5012896094460233,0.6197044825782949,0.5759746482970817,0.8312256759508696,0.792916766386841,0.9380567515655222,0.8950876169258627,0.15798761640583336,0.23639658091668256,0.6002870710519606,0.2,3.8672457321690854e+17,7.505075436482104e+16,4.064693655566149,0.7888258110276289,2.7951296147318243,0.9872265412351149,0.3809179938524664,0.17220778361707945,0.7467156482349118,0.0,0.0,0.013261895981001196,0.1720974889313954,inf,0.0,9.34362994526314,1.813296915850265,24,0.001,40,0.10910534858703613,0.3312726828832086
case,S4,4,84,1,GLUF,det,sample,0,1,0,6.448518453769289e-20,10.0,1.2051687864769476,6.000000000000003e-06,12958.168452634645,2.0482650918797164e-11,5,1e-06,0.33293783645581115,0.0,0.32162906694268295,0.0,0.31323159405056894,0.33293783645581115,0.32162906694268295,0.34784783958710636,0.3340493863811272,0.38075813004602127,0.3656977360848869,0.43876162587165274,0.42084376283050506,0.5233528271337077,0.5067738506111753,0.6240247745260856,0.6079254286751643,0.8224670639641498,0.8014336679761568,0.9258702389706235,0.9161677580431175,1.0102254287564134,1.0055486992433353,1.2250080386306397,1.2073178206522277,257.5070660150206,0.24306208101080262,0.606852913984824,12.051687864769477,7.285446656724947e+18,1.404521422023173e+18,0.04698033720984259,0.009057082308630716,0.08223115494368566,0.07925261471812513,0.008912242124842028,0.007844713068388095,0.0423058551518591,0.0,0.0,0.00484585283065288,0.007536090639900276,inf,0.0,176.02325339748066,33.93456047650376,24,0.0009641350291815581,25,0.06568598747253418,0.3312726828832086
case,S4,4,85,1,GLUF,det,sample,0,1,0,5e-20,10.0,2.0,6.000000000000003e-06,200.0,5e-12,5,1e-06,0.5566627549046417,0.0,0.5358220914624,0.0,0.5340875872688867,0.5566627549046417,0.5358220914624,0.6397446030486711,0.6214240329568876,0.8391565775926254,0.8175306051029024,0.9353465197164097,0.9227664050537352,0.9896706724078053,0.9864123145377383,1.0015387282761712,0.9998486908559867,1.0030164489898181,1.0014864423825025,1.0048051453783549,1.0032122740606872,1.0291115226917138,1.025968187485689,1.2314927529710973,1.2139948305145445,332.10781343476935,0.6000000000000005,0.8202875051210003,20.0,2.1858436159631917e+17,1.4027997573912437e+17,0.0010929218079815959,0.0007013998786956218,0.04996495458691371,0.04994541356830254,0.0007008881385609158,0.00010690637499331725,0.0010875923661865208,0.0,0.0,0.00011623491420237005,9.915841986720069e-05,inf,0.0,5.281204061041283,3.389296343735835,60,0.001,40,0.10021281242370605,0.3312726828832086
case,S4,4,86,1,GLUF,det,sample,0,1,0,9.186596885677413e-18,0.1,2.0,7.906847242795025e-06,2433.536076614831,1.4294233115791088e-10,5,1e-06,0.34158189763813246,0.0,0.3213298757106214,0.0,0.30847019720958385,0.34158189763813246,0.3213298757106214,0.3442804542585643,0.3200520944701915,0.3542678805547397,0.31821901174412565,0.3920755517870186,0.33875567519397104,0.4490092156332101,0.39121042444289356,0.49125844489594456,0.43154295004961696,0.5317841259112102,0.4642939445650506,0.5713642740120082,0.507981901895703,0.7472600174001885,0.7123622965845062,0.8898031892761386,0.8577008103765961,0.018075671413891586,0.03644723529089406,0.2591051575859105,0.2,3.780285916535338e+17,1.9392440550568428e+16,34.72796282781372,1.7815053396753628,1.797587776906286,0.13994640623919283,0.5658533755948765,0.15485017386284652,0.8945151917081025,0.09908,0.0,0.04836897208014641,0.15411810491536188,inf,0.0,9.13352683993647,0.4685396294649116,4,0.001,40,0.08015322685241699,0.3312726828832086
case,S4,4,87,1,GLUF,det,sample,0,1,0,2.513379088871475e-19,10.0,2.0,7.460324478106811e-06,8772.15486902508,2.4030681897825254e-11,5,1e-06,0.3324172540981333,0.0,0.3207052126589785,0.0,0.31159761576034745,0.3324172540981333,0.3207052126589785,0.3435311095421344,0.3290688469135319,0.37242593910527366,0.35598029030694595,0.4229037752675578,0.40477548610821723,0.5055760514417829,0.4885152021710917,0.594927414815317,0.5788449160658758,0.7940932003918022,0.7732040370126382,0.9069670243871375,0.8961770267564264,1.0040144258148338,0.9990799992991863,1.223052418023882,1.205351837898458,66.0679908783454,0.193004792634413,0.5533010871639423,20.0,2.3166382557641155e+18,3.978122191317309e+17,0.058225901485172156,0.009998529128632493,0.04950502258962403,0.04724889074235214,0.009815985601768263,0.009003118640197531,0.0527967178648039,0.0,0.0,0.0075776926419868764,0.008367387936372537,inf,0.0,55.97216230363236,9.611517914032328,19,0.001,40,0.13023591041564941,0.3312726828832086
case,S4,4,88,1,GLUF,det,sample,0,1,0,2.09530786076925e-19,10.0,2.0,6.000000000000003e-06,12006.344472932677,5e-12,5,1e-06,0.3329628859568664,0.0,0.3271806885854298,0.0,0.30567634492783835,0.3329628859568664,0.3271806885854298,0.3376385167859582,0.32389557215890596,0.3549372667877638,0.3334527543567144,0.38604043834465224,0.3619810928464676,0.43761641357245734,0.4121983064943852,0.5169517882390875,0.4926306328966996,0.5969426664993597,0.5751766653769471,0.791807996188656,0.7675445616623424,0.9178012924095705,0.8908888666102898,1.0900948973972566,1.0627732658631894,79.25036211930276,0.6000000000000005,0.8202875051210003,20.0,1.1489981557767105e+19,3.196779460255347e+18,0.24075048678083125,0.0669823713221871,0.046861130365294434,0.04029819091969625,0.06082846315695236,0.04167009299987123,0.19361633188645214,0.0,0.0,0.009478636664364777,0.041437792281319934,inf,0.0,277.60877686316104,77.23720281020414,60,0.001,40,0.0809011459350586,0.3312726828832086
case,S4,4,89,1,GLUF,det,sample,0,1,0,1.9213657279363739e-19,10.0,2.0,6.000000000000003e-06,10911.900972655878,5.431925114305514e-11,4,1e-06,0.33439462941932274,0.0,0.32197691374482257,0.0,0.31133033125731063,0.33439462941932274,0.32197691374482257,0.3450116686738462,0.32945520201134476,0.3717911522441387,0.35481279673273025,0.43677319292335526,0.4191767324978315,0.4973655473402121,0.4796303551691488,0.6545600629856698,0.6333330905457996,0.7925007708782549,0.7742151311116137,0.9327936451971242,0.9275520304413,1.0165866456402473,1.0129269838722363,1.2281943739604264,1.210657885399334,86.42493425535046,0.05522903826673171,0.3160264000464704,20.0,4.0401003291159654e+18,2.7279637136302646e+17,0.0776251030978788,0.005241415986423227,0.049739295660571246,0.04639832522114009,0.005166230892144854,0.00679075205092099,0.055203898135755575,0.0,0.0,0.011719253902304256,0.004736509295018637,inf,0.0,97.61262932682169,6.591017279362412,6,0.001,40,0.0792379379272461,0.3312726828832086
case,S4,4,90,1,GLUF,det,sample,0,1,0,1.3358536061602322e-17,10.0,2.0,6.000000000000003e-06,10726.228209051817,1.0134558776318976e-10,5,1e-05,0.3401518459824249,0.0,0.313302351796827,0.0,0.3066152595368189,0.3432301218128692,0.31367962928444143,0.3401518459824249,0.313302351796827,0.3405546961420028,0.3153926357087527,0.3419781661024774,0.31869316684662874,0.35948080285250855,0.325985302626141,0.3908583835829832,0.3497803369582321,0.43931027842183296,0.3934777590478773,0.5152112207765456,0.47669457075831595,0.7290013709378325,0.6911699400950826,0.8530565123735966,0.8176802684293287,1.2430546726949279,0.029601683370863507,0.23429818113645365,20.0,3.7585926968312074e+18,1.4307221253284376e+17,5.020929608149481,0.1911235310533225,0.04197717423631493,0.008304365480759605,0.12458900506159996,0.13591736619317327,0.8030494087657982,0.00012,0.0,0.33366867875947676,0.08363647434078576,inf,0.0,90.81113977844305,3.4567594146833045,3,0.001,40,0.050364017486572266,0.3312726828832086
case,S4,4,91,1,GLUF,det,sample,0,1,0,9.225974086646965e-18,10.0,2.0,9.954174900359408e-06,5254.768428088683,1.0008499973002419e-10,3,1e-06,0.3357918004877949,0.0,0.32059409849696713,0.0,0.3107981848603491,0.3357918004877949,0.32059409849696713,0.3375656468553032,0.3204825052687526,0.33895000931125496,0.32231725687105856,0.3558981737594019,0.33819371798377323,0.40269917506969327,0.38347274684378946,0.45339734524170516,0.43105030733705685,0.5951880055796678,0.5711366917801367,0.7513565405854943,0.7248273795187923,0.8536831886470708,0.8383263130854457,1.1433051344505523,1.1245911003812379,1.799852299148765,0.08250120582024045,0.38116163178993107,20.0,4.534378872940753e+17,4.396083039969716e+16,0.4183406198079086,0.040558148209508815,0.04805113494717727,0.03525246284406047,0.037242747604139016,0.038800749397596174,0.2669074979409117,0.0,0.0,0.05993374074560067,0.03055694580595235,inf,0.0,10.955486450718602,1.0621350692159364,8,0.001,40,0.06819510459899902,0.3312726828832086
case,S4,4,92,1,GLUF,det,sample,0,1,0,9.216923502158496e-19,10.0,2.0,6.000000000000003e-06,10135.837412885609,2e-10,1,1e-06,0.42841599960280186,0.0,0.38984033912238386,0.0,0.38360179999576594,0.42841599960280186,0.38984033912238386,0.5085996459327332,0.4592516800029999,0.6166478372162083,0.5823147125349424,0.6680682892504485,0.6376554502001334,0.6755216676070942,0.6455997537701557,0.6770228393031156,0.6491246578731658,0.73372608579427,0.7179658191648985,0.931209129564882,0.9274234636376856,1.017808318812569,1.014390274285448,1.2288685958951993,1.2113637580553986,18.016196692800673,0.015000000000000013,0.16799597142736353,20.0,3.48140773662279e+18,7.001607792836864e+16,0.3208786878827501,0.006453328341869416,0.049679402503814994,0.037853589779804464,0.006264265005693803,0.01233844208444325,0.12395616282036939,0.0,0.0,0.03012510129569247,0.005683554000586738,inf,0.0,84.11409005895887,1.6916543909777584,2,0.001,40,0.05347490310668945,0.3312726828832086
case,S4,4,93,1,GLUF,det,sample,0,1,0,5e-20,0.1,2.0,7.218514285940401e-06,14517.070170484898,2e-10,4,1e-06,0.33618219902534907,0.0,0.3204255654231469,0.0,0.314977354043235,0.33618219902534907,0.3204255654231469,0.3512689622036374,0.333952122805524,0.3989354661694416,0.37770709315943046,0.443065206774232,0.42123354747587466,0.5232090660439628,0.5059933521740404,0.6027716456182944,0.5864281698850221,0.7132262633099807,0.696543234506749,0.8868956464328673,0.8647105082146047,0.9504780063123698,0.9337937924122965,1.1692959907461187,1.1488248867053688,3.321078134347694,0.021711228540135692,0.2014414246003055,0.2,2.878923789145338e+18,8.029614970566699e+16,1.4394618945726687,0.04014807485283349,4.8070078875139295,2.049632343560698,0.03741130731419837,0.030133051559533105,0.13278794086424348,0.0,0.0,0.004615562738840541,0.03008940955705663,inf,0.0,69.55751040754576,1.9400306079293106,2,0.001,40,0.06009697914123535,0.3312726828832086
case,S4,4,94,1,GLUF,det,sample,0,1,0,2.6729916404364813e-19,0.9032268402947746,2.0,8.453381087055127e-06,8075.1895149485645,4.974686559443204e-11,4,1e-05,0.3348841116608025,0.0,0.3192577715455633,0.0,0.31125329176727534,0.33587354338042125,0.32096766505350416,0.3348841116608025,0.3192577715455633,0.3469614760109546,0.3276633842103871,0.37615674824347095,0.3548588711786109,0.41779130063745074,0.39733657774685605,0.49749595785516343,0.47715411694281823,0.5794341226438849,0.5601097929168342,0.7765932062850484,0.7519752051108879,0.8731872517109638,0.8543969765052802,1.127377089146431,1.107302474312712,5.611104173092557,0.11970545103545766,0.4510025996540958,1.8064536805895492,1.241268994344905e+18,1.5701486801230237e+17,0.3673386902822892,0.046466669378884905,0.528990374128378,0.4048527251381503,0.042927365450301305,0.03631041635682651,0.17633345239958256,0.0,0.0,0.01429331286273652,0.03580689694688603,inf,0.0,29.990228056137983,3.7936271036710614,12,0.001,40,0.0763859748840332,0.3312726828832086
case,S4,4,95,1,GLUF,det,sample,0,1,0,3.932490765090844e-19,2.2116543325813196,2.0,6.000000000000003e-06,6994.815756240638,1.1822913980970301e-11,4,1e-05,0.3389747155787608,0.0,0.31944510898252887,0.0,0.3074190071729986,0.33925990068337614,0.31946624187587497,0.3389747155787608,0.31944510898252887,0.34186649870762514,0.31968855925954703,0.3526123827564369,0.32885925573433983,0.38430921126539963,0.3570343789767415,0.4323076260451135,0.4045486307615513,0.49413951703925624,0.46850716436053175,0.6427530996556894,0.6174625944646773,0.8340853791309323,0.801073506499922,0.9505803629306606,0.9189977352493895,9.338962611017708,0.2537445510327391,0.617057270376034,4.423308665162639,4.0175178215326966e+18,8.083314117241734e+17,0.7143454335979201,0.14372751496062633,0.1976651856461901,0.1318725544704727,0.11686819533784842,0.08293609337821248,0.3892566083843621,0.0,0.0,0.03603195985719488,0.0815747924507411,inf,0.0,97.06701467311875,19.530048275589103,25,0.001,40,0.0887002944946289,0.3312726828832086
case,S4,4,96,1,GLUF,det,sample,0,1,0,2e-17,0.316759278429957,1.4149695699228846,6.000000000000003e-06,8348.249072522043,2e-10,5,1e-06,0.34725693360124293,0.0,0.32881744251769784,0.0,0.3063982811265388,0.34725693360124293,0.32881744251769784,0.3537919901633937,0.3202486346005214,0.3660872061581063,0.33154312022096516,0.3893719378357733,0.3624739821197583,0.42685985263211834,0.4456348344134901,0.4923028574329444,0.5260655684494104,0.5623975403773673,0.5819251640861403,0.6195337871392931,0.5903067565671686,0.8308087643284168,0.7926445449084563,0.9214184306847834,0.8862378215994738,0.026299557836137074,0.021201869381286424,0.19911469897425887,0.44820473996911947,2.8817089854257434e+18,7.999372729600859e+16,181.94946015214882,5.0507582724966404,0.3687344814630115,0.01219529815617699,0.7349327811753937,0.13812895047677265,0.9880785641734163,0.3422,0.12604,0.15583033084720846,0.12912009821416318,inf,0.0,69.6248033730601,1.9327237976599307,2,0.0009758410827054376,29,0.04660487174987793,0.3312726828832086
case,S4,4,97,1,GLUF,det,sample,0,1,0,3.4160030826559472e-18,0.27624296902044854,2.0,1.2411004107012836e-05,7808.542619591643,2e-10,5,1e-06,0.3381314975916271,0.0,0.32030822263919395,0.0,0.3080042007776098,0.3381314975916271,0.32030822263919395,0.33847884005029716,0.3187590440582067,0.34520478037922747,0.31745680784758873,0.3682093245701768,0.3300989197455872,0.39849556254753876,0.35591691578637075,0.44018148019979403,0.39674386960729086,0.48896072820679615,0.44710045425783546,0.5552670282540668,0.5182407485126378,0.7336082826675081,0.6988241935729832,0.8779341779372497,0.8389768489823499,0.13428332205540638,0.0641804262267873,0.3391901035741901,0.5524859380408971,3.326387074991493e+17,2.563152352836176e+16,4.1133892176769615,0.31695779876870234,1.3743802725317835,0.3539728233726904,0.2111388880420957,0.13616399170710405,0.5985081158598186,0.0,0.0,0.03734170423821328,0.13549786024244706,inf,0.0,8.03686448597983,0.6192817508081914,6,0.001,40,0.07740068435668945,0.3312726828832086
case,S4,4,98,1,GLUF,det,sample,0,1,0,1.5036485099758033e-18,10.0,2.0,6.000000000000003e-06,18740.8748985645,7.383586199889264e-11,3,0.0001,0.33945489165761245,0.0,0.32165747905530223,0.0,0.31430524846359786,0.34136560040981767,0.32324125009148796,0.3425981072597502,0.3252515511450666,0.33945489165761245,0.32165747905530223,0.34663870336963404,0.3241426224478967,0.38036784836929766,0.3531941467019214,0.42313552373557134,0.39485895419872175,0.5207642553607724,0.4944886707797014,0.7092230391722503,0.679031410248859,0.7986051659883552,0.7762984681766035,1.0836326671372423,1.0634309336451067,11.043399146523731,0.04063066264527385,0.2730085332027693,20.0,6.707786187873484e+18,3.3783831224781165e+17,1.0086152706632239,0.05079900748241622,0.04758283900533346,0.024892771020052298,0.044125672083633154,0.057283545230433996,0.432432879261842,0.0,0.0,0.11518103905368424,0.037329123523451295,inf,0.0,162.06643237093596,8.162491834221505,4,0.001,40,0.07276487350463867,0.3312726828832086
case,S4,4,99,1,GLUF,det,sample,0,1,0,4.928546703134386e-19,0.25760167082808727,0.5924167885237825,4.6644744993160135e-05,13193.450596247594,2.727901589597178e-11,2,1e-06,0.9240339213043407,0.0,0.9336847009945832,0.0,0.9210238743965944,0.9240339213043407,0.9336847009945832,0.9400967960549905,0.9473099998360159,0.9807756858736392,0.9823786739732552,0.9954072325960115,0.9952351028285205,0.9969109826315264,0.99676367027887,0.9958758058868574,0.9963980708231237,0.9923823325809464,0.9928411443425302,1.0002656277568647,0.9989820801561898,1.0281218247206063,1.0249729805137753,1.0481199768422678,1.0392474444140263,0.8679184026140144,22.4387231103036,0.9999999999999998,0.15260755455033603,3.374190954364629e+17,2.5563882189854928e+17,0.6455648230239058,0.48909926275364785,4.400482703580298,3.9820707504066566,0.3258570177766682,0.03863659210592543,0.3903247044392987,0.0,0.0,0.0013638700072459713,0.03863340229505518,inf,0.0,8.152363161198497,6.176474723584079,2244,0.0009873613142063042,12,0.0651860237121582,0.3312726828832086
case,S4,4,100,1,GLUF,det,sample,0,1,0,2e-17,10.0,2.0,3.793935743541473e-05,20000.0,2e-10,5,1e-06,0.3324834811000967,0.0,0.3262800165403905,0.0,0.30665189102109586,0.3324834811000967,0.3262800165403905,0.3408000362537452,0.3268065389201988,0.3615903335858353,0.3425246341954981,0.4020347908175975,0.3802957249889831,0.46273093625350425,0.43914991603515324,0.5528042877142277,0.5303167847443812,0.6479579175143972,0.6280149304776307,0.8541634494546673,0.8300515239475847,0.941311635632692,0.9214212798515848,1.1547385377090853,1.1322277205246989,0.8302695335869232,0.5997478510883997,0.8201960274913287,20.0,7.561069192465283e+16,2.082170492614169e+16,0.1512213838493057,0.04164340985228338,0.04800107169793409,0.04343213277781242,0.03913027566869426,0.02802213121159095,0.13100371926650153,0.0,0.0,0.0063063312109410356,0.02786192189525337,inf,0.0,1.826825534701665,0.5030720030046033,60,0.001,40,0.07821297645568848,0.3312726828832086
