group,set,search_seed,eval_index,is_finite,task,mode,node,N_R,R,seed,k_on,k_off,T,distance,N_max,D,L,lam_best,objective,opt_sd,held,held_sd,train,opt_lam_1e-06,held_lam_1e-06,opt_lam_1e-05,held_lam_1e-05,opt_lam_1e-04,held_lam_1e-04,opt_lam_1e-03,held_lam_1e-03,opt_lam_1e-02,held_lam_1e-02,opt_lam_1e-01,held_lam_1e-01,opt_lam_1e+00,held_lam_1e+00,opt_lam_1e+01,held_lam_1e+01,opt_lam_1e+02,held_lam_1e+02,opt_lam_1e+03,held_lam_1e+03,KD_nM,tau_D_over_T,phi_ISI,koff_T,c_peak,c_mean,c_peak_over_KD,c_mean_over_KD,tauR_mean_over_T,tauR_peak_over_T,occ_mean,occ_std,occ_max,occ_frac_above_0p8,occ_frac_above_0p9,contrast_within,contrast_between,binomial_sd_mean,snr_within,shell_molecules_peak,shell_molecules_mean,history_symbols,dt,n_sub,seconds,running_min
bits,S1,2,1,1,NARMA,hyb,sample,500,10,1002,2.8542367617959153e-19,0.16953932889918663,1.25,7.07e-06,10100.0,3.16e-11,2,0.1,0.806561751049385,0.011523384046898,0.8267440888526261,0.014812708977164555,0.8170934206581644,0.9127655062755462,0.9264029782698564,0.911644202765723,0.9253179472702351,0.9017459079120652,0.9157423893629204,0.8578620576964923,0.8734043509097373,0.8171201907812746,0.8360109515891587,0.806561751049385,0.8267440888526261,0.8119698671218245,0.8319121560827142,0.848473665630632,0.8660065183785189,0.8763985362007443,0.8905389161189493,0.8962617356257521,0.8864977735860984,0.9863466227741942,0.21090675105485235,0.5736407405901451,0.2119241611239833,3.2071893147245215e+18,1.2746070024575383e+18,5.399382965334892,2.1458325846152717,1.4999746544833326,0.7373631441861621,0.67668907528354,0.04286068755728147,0.7731352472597198,0.0,0.0,0.032704919224639015,0.04121096101050588,0.020818117252318247,1.570983524986972,77.48871469923388,30.795705733249317,21,0.001,25,0.7076120376586914,0.806561751049385
bits,S1,2,2,1,NARMA,hyb,sample,500,10,1002,7.00688882260004e-18,1.8389575395344573,1.25,7.07e-06,10100.0,3.16e-11,1,0.1,0.8076463781985852,0.008838534253818784,0.8289183405319303,0.019040586858675906,0.7929326418047218,0.8431236167968288,0.867309201700379,0.8430964025545229,0.8672797427490767,0.8428263515813963,0.8669873856944816,0.8403194594000197,0.8642707300585437,0.8260316831774264,0.8487121982036866,0.8076463781985852,0.8289183405319303,0.8153574681214796,0.8351795267640151,0.8761244624872029,0.892760431173893,0.9416453927049309,0.952473921274934,0.9810017714525943,0.9570949947728735,0.4358083758117545,0.21090675105485235,0.5736407405901451,2.2986969244180715,3.2071893147245215e+18,1.2746070024575383e+18,12.220194582086192,4.856571925520591,0.07428049752530393,0.032906404948825456,0.8131032294550254,0.055445866387835524,0.919772741844272,0.62528,0.03284,0.1109221766495352,0.04332316336249762,0.017144879414092366,6.469697101419206,77.48871469923388,30.795705733249317,21,0.001,25,1.079517126083374,0.806561751049385
bits,S1,2,3,1,NARMA,hyb,sample,500,10,1002,4.043378450656365e-19,1.2152447033441025,1.25,7.07e-06,10100.0,3.16e-11,5,10.0,0.7904344011171375,0.00877107796426179,0.8149368456767544,0.010341707450663344,0.7892892569130129,1.1120580565527545,1.1321317460448816,1.1098289974635942,1.129894374300503,1.0896698454533775,1.1096260364051362,0.9876259777347123,1.0057081696864434,0.8628098818049648,0.8725157480674441,0.815311810731371,0.8249168426378901,0.7976876665037287,0.8140340834682178,0.7904344011171375,0.8149368456767544,0.8122988685626069,0.8407926704842144,0.8997083942058,0.8915007540444003,4.990780187175893,0.21090675105485235,0.5736407405901451,1.519055879180128,3.2071893147245215e+18,1.2746070024575383e+18,1.0671003236342076,0.4240889487204137,0.4622630004692133,0.318467189445924,0.2935499942027673,0.05498126668378389,0.4295094159634732,0.0,0.0,0.07278658846704973,0.04894709267595514,0.02018202643586391,3.606505456642666,77.48871469923388,30.795705733249317,21,0.001,25,0.7415938377380371,0.7904344011171375
bits,S1,2,4,1,NARMA,hyb,sample,500,10,1002,1.7182336504002927e-18,0.4962311157935294,1.25,7.07e-06,10100.0,3.16e-11,2,0.1,0.806755453267375,0.006679197520542134,0.8305126460606729,0.012442920623805327,0.8022437815875388,0.9004333345898736,0.9393691394911594,0.9001400610159529,0.9390527733929306,0.8973131690741081,0.9359979961040656,0.8766283568246331,0.9133387390956973,0.8281343735428841,0.8577422566995654,0.806755453267375,0.8305126460606729,0.8191372732253026,0.8370611039945308,0.857295610469244,0.8724776791094742,0.8935581807902724,0.9062404603729387,0.9171054480330211,0.9105416118806439,0.47956874429182345,0.21090675105485235,0.5736407405901451,0.6202888947419117,3.2071893147245215e+18,1.2746070024575383e+18,11.105108946970601,4.413412567158789,0.2978069764012946,0.13317947287387139,0.8045139566848377,0.04720286220445149,0.8971542560226082,0.58064,0.0,0.0716410924492478,0.040595755579447196,0.01753959111359519,4.084536063883368,77.48871469923388,30.795705733249317,21,0.001,25,0.726809024810791,0.7904344011171375
bits,S1,2,5,1,NARMA,hyb,sample,500,10,1002,5.785835311783864e-18,0.1254549546719076,1.25,7.07e-06,10100.0,3.16e-11,4,0.01,0.896238717926877,0.013938539515324788,0.9109548942194967,0.02457343783553948,0.7706775601948609,1.0812399924034937,1.106667550339664,1.0773954456147243,1.1029286356450054,1.0461697066027975,1.0722389322590096,0.9451475824636754,0.9675499580355164,0.896238717926877,0.9109548942194967,0.9252898928363782,0.9406499541537118,0.9550319477363611,0.9702037949438846,0.9837167201832399,0.9968014798270163,0.9901968368448486,1.0021843411697908,0.9924405033123367,0.9976073516854449,0.03600566593711037,0.21090675105485235,0.5736407405901451,0.1568186933398845,3.2071893147245215e+18,1.2746070024575383e+18,147.91180816443458,58.78337944286209,0.1066649435565439,0.04282259998381603,0.9811417393161312,0.006627863397776774,0.9926876749104359,1.0,1.0,0.012529629773253472,0.0053003271470727555,0.005989736870762774,2.0918497829868548,77.48871469923388,30.795705733249317,21,0.001,25,0.6186230182647705,0.7904344011171375
bits,S1,2,6,1,NARMA,hyb,sample,500,10,1002,2.3878616569015715e-18,5.573871570376063,1.25,7.07e-06,10100.0,3.16e-11,3,10.0,0.7558185741258135,0.0031846909817199336,0.7912172508180024,0.004906914223763188,0.8023327826993787,0.9182080348470946,0.947125105131126,0.9180921030380965,0.9470092011726059,0.9169447671658834,0.9458617500148419,0.9065456588414806,0.9354286397274233,0.8534583296476516,0.8811778486957786,0.7884701170733266,0.8138033282292765,0.7624348238080463,0.7915730730690004,0.7558185741258135,0.7912172508180024,0.7791438714335622,0.8133256017014727,0.8983709861029917,0.8786338814620505,3.8761171407345953,0.21090675105485235,0.5736407405901451,6.967339462970079,3.2071893147245215e+18,1.2746070024575383e+18,1.3739685772017907,0.5460450873971707,0.0928348145349712,0.06045859676895786,0.342926695938812,0.08028111997302644,0.5530380778378385,0.0,0.0,0.15608356569070528,0.062017509754296284,0.02088601891387355,7.473112340572798,77.48871469923388,30.795705733249317,21,0.001,25,1.0672662258148193,0.7558185741258135
bits,S1,2,7,1,NARMA,hyb,sample,500,10,1002,8.334702171001586e-20,9.444273819793937,1.25,7.07e-06,10100.0,3.16e-11,4,0.1,0.8272415504441177,0.012877018047976169,0.8534886423726341,0.020443272138193445,0.8314975505880181,1.0821020083658617,1.0904475167052243,1.0773211141854275,1.0856017432661735,1.0396847729479906,1.047244181092258,0.9253077186302173,0.9320766492116548,0.8430413545648164,0.8628997091028016,0.8272415504441177,0.8534886423726341,0.9016529272490154,0.9183294578335144,0.9786283101388339,0.9786567882242906,1.1800241563711766,1.0838994572080296,2.732788527976445,2.536738226854651,188.1601203870062,0.21090675105485235,0.5736407405901451,11.80534227474242,3.2071893147245215e+18,1.2746070024575383e+18,0.028303888953561493,0.011248582954351976,0.0837651731895641,0.0823758556189784,0.011107128551990468,0.00405631122672228,0.024468267312484904,0.0,0.0,0.0077608500346111504,0.0030510784515065353,0.004608970683247812,1.6838575395628894,77.48871469923388,30.795705733249317,21,0.001,25,0.5999419689178467,0.7558185741258135
bits,S1,2,8,1,NARMA,hyb,sample,500,10,1002,6.670783249291209e-19,2.975180875162759,1.25,7.07e-06,10100.0,3.16e-11,1,1.0,0.8034099239436673,0.008377974744570381,0.8284094450318829,0.012233684243762038,0.8217201793598654,0.8484575996481742,0.8621755933474817,0.8483864476007499,0.8621086332903234,0.8476878974870168,0.8614510737765366,0.8417878292415537,0.8558855421340305,0.8201642227437039,0.8355064612475955,0.8041895513277337,0.8230414892966691,0.8034099239436673,0.8284094450318829,0.8527645114625819,0.8797995001805538,0.9701014549968218,0.970120100616327,1.7190944209191321,1.5929930473919423,7.406032980671603,0.21090675105485235,0.5736407405901451,3.718976093953449,3.2071893147245215e+18,1.2746070024575383e+18,0.7190979525505216,0.28578521435130844,0.20912607477152484,0.15641413246849328,0.21850292885844844,0.053840782848092475,0.3637054572301358,0.0,0.0,0.09022011767761798,0.044556552862041396,0.018245530766187387,4.944779016503805,77.48871469923388,30.795705733249317,21,0.001,25,0.7391438484191895,0.7558185741258135
bits,S1,2,9,1,NARMA,hyb,sample,500,10,1002,1.10410511932196e-17,0.7560194072912971,1.25,7.07e-06,10100.0,3.16e-11,3,0.1,0.8329195731446143,0.01044045454635272,0.8493220115966083,0.023715325531842323,0.7832871418004886,0.9661834094349325,0.9817899059401954,0.9658255354721298,0.9814522719378527,0.9623446200817632,0.9781670842100911,0.9350643977706327,0.952330771929215,0.8577932032708354,0.8773248921877814,0.8329195731446143,0.8493220115966083,0.8801076838414824,0.8921125507502181,0.9342572107190927,0.9480751128537225,0.9658492944743683,0.977876356915322,0.9737838399188489,0.9759250120624797,0.11370292007338635,0.21090675105485235,0.5736407405901451,0.9450242591141214,3.2071893147245215e+18,1.2746070024575383e+18,46.8384026503918,18.61460305072232,0.05394826961632808,0.022119758084960906,0.9421728677719958,0.020573424255497182,0.978108529137671,1.0,0.96276,0.04197566849088917,0.015999405333761044,0.01025814938995252,4.091933826973001,77.48871469923388,30.795705733249317,21,0.001,25,0.7724428176879883,0.7558185741258135
bits,S1,2,10,1,NARMA,hyb,sample,500,10,1002,1.2462804686969782e-19,0.33173790433448164,1.25,7.07e-06,10100.0,3.16e-11,3,1.0,0.8065017254662079,0.015390146476719114,0.8393904564685093,0.02738093310655093,0.8238315432609211,0.9989019602385735,0.9843793860033918,0.9963426737711139,0.9822240617570964,0.9747934432699894,0.9641970089961038,0.8953702513972474,0.8999195455200371,0.8321358211564027,0.8547983769656324,0.8114632621816824,0.8416502777557382,0.8065017254662079,0.8393904564685093,0.8184011072756132,0.8515698102095446,0.843395252032941,0.8697122287347364,0.954636573627592,0.9255667787901526,4.420062450194143,0.21090675105485235,0.5736407405901451,0.41467238041810206,3.2071893147245215e+18,1.2746070024575383e+18,1.204884142007692,0.4788472440657776,1.6306906229770355,1.0937274606717553,0.32142262855422554,0.04114065019336739,0.42743444635117706,0.0,0.0,0.03029845577317635,0.039679060261260654,0.02079157855954688,1.4572465330807791,77.48871469923388,30.795705733249317,21,0.001,25,0.5900421142578125,0.7558185741258135
bits,S1,2,11,1,NARMA,hyb,sample,500,10,1002,3.590396656006153e-18,10.0,1.25,7.07e-06,10100.0,3.16e-11,5,10.0,0.766660038491122,0.0018439628449808767,0.8011243117122053,0.006027585287016427,0.7725200969171226,1.0783389273156612,1.1082016842888185,1.0780803608888507,1.1079551212248062,1.0755267120526575,1.1055192120451918,1.052793622012123,1.0837632844245764,0.9453196471051781,0.978203017609769,0.8231210139004231,0.8489279501756071,0.7772097680232715,0.8016546702773152,0.766660038491122,0.8011243117122053,0.7864083555827502,0.8275375618328089,0.8801980308255173,0.8835986772347499,4.624946005327945,0.21090675105485235,0.5736407405901451,12.5,3.2071893147245215e+18,1.2746070024575383e+18,1.1515081790765587,0.4576344719345572,0.054883444059761324,0.03718321909161253,0.3045163044383283,0.07884737138457006,0.519134254681328,0.0,0.0,0.16080047685667034,0.05918300842233346,0.02022009672923393,7.952507795088205,77.48871469923388,30.795705733249317,21,0.001,25,1.1372368335723877,0.7558185741258135
bits,S1,2,12,1,NARMA,hyb,sample,500,10,1002,4.610156568135542e-18,0.7399446113961495,1.25,7.07e-06,10100.0,3.16e-11,3,0.1,0.8122789159259971,0.005966524962239742,0.8367311291038873,0.010274095573676216,0.771893025454974,0.9559203423856868,0.9890276061590233,0.9555753661623058,0.9886924015893263,0.952221738983323,0.9854317589382887,0.9260139165328759,0.959801354932784,0.8507770796583664,0.883248918233854,0.8122789159259971,0.8367311291038873,0.8410350979318484,0.8554050678992029,0.8871142270477919,0.9011711129356128,0.9288215906082004,0.940640879960698,0.9463137318219316,0.9463057026143213,0.2665217366500408,0.21090675105485235,0.5736407405901451,0.9249307642451869,3.2071893147245215e+18,1.2746070024575383e+18,19.98209684456433,7.941321220089572,0.12091747727944553,0.051527834109606305,0.8771889996473204,0.03764230744943748,0.9474429057521018,0.96388,0.29944,0.07037031510678124,0.030232117489377916,0.014459038826640888,4.866873652564194,77.48871469923388,30.795705733249317,21,0.001,25,0.7244720458984375,0.7558185741258135
bits,S1,2,13,1,NARMA,hyb,sample,500,10,1002,1.8180607682570454e-18,3.7767580142062376,1.25,7.07e-06,10100.0,3.16e-11,5,10.0,0.7757150401097648,0.002812814393027776,0.8073475886167337,0.00789941608834963,0.7765246774303187,1.1059186582841334,1.1231886247638057,1.1053072397014525,1.122589673626071,1.099365610132835,1.1167693790479125,1.0529865089972124,1.0713396516272538,0.9154975558055041,0.9360599573014005,0.8201931113287694,0.8413397093507073,0.7862397689026995,0.81085605555923,0.7757150401097648,0.8073475886167337,0.7917349552160415,0.8284904583744449,0.8595679442794564,0.8689717565524921,3.4495294873249747,0.21090675105485235,0.5736407405901451,4.720947517757797,3.2071893147245215e+18,1.2746070024575383e+18,1.5438810343530376,0.6135720047186535,0.13127513610491115,0.0832672132360098,0.3698794621746649,0.07949737202658286,0.5717503244541653,0.0,0.0,0.14723912898552266,0.06314097494079045,0.0212700082235832,6.922382325281413,77.48871469923388,30.795705733249317,21,0.001,25,0.9438691139221191,0.7558185741258135
bits,S1,2,14,1,NARMA,hyb,sample,500,10,1002,8.267644079944442e-18,6.072164961007307,1.25,7.07e-06,10100.0,3.16e-11,2,1.0,0.7701584211032224,0.00453126454959241,0.7926929120264883,0.01175693476171616,0.778925518761177,0.8582420961052986,0.8756846220644539,0.8582153762775014,0.8756573831132574,0.8579492222391518,0.8753860575508596,0.8553877880762158,0.8727748355925528,0.8367982662825796,0.8538420847617078,0.7921656237261262,0.8096345293771368,0.7701584211032224,0.7926929120264883,0.7828701434562035,0.8067532755250453,0.8114419612315599,0.8344060425849612,0.8701892682614247,0.8637389982751277,1.2195816658987755,0.21090675105485235,0.5736407405901451,7.590206201259134,3.2071893147245215e+18,1.2746070024575383e+18,4.366795026389493,1.7354596105003801,0.04816328703126729,0.02454886496226078,0.6135656667867546,0.08806149023983104,0.8061255330568641,0.0006,0.0,0.18285441572830718,0.06723845698478328,0.0213934181033304,8.547227696159572,77.48871469923388,30.795705733249317,21,0.001,25,1.1649999618530273,0.7558185741258135
bits,S1,2,15,1,NARMA,hyb,sample,500,10,1002,5e-20,0.1,1.25,7.07e-06,10100.0,3.16e-11,4,0.1,0.8290537931488945,0.020872149237865442,0.8385028035491249,0.027139964313048222,0.7678469900830456,1.0613689405981694,1.0300736662370704,1.051258106544665,1.0201029643697441,0.9902848317654975,0.961345339507575,0.8894845077484888,0.8754066809080753,0.8426680958675987,0.8463045807877997,0.8290537931488945,0.8385028035491249,0.8304299504676443,0.8406592150970054,0.8557465841236083,0.8638060939665552,0.882784464427829,0.8857032699344822,0.9212744977352599,0.8923094020248061,3.321078134347694,0.21090675105485235,0.5736407405901451,0.125,3.2071893147245215e+18,1.2746070024575383e+18,1.6035946573622606,0.6373035012287691,4.886082509440756,3.0726749178786976,0.3877114283072584,0.031246539452184453,0.4646300362193468,0.0,0.0,0.012305253241424714,0.03092456559721531,0.02174200323537797,0.5659668572490117,77.48871469923388,30.795705733249317,21,0.001,25,0.5351510047912598,0.7558185741258135
bits,S1,2,16,1,NARMA,hyb,sample,500,10,1002,1.0657835657182428e-18,10.0,1.25,7.07e-06,10100.0,3.16e-11,2,1.0,0.7717112651516613,0.005930600470172283,0.802069311663091,0.007456537287374403,0.7992100994905744,0.8710366074848157,0.9061661536231911,0.8709353299825,0.9060628786058039,0.8699358241038005,0.9050430084548247,0.8611016339376756,0.8959753917589021,0.8214524139675229,0.853854854452502,0.7820442460702027,0.8100626705380947,0.7717112651516613,0.802069311663091,0.7841647855077859,0.8167573418641354,0.8792145905804809,0.8711650837112821,1.9386850615899882,1.792021034628516,15.580452922960882,0.21090675105485235,0.5736407405901451,12.5,3.2071893147245215e+18,1.2746070024575383e+18,0.3418169663780548,0.1358455195968636,0.07043211301163009,0.059620650211289795,0.11786111755273547,0.038645552992423324,0.23725610698010577,0.0,0.0,0.07612340276505168,0.02893945660185943,0.014173629177666326,5.370777082626153,77.48871469923388,30.795705733249317,21,0.001,25,0.8343338966369629,0.7558185741258135
bits,S1,2,17,1,NARMA,hyb,sample,500,10,1002,5e-20,1.3333961758461041,1.25,7.07e-06,10100.0,3.16e-11,1,0.01,0.871869209059707,0.023721384733682096,0.8887519855342824,0.02920273838992052,0.8649599766109682,0.9239946556321229,0.9317844319970673,0.9231444371474902,0.9310320323868048,0.9159400582573204,0.9247031295638722,0.8894960304642279,0.9024036044770833,0.871869209059707,0.8887519855342824,0.8724645473852204,0.8889247840422538,0.8985393487646605,0.9108775739478002,0.9461085712445316,0.9450399862412311,1.13897340839361,1.047962235236476,2.6680783520935627,2.4746800871429366,44.28312884025329,0.21090675105485235,0.5736407405901451,1.6667452198076302,3.2071893147245215e+18,1.2746070024575383e+18,0.12026393103645303,0.04779550989970174,0.5726038301686082,0.5355628308473285,0.045502388225552685,0.010837591833307186,0.07506692628124678,0.0,0.0,0.013131290959910826,0.009820100100546968,0.00924516942882839,1.4203407585981809,77.48871469923388,30.795705733249317,21,0.001,25,0.5171968936920166,0.7558185741258135
bits,S1,2,18,1,NARMA,hyb,sample,500,10,1002,3.0131079827756055e-18,10.0,1.25,7.07e-06,10100.0,3.16e-11,3,10.0,0.7527524418521886,0.003079802197677633,0.7906885896532347,0.00480917558133229,0.803883159108068,0.9012812816235185,0.9416932276165821,0.9011986189989958,0.9416147377367101,0.9003784140237917,0.9408356719323313,0.892767454858534,0.9335822011247649,0.8488092704778856,0.8904823711684111,0.7827714064664233,0.8191752352528777,0.7555326830161921,0.7898016954385672,0.7527524418521886,0.7906885896532347,0.7836070250316631,0.8181276477577631,0.9879748411599352,0.9476233499180144,5.51105063829872,0.21090675105485235,0.5736407405901451,12.5,3.2071893147245215e+18,1.2746070024575383e+18,0.966360772646908,0.3840528534006495,0.05780126084306547,0.0406842941096269,0.2697420265064368,0.07329463257274496,0.4741257861261548,0.0,0.0,0.1485974598952831,0.05497826871939092,0.019502108931864975,7.61955850079814,77.48871469923388,30.795705733249317,21,0.001,25,1.1098198890686035,0.7527524418521886
bits,S1,2,19,1,NARMA,hyb,sample,500,10,1002,2e-17,10.0,1.25,7.07e-06,10100.0,3.16e-11,4,1.0,0.7729299673696769,0.00507762579510741,0.8023104670483633,0.012222162926074562,0.7323529592562896,0.9761553020395821,1.0107443450863827,0.9760892583268135,1.0106779150230178,0.975431564863305,1.010016343413972,0.9691166702497742,1.0036614008476135,0.9239206954275989,0.958039810802152,0.8180619485396388,0.8503481476259568,0.7729299673696769,0.8023104670483633,0.7958597810657018,0.8176749208311967,0.8372734365309855,0.8558347142448126,0.8818534910659356,0.8857372420204264,0.8302695335869232,0.21090675105485235,0.5736407405901451,12.5,3.2071893147245215e+18,1.2746070024575383e+18,6.414378629449044,2.549214004915077,0.022540201827563285,0.010789845514801385,0.6963532566945044,0.08054508356729374,0.8606990447495384,0.10744,0.0,0.17154956631085344,0.061281277636754276,0.020185836720345386,8.498511539922838,77.48871469923388,30.795705733249317,21,0.001,25,1.3711719512939453,0.7527524418521886
bits,S1,2,20,1,NARMA,hyb,sample,500,10,1002,1.0436266698368386e-18,9.644932978931612,1.25,7.07e-06,10100.0,3.16e-11,4,1.0,0.7624609535197144,0.007704202957986558,0.7959745727094425,0.00769590745261498,0.7695468090856343,1.0241965776423911,1.056103681343669,1.0237510354165305,1.055661436263486,1.0194029568779124,1.051344065560841,0.9843404107240069,1.0164386679510031,0.8708689452296549,0.9026227102573726,0.7906116597644752,0.8222850322620887,0.7624609535197144,0.7959745727094425,0.7637388784773884,0.8012434745378563,0.8301653563082556,0.8430123608302946,1.5471079695549839,1.436159845037474,15.346280882504937,0.21090675105485235,0.5736407405901451,12.056166223664516,3.2071893147245215e+18,1.2746070024575383e+18,0.34703282141759484,0.1379184141798802,0.07289196323693656,0.06157615901722642,0.11943306510775781,0.038965223999852534,0.2393795517097969,0.0,0.0,0.07651326100923297,0.029241612471278416,0.014256486555101913,5.366908649863067,77.48871469923388,30.795705733249317,21,0.001,25,0.8643100261688232,0.7527524418521886
bits,S1,2,21,1,NARMA,hyb,sample,500,10,1002,1.2163124315393554e-17,9.727069148202679,1.25,7.07e-06,10100.0,3.16e-11,1,1.0,0.777120050282747,0.0073461905484612615,0.8049512665484329,0.011797674480533031,0.7904933922227946,0.8164831133575557,0.8372820124421227,0.8164755102381628,0.8372750005601943,0.8163996285625427,0.8372050236262663,0.8156554591382287,0.8365191512564577,0.8094275864385143,0.8308100371821086,0.787532715956086,0.8115360554113833,0.777120050282747,0.8049512665484329,0.8199698960466701,0.8456693015998603,0.9325880364600241,0.946408945512754,1.0397370120554346,1.000026599748414,1.3279629403483042,0.21090675105485235,0.5736407405901451,12.158836435253349,3.2071893147245215e+18,1.2746070024575383e+18,4.010400434462234,1.5938206244814024,0.03170794123232159,0.01641479817911346,0.5931761940671014,0.09095544981989159,0.7938415393396503,0.0,0.0,0.19216710176232205,0.06890553376633325,0.021570472914249704,8.908803368672285,77.48871469923388,30.795705733249317,21,0.001,25,1.2728378772735596,0.7527524418521886
bits,S1,2,22,1,NARMA,hyb,sample,500,10,1002,6.298641987854029e-20,0.100144038280132,1.25,7.07e-06,10100.0,3.16e-11,1,0.1,0.824618351288011,0.024241103268740304,0.8493078679172296,0.02892668724929215,0.8199073994037874,0.8612744718796694,0.8959461391135957,0.8605150480675215,0.8950632018381548,0.85447619751658,0.8879426639901572,0.8370504959700188,0.8658264224375891,0.8276243229578695,0.852316874373523,0.824618351288011,0.8493078679172296,0.8257245923038076,0.8519282089253946,0.8432074684137746,0.8672245086813163,0.8597011473847266,0.8734856435321525,1.0508656996251937,0.9889508025493614,2.640141926297498,0.21090675105485235,0.5736407405901451,0.125180047850165,3.2071893147245215e+18,1.2746070024575383e+18,2.017188204874739,0.8016746000629956,4.433926920576276,2.6476616534663475,0.4430304763919947,0.03358345082280091,0.5261824516217876,0.0,0.0,0.014018614636736936,0.03319464989710057,0.02216335927587491,0.6325130799100644,77.48871469923388,30.795705733249317,21,0.001,25,0.5357511043548584,0.7527524418521886
bits,S1,2,23,1,NARMA,hyb,sample,500,10,1002,5.042574602699952e-20,1.2773141553441323,1.25,7.07e-06,10100.0,3.16e-11,5,0.1,0.852923951734536,0.02775659848874641,0.8720872733526424,0.03271404341596393,0.8154346515228408,1.2270721334084729,1.1999676104675925,1.2123259414451195,1.1857475147684844,1.1190019964651057,1.096555370755199,0.9510744728828859,0.9442066241765037,0.8743365856314689,0.8874042477794074,0.852923951734536,0.8720872733526424,0.8529700971590355,0.8741479824465799,0.8824877762434042,0.8945889891522094,1.0126423069775508,0.958833837051006,2.3506364437618545,2.1775066855102887,42.06244276222368,0.21090675105485235,0.5736407405901451,1.5966426941801655,3.2071893147245215e+18,1.2746070024575383e+18,0.12661326359546501,0.05031887317716496,0.5963086270260851,0.5559265325929552,0.04778646785808016,0.01124136317972608,0.0783861794504913,0.0,0.0,0.01339849181163731,0.010218530490966075,0.009464559048963409,1.415648816001075,77.48871469923388,30.795705733249317,21,0.001,25,0.559229850769043,0.7527524418521886
bits,S1,2,24,1,NARMA,hyb,sample,500,10,1002,6.410579889192923e-19,2.6634261339014937,1.25,7.07e-06,10100.0,3.16e-11,3,10.0,0.7625076979863994,0.007456987603152992,0.799449639622976,0.007754208115191856,0.8151633647794944,0.9349607100173347,0.9336273455015347,0.9345577344295345,0.9332799072622734,0.9306609452840405,0.9299210639710461,0.9014215546227305,0.9047692322708871,0.826479332947347,0.8410386588237213,0.7828092603491508,0.8070698126097513,0.7675221920281962,0.7980118145367487,0.7625076979863994,0.799449639622976,0.7943899474704745,0.8254072191005444,1.0788586121212327,1.0217801559823456,6.89909996337639,0.21090675105485235,0.5736407405901451,3.329282667376867,3.2071893147245215e+18,1.2746070024575383e+18,0.7719359309465968,0.30678417969150146,0.22985050489297448,0.16951233859103654,0.23079605712579215,0.05491370047261567,0.3769110121763519,0.0,0.0,0.09003026798937222,0.04588209009807937,0.01861230747761741,4.837136292619272,77.48871469923388,30.795705733249317,21,0.001,25,0.729874849319458,0.7527524418521886
bits,S1,2,25,1,NARMA,hyb,sample,500,10,1002,1.9662959010646412e-17,9.79469450063383,1.25,7.07e-06,10100.0,3.16e-11,2,1.0,0.7700042694552532,0.00478840274540263,0.7936722435667942,0.009896197501564367,0.7747420557202961,0.8590334732391319,0.8679434126647625,0.8590153266373743,0.8679277444451123,0.858834264051473,0.8677714156111402,0.8570630256514338,0.8662426140019956,0.8425267323971439,0.8537275729120294,0.7939690872912035,0.8124038510918445,0.7700042694552532,0.7936722435667942,0.7974013076800784,0.8182536235062896,0.8350670140892881,0.8546515033580407,0.8835586621795188,0.8791403643203879,0.8271630358649982,0.21090675105485235,0.5736407405901451,12.243368125792287,3.2071893147245215e+18,1.2746070024575383e+18,6.438468502588879,2.5587878460511075,0.02295075587914365,0.010980334332524991,0.6971358420443644,0.08040478293267701,0.861141736822002,0.10928,0.0,0.17119570983177596,0.061181339596756194,0.020171382312883093,8.487058902375589,77.48871469923388,30.795705733249317,21,0.001,25,1.3748199939727783,0.7527524418521886
bits,S1,2,26,1,NARMA,hyb,sample,500,10,1002,5.0287978604614944e-18,9.669924900852576,1.25,7.07e-06,10100.0,3.16e-11,4,10.0,0.7585849597628893,0.001965973211987445,0.795600120526983,0.006284522678914326,0.7830731398030256,0.9911186797953697,1.0432896485920709,0.9909992832724545,1.043174642423353,0.9898142160130318,1.0420328871809057,0.9787844217649713,1.031381620673829,0.9137922071166166,0.967288973217735,0.8113095873830403,0.8568954645797213,0.7688213727924894,0.8059144809444863,0.7585849597628893,0.795600120526983,0.7769374920520368,0.8127767481076165,0.8548388233899749,0.8542217413030677,3.1930669158034735,0.21090675105485235,0.5736407405901451,12.087406126065721,3.2071893147245215e+18,1.2746070024575383e+18,1.6678833526990104,0.662853231292683,0.04975227760204859,0.031009877358783723,0.38520506888577977,0.08819906340928457,0.6116333947721951,0.0,0.0,0.18176069961436236,0.06639091434126726,0.02137920791415538,8.501750876093817,77.48871469923388,30.795705733249317,21,0.001,25,1.1769070625305176,0.7527524418521886
bits,S1,2,27,1,NARMA,hyb,sample,500,10,1002,1.9209472600455897e-17,0.11832294299448354,1.25,7.07e-06,10100.0,3.16e-11,1,0.001,0.955381244696724,0.013292113817085638,0.9625856550180221,0.02096006444014769,0.8885769042538533,0.9699439593014588,0.9777560449665288,0.9696150569649851,0.9774273498689847,0.9667012628798599,0.9744997941219836,0.955381244696724,0.9625856550180221,0.9615642593745222,0.9685539323946302,0.9832960462797112,0.9945379411398614,0.9953147986647947,1.0082539161431758,0.9971515682314719,1.0100552349470242,0.9977649702647892,1.0080671204529408,1.011197885434047,0.9960247015085237,0.010228280259014549,0.21090675105485235,0.5736407405901451,0.14790367874310442,3.2071893147245215e+18,1.2746070024575383e+18,520.6802138833543,206.92967627756542,0.032516556411367054,0.012960347868950454,0.9944306634937146,0.002158551023300089,0.9980083721125402,1.0,1.0,0.004499995060887933,0.0016688821276481492,0.003267778951842838,1.3770806187334663,77.48871469923388,30.795705733249317,21,0.001,25,0.53118896484375,0.7527524418521886
bits,S1,2,28,1,NARMA,hyb,sample,500,10,1002,4.734996626487209e-19,0.10057736776210364,1.25,7.07e-06,10100.0,3.16e-11,5,0.1,0.8504101538274215,0.01588658727572157,0.8608826003548286,0.013114628165230001,0.7876352556635787,1.18884930111779,1.2083973323691872,1.1792234756777038,1.1983300480134509,1.1110107207100621,1.126952645554665,0.9522266060427869,0.9655238454073439,0.8664507519624853,0.8834430910598507,0.8504101538274215,0.8608826003548286,0.8776660895757684,0.8851294165570941,0.9187978227191074,0.9298504506514288,0.9454634174833769,0.9566703814090152,0.9548589518023605,0.9595732068461533,0.35271967778863567,0.21090675105485235,0.5736407405901451,0.12572170970262955,3.2071893147245215e+18,1.2746070024575383e+18,15.09885466643555,6.000614244557145,1.136196832605125,0.4940771188859526,0.8525135377680148,0.02699707193188932,0.9076625906791034,0.96356,0.01068,0.023525307832552963,0.025631073240139916,0.015768375525126374,1.4919297041769572,77.48871469923388,30.795705733249317,21,0.001,25,0.5637061595916748,0.7527524418521886
bits,S1,2,29,1,NARMA,hyb,sample,500,10,1002,1.965618189325427e-17,3.625953085197537,1.25,7.07e-06,10100.0,3.16e-11,5,1.0,0.8084365433718709,0.008142967833098978,0.8245110941970022,0.012779330152928375,0.749967271912553,1.1040615271099126,1.1200885949156334,1.1037931093262192,1.1198218708415966,1.1011417367362195,1.1171864453471183,1.0774941745384514,1.0936190584810235,0.9633963013026365,0.978595943906811,0.8301843364201382,0.8456708793828416,0.8084365433718709,0.8245110941970022,0.8620598842363367,0.8752434440793213,0.9177111631635333,0.93163640219625,0.943855521432465,0.9511041105744239,0.3063177165539146,0.21090675105485235,0.5736407405901451,4.532441356496921,3.2071893147245215e+18,1.2746070024575383e+18,17.386076172271355,6.9096059695311975,0.027894138789940327,0.011999931068521598,0.8586576952982915,0.046622247796090206,0.9436311076047785,0.88556,0.20656,0.09848280378459218,0.035813507795088885,0.015295323416915812,6.438752623934414,77.48871469923388,30.795705733249317,21,0.001,25,1.0935769081115723,0.7527524418521886
bits,S1,2,30,1,NARMA,hyb,sample,500,10,1002,3.84857396104229e-19,9.920447192757148,1.25,7.07e-06,10100.0,3.16e-11,5,1.0,0.7873463215947935,0.006861650642241059,0.8216184950682107,0.010927123291693687,0.7923434767150427,1.1426885111754075,1.1976557844203288,1.1404309590691073,1.1953985752719158,1.1197712850347734,1.1746375869132226,1.0088300943991295,1.0592902972510718,0.8592413642865248,0.8928655795820527,0.7992530712927157,0.8279822784376915,0.7873463215947935,0.8216184950682107,0.8380400502912796,0.8626169409343127,0.9918747409390948,0.9470813143144017,2.346399017214652,2.1773076122607056,42.803621014332755,0.21090675105485235,0.5736407405901451,12.400558990946436,3.2071893147245215e+18,1.2746070024575383e+18,0.1244208556827305,0.04944756244256471,0.07684188220847545,0.07171827663070067,0.046827370025009016,0.016576262094946743,0.10047856826292452,0.0,0.0,0.03214028952833887,0.012419472631315506,0.009288650209628518,3.460167925693076,77.48871469923388,30.795705733249317,21,0.001,25,0.6772339344024658,0.7527524418521886
bits,S1,2,31,1,NARMA,hyb,sample,500,10,1002,3.0458147696202712e-18,9.95667836122749,1.25,7.07e-06,10100.0,3.16e-11,1,1.0,0.7887909044755312,0.009865866212697786,0.8192872230812988,0.011959613344882889,0.8048666504967491,0.8250054555328598,0.8586689377249375,0.8249891267130997,0.8586518230135839,0.8248265849818115,0.8584814228962644,0.8232724645737732,0.8568488619184276,0.8125841791638969,0.8454385168391273,0.7918555773064578,0.8223426616467094,0.7887909044755312,0.8192872230812988,0.8557817401125515,0.8815031794085233,0.9970910838507125,0.9998412177334716,1.5224080681452083,1.4152142282087785,5.428253077965075,0.21090675105485235,0.5736407405901451,12.445847951534363,3.2071893147245215e+18,1.2746070024575383e+18,0.9811007475942982,0.3899108410154548,0.05780808285202567,0.040557291774241576,0.2726523039162375,0.07377324459419943,0.4779387078671168,0.0,0.0,0.14959513017604434,0.05534951405644458,0.01956797087332195,7.6448974267431735,77.48871469923388,30.795705733249317,21,0.001,25,1.0252301692962646,0.7527524418521886
bits,S1,2,32,1,NARMA,hyb,sample,500,10,1002,6.065646134947515e-18,9.851041935109679,1.25,7.07e-06,10100.0,3.16e-11,3,10.0,0.7567053924224947,0.0020512278124468018,0.7898348550751991,0.005047174489503946,0.796441985164675,0.9099242747263441,0.9493550821181156,0.9098697375995022,0.9492995772467729,0.9093270410692134,0.9487470829687386,0.9041535661358108,0.9434646504534451,0.8688895177349153,0.9066231659273913,0.7946927573836988,0.8239924053449842,0.7574691072258655,0.7862486689980401,0.7567053924224947,0.7898348550751991,0.7802244381065679,0.8114683534516383,0.8603279953484855,0.8519768401859966,2.6968338774940777,0.21090675105485235,0.5736407405901451,12.313802418887098,3.2071893147245215e+18,1.2746070024575383e+18,1.9747835405684089,0.7848220613576675,0.045500156845978315,0.027299358970642625,0.4243890340072115,0.09118963670509975,0.6522284161647249,0.0,0.0,0.18916880767266367,0.06867874463936574,0.02171071872797889,8.713152707785733,77.48871469923388,30.795705733249317,21,0.001,25,1.155790090560913,0.7527524418521886
bits,S1,2,33,1,NARMA,hyb,sample,500,10,1002,1.1874805444251894e-19,9.82481309459123,1.25,7.07e-06,10100.0,3.16e-11,1,0.01,0.9299223143987598,0.013447890099127108,0.9326381430541391,0.022233155015356987,0.9023553743449757,0.9831344164365836,0.9695820287790318,0.9826918625441368,0.9692324352059666,0.978615789478663,0.9660285289306969,0.9563444658215353,0.9491557231216019,0.9299223143987598,0.9326381430541391,0.9427769056544557,0.9534337890415097,0.9772963080713662,0.9891233715879494,0.9974282104968129,0.9964562976999325,1.190617367402068,1.0929549350647172,2.7449065494319944,2.548159764356977,137.38739592695464,0.21090675105485235,0.5736407405901451,12.281016368239037,3.2071893147245215e+18,1.2746070024575383e+18,0.03876384086757204,0.015405596041716962,0.08019109380228447,0.07838787046297141,0.015141134170781636,0.005531774824528764,0.03339021284141023,0.0,0.0,0.010639056952519106,0.0041483122885786405,0.005369496614802351,1.9813881478554067,77.48871469923388,30.795705733249317,21,0.001,25,0.5255959033966064,0.7527524418521886
bits,S1,2,34,1,NARMA,hyb,sample,500,10,1002,1.673484691052386e-18,3.5286195184261744,1.25,7.07e-06,10100.0,3.16e-11,2,10.0,0.7678903838412433,0.003343719655270509,0.8052631044130321,0.006395090705089015,0.8118872427557362,0.8618409307487023,0.9056508609632934,0.8617556458720413,0.9055648314194478,0.8609124296053532,0.904713796430771,0.8533394593830751,0.8970322405074519,0.81698343428881,0.858988819097642,0.7802837943022649,0.8174397021617457,0.770004487678213,0.8053573151061032,0.7678903838412433,0.8052631044130321,0.7900648294174075,0.8254096495777752,0.9512479829749718,0.9194253918899158,3.501323074460923,0.21090675105485235,0.5736407405901451,4.410774398032718,3.2071893147245215e+18,1.2746070024575383e+18,1.521043057057094,0.6044956943026354,0.14130144363234384,0.08993006179414405,0.3667432678852434,0.07836891502073019,0.565655534975704,0.0,0.0,0.14331464310858558,0.06264137438162078,0.021238994505123284,6.747713177948001,77.48871469923388,30.795705733249317,21,0.001,25,0.8969590663909912,0.7527524418521886
bits,S1,2,35,1,NARMA,hyb,sample,500,10,1002,3.425355447908224e-19,4.027111042377217,1.25,7.07e-06,10100.0,3.16e-11,4,1.0,0.7725329970272383,0.009044531595450916,0.8081686806769358,0.007166539669592398,0.7907230912629182,1.01445190159141,1.0124566414264422,1.0133036651110534,1.0114807364635214,1.0025807245194756,1.002391866700474,0.9384862437561207,0.9488733985856271,0.8369358503397294,0.8640800992725983,0.7908747274228023,0.8234548714027964,0.7725329970272383,0.8081686806769358,0.7819494747343867,0.8179811113564759,0.8610889962991287,0.8605799849672675,1.7882776976571915,1.657080310317347,19.52257310346652,0.21090675105485235,0.5736407405901451,5.033888802971521,3.2071893147245215e+18,1.2746070024575383e+18,0.27279514461016086,0.10841474183022891,0.17922314287219615,0.15607662747451187,0.09690680147691562,0.02849197402786685,0.18011461757130154,0.0,0.0,0.04896811700917299,0.023157418481149352,0.013052343944714308,3.751672283276229,77.48871469923388,30.795705733249317,21,0.001,25,0.6229071617126465,0.7527524418521886
bits,S1,2,36,1,NARMA,hyb,sample,500,10,1002,1.803922043636304e-17,9.969034019574714,1.25,7.07e-06,10100.0,3.16e-11,5,1.0,0.7797241669374176,0.005994989742827184,0.802683387137421,0.011222293227314353,0.7072178516824603,1.0866857890529722,1.0984795365555298,1.0865504281003386,1.0983508113717526,1.0852050359846501,1.097071286014833,1.0725174376394224,1.084996864399748,0.9911091440867587,1.0071471971609838,0.837935958605003,0.8587407799109398,0.7797241669374176,0.802683387137421,0.7998747794620791,0.8189602069348039,0.8390259315358339,0.8591345912446245,0.884424111253901,0.8943119386331437,0.9176655116492635,0.21090675105485235,0.5736407405901451,12.461292524468393,3.2071893147245215e+18,1.2746070024575383e+18,5.803490580517841,2.306433766994443,0.02427040823888159,0.011795194891512612,0.6755288935662617,0.08330051339493086,0.8482212944945372,0.06492,0.0,0.1771905716117161,0.06331637582113393,0.02055323363416136,8.621055682314102,77.48871469923388,30.795705733249317,21,0.001,25,1.3497908115386963,0.7527524418521886
bits,S1,2,37,1,NARMA,hyb,sample,500,10,1002,2.8544564302648733e-19,0.4540620388540638,1.25,7.07e-06,10100.0,3.16e-11,1,1.0,0.7927731798508397,0.005314039031234423,0.8165796722023704,0.013578690296517636,0.8252874396620401,0.8408055645768773,0.8711892466992802,0.8405644835075072,0.8709156833402887,0.8382882559042709,0.8683282007133444,0.8239119693255772,0.8517508527462319,0.8011396051977462,0.8241158057442328,0.7929336688487234,0.8143542304620099,0.7927731798508397,0.8165796722023704,0.8098511496718224,0.8379025359939842,0.840668090156683,0.8614209567359952,1.0477151230831327,0.9859970639931225,2.641440753635246,0.21090675105485235,0.5736407405901451,0.5675775485675798,3.2071893147245215e+18,1.2746070024575383e+18,2.0161963298223577,0.801280407278203,0.9781229903065446,0.5841376308720972,0.4397280860603212,0.05421707662939449,0.5673289724059378,0.0,0.0,0.05174039755884029,0.05100479554391627,0.022061541056374076,2.345275764128514,77.48871469923388,30.795705733249317,21,0.001,25,0.5511441230773926,0.7527524418521886
bits,S1,2,38,1,NARMA,hyb,sample,500,10,1002,1.1422258440017478e-18,2.004958771106753,1.25,7.07e-06,10100.0,3.16e-11,4,10.0,0.7684223657547417,0.005905154404303623,0.8004930403335907,0.006313226698706046,0.7914909090664433,1.0311483504444876,1.0294372734711135,1.03054127476713,1.0288417993213996,1.024674701972875,1.0230893503766338,0.9808697105752119,0.9802866494425932,0.8694728255803843,0.8744297773689546,0.8018934484482465,0.818597610541446,0.7792194136971328,0.8043825104216851,0.7684223657547417,0.8004930403335907,0.784422234489764,0.8174927519856527,0.8498517060278319,0.8518229284486951,2.9147583947422357,0.21090675105485235,0.5736407405901451,2.5061984638834414,3.2071893147245215e+18,1.2746070024575383e+18,1.827137083653054,0.7261441382901542,0.23115723060844567,0.14113595727115455,0.4110295101102378,0.07498262747445494,0.5924197231154233,0.0,0.0,0.12347632600317243,0.06281235315573709,0.021734477482673396,5.681126960682954,77.48871469923388,30.795705733249317,21,0.001,25,0.7674040794372559,0.7527524418521886
bits,S1,2,39,1,NARMA,hyb,sample,500,10,1002,7.441333042222076e-19,0.10567439039759448,1.25,7.07e-06,10100.0,3.16e-11,1,0.01,0.8379006038048029,0.012511552910386319,0.8517901390767438,0.021939859617805434,0.8294743412565664,0.8780173563332287,0.8963509874926083,0.8775243384431318,0.8958444385759694,0.8731586264627913,0.8913331514881027,0.8539136482111184,0.8707005039342987,0.8379006038048029,0.8517901390767438,0.8413637648541963,0.8531915561305494,0.8884518475730381,0.8995615478394218,0.9394345901611627,0.9528181435193879,0.9532042907797008,0.9643037995273129,0.9734976314486282,0.9548035620361024,0.23581319725825223,0.21090675105485235,0.5736407405901451,0.1320929879969931,3.2071893147245215e+18,1.2746070024575383e+18,22.584245558954674,8.97547188826823,0.7589039035680968,0.32099498527593007,0.8952186240429566,0.022649490863226634,0.9390753157919525,0.99924,0.47092,0.023830804417869632,0.02098765807044472,0.013600214923118473,1.7522373398203126,77.48871469923388,30.795705733249317,21,0.001,25,0.5294919013977051,0.7527524418521886
bits,S1,2,40,1,NARMA,hyb,sample,500,10,1002,9.405816235539963e-19,6.283407423103442,1.25,7.07e-06,10100.0,3.16e-11,3,1.0,0.7652135984610104,0.008279454164745365,0.7957162244086061,0.00903364992074158,0.7907667322601715,0.9455797565506734,0.9732819332172893,0.9453006122927418,0.9730048414594773,0.9425679496572272,0.9702915124866747,0.9200113281736154,0.9478350198862564,0.8424394790188583,0.8693440830407957,0.7845726962357916,0.81100148116877,0.7652135984610104,0.7957162244086061,0.7653418095476906,0.8010230235615226,0.8173548733022283,0.836363533907809,1.4078828784364936,1.306188722536988,11.092969753766864,0.21090675105485235,0.5736407405901451,7.854259278879302,3.2071893147245215e+18,1.2746070024575383e+18,0.4800935431302459,0.19079964787205672,0.10691929062162656,0.08602122089776529,0.15754011445763655,0.04696958883676929,0.2953431884165912,0.0,0.0,0.08848101067468321,0.036332955645285686,0.016036363128765677,5.517523516037618,77.48871469923388,30.795705733249317,21,0.001,25,0.8217260837554932,0.7527524418521886
bits,S1,2,41,1,NARMA,hyb,sample,500,10,1002,2.1024222079218458e-18,9.894815569328735,1.25,7.07e-06,10100.0,3.16e-11,3,10.0,0.7556684035188409,0.003374029284809154,0.7942055780710254,0.00481199041406074,0.8085070362758507,0.9194123960857755,0.9433910421776976,0.9192951283260322,0.9432783613797036,0.9181344425451481,0.9421627005495512,0.9076044475508509,0.9320096334512785,0.8535529070125957,0.8790054901682863,0.7846299494688879,0.8116542850607044,0.7579372299459646,0.7904950921945121,0.7556684035188409,0.7942055780710254,0.7953711978743769,0.8263810722278929,1.1500076779019122,1.081911167882287,7.8151418651496565,0.21090675105485235,0.5736407405901451,12.368519461660918,3.2071893147245215e+18,1.2746070024575383e+18,0.6814544437985838,0.2708248627337698,0.06362042710711299,0.048083622392296875,0.20816589740336414,0.061245576847566645,0.38621538441994924,0.0,0.0,0.12269445848806858,0.04592015049771942,0.017842860544254102,6.876389477111035,77.48871469923388,30.795705733249317,21,0.001,25,0.9983313083648682,0.7527524418521886
bits,S1,2,42,1,NARMA,hyb,sample,500,10,1002,4.541346574329075e-19,1.1658109550465674,1.25,7.07e-06,10100.0,3.16e-11,3,10.0,0.7702546447823748,0.008031955777156497,0.8056415846592178,0.013254328393062486,0.8182920542248746,0.9272939041024074,0.9642289963562956,0.9267004530906181,0.9636250267073555,0.9210760728084353,0.9578971212427401,0.8843285906055668,0.920266240203756,0.8159014764648456,0.8479534774434005,0.7838338841175941,0.8127628545604002,0.7733950614912697,0.8041741548514614,0.7702546447823748,0.8056415846592178,0.7945495166478528,0.8262571154643904,0.9132578460047887,0.8889238173293064,4.262776698737376,0.21090675105485235,0.5736407405901451,1.4572636938082093,3.2071893147245215e+18,1.2746070024575383e+18,1.2493413400002946,0.49651550443658143,0.45854359792312993,0.3050749086183637,0.32673590951341286,0.058509506296454954,0.4693775121481827,0.0,0.0,0.07770795054895398,0.052054583408537934,0.020785238949390085,3.738612326669173,77.48871469923388,30.795705733249317,21,0.001,25,0.63179612159729,0.7527524418521886
bits,S1,2,43,1,NARMA,hyb,sample,500,10,1002,5.3165154618573006e-18,9.83896886031905,1.25,7.07e-06,10100.0,3.16e-11,2,10.0,0.7630369017065918,0.002623464488187294,0.7958783352067906,0.00542659585454985,0.8040392056984658,0.8566223805726073,0.8800849831798881,0.8565961534756126,0.8800582848232492,0.8563348186134195,0.8797922262661959,0.8538115908962395,0.8772207544101184,0.8350982489686419,0.8579922493355839,0.7886444224535403,0.80971321898129,0.7632216958403056,0.7891090271108916,0.7630369017065918,0.7958783352067906,0.7867333706315183,0.8203854658578654,0.9272363708167685,0.9016127648851778,3.073063981564932,0.21090675105485235,0.5736407405901451,12.298711075398812,3.2071893147245215e+18,1.2746070024575383e+18,1.7330140813438373,0.6887376037632208,0.04814799722718316,0.029750791998646147,0.39396773394420825,0.08902103535026815,0.6211991856511138,0.0,0.0,0.18387277009204245,0.06699236311230856,0.021465296349799694,8.566048522957303,77.48871469923388,30.795705733249317,21,0.001,25,1.1525051593780518,0.7527524418521886
bits,S1,2,44,1,NARMA,hyb,sample,500,10,1002,3.866620960657673e-18,5.05074481068162,1.25,7.07e-06,10100.0,3.16e-11,4,10.0,0.7689779241441588,0.002568978071261609,0.8029947776328438,0.00641885195515037,0.7847806292827875,1.0055295285102221,1.0475875907529857,1.005360209509448,1.0474277686889994,1.0036848738651067,1.0458453847164886,0.9885246677461186,1.0314399157169432,0.9111063868237188,0.9550570252663722,0.8127989398216208,0.850308502729637,0.775344551405386,0.809760926412532,0.7689779241441588,0.8029947776328438,0.7877030139248282,0.8194957013969134,0.846088212617072,0.8512990666084221,2.1690667799607306,0.21090675105485235,0.5736407405901451,6.313431013352026,3.2071893147245215e+18,1.2746070024575383e+18,2.4552785567159914,0.9757812633654424,0.08016701223332401,0.045840726908319404,0.47771811032652667,0.08975829153962307,0.6932858639174344,0.0,0.0,0.17849611888955916,0.06924330582165228,0.021969495685193224,8.124725366812136,77.48871469923388,30.795705733249317,21,0.001,25,1.1328699588775635,0.7527524418521886
bits,S1,2,45,1,NARMA,hyb,sample,500,10,1002,2.6923581681434402e-18,0.7490521208921368,1.25,7.07e-06,10100.0,3.16e-11,5,0.1,0.8265725858891677,0.01969807330194461,0.8296103186843695,0.0196548284132578,0.7135391413732267,1.1583756587537828,1.1897226315597371,1.1568153593895834,1.1880589684146208,1.142164587116366,1.1724157919216873,1.051328226277332,1.074443107191693,0.8937158616037347,0.8998006478847789,0.8265725858891677,0.8296103186843695,0.8278563221986701,0.8359562090680639,0.8628284064901213,0.8756789393631396,0.9001837177873062,0.914368142737473,0.9280873043849629,0.9351156701720779,0.46198545379589073,0.21090675105485235,0.5736407405901451,0.936315151115171,3.2071893147245215e+18,1.2746070024575383e+18,11.527772377169933,4.581388235243436,0.19135319427958236,0.08525190554025544,0.8081168137165764,0.05049833603798169,0.906896930384075,0.6052,0.00296,0.08648096926897586,0.04187411285034086,0.01738046055228787,4.975758208984398,77.48871469923388,30.795705733249317,21,0.001,25,0.722247838973999,0.7527524418521886
bits,S1,2,46,1,NARMA,hyb,sample,500,10,1002,2.3517874985058497e-18,9.62037164257125,1.25,7.07e-06,10100.0,3.16e-11,4,10.0,0.7506001519344283,0.00284447887601808,0.7902671850055392,0.00422748045245022,0.7930441690679016,0.9984843740807218,1.0373873273463996,0.9982789434079609,1.0371773216181748,0.9962504599145907,1.0351030584207304,0.9782308356043636,1.0166273062518143,0.8946879769877022,0.929636954326144,0.803051835958108,0.8325738205358512,0.7657990853516242,0.7982248960904634,0.7506001519344283,0.7902671850055392,0.781888090226732,0.8186791921070349,0.9925535049782699,0.9564666391216127,6.792706808489421,0.21090675105485235,0.5736407405901451,12.025464553214062,3.2071893147245215e+18,1.2746070024575383e+18,0.7840266484439831,0.31158929459886014,0.06340160823413925,0.04661189937536913,0.23162936893185862,0.06601466611778188,0.4202803667291201,0.0,0.0,0.13251858646044787,0.049572941335838484,0.01854080951300991,7.147400245251473,77.48871469923388,30.795705733249317,21,0.001,25,0.980269193649292,0.7506001519344283
bits,S1,2,47,1,NARMA,hyb,sample,500,10,1002,1.9878233254460776e-17,3.7318942641941053,1.25,7.07e-06,10100.0,3.16e-11,1,0.1,0.8043301346475286,0.010580853503772263,0.8246584279222876,0.01889169995037711,0.784908874645143,0.8378715027051957,0.8577062499360434,0.8378568815897356,0.8576917897078014,0.8377112055302213,0.8575477215591768,0.836306018186051,0.8561585055422996,0.826010758911667,0.846006153329442,0.8043301346475286,0.8246584279222876,0.8196115915569075,0.8366834908329235,0.9002393671312339,0.9143602318003099,0.9552230530553857,0.9649868676603409,0.9855491364962905,0.9634274358662868,0.31174582473850787,0.21090675105485235,0.5736407405901451,4.664867830242631,3.2071893147245215e+18,1.2746070024575383e+18,17.08335037811572,6.7892961345976035,0.02752088790369823,0.011854459560126474,0.856539644855882,0.04720967089557581,0.9426925589989874,0.87548,0.19588,0.09976791825993546,0.03625839441360493,0.015390290262863747,6.482523497342483,77.48871469923388,30.795705733249317,21,0.001,25,1.061164140701294,0.7506001519344283
bits,S1,2,48,1,NARMA,hyb,sample,500,10,1002,2.1950427858152914e-18,9.798761428249856,1.25,7.07e-06,10100.0,3.16e-11,4,10.0,0.750998664025522,0.0031078592283890812,0.7906200793337089,0.00368727690211272,0.7950127038976383,0.9939460258774675,1.0272190954415217,0.9937318154164029,1.0270058226689955,0.9916187774467046,1.0249009661719497,0.9730125902502683,1.006280743772686,0.8898893014601607,0.9210927063540757,0.8015633539786347,0.8296597975558276,0.7656895047734535,0.7972358957720258,0.750998664025522,0.7906200793337089,0.7847185183415212,0.820690264818794,1.0272653920886048,0.9844255706102741,7.4127148075073,0.21090675105485235,0.5736407405901451,12.24845178531232,3.2071893147245215e+18,1.2746070024575383e+18,0.7184497571023463,0.2855276073390213,0.06350931013201787,0.047509664545230194,0.21680564451484857,0.06305250627337239,0.39895559509848766,0.0,0.0,0.12641585660307122,0.04730104950380724,0.018109797966503336,6.980522744477628,77.48871469923388,30.795705733249317,21,0.001,25,0.968181848526001,0.7506001519344283
bits,S1,2,49,1,NARMA,hyb,sample,500,10,1002,1.9502429577748102e-17,0.10009657641552766,1.25,7.07e-06,10100.0,3.16e-11,5,0.01,0.9542448993114657,0.012209392509391926,0.9634589200217333,0.027312004465144812,0.8371011152091512,1.1835226018032698,1.2141809821229654,1.1744818932553478,1.2048111913098005,1.1151066555111844,1.1429631785974803,1.0046487111813314,1.0216952970212172,0.9542448993114657,0.9634589200217333,0.9661600201727427,0.9780214072411597,0.9915150526887512,1.0044043242501666,0.9967379986293767,1.0097950618371099,0.9973826062243445,1.0099322034308726,0.9985325441088028,1.005774779550294,0.008522747125721365,0.21090675105485235,0.5736407405901451,0.1251207205194096,3.2071893147245215e+18,1.2746070024575383e+18,624.8763543447058,248.3394956640756,0.0320538120921263,0.012769744831676474,0.9953537106416553,0.00180369093860702,0.998340083222278,1.0,1.0,0.0037618245936024354,0.0013943995954523456,0.0029860520065349027,1.259798752791235,77.48871469923388,30.795705733249317,21,0.001,25,0.5389432907104492,0.7506001519344283
bits,S1,2,50,1,NARMA,hyb,sample,500,10,1002,2.8647875883936054e-18,9.903782987711297,1.25,7.07e-06,10100.0,3.16e-11,3,10.0,0.7530218310298892,0.0033485289919263812,0.7909695331515727,0.004844647768538944,0.8042574687038719,0.9019948888145548,0.9486710346102397,0.9019104130775808,0.9485881782174971,0.9010724526172764,0.9477659315411907,0.8933165745560796,0.9401238134501255,0.849098976537549,0.8950895563101662,0.7833098379595508,0.8210299167152492,0.7559562542263913,0.7903235630268066,0.7530218310298892,0.7909695331515727,0.7846888386271348,0.8189854334004918,1.0025175903923453,0.9594797145240314,5.740606609206935,0.21090675105485235,0.5736407405901451,12.379728734639121,3.2071893147245215e+18,1.2746070024575383e+18,0.9277178381081098,0.36869530817170776,0.059017674524828846,0.04190302783140405,0.2620133301847176,0.07189605658652354,0.4634847420901659,0.0,0.0,0.14545737659598684,0.05394292003812529,0.019322881018668886,7.527727177714988,77.48871469923388,30.795705733249317,21,0.001,25,1.0693848133087158,0.7506001519344283
bits,S1,2,51,1,NARMA,hyb,sample,500,10,1002,2.329920369916006e-19,1.442300774173,1.25,7.07e-06,10100.0,3.16e-11,2,1.0,0.7869385650823746,0.007513297128223627,0.8146293487395304,0.010993212726538486,0.8222895141431031,0.8892733413893262,0.9015709529877161,0.8887636070116356,0.9011501057397673,0.8839720927379758,0.8971944334324998,0.8544583729800612,0.8727882361101778,0.809449851596853,0.8344333408747246,0.7931565136162683,0.818649980152393,0.7869385650823746,0.8146293487395304,0.7877111370037541,0.819588612798443,0.829569253066974,0.8406434328833893,1.5543421588840605,1.4375058220924892,10.279307452107002,0.21090675105485235,0.5736407405901451,1.80287596771625,3.2071893147245215e+18,1.2746070024575383e+18,0.5180955212922401,0.20590246305360355,0.4599620153144543,0.36537182239142085,0.1691065851107793,0.037131858135886514,0.2660737383693704,0.0,0.0,0.049144795301786226,0.03304214691174093,0.01661283730010771,2.958242136126114,77.48871469923388,30.795705733249317,21,0.001,25,0.5772221088409424,0.7506001519344283
bits,S1,2,52,1,NARMA,hyb,sample,500,10,1002,1.6892913170808864e-18,9.667766858941038,1.25,7.07e-06,10100.0,3.16e-11,5,10.0,0.7663789215448634,0.0033429090266180626,0.8071081804713656,0.007369386347238276,0.7870066437400853,1.0866296656525714,1.1349938893847866,1.086114656833535,1.1344534039071552,1.081084976112637,1.1291728007931987,1.0403080805864233,1.086239768665924,0.9064801448589981,0.9443907082075599,0.8088881400874206,0.8379306460005443,0.7745316324367507,0.8038433757152026,0.7663789215448634,0.8071081804713656,0.8047365102512849,0.8444049033984189,1.088351484609515,1.0449543495301492,9.503218538612485,0.21090675105485235,0.5736407405901451,12.084708573676297,3.2071893147245215e+18,1.2746070024575383e+18,0.5604062593408652,0.22271767341500262,0.06767645921403218,0.053030550383783404,0.17841703424180075,0.054352013051142484,0.339571602837026,0.0,0.0,0.10803675558410955,0.04078870581039339,0.016828426154238206,6.41989658414377,77.48871469923388,30.795705733249317,21,0.001,25,1.0523998737335205,0.7506001519344283
bits,S1,2,53,1,NARMA,hyb,sample,500,10,1002,6.600430154704375e-20,0.10442454600816721,1.25,7.07e-06,10100.0,3.16e-11,5,0.1,0.823589402770175,0.02259635080515985,0.8369147684376156,0.028238003833586153,0.7570983160973132,1.1350257574315568,1.1374910295156377,1.1179408999391396,1.122744888517453,1.0217334362381376,1.0393085389924313,0.8828850262841696,0.9096864174920583,0.8330800520317199,0.8534535496941263,0.823589402770175,0.8369147684376156,0.8266890387986588,0.8382946075106587,0.8549490280977372,0.8663760600997774,0.8873140338204303,0.8952516730805857,0.9066369169082293,0.8964352543838257,2.6271172356072117,0.21090675105485235,0.5736407405901451,0.13053068251020902,3.2071893147245215e+18,1.2746070024575383e+18,2.027188996646224,0.8056491328925768,4.242814334917709,2.5307418973033715,0.44419427733438804,0.03409834888180449,0.5291567153928588,0.0,0.0,0.014616566506666874,0.03368217980071244,0.02216770535973714,0.6593630810888852,77.48871469923388,30.795705733249317,21,0.001,25,0.5677971839904785,0.7506001519344283
bits,S1,2,54,1,NARMA,hyb,sample,500,10,1002,5.974952028625035e-20,9.655055936247155,1.25,7.07e-06,10100.0,3.16e-11,5,0.1,0.8531082359791873,0.019297012129103303,0.8814075713738772,0.022197938773066705,0.8398567095789284,1.2076277856246314,1.2508151730488364,1.1953640305079107,1.237993392886522,1.1154148171143965,1.153936055814028,0.9565027311212104,0.9850019835525268,0.8657718002591948,0.8932834185381244,0.8531082359791873,0.8814075713738772,0.9342639461257181,0.9498917490025299,0.9895158839056599,0.9891489790280501,1.1869821985064102,1.089960132123582,2.7412250788469614,2.544772120901804,268.3301472727742,0.21090675105485235,0.5736407405901451,12.068819920308943,3.2071893147245215e+18,1.2746070024575383e+18,0.019847427533026023,0.00788780069770731,0.08220968879606924,0.0812456257669287,0.007817986872001408,0.002871792061517761,0.017317352499016055,0.0,0.0,0.0055037321068418295,0.002156552244414878,0.003872968537527139,1.4210629530070804,77.48871469923388,30.795705733249317,21,0.001,25,0.5524590015411377,0.7506001519344283
bits,S1,2,55,1,NARMA,hyb,sample,500,10,1002,7.667819306931104e-18,9.82900131810572,1.25,7.07e-06,10100.0,3.16e-11,3,1.0,0.756711760569923,0.005541464007056075,0.7898182328669339,0.01226887057156327,0.7567354779681738,0.9060353831012318,0.927940437053462,0.9059902653653482,0.9278996751225803,0.9055409306333285,0.9274937065856701,0.9012237634657637,0.9235918633821074,0.8702016885872489,0.8954651822086392,0.7961416863550149,0.8271144621703206,0.756711760569923,0.7898182328669339,0.7602776606837052,0.7929457692505865,0.7854555374480245,0.8146178430641935,0.8513067103515283,0.8473328247014956,2.128563549386784,0.21090675105485235,0.5736407405901451,12.286251647632149,3.2071893147245215e+18,1.2746070024575383e+18,2.5019986621761197,0.9943488525319549,0.04081120951226594,0.023241524829895978,0.4807758401922581,0.09341924124271665,0.7047639366843869,0.0,0.0,0.19517804917585563,0.07048081561009635,0.021944303338189787,8.894246774113181,77.48871469923388,30.795705733249317,21,0.001,25,1.1853806972503662,0.7506001519344283
bits,S1,2,56,1,NARMA,hyb,sample,500,10,1002,1.8016605416421043e-18,2.9554838567479744,1.25,7.07e-06,10100.0,3.16e-11,3,10.0,0.7642665962970897,0.002780762084181485,0.801169667036992,0.0063859781146906715,0.8054574843247421,0.9292332223796279,0.9830346145208049,0.9290369512041272,0.9828327481085661,0.927104381130291,0.9808439565723163,0.9103594321637036,0.963524074450425,0.8414469923638055,0.8903526715537537,0.7826557520227946,0.8234910415486549,0.766562451975706,0.8030539599953105,0.7642665962970897,0.801169667036992,0.7859047486258064,0.8191225987297065,0.8614663470334039,0.854408920447298,2.7239850643887533,0.21090675105485235,0.5736407405901451,3.694354820934968,3.2071893147245215e+18,1.2746070024575383e+18,1.9550999829426867,0.7769993861361466,0.15232602799132605,0.09159868017852907,0.4253801748292085,0.08149991764458678,0.6246034786085614,0.0,0.0,0.14731473343833368,0.06569882577514193,0.02179677584821457,6.758556149046265,77.48871469923388,30.795705733249317,21,0.001,25,0.8750958442687988,0.7506001519344283
bits,S1,2,57,1,NARMA,hyb,sample,500,10,1002,3.1966154275864174e-18,9.998627304700335,1.25,7.07e-06,10100.0,3.16e-11,4,10.0,0.75368139888306,0.0020602320855411227,0.7946913324033298,0.0058876544312586486,0.7899278926910027,0.9973823360988581,1.0284335994845655,0.9972304003637351,1.0282871466141408,0.9957248440947242,1.0268358193783225,0.9819208835607947,1.013519734164125,0.9070720362802547,0.9408590449678688,0.8066918733338795,0.8411675920682182,0.7673798817309118,0.802431379093794,0.75368139888306,0.7946913324033298,0.7779516208255118,0.8181200451073872,0.9162994886713003,0.8993397300060838,5.19396581593242,0.21090675105485235,0.5736407405901451,12.498284130875419,3.2071893147245215e+18,1.2746070024575383e+18,1.0253558343773048,0.4074987779822601,0.05684621849884593,0.0395046547929873,0.28122379135739656,0.07522498626384495,0.48934558603719025,0.0,0.0,0.15281225117524416,0.056438377993261235,0.019755163544198852,7.735306814005993,77.48871469923388,30.795705733249317,21,0.001,25,1.0427632331848145,0.7506001519344283
bits,S1,2,58,1,NARMA,hyb,sample,500,10,1002,5.791268140837682e-19,9.912757361914819,1.25,7.07e-06,10100.0,3.16e-11,3,1.0,0.7711350538821262,0.007308840069757252,0.8048571760407771,0.0054243496377458685,0.8040577900615442,0.9300923244141677,0.9581137882531433,0.9297273302669664,0.9577604867311639,0.9261905227222236,0.9543373741300583,0.8992071608139011,0.9282500090899607,0.8250252794456667,0.856657264527585,0.7779786052840949,0.8096700066546847,0.7711350538821262,0.8048571760407771,0.8056294882044794,0.8331324064538679,0.9446025069950986,0.9063315591797835,2.248621572193687,2.0816301674232824,28.422999009149265,0.21090675105485235,0.5736407405901451,12.390946702393524,3.2071893147245215e+18,1.2746070024575383e+18,0.1873716123765924,0.0744655665010152,0.07511090744357844,0.06796868215102092,0.06869031821554888,0.023756842516084276,0.14448419162941828,0.0,0.0,0.04627919065999246,0.017799045524247815,0.011119562011202863,4.161961650410922,77.48871469923388,30.795705733249317,21,0.001,25,0.6978440284729004,0.7506001519344283
bits,S1,2,59,1,NARMA,hyb,sample,500,10,1002,1.8560681426748902e-17,9.736384539999811,1.25,7.07e-06,10100.0,3.16e-11,3,1.0,0.7638073237032017,0.004191533243593668,0.7905332914012797,0.011681634138265288,0.7566755202746498,0.9140831582021223,0.926951962224086,0.9140449613753733,0.9269180639104553,0.9136641767103368,0.9265801346039186,0.9099707118247041,0.9233026398948047,0.8815598715063464,0.8980914020443349,0.8019980307521533,0.826693088438202,0.7638073237032017,0.7905332914012797,0.7909339498536888,0.8126068905451019,0.8326771065357592,0.851142286853463,0.8767371900189233,0.8762608367650765,0.8710696838100453,0.21090675105485235,0.5736407405901451,12.170480674999764,3.2071893147245215e+18,1.2746070024575383e+18,6.1139346850279725,2.429811026847362,0.0239564287252212,0.011550010935379218,0.6864840048592487,0.0818531587188966,0.8548194582867821,0.08628,0.0,0.17414997118237918,0.06225416974318438,0.020366261010452375,8.550905396577306,77.48871469923388,30.795705733249317,21,0.001,25,1.4012320041656494,0.7506001519344283
bits,S1,2,60,1,NARMA,hyb,sample,500,10,1002,1.1994380203903027e-18,5.536874242086744,1.25,7.07e-06,10100.0,3.16e-11,4,10.0,0.7547948045420967,0.005284688014604405,0.7929321310831756,0.0036854922799197925,0.7986015733761798,1.0371672979998618,1.0724769991918224,1.0367206412498557,1.0720288087526355,1.0323588952277498,1.0676514458894357,0.9970279498667324,1.032138924203792,0.8818393076148213,0.9146616864558688,0.8009052044325029,0.8290049875081138,0.7706258962498425,0.800058722438377,0.7547948045420967,0.7929321310831756,0.7884085179449019,0.8229642590477322,1.0433776040621277,0.9974176486401356,7.665419832215913,0.21090675105485235,0.5736407405901451,6.921092802608429,3.2071893147245215e+18,1.2746070024575383e+18,0.6947647055860013,0.2761146511478481,0.11322325408885961,0.08525422609828906,0.2118955235352764,0.058463980198511456,0.37693280315422173,0.0,0.0,0.10973627227969336,0.04556069161708209,0.017992595381345716,6.098968489752471,77.48871469923388,30.795705733249317,21,0.001,25,0.9422409534454346,0.7506001519344283
bits,S1,2,61,1,NARMA,hyb,sample,500,10,1002,1.8662961506878552e-18,9.934100852213446,1.25,7.07e-06,10100.0,3.16e-11,3,1.0,0.7591758656342747,0.002716312650990708,0.7987774214364549,0.00820637749214413,0.7817065711802113,0.9226079008750079,0.9654022857672144,0.9224777944973038,0.9652739093839401,0.921190394158103,0.9640033593327898,0.9095420436557331,0.9524847689719371,0.8510289719045545,0.8939290613841957,0.783012684586047,0.8242990423524146,0.7591758656342747,0.7987774214364549,0.7592970246015615,0.8006504841943386,0.8038174989495419,0.8340414868144977,1.2315367915207676,1.153673898247508,8.838877236212248,0.21090675105485235,0.5736407405901451,12.417626065266807,3.2071893147245215e+18,1.2746070024575383e+18,0.6025271095636133,0.23945741821176134,0.06497253492007908,0.05025231080717516,0.18903183612328492,0.05696778297670086,0.3568920183744768,0.0,0.0,0.11374705033046499,0.042696049032295944,0.017207902562106654,6.6101635524684,77.48871469923388,30.795705733249317,21,0.001,25,1.092534065246582,0.7506001519344283
bits,S1,2,62,1,NARMA,hyb,sample,500,10,1002,7.079876799172052e-18,9.892728089262352,1.25,7.07e-06,10100.0,3.16e-11,4,10.0,0.7618899721722501,0.002245089053370622,0.7937553240504676,0.00384728257514489,0.7794161698073809,0.9726334861901089,1.001825678407848,0.9725426243686854,1.0017416306888969,0.971639706816078,1.0009061824268148,0.9631421212652258,0.9930214740521242,0.9095029224056729,0.9422211230635875,0.8117605969612767,0.8435562109000679,0.7679260581688132,0.7986663992569933,0.7618899721722501,0.7937553240504676,0.7813261301369405,0.811741971606837,0.8438879515686522,0.8466879545497014,2.3202750470275535,0.21090675105485235,0.5736407405901451,12.36591011157794,3.2071893147245215e+18,1.2746070024575383e+18,2.295272347019876,0.9121913048996211,0.042290476226029244,0.02454045444608269,0.4600916047877249,0.09288929725287776,0.686235917742652,0.0,0.0,0.193636173656378,0.07002654412299104,0.02189131017020321,8.845344209682839,77.48871469923388,30.795705733249317,21,0.001,25,1.3626739978790283,0.7506001519344283
bits,S1,2,63,1,NARMA,hyb,sample,500,10,1002,1.5094955133806493e-18,9.655404894464692,1.25,7.07e-06,10100.0,3.16e-11,4,10.0,0.7580401893929553,0.003859500301446871,0.7995166572590763,0.00668301307518752,0.8058832116930976,0.9964459256544448,1.0494596581901083,0.9961574140444437,1.0491510211346733,0.9933238538655902,1.0461198383246664,0.9692758396824968,1.020398637366175,0.876253867821719,0.9207891850818761,0.7955652122269545,0.8323835455054217,0.7659239578480053,0.8016636642401862,0.7580401893929553,0.7995166572590763,0.8050752168582003,0.8344819995664075,1.2370304709590456,1.1611382517469102,10.621546665436899,0.21090675105485235,0.5736407405901451,12.069256118080865,3.2071893147245215e+18,1.2746070024575383e+18,0.5014018504717951,0.1992680340765639,0.06908809831261406,0.05518519097030614,0.16299488889722405,0.05057229119322846,0.3144673639797654,0.0,0.0,0.10020385363368034,0.03795216464866813,0.016235636147080092,6.171846469453035,77.48871469923388,30.795705733249317,21,0.001,25,1.0678682327270508,0.7506001519344283
bits,S1,2,64,1,NARMA,hyb,sample,500,10,1002,5.1255955604598e-18,5.474584604984462,1.25,7.07e-06,10100.0,3.16e-11,3,1.0,0.7634543125881637,0.00608713032596089,0.7920519758260455,0.009677843330908424,0.7655134281695207,0.8969662642424515,0.9284209171526434,0.8968972381612461,0.9283551176359058,0.8962117455319841,0.9277014699169911,0.8898002261425738,0.9215696804383647,0.8512010279241219,0.883753501112,0.7898355987194053,0.8187892341658971,0.7634543125881637,0.7920519758260455,0.7672404395217804,0.7963857423157931,0.7930026588309904,0.8190572864569059,0.8505165898506858,0.8477819315268367,1.7736010393121415,0.21090675105485235,0.5736407405901451,6.843230756230577,3.2071893147245215e+18,1.2746070024575383e+18,3.0027402075655334,1.1933544669634117,0.06662389080805667,0.03650744263495677,0.5258234176793474,0.09091010298169142,0.7374375853999917,0.0,0.0,0.18426711458796163,0.0697367829500808,0.021951831786517738,8.39415664168554,77.48871469923388,30.795705733249317,21,0.001,25,1.2435131072998047,0.7506001519344283
bits,S1,2,65,1,NARMA,hyb,sample,500,10,1002,4.754310954932161e-19,0.5497758232427079,1.25,7.07e-06,10100.0,3.16e-11,4,1.0,0.7963735335105825,0.007226956916803811,0.8201036460387602,0.009520673272709904,0.786386880867362,1.0262393090428572,1.0493984980113418,1.0247614713155868,1.0479246183946012,1.0112464240438772,1.0344776522306927,0.9391218158656647,0.9637345442206886,0.8436166779046795,0.8709734779816252,0.8064490978427432,0.8321223299606004,0.7963735335105825,0.8201036460387602,0.7975171437175075,0.821373312438045,0.8251670167059139,0.8474981462443804,0.8630537748770457,0.8659462854053317,1.920203035384349,0.21090675105485235,0.5736407405901451,0.6872197790533849,3.2071893147245215e+18,1.2746070024575383e+18,2.773489602289165,1.1022452750422023,0.6921830567150288,0.3856214575391136,0.5169299442626766,0.0604938346081364,0.6527724729021159,0.0,0.0,0.06770460076117087,0.05561693260924858,0.022182427846604243,3.0521727030675456,77.48871469923388,30.795705733249317,21,0.001,25,0.7775018215179443,0.7506001519344283
bits,S1,2,66,1,NARMA,hyb,sample,500,10,1002,1.9265993782907666e-17,5.022872204744422,1.25,7.07e-06,10100.0,3.16e-11,3,1.0,0.7843320102166664,0.005489297385822846,0.8032148685716096,0.013047548736535632,0.7748306176012384,0.9261592936814221,0.9395347141666232,0.9260983626480257,0.9394781678763652,0.925492056410981,0.9389155158007935,0.9197137323655487,0.9335552153536646,0.8804565402474545,0.8971880620607937,0.8013461159294366,0.822907841770756,0.7843320102166664,0.8032148685716096,0.83456734829229,0.8494442319081404,0.886646504652491,0.9005816560898342,0.9177779236719703,0.9179640007021803,0.4329221538937376,0.21090675105485235,0.5736407405901451,6.278590255930528,3.2071893147245215e+18,1.2746070024575383e+18,12.301664641144212,4.888949904359953,0.02704581035168917,0.011973796256392225,0.8122816730268755,0.058343009231697975,0.9221483601033512,0.61356,0.0438,0.12354667247405197,0.044709524172693985,0.017143974465257648,7.2064195338379635,77.48871469923388,30.795705733249317,21,0.001,25,1.3287632465362549,0.7506001519344283
bits,S1,2,67,1,NARMA,hyb,sample,500,10,1002,1.963664530834648e-17,9.5739327467595,1.25,7.07e-06,10100.0,3.16e-11,1,1.0,0.7824925990704069,0.006726903767068709,0.8082506551533646,0.01260403980842735,0.7917433799939138,0.8229697253951006,0.8395335478998838,0.8229620465777318,0.8395268555493987,0.8228853909954419,0.8394600534416536,0.8221318597397111,0.8388039509927661,0.8157010596090226,0.8332488543474972,0.7916120009030471,0.813431920571138,0.7824925990704069,0.8082506551533646,0.8365571051459171,0.8582601011674565,0.9324977396479964,0.9446271124705385,0.9993041847495052,0.9685693879612252,0.8096031222671128,0.21090675105485235,0.5736407405901451,11.967415933449374,3.2071893147245215e+18,1.2746070024575383e+18,6.578115877331667,2.6142867593534107,0.023119423895193683,0.0110265175435269,0.7015170756185,0.07974677784235104,0.8636861571140105,0.11936,0.0,0.1697681084582479,0.0606981882759377,0.020087879160452377,8.451270893369152,77.48871469923388,30.795705733249317,21,0.001,25,1.5211708545684814,0.7506001519344283
bits,S1,2,68,1,NARMA,hyb,sample,500,10,1002,6.050137538083076e-18,9.946040225881779,1.25,7.07e-06,10100.0,3.16e-11,3,10.0,0.7564544089189614,0.0019856928104434895,0.7897959601027488,0.005043309347671505,0.7963676926892874,0.9097428177642041,0.9507689895440661,0.9096887111830361,0.9507137935138278,0.9091502713419463,0.9501643360992661,0.9040148979275612,0.9449075690135841,0.8689074365752567,0.908095338882033,0.7947104414597774,0.8248349076633901,0.7573444028659457,0.7863554611306458,0.7564544089189614,0.7897959601027488,0.779987844154123,0.8114691248273541,0.8610676639829231,0.852543982599283,2.729820314794388,0.21090675105485235,0.5736407405901451,12.432550282352224,3.2071893147245215e+18,1.2746070024575383e+18,1.950920770887339,0.775338476090692,0.04530630144006093,0.027257261851770038,0.4215162969093256,0.09105193464681055,0.6494848382749057,0.0,0.0,0.18890486390623878,0.06855394842481814,0.02169085303991396,8.708964260586226,77.48871469923388,30.795705733249317,21,0.001,25,1.3503689765930176,0.7506001519344283
bits,S1,2,69,1,NARMA,hyb,sample,500,10,1002,8.500164660376659e-19,1.5318736309887815,1.25,7.07e-06,10100.0,3.16e-11,2,10.0,0.7722618619257748,0.0078002946610598025,0.8044324137606603,0.008471657561990495,0.8141006618024532,0.8765355699476552,0.8907236218020088,0.8763518976017857,0.8905588340585622,0.8745606633827485,0.8889505196102249,0.8602349222215487,0.8759974528499445,0.8163776455186937,0.835097469756966,0.7866691796233762,0.8080957652382585,0.7761513529553995,0.8020669442462516,0.7722618619257748,0.8044324137606603,0.7886472538865237,0.8206087340906258,0.9068402023071439,0.8822824769937657,2.9925726287255316,0.21090675105485235,0.5736407405901451,1.9148420387359768,3.2071893147245215e+18,1.2746070024575383e+18,1.7796270345460798,0.7072626082847911,0.30589101307149147,0.18787998617684842,0.4058972497924437,0.07050904155186001,0.5745456642444915,0.0,0.0,0.10736449397577803,0.060589025545928016,0.021721512029980274,4.9427725762181,77.48871469923388,30.795705733249317,21,0.001,25,0.8237051963806152,0.7506001519344283
bits,S1,2,70,1,NARMA,hyb,sample,500,10,1002,9.29084877113546e-19,4.241821319570701,1.25,7.07e-06,10100.0,3.16e-11,4,10.0,0.7571027501261254,0.007012115724440001,0.7947305957506126,0.005103559423189699,0.8007469996234982,1.022859986985281,1.045086458933013,1.0223199456855476,1.044507363974005,1.0170846433523788,1.0388968877635008,0.9769930136670567,0.9961821080196616,0.8667393942097759,0.8822651432630508,0.7994244556314494,0.8181999082736218,0.7735088073701268,0.7996770872238066,0.7571027501261254,0.7947305957506126,0.7892989490158857,0.8240987521487444,1.0391512053606355,0.9944880024418288,7.581341802700806,0.21090675105485235,0.5736407405901451,5.302276649463376,3.2071893147245215e+18,1.2746070024575383e+18,0.7024697331315877,0.2791767971891323,0.14743718937105485,0.1107791980179987,0.2140721099158705,0.056585470984288753,0.3709048883844801,0.0,0.0,0.10181937691813284,0.04519724587615106,0.01808035500847623,5.6314921289100255,77.48871469923388,30.795705733249317,21,0.001,25,0.9545049667358398,0.7506001519344283
bits,S1,2,71,1,NARMA,hyb,sample,500,10,1002,3.1208715280604774e-18,9.905911871894117,1.25,7.07e-06,10100.0,3.16e-11,2,1.0,0.7632654374875324,0.0034703845319945144,0.8016111649491597,0.0074292926709558435,0.7878602252210269,0.863113217740046,0.9100969844814601,0.8630681804450528,0.9100520310674602,0.8626203195851557,0.9096048901120698,0.858378717218708,0.9053595696375517,0.8308588725822924,0.877275245041268,0.7816200092745381,0.8238806348036288,0.7632654374875324,0.8016111649491597,0.7645567578398704,0.8033976514187524,0.7991413427928636,0.8339673259509794,1.0978570680819715,1.0391049120835414,5.270692340701387,0.21090675105485235,0.5736407405901451,12.382389839867647,3.2071893147245215e+18,1.2746070024575383e+18,1.0104295239918868,0.40156673659924536,0.05762112658878138,0.040170447851290224,0.2783658609004783,0.07471043709473744,0.48542323320430475,0.0,0.0,0.15158841602965026,0.05606939591279243,0.01969407523085996,7.697158371372333,77.48871469923388,30.795705733249317,21,0.001,25,1.1941719055175781,0.7506001519344283
bits,S1,2,72,1,NARMA,hyb,sample,500,10,1002,6.544916378725471e-19,3.789151752070455,1.25,7.07e-06,10100.0,3.16e-11,5,10.0,0.7731559175044622,0.007597513372119359,0.807260677654179,0.00814938359845993,0.7892455157845657,1.120485543057237,1.1174342165823248,1.119101940925424,1.1160708535267676,1.106073141131469,1.1032328355164753,1.0238479889117078,1.0222586195032022,0.8766513705984919,0.8788997588854652,0.8087352741482553,0.8181361862140701,0.7843499140496463,0.8041243408317964,0.7731559175044622,0.807260677654179,0.8085210309330966,0.8427459128999596,1.0948633880880991,1.0480151268536777,9.613620941309113,0.21090675105485235,0.5736407405901451,4.736439690088069,3.2071893147245215e+18,1.2746070024575383e+18,0.5539705783529025,0.22015999338807704,0.1730339042246465,0.1358642501831917,0.17761058247475903,0.04779540165139793,0.31136717366509703,0.0,0.0,0.08322533515418228,0.03876545468973714,0.016859221403141795,4.936487466655658,77.48871469923388,30.795705733249317,21,0.001,25,0.8485028743743896,0.7506001519344283
bits,S1,2,73,1,NARMA,hyb,sample,500,10,1002,2.1868550424374628e-19,2.6251873215701647,1.25,7.07e-06,10100.0,3.16e-11,3,1.0,0.7832205336708352,0.00755774762699916,0.8118063615449685,0.011393464431548657,0.8179675520131241,0.9468282392811306,0.95858722409133,0.9458633924076402,0.9577714408608177,0.9369134387676388,0.9502090852782832,0.8856179363097834,0.9068479900718007,0.8141467960785883,0.8439110245968566,0.7892827882852119,0.8179327272953427,0.7832205336708352,0.8118063615449685,0.7983619463867571,0.8258844886171375,0.8844694600996561,0.8673361326564912,1.9615175647540368,1.8134261602703874,19.93376799798284,0.21090675105485235,0.5736407405901451,3.281484151962706,3.2071893147245215e+18,1.2746070024575383e+18,0.2671679109269008,0.10617835639946609,0.2754891709451198,0.24048916934695302,0.0952668073007356,0.02560644850841544,0.1671777126385089,0.0,0.0,0.03977765553899012,0.021757637220600787,0.012980864135837692,3.064330319055693,77.48871469923388,30.795705733249317,21,0.001,25,0.6784069538116455,0.7506001519344283
bits,S1,2,74,1,NARMA,hyb,sample,500,10,1002,5.0599942533340434e-20,0.28281435656798015,1.25,7.07e-06,10100.0,3.16e-11,2,0.1,0.8346390343148047,0.026428219084260483,0.8627122575388005,0.03910022183772875,0.8319220915880525,0.9476179498594947,0.9319429268864923,0.9451930500786355,0.9300728384760453,0.9261979760550443,0.9158952280117205,0.8731515742093408,0.8821859694318555,0.8427166716008104,0.8679155628266539,0.8346390343148047,0.8627122575388005,0.8390786863588063,0.8662776148428348,0.8504993662953859,0.8740997682209934,0.874563871824327,0.8729171660041913,1.4865118465503984,1.3641940207578755,9.281122948496014,0.21090675105485235,0.5736407405901451,0.3535179457099752,3.2071893147245215e+18,1.2746070024575383e+18,0.5738166795630693,0.22804726697614466,2.3034216909324394,1.7973571820502454,0.18499494885081155,0.025367990686755156,0.2551318384709333,0.0,0.0,0.015518092134191624,0.02474452518105682,0.017302463988765542,0.8968718064818683,77.48871469923388,30.795705733249317,21,0.001,25,0.6029629707336426,0.7506001519344283
bits,S1,2,75,1,NARMA,hyb,sample,500,10,1002,5.594160368052357e-18,9.636891111709758,1.25,7.07e-06,10100.0,3.16e-11,5,10.0,0.7707986306059599,0.0019383387735168052,0.7973728088196376,0.0035360979047379414,0.7646635775600538,1.0742672279320513,1.120677016950557,1.0740472023947818,1.12044931161644,1.0718708451086365,1.1181960784468794,1.0522357824071018,1.0977889874512754,0.9535929096023376,0.9925181294371208,0.8283599972532887,0.8504582310625419,0.7774560977694298,0.7977135626210211,0.7707986306059599,0.7973728088196376,0.7881487251976997,0.8203673820628291,0.8505155453628298,0.8604686209153701,2.8605604995671237,0.21090675105485235,0.5736407405901451,12.046113889637198,3.2071893147245215e+18,1.2746070024575383e+18,1.861755118875652,0.7399021007227008,0.047712066012997864,0.029008185689364807,0.41060914037479973,0.09020216353241088,0.6381567534278503,0.0,0.0,0.18653553538464762,0.06794689298036798,0.021610905306765304,8.631546561182358,77.48871469923388,30.795705733249317,21,0.001,25,1.3338220119476318,0.7506001519344283
bits,S1,2,76,1,NARMA,hyb,sample,500,10,1002,2.9488362471922758e-18,9.955874336032435,1.25,7.07e-06,10100.0,3.16e-11,4,10.0,0.7505738964510731,0.002869356802756936,0.7888555689835223,0.003993947781483664,0.7889583988213793,0.9849010160670904,1.0063904365861949,0.9847318036673952,1.0062427310306679,0.9830583070470317,1.0047815608522055,0.9679804093499518,0.9915827353218729,0.8929124934494107,0.9243246295779958,0.8019616162184764,0.8352947624213869,0.7655707538509283,0.7983826333761672,0.7505738964510731,0.7888555689835223,0.7769413913195886,0.8139405282079455,0.9331250156196693,0.909164293173877,5.606319543377948,0.21090675105485235,0.5736407405901451,12.444842920040545,3.2071893147245215e+18,1.2746070024575383e+18,0.9499392804345469,0.37752659414037404,0.05833249987090068,0.0412087548987415,0.2664796294176922,0.07270808272201904,0.4696502109101817,0.0,0.0,0.14727499564213178,0.05454470947689336,0.019427395458087863,7.580789507263538,77.48871469923388,30.795705733249317,21,0.001,25,1.2526159286499023,0.7505738964510731
bits,S1,2,77,1,NARMA,hyb,sample,500,10,1002,1.9590955822826665e-18,5.870041291318215,1.25,7.07e-06,10100.0,3.16e-11,4,10.0,0.7541087321767244,0.002892057322191152,0.7901668097187561,0.004762948347462258,0.7895114267204292,1.0011047239405542,1.0433809657560815,1.0008325680548589,1.0430909899442846,0.9981568187783759,1.0402378987085945,0.9752546221280115,1.0156568292417656,0.8844370810082547,0.9154243171167646,0.8030830233509864,0.8262944461219834,0.7712146015058071,0.798940757790664,0.7541087321767244,0.7901668097187561,0.7760924145401675,0.8122688761090486,0.9052012304429121,0.8879890568603468,4.9754759177192165,0.21090675105485235,0.5736407405901451,7.3375516141477695,3.2071893147245215e+18,1.2746070024575383e+18,1.0703826610749423,0.42539342122759666,0.09561236941448895,0.06582611268616205,0.2905221662321991,0.07338134418895156,0.4890939409757119,0.0,0.0,0.1417017780007328,0.05664644219257034,0.019977422455407415,7.0930961347507315,77.48871469923388,30.795705733249317,21,0.001,25,1.1016290187835693,0.7505738964510731
bits,S1,2,78,1,NARMA,hyb,sample,500,10,1002,1.0996704337042115e-18,0.845835824656654,1.25,7.07e-06,10100.0,3.16e-11,1,1.0,0.7987267065499917,0.005437589518641996,0.819925915175095,0.010107761976380804,0.8137661595452903,0.8436406588966753,0.8623397175941904,0.8435615489913125,0.8622584139300162,0.8427868161260473,0.8614619027317468,0.8363828803386826,0.8548564675377817,0.8149724819200974,0.8324826577953356,0.8006525301470113,0.8184070723887913,0.7987267065499917,0.819925915175095,0.8216668031102646,0.8452040392630191,0.8845308111517621,0.9018309531274724,0.9764684571469999,0.9408223935632565,1.277240333293688,0.21090675105485235,0.5736407405901451,1.0572947808208175,3.2071893147245215e+18,1.2746070024575383e+18,4.169664090695456,1.657115476001351,0.35595367631886277,0.18295386421503249,0.6120985878355449,0.06780004684817463,0.7581827249300024,0.0,0.0,0.0980989930983982,0.059099905284011406,0.021568558132883442,4.5482406609664086,77.48871469923388,30.795705733249317,21,0.001,25,0.7749412059783936,0.7505738964510731
bits,S1,2,79,1,NARMA,hyb,sample,500,10,1002,5.269612874040603e-19,9.648448517932826,1.25,7.07e-06,10100.0,3.16e-11,4,1.0,0.7696085399995843,0.00700819905566646,0.8015171926522775,0.006332141759635679,0.7914654193117722,1.0089150771905353,1.0217368038353702,1.0081423246017205,1.0210536400379824,1.000773862023352,1.014539475432681,0.9505374500950243,0.9699959670059635,0.8455484708805935,0.87282440499503,0.7878525949884948,0.8141021752088891,0.7696085399995843,0.8015171926522775,0.8036623879895582,0.831169879131512,0.9336526052279174,0.9008037453310209,2.1845670091462823,2.023310236548441,30.403800211908337,0.21090675105485235,0.5736407405901451,12.060560647416033,3.2071893147245215e+18,1.2746070024575383e+18,0.17516439115517765,0.0696141504720553,0.07751850051413549,0.07055598833435542,0.06454228564458958,0.02236064473274325,0.13595889857982743,0.0,0.0,0.04339761649372321,0.016783566414247796,0.010803566377623038,4.016971338613777,77.48871469923388,30.795705733249317,21,0.001,25,0.8221280574798584,0.7505738964510731
bits,S1,2,80,1,NARMA,hyb,sample,500,10,1002,3.3085599757613533e-18,4.355129233055453,1.25,7.07e-06,10100.0,3.16e-11,2,1.0,0.7690786292644934,0.004450863784990715,0.8056324042607775,0.00608993158732015,0.7897188423473344,0.8571940161469589,0.9065940337884753,0.8571402881521308,0.9065402838051229,0.8566070022936968,0.9060065725810077,0.8516443033550474,0.901021094377589,0.8228396650948155,0.8711875378558462,0.7826325004188925,0.8243745760528552,0.7690786292644934,0.8056324042607775,0.7711997391648765,0.8055209826195291,0.7924002934387478,0.8239750840565095,0.8840048028659406,0.8698990364660151,2.185803578312128,0.21090675105485235,0.5736407405901451,5.443911541319316,3.2071893147245215e+18,1.2746070024575383e+18,2.436478376083111,0.9683096614328341,0.09332446653924442,0.05345339880957757,0.47635860383391343,0.08848649652490398,0.6884715301448197,0.0,0.0,0.17287655046830086,0.06884283169286211,0.0219770780933921,7.866220874934237,77.48871469923388,30.795705733249317,21,0.001,25,1.1896400451660156,0.7505738964510731
bits,S1,2,81,1,NARMA,hyb,sample,500,10,1002,9.848194527992443e-18,9.932320193238942,1.25,7.07e-06,10100.0,3.16e-11,2,1.0,0.7635785630883459,0.004299156619769972,0.7902155968612311,0.00994944708780446,0.7738103490061109,0.8542474933772668,0.8656593877725207,0.8542281375414602,0.8656423395821629,0.8540350808678175,0.865472312789745,0.8521532787601972,0.8638162481025466,0.8371333131121507,0.8506765574774734,0.7906038680426136,0.810731952423964,0.7635785630883459,0.7902155968612311,0.7718646793382106,0.8005847812431224,0.7966365456229041,0.8243029509527406,0.8711161972145774,0.8620336008443266,1.6747237944654063,0.21090675105485235,0.5736407405901451,12.415400241548678,3.2071893147245215e+18,1.2746070024575383e+18,3.1800247721580903,1.263811220613677,0.0355794366312653,0.019269055151409382,0.5383558578393296,0.09335386704508099,0.752686064267583,0.0,0.0,0.19635308211046765,0.07055904023425853,0.02189265849184631,8.96890079309451,77.48871469923388,30.795705733249317,21,0.001,25,1.4589641094207764,0.7505738964510731
bits,S1,2,82,1,NARMA,hyb,sample,500,10,1002,3.470668971106863e-18,9.898461249625953,1.25,7.07e-06,10100.0,3.16e-11,3,10.0,0.7546933346805941,0.0022571954961550945,0.7951186728088054,0.005227053584119395,0.8025542566266346,0.9227742374471468,0.9712392818760758,0.9226925966012873,0.9711548577919787,0.9218814637189444,0.9703159460863853,0.9142625545729006,0.9624247439161655,0.8671311836615008,0.913117051759808,0.7888115110035477,0.8295245773631654,0.7576629069316858,0.795986946294245,0.7546933346805941,0.7951186728088054,0.7825549605425033,0.8202457140513368,0.9435360608927214,0.9151369876004838,4.735911648948861,0.21090675105485235,0.5736407405901451,12.373076562032441,3.2071893147245215e+18,1.2746070024575383e+18,1.124527556189656,0.44691178378377483,0.055857339481424906,0.03804170130484744,0.29968393371869234,0.07808179471237522,0.5129115451254267,0.0,0.0,0.1589976820704244,0.05862408747679115,0.02012922028779632,7.898849523089546,77.48871469923388,30.795705733249317,21,0.001,25,1.2579567432403564,0.7505738964510731
bits,S1,2,83,1,NARMA,hyb,sample,500,10,1002,1.9694209790076819e-19,1.3952768961337725,1.25,7.07e-06,10100.0,3.16e-11,4,10.0,0.7946351684791664,0.008885900961486042,0.8368734030061162,0.017364976649824195,0.8305011667047312,1.0707213910370417,1.0813868060325602,1.068304103405114,1.0790483379809896,1.0468954961417494,1.058335057852522,0.94873117983153,0.9636867776927913,0.8456313755957078,0.869488455080871,0.8097623446834099,0.8414530983613335,0.7959680008998498,0.8326746132355438,0.7946351684791664,0.8368734030061162,0.8359387400404369,0.8632423152345629,1.3261371000047775,1.2443224511339956,11.764431374761735,0.21090675105485235,0.5736407405901451,1.7440961201672156,3.2071893147245215e+18,1.2746070024575383e+18,0.452691930724994,0.17990964930227743,0.4859379656612594,0.3946899425261424,0.15118085702363984,0.033447047297085655,0.23899257807529894,0.0,0.0,0.04335050025315103,0.029900574216002448,0.01588007490577374,2.7298674918333967,77.48871469923388,30.795705733249317,21,0.001,25,0.6836948394775391,0.7505738964510731
bits,S1,2,84,1,NARMA,hyb,sample,500,10,1002,4.548649799237526e-19,0.10240023712271834,1.25,7.07e-06,10100.0,3.16e-11,3,0.1,0.8271887218908581,0.015477265942641703,0.85043406403867,0.01628863479661331,0.8213269088640265,1.0010727568087883,1.02737169759842,0.9980805545908547,1.0246333031679842,0.9735248880450815,1.0020960356802504,0.8909404305467529,0.9247741861662728,0.8354163269118701,0.8674260517394338,0.8271887218908581,0.85043406403867,0.8565158454821375,0.8718966327028748,0.9057946720852588,0.9200038735608524,0.934064460399809,0.946006822525112,0.943164212010083,0.9436664109417826,0.3738243253165864,0.21090675105485235,0.5736407405901451,0.12800029640339794,3.2071893147245215e+18,1.2746070024575383e+18,14.246432862314027,5.661843222967449,1.1727207692429302,0.512413754716685,0.8451888990057614,0.027821369614583157,0.9023846692861286,0.93304,0.00084,0.023876127738187286,0.02645634229422623,0.016087299512411158,1.484160080426621,77.48871469923388,30.795705733249317,21,0.001,25,0.6894161701202393,0.7505738964510731
bits,S1,2,85,1,NARMA,hyb,sample,500,10,1002,5.335023298053774e-20,1.6253150422870952,1.25,7.07e-06,10100.0,3.16e-11,3,0.1,0.8413357469504849,0.02632917104615548,0.8643748844991197,0.03600072453455661,0.8443328068031859,1.0278144121935038,1.0308556417189205,1.0239654139806045,1.0270770373186076,0.9938378732910367,0.9977951092831207,0.9072924325738919,0.9170960303492425,0.8567155709874449,0.8754051899936993,0.8413357469504849,0.8643748844991197,0.8472172892561144,0.8681162967453405,0.8916565564760781,0.8969921234105438,1.0746796600936253,0.9959352851303456,2.5609551428471495,2.3735329727257906,50.58832873640116,0.21090675105485235,0.5736407405901451,2.031643802858869,3.2071893147245215e+18,1.2746070024575383e+18,0.1052745422896422,0.04183839979973735,0.4724458861747675,0.44533032039681436,0.04006045298922195,0.01005632788320987,0.06780007844169138,0.0,0.0,0.013124745352021659,0.008970150327186892,0.00869247705616437,1.5098970370838187,77.48871469923388,30.795705733249317,21,0.001,25,0.6273362636566162,0.7505738964510731
bits,S1,2,86,1,NARMA,hyb,sample,500,10,1002,1.0835778417164184e-18,1.5986452879636126,1.25,7.07e-06,10100.0,3.16e-11,3,10.0,0.7682578865883078,0.007566003934532932,0.8001801010771971,0.007654307608540425,0.8071471446579986,0.9489841876437042,0.949003924697512,0.9486320728346286,0.9487013448080006,0.945208122906276,0.9457581263171155,0.918414714972162,0.922644942117145,0.8408898267441719,0.8540954287338293,0.7888595379655905,0.8098597333709527,0.770900659348708,0.7987063518783685,0.7682578865883078,0.8001801010771971,0.7900941213629673,0.8195559626496287,0.8526197917467371,0.8470776281265853,2.449859025367277,0.21090675105485235,0.5736407405901451,1.9983066099545157,3.2071893147245215e+18,1.2746070024575383e+18,2.173865148066703,0.8639414353880168,0.26847608876572904,0.15767012236363503,0.4533096566008828,0.07458546249002185,0.6285746697620485,0.0,0.0,0.118023784439428,0.06336856100305405,0.022006250945106817,5.363193609571697,77.48871469923388,30.795705733249317,21,0.001,25,0.8752071857452393,0.7505738964510731
bits,S1,2,87,1,NARMA,hyb,sample,500,10,1002,1.5328341487528038e-19,0.3406861351362172,1.25,7.07e-06,10100.0,3.16e-11,5,1.0,0.8252115829812601,0.010819509667920512,0.8335929455101851,0.013134410006266133,0.7870838846631723,1.1874906941131294,1.1619251473470769,1.1798102897106433,1.154576294463967,1.1222274079510697,1.0995710775902978,0.9674735738162742,0.9539039208839437,0.8631877266230299,0.8658267573068092,0.8323977057498665,0.8390317405446887,0.8252115829812601,0.8335929455101851,0.831161039848103,0.8448038799782698,0.859585095711161,0.8739129261535948,0.9050993110246578,0.8955038297217055,3.690696984396254,0.21090675105485235,0.5736407405901451,0.4258576689202715,3.2071893147245215e+18,1.2746070024575383e+18,1.442996587213401,0.5734783245068624,1.4923639956886035,0.9611975766895945,0.36144985689873704,0.04479203987859994,0.4742207788149123,0.0,0.0,0.03455182505434077,0.04304749906486412,0.02138247881972353,1.615894272392293,77.48871469923388,30.795705733249317,21,0.001,25,0.6552131175994873,0.7505738964510731
bits,S1,2,88,1,NARMA,hyb,sample,500,10,1002,1.2863553665075079e-18,5.371908358118129,1.25,7.07e-06,10100.0,3.16e-11,3,10.0,0.7576116045235041,0.0048399279168635356,0.7944240556115012,0.004541675369767438,0.8097698459978837,0.9191194026482105,0.9572110949237015,0.9189221973796682,0.9570249800795871,0.91698257602071,0.9551939335333002,0.9003367322405079,0.9394311157283374,0.8346479703509653,0.8751549367848795,0.7803112641025004,0.8154348415347317,0.7619582393534945,0.7947704573639358,0.7576116045235041,0.7944240556115012,0.7924658401686357,0.8234718053222256,1.084619536495,1.025985293774757,6.934525191239838,0.21090675105485235,0.5736407405901451,6.714885447647662,3.2071893147245215e+18,1.2746070024575383e+18,0.7679924733203541,0.3052169635994464,0.11409817086281708,0.084232750067162,0.2287511781124398,0.06164864461929913,0.40085758572047187,0.0,0.0,0.11573097266305425,0.04810977412830933,0.018494199396696363,6.257690326607347,77.48871469923388,30.795705733249317,21,0.001,25,0.9810230731964111,0.7505738964510731
bits,S1,2,89,1,NARMA,hyb,sample,500,10,1002,2.0551969395380236e-18,9.877808582526443,1.25,7.07e-06,10100.0,3.16e-11,4,10.0,0.7510113621290072,0.0033537762203661873,0.7911098714955688,0.004145446940620034,0.796479352079255,0.9970568704473793,1.0320547537603002,0.9968193399072041,1.0318160826139073,0.9944803938936004,1.029464155201948,0.9741930957272913,1.0089270829358032,0.8886756783222813,0.9195779742648836,0.801267898003579,0.8290358088004119,0.7650005080020117,0.7971712077040713,0.7510113621290072,0.7911098714955688,0.7873022743156382,0.8223142303026801,1.061276680869369,1.0118639260535958,7.980980670902177,0.21090675105485235,0.5736407405901451,12.347260728158053,3.2071893147245215e+18,1.2746070024575383e+18,0.6672943304247556,0.2651973247586927,0.0640134326140817,0.0485754807738861,0.20480792557170585,0.0605036150153051,0.3811099507360854,0.0,0.0,0.12111370973448013,0.04536589839833414,0.01773606659351158,6.828667962872185,77.48871469923388,30.795705733249317,21,0.001,25,1.1585090160369873,0.7505738964510731
bits,S1,2,90,1,NARMA,hyb,sample,500,10,1002,1.1252760911110512e-17,9.941136729869866,1.25,7.07e-06,10100.0,3.16e-11,3,1.0,0.7585004111986915,0.00468612348860426,0.7862538291222274,0.010515729224934288,0.7546423766873567,0.9032956868146845,0.9190049448231103,0.9032588699995682,0.9189707737287863,0.9028918902832708,0.9186301800616103,0.899336806424649,0.9153320269759855,0.8722582983630256,0.8902771318368712,0.7985897111041919,0.822242052346893,0.7585004111986915,0.7862538291222274,0.7699283807303414,0.7972455741712883,0.8004755893283735,0.8244240793375658,0.853975667859886,0.8523659720002478,1.4669862838520638,0.21090675105485235,0.5736407405901451,12.426420912337333,3.2071893147245215e+18,1.2746070024575383e+18,3.6303428406557923,1.4427774452780997,0.0329435228072948,0.017379640612155398,0.5698303180486182,0.09227797975524875,0.776904466670432,0.0,0.0,0.19468139083135788,0.06982791770868077,0.02174057886508353,8.954747343182571,77.48871469923388,30.795705733249317,21,0.001,25,1.5175220966339111,0.7505738964510731
bits,S1,2,91,1,NARMA,hyb,sample,500,10,1002,4.583688350501887e-19,0.6093864320319601,1.25,7.07e-06,10100.0,3.16e-11,2,1.0,0.7846413541758851,0.007704264296874815,0.8079958958706082,0.009830752026827911,0.813067471154193,0.878729194337815,0.9074913776647756,0.8783704883085404,0.9071157234443612,0.8749589051038887,0.9035431584436218,0.8522383222815823,0.8797699289969227,0.8096592981458647,0.8350051112994918,0.7903436665449928,0.8126641678482531,0.7846413541758851,0.8079958958706082,0.7877301729109201,0.8135331855180675,0.8079741988164091,0.8309626251004507,0.8723960418625707,0.8528711666577772,2.207632587594991,0.21090675105485235,0.5736407405901451,0.7617330400399501,3.2071893147245215e+18,1.2746070024575383e+18,2.4123865460440577,0.958735042582362,0.670226373599162,0.3847148811301834,0.4824579059990465,0.06089572530117474,0.6210204549853368,0.0,0.0,0.06919047378944299,0.05584973843507759,0.022178783854439502,3.1196694211704132,77.48871469923388,30.795705733249317,21,0.001,25,0.713198184967041,0.7505738964510731
bits,S1,2,92,1,NARMA,hyb,sample,500,10,1002,1.1153745581581659e-18,9.82749257195198,1.25,7.07e-06,10100.0,3.16e-11,5,10.0,0.7713993576409266,0.004571038370806368,0.8077925734149798,0.0026667194363819754,0.7958348371050423,1.1130565263329057,1.1576378036816235,1.1122521597642472,1.156781708089054,1.1044857509667652,1.1485112190398004,1.0466759753000876,1.0866606783798527,0.897350202670847,0.9240058518334457,0.8067910395852136,0.826372019857277,0.7741445032165959,0.7988488106136568,0.7713993576409266,0.8077925734149798,0.827792627415819,0.8515680166029688,1.3904052259577637,1.301216222605709,14.630901546682885,0.21090675105485235,0.5736407405901451,12.284365714939975,3.2071893147245215e+18,1.2746070024575383e+18,0.36400102453905303,0.14466194828260284,0.07111644140443515,0.05968051556298197,0.12446009568514382,0.04044295636568386,0.24874189074191597,0.0,0.0,0.07964101370948315,0.03031682001072697,0.014510879252403635,5.488365820168418,77.48871469923388,30.795705733249317,21,0.001,25,1.0910570621490479,0.7505738964510731
bits,S1,2,93,1,NARMA,hyb,sample,500,10,1002,6.066327407208305e-19,3.9337883808655194,1.25,7.07e-06,10100.0,3.16e-11,2,1.0,0.7759364045941377,0.008081171180203617,0.8031241195800858,0.009204170944111264,0.8045319623505366,0.8710360648134495,0.8840428680008102,0.870871691600678,0.8838858188166634,0.8692659191708059,0.8823515288862909,0.8562389710764094,0.8699048511066904,0.814375676230268,0.8304303718695423,0.7856771885975593,0.8067022655021899,0.7759364045941377,0.8031241195800858,0.7770793374387981,0.8102887589513774,0.8358152266977456,0.8484199384282224,1.6006226939341424,1.481676278690125,10.767980113733817,0.21090675105485235,0.5736407405901451,4.917235476081899,3.2071893147245215e+18,1.2746070024575383e+18,0.49458330129436895,0.19655819387840429,0.16995939193849158,0.13606889818350704,0.16186363457577238,0.04455524790613119,0.2878380669216113,0.0,0.0,0.0777744418098532,0.03605797655163622,0.01624648698595102,4.787154409264467,77.48871469923388,30.795705733249317,21,0.001,25,0.8139357566833496,0.7505738964510731
bits,S1,2,94,1,NARMA,hyb,sample,500,10,1002,6.591314258958026e-19,2.5724427230080558,1.25,7.07e-06,10100.0,3.16e-11,4,10.0,0.7614982467223361,0.007405494829259618,0.7980353043363416,0.0065684993551740605,0.8003523621948518,1.0159983832369766,1.012906114593599,1.0152522135493842,1.0122262349379663,1.0081075017294152,1.0057162334943073,0.958051656356664,0.9600876172022386,0.8495769717523984,0.8610900722210921,0.7953683742913846,0.8146728758421945,0.7756334189914316,0.8021982918407428,0.7614982467223361,0.7980353043363416,0.7883491370584421,0.8233196340921107,0.9754917413798573,0.9432876637015916,6.480713059336394,0.21090675105485235,0.5736407405901451,3.2155534037600697,3.2071893147245215e+18,1.2746070024575383e+18,0.8217711699563994,0.3265897908911308,0.23442699604544867,0.17070665338864188,0.24192702971334196,0.05650394035694222,0.3911695956389393,0.0,0.0,0.09223268858472775,0.04730786358148481,0.018919252961264742,4.875070319825252,77.48871469923388,30.795705733249317,21,0.001,25,0.8174471855163574,0.7505738964510731
bits,S1,2,95,1,NARMA,hyb,sample,500,10,1002,1.9956046498657566e-19,3.7192361124833946,1.25,7.07e-06,10100.0,3.16e-11,5,1.0,0.7958502014987129,0.007410636881299685,0.8186745221436752,0.010631807608889904,0.792225737777525,1.151227676766439,1.1595112563222905,1.147130516920161,1.155440335481869,1.1121326885409435,1.1207332555959248,0.974171977056329,0.985112658330225,0.8529095670155822,0.8676254178555436,0.8129396658505368,0.8281000491005488,0.7958502014987129,0.8186745221436752,0.820057960026203,0.8455634310447973,0.9303400977349344,0.9050595490879314,2.1108242077134767,1.956510299087333,30.947697306868434,0.21090675105485235,0.5736407405901451,4.649045140604243,3.2071893147245215e+18,1.2746070024575383e+18,0.17208592613902243,0.06839070131412835,0.20132890776694623,0.18351720481150297,0.06363112869140697,0.018954467366081525,0.11939533932153175,0.0,0.0,0.031706815157831574,0.015591271091346191,0.01077603773553548,2.9423444809657586,77.48871469923388,30.795705733249317,21,0.001,25,0.7127280235290527,0.7505738964510731
bits,S1,2,96,1,NARMA,hyb,sample,500,10,1002,1.779264411290442e-18,5.090412900538063,1.25,7.07e-06,10100.0,3.16e-11,4,10.0,0.7584009510582495,0.0036047652285693486,0.7980635057454533,0.0068131128711646565,0.792651400093697,0.9931047317963989,1.0399420242945054,0.9928495283332083,1.0396715250148287,0.9903404509151607,1.037011203451884,0.9688522279246203,1.014168909143414,0.8823760711476026,0.9215819128676805,0.8032294286824311,0.8368654677434428,0.7735972315748859,0.8076107738401668,0.7584009510582495,0.7980635057454533,0.7797401640035483,0.8184338660178503,0.8995631515918978,0.8866531920705679,4.750743866820014,0.21090675105485235,0.5736407405901451,6.363016125672579,3.2071893147245215e+18,1.2746070024575383e+18,1.1210166875376935,0.4455164879875601,0.10872112218859857,0.07409568045340353,0.3001505017985487,0.07362968440155371,0.4970390321954182,0.0,0.0,0.139849017946252,0.05741453834964252,0.020177037346256047,6.931097739787933,77.48871469923388,30.795705733249317,21,0.001,25,1.1233999729156494,0.7505738964510731
bits,S1,2,97,1,NARMA,hyb,sample,500,10,1002,3.224621635505268e-18,9.82269651923813,1.25,7.07e-06,10100.0,3.16e-11,4,10.0,0.7538591462013814,0.0020557289553531644,0.7947787786587736,0.006006197147129155,0.7894496839182287,0.9963956949545247,1.03062759569191,0.9962425055996016,1.0304781538531347,0.9947247011862526,1.0289973619106532,0.9808234487088608,1.0154244982536196,0.9059214978756763,0.941815418326709,0.8063135134482501,0.8416592875055902,0.7673984364619332,0.8026968725039735,0.7538591462013814,0.7947787786587736,0.7775852153253026,0.8176873906030341,0.9107224909317624,0.8950968691001411,5.0582589707867225,0.21090675105485235,0.5736407405901451,12.278370649047663,3.2071893147245215e+18,1.2746070024575383e+18,1.0528648658916475,0.4184314672494722,0.05741837578985749,0.039673352285326625,0.2864652668991574,0.07599244582673852,0.49586707357651966,0.0,0.0,0.1543094819381898,0.05705801543541543,0.019866073360535107,7.767487773639902,77.48871469923388,30.795705733249317,21,0.001,25,1.2100770473480225,0.7505738964510731
bits,S1,2,98,1,NARMA,hyb,sample,500,10,1002,1.8858331540003626e-19,0.1049058164501662,1.25,7.07e-06,10100.0,3.16e-11,1,0.1,0.8342126803798386,0.02105073655437988,0.8561347758895199,0.030904412377786464,0.8345115207703593,0.8877432292005525,0.8995115977402662,0.8869792156324277,0.8988922462208615,0.880386159668974,0.8935783593371894,0.85466001312658,0.8734197816109459,0.8369517162444355,0.8596689125669161,0.8342126803798386,0.8561347758895199,0.8456531628560491,0.8627078902477084,0.8834148557774609,0.8941947799233316,0.9002654251446881,0.905749364558695,0.9498634402144583,0.9115764523143148,0.9237307458496207,0.21090675105485235,0.5736407405901451,0.13113227056270774,3.2071893147245215e+18,1.2746070024575383e+18,5.765384747504745,2.2912896776293468,2.3169908097230527,1.127192054822333,0.6921027297867829,0.03632246794300903,0.7775990120774207,0.0,0.0,0.021926958312199738,0.03544365641444092,0.020569883090186283,1.0659738908609016,77.48871469923388,30.795705733249317,21,0.001,25,0.6056649684906006,0.7505738964510731
bits,S1,2,99,1,NARMA,hyb,sample,500,10,1002,1.9922635798782244e-17,0.7005433786561535,1.25,7.07e-06,10100.0,3.16e-11,5,0.1,0.8668669419858247,0.01446570734572021,0.8766445936331596,0.02227523537055748,0.7771311383375087,1.1649300780102785,1.174291490483467,1.163400898865985,1.1728595265429713,1.1490136013349967,1.1593789450762277,1.0588167103872013,1.0741460950559687,0.9060051998346053,0.9211753140076354,0.8668669419858247,0.8766445936331596,0.9115159045692179,0.9235946953678551,0.9659142299376546,0.9791034514143162,0.9843250787929847,0.9971426391937948,0.9877891406299982,0.9951199044513412,0.05838984661756496,0.21090675105485235,0.5736407405901451,0.8756792233201918,3.2071893147245215e+18,1.2746070024575383e+18,91.20871969066808,36.24833503565658,0.030658301399441163,0.01238462789616301,0.9691139958938253,0.011640445632454342,0.9887393293972981,1.0,1.0,0.02436470135278075,0.00898781223809464,0.00759636768894247,3.2074146948214257,77.48871469923388,30.795705733249317,21,0.001,25,0.8469319343566895,0.7505738964510731
bits,S1,2,100,1,NARMA,hyb,sample,500,10,1002,3.547592493514303e-18,0.23721321907091927,1.25,7.07e-06,10100.0,3.16e-11,1,0.01,0.8613054626168994,0.008523094232929233,0.8847826351715107,0.01916882202871423,0.8354033499799549,0.8931916867810475,0.9240912237158783,0.8930049393013919,0.9238891035925588,0.891230563557793,0.9219618486322331,0.8795956504516314,0.908940167445941,0.8613054626168994,0.8847826351715107,0.8723846997927989,0.8872889817165086,0.9249206257444922,0.9370076964938188,0.9677601415259639,0.9796325551257621,0.9797929555013788,0.9886327338284129,0.9967746200686112,0.9781507355094574,0.1110335581771186,0.21090675105485235,0.5736407405901451,0.29651652383864907,3.2071893147245215e+18,1.2746070024575383e+18,47.96444642823379,19.06211741406898,0.16810256186667696,0.06887637009678163,0.9450543646591711,0.017456406138925802,0.9765531844052442,1.0,0.98096,0.030470720141569835,0.014371832040795606,0.010052450307036217,3.0311734165193376,77.48871469923388,30.795705733249317,21,0.001,25,0.6406588554382324,0.7505738964510731
