group,set,search_seed,eval_index,is_finite,task,mode,node,N_R,R,seed,k_on,k_off,T,distance,N_max,D,L,lam_best,objective,opt_sd,held,held_sd,train,opt_lam_1e-06,held_lam_1e-06,opt_lam_1e-05,held_lam_1e-05,opt_lam_1e-04,held_lam_1e-04,opt_lam_1e-03,held_lam_1e-03,opt_lam_1e-02,held_lam_1e-02,opt_lam_1e-01,held_lam_1e-01,opt_lam_1e+00,held_lam_1e+00,opt_lam_1e+01,held_lam_1e+01,opt_lam_1e+02,held_lam_1e+02,opt_lam_1e+03,held_lam_1e+03,KD_nM,tau_D_over_T,phi_ISI,koff_T,c_peak,c_mean,c_peak_over_KD,c_mean_over_KD,tauR_mean_over_T,tauR_peak_over_T,occ_mean,occ_std,occ_max,occ_frac_above_0p8,occ_frac_above_0p9,contrast_within,contrast_between,binomial_sd_mean,snr_within,shell_molecules_peak,shell_molecules_mean,history_symbols,dt,n_sub,seconds,running_min
bits,S4,1,1,1,XOR,hyb,sample,500,10,1001,1.1227005446135838e-19,1.0501256551721336,1.5869368629624154,4.7015259359543245e-05,16481.521285023846,1.5251837790826284e-10,2,10.0,0.9996360487217333,0.00010846684023083904,0.998391791826983,0.00010000992671756491,0.9990248140956487,1.126103790153714,1.1277887717298956,1.109120339713345,1.1120935856498126,1.0517943045291624,1.0570207374952387,1.0137545516022437,1.0164822593542593,1.0041650900682153,1.0052868640273274,1.0011403550515197,1.000834244237774,1.0003604254653742,0.9993338149647049,0.9996360487217333,0.998391791826983,1.0052657336860509,1.0031384006877864,1.174681054574034,1.169901968350139,15.53196606362242,1.5221049413998953,0.9673933641092756,1.666483112935217,7.671396805486538e+16,5.216814650650488e+16,0.008201572191905811,0.005577352215505464,0.5967378693439281,0.5951846368549107,0.005543037677326155,0.0009908299477189317,0.008000655257571243,0.0,0.0,0.00038756359470742296,0.0009826548207957236,0.0033063089736664053,0.11721941227944256,1.8534817251847198,1.2604315568373654,152,0.0009918355393515096,32,0.8067038059234619,0.9996360487217333
bits,S4,1,2,1,XOR,hyb,sample,500,10,1001,9.388978199413294e-19,0.17462114356790076,0.5487852555990317,1.741096436569757e-05,11092.240933709196,1.344440088075291e-10,2,1000.0,1.0010147138729228,0.0018292112381601553,1.0043456066010479,0.0014964292297558826,1.0006531139069303,1.1338552804915234,1.1408405240505308,1.1308822237984293,1.1378466215196243,1.1080439209121224,1.114814362520027,1.0477277239410845,1.052987748660423,1.0151541972230724,1.0173520420712678,1.004771709818553,1.0056759310439884,1.0022252569326189,1.002884271515576,1.0030425959696667,1.004892568808685,1.0034871019702023,1.006014699210708,1.0010147138729228,1.0043456066010479,0.30883576965509607,0.6847791282705615,0.8482267315094147,0.09582950890590562,5.408292606861006e+17,3.121200049417582e+17,2.9079148346157244,1.67819764670103,3.89635136142996,2.670272891944482,0.6211897949613113,0.04482511743998028,0.7147582121808208,0.0,0.0,0.011192687501553717,0.04464115203947359,0.02159631827682162,0.5182683158344789,13.06694434591009,7.541113305602537,68,0.0009977913738164212,11,0.2918839454650879,0.9996360487217333
bits,S4,1,3,1,XOR,hyb,sample,500,10,1001,3.4389393264601676e-18,5.572747081166423,1.8384065174188626,1.49075410918718e-05,1052.4912051244894,4.1194142613795934e-11,2,10.0,1.000274904049664,0.00026912068826002826,0.9983807629613466,0.0003781396546964727,0.998543474151357,1.137037166386683,1.117378084796988,1.136166896683926,1.1165796862980328,1.1281582364891314,1.1092377284185988,1.0844079118142214,1.0693308131937445,1.026721136927174,1.018535201472507,1.0053664218512182,1.0012040884737154,1.0017059469208414,0.999108666606414,1.000274904049664,0.9983807629613466,1.0048030734664872,1.0024893555515102,1.1696555651998601,1.1651005722926806,2.6908774367011365,0.48908434376796295,0.7742203959318862,10.244974553943294,6.428281314101432e+16,3.6364526703244744e+16,0.03966889056803452,0.022440530522286707,0.09546651279788185,0.09388453658438248,0.021901901624549892,0.006456659416753276,0.03746200005095635,0.0,0.0,0.0076350699591623316,0.005809263674894058,0.006466462082222988,1.1807182756320453,1.5531333135462495,0.8786012169420189,49,0.0009937332526588447,37,0.8927850723266602,0.9996360487217333
bits,S4,1,4,1,XOR,hyb,sample,500,10,1001,7.00802960987191e-20,0.4288135708391753,1.3886891774315102,9.515627976829133e-06,6343.347184816082,3.0690737362574e-11,4,10.0,1.002587500636945,0.0014423570717012689,1.0027782347203649,0.002394764471490912,0.9981096862924584,1.3243221191485346,1.334724549973942,1.3098316811526218,1.3199824511891207,1.2233882773601328,1.2308229195093823,1.085001180475333,1.0856824885995848,1.0237962191251788,1.0248465045944308,1.0069510091934086,1.0065244076058766,1.0033014989286941,1.0017129348223026,1.002587500636945,1.0027782347203649,1.00545940402738,1.008539014795138,1.0810501052810388,1.0839395961573706,10.160654656905555,0.35408806212013194,0.6973006558989574,0.595488764960123,1.1858319857269327e+18,5.6936618026090144e+17,0.19379856966850306,0.09305057772121088,1.5363358675442365,1.406680197363074,0.08441648211956897,0.02196138620025776,0.13781701714545133,0.0,0.0,0.013292738892857748,0.021445254590389345,0.012296083484725003,1.0810547040747451,28.6508177117424,13.756423201796295,35,0.0009919208410225074,28,0.6269810199737549,0.9996360487217333
bits,S4,1,5,1,XOR,hyb,sample,500,10,1001,1.6313922416258372e-18,1.7302222024119125,0.8483511574961109,6.837251763701261e-06,14889.09690208009,1.072369906487533e-11,1,1.0,0.9839673927049578,0.003333832008534117,0.9736396783840566,0.004004787085488595,0.9631801176107354,1.0296146715427203,1.0136287687848518,1.0295738370741951,1.0135894295316858,1.0291701372390116,1.0132005686704615,1.0255480410222624,1.009716720531166,1.0083162151655998,0.9933689298898012,0.9900565960794196,0.9770560417528433,0.9839673927049578,0.9736396783840566,0.9911038232646769,0.9860836698771951,0.9983813174383765,0.9960542968475827,0.9978445034061041,0.9959747319804546,1.7611347465605436,0.8564295008382078,0.8910432726708178,1.4678360081416162,1.4297643834656432e+19,8.63993488494067e+18,13.48096515746537,8.146423459250592,0.07448540066852631,0.04704624371636383,0.8836665429037367,0.03186760126880134,0.9308420790139711,0.97748,0.35452,0.024751246870640037,0.030105560643815515,0.01418296192557712,1.7451394850044966,345.44454201329717,208.74896478527074,86,0.0009980601852895422,17,0.7025110721588135,0.9839673927049578
bits,S4,1,6,1,XOR,hyb,sample,500,10,1001,2.628033264893368e-19,0.11255699969445211,1.9912228454816314,3.258057246575917e-05,6047.279401898075,8.314329451929328e-12,5,1000.0,1.001041481725276,0.0012161686646996394,0.9993881248900486,0.0019436147522724245,0.9964134014736812,1.4444512115932078,1.4727179165727518,1.4315677974041057,1.459282335163558,1.3428826270009668,1.366426669387796,1.1517216246839748,1.1614934082792634,1.0550655125513821,1.0511800237652449,1.0243191107482483,1.0173986849254089,1.009541170237804,1.0060785378617507,1.0044139003225931,1.0020268156278536,1.003476096669767,1.0008847728009382,1.001041481725276,0.9993881248900486,0.7111983618064901,10.686096110270865,0.999999985038459,0.22412606921046205,4.512516933136851e+17,4.036556659416043e+17,1.0536034756497488,0.9424740536234356,2.2969545354695153,2.172656328452368,0.48482500025392683,0.013202392436993213,0.512043770016207,0.0,0.0,0.0010407128041013776,0.013196996251582613,0.022342565806497787,0.04657982494556251,10.902665944973624,9.75270109290848,1069,0.0009956114227408156,40,1.0686731338500977,0.9839673927049578
bits,S4,1,7,1,XOR,hyb,sample,500,10,1001,2.0802551949332867e-18,0.25494420003247975,1.232536249595193,3.9654594006622715e-05,12663.554502570998,1.7082351943558932e-11,3,1000.0,1.000173465755314,0.0005029251663712471,0.9984396057971117,0.000583932465844564,0.9982823185886011,1.2042587039584667,1.2181560663852,1.2028604863543904,1.216727621528628,1.1900608769755208,1.2035886635401951,1.1220948079903568,1.1318276162501506,1.039877742816035,1.0404600986112842,1.0128238695850966,1.0089376298031474,1.0041264635625002,0.9997852517345146,1.001793603208136,0.9990620567122853,1.0013374563555881,0.9993347318991507,1.000173465755314,0.9984396057971117,0.20350618767083192,12.447679537740436,0.9999999990092612,0.3142279681640793,5.998086964713213e+17,5.411968801112704e+17,4.894228449369179,4.415976598760543,0.5875953950409184,0.5399184874521894,0.8150579990995511,0.007494659250850027,0.8303017813891064,0.9652,0.0,0.0005993580312847439,0.007491451566476205,0.017357764466558595,0.03452967877513633,14.491943067282829,13.075826377483372,1245,0.0009860289996761545,25,0.6435692310333252,0.9839673927049578
bits,S4,1,8,1,XOR,hyb,sample,500,10,1001,1.4315830374880353e-17,0.7208982928901448,1.0485327981764097,1.2725706790082047e-05,3493.7984102331716,6.785239537201885e-12,3,1000.0,0.9999139892075626,7.136500040615327e-05,0.9988132606918523,9.776953756735317e-05,0.9987853508897888,1.1902094692530596,1.2097072251768877,1.1897175892673404,1.2091830182872179,1.1849566803167781,1.204106790888732,1.1490596326864593,1.1656487243706881,1.058420051823262,1.0657302123910295,1.0096084337271967,1.010098860866726,1.0008155842343232,0.9998676255871141,1.0006163302256441,0.9995732630637072,1.0005563139929836,0.999503180579346,0.9999139892075626,0.9988132606918523,0.08361930446615985,3.7937208454048084,0.9992580733132334,0.7558855042447005,1.7533030677640481e+18,1.4139807770616742e+18,34.81765675049582,28.079285465642094,0.0454946420388705,0.0369357407219891,0.9652479526952014,0.003684630988104367,0.9720798931887502,1.0,1.0,0.000867788731643964,0.0036717455223346145,0.008178872352581473,0.10610126851656591,42.36145355545671,34.16310740401189,379,0.000998602664929914,21,0.6474511623382568,0.9839673927049578
bits,S4,1,9,1,XOR,hyb,sample,500,10,1001,4.033575162718451e-19,3.5470512294900605,1.4035255642813778,8.090498929153358e-06,18457.211575168752,6.508786058647662e-11,5,10.0,1.004369747052336,0.0008125812354404019,1.0006122404785192,0.0009210285410749416,0.9950801137859093,1.4720502783406326,1.479560753036886,1.4679367028947716,1.4754400249537738,1.431948818516475,1.4394353408165945,1.2718884038745129,1.279048902340537,1.0925835640329988,1.0925842291932049,1.0252676343820415,1.0204338568418092,1.0065259450401114,1.0010613815613145,1.004369747052336,1.0006122404785192,1.0104600267974804,1.011977514369411,1.0666405180195493,1.0717836649281143,14.602472749920594,0.11942054119059543,0.4505267261448436,4.978377078404992,3.3064060748635894e+18,9.041183307825759e+17,0.37599224140183934,0.10281298485016092,0.18214210049671886,0.14598096375239925,0.08966806177553756,0.05596392355480525,0.21212033911813868,0.0,0.0,0.08000166051538017,0.04828183858101518,0.011931500353360427,6.705079675319143,79.88588507657998,21.844350461854866,12,0.0009679486650216398,29,0.7256958484649658,0.9839673927049578
bits,S4,1,10,1,XOR,hyb,sample,500,10,1001,7.279144571016438e-18,6.718264282057179,0.7194049861883376,2.588715507410207e-05,9420.203368241171,7.806537968399963e-11,4,10.0,1.003582728982902,0.0013856245255323496,1.0042458596970802,0.001586250582305031,0.9932147144277425,1.310994151373303,1.258983142976152,1.3102555604233885,1.2582547038366014,1.303117086570795,1.2512212705978203,1.2497341295148456,1.1991059380950844,1.1129950558200035,1.0740332892715736,1.0314808109516942,1.0158238353246571,1.0068123398287652,1.002389781824556,1.003582728982902,1.0042458596970802,1.0041409077146275,1.007704425858407,1.0072235772967084,1.0158329812082927,1.5325894677754446,1.988774213849806,0.98541834139655,4.833152823042947,3.269472826609702e+17,2.3416498320734656e+17,0.3542427683213196,0.25371445579898744,0.16503301689810396,0.15278226608198478,0.20153049081195618,0.02573415800064273,0.2612067266095097,0.0,0.0,0.010010089794498711,0.025538048769665582,0.017880552669379705,0.5598311181757208,7.899354301129492,5.65764655457002,199,0.0009592066482511168,15,0.5548372268676758,0.9839673927049578
bits,S4,1,11,1,XOR,hyb,sample,500,10,1001,2.528992089162751e-19,2.079607407256598,1.9639472732313061,2.1662678461647e-05,17457.13565363972,1.892239575153079e-10,1,10.0,0.9998792898096062,0.00015501822492613532,0.9984436994156415,0.00012725105733375582,0.9990448087623113,1.0655566795051832,1.05799925192323,1.0635014392341993,1.0559026189604022,1.049181615480109,1.0415090598983345,1.0202918487059474,1.0137457662176017,1.0078001702266897,1.0029996095666596,1.0032476316677605,1.0002911462176116,1.0013063137694709,0.999497252170349,0.9998792898096062,0.9984436994156415,1.00535547495684,1.003131251613104,1.174561381086224,1.1697458646168781,13.654725765777044,0.21045881050730608,0.5731491211018531,4.084239296873222,2.0602338979041206e+17,7.840045435999795e+16,0.025054321365867164,0.00953420959029771,0.24253129189440434,0.23885918137224313,0.009417040406778595,0.004686406319112255,0.01990623692333889,0.0,0.0,0.005939452213946292,0.004204981041835877,0.0041614759968580835,1.4272465390718536,4.977719151016051,1.8942288228202109,21,0.0009819736366156531,40,0.7733931541442871,0.9839673927049578
bits,S4,1,12,1,XOR,hyb,sample,500,10,1001,3.368593943111125e-18,0.26707539691171767,1.1409528740214454,6.0464359068755185e-06,18542.204713127077,1.4573914349478453e-10,1,0.1,0.9302762341631741,0.007054418496982943,0.9146330507878853,0.009780557123398717,0.8959058873680352,0.9791632216606517,0.9548432450416453,0.9788712621503043,0.9545964797119695,0.9761565696009583,0.9523098110660013,0.9605112066594194,0.9394595907580351,0.9384555549423039,0.9223930300955926,0.9302762341631741,0.9146330507878853,0.9338080207840674,0.9169656075132867,0.9433530571921105,0.9266149498380278,0.9585279294763636,0.9444460682773677,0.9657174788746147,0.9542115609307548,0.1316540782126077,0.03664407280937214,0.2597786826552751,0.30472044168684254,6.450397734944563e+18,6.729879316777044e+17,81.35818945454741,8.488326130563676,0.34586674530308636,0.03984663211863611,0.8081375013088113,0.15398170925486113,0.9696945510373169,0.63456,0.3538,0.16427300345661738,0.14731633665802443,0.015605947886407928,10.526307318999297,155.8476849136785,16.260022317479077,4,0.0009921329339316917,23,0.5219390392303467,0.9302762341631741
bits,S4,1,13,1,XOR,hyb,sample,500,10,1001,2.459328797559332e-19,0.654629396425321,1.3404827108590873,6.000000000000003e-06,8304.900423183164,2e-10,2,1.0,1.0044128176143148,0.0010710719208025237,1.0002201601945413,0.0016638859848296648,0.9958642776794464,1.167678114771952,1.1453758951311315,1.1619180798961857,1.140333264064109,1.123316241016703,1.1067634332379772,1.0478405948758927,1.0400458934007464,1.0146866575724063,1.0088527521147999,1.0063333817282305,1.0020541183868557,1.0044128176143148,1.0002201601945413,1.0044805190061838,0.9993565915468567,1.0102835324505421,1.0032590738021592,1.138678677213892,1.1338921192289901,4.420058384887252,0.02237999771050658,0.20445260984638164,0.8775193879282625,2.8700796202231204e+18,1.8664881636932512e+17,1.0782390005469435,0.07012071435136207,1.0649041233866228,0.5483372994801341,0.06402165323302941,0.03541639537089346,0.13628121917668534,0.0,0.0,0.041805447047882895,0.03350485607921734,0.010308286998549911,4.055518346914842,69.3438269560516,4.509611208228483,2,0.0009929501561919164,27,0.5539698600769043,0.9302762341631741
bits,S4,1,14,1,XOR,hyb,sample,500,10,1001,1.1720335125962875e-18,0.18110251298257038,1.7926507270423149,6.000000000000003e-06,20000.0,2e-10,1,1.0,0.9770261669618518,0.001133050124125108,0.9626784903221836,0.002058917757169142,0.954063997653716,1.0289172673989224,1.0186720140420429,1.0284862797526015,1.01817987722052,1.0246196680686874,1.0137586033450787,1.0060858473282042,0.9924756576161826,0.9857732411498852,0.9699924496914145,0.9781598516001976,0.9635841085145106,0.9770261669618518,0.9626784903221836,0.9806658944697743,0.9652473654427023,0.9894195422608277,0.9736808595961245,0.9891143504147397,0.9756868530363457,0.256586347351745,0.016734994467939034,0.1772930294403889,0.32465355156739506,6.879122719831671e+18,3.4163032952102957e+17,44.519329037036584,2.2109146279847307,0.9592925752113828,0.06766810116548896,0.6207636096548805,0.17377015409280158,0.8547291950249367,0.12476,0.0,0.1910833261088236,0.1670605572237776,0.020170478947832943,9.473415410859792,166.20608436513214,8.2541105432481,2,0.0009959170705790639,36,0.7593879699707031,0.9302762341631741
bits,S4,1,15,1,XOR,hyb,sample,500,10,1001,6.073426541107306e-18,1.9494066031984443,1.3316399748451764,6.652647135194387e-06,19765.275041209316,4.033574822661843e-11,2,0.1,0.9286774879185866,0.013076958289101825,0.908163604746705,0.020241681797612345,0.8381831917365041,1.0114620016519509,0.9958633090219386,1.0113904074833437,0.9957849387930502,1.0106809489681579,0.9950084188572885,1.0041780119339105,0.9878985815719752,0.969597456710732,0.9504481659232971,0.9286774879185866,0.908163604746705,0.929994915205864,0.9120207422145707,0.9556802729160061,0.9403159856517249,0.9643656114258926,0.9522548046501271,0.9832498992241352,0.9749179293548448,0.532988388104798,0.13732853443127999,0.47903659177690955,2.595907760046197,6.700313529997438e+18,2.0037395264231345e+18,20.874999581954476,6.242702164482829,0.053187566064394835,0.017610135187200185,0.793825443576507,0.13013919423219955,0.95341264074857,0.57896,0.23584,0.15408764004505307,0.12150825599402322,0.016708548274087586,9.222084259948517,161.8858859181452,48.41223428306315,14,0.0009863999813667973,27,1.0447680950164795,0.9286774879185866
bits,S4,1,16,1,XOR,hyb,sample,500,10,1001,7.276643750889767e-18,0.24846305026769333,0.9547566379684747,9.818561996640532e-06,17689.164797658246,1.9346873438808095e-10,5,1.0,0.9466905003282925,0.0034230957957317315,0.9292268660416323,0.0041559495672978015,0.9068313369300063,1.339000931296427,1.309727124550258,1.3322605930144005,1.3036318117589023,1.278456453959343,1.2547771875720186,1.110071199606843,1.0966200843026086,0.9908810288137753,0.9740486051622825,0.9543183341813759,0.9367607971406574,0.9466905003282925,0.9292268660416323,0.9483863745511908,0.9311310517373975,0.9587435353728176,0.943801445631865,0.986496027837793,0.9825622198559325,0.0566995741227863,0.08698433465198477,0.3905338169059389,0.237221746532975,1.6341295713163704e+18,3.5415556748578426e+17,47.85813713730125,10.372020685617963,0.37068743049815644,0.08627969412090551,0.8684729008064102,0.09311899241328857,0.9663153447221171,0.80916,0.51348,0.09450276614670716,0.0879791890939099,0.01403193406194928,6.734835392575889,39.48210963162057,8.556732090013341,9,0.0009547566379684747,20,0.5047130584716797,0.9286774879185866
bits,S4,1,17,1,XOR,hyb,sample,500,10,1001,3.946791497255615e-18,2.4412687415619874,1.5897606249103946,3.331989191767921e-05,20000.0,2.260397391927127e-11,5,1000.0,1.00014953709461,0.0004780298078293813,1.0005155588573698,0.000525652921050093,0.9959066279731719,1.4231596107730102,1.4101608149089522,1.4225037237267921,1.4095351906377436,1.4160993377376634,1.4034254352042443,1.3641927844806951,1.353832829945656,1.1910796119616696,1.186536884257524,1.0602643628036614,1.0552517843019664,1.015483910113829,1.010247718971027,1.0034768229215125,1.001159859776675,1.0021597358486716,1.001463311038084,1.00014953709461,1.0005155588573698,1.0271183875947898,5.149195533261607,0.9999151748065371,3.8810329201597975,7.180471202912566e+17,5.981338312159057e+17,1.160864521282141,0.9670010839336837,0.130992995692325,0.11924086955791194,0.4906032440780888,0.02286929817450985,0.5371758726065696,0.0,0.0,0.0040366992226133595,0.022824053344749195,0.022333268320112867,0.18074825255101573,17.34869475568668,14.451476745154379,515,0.0009936003905689967,32,1.2152340412139893,0.9286774879185866
bits,S4,1,18,1,XOR,hyb,sample,500,10,1001,6.354673215121876e-18,9.442534799351801,0.769194984100195,6.000000000000003e-06,20000.0,2e-10,1,1.0,0.9974313448456336,0.004039821604303895,0.991461961333646,0.0032923560611994407,0.9814112586666173,1.057644748122622,1.0605289599110075,1.0575864155055041,1.060470537459139,1.0570102969099961,1.0598931236521607,1.0518824599900547,1.0547196004798405,1.0278758644964219,1.0294422321226384,1.0021337549992606,0.9987929136856198,0.9974313448456336,0.991461961333646,1.002614771698694,0.994922927701236,1.0198024817542923,1.0073058497136564,1.0801244543771402,1.0699360561259026,2.4674278907308858,0.03900181439052681,0.26769470046832045,7.263150404852947,7.148249844161035e+18,7.866218507647282e+17,4.810656543495876,0.5293837843020035,0.0900240363554484,0.02369462045619433,0.25517704283350034,0.21091383769930544,0.7605159140724285,0.0,0.0,0.36064258490599455,0.16547646822815956,0.01616977561688466,22.30349965582748,172.70844918009308,19.005524834547217,4,0.0009614937301252438,16,0.6124541759490967,0.9286774879185866
bits,S4,1,19,1,XOR,hyb,sample,500,10,1001,7.267899931865544e-18,0.2842179577422668,1.288026347386344,6.028416966379177e-06,20000.0,1.5257119686282635e-10,2,0.1,0.917453555952543,0.00395574475326596,0.9000552921153758,0.008418263719269665,0.8733485078768801,1.0166117876175917,1.0055850891524898,1.0159904486712437,1.0049700166416962,1.0102164478909725,0.9992436097117696,0.976953947966078,0.965739666866301,0.9314366337273488,0.9169344074100296,0.917453555952543,0.9000552921153758,0.9183831169797758,0.8995912384035236,0.9239702967442481,0.9047873108940181,0.9279620071412946,0.9103359561797054,0.9589631903211489,0.946446324087401,0.06493691807094774,0.030821801312283497,0.23893400543939097,0.3660802179723782,6.924262826412659e+18,6.105690111245083e+17,177.06428448106374,15.613209346803725,0.16442588985295262,0.015340761557672668,0.8296015588604486,0.167102022689971,0.9901120029897987,0.69984,0.47504,0.17381031668086616,0.16102224914947666,0.01412120184734644,12.308464857297357,167.29671185764974,14.751922404457193,3,0.0009907894979894955,26,0.6003930568695068,0.917453555952543
bits,S4,1,20,1,XOR,hyb,sample,500,10,1001,2e-17,0.3325948720178943,1.4739369339349977,6.000000000000003e-06,20000.0,1.1105554642510681e-11,4,0.01,0.970429135149043,0.009117936340412821,0.9571498495160405,0.008421398994941614,0.8773887508057335,1.2230255027051942,1.1945012006658817,1.2184792815116343,1.190439943692017,1.1806943825772116,1.1565636108563493,1.047885740712278,1.0348033935746497,0.970429135149043,0.9571498495160405,0.9802388231279998,0.9710548247963733,0.9967944278205966,0.9942263891864112,1.0001119296209866,0.9988306369913722,1.000427174631929,0.9992812042333469,1.000005570753809,0.9988215775600476,0.02761433892636995,0.36654904768791996,0.7056564453134139,0.4902238659045581,1.5283260825082282e+19,7.352382667860259e+18,919.0316574850867,442.1224310075765,0.004603432874224285,0.0022171893212702036,0.9971262795189931,0.0017038819839199785,0.9989129348177971,1.0,1.0,0.001629664605622011,0.0015960691486814386,0.0023115601811120627,0.7050063497970447,369.2579768558195,177.64049047361954,37,0.0009826246226233319,30,0.7703468799591064,0.917453555952543
bits,S4,1,21,1,XOR,hyb,sample,500,10,1001,2e-17,0.1,1.2672412915744191,4.8359639823825746e-05,20000.0,5.940405345068176e-12,1,1000.0,0.9991673794382058,2.5352476036859878e-05,0.9977696024903301,3.279287015785194e-05,0.9997405358099227,1.0519725493491847,1.0591695503582919,1.0512938278417727,1.0584312361340715,1.0459124758805838,1.052412883919453,1.0244532991439506,1.0271649412057315,1.0037611257022088,1.0029851946626511,1.0006808374093956,0.9995386815151827,1.0006004371523647,0.999423033467167,1.0005785999408932,0.9993955711759861,1.0003840374652224,0.999180610432702,0.9991673794382058,0.9977696024903301,0.008302695335869234,51.77730827980381,1.0,0.1267241291574419,1.7569463855055741e+18,1.6640932297040323e+18,351.3892771011148,332.81864594080645,0.023639054033905087,0.022393294920422507,0.9970022527213642,7.862934038912864e-05,0.9971622291624456,1.0,1.0,1.4210716587135242e-06,7.862743377730646e-05,0.002444684046950497,0.0005812905191107094,42.44947954373736,40.20605984107251,5178,0.0009748009935187839,26,0.6407179832458496,0.917453555952543
bits,S4,1,22,1,XOR,hyb,sample,500,10,1001,5.2015167848899315e-18,0.1,1.2730267075543753,6.000000000000003e-06,20000.0,3.57251787031373e-11,3,0.1,0.9477148208457432,0.0037637974583055863,0.9315404679726296,0.004274116708149668,0.9084819997143427,1.1169261724087285,1.0942049408911652,1.114501825686116,1.0917356136741696,1.0940605819437277,1.0709606830445089,1.0176614094462444,0.9944874580414442,0.9579429568446178,0.9386851615829865,0.9477148208457432,0.9315404679726296,0.954984071527603,0.9420433298476825,0.980516031717204,0.9752296555091767,0.9969854155913811,0.9953556122083735,0.9988685963709167,0.9976780527924303,0.03192413166862414,0.13192871289158026,0.4707264659879592,0.12730267075543752,9.089112993595498e+18,2.6479875624316467e+18,472.7717379594815,137.73551752167984,0.056620646828837204,0.016580336290306114,0.9863383288109623,0.012724678210576622,0.9978459239299816,1.0,0.99912,0.012331588365547114,0.012069326690206172,0.004757950270249662,2.5917858878546123,219.6015309717745,63.9778736510321,13,0.0009792513135033656,26,0.5858249664306641,0.917453555952543
bits,S4,1,23,1,XOR,hyb,sample,500,10,1001,8.105205663170953e-18,1.9261050443359453,1.321408582250958,6.000000000000003e-06,17651.795703158386,1.979267140472613e-10,3,1.0,0.9633259507052367,0.008109613377462802,0.9490850152203837,0.00903973619469382,0.9284337380467317,1.1648617993546513,1.1472557741545466,1.1643440345643195,1.1467477324043351,1.159344845495402,1.141844336634071,1.1221913200623141,1.1055254259915426,1.0273821034000838,1.0137744520212741,0.9726767537174608,0.9586418265486778,0.9633259507052367,0.9490850152203837,0.9824600562926443,0.9683456711921459,1.0051439131380195,0.9888627386926154,1.026170581399995,1.0102497331475218,0.394607219917128,0.02294086095423866,0.2069411254064447,2.54517173590238,6.103514878897815e+18,4.034971814620949e+17,25.684083797592866,1.6979487436977354,0.14562945145927783,0.014724162860161306,0.4159950733022356,0.28587301553729777,0.9259698403568609,0.12624,0.0396,0.42479698604689303,0.25566543686988186,0.017076636024877283,24.87591733102748,147.46666838220796,9.74887195860681,2,0.0009788211720377466,27,0.7901220321655273,0.917453555952543
bits,S4,1,24,1,XOR,hyb,sample,500,10,1001,8.328125481796707e-18,0.4317764887937651,1.0797853871147591,6.000000000000003e-06,20000.0,7.443946926911609e-11,1,0.1,0.9225598078064048,0.006085420325754371,0.9043336835878645,0.006588637912543522,0.8869623754540703,0.9678036196852258,0.9515517279027639,0.9676575053773103,0.9514024979992396,0.9662469441688717,0.9499610829044748,0.9558360814891668,0.9392775432091718,0.9317477635807119,0.9142404275787792,0.9225598078064048,0.9043336835878645,0.9291191597076034,0.9122591029113192,0.9481774592959529,0.9366575727405261,0.9751734370747165,0.9685936426452424,0.9800837819433139,0.9746588306873594,0.08609160963008404,0.07464668683537899,0.3639459495021507,0.46622594309922716,7.797084159288623e+18,1.4936038498011287e+18,150.39053064721364,28.808702196797473,0.07195492015710064,0.014167879439933976,0.9202314779099301,0.07883744003334932,0.9928302586745662,0.91996,0.72932,0.07924519336439723,0.07530156274834963,0.010698225765026586,7.407321092760683,188.38489737140074,36.086875838465495,7,0.0009816230791952355,22,0.5854439735412598,0.917453555952543
bits,S4,1,25,1,XOR,hyb,sample,500,10,1001,8.65857136987454e-18,0.11331360998847052,1.979719326801146,6.000000000000003e-06,8819.166792743676,1.430614952985139e-10,3,1.0,0.921994065817582,0.0026357272392696298,0.9007133161091833,0.003058818317061488,0.8902784280689356,1.0969750192016472,1.0733049500228957,1.0948929633512337,1.0710544854788075,1.0770411128075454,1.0518368057378462,1.005658978074139,0.977132272293202,0.9431328822086149,0.9180551251730533,0.9236226510315915,0.9014921054463059,0.921994065817582,0.9007133161091833,0.9266209487721963,0.9058407158947368,0.9324664485380717,0.9134898147655687,0.9639749552241572,0.9545111212857902,0.021731261219722707,0.021184824350408603,0.19903632669249724,0.22432914368378246,3.04454346792908e+18,1.8835883800044784e+17,232.64104734136976,14.392961641054924,0.2895957035262525,0.019079419504915943,0.8407996454135777,0.14469361368495093,0.9870831395365047,0.71288,0.489,0.15732199503799188,0.13919734000771575,0.014115396401008272,11.145418135529956,73.55903784433646,4.550926941507848,2,0.000989859663400573,40,0.8657422065734863,0.917453555952543
bits,S4,1,26,1,XOR,hyb,sample,500,10,1001,2e-17,0.186310150604285,0.6632482366994976,6.000000000000003e-06,11873.137646295447,2e-10,3,0.1,0.9230743287439156,0.0021391314335340735,0.9058660324151984,0.006590883881650596,0.8850149474359938,1.078484951256263,1.0643697009390372,1.0758335457170691,1.061792206417286,1.0540258816499584,1.0405486348241855,0.9801582343614434,0.9679015097361724,0.9310365047451048,0.9177945841170232,0.9230743287439156,0.9058660324151984,0.9291973689347277,0.9102844888459419,0.9385115864072093,0.9197873074390269,0.9675235312091484,0.9579845409747334,0.9918937508738292,0.9897346250355679,0.015468764184472912,0.04523193329436974,0.28740197143954177,0.12356987886750986,4.3099388417680916e+18,5.462147878660701e+17,462.66280476818713,58.635000411352536,0.13570197001918605,0.01745360411638255,0.9532773559376129,0.05074926202119055,0.9969791157736608,0.978,0.88532,0.049158294154502055,0.04877900038802558,0.008258704600141328,5.952300818903346,104.13218195371806,13.197063755212708,5,0.0009474974809992823,14,0.33413100242614746,0.917453555952543
bits,S4,1,27,1,XOR,hyb,sample,500,10,1001,2e-17,2.153492050590783,0.6313851972878857,6.000000000000003e-06,8897.990441044372,3.975583882872027e-11,3,1.0,0.9511893870111241,0.0022172783843748332,0.93640655394197,0.004510841162176198,0.9130677845134063,1.1055700361680423,1.0792793077984677,1.1053095041821004,1.0790588125889502,1.1027557072619092,1.0768981626581058,1.0814449581656924,1.0589074651473585,1.0053310107409072,0.994122043985844,0.9514974964150179,0.9416351670419549,0.9511893870111241,0.93640655394197,0.961337339922224,0.9482034251115516,0.9830298308268212,0.9774817541099905,0.9958545496097585,0.9941209264384814,0.17879788404271565,0.2390319384122103,0.6029018102053898,1.359683003220155,5.260803445669691e+18,2.1470242656832264e+18,48.85835027091423,19.939932121822487,0.035122632680600854,0.014751100673712684,0.9343442058630681,0.041561175109636334,0.9798912319859908,0.98724,0.82584,0.04431195589342423,0.03866903034538294,0.010537058162879068,4.205344149046318,127.10596640449965,51.87412854365595,24,0.0009713618419813626,13,0.5322778224945068,0.917453555952543
bits,S4,1,28,1,XOR,hyb,sample,500,10,1001,2e-17,0.1,1.3279591430454027,6.000000000000003e-06,20000.0,1.0774918856493011e-10,4,0.1,0.9239344493904159,0.0029120045643619215,0.9113525075144082,0.007417338163156178,0.8847154571366094,1.1752211327952091,1.1938905012902343,1.1698472606456418,1.1880595944265315,1.1277848680705798,1.1423192871661558,1.0065880611547748,1.0087718815077669,0.9376851805449146,0.9293808195849372,0.9239344493904159,0.9113525075144082,0.9247495345502005,0.9099705073843729,0.935483828895092,0.9181046951037709,0.9714034726712878,0.9625653179568806,0.9940312182594269,0.9928704036262571,0.008302695335869234,0.04193267119338369,0.2771707816618249,0.13279591430454027,7.183697863628387e+18,8.408464787135342e+17,1436.7395727256774,168.16929574270685,0.044513705197021,0.005237632949618556,0.972055103497298,0.04362929442103938,0.9992642074085646,0.981,0.94944,0.03334556218657159,0.04236566122034047,0.006013996246781806,5.544659627018453,173.56490671895665,20.315642920032932,4,0.000983673439292891,27,0.587399959564209,0.917453555952543
bits,S4,1,29,1,XOR,hyb,sample,500,10,1001,5e-20,10.0,1.8351767944156658,4.9999999999999996e-05,17505.578141177,5e-12,3,10.0,0.9996893591806728,2.6479678948310264e-05,0.998395731506981,4.9741916359586536e-05,0.9990326730667187,1.2362041048538581,1.216457578078354,1.2322504813880775,1.2128416368840056,1.2003823865278829,1.183768029667156,1.0975439052154363,1.0907731617375216,1.0201131194107693,1.0200883115029558,1.0014285837948842,1.0012041900815558,1.0004941916572352,0.9994250037339054,0.9996893591806728,0.998395731506981,1.0052259630193148,1.0030850968625504,1.1744820257920083,1.1697315003801108,332.10781343476935,45.40888571984548,1.0,18.35176794415666,1.2501225179898102e+18,1.1828145789518461e+18,0.0062506125899490506,0.0059140728947592305,0.05417029578580664,0.054152178574642745,0.005879217748790647,0.00015629998630265081,0.006211784017354854,0.0,0.0,3.2863190061091003e-06,0.00015629462956263539,0.003418659383882667,0.000961288808590441,30.20413752654351,28.57791432195722,4541,0.0009919874564409004,37,0.8743059635162354,0.917453555952543
bits,S4,1,30,1,XOR,hyb,sample,500,10,1001,2e-17,0.1,1.1397139145087842,4.9999999999999996e-05,6784.879695715927,2e-10,3,1000.0,1.0004112447376965,0.0008651758150399637,1.0005132194064896,0.0006048088859015451,0.9980179419588391,1.219051286825417,1.1923779570452893,1.2154265672422444,1.1886992210569147,1.1864428289311433,1.1596322030509087,1.0954403541174087,1.0735934536457232,1.0319652733365676,1.0203967605040032,1.0109314447553657,1.0082645895493374,1.0037408453982186,1.0042656823580138,1.0016718448349773,1.002124655923081,1.0014799269316639,1.0015318532322475,1.0004112447376965,1.0005132194064896,0.008302695335869234,1.8279441066850957,0.9808068643414927,0.11397139145087842,3.058628763205856e+16,2.1602283323231384e+16,6.117257526411712,4.320456664646277,1.6491313180673743,1.232796716927579,0.8091392926672187,0.0242739227014467,0.8556281367407716,0.69564,0.0,0.005849094759183274,0.024186696171883043,0.017522126682678846,0.33381192049965497,0.7389935184518001,0.5219315123060254,183,0.0009910555778337253,23,0.5113811492919922,0.917453555952543
bits,S4,1,31,1,XOR,hyb,sample,500,10,1001,4.862316429625287e-18,0.7778111199173785,1.7181775159643644,6.000000000000003e-06,200.0,5.2186241280979804e-11,2,1.0,1.0043084631513872,0.0012881130312527075,1.0008530843303336,0.0029564080398212724,0.9941420326483188,1.1179009398375437,1.114529001116306,1.1167202519526012,1.1133573709734408,1.1064263065308677,1.1031024962593665,1.062923301530708,1.0587604570876206,1.0229364070189457,1.016606619467591,1.0088716861137386,1.0042270879940411,1.0043084631513872,1.0008530843303336,1.0047522970979832,1.0004766770019773,1.0053064452644467,1.0004653511756127,1.0896048251258341,1.0855350262225592,0.2656317765819664,0.06691557296083561,0.3458812100019185,1.3364175779091017,7.661008313621427e+16,1.9525674960540384e+16,0.4789112116933249,0.12206049480270147,0.6668705651287115,0.5059594587973442,0.10815401396105602,0.022558920207998864,0.1580157712878378,0.0,0.0,0.04573813935642856,0.017852327129348766,0.013792652106042172,3.3161236145724264,1.8509717677007789,0.4717586983034857,7,0.0009818157234082082,35,0.7166647911071777,0.917453555952543
bits,S4,1,32,1,XOR,hyb,sample,500,10,1001,8.782393877764861e-18,0.1,1.5403848742864727,6.000000000000003e-06,16203.133348970181,1.5329795173762075e-10,2,0.1,0.9178335032954523,0.003825705403249345,0.8998684025481554,0.005638794541427326,0.8778275089302701,1.0239271227067923,1.0203591366881772,1.0225932207834942,1.0189124085100234,1.011157639490165,1.0064591899055886,0.9662943637683288,0.956728292814361,0.9286603635882571,0.914670770305557,0.9178335032954523,0.8998684025481554,0.9179165629789491,0.8990364550216402,0.9203024769600858,0.903536670563531,0.9359278278567205,0.9240851537311554,0.9772466577246618,0.9708706188184941,0.018907590462071803,0.02540888764209134,0.21752241478259057,0.15403848742864729,5.649025491963577e+18,4.2018155745330266e+17,496.1196689595855,36.90199937727589,0.17128078093769658,0.013058996571241434,0.9135174267293975,0.09433162603435488,0.996181631047294,0.89504,0.71032,0.09282311898322973,0.0913012636132411,0.010714463634476222,8.663347242558205,136.48577670977426,10.151982197588287,3,0.000993796693088047,31,0.6307859420776367,0.917453555952543
bits,S4,1,33,1,XOR,hyb,sample,500,10,1001,2e-17,8.785377979071232,1.814850895035883,6.000000000000003e-06,20000.0,2.7102503889338382e-11,1,0.1,0.856410021891002,0.014790862382954765,0.8179065527760276,0.017533242079828714,0.7761555353366805,0.8804819859651044,0.8417331604389597,0.8804744573275094,0.8417255040960823,0.8803993192839347,0.8416490910182806,0.8796625107300129,0.8408997348579057,0.8735302597636689,0.8346626679551383,0.856410021891002,0.8179065527760276,0.8881718018473309,0.8600766882378261,0.951017158396158,0.935253350683751,0.9728754902956889,0.9609568103938455,0.9756963670153448,0.9659667949673951,0.7294231677068298,0.12198344237747605,0.454779995502153,15.944151088545961,8.839089761878547e+18,2.4483730971214945e+18,20.122275405646224,5.573745609930675,0.009540820058846423,0.0029693261153206393,0.7624269970632191,0.15101726455373263,0.9526196553414344,0.50184,0.19864,0.1850679912073288,0.14172906163086563,0.017372103640250876,10.65317102866744,213.560734196309,59.155000152032834,12,0.0009810004838031801,37,1.9255380630493164,0.856410021891002
bits,S4,1,34,1,XOR,hyb,sample,500,10,1001,2e-17,10.0,1.7548927868477504,6.000000000000003e-06,20000.0,1.6673013037315678e-11,4,0.1,0.8564048181107371,0.014912582250661537,0.854915228686043,0.03885518837904067,0.6754235574614528,1.0315923396455366,1.0460559295020397,1.0315031559581644,1.0459604261894744,1.0306154152178464,1.0450097967954075,1.022128054898679,1.0359226385105003,0.9634649942670158,0.9731183405490759,0.8564048181107371,0.854915228686043,0.9025410496944735,0.8888364014304033,0.9537992773358915,0.9373451639286724,0.967523316941757,0.9544838125003675,0.9889413038110526,0.9855819555152785,0.8302695335869232,0.2050626529833555,0.567158888091973,17.548927868477506,1.0974265292381334e+19,4.124732628655571e+18,21.94853058476267,8.249465257311144,0.00616073865091012,0.0024831018221621094,0.8504185220138851,0.09081462614638737,0.9564181586796038,0.75368,0.37996,0.10235669316459681,0.08525591852253786,0.015024414019412199,6.812691199293862,265.14858613766756,99.65742539896372,21,0.0009749404371376391,36,2.0522379875183105,0.8564048181107371
bits,S4,1,35,1,XOR,hyb,sample,500,10,1001,1.878184080240205e-17,8.80178703742632,1.4143633336194936,2.0781366245865303e-05,19715.904008998725,6.4107688272369935e-12,2,1000.0,0.9995800830799852,4.646332664047293e-05,0.998449872584593,0.00012539885489622356,0.9983398714095563,1.1131026378125282,1.1177897371566616,1.1130735583539708,1.1177582930299566,1.1127835256201006,1.117444677051971,1.1099573439263624,1.1143888541085791,1.0875236807363682,1.0901546318290518,1.024201980629003,1.0226115164295595,1.0016306737865088,1.0000724988506522,1.000826648725158,0.9996093658950593,1.000682789075407,0.9995130101496867,0.9995800830799852,0.998449872584593,0.7781831073087109,7.938269461101035,0.999998939366645,12.448924856063138,4.29177752676662e+18,3.7342291960273997e+18,9.158081412820392,7.968347561835169,0.008956858717437398,0.007907814357428803,0.8880814476235444,0.006938297699182218,0.9015561680497666,1.0,0.02616,0.0008172422387010045,0.006931866383767211,0.014090681156323304,0.05799877448325205,103.69338747711797,90.22249465101223,794,0.0009754229887030991,29,1.629594087600708,0.8564048181107371
bits,S4,1,36,1,XOR,hyb,sample,500,10,1001,1.7085680521123078e-17,5.979379525713274,1.4097165165314232,9.086181749645587e-06,16572.03409409619,2.33956281763531e-11,2,0.1,0.9469853443153007,0.008740552786187098,0.9303166926797495,0.01604915499599014,0.8444549611713615,1.0179610993343013,1.0049165079180438,1.017933972841087,1.0048880988622502,1.017663540815335,1.0046048727470214,1.0150399792031564,1.0018564519389723,0.9949633191505829,0.9807813894671064,0.9469853443153007,0.9303166926797495,0.9528496078295168,0.9372326353243168,0.969544842424756,0.9562234311856352,0.9814739806472279,0.9735038876124099,0.9947206462830416,0.9908828901280641,0.581129518817297,0.4172007595207728,0.7367533287084198,8.42923007600783,3.981217153614538e+18,1.9973671808361472e+18,11.376064034630538,5.707344280186292,0.017687298008091955,0.009585826058637354,0.8295395324699656,0.06893923710663963,0.9191603363587005,0.72736,0.08384,0.07159017657394648,0.06367199662081766,0.0163639849906405,4.374862028710794,96.18995634457308,48.258272411561535,42,0.0009722182872630504,29,1.427164077758789,0.8564048181107371
bits,S4,1,37,1,XOR,hyb,sample,500,10,1001,7.671998775703743e-20,7.489976711275492,1.7729487815654341,6.59535445021982e-06,281.1383992741493,5.801379413037154e-12,1,10.0,0.9996536337110588,9.158012851760932e-06,0.9983808758489177,1.3077345501679999e-05,0.9991730596531054,1.0587339636046227,1.0624802911445086,1.0564923204234513,1.059890561084106,1.04194208367109,1.0429136879870815,1.0154787955892495,1.0122101812356834,1.0023778558975087,0.9995417135062133,1.0005057716735868,0.9990414005778447,1.0004450137208822,0.9992470547863066,0.9996536337110588,0.9983808758489177,1.0053292530106919,1.0031666045881185,1.1750181681519447,1.1701994037468582,162.1141935095574,0.7048514081499312,0.8540954670044788,13.27934508420936,2.726727210938687e+17,1.968474775350151e+17,0.0027929923723938052,0.0020163128202728775,0.07515338581742081,0.07509517829255674,0.0020120305219715287,0.00029535654816172205,0.002769393451749447,0.0,0.0,0.0003416291978904484,0.00026626227111897267,0.0019984671127404774,0.17094561912603895,6.588029772393223,4.7560204681228235,70,0.00098497154531413,36,0.6718599796295166,0.8564048181107371
bits,S4,1,38,1,XOR,hyb,sample,500,10,1001,1.4218208061570686e-17,8.458616747555041,1.6228372471736627,6.076932934496412e-06,13509.748036075796,1.603934939447421e-11,4,0.1,0.8731752399646971,0.011984572216499477,0.8638302306869866,0.01742715135902036,0.6964427517092827,1.0413016984256518,1.0241201719666724,1.0412195999968248,1.0240408267738856,1.0404023064581742,1.023251011606933,1.0325813317954817,1.0156994438608153,0.9782010266287429,0.963526474652421,0.8731752399646971,0.8638302306869866,0.9018178149281129,0.8889448757545522,0.9589542137669431,0.9432138985149624,0.9722153797242934,0.9591401055403574,0.9894247691188907,0.985818027513444,0.9878786062731507,0.23645903971890117,0.6003493291897188,13.726958317499264,7.644772095373065e+18,3.095769904781089e+18,12.85020511973452,5.203723248207136,0.011742843409960088,0.005259803016103036,0.7956317982347507,0.10473509012791282,0.9277406248772467,0.5802,0.13356,0.12166484792217985,0.0973722275778416,0.01715055463789871,7.0939308081226145,184.70489444428387,74.79671680892375,24,0.0009835377255597957,33,1.7731502056121826,0.8564048181107371
bits,S4,1,39,1,XOR,hyb,sample,500,10,1001,7.897568547758485e-18,10.0,0.7362177901643248,6.000000000000003e-06,17291.17084609097,5.864619993013452e-12,4,1.0,0.9983052412916841,0.0016682336883471884,0.9913301138921551,0.0022710602822828513,0.9690676754920112,1.2638109034152745,1.276188166062319,1.2635776890042612,1.275929597567532,1.2612691523411104,1.273369546164795,1.2403074888837273,1.250080661780293,1.133132093380739,1.1301265166202785,1.015131614084372,1.001415608714748,0.9983052412916841,0.9913301138921551,1.0001021442951408,0.998242566715918,1.000558154825267,0.9997393941919782,1.000075813510763,0.9993460136949512,2.1025953204865147,1.3896488301218775,0.9588286075142647,7.362177901643248,3.5991459433285837e+19,2.4044069217105138e+19,28.424501800824363,18.98896848091375,0.006795216671787592,0.004616199546649126,0.9479437503977907,0.01126488341163253,0.9660143263819925,1.0,0.99648,0.00640406303183513,0.010987213474422872,0.009875459096362157,0.6484825636303032,869.5875603072994,580.9273594230981,139,0.0009816237202190997,15,0.9736721515655518,0.8564048181107371
bits,S4,1,40,1,XOR,hyb,sample,500,10,1001,2e-17,10.0,2.0,6.000000000000003e-06,16687.66076356718,1.614010610753891e-11,1,0.1,0.849832154143853,0.0066766519404282305,0.8293909435123137,0.02072489324147794,0.7856488121912711,0.867352583276382,0.8494059375869469,0.8673466988723213,0.8493995286044562,0.8672879672110433,0.8493355567751074,0.8667117067767773,0.8487074519520353,0.8618990098088674,0.8434278538456578,0.849832154143853,0.8293909435123137,0.8963116240673721,0.8783108149073577,0.9553683012838288,0.9426362560712199,0.9758827234840514,0.9668791310398003,0.9797895886236546,0.972670999391401,0.8302695335869232,0.1858723839862941,0.5447780753921799,20.0,8.715072186663717e+18,3.122577889066694e+18,17.430144373327437,6.245155778133389,0.006901162864007016,0.002712946734826519,0.8092527541409378,0.11188150431636948,0.9457332689473037,0.6186,0.242,0.1309452864407486,0.10478666645898199,0.01647765491376455,7.946839955445596,210.5643527668148,75.44442295973676,19,0.001,40,2.2471349239349365,0.849832154143853
bits,S4,1,41,1,XOR,hyb,sample,500,10,1001,2e-17,5.416837589857656,2.0,6.000000000000003e-06,20000.0,1.4332240057835893e-11,4,0.1,0.8986361182271686,0.013118918399801144,0.8659869135502462,0.018005683676449086,0.750146168850677,1.075590888479754,1.0471154971508103,1.075455463746011,1.0469669500222936,1.0741110530199782,1.0454927558677998,1.0615783368172578,1.0317939673899272,0.9878581139369818,0.9530887639151018,0.8986361182271686,0.8659869135502462,0.9322745049566035,0.9111644699646062,0.9543739082185588,0.9377384848360137,0.9724107427502849,0.9625299773948812,0.9932855076760623,0.991335656176191,0.449743521924723,0.209318291341332,0.5718935267045911,10.833675179715312,1.10799188465503e+19,4.203419646649262e+18,40.90917869605708,15.519828966331332,0.005587514242055453,0.002202495551037386,0.9122702911781373,0.059306078254404024,0.9761369956715387,0.9442,0.68152,0.06353966482936446,0.05592383609255255,0.011909018294821442,5.3354242353456005,267.70127552160005,101.5585778690886,21,0.001,40,1.8495428562164307,0.849832154143853
bits,S4,1,42,1,XOR,hyb,sample,500,10,1001,2e-17,10.0,1.1231921794503688,6.000000000000003e-06,19557.300951369787,2.0236134161385966e-11,1,0.1,0.8947223009660814,0.008723106708321122,0.8671212271071427,0.01452361044704027,0.836003622602784,0.916304304085888,0.8841739965604717,0.9162950253139197,0.8841654149886647,0.9162024772577866,0.884079830404661,0.9153004245639942,0.8832465782021112,0.9081857431490816,0.876751585745539,0.8947223009660814,0.8671212271071427,0.9322586763527732,0.9149895908248104,0.9633702059970359,0.9533479007183485,0.9836406025309998,0.9777886796844311,0.9868303383863634,0.9821146400463274,0.8302695335869232,0.2639791520287928,0.6264850764199212,11.231921794503688,1.2202427045866371e+19,5.173898354903788e+18,24.404854091732744,10.347796709807577,0.007845748493254031,0.0035045254980109737,0.8846553678820791,0.06634201094896064,0.9606121115582085,0.883,0.53456,0.07172122641619678,0.062075531759874715,0.013623307037775105,5.264597371058735,294.82213090890514,125.00625755558545,26,0.0009766888516959727,23,1.362950086593628,0.849832154143853
bits,S4,1,43,1,XOR,hyb,sample,500,10,1001,2e-17,10.0,2.0,6.000000000000003e-06,11925.007004130906,2.4775099825678264e-11,4,0.1,0.8396708449491758,0.015041783497527281,0.8234933605558632,0.03577649179676585,0.6319639363522879,1.0106691314481486,1.0051449935043846,1.0105985447880546,1.0050738464659126,1.0098953358195653,1.0043649760611804,1.003118389600647,0.9975259567867759,0.9534768934692661,0.9469279209324716,0.8396708449491758,0.8234933605558632,0.8638243448143786,0.8384124830088963,0.9581954464659368,0.9409073203993354,0.9820876291102607,0.9688468829572987,0.9907178133028447,0.9847815029909542,0.8302695335869232,0.12108932037039216,0.4533031284468645,20.0,5.259037780514211e+18,1.4544309680509315e+18,10.518075561028423,2.9088619361018635,0.01279144692684204,0.004341002950976961,0.6479379873953482,0.18077870026689954,0.913056469615222,0.24408,0.03052,0.2421717727809389,0.16635026536950273,0.01957215904646559,12.373278400507948,127.0633062712611,35.140422118396096,12,0.001,40,2.251249074935913,0.8396708449491758
bits,S4,1,44,1,XOR,hyb,sample,500,10,1001,9.84636890162931e-20,0.1051255345626045,1.2540003830712516,6.638798173258412e-06,3367.5809184256345,5.713623767848873e-12,4,1000.0,1.0014437119126227,0.0007243970225144986,1.0023180446082647,0.002148727939054041,0.9984517500787561,1.2867999334744509,1.2828520955269778,1.2803029778735149,1.2766393297288727,1.2314303722352804,1.2300926156617247,1.1045074579920597,1.1078649953619473,1.0340920044449415,1.0328758632875386,1.0131591995867342,1.0106450749763114,1.0060269140844533,1.004604430912991,1.0034841429801218,1.003443270454642,1.0026849296935114,1.0032879720342882,1.0014437119126227,1.0023180446082647,1.7728876385065506,1.0252230755205853,0.920528120277184,0.13182746061207615,4.075087308441536e+18,2.608389163973371e+18,3.816847458822466,2.4430945397190253,2.203155576205381,1.5748210835886998,0.7046281347260714,0.03874852823342065,0.7815935695885889,0.0,0.0,0.01069002986187439,0.038568901964836054,0.020315760342219567,0.5261939342559928,98.45794770160556,63.021139046500814,103,0.0009646156792855781,26,0.6747260093688965,0.8396708449491758
bits,S4,1,45,1,XOR,hyb,sample,500,10,1001,1.3875636365376676e-17,8.29049352206756,1.6462915496156396,4.9674961620738935e-05,701.5573727767876,1.984535632447828e-10,3,10.0,0.9996524283788528,1.7360393351075995e-05,0.9983991851412941,2.724323733365603e-05,0.999098550734173,1.1985035160486743,1.2100279122932516,1.1891341706259015,1.200420263757258,1.132044216652274,1.1418253476082278,1.0424064790985854,1.0473315069110498,1.0079447144872227,1.0087313794201143,1.0007849858665818,1.0001513844102574,1.0004454466448804,0.9993562805866935,0.9996524283788528,0.9983991851412941,1.0053069984698588,1.0031603348471294,1.1748913718901615,1.1700859671921116,0.9921482530268922,1.2588041906470273,0.9480200064628932,13.648569427523025,2460455812672846.0,1751541896747176.0,0.0041180166245653755,0.0029315213109200834,0.07305359383499196,0.0729672715648055,0.002922521819324785,0.00046742254943080673,0.00409504913162597,0.0,0.0,0.0003153686260826809,0.0004541602092909876,0.0024060968613896297,0.13107062776373068,0.05944692994047786,0.042318902004839974,126,0.0009977524543125088,33,0.6242382526397705,0.8396708449491758
bits,S4,1,46,1,XOR,hyb,sample,500,10,1001,6.766499623396377e-20,0.21230986926633486,0.550926644162041,4.686139846605962e-05,3929.996476746021,5.472267624411978e-12,4,1000.0,1.0061425955615282,0.002550022174369308,1.0084219453725194,0.002867306898252526,1.03855523010387,1.3676938808866361,1.2901819429202859,1.3305900254002632,1.2584660599402047,1.187858550785951,1.136268097106361,1.0634563410833482,1.0355101129297806,1.0220541098541363,1.0100569539842277,1.009227786776422,1.0025361589899728,1.0070988134369399,1.0008991858552772,1.0173269063989847,1.0045922589059335,1.021234032344238,1.0043029585157197,1.0061425955615282,1.0084219453725194,5.210209885245847,121.39984560240782,1.0,0.11696716379738349,7.494825390684518e+17,7.045371047844929e+17,0.23886658382267617,0.2245420842030055,6.981718358063569,6.900991649255152,0.18302139496242556,0.005522945737952649,0.19269109753800664,0.0,0.0,4.6114867874419594e-05,0.00552292465206288,0.017290072124769507,0.0026671298732384176,18.108204082402633,17.022280055943344,12140,0.0009182110736034016,12,0.2794313430786133,0.8396708449491758
bits,S4,1,47,1,XOR,hyb,sample,500,10,1001,7.681272459826402e-20,9.088630133791275,0.5972611053280528,3.492236225058316e-05,2578.8718843560946,1.0973555825072027e-10,3,10.0,0.9996546799584778,2.9306450936412784e-06,0.9983829899064082,5.0743688428708154e-06,0.9991855180301472,1.1960622899883808,1.1542909971111872,1.1132855630381329,1.0837588842011485,1.0389609068802395,1.0237892632488648,1.0117294367149077,1.0043585028630992,1.0021801302583575,0.9988311498683504,1.0006781019711657,0.9992158027174082,1.0004679360531177,0.9992729054860208,0.9996546799584778,0.9983829899064082,1.0053319567192658,1.0031691344102394,1.1750398238394497,1.1702199639188438,196.47819398655935,3.101304180396596,0.9977133500565711,5.428285279626025,5.326132737199101e+16,4.168934465213224e+16,0.00045013908707231383,0.00035233826245611923,0.18415535189133242,0.1841373494496626,0.0003521949833504732,4.044629770404049e-05,0.0004494237856328529,0.0,0.0,1.1841325322680553e-05,4.0251399502446564e-05,0.00083771295897689,0.014135301592018491,1.2868438362158878,1.0072538340395987,310,0.0009954351755467547,12,0.17864394187927246,0.8396708449491758
bits,S4,1,48,1,XOR,hyb,sample,500,10,1001,1.717085014293835e-17,7.67014261804381,1.8988774235077786,6.324426977224215e-06,1118.1719815641804,7.786679034311901e-11,2,1.0,1.0052190351904045,0.0016609877216747712,1.000093488539964,0.004025435227730165,0.9883162266180063,1.1572160741934927,1.120030036962024,1.156968913172504,1.1198057305168638,1.154565529629097,1.1176281235927625,1.1356433284593552,1.100713677276295,1.0740928074249616,1.0487041096550942,1.0202468266021243,1.0091534422082833,1.0052190351904045,1.000093488539964,1.005893347155213,0.9999104848906383,1.0189711112377053,1.0081288310334027,1.109021596176659,1.1020512554844304,0.7417554379679245,0.04508602111568246,0.28695859572618443,14.564660652488238,3.4651558616838464e+17,4.6972736907522184e+16,0.7757309738012733,0.1051560402990835,0.06212637703567545,0.03866539574736214,0.08576312926119442,0.08476200438904431,0.349544897037025,0.0,0.0,0.18403539603800945,0.05146849918530212,0.011023149448600821,16.695355251794144,8.372142945277336,1.1349055673633668,5,0.0009994091702672518,38,0.9898810386657715,0.8396708449491758
bits,S4,1,49,1,XOR,hyb,sample,500,10,1001,2e-17,10.0,2.0,6.000000000000003e-06,16233.664921781892,2.1203013883533345e-11,1,0.1,0.8422974822944838,0.014686485758944013,0.8136610840425792,0.022562144114815105,0.7789135369861555,0.8576096066642247,0.8345812353674855,0.857604753459986,0.8345753865533482,0.8575563079053593,0.8345169930830633,0.8570803731327278,0.833942392847621,0.8530618529500605,0.8290139985312657,0.8422974822944838,0.8136610840425792,0.8826714431332873,0.8560106834200087,0.9536333866630515,0.9380855649262146,0.9758462640897395,0.9638885173936442,0.9781480592276062,0.9683280973522594,0.8302695335869232,0.14148931922974678,0.4852840020864297,20.0,7.578344037965993e+18,2.3080239564632356e+18,15.156688075931989,4.616047912926471,0.008903057946659408,0.0030946936503950416,0.743805130830694,0.14909705910596702,0.9380844709936421,0.44484,0.14492,0.18540656637020925,0.13915671255104306,0.018018080959466644,10.290028487900495,183.0999300086615,55.764032718704186,14,0.001,40,2.1504790782928467,0.8396708449491758
bits,S4,1,50,1,XOR,hyb,sample,500,10,1001,1.0091170948844086e-17,7.74955247791047,1.9091835524667016,6.443519330515886e-06,913.1511673633851,1.8399150628438595e-11,2,10.0,1.0067426939562507,0.000636288433550898,1.0003710426426906,0.0005089268615060437,0.9949625832949833,1.1472906341010152,1.1133222110324097,1.147205078282829,1.1132409363361178,1.146356742548179,1.1124353783971017,1.1385348592896247,1.1050373819106876,1.0951040088146031,1.0652595185601337,1.032927518188735,1.0153989964365129,1.0074089112809448,0.9999521613891049,1.0067426939562507,1.0003710426426906,1.0173237781162996,1.0078320105714378,1.0557835288671575,1.0505470920542055,1.275217188165687,0.19699244110193048,0.5579585574774167,14.79531812980424,3.9735951280294074e+17,1.5976913260851738e+17,0.5174263653641394,0.2080452560450053,0.05594902052871077,0.04454183107188481,0.16597362332091548,0.07051387267094117,0.33203448549285425,0.0,0.0,0.11505074163377221,0.058017319876734884,0.016088907426280358,7.150935646869536,9.600580102724122,3.860172730560766,20,0.0009790684884444624,39,1.4852299690246582,0.8396708449491758
bits,S4,1,51,1,XOR,hyb,sample,500,10,1001,2e-17,10.0,2.0,6.000000000000003e-06,13891.751887541794,4.167438541783015e-11,4,1.0,0.8934760728099373,0.00789828636902464,0.8664838252401014,0.02163616408283201,0.8138383297511347,1.0725770176627851,1.0558696960066316,1.0724990587254737,1.0557891077426633,1.0717228373148466,1.054986681255336,1.0642815002201484,1.0472916797773517,1.0115512132347888,0.9925914493688095,0.8952401706567811,0.8691246969055861,0.8934760728099373,0.8664838252401014,0.9694584984022379,0.9532348382612801,0.9963897621800462,0.984561499576461,1.004865037159557,0.9990282415754121,0.8302695335869232,0.07198666446839716,0.35786440579000367,20.0,5.382995761616254e+18,1.0054318501763064e+18,10.76599152323251,2.0108637003526133,0.016606530542762305,0.004249535612980226,0.5249253936342859,0.22659742459921045,0.9146755849695579,0.1456,0.03348,0.33300064069918717,0.20309484409446962,0.019688415840259155,16.91353145936011,130.05824785085858,24.292180517733687,7,0.001,40,2.1959869861602783,0.8396708449491758
bits,S4,1,52,1,XOR,hyb,sample,500,10,1001,1.8728322440510484e-17,2.7950425169873916,1.1019339007057656,4.986724092978921e-05,1643.762192943706,6.014672344374665e-12,2,1000.0,1.001184879123704,0.0007912114742754236,0.9980214854132796,0.0006710178594773604,1.0026320833663065,1.1191553854423213,1.1141074009181997,1.1190375145739995,1.114004034496374,1.117873922573989,1.1129829342324837,1.107565014105146,1.1038782264602438,1.0611096072576347,1.0610970977004524,1.0185982875817903,1.0183864112894976,1.0082390916332433,1.0061026501042314,1.0087607245861674,1.0028015257876655,1.0085375695131016,1.0020594825541673,1.001184879123704,0.9980214854132796,0.24782130426322235,62.533381224346535,1.0,3.0799521033823773,1.6119399825591936e+17,1.5317216075309866e+17,1.0800884625060467,1.0263377383560128,0.16023013715102155,0.1560896950218678,0.506403637435339,0.006539952549745198,0.5192511150668789,0.0,0.0,9.229768578684815e-05,0.006539867152888542,0.02235693229113167,0.004128369875837567,3.8945988266846725,3.700783676838091,6253,0.0009582033919180571,23,0.9988069534301758,0.8396708449491758
bits,S4,1,53,1,XOR,hyb,sample,500,10,1001,8.533288297828154e-18,10.0,2.0,6.000000000000003e-06,16028.04851694217,2.247984248844858e-11,1,0.1,0.8883968446168916,0.011239909965340262,0.8839210655362928,0.022768927224983273,0.813910953620789,0.9169817719512942,0.916955899331638,0.9169743691864302,0.9169478457246427,0.916900469897161,0.916867441308157,0.9161740969805455,0.9160763475589677,0.9099884202030892,0.9092768731300958,0.8883968446168916,0.8839210655362928,0.9033555741731037,0.8930901576935446,0.9690483659609622,0.9567603032385495,0.9952019452769649,0.9811154372947886,0.9969107022523713,0.9847841256229829,1.945954489310385,0.13345289236530786,0.4730959207786388,20.0,7.311335195520387e+18,2.1470157498196618e+18,6.238973106543322,1.8321104373188857,0.017654678765752583,0.006907057018184649,0.5606749994214233,0.1872531410391547,0.8616175311830397,0.11804,0.0,0.2588740703475912,0.1698802281947265,0.020461786292697418,12.651587043501694,176.64874487922444,51.873922792371125,13,0.001,40,2.3119170665740967,0.8396708449491758
bits,S4,1,54,1,XOR,hyb,sample,500,10,1001,5.254980249896614e-20,0.8830298852446193,1.8506567952967883,6.241816288396894e-06,19901.876581343313,7.729259961926721e-12,3,10.0,1.0046409512588417,0.00187818364681444,0.999555786715594,0.002153085992581249,0.9902916422627314,1.2275610546273465,1.1844765737230278,1.226843814969969,1.1838750504056832,1.219985527729166,1.1781356651134351,1.172366630650676,1.138922107376818,1.0700867424416267,1.0572501762890762,1.0200898111014831,1.0128826597198206,1.0061943611483442,0.9996188607269942,1.0046409512588417,0.999555786715594,1.0109750934644892,1.0095586154558993,1.0136293274493284,1.0168393981536756,27.903161424052488,0.4539488428685695,0.7567822817106458,1.634185257578098,1.558808364255496e+19,8.032164580451786e+18,0.9276591092120337,0.47800042715995333,0.4140226989492333,0.3174449896128261,0.3150598948545328,0.07610826995789684,0.4608957939003376,0.0,0.0,0.06845076563746046,0.07153062221929297,0.020428532848272167,3.3507431074889933,376.62278323893935,194.06466176923539,45,0.0009740298922614675,38,1.1008939743041992,0.8396708449491758
bits,S4,1,55,1,XOR,hyb,sample,500,10,1001,7.92897052868858e-18,8.021692036456692,1.827692587247291,4.960750030715513e-05,19690.94343102229,1.94279954712318e-10,2,10.0,1.0003650609746846,0.0002489082280582575,0.9992591184840508,0.0004552502490239904,0.998214325518181,1.1160298751181494,1.1228965377600608,1.1157229900327503,1.1225878341970053,1.1127563143059351,1.119599206611524,1.0905801205384749,1.0969866231630232,1.0353539030583894,1.0384268574061633,1.006575884500741,1.0068431289757782,1.0014306388866605,1.0003451358184647,1.0003650609746846,0.9992591184840508,1.0033849051426482,1.0022704130986595,1.1592583865842037,1.1559918722617428,1.6799574374981059,1.1550806088487924,0.9373286570297291,14.66118707221252,6.248898142685129e+16,4.027349323254945e+16,0.06176668087598765,0.03980797810199598,0.06559605471411907,0.06423944379897388,0.0382122442733433,0.008110218647586598,0.058093507560464844,0.0,0.0,0.00577069201055721,0.007835360242949235,0.008518242340059979,0.6774510257143702,1.5097926497198124,0.973045530150316,116,0.0009879419390525896,37,1.0491151809692383,0.8396708449491758
bits,S4,1,56,1,XOR,hyb,sample,500,10,1001,1.9626057069702278e-17,0.14042151916518525,0.9584896581873513,1.063578327582027e-05,4815.570956372117,1.5406738117261313e-10,1,1.0,0.9535396441599209,0.003362574333279924,0.9424489246143969,0.0050880999328638855,0.9320592029013646,1.0043491292016997,0.9959511137749981,1.0038580864599287,0.9954085557894408,0.9994681233678613,0.9905550766749467,0.9790207051092835,0.9677518177158406,0.9597602331133512,0.9454026191878938,0.9549817647744596,0.9406343627309381,0.9535396441599209,0.9424489246143969,0.9663321745962901,0.9596323320133058,0.9876121298030627,0.9832455382479182,0.9905555797418459,0.9866114688622236,0.011880910037995133,0.12767021099423323,0.46400361557849645,0.134592573906787,3.888954140982718e+17,1.1264296705613371e+17,54.35408786782665,15.743579140058062,0.44374206723986914,0.13422369885932386,0.9198141446295718,0.04983518529362428,0.9737168757905361,0.96604,0.74516,0.048125159949744076,0.046809778209659286,0.011565646253873222,4.161043740519681,9.396079505674527,2.72156018262292,13,0.0009584896581873513,20,0.5114810466766357,0.8396708449491758
bits,S4,1,57,1,XOR,hyb,sample,500,10,1001,5.563301489182273e-20,0.18730392393465603,0.8423448592516161,1.5944521155305406e-05,19945.759450304184,1.0246592530813367e-11,1,1000.0,0.9989140804944249,0.0014818589194568956,1.000198976290274,0.0014847316662882485,1.0012546559793072,1.0541993240893046,1.0493960449510105,1.0536628955077112,1.0488953680222761,1.0489399444122145,1.0444944125261564,1.0284680242844648,1.0255963943428004,1.0100607634553245,1.0087987624519148,1.0039239557620483,1.0037701832243457,1.00203044749156,1.0017884294975432,1.0013449035778004,1.000836943084608,1.0005938235734757,1.0002387491688172,0.9989140804944249,1.000198976290274,5.590663812364611,4.909104937891628,0.9998757666498836,0.15777449744401323,6.267881609273286e+18,5.191418769624049e+18,1.861686309521911,1.5419552973216952,2.4934191216544943,2.2148339332803175,0.6054778758299337,0.02112992681335118,0.6472207557142053,0.0,0.0,0.002511197694297037,0.02110959697568054,0.02183617051574167,0.11500174412389377,151.43792340530123,125.42956727772675,491,0.0009909939520607249,17,0.46847009658813477,0.8396708449491758
bits,S4,1,58,1,XOR,hyb,sample,500,10,1001,7.963210794088582e-20,0.13645030654975063,1.9452672689031223,3.701030310004176e-05,201.0269587957749,7.317481495599541e-11,5,10.0,0.9996613012181974,4.64422056134175e-05,0.998404337571475,3.574372930604559e-05,0.9991409691766358,1.2227876941435676,1.1792132876909847,1.0691666458290157,1.0494404908185013,1.019050237012269,1.0091459843985036,1.0057189355085687,1.0015510195306316,1.0023081207719045,1.0004004698745466,1.0012166380395038,0.9997014418232583,1.000553048429605,0.9993564893866635,0.9996613012181974,0.998404337571475,1.0053316731582416,1.0031839315944733,1.1750068575492891,1.1701936204578482,2.8453480714325528,1.6038107530884362,0.9717284615109225,0.26543231516302723,2317234625129074.0,1989321733692258.0,0.0013523331860405684,0.0011609639218272722,3.7630700004968944,3.7623508371082326,0.0011593330112311465,5.5432343550258405e-05,0.0012857028868616292,0.0,0.0,1.0218385837831645e-05,5.531403400908596e-05,0.0015213943495560984,0.00671646101539229,0.05598657114921079,0.04806388683054878,160,0.0009975729584118576,39,0.7394168376922607,0.8396708449491758
bits,S4,1,59,1,XOR,hyb,sample,500,10,1001,1.883537307329438e-17,0.14532699524013043,1.9616465300339152,1.6337840981294958e-05,16991.982424559876,1.1822665153131605e-10,4,1.0,0.950973583585483,0.0016293206306760572,0.9347762840009987,0.0036147850496804474,0.9149908873289446,1.1938473868181432,1.2033582232091393,1.1915300446135553,1.2010855480734846,1.1710098998872933,1.1808984736918329,1.0775510287339778,1.086481255061609,0.9827973743772237,0.9796339538128297,0.9538584608782441,0.9404916425940686,0.950973583585483,0.9347762840009987,0.9575155253364137,0.9419652814746075,0.9802043026738472,0.9730018329866045,0.9959090014541916,0.994640425595023,0.012812124940247667,0.19182355490458436,0.5519068276468806,0.28508019593305717,4.4559045045567226e+17,1.6209827008926106e+17,57.75157160830287,21.009045061600265,0.15937924008471882,0.059705379462776084,0.9355728092343475,0.043712977041255596,0.9814386080276469,0.98484,0.82988,0.0439454695499775,0.040662799869894115,0.010384718056595745,4.231744117700528,10.765884985192548,3.91644688591294,19,0.0009808232650169576,40,1.0600240230560303,0.8396708449491758
bits,S4,1,60,1,XOR,hyb,sample,500,10,1001,5.2096864494223175e-20,4.166494116060477,1.8862384258762372,1.2380817222740676e-05,356.7185084715926,1.80771341832029e-10,2,10.0,0.9996535240273987,2.4707222533146885e-07,0.9983851309761118,2.713590600853618e-07,0.999195183866458,1.090521378504357,1.0918446833749176,1.0300102015893262,1.032458593476929,1.0067355056859637,1.0085852561042163,1.0010304646025683,1.0007078701033296,1.0005486619080626,0.9994986607755418,1.000553092588972,0.9994114708585103,1.0004563739176018,0.9992947188859578,0.9996535240273987,0.9983851309761118,1.0053322643066314,1.0031696112275987,1.1750420584123673,1.1702220433924437,132.80312203118413,0.07492404298213459,0.3645723932663923,7.859001302900518,1.5838525504579972e+16,3796585871295125.5,0.00019804120539130594,4.7471618624187555e-05,0.12723659051510416,0.12721743634756308,4.746301806565608e-05,2.9801976925063233e-05,0.00012578676468440525,0.0,0.0,6.459548929367775e-05,1.874845234060612e-05,0.0002942966820827681,0.21949105520500192,0.382673694516956,0.09172909065930823,7,0.0009927570662506512,38,0.5377528667449951,0.8396708449491758
bits,S4,1,61,1,XOR,hyb,sample,500,10,1001,1.7263365522315076e-17,4.147148183112807,1.8003349079700737,6.045055003445642e-06,14574.479622916491,2.2336953560180003e-11,1,0.1,0.8881828701312845,0.009968775170357677,0.8642566488703405,0.008580354879649317,0.8194149031883697,0.9158076252386333,0.8934393258301963,0.9157964290824825,0.8934270587699562,0.9156847968425559,0.8933047524271599,0.9146004900450506,0.8921171031552241,0.9062488037197063,0.8829978235620126,0.8881828701312845,0.8642566488703405,0.9149412119544472,0.8971523854177222,0.9540458992764009,0.9418666570072132,0.9748214643666394,0.9665020131833595,0.9793330036484014,0.9726069657146545,0.3989084032610085,0.15145095617567342,0.4997249379237393,7.466255642582654,6.839396043694063e+18,2.17006799085624e+18,28.47040632281997,9.033358655226074,0.01334906375015751,0.004544760694836303,0.8459719303081806,0.10399078313181546,0.9660014665206303,0.7262,0.38864,0.12005467464887545,0.09776722537288797,0.014947501959074736,8.031755070350695,165.2462504510433,52.43088664874854,15,0.000973154004308148,37,1.8324871063232422,0.8396708449491758
bits,S4,1,62,1,XOR,hyb,sample,500,10,1001,6.122303667851107e-20,0.10465678488975794,0.5110548257497133,6.006952738130458e-06,19888.07341304403,1.4393037662857499e-10,3,1000.0,1.0028685096514953,0.0030603653057154285,1.0056034658613233,0.002617690430910987,1.0009606816364403,1.2087460850973402,1.2140381609205677,1.195324896035842,1.2019178215840827,1.1266831594306534,1.139786463667971,1.0436948160236663,1.0585076254106627,1.014637178041474,1.020710406365643,1.0072189857873357,1.0074534870367162,1.0046956590483234,1.0039909239473563,1.0045634504861194,1.0050485095218948,1.0053760295827163,1.00711725992799,1.0028685096514953,1.0056034658613233,2.8385831442309146,0.08175931123977752,0.3795801669843535,0.05348535496536047,7.89071321264973e+18,1.6265102674385948e+18,4.615978074871507,0.9514901290562496,9.58073347327752,3.329198681504407,0.4819747895906464,0.046369158948979375,0.5878792108517185,0.0,0.0,0.018507109320737427,0.04603447144878117,0.02224867071205346,0.8318298904352519,190.64706348992354,39.298020073301984,8,0.000929190592272206,11,0.293154239654541,0.8396708449491758
bits,S4,1,63,1,XOR,hyb,sample,500,10,1001,8.446224177186493e-20,0.10914342791055233,0.5075830470067565,4.74334378603172e-05,18467.195142039764,2.5657956725810754e-11,1,1000.0,1.0026468055261482,0.0011685026942236357,1.0040201322695743,0.0014952790958542613,1.016497151756724,1.068864814553332,1.0640887949982174,1.0659860333429498,1.0612546169607049,1.0478587296919666,1.043611411636734,1.0176259897894013,1.01502022969524,1.0050314689215831,1.0025745606904004,1.0027815049261573,1.0004263904108304,1.0034710964601574,1.0001632587713891,1.0068070316972098,1.0009160272376298,1.0056825023189493,0.9999798715886943,1.0026468055261482,1.0040201322695743,2.1457745161473567,28.793123340361156,1.0,0.055399353699600425,1.0606707947861178e+18,9.893397482349093e+17,0.8208156443739449,0.7656150682605954,10.223492324068923,9.91355283737638,0.43325485414990317,0.007017488932533756,0.4488333946990753,0.0,0.0,0.0001803184599758605,0.007017124506188828,0.022158293761719225,0.008137741195911914,25.62680544913538,23.90338017765928,2879,0.0009228782672850119,11,0.3009216785430908,0.8396708449491758
bits,S4,1,64,1,XOR,hyb,sample,500,10,1001,1.6657852859881365e-17,0.978570071639908,1.9531032092631588,6.3230644682447425e-06,19419.514460728602,7.862391303503081e-11,4,1.0,0.919249209079006,0.006012797248485634,0.8993359721668457,0.003838184107475831,0.8715577535880573,1.1720658397271335,1.1858150426435459,1.1715421867158935,1.1852644262821,1.1664422951527607,1.1798996994886024,1.126053288507554,1.137248739077349,1.0055753947727026,1.0069364060804173,0.9319742953356973,0.9192951826004139,0.919249209079006,0.8993359721668457,0.9304393333380327,0.9080187852952873,0.9390714792343928,0.9189557004653427,0.9593511992368848,0.9484563656660681,0.09754881662082046,0.04339344410433781,0.2817548625490961,1.9112483474087834,5.97500266687337e+18,7.199461866335854e+17,101.7103610121447,12.255389768744145,0.03947211292474702,0.005094113550545681,0.7778328400388609,0.20711045404506026,0.9898132871266139,0.59444,0.34212,0.22552414482871885,0.19898071379257062,0.015284776364630295,14.75482136268559,144.36169229388963,17.394577987250223,4,0.0009765516046315794,40,1.3687808513641357,0.8396708449491758
bits,S4,1,65,1,XOR,hyb,sample,500,10,1001,1.6237511491493787e-17,0.11844498356374632,1.999042230907185,4.205443029114146e-05,1875.4770848350474,3.9208107879870944e-11,3,1000.0,0.9998279387724895,0.0007270059259612746,0.9994182943385355,0.0009836907207094025,0.9970629480604096,1.206821675852429,1.2115338480984066,1.2048316768691603,1.2093421883384636,1.1872864843603383,1.1899932867114766,1.1098265584540858,1.1040995540141825,1.0389853376042717,1.026665625900189,1.016566993315938,1.0071017962222886,1.0062785252106097,1.0021873535773695,1.002015547129774,1.000740165802175,1.0011280151960045,1.000449979286227,0.9998279387724895,0.9994182943385355,0.012112848857498847,3.760749480702886,0.999217482745203,0.2367765241830363,2.6228324954221092e+16,2.131324240612802e+16,3.5956164206615884,2.921812372950701,1.0768979412707254,0.9190043911177134,0.743653468810823,0.01899015075718039,0.7804461026038637,0.0,0.0,0.0034889093430053577,0.01894897736130381,0.019502140441042353,0.1788987908046714,0.6337010353849367,0.5149480115008191,376,0.0009995211154535924,40,1.1102356910705566,0.8396708449491758
bits,S4,1,66,1,XOR,hyb,sample,500,10,1001,5.594662454547814e-20,9.861950858723652,0.6730382676886026,4.9489055377381046e-05,365.56759176111325,1.885551248282607e-11,4,10.0,0.9996535800482638,9.441648670163313e-07,0.9983854081382253,1.9182280159024837e-06,0.9991917761751277,1.3054569683612958,1.291409459952215,1.1192716221150816,1.1103016514351887,1.0307058253745478,1.0312833115513098,1.0051190755397537,1.0058969173203842,1.0007159591282995,0.9999221649756903,1.000557490175022,0.999445055467941,1.0004566858966282,0.9992979200218508,0.9996535800482638,0.9983854081382253,1.0053322055859026,1.0031695374692304,1.1750416797865415,1.1702216747216911,292.7103254665055,32.16540168689299,1.0,6.637470321985495,2.4900372749134068e+16,2.380614026250527e+16,0.000141259252372563,0.0001350516961829341,0.1506394632347254,0.15063852826386628,0.00013503098046372595,2.7417383136919708e-06,0.00014123897665473332,0.0,0.0,7.567671166342681e-08,2.7415866576447885e-06,0.0005196131507929836,0.0001456404857112186,0.6016164593102482,0.5751787717743957,3217,0.0009614832395551466,14,0.2680509090423584,0.8396708449491758
bits,S4,1,67,1,XOR,hyb,sample,500,10,1001,1.546579332071209e-17,0.11263115631677961,1.5755290637919508,6.0594762438402496e-06,202.8775694397596,1.1259166602223021e-11,3,1000.0,0.999964360920752,0.00022047908075787756,0.9985702848444301,0.00038395942570762016,0.9988490385938601,1.2058651010372772,1.1964353242746568,1.2036583247798727,1.194324324900637,1.1843613811509486,1.175891860051688,1.1019261842728292,1.0974973478646333,1.028773383809546,1.0275493907085038,1.009607512893174,1.0077381003865589,1.0030351595776574,0.999859292692093,1.000764311610852,0.9987896767125573,1.0006277032904534,0.9992205185531958,0.999964360920752,0.9985702848444301,0.012093038576592437,0.3449739166560178,0.6909945131517641,0.17745366026558065,1.4958672025363046e+17,9.812100687681171e+16,20.540296083430757,13.473351978282603,0.38935514180080055,0.26161543880410676,0.9296482599505999,0.009495627231159435,0.9482189677863603,1.0,0.99996,0.012475558624918993,0.0083353942616859,0.011407285094400877,1.0936483590685802,3.6141560572402023,2.370695946438667,34,0.0009847056648699692,32,0.8548297882080078,0.8396708449491758
bits,S4,1,68,1,XOR,hyb,sample,500,10,1001,1.6821827623710205e-17,0.1052924687296604,1.8794185150527425,1.0292312090043455e-05,11374.071415803079,4.164259442666129e-11,4,0.1,0.9618819449098851,0.0034098891041209932,0.9421318707722973,0.005207727390787176,0.9025578987025831,1.205780224674455,1.1897508646216823,1.2027363693590583,1.1866008911456754,1.1769164072210272,1.1597804096011042,1.0768060725349797,1.0547701580127389,0.9870501808664918,0.9648050311838009,0.9618819449098851,0.9421318707722973,0.9638856193272275,0.9465447185350664,0.9845166347438118,0.9771880711800003,0.9978107626975314,0.9960411108392092,0.999378530464307,0.998366033766159,0.010393773002307028,0.2255866333131718,0.5892953213263559,0.19788861522613568,1.2942293240584655e+18,5.12688770506081e+17,206.7697989944613,81.90863246077326,0.060950804012913445,0.02432185925265287,0.98255676103769,0.01233145616594971,0.9951352459601163,1.0,1.0,0.01247482073101277,0.011493153373772996,0.005552792768292734,2.246584962119573,31.269799505416135,12.387043597599126,23,0.0009891676395014433,38,0.9917078018188477,0.8396708449491758
bits,S4,1,69,1,XOR,hyb,sample,500,10,1001,1.5008693317605614e-17,0.13537706037894068,0.5330289647463621,4.045670557029815e-05,19569.24857932449,4.182853422795314e-11,4,1000.0,1.0000845493375,4.4885770558245617e-05,0.9988404779495748,0.00011229247518861663,0.9989606392407661,1.2998070167575533,1.2890031288076105,1.2907638542114177,1.279929948738167,1.2273046363863567,1.217076722967917,1.0887707994814853,1.08396408584596,1.0227077240195033,1.0196563394757436,1.0040096551542188,1.001996383931021,1.000625975216141,0.9992794584164939,1.000594744054896,0.9993824802719393,1.0005555013707925,0.999354073944777,1.0000845493375,0.9988404779495748,0.014977912653774348,12.235066213040179,0.999999998625875,0.0721598943441925,8.571553346951954e+17,7.722645570768198e+17,95.02925760080277,85.61776910193257,0.1599915763353487,0.14431136680112797,0.988426275479189,0.0005832955644722944,0.9895863492892969,1.0,1.0,4.793852699536827e-05,0.0005830298816040457,0.0047817222109959685,0.010025368450958869,20.709680241881014,18.658639095895083,1224,0.0009691435722661129,11,0.3483469486236572,0.8396708449491758
bits,S4,1,70,1,XOR,hyb,sample,500,10,1001,2.747585899393442e-18,0.12656547856815525,0.7299541650529324,6.6106433514896106e-06,1903.8942554962841,1.7786695084186936e-10,3,1000.0,1.0039447413282498,0.0008635269956564981,1.0052889023853577,0.0016933977291761079,1.0029960488720078,1.2132322052514035,1.2112569159430486,1.2064939004335409,1.204488538087752,1.1614040734856972,1.159020665169982,1.0699207019096137,1.0674902809666325,1.0217230997942992,1.019868295958999,1.0079190493519066,1.0030110617913492,1.0040811504606362,0.9980920274179563,1.0039861575110387,0.9994230392162191,1.0052830825432848,1.004559576664993,1.0039447413282498,1.0052889023853577,0.07649148358359698,0.056097738448610344,0.3183668428740783,0.09238699823274259,5.303694974884424e+17,8.420388251055816e+16,11.513690535945877,1.827966068453699,3.8274977950363636,0.8649753532222881,0.6342614695153111,0.0660078758177706,0.7676945770406841,0.0,0.0,0.04253015820334466,0.06488131990586582,0.021323276974541783,1.994541376267922,12.814226614991076,2.0344451131937302,6,0.0009732722200705765,15,0.38056278228759766,0.8396708449491758
bits,S4,1,71,1,XOR,hyb,sample,500,10,1001,6.688169876528873e-19,0.19296369571701416,0.5282368170977644,4.847880690280824e-05,528.7493720914142,1.8218145093778521e-10,3,10.0,1.0000169312468645,0.0005186657253384087,0.9984308849449279,0.0006852296680185492,0.9985940151472217,1.1938731961895273,1.1762115277825607,1.1063650116166581,1.0995705298083995,1.0313205516826287,1.0315195548284104,1.0101189671031563,1.0100458809943178,1.003801913582182,1.0034312751612142,1.0017477871150895,1.001071555665114,1.0012650416343023,0.9997461166204762,1.0000169312468645,0.9984308849449279,1.0047409440886703,1.0026206270212363,1.1703794853089104,1.1659142398237639,0.4790903359210831,4.070237691106341,0.999524841307238,0.10193052844097707,5528218833067867.0,4751293694470508.0,0.019160944514872304,0.016468102584696363,9.651658998526502,9.626157244179582,0.016194753540937003,0.000822448161681622,0.01798278243474955,0.0,0.0,6.654703133404133e-05,0.0008220974235138168,0.005643003679788501,0.011792838550219677,0.13356697404291598,0.1147957309076773,407,0.0009604305765413898,11,0.27617669105529785,0.8396708449491758
bits,S4,1,72,1,XOR,hyb,sample,500,10,1001,1.425659345227592e-17,8.669310092814982,1.9879201364677175,7.021259094122453e-06,13195.732220520162,7.079477870613301e-12,3,1.0,0.9687873984624942,0.0019907573759347717,0.9560614315384756,0.003729826283563914,0.9195579939018433,1.1004294960347132,1.1236797792091946,1.100381136853345,1.1236267500352939,1.0998992225243283,1.1230982167958552,1.0952418833977808,1.1179826526201373,1.0605478679226967,1.0793796282511063,0.981061569480481,0.9840389441453292,0.9687873984624942,0.9560614315384756,0.9769446965777485,0.9629343978729796,0.9914315348797199,0.9860197417232397,0.997973984548198,0.9967969769078886,1.0097593189252145,0.583819486983137,0.8143065114756123,17.233896102789718,8.706843563841804e+18,4.822114665996144e+18,14.318316868736206,7.929919178959917,0.00649783982117482,0.0037879608404853228,0.8762818201306568,0.043788980717767934,0.9347109390341869,0.9328,0.36112,0.040952349094893585,0.04069059152209255,0.014458724455885847,2.8323625102505314,210.36554148888763,116.50683228609527,58,0.0009939600682338588,40,2.594032049179077,0.8396708449491758
bits,S4,1,73,1,XOR,hyb,sample,500,10,1001,7.047783270173716e-20,6.699346860306481,1.9005191108526878,4.1840943466588525e-05,18277.77881554149,2.986962441204427e-11,5,10.0,0.9996545421298995,2.0454874062648547e-05,0.9983879731153108,3.012224640756403e-05,0.9990522238541029,1.4350665303286285,1.3934189023699548,1.3998425447403555,1.3601488549296306,1.2455217501116358,1.2150521089444593,1.0818324857780852,1.0661243149557498,1.0157080647630186,1.0115647660625717,1.0013333395587771,0.9998896637070154,1.0004845777457985,0.9992966815165587,0.9996545421298995,0.9983879731153108,1.0052881946943628,1.0031467230173328,1.174797012557696,1.1700044032905346,157.84434281863443,5.13984100138271,0.99991390578024,12.732236738243419,3.309235549164756e+17,2.756754600458223e+17,0.0034813505595082035,0.0029001347979458183,0.07831367513510437,0.078268315904154,0.002891659930277194,0.0002587506505796241,0.003468987322363783,0.0,0.0,4.651495905759062e-05,0.00025821947362724014,0.002398907514722857,0.019390059338308608,7.995424784078143,6.6605787737558675,514,0.0009746251850526604,39,0.9633839130401611,0.8396708449491758
bits,S4,1,74,1,XOR,hyb,sample,500,10,1001,1.481773458294051e-19,9.58645858921787,0.8286525593388022,1.99320476746815e-05,2002.661382019908,5.3012574772963206e-12,4,10.0,0.999795406765088,0.00021679401253594033,0.9984331914200807,0.00032070282912488243,0.998560117206433,1.3532354883821696,1.2958776543341284,1.3449532064436904,1.2876919022995925,1.283450081939444,1.2276932109559298,1.1261889913885292,1.0847497109516497,1.0350236432099542,1.0165891447049606,1.006979510198771,1.000541281173502,1.000997188112511,0.9989917119295196,0.999795406765088,0.9984331914200807,1.0046877229401456,1.0027842070160649,1.1713734090735195,1.1669720948209104,107.42997800465098,15.073052440240158,0.9999999999823826,7.943843444950831,9.205744352805993e+17,8.424216252578712e+17,0.014229266750466589,0.013021263205622361,0.12426555451542667,0.12411754731894967,0.012853490264579272,0.0005003254075354292,0.0140294689715672,0.0,0.0,3.5410390547458395e-05,0.0005001601045066769,0.005036533094182875,0.007030707410293183,22.241945446551817,20.353699944176547,1507,0.0009748853639280026,17,0.5005431175231934,0.8396708449491758
bits,S4,1,75,1,XOR,hyb,sample,500,10,1001,1.8224190039082906e-17,6.117357252631446,0.6989762782444282,4.631710300389859e-05,679.716390979858,2.835825354887019e-11,5,100.0,0.999731232067109,0.0012807160882556492,0.9983257762899823,0.0017166937616010644,1.0004431495575246,1.4856110321911433,1.405360029804088,1.480999017460419,1.4011414257921508,1.4409004591890608,1.3646425767421495,1.2699774903719359,1.2124337546528923,1.097854933652934,1.0660552503197827,1.034322331442867,1.0206169718313665,1.0120124917171462,1.0053461997471385,1.0050550908392712,1.0010525787854694,0.999731232067109,0.9983257762899823,1.0693186864763875,1.0729753055159736,0.5573971015484962,18.038050852999213,0.9999999999998108,4.275887605135888,3.1387093101911972e+16,2.922629130500805e+16,0.09350514051105618,0.08706790610454351,0.2151379593860172,0.2138714875396578,0.08008702696960107,0.002259906905345521,0.08550803696245239,0.0,0.0,0.0001299413537739088,0.0022594110833541814,0.012137197985245105,0.010706042196219864,0.7583417328830979,0.7061347262080766,1804,0.0009985375403491832,14,0.5047507286071777,0.8396708449491758
bits,S4,1,76,1,XOR,hyb,sample,500,10,1001,1.3467885917793017e-17,6.760782419794695,1.9847592628132031,1.2298656132171684e-05,19619.23544168066,5.6491656938858697e-11,4,1.0,0.953190927861257,0.005032657345722559,0.9522759884919395,0.016659164700414446,0.8819383769448971,1.1634455168968234,1.1617924630515102,1.163349446919536,1.161703582221835,1.162394216639161,1.160819742788243,1.1533557779005934,1.152448284508899,1.094593684150153,1.0975444127536085,0.9835775042173396,0.9898888497476233,0.953190927861257,0.9522759884919395,0.9861567289484082,0.9770591081812036,1.0005974029198055,0.9923725738602311,1.005860491851792,1.0043974022696265,0.8335787369493042,0.2248391407284345,0.5885189524237231,13.418525531552183,1.3060730512302802e+18,5.132217577002367e+17,2.601776209033422,1.0223686629817463,0.03684977801357636,0.020690856945964977,0.4642347884019266,0.14863107639274944,0.7210441892549267,0.0,0.0,0.19818722552126927,0.1338183352528767,0.021244339971658765,9.328942475297563,31.555955109508105,12.399921070231208,22,0.0009923796314066015,40,2.0156149864196777,0.8396708449491758
bits,S4,1,77,1,XOR,hyb,sample,500,10,1001,1.901662603331297e-17,8.630012360004049,0.5367813845804591,6.6303817066832485e-06,759.1847923882702,5.28220079098808e-12,4,1000.0,1.0001486593098858,0.00014290534548837757,0.9999479476157941,0.0002377872861782296,0.9978231133529727,1.3054269705269737,1.296086514712694,1.305219144209056,1.2958790126564224,1.3031606773622992,1.293824168174165,1.284366287631782,1.2750971083443485,1.184929083474442,1.176987998364999,1.0549384187737414,1.0511531179967175,1.0074932958757734,1.0052845797002923,1.0013897822337028,1.0006130217282514,1.0010268048807132,1.0007067726568493,1.0001486593098858,0.9999479476157941,0.753575983924595,2.5841246559802054,0.9946358017712271,4.632429983549448,2.0458331821371635e+18,1.6183104467578153e+18,4.508086770715454,3.566020914920518,0.04727736243245221,0.03919136256468501,0.7793866974311622,0.01924101434480761,0.8184365214230488,0.13376,0.0,0.006312839749690048,0.019134150809461545,0.018515639995953372,0.3409463432573614,49.42925665317925,39.09990468223335,258,0.0009759661537826529,11,0.7151551246643066,0.8396708449491758
bits,S4,1,78,1,XOR,hyb,sample,500,10,1001,1.908609561558758e-17,2.2158008599615773,1.9881329096803333,6.0467328704339655e-06,19939.184136110514,2.0106849672822153e-11,3,0.1,0.9147559681441999,0.0033472455694746896,0.8939992994997097,0.013234313447211868,0.8191965056293989,1.057188091511291,1.032392625285862,1.0570501467191706,1.0322575896567057,1.0556834670345265,1.0309197915045343,1.0431785591151757,1.0186841581241386,0.9774107245698704,0.9544782595783072,0.9147559681441999,0.8939992994997097,0.9356472104746679,0.9174248807365035,0.9507712354666259,0.9354936462729754,0.9730070911302263,0.9652938789398506,0.9931753250953428,0.9909804512691197,0.19278033428893784,0.15244067752766702,0.5011218086135916,4.405306610987595,9.371405462417504e+18,2.97922363316452e+18,80.7218482220653,25.66193927904796,0.0085139701681644,0.002777702176171954,0.9356082369152104,0.05211713782014327,0.9877388483391523,0.97404,0.81168,0.05485403966125065,0.049478843796544186,0.010124688295369857,5.417849721490791,226.4219829101315,71.98084911159343,15,0.0009940664548401667,40,1.8089690208435059,0.8396708449491758
bits,S4,1,79,1,XOR,hyb,sample,500,10,1001,3.146045321875275e-18,0.10103705189646528,1.0883490753748237,1.3939015668297504e-05,19423.034755776225,5.740707740984765e-12,3,1000.0,0.9999233898144032,1.564946638501297e-05,0.9986864790428337,2.104410875590798e-05,0.9990511201456954,1.1842442342062673,1.172763196316787,1.1806621803230937,1.1691814598311105,1.152494416997254,1.1412741616546722,1.0644922236849186,1.0562362534663556,1.0073992214032368,1.0041745243725224,0.9999696007432866,0.9985984697510741,1.0004743110589367,0.9992928985656381,1.0005657048279466,0.9994015051549188,1.0005087073764067,0.9993394321489788,0.9999233898144032,0.9986864790428337,0.053329165584348644,5.182977362343706,0.9999196029512232,0.10996358201011606,9.578716601825792e+18,7.986502777622744e+18,298.2576786347952,248.68005578221886,0.036422291762252465,0.030388258976015728,0.9959614917852715,0.00037915055454138707,0.9966583578816649,1.0,1.0,6.52659292947655e-05,0.0003784068513909613,0.0028332198074098964,0.02303595687283826,231.43081530484835,192.9614296039785,518,0.0009894082503407488,22,0.5839269161224365,0.8396708449491758
bits,S4,1,80,1,XOR,hyb,sample,500,10,1001,5.386123132926936e-20,9.602165941774361,1.1636484682560284,6.602183452805691e-06,2702.3508013999085,2.85744799059352e-11,3,10.0,0.9996748165328878,1.880177341301212e-05,0.9983762721047876,2.3155557840776753e-05,0.9991020790427149,1.2116388588275129,1.1891286797415317,1.1985285921581623,1.17674128452827,1.1303000074730987,1.1137419034882634,1.0428027792739956,1.0373712196942395,1.0093788527583756,1.0077659391414708,1.0016333475341743,1.0000296789227678,1.0005631884176789,0.9992974446711717,0.9996748165328878,0.9983762721047876,1.0053200129751367,1.0031424920366583,1.1749261913671825,1.1701058043906225,296.0342955831711,0.21848608794660496,0.5818320591601817,11.17354569008594,1.1481433140022468e+18,4.579141136713617e+17,0.006440256605605133,0.002568568191275498,0.08926781525880924,0.08892440971253697,0.002559763077150585,0.0013415761432254115,0.005906410211058583,0.0,0.0,0.0019525383090057068,0.0011414430708976738,0.0021766973028466544,0.8970187570188122,27.740223903868564,11.063636296156872,22,0.0009697070568800237,24,0.5188519954681396,0.8396708449491758
bits,S4,1,81,1,XOR,hyb,sample,500,10,1001,5.79160764471637e-20,7.073792935165507,0.7283361949934313,6.414016543721509e-06,19268.036759847782,1.4723206263175535e-10,4,10.0,1.0000538157104384,0.00012509222321839235,0.9983913985471883,0.00032752947255194247,0.9988082870491601,1.3552355623333612,1.353780327898461,1.3301232510000973,1.3274983555212374,1.2113383848880168,1.2052539316694297,1.0696211852465818,1.0687108038109372,1.0186121719788166,1.0186515782248111,1.0047850492444383,1.0015582261966829,1.0017985602343136,0.998868963814675,1.0000538157104384,0.9983913985471883,1.0052391478700755,1.0030740400068798,1.1733889369818271,1.168674622120418,202.81604422317398,0.0639402915027205,0.3385945791180827,5.152099430569861,5.975546047813325e+18,1.0093938929032193e+18,0.04892427370869969,0.00826432642324937,0.1925047111792301,0.18504256009269507,0.008145285154320992,0.006935253013157126,0.02454683581794402,0.0,0.0,0.010631313947292489,0.005589954505636558,0.0036050523140824346,2.949004070138825,144.37482088921013,24.387907201868735,6,0.0009711149266579084,15,0.3499448299407959,0.8396708449491758
bits,S4,1,82,1,XOR,hyb,sample,500,10,1001,7.37553864767836e-18,0.11119603115223496,1.0797871118223674,4.541933384294677e-05,2383.8743071245267,5.057719664405088e-12,3,1000.0,1.0002400884834042,0.00017693729630266128,0.9987981604884251,0.0002575866645801928,0.999033448962026,1.2235669523365433,1.1925534596493763,1.2203738079559376,1.189740056556387,1.1937530825001328,1.166346656714748,1.098755393179933,1.083039498270507,1.0282157277551651,1.0195322788406815,1.0070329279879506,1.0030479392527913,1.0014305073617389,0.9998092734831753,1.00099566526364,0.999572142281625,1.0009964578978179,0.9995628073913834,1.0002400884834042,0.9987981604884251,0.025034829680010976,62.95603623008793,1.0,0.12006804132398179,3.060099959967924e+17,2.9050459918939834e+17,20.297384076238036,19.268924227307313,0.4109054247600586,0.3910626248386801,0.9506279326704571,0.0012441399373028389,0.9530457616448486,1.0,1.0,1.776991408272499e-05,0.0012441234263126405,0.009687744308067984,0.0018342674535625544,7.393489734467358,7.018864743048736,6296,0.000981624647111243,22,0.6320047378540039,0.8396708449491758
bits,S4,1,83,1,XOR,hyb,sample,500,10,1001,6.875984042407969e-20,0.10046904768487977,1.769668672430234,4.872227679424876e-05,18840.093155618066,6.623067278383333e-12,4,1000.0,1.002653621275734,0.0018353995097219143,0.9984838927619186,0.0028710683301305905,1.0016051639482846,1.2996176838561762,1.3182884626302842,1.290658084514985,1.3089618541754644,1.2285595989305853,1.2440657011774725,1.0955797004762533,1.1026485500604128,1.0302676717086057,1.0289928464135862,1.012289570338735,1.0092055586494488,1.0071884326123266,1.0030430585457757,1.0080554268831794,1.0013702849480928,1.0081539681916993,1.0008724046773496,1.002653621275734,0.9984838927619186,2.4263113133123295,33.75613922570209,1.0,0.17779692623683105,1.1397592006528248e+18,1.0691039724248134e+18,0.7800378580731705,0.7316822467676586,3.247936627252143,3.159704817810546,0.4223423463672687,0.0068878061952821566,0.43792571010401227,0.0,0.0,0.00019715842697893193,0.00688738183519663,0.02208713330713458,0.008926392766201392,27.53765582834004,25.830558964106473,3376,0.0009831492624612411,36,1.132735252380371,0.8396708449491758
bits,S4,1,84,1,XOR,hyb,sample,500,10,1001,1.1883219734558718e-19,9.107103364435925,0.6273042382515843,1.5978074840819765e-05,19939.927252912716,5.506463252956103e-12,5,100.0,1.0023363359755224,0.0006578153205273948,0.9991919996228823,0.0009932316909092764,0.9956340110583273,1.4498096610043905,1.3628894240468399,1.448111775359892,1.3614456270246666,1.4320790641439891,1.347819798013107,1.328948180960857,1.260452619336405,1.1341963219705737,1.097862072494152,1.0432444049943892,1.0243384859878977,1.0144260802073741,1.0037359335673308,1.0063492410078576,1.000691609562831,1.0023363359755224,0.9991919996228823,1.0130163453256427,1.018359534924329,127.26097188505629,12.318183933068475,0.9999999987908492,5.712924538705919,1.426865271309308e+19,1.2858119154761245e+19,0.18618163066857266,0.16777656865721777,0.14989313934909262,0.14756736355433364,0.14362723323069815,0.006117066173589465,0.15695668344125818,0.0,0.0,0.0005083914572655621,0.006114275191659429,0.015679400887844003,0.03242416345510434,344.7440892095541,310.6642698569946,1232,0.0009650834434639759,13,0.6080789566040039,0.8396708449491758
bits,S4,1,85,1,XOR,hyb,sample,500,10,1001,3.3126719757441364e-19,0.1110220014358776,1.812058873004933,6.891876214860321e-06,19332.31304163309,2.796688117324057e-11,4,10.0,0.9730839370638863,0.003820024848580652,0.9576592538906811,0.005793809742556289,0.946571825129513,1.2485777017238644,1.2335993747146878,1.244475965518835,1.2295516019295376,1.2107678060893292,1.1961911207068698,1.0959196012667194,1.0811516085804322,1.0060209844473667,0.9912887449851601,0.9792295069071322,0.9655215988069852,0.9731676495907868,0.9576560265581057,0.9730839370638863,0.9576592538906811,0.9835749014612251,0.9740947744219968,0.99673726732623,0.9956334490170174,0.5565186412961793,0.15620946528654897,0.5063811518072103,0.2011784028006484,6.193075482574642e+18,2.0055994044576822e+18,18.478884662011986,5.984302981200868,0.7116977178349873,0.25518465654672284,0.8298700182120013,0.0789368277961185,0.9264068928943345,0.73496,0.15412,0.06951719660449181,0.0748005650832824,0.016220120985662733,4.285861780312203,149.6305369242809,48.45717068819919,16,0.0009794912827053692,37,0.9313290119171143,0.8396708449491758
bits,S4,1,86,1,XOR,hyb,sample,500,10,1001,1.7251504747866465e-17,0.1475834512898286,0.6827642109058376,6.124122455026599e-06,13878.070097306667,5.921847465621961e-11,1,0.01,0.9501012871998074,0.005253422876017535,0.9419135253069933,0.011007340743359404,0.9101598935387096,0.9849555815784414,0.9832873188500375,0.9844900379173461,0.9827492043437618,0.9804118001527851,0.9780133177616432,0.9632202693968621,0.9575908691790659,0.9501012871998074,0.9419135253069933,0.9634190738118569,0.9578938374904762,0.9904742746736099,0.9882840633228671,0.998145808618651,0.9967064567264631,0.9988535516796937,0.9974800790506487,0.9976814363761187,0.9961296258298594,0.014205606416183318,0.15459965372170684,0.5041461449579638,0.10076469866265995,6.311706002586275e+18,2.025930892521066e+18,737.7956343961635,236.81758425976912,0.0417299271242748,0.01343282228263635,0.9925763157632432,0.006500258097114203,0.9986339365939592,1.0,1.0,0.006437804891595082,0.006141746917055866,0.003553708115803007,1.8115739058497142,152.49676202599204,48.948398590063704,15,0.0009753774441511965,14,0.3562169075012207,0.8396708449491758
bits,S4,1,87,1,XOR,hyb,sample,500,10,1001,5.1983029296612236e-20,0.1259599322306874,1.9261291968820797,2.5283164245710614e-05,19429.774264313164,1.6197368086533865e-10,5,10.0,1.0013681492919684,0.001800730875850226,1.0025134665146624,0.0019357708899939545,0.9978969113699107,1.4601881182313696,1.4317379319994588,1.3440323949014519,1.3312931569822415,1.1369948496173918,1.1511076472637554,1.044688439591719,1.0559292156513869,1.0169965572590152,1.0205232957518147,1.0071889366260365,1.0080802915376357,1.0029229184312896,1.0033426104735566,1.0013681492919684,1.0025134665146624,1.0024455174277829,1.0047480386707934,1.1432618699413708,1.1431628180044018,4.023647548013478,0.34149294459667917,0.6885410320896634,0.24261510310681514,1.888850168400313e+17,8.887303278128686e+16,0.07795189462395011,0.03667745278147171,3.975928028505989,3.8236909843476323,0.03521027751124194,0.007358937632709678,0.05473711536607485,0.0,0.0,0.002751603052059891,0.007293860290167694,0.008190905656821805,0.33593392078301076,4.563639917880669,2.1472561816128155,34,0.0009877585625036307,39,1.0131638050079346,0.8396708449491758
bits,S4,1,88,1,XOR,hyb,sample,500,10,1001,8.644013730382276e-19,9.599484707437915,0.7786428542220908,4.841184158973772e-05,17168.36771126275,7.456572246471116e-12,1,100.0,0.9999854118048568,0.0012406031582152999,0.998537614131416,0.0018312873124129627,1.0043539780500996,1.075788336159961,1.066843573425893,1.0757020133498354,1.0667536605188956,1.0748526689157838,1.0658687287580941,1.0675469230245365,1.0582376205798791,1.0389613697584208,1.0282065499237152,1.0154798274043855,1.0057931231762434,1.007773396661417,1.0016720341816352,1.0060325123198868,1.001332897204687,0.9999854118048568,0.998537614131416,1.1007222331927147,1.10407299448133,18.44087697988144,67.27820940566454,1.0,7.47457017166077,1.8580786065736212e+18,1.7604147027391506e+18,0.16731374106890648,0.15851943438019656,0.11548097794246615,0.11461096750653293,0.13681359843053567,0.0032976498728260507,0.143332248922591,0.0,0.0,4.558963571316166e-05,0.0032976099533502624,0.015367021241595526,0.0029667191185861978,44.89292926130256,42.53327735491276,6728,0.0009733035677776135,16,0.6576888561248779,0.8396708449491758
bits,S4,1,89,1,XOR,hyb,sample,500,10,1001,1.7169134267657139e-18,0.10939281047609933,1.904293564954318,3.88393332967273e-05,17834.908823485403,1.8813754471245029e-10,2,1.0,1.0029721520344042,0.0012154685182673383,1.0035655065301576,0.00303433001436378,0.9948367448514928,1.124084352888201,1.1312229649969638,1.1221151607659308,1.1291567060144667,1.1058998012562289,1.1120589453019445,1.0524914880477494,1.054437735419533,1.0169625605928247,1.0162074555994935,1.0061355227910995,1.0062008868940586,1.0029721520344042,1.0035655065301576,1.0043379775923742,1.0056840190797385,1.0069651861091706,1.0095870929017368,1.0049299608366862,1.0096876447878438,0.10580092894124421,0.7017507904606572,0.8532058775788803,0.20831602504190327,7.97942060016553e+16,4.620094068967995e+16,1.2523651514766014,0.7251209202331335,2.782644833684695,2.131270239650564,0.4157775302833751,0.049904758272580986,0.5270298698773511,0.0,0.0,0.015034294608501456,0.04961392751312997,0.021922182393730873,0.6858028246677138,1.927903175259007,1.1162582437845086,70,0.0009765608025406759,39,0.9898030757904053,0.8396708449491758
bits,S4,1,90,1,XOR,hyb,sample,500,10,1001,5.733605324473396e-20,0.10724529849584566,1.839247303608574,1.4593513447428945e-05,2090.2950526544932,1.531925759942306e-10,5,10.0,0.9999111032130787,0.0005157824411602031,0.998718868383253,0.0007318385244117435,0.9988051705189527,1.366919916829655,1.3572528682889475,1.185685165242941,1.1831391965126774,1.0613609102047044,1.0608508234591028,1.02270908908941,1.0192254971847063,1.00928655632989,1.0041088714609023,1.0032988243446825,0.9999679179455667,1.0010713586266868,0.9994109902606254,0.9999111032130787,0.998718868383253,1.0049554756213317,1.0031876930529413,1.172084922708147,1.167715001079941,3.105986510144532,0.12597681606332903,0.46128708823872777,0.19725062608318078,6.509527426832846e+16,1.9146278658113656e+16,0.034801582575426544,0.010236085571831777,5.018324402249193,4.899192739578458,0.01008244924945909,0.002174068089861658,0.01606373623480919,0.0,0.0,0.0010546466283858156,0.0021477944597115546,0.0044395628432318856,0.23755641391440704,1.5727631396402766,0.4625921262830205,13,0.0009941877316803102,37,0.8766400814056396,0.8396708449491758
bits,S4,1,91,1,XOR,hyb,sample,500,10,1001,1.787027827845227e-17,8.143146871172005,1.1361308030766828,6.197141027210316e-06,17221.88786048905,4.326668515958033e-11,2,0.1,0.8650653503526883,0.018815760710804992,0.8715336359130722,0.019743532970319916,0.7573855829379496,0.9213732269020165,0.9391022453513326,0.9213515016252124,0.9390799270483539,0.9211349363801933,0.9388573878505564,0.9190358342959133,0.9366943574236298,0.9030593408012964,0.9197938755071995,0.8650653503526883,0.8715336359130722,0.8903212373641971,0.878264653066162,0.9540423272511163,0.9398339435529991,0.9704675998633855,0.9580800601532756,0.9848713554230318,0.9751340959207392,0.7566761579544199,0.13021156251432892,0.46803402837632707,9.251679994316028,7.073410711621774e+18,2.0461200406890468e+18,15.522723560587517,4.490246227496662,0.019687364189373505,0.006541807503690835,0.7336043312486235,0.15624439539338186,0.939329417521849,0.42012,0.13956,0.1952939453473878,0.14553629206459331,0.01816306209937685,10.752258858052798,170.9002652468752,49.43618742598517,13,0.0009879398287623328,23,1.3166518211364746,0.8396708449491758
bits,S4,1,92,1,XOR,hyb,sample,500,10,1001,1.7870966873452014e-17,6.684517254113881,0.505471056753773,6.055046139670793e-06,18562.511567553283,4.05631890885652e-11,2,0.1,0.9357632799920828,0.011502261670262318,0.9228377488801869,0.01221738115188303,0.8589986141651454,1.0202375964342185,1.007928824762019,1.0201742210656184,1.0078656972023268,1.019544967700691,1.007238928230403,1.013671346469867,1.0013905258240743,0.9791091149541128,0.9670171721294828,0.9357632799920828,0.9228377488801869,0.9473642060105977,0.933798511867001,0.959855193742942,0.9492296995277016,0.9815368386065947,0.9761793599324896,0.9947276462144259,0.9918277748837987,0.6211136825586681,0.29802677161028346,0.6556260286475442,3.3788300003257725,1.210606617741416e+19,5.402885838557979e+18,32.365404920039495,14.444542540822901,0.01916278421313539,0.008870278562170937,0.9167675396773239,0.047409012209018914,0.9700135834775203,0.97196,0.72176,0.049265746697141025,0.0441444634029807,0.011846730405550456,4.158594397831399,292.49396156468134,130.53881084425817,30,0.0009190382850068601,11,0.6280519962310791,0.8396708449491758
bits,S4,1,93,1,XOR,hyb,sample,500,10,1001,1.944167216379151e-17,6.127623152161008,0.5100365414489206,7.123677104871982e-06,5419.631619123129,1.9315743389256106e-10,4,1.0,0.99001703287583,0.007990946211341039,0.9850333966888473,0.009950409587315471,0.9467219672193382,1.2964801112553261,1.2775486525439588,1.2958274220817014,1.2768901486131345,1.2894936591340571,1.2705102863574016,1.2405625514536194,1.2218642343353223,1.1007235429842699,1.0891824335021156,1.0115451550298271,1.0077312481151428,0.99001703287583,0.9850333966888473,0.9955801203195007,0.9863159702826918,1.0084484644321734,0.9996270709618296,1.015805683123554,1.012519817027134,0.5233684400888462,0.08585082683846205,0.38819335847236447,3.125311719830534,1.3072863698626673e+18,2.8393115348741053e+17,4.14774740481548,0.9008544204032276,0.16832855774678587,0.062156912123108934,0.406241729327632,0.18976858969572574,0.7445153636852415,0.0,0.0,0.2708269089077158,0.16835848273727386,0.020091377234814967,13.479758293444338,31.585270030492865,6.860044103352264,9,0.0009273391662707647,11,0.5433549880981445,0.8396708449491758
bits,S4,1,94,1,XOR,hyb,sample,500,10,1001,5.636574608252833e-20,8.472071183308941,1.9326005089895961,6.206481919680767e-06,18826.778746095766,3.27759305229287e-11,3,10.0,1.0003158893243458,9.958032297652536e-05,0.9983973438355858,0.00018259799104409824,0.9986611677386896,1.2109008866127229,1.199753269761913,1.208188850726351,1.1971263288632863,1.1855038829814109,1.175113856251301,1.1006311744809574,1.09266132685513,1.0254529986360548,1.020224289455867,1.0043777881001614,1.0008838103781945,1.002192245191829,0.9996210932658203,1.0003158893243458,0.9983973438355858,1.0051922554028994,1.0027781922276233,1.1725233012127385,1.16778104112266,249.58784647619476,0.10135440274987746,0.41865370419248893,16.37312908105895,7.133084435792766e+18,1.731510083856835e+18,0.04745730027448807,0.011519952513889627,0.06038010453004836,0.058308515727574985,0.011291905535892459,0.009681437842921683,0.0386482432369585,0.0,0.0,0.016741851481254018,0.007153271302997238,0.00429885974404305,3.89448655645332,172.34203862959922,41.83491453742058,10,0.0009910771840972287,39,0.9510982036590576,0.8396708449491758
bits,S4,1,95,1,XOR,hyb,sample,500,10,1001,1.8217000748962257e-17,3.2708234585616935,1.8856569217902377,6.205145556209493e-06,15376.07856593857,5.581459343673893e-11,2,0.1,0.8868156391672782,0.01527583308028068,0.8734655794973729,0.019162877599546498,0.7981269067640958,0.959186974968931,0.9465366610677031,0.9591486143620507,0.9464991647144686,0.9587668346553142,0.9461260094339391,0.9551229094242425,0.9425663639992251,0.9303212228776093,0.9183642301115247,0.8868156391672782,0.8734655794973729,0.8997928667507008,0.8802571177154193,0.9514748392141291,0.9334234932069524,0.9726933774670975,0.9561856135857306,0.985176765475296,0.9709642507044649,0.29814623217160313,0.06097365808097645,0.3311250738731177,6.167650894590742,5.233061225793397e+18,8.526357849343822e+17,29.145773679746142,4.748793974827331,0.028203530199016984,0.005378408469440048,0.6723442994430398,0.21384466465828053,0.9658702372076924,0.33524,0.1514,0.2798312734650997,0.199611753466056,0.018233902977286505,15.34675674284755,126.43568824185796,20.600483662690387,6,0.0009924510114685463,38,1.9113960266113281,0.8396708449491758
bits,S4,1,96,1,XOR,hyb,sample,500,10,1001,3.2088656249515967e-18,8.125975444435692,1.963132734962631,6.285033275006726e-06,19731.289265966367,1.3809085852912483e-11,4,1.0,0.9148788009095989,0.009198189955593898,0.9147670192255157,0.015585233696596824,0.8398985732998406,1.1082124486017066,1.1098023334038587,1.1081333329377185,1.109725863939236,1.1073454993579035,1.1089644117667512,1.099784887033978,1.1016598504750843,1.0460732348995614,1.0499368677478045,0.9288694240953962,0.9376615953074564,0.9148788009095989,0.9147670192255157,0.9736574473260285,0.962837801370692,0.9904974055512327,0.9801752706248404,0.997729241553501,0.9948868724727596,4.205068476366743,0.24285626843741606,0.6066525119084016,15.952368398474222,1.0228923052377264e+19,4.179746592007592e+18,4.039298394080709,1.6505397108092248,0.023650510211364776,0.012439552412644335,0.5760106905796508,0.14475940798430711,0.8012887902146701,0.00016,0.0,0.18366634716098235,0.13206785011187488,0.02109725762248129,8.705697700030312,247.14041558041308,100.98661457126708,24,0.0009815663674813155,40,2.290651798248291,0.8396708449491758
bits,S4,1,97,1,XOR,hyb,sample,500,10,1001,6.628317618107978e-20,9.814392561329608,0.769895543489473,4.6136186982304606e-05,19559.206669845138,1.1649932628700437e-10,3,10.0,0.9996496962017636,8.439687887352374e-06,0.9983758309551292,1.427448930659394e-05,0.9991613692941803,1.1938004650062202,1.1752934768978094,1.1619329343471192,1.1436924332672167,1.0713021092940296,1.056207089444912,1.0162768539789369,1.0082886838802738,1.0016925863946793,0.9982483920502142,1.0002985066691354,0.9987622499243558,1.0004180940366934,0.9992128112322669,0.9996496962017636,0.9983758309551292,1.005327961702464,1.0031658502027598,1.175019412514406,1.170201990024369,245.87207806918826,3.9552772115539376,0.9994282676608521,7.5560570950239,2.1046416570604976e+17,1.695362036070493e+17,0.0014214056843685242,0.001144991703005109,0.13219279648659948,0.1321563084137692,0.0011436422288348882,0.00012046276993074076,0.001418621164062822,0.0,0.0,2.7548449302114497e-05,0.0001200610939869014,0.0015093609399891884,0.01825173063131727,5.0850124799100564,4.096154365501269,396,0.0009623694293618412,16,0.34359288215637207,0.8396708449491758
bits,S4,1,98,1,XOR,hyb,sample,500,10,1001,1.6437199421380803e-17,5.37866690688234,1.927582352113363,6.059664006133126e-06,14836.101804958696,3.364906947547659e-11,3,0.1,0.8745739909425444,0.014739809916948038,0.8618309793969889,0.03270400951999826,0.7124839954697919,0.9936690206314994,0.9927552264007868,0.9936168518180086,0.992698686848818,0.9930972598321072,0.9921355210743401,0.9881021808600104,0.9867176593536444,0.9522084384138862,0.9475845480411058,0.8745739909425444,0.8618309793969889,0.885436510681845,0.8691218037460569,0.954330067894652,0.9381655442221382,0.9742067353983892,0.9598271970366374,0.9844997399283514,0.9753131168218028,0.5433703333048052,0.09435389606666732,0.40529853618205525,10.367823407602568,5.936710186779535e+18,1.3630504469892413e+18,18.142578995210638,4.1654804817707065,0.018672466277284985,0.005038624112559186,0.6917560226833163,0.18572587131149101,0.947418042631508,0.34332,0.13188,0.24136787557137376,0.17273215029793923,0.018561004342953283,13.00403098407816,143.43650990708935,32.9325826581225,9,0.0009885037703145452,39,2.0019989013671875,0.8396708449491758
bits,S4,1,99,1,XOR,hyb,sample,500,10,1001,1.0626905763163107e-17,9.681625901530316,1.7444953515937334,6.257120737852107e-06,17133.534902498235,4.8870642313032386e-11,2,0.1,0.9248454012594953,0.02113257238824456,0.9134251783372092,0.04121629212075811,0.8161201675613541,1.005541394354256,0.9913546012670666,1.0055116807098217,0.9913263111183275,1.0052154666591717,0.9910442830079236,1.0023426372323576,0.9883085545193377,0.9803577999883769,0.9673301003045562,0.9248454012594953,0.9134251783372092,0.9317053735602748,0.9198831918108443,0.9845974067649059,0.9724434392654269,1.0116975488110016,0.9960806117247969,1.0279027657604285,1.0118964434643094,1.5128315242035282,0.07653850172700868,0.36819092775420964,16.889551381089124,5.940777032373493e+18,1.1675671878942344e+18,6.520813582873306,1.2815643368281957,0.025950705324747622,0.007872579626134201,0.44347165067228966,0.21991697945304092,0.8643110174036069,0.07712,0.0,0.33757517689158695,0.19178626854167524,0.019727858082655304,17.111597998993233,143.53476872720614,28.209522992469264,8,0.0009968544866249904,35,1.780588150024414,0.8396708449491758
bits,S4,1,100,1,XOR,hyb,sample,500,10,1001,1.8784940489726532e-18,8.443389643508795,1.9698841929642368,6.163471291857998e-06,16676.514702051823,2.8115248898917757e-11,4,1.0,0.9924787074717927,0.007704740542913846,0.9889419457684252,0.007825278846237595,0.9388604767067109,1.278379398202697,1.277704433797722,1.2781611908637034,1.2774916789911377,1.2760018649582054,1.275385700993569,1.2564419120305097,1.2562577591868358,1.1561863280207456,1.156759273568746,1.0287856588858033,1.0288938457072119,0.9924787074717927,0.9889419457684252,1.0017463643566347,0.9946164367119703,1.0177924794658018,1.011304850632504,1.0308938484718897,1.0303274502133903,7.4637331803554305,0.11431859459064149,0.44187196383299115,16.632499793785918,6.659458364139695e+18,1.7636236736439043e+18,1.4816031753355086,0.3923728165398994,0.043180427468270874,0.02422758562325928,0.24717499006120586,0.1488407007947266,0.5841301653863411,0.0,0.0,0.23978623476046584,0.12312027001275708,0.01765252878310635,13.583676180714896,160.89878662949207,42.61080911450518,11,0.0009849420964821185,40,1.7259540557861328,0.8396708449491758
