group,set,search_seed,eval_index,is_finite,task,mode,node,N_R,R,seed,k_on,k_off,T,distance,N_max,D,L,lam_best,objective,opt_sd,held,held_sd,train,opt_lam_1e-06,held_lam_1e-06,opt_lam_1e-05,held_lam_1e-05,opt_lam_1e-04,held_lam_1e-04,opt_lam_1e-03,held_lam_1e-03,opt_lam_1e-02,held_lam_1e-02,opt_lam_1e-01,held_lam_1e-01,opt_lam_1e+00,held_lam_1e+00,opt_lam_1e+01,held_lam_1e+01,opt_lam_1e+02,held_lam_1e+02,opt_lam_1e+03,held_lam_1e+03,KD_nM,tau_D_over_T,phi_ISI,koff_T,c_peak,c_mean,c_peak_over_KD,c_mean_over_KD,tauR_mean_over_T,tauR_peak_over_T,occ_mean,occ_std,occ_max,occ_frac_above_0p8,occ_frac_above_0p9,contrast_within,contrast_between,binomial_sd_mean,snr_within,shell_molecules_peak,shell_molecules_mean,history_symbols,dt,n_sub,seconds,running_min
case,S1,1,1,1,GLUE,hyb,sample,50000,10,1001,1.4109351288299624e-19,1.2197135009308704,1.25,7.07e-06,10100.0,3.16e-11,3,0.01,0.5193757326068507,0.003844969139335244,0.5171572948648905,0.008386373803001657,0.4517264277474137,0.607311381451596,0.6048730270785446,0.5665972116110578,0.5579915965367163,0.5374509397618656,0.5236870602434731,0.523225006409535,0.5128603883972962,0.5193757326068507,0.5171572948648905,0.5253638401627534,0.5300422182668425,0.5340883678163167,0.5335471111832846,0.6137229440844677,0.6027435107237217,0.7142355179846032,0.6996264924284252,0.9315948394401363,0.9247208054006745,14.354890438759368,0.21090675105485235,0.5736407405901451,1.524641876163588,3.254342618629908e+18,5.855267780293005e+17,0.3764544967624875,0.06773232397293821,0.614284794723384,0.4765081105070593,0.060763703859632597,0.04810483037724754,0.21788203353099878,0.0,0.0,0.010564704431157574,0.047880352107434035,0.0009823873126105756,10.754113266266794,78.62798293534193,14.146878465567374,21,0.001,25,1.5935070514678955,0.5193757326068507
case,S1,1,2,1,GLUE,hyb,sample,50000,10,1001,1.7657575687011948e-19,4.112816045942971,1.25,7.07e-06,10100.0,3.16e-11,5,0.1,0.5135644657267875,0.0022696130227663753,0.5006208159822099,0.00329301204092935,0.447873819668985,0.650276190952361,0.643679415450239,0.5931135271134946,0.5806322566827481,0.5567041503872685,0.5287995910250232,0.5369771427664302,0.503981440369442,0.5230141726316082,0.498020194631592,0.5135644657267875,0.5006208159822099,0.5286804256379721,0.514088289595529,0.6451162987357253,0.62608050503332,0.8433495796579209,0.8329993425635923,1.0094641374091626,1.0059896150239718,38.677403067348656,0.21090675105485235,0.5736407405901451,5.1410200574287135,3.254342618629908e+18,5.855267780293005e+17,0.13971887013184217,0.025138453274668973,0.18974405491108365,0.1706683394187471,0.024070980059990355,0.020563710462598778,0.10478497261965625,0.0,0.0,0.010570578437928342,0.020020315601322003,0.0006285211196035681,16.81817540927758,78.62798293534193,14.146878465567374,21,0.001,25,1.6595289707183838,0.5135644657267875
case,S1,1,3,1,GLUE,hyb,sample,50000,10,1001,6.844534069703503e-19,3.530446517537211,1.25,7.07e-06,10100.0,3.16e-11,2,0.01,0.5198519261865364,0.005222944061514181,0.5222041902360084,0.007702108659807603,0.4397685944066426,0.5857902049221538,0.5753450669085851,0.5707280631245604,0.558760490157421,0.5425488236454402,0.5286847614113559,0.5292030338329411,0.5183188218163671,0.5198519261865364,0.5222041902360084,0.5329411147994988,0.5501353238975828,0.5519525739306418,0.5641013097036139,0.5958387901330693,0.595791485759393,0.6658213040175764,0.654427619374541,0.8832536150993695,0.8750420996819491,8.565147469844282,0.21090675105485235,0.5736407405901451,4.4130581469215135,3.254342618629908e+18,5.855267780293005e+17,0.6309246951356982,0.11351702854122127,0.20349956597840016,0.1389397270723419,0.09536096806121126,0.07293457396254902,0.34969773293814743,0.0,0.0,0.036434645550742065,0.07131708340298952,0.0012059074113398322,30.213468470403615,78.62798293534193,14.146878465567374,21,0.001,25,2.1280148029327393,0.5135644657267875
case,S1,1,4,1,GLUE,hyb,sample,50000,10,1001,8.080197988430527e-20,0.3016791319345933,1.25,7.07e-06,10100.0,3.16e-11,5,10.0,0.5236995868476886,0.0019303453055202592,0.5137554044544665,0.00289929563989489,0.5064348131654137,0.6453818542937956,0.6319456673758449,0.5894545229415652,0.5691908385702955,0.5599085274285693,0.5349804412276502,0.5488139451756493,0.5231388530854326,0.5462727409080855,0.5209644529896822,0.5401713813648427,0.5192948615908024,0.5243988719342093,0.5120596805514406,0.5236995868476886,0.5137554044544665,0.71931098792462,0.7083222696688802,0.8467459579661443,0.8368029508921178,6.19972412861369,0.21090675105485235,0.5736407405901451,0.3770989149182416,3.254342618629908e+18,5.855267780293005e+17,0.871645728761188,0.1568279603453089,2.292323677900867,1.4168408497437794,0.1252117561398089,0.08831581962567939,0.37236262403815,0.0,0.0,0.007932156510474506,0.08823773414250018,0.0013647616175836402,5.812118694046126,78.62798293534193,14.146878465567374,21,0.001,25,1.2285470962524414,0.5135644657267875
case,S1,1,5,1,GLUE,hyb,sample,50000,10,1001,4.883155060677686e-18,0.6546534809026663,1.25,7.07e-06,10100.0,3.16e-11,2,0.1,0.6228413276021133,0.003040005571381529,0.6262907188455987,0.006604871172207377,0.6254560974653438,0.6879816889039896,0.9240189277406486,0.6811844962212485,0.9184595877472356,0.6674369518622935,0.9107923216095528,0.6823166862288258,0.9501845742700235,0.6727261999885222,0.8998525989531949,0.6228413276021133,0.6262907188455987,0.7920302070938152,0.9330336822368925,0.8211218758724957,0.869112264691078,0.9136702373082703,0.9102516376586746,0.9466493489621038,0.9418248741892361,0.22261789089068165,0.21090675105485235,0.5736407405901451,0.8183168511283329,3.254342618629908e+18,5.855267780293005e+17,24.274612586539423,4.367528979382585,0.22766910888024178,0.048349723875717183,0.7255903937477279,0.1493298990374009,0.9583494788107235,0.36844,0.13248,0.054708327618751953,0.1481652640311302,0.0018458986315855283,29.637774622412728,78.62798293534193,14.146878465567374,21,0.001,25,2.5476908683776855,0.5135644657267875
case,S1,1,6,1,GLUE,hyb,sample,50000,10,1001,1.6747288477364972e-18,2.2146545446416606,1.25,7.07e-06,10100.0,3.16e-11,4,0.01,0.5052094385372691,0.006255309798195618,0.44274956919227487,0.01080770393942826,0.3830993803888322,0.6180406290325504,0.5554160301158401,0.5943835224172538,0.5285337606119859,0.5462304824886909,0.4769893447630077,0.5188044598328116,0.45249729154711077,0.5052094385372691,0.44274956919227487,0.5126514819968218,0.4810385074624823,0.5669296999202974,0.5939071892511781,0.5927639784387913,0.6285208718092611,0.6827991588169928,0.6893709921793554,0.7972651071781462,0.7926052002258694,2.1958900371495877,0.21090675105485235,0.5736407405901451,2.768318180802076,3.254342618629908e+18,5.855267780293005e+17,2.4609442935578443,0.4427772216937512,0.25037140007973985,0.10437329305502281,0.266162537117129,0.15420266244232778,0.6825484165614075,0.0,0.0,0.0675509972434072,0.15206181988881168,0.001820287062355874,37.110079305832414,78.62798293534193,14.146878465567374,21,0.001,25,2.1732139587402344,0.5052094385372691
case,S1,1,7,1,GLUE,hyb,sample,50000,10,1001,1.4614421717980488e-17,0.44836725709505715,1.25,7.07e-06,10100.0,3.16e-11,3,0.001,0.6363265421291413,0.024124659656232873,0.9820116206681402,0.16718007397597975,0.5273596438368561,0.7333083884864674,1.0647815378104937,0.7067472268232986,1.0405204004454813,0.6539905882195299,1.0088418420941003,0.6363265421291413,0.9820116206681402,0.6663245511504855,0.781753250932028,0.7280170381168306,0.9002692831045946,0.8085343685426434,0.8970261211675348,0.9209802385028205,0.9186341210941762,0.9775760666713065,0.9733312356534771,0.985753560359177,0.9818034921179224,0.050944974848502356,0.21090675105485235,0.5736407405901451,0.5604590713688214,3.254342618629908e+18,5.855267780293005e+17,106.07450631340656,19.08510295049572,0.08883457623455464,0.016663645443409238,0.9096128057620645,0.0712886687822595,0.9906129593025493,0.96468,0.61704,0.03499494951232911,0.07024331871498907,0.0011801335052476216,29.653381890031408,78.62798293534193,14.146878465567374,21,0.001,25,3.700446128845215,0.5052094385372691
case,S1,1,8,1,GLUE,hyb,sample,50000,10,1001,4.54225245945947e-19,0.1828714055113774,1.25,7.07e-06,10100.0,3.16e-11,3,0.001,0.6240503411126532,0.016950345477139927,0.6167501104049579,0.0332870665001975,0.48244372953245424,0.6839604338285449,0.6684322008790735,0.6492395116190396,0.6347239446110818,0.6258197121326835,0.6108552178175178,0.6240503411126532,0.6167501104049579,0.65215914509137,0.6634643125208897,0.6752094474976285,0.7187886598813408,0.6878223373953773,0.7593541893015515,0.6925675583234275,0.7428044391556708,0.8107638482271312,0.8142909706577088,0.8893424134794801,0.8865177561359001,0.6685342037478234,0.21090675105485235,0.5736407405901451,0.22858925688922174,3.254342618629908e+18,5.855267780293005e+17,8.08330078836508,1.4543610249758268,1.7824023185474487,0.4816155363998257,0.5056683262240653,0.1857198228388141,0.8542935983535788,0.05328,0.0,0.01767007399400056,0.1855637035770969,0.002066713838301516,8.54984065356737,78.62798293534193,14.146878465567374,21,0.001,25,1.764233112335205,0.5052094385372691
case,S1,1,9,1,GLUE,hyb,sample,50000,10,1001,2.478201561867058e-18,0.13018682076874566,1.25,7.07e-06,10100.0,3.16e-11,1,0.0001,0.610537365052097,0.009385041366033376,0.6140812330587042,0.022596193838455143,0.591482139739316,0.6322650553348268,0.6401900169420498,0.6219686197716068,0.6309717530390263,0.610537365052097,0.6140812330587042,0.6464947922601405,0.6379186585685414,0.8782989014282417,1.0547976236768648,0.9885467264461324,1.2521936486185195,0.9181161772913484,1.0656372474281137,0.9171852924135031,0.9202323321071596,0.9687765109103047,0.9640917079653819,0.9781892467076763,0.9741867655333168,0.08723273572420523,0.21090675105485235,0.5736407405901451,0.16273352596093207,3.254342618629908e+18,5.855267780293005e+17,61.94879721861476,11.145931418086809,0.5059319904225941,0.09761926405913632,0.8602540795041654,0.10022550633112377,0.9817644526584527,0.77348,0.41124,0.016077962042570698,0.10005505035670152,0.001427746961215197,11.261072500470446,78.62798293534193,14.146878465567374,21,0.001,25,1.9382710456848145,0.5052094385372691
case,S1,1,10,1,GLUE,hyb,sample,50000,10,1001,6.995338116323751e-18,7.301770134862843,1.25,7.07e-06,10100.0,3.16e-11,3,0.1,0.48386292698874644,0.0013998185072164452,0.44962295445306993,0.003922354019209406,0.4426588749676196,0.5821054644513339,0.5652187600313102,0.5775582964864203,0.5601619883053173,0.5527846988111078,0.5336094384266966,0.5168639437282608,0.5008389523333476,0.5018913057151054,0.4912151455566705,0.48386292698874644,0.44962295445306993,0.5775690206942901,0.6041660268973414,0.6335616265407809,0.6759609654799504,0.710140130487064,0.717957921353497,0.8086194890343178,0.8047359385111811,1.7332792735449596,0.21090675105485235,0.5736407405901451,9.127212668578554,3.254342618629908e+18,5.855267780293005e+17,3.1177682319776654,0.560954085492249,0.07018942769828868,0.02660724638972367,0.30644999395514827,0.16817744380055222,0.754439349566655,0.0,0.0,0.12330385897681134,0.1625878260159335,0.0018945750924816095,65.08259264366332,78.62798293534193,14.146878465567374,21,0.001,25,0.6362450122833252,0.48386292698874644
case,S1,1,11,1,GLUE,hyb,sample,50000,10,1001,1.7214118872836777e-19,10.0,1.25,7.07e-06,10100.0,3.16e-11,3,0.01,0.514790337146114,0.0029895102680167866,0.5067483386673879,0.005146069520001331,0.47472404749295266,0.6092373162619168,0.6084793632058701,0.5693837794288917,0.5597788687255738,0.5357718292964944,0.5163662759261884,0.5163087739835397,0.5021344262206833,0.514790337146114,0.5067483386673879,0.5512548072561663,0.5368702828442828,0.6019388780430047,0.5810940251363267,0.8133592098970487,0.8018017111979331,0.9759819585705314,0.9728931042490288,1.0436744891393448,1.0418593372812548,96.46378530556763,0.21090675105485235,0.5736407405901451,12.5,3.254342618629908e+18,5.855267780293005e+17,0.05602064069003416,0.010079327560225492,0.07920170012115216,0.07575609502076182,0.00989749455797012,0.00886743706810146,0.04947032931155711,0.0,0.0,0.006324658915728563,0.008406972746033796,0.0004046945030700782,15.628230350915748,78.62798293534193,14.146878465567374,21,0.001,25,1.7953641414642334,0.48386292698874644
case,S1,1,12,1,GLUE,hyb,sample,50000,10,1001,2e-17,10.0,1.25,7.07e-06,10100.0,3.16e-11,4,0.01,0.5240712617577878,0.00973549465048835,0.5064207237327943,0.023236895123360548,0.39464641033883174,0.5997658215178441,0.5506929379199692,0.5952851344580743,0.5449999474000873,0.5680324338034998,0.5099079900682201,0.524426014413634,0.4557507177540021,0.5240712617577878,0.5064207237327943,0.5373416523381402,0.565460243436098,0.5618309330758218,0.544780154896386,0.6490689060189252,0.6874654920219951,0.7518132226122469,0.7588154248143555,0.8588469784480817,0.8556284116085427,0.8302695335869232,0.21090675105485235,0.5736407405901451,12.5,3.254342618629908e+18,5.855267780293005e+17,6.508685237259817,1.171053556058601,0.03684846915763539,0.010654328617082213,0.4533141707650059,0.1898538032641092,0.8665419297746267,0.02972,0.0,0.15361989138110627,0.18297531755853874,0.002048312208357062,74.99827943920901,78.62798293534193,14.146878465567374,21,0.001,25,0.6114501953125,0.48386292698874644
case,S1,1,13,1,GLUE,hyb,sample,50000,10,1001,2e-17,10.0,1.25,7.07e-06,10100.0,3.16e-11,2,0.001,0.5477886667894281,0.022511711881359867,0.6252796502389317,0.050781197063815564,0.4071828976371653,0.5688690990309367,0.6106109396248454,0.5677257753591414,0.6100347846857941,0.5595960248555322,0.6069547349319746,0.5477886667894281,0.6252796502389317,0.5762784458724719,0.7308299734430381,0.5531037184214511,0.6081492937030433,0.6308924484496432,0.653478663616871,0.701156898027349,0.7451039723616423,0.7703418061851213,0.7769936937295885,0.8594010666346064,0.8560681105998406,0.8302695335869232,0.21090675105485235,0.5736407405901451,12.5,3.254342618629908e+18,5.855267780293005e+17,6.508685237259817,1.171053556058601,0.03684846915763539,0.010654328617082213,0.4533141707650059,0.1898538032641092,0.8665419297746267,0.02972,0.0,0.15361989138110627,0.18297531755853874,0.002048312208357062,74.99827943920901,78.62798293534193,14.146878465567374,21,0.001,25,0.5880539417266846,0.48386292698874644
case,S1,1,14,1,GLUE,hyb,sample,50000,10,1001,5e-20,3.3353944831708136,1.25,7.07e-06,10100.0,3.16e-11,3,0.001,0.518177068391492,0.004757230606771609,0.513998375759738,0.013541514548182114,0.457426299934828,0.5914820448209381,0.5975409438004601,0.5495159079658529,0.5458122453407033,0.5261318105694286,0.5204665330700323,0.518177068391492,0.513998375759738,0.5184299430076332,0.5107392963926248,0.5666603847279121,0.5500118917079471,0.6205955420938728,0.5991611581361087,0.8506319788657354,0.8412858925805278,0.983781545971096,0.9811320738038741,1.0450159859969776,1.0432678786343839,110.77105687482515,0.21090675105485235,0.5736407405901451,4.169243103963517,3.254342618629908e+18,5.855267780293005e+17,0.04878497333748881,0.008777474163605766,0.23776471527377688,0.2286948183056467,0.008641785790742143,0.007506186704281748,0.03788305782584239,0.0,0.0,0.003357208442986613,0.007352279785440044,0.00037976064353516145,8.840327453984248,78.62798293534193,14.146878465567374,21,0.001,25,1.110642910003662,0.48386292698874644
case,S1,1,15,1,GLUE,hyb,sample,50000,10,1001,1.5061697031617052e-18,5.5267325219484205,1.25,7.07e-06,10100.0,3.16e-11,4,0.01,0.5195354044911952,0.008395382861019785,0.4757676911156478,0.011257313516708362,0.3907176295534056,0.6534165502915086,0.6066880990848549,0.628424418629956,0.5788266809708734,0.5720156097660483,0.5174729791339253,0.5359235846403532,0.4785969371806343,0.5195354044911952,0.4757676911156478,0.5233793217289439,0.5191855151937427,0.5357205000731199,0.5546674118834147,0.5566535916038877,0.5683063896016978,0.6578614868314391,0.6519675236957042,0.7949011912871599,0.7846665591903746,6.093174791161161,0.21090675105485235,0.5736407405901451,6.908415652435526,3.254342618629908e+18,5.855267780293005e+17,0.8868879100666635,0.15957035915078283,0.12483157070273551,0.0767141431671017,0.12616210395587923,0.0928932619027927,0.4485586441794428,0.0,0.0,0.05828531324278349,0.08987636030923428,0.0013619322083967247,42.79604585561372,78.62798293534193,14.146878465567374,21,0.001,25,2.1075570583343506,0.48386292698874644
case,S1,1,16,1,GLUE,hyb,sample,50000,10,1001,5e-20,1.2513080890824646,1.25,7.07e-06,10100.0,3.16e-11,5,0.1,0.5160620550149432,0.0053731957763482946,0.498472725873724,0.004751585122356185,0.43889841497274773,0.6187777014712877,0.5952733122595939,0.5745406653958853,0.5348030635329668,0.5556936726847909,0.512224304929539,0.5433219230815747,0.5068798470736586,0.5337014675041638,0.507590407027192,0.5160620550149432,0.498472725873724,0.5399692453210204,0.5219635165456602,0.6740396486234695,0.6550031533200833,0.8678728841321487,0.8583676795500595,1.0162519049124095,1.0129939335726157,41.55691933984169,0.21090675105485235,0.5736407405901451,1.5641351113530808,3.254342618629908e+18,5.855267780293005e+17,0.130037624108072,0.023396587264877526,0.6247147650073092,0.5657607719274639,0.022476320416133094,0.01880680118715354,0.08701606483530945,0.0,0.0,0.004032443170039048,0.018719242559674068,0.000609323689096663,6.617899881780802,78.62798293534193,14.146878465567374,21,0.001,25,1.1422231197357178,0.48386292698874644
case,S1,1,17,1,GLUE,hyb,sample,50000,10,1001,5e-20,10.0,1.25,7.07e-06,10100.0,3.16e-11,1,0.0001,0.5353663394533015,0.0036537070232174978,0.5197646537470992,0.013224731954706128,0.49345589440950943,0.5688281583080187,0.555378717777373,0.5496704369240724,0.534986111781439,0.5353663394533015,0.5197646537470992,0.54814679038774,0.5326626030172323,0.5597960592823966,0.5416939960548317,0.649099186669244,0.629573159822975,0.9215843503644215,0.9162012274914761,0.9918843152541295,0.9899436068078634,1.0051232091053437,1.0035599159465254,1.0485781279138915,1.046993650914407,332.10781343476935,0.21090675105485235,0.5736407405901451,12.5,3.254342618629908e+18,5.855267780293005e+17,0.01627171309314954,0.0029276338901465023,0.07976647297043431,0.07871910530355118,0.002911879123213103,0.0026383228557388147,0.014848265009677222,0.0,0.0,0.0018773638324999235,0.002499585063851712,0.0002202579090260807,8.523479773330752,78.62798293534193,14.146878465567374,21,0.001,25,1.0920331478118896,0.48386292698874644
case,S1,1,18,1,GLUE,hyb,sample,50000,10,1001,2e-17,2.6298962070069236,1.25,7.07e-06,10100.0,3.16e-11,5,0.01,0.5627520883577226,0.01021475644534622,0.5383833460536203,0.03769637741895585,0.4452400419206784,0.7102875568060307,0.7870080777075223,0.6880821261253204,0.7604739516386735,0.6145524890523626,0.6714508933004149,0.5664286625288462,0.6151250271219465,0.5627520883577226,0.5383833460536203,0.603843344162478,0.5123041357748213,0.6614214191841776,0.6562503759361356,0.7240079681858577,0.7632335682487812,0.8588317272235949,0.8579319173693598,0.9404997503792419,0.9358930821182991,0.2183522697173657,0.21090675105485235,0.5736407405901451,3.2873702587586546,3.254342618629908e+18,5.855267780293005e+17,24.748829326109906,4.452850849925265,0.05578632589068002,0.011813916302545923,0.725766078174036,0.1514519339530204,0.961064799916545,0.36836,0.13708,0.11002625188144234,0.14679917784968072,0.0018409697778021612,59.76537649238164,78.62798293534193,14.146878465567374,21,0.001,25,0.6310577392578125,0.48386292698874644
case,S1,1,19,1,GLUE,hyb,sample,50000,10,1001,9.866945880104407e-18,2.17357783105959,1.25,7.07e-06,10100.0,3.16e-11,4,0.001,0.5086763743527853,0.008898671896026729,0.4574826380596845,0.01923281431955565,0.3780899201092411,0.6105074977334417,0.591495403531258,0.5966508921039729,0.5742205083566179,0.5465282355027214,0.5102851434478712,0.5086763743527853,0.4574826380596845,0.5134386377982862,0.44171231759163165,0.5530569437896858,0.5103184866719771,0.6247941865871711,0.6320360547727599,0.7143482229280248,0.7637510754919391,0.8412505478212191,0.8422699394230367,0.9174383045751376,0.9131068922020276,0.3657981859711237,0.21090675105485235,0.5736407405901451,2.716972288824487,3.254342618629908e+18,5.855267780293005e+17,14.773072320895524,2.6579959307694208,0.10061704837164134,0.02333449983754321,0.6287271694392451,0.17362353652528145,0.9358786477576061,0.22048,0.02956,0.10864285441438834,0.16978289934049742,0.001996324799073863,54.42143205594102,78.62798293534193,14.146878465567374,21,0.001,25,0.6558051109313965,0.48386292698874644
case,S1,1,20,1,GLUE,hyb,sample,50000,10,1001,7.84678090993415e-18,3.835550241472039,1.25,7.07e-06,10100.0,3.16e-11,3,0.001,0.5125282645490545,0.015396419512033487,0.5198304668370312,0.03216188130378576,0.37138909238995443,0.5679399137896943,0.572517724825158,0.5622713655304544,0.5665052731478857,0.5360186090960518,0.5393215088936729,0.5125282645490545,0.5198304668370312,0.5219647011436239,0.5598555884462504,0.5195807267058835,0.5372760365803451,0.5975076834176218,0.6103858358840343,0.6836696433065284,0.7341032546283981,0.7749771189242809,0.7817972466015226,0.8624909054314385,0.8592380385467008,0.8116807507660936,0.21090675105485235,0.5736407405901451,4.794437801840049,3.254342618629908e+18,5.855267780293005e+17,6.657744502507107,1.1978725488763904,0.09489860017798875,0.027237135972571453,0.459597033458936,0.1881130287316644,0.8675683098988163,0.03128,0.0,0.12616481068220928,0.18324583446983045,0.0020547857924012353,61.400468675993864,78.62798293534193,14.146878465567374,21,0.001,25,0.6537258625030518,0.48386292698874644
case,S1,1,21,1,GLUE,hyb,sample,50000,10,1001,5e-20,10.0,1.25,7.07e-06,10100.0,3.16e-11,5,0.01,0.5145514840164916,0.0034367999042575694,0.49383190585059156,0.004574561991633242,0.49525058899764585,0.6420834480371812,0.6118467966502539,0.5823231608096588,0.5454837386989194,0.5427480266286824,0.5072788897766367,0.5219840811763781,0.4980187317343206,0.5145514840164916,0.49383190585059156,0.6128272751644271,0.5897196987929436,0.7925781317516768,0.7788685234192614,0.9665838361212178,0.9632108554691579,1.0020055207575045,1.0002653957167644,1.0480568236104575,1.046445602032771,332.10781343476935,0.21090675105485235,0.5736407405901451,12.5,3.254342618629908e+18,5.855267780293005e+17,0.01627171309314954,0.0029276338901465023,0.07976647297043431,0.07871910530355118,0.002911879123213103,0.0026383228557388147,0.014848265009677222,0.0,0.0,0.0018773638324999235,0.002499585063851712,0.0002202579090260807,8.523479773330752,78.62798293534193,14.146878465567374,21,0.001,25,1.1286420822143555,0.48386292698874644
case,S1,1,22,1,GLUE,hyb,sample,50000,10,1001,5e-20,1.7304118501396342,1.25,7.07e-06,10100.0,3.16e-11,1,0.001,0.5366302467910244,0.006304512944474891,0.5305653051864471,0.006273284422409524,0.4970304018957389,0.5645383919744235,0.5525306495872058,0.5507998519292899,0.5393060648159992,0.5439647955437417,0.5351040312632293,0.5366302467910244,0.5305653051864471,0.5470958063825504,0.5394557861797012,0.5773651591580606,0.5655371131878193,0.5896459926208678,0.5711128687779691,0.8209759040172651,0.8102782754617672,0.978415907298795,0.975489127078322,1.044139416629268,1.0423509800020736,57.46832958914877,0.21090675105485235,0.5736407405901451,2.1630148126745428,3.254342618629908e+18,5.855267780293005e+17,0.09403375902584409,0.01691871151893845,0.4546259985048494,0.4225808214860042,0.01642908700000738,0.013921280518190046,0.06605431909767806,0.0,0.0,0.0038523912438738627,0.013813112310484809,0.0005223268283011951,7.375442031961673,78.62798293534193,14.146878465567374,21,0.001,25,1.1148278713226318,0.48386292698874644
case,S1,1,23,1,GLUE,hyb,sample,50000,10,1001,5e-20,2.3569061235178275,1.25,7.07e-06,10100.0,3.16e-11,4,0.1,0.5229971052092417,0.0030425480398084035,0.5084779308726988,0.0021753768040672686,0.5065704126359443,0.6035834791516702,0.5847757048966309,0.565516515716848,0.5257233661395371,0.547033713038469,0.5021965353883038,0.5312524974207052,0.500135877902035,0.5240289702315177,0.5086118392236878,0.5229971052092417,0.5084779308726988,0.6107247468148931,0.5911431288492703,0.7565894113515644,0.7412068887629766,0.955703088643515,0.9514109902179397,1.0396988884516658,1.0376728959183146,78.27469391525241,0.21090675105485235,0.5736407405901451,2.9461326543972843,3.254342618629908e+18,5.855267780293005e+17,0.06903844379199545,0.012421512511397054,0.33526354861769436,0.31750778557361914,0.012153819609150492,0.010416257590067679,0.05079369897291872,0.0,0.0,0.003654796405569482,0.010285538729057889,0.0004499742473120316,8.1222346109845,78.62798293534193,14.146878465567374,21,0.001,25,1.1317510604858398,0.48386292698874644
case,S1,1,24,1,GLUE,hyb,sample,50000,10,1001,5e-20,7.962700202674895,1.25,7.07e-06,10100.0,3.16e-11,5,0.01,0.5069247101712921,0.002778570464379483,0.4898469626731723,0.004930170592842587,0.47690441864807653,0.6315552215582799,0.6137169392609501,0.5735252587499305,0.5490086136874581,0.5370333378133727,0.5103303738072016,0.5187956319604023,0.4993584199796578,0.5069247101712921,0.4898469626731723,0.592850372202665,0.5710509226336302,0.7428887328347465,0.7264528366581308,0.9494128713860203,0.9451800961869303,0.9997259877151251,0.9978720651299214,1.047676282814932,1.0460476304661692,264.4474953346954,0.21090675105485235,0.5736407405901451,9.95337525334362,3.254342618629908e+18,5.855267780293005e+17,0.02043491865696942,0.0036766848124748282,0.10010039391859948,0.09845648132942451,0.0036520197125268707,0.003284709935277098,0.01813582282867243,0.0,0.0,0.002197771203409599,0.003131157742320042,0.0002467442337684047,8.907082325062303,78.62798293534193,14.146878465567374,21,0.001,25,1.1333849430084229,0.48386292698874644
case,S1,1,25,1,GLUE,hyb,sample,50000,10,1001,5e-20,6.7113330038809575,1.25,7.07e-06,10100.0,3.16e-11,1,0.0001,0.5262382545142159,0.00754828402911687,0.5228156212405851,0.016101166658480368,0.4887906964086756,0.5534274250080975,0.5571909640834551,0.5363184127818259,0.5372907399609244,0.5262382545142159,0.5228156212405851,0.5359668257902122,0.5255604335046504,0.5604111819290044,0.5456035834402163,0.5838512768830543,0.5635872494754554,0.8512504409060592,0.8426608564121597,0.981668276292714,0.97927487077386,1.0039308442178707,1.0023140708282885,1.0483901723386837,1.0467980251017093,222.8886129151507,0.21090675105485235,0.5736407405901451,8.389166254851197,3.254342618629908e+18,5.855267780293005e+17,0.024245128477070214,0.004362224148993265,0.11868363219366929,0.11637971564224366,0.004327720435689495,0.0038681162805301703,0.02101703384699313,0.0,0.0,0.0024467531184002144,0.003706479609798547,0.00026866710587236713,9.107006644730701,78.62798293534193,14.146878465567374,21,0.001,25,1.1130480766296387,0.48386292698874644
case,S1,1,26,1,GLUE,hyb,sample,50000,10,1001,5.650728344372266e-19,0.1,1.25,7.07e-06,10100.0,3.16e-11,5,0.0001,0.6484625653497271,0.027756367881749677,0.62054017696107,0.046630826585995266,0.4293188241188277,0.7563927011543938,0.7135039337652654,0.683486691887442,0.6443958056540284,0.6484625653497271,0.62054017696107,0.6538473505477767,0.6469445865777477,0.7200787781658683,0.7525898758208884,0.7638529917415571,0.8123710777219015,0.7541690031156362,0.8264337800135013,0.7334127249290343,0.7703412590245071,0.8500124390640454,0.8444361013368231,0.9349030054644833,0.9316455432925871,0.2938628378459617,0.21090675105485235,0.5736407405901451,0.125,3.254342618629908e+18,5.855267780293005e+17,18.389406077390685,3.308652760999136,1.8567288764632022,0.41259644406171486,0.6758891787843654,0.16450621895476433,0.9309129178394553,0.28576,0.05688,0.013728959485460912,0.16439686967506378,0.0019342120399296198,7.097959893766594,78.62798293534193,14.146878465567374,21,0.001,25,1.596634864807129,0.48386292698874644
case,S1,1,27,1,GLUE,hyb,sample,50000,10,1001,1.0719789114117449e-19,0.2926719839947856,1.25,7.07e-06,10100.0,3.16e-11,3,1.0,0.5327545798330138,0.0021891869956461515,0.5431912672340744,0.002712866204387121,0.48207449823313697,0.613998856248905,0.586675272008361,0.5808192541661745,0.5481707959340534,0.5637828007488122,0.5299885478267541,0.5559046706359394,0.529628481760995,0.5481089181677814,0.5346396438935013,0.5430293141264653,0.5474764843417264,0.5327545798330138,0.5431912672340744,0.6027589986630597,0.6043575318758625,0.7310133242541552,0.7235876358921106,0.8334210434299003,0.8241888434482263,4.533608433122909,0.21090675105485235,0.5736407405901451,0.365839979993482,3.254342618629908e+18,5.855267780293005e+17,1.1919783404146707,0.2144627406924808,2.2507364281188864,1.2470175825517351,0.16032110441153316,0.10744269695036279,0.4498162213570542,0.0,0.0,0.009731325778868318,0.10734802942300603,0.001513267445270489,6.430671464771312,78.62798293534193,14.146878465567374,21,0.001,25,1.3440909385681152,0.48386292698874644
case,S1,1,28,1,GLUE,hyb,sample,50000,10,1001,2.1914315051678326e-18,0.2594475061191865,1.25,7.07e-06,10100.0,3.16e-11,4,0.01,0.5486176314659821,0.01108497979775591,0.500382031758198,0.01807174649139388,0.4599874933205679,0.6494853133636738,0.6667512759494654,0.6103417843347817,0.6243864012132432,0.5755373164850983,0.5868039159206226,0.5625093431264875,0.5721803169226379,0.5486176314659821,0.500382031758198,0.70693333782456,0.7923056933005732,0.8012203056667395,0.9773343173961496,0.8105093474239699,0.8656818234521824,0.9195633534871483,0.9152011782621162,0.9527044484051215,0.9482984995480341,0.19659419825614852,0.21090675105485235,0.5736407405901451,0.3243093826489831,3.254342618629908e+18,5.855267780293005e+17,27.487907090537913,4.945670311833194,0.5186085382868384,0.10823804569972853,0.7475742891182561,0.1438019248701206,0.9593015425808,0.41096,0.17548,0.02735710070524588,0.14346528320723714,0.0017951244754933439,15.23966782176901,78.62798293534193,14.146878465567374,21,0.001,25,2.5217559337615967,0.48386292698874644
case,S1,1,29,1,GLUE,hyb,sample,50000,10,1001,2e-17,7.0476073619580815,1.25,7.07e-06,10100.0,3.16e-11,5,0.01,0.5215039589864885,0.006148497795928603,0.45081412960820033,0.018765901773570487,0.3987505218701892,0.6835104574946326,0.6717737235156875,0.6722423969104302,0.658747236353624,0.6149414757009761,0.5891345770486005,0.540349368157888,0.4825961261397646,0.5215039589864885,0.45081412960820033,0.5600349603023189,0.5350866150811221,0.5792973428885327,0.5346195624574264,0.6488930759319984,0.675073970835229,0.7571073640754453,0.7620239706498911,0.881123799470303,0.8775780569832003,0.5851413677316704,0.21090675105485235,0.5736407405901451,8.809509202447602,3.254342618629908e+18,5.855267780293005e+17,9.235311933511953,1.6616328009130743,0.04264814503777643,0.011090399830315182,0.5281948771361413,0.18858721793437627,0.9020799368940309,0.09356,0.00044,0.1500773706041331,0.1819701742785122,0.0020563809050554377,72.9813091704852,78.62798293534193,14.146878465567374,21,0.001,25,0.6087837219238281,0.48386292698874644
case,S1,1,30,1,GLUE,hyb,sample,50000,10,1001,2.476971473134725e-18,3.040723353692967,1.25,7.07e-06,10100.0,3.16e-11,3,0.01,0.48772453035943225,0.007666376555850813,0.45339449206264043,0.014869959759082074,0.39114761467228165,0.5652000110414159,0.5374214769205858,0.5551458501735945,0.5263095794406499,0.5236784729264239,0.493216414417771,0.5014114953802951,0.46938932103038444,0.48772453035943225,0.45339449206264043,0.4942629789277778,0.4777513056861292,0.5878428214940763,0.6300815365186632,0.6215380690675247,0.6611722771278093,0.6986490903006785,0.7057688569152348,0.799482546878614,0.7950274600585655,2.0384731822869955,0.21090675105485235,0.5736407405901451,3.8009041921162092,3.254342618629908e+18,5.855267780293005e+17,2.650985601949891,0.47696977239762106,0.17813180565172032,0.07206144343863932,0.2785783678316059,0.1586497203699361,0.7082062087902783,0.0,0.0,0.08457940834127117,0.15554045437762692,0.001845554629189694,45.828721081210404,78.62798293534193,14.146878465567374,21,0.001,25,1.7327218055725098,0.48386292698874644
case,S1,1,31,1,GLUE,hyb,sample,50000,10,1001,3.342640859290205e-19,0.4729106255123949,1.25,7.07e-06,10100.0,3.16e-11,4,0.001,0.5614306781719106,0.012934911251311305,0.5379915957196423,0.024980061095241774,0.4106852827144364,0.6618383659314915,0.6386265699218627,0.6125200949888315,0.5930163597194682,0.5745025356769855,0.5526637898824136,0.5614306781719106,0.5379915957196423,0.5660070253534983,0.5482994462490874,0.5709421622302193,0.565734164321181,0.5697801392716887,0.5904320483315788,0.5713017622187603,0.5952415483781652,0.6899087979036136,0.6918458024500468,0.8096307396335185,0.8041103099432403,2.3492998560177494,0.21090675105485235,0.5736407405901451,0.5911382818904936,3.254342618629908e+18,5.855267780293005e+17,2.300244067338406,0.41386376766829236,1.1964742319634956,0.5125837759284949,0.2557485943732283,0.14927357344612066,0.6256256642234919,0.0,0.0,0.01979644123494888,0.14904092411571715,0.001798867123274431,11.004949158731598,78.62798293534193,14.146878465567374,21,0.001,25,1.9401018619537354,0.48386292698874644
case,S1,1,32,1,GLUE,hyb,sample,50000,10,1001,2.100363668031692e-18,0.5069865593026415,1.25,7.07e-06,10100.0,3.16e-11,5,0.001,0.544074404459604,0.01762775426102767,0.5089994192051936,0.02271862726130308,0.38077976782229145,0.65381595487389,0.6273493495220712,0.6063304042496436,0.5787206437185535,0.5581772922520986,0.5266251511237524,0.544074404459604,0.5089994192051936,0.5447789851403029,0.48176196384379344,0.5995648933075455,0.5477345571434908,0.7042215605652532,0.7655371642030676,0.722915822897849,0.7854335555819889,0.8285443879034423,0.8277948796052303,0.9138131549415858,0.9096850811684336,0.4008215344169549,0.21090675105485235,0.5736407405901451,0.6337331991283018,3.254342618629908e+18,5.855267780293005e+17,13.482217376530286,2.4257431457828242,0.46061570729246243,0.10895783850436261,0.6129815975110213,0.17536165576217522,0.9204661702485041,0.20376,0.01508,0.04204575502317758,0.17471819005424047,0.0020147237803300744,20.869240455527446,78.62798293534193,14.146878465567374,21,0.001,25,3.119753837585449,0.48386292698874644
case,S1,1,33,1,GLUE,hyb,sample,50000,10,1001,6.462403987456763e-18,1.475921459956245,1.25,7.07e-06,10100.0,3.16e-11,2,0.0001,0.5719097448589257,0.030017571837737882,0.6729310311105071,0.07428947400889578,0.39564692531071044,0.5882415010901113,0.6775023294027083,0.5845105461148211,0.6752930282329628,0.5719097448589257,0.6729310311105071,0.5783174742788448,0.7161898619953845,0.6155495329695753,0.8002257027114972,0.5751572298474028,0.586720933777286,0.7091583426884284,0.7855681236628238,0.769022781504668,0.8253269245452369,0.8599058179904551,0.8605815225669028,0.9172555705409206,0.912869520660017,0.3792435832075102,0.21090675105485235,0.5736407405901451,1.8449018249453062,3.254342618629908e+18,5.855267780293005e+17,14.24931968656915,2.563761479023037,0.15209611127260958,0.03554481600513134,0.6224639918324663,0.1738756597573313,0.9325721835447256,0.2126,0.02392,0.08950692632560941,0.1712448035847944,0.0020046945168976935,44.64866121553684,78.62798293534193,14.146878465567374,21,0.001,25,0.7232589721679688,0.48386292698874644
case,S1,1,34,1,GLUE,hyb,sample,50000,10,1001,1.6580902091943994e-19,0.91068196691566,1.25,7.07e-06,10100.0,3.16e-11,4,1.0,0.5193821672436022,0.0015788295998441094,0.5229819349212689,0.003068471917931856,0.4784729620847939,0.642748291344757,0.6204820160066561,0.590867848798908,0.5685676182971008,0.5562448727515241,0.5289431844376316,0.5406542329106966,0.5139024908589012,0.53269324714423,0.5122785340412783,0.5256925005305805,0.5205367633816265,0.5193821672436022,0.5229819349212689,0.5721060338308568,0.567732162435399,0.6903833983125021,0.6781728719728809,0.8500777757742009,0.8399867841224256,9.120269665960475,0.21090675105485235,0.5736407405901451,1.138352458644575,3.254342618629908e+18,5.855267780293005e+17,0.5925222887183894,0.10660760321846127,0.7938338253463294,0.5516171127044021,0.09059299326590295,0.06848739771019573,0.301758129914926,0.0,0.0,0.012322614050475838,0.06827638660843248,0.0011809446364535938,10.434540003061409,78.62798293534193,14.146878465567374,21,0.001,25,1.6127071380615234,0.48386292698874644
case,S1,1,35,1,GLUE,hyb,sample,50000,10,1001,3.714912537818139e-19,0.9281025849370506,1.25,7.07e-06,10100.0,3.16e-11,5,10.0,0.534740397604771,0.000972610060029723,0.5443110117014897,0.002050811047846276,0.5046074216239771,0.663298214736902,0.6265840508738505,0.6053518982760118,0.5702779879504504,0.5624048459733321,0.5250949059912564,0.5459693040590149,0.5115442845628095,0.5447403315725745,0.5165889281042422,0.548124999032581,0.5286730353487431,0.5391338102301313,0.5410295169882132,0.534740397604771,0.5443110117014897,0.6542501215781364,0.650551386776762,0.792575895001879,0.7840749524450762,4.148551506782343,0.21090675105485235,0.5736407405901451,1.1601282311713133,3.254342618629908e+18,5.855267780293005e+17,1.3026144299688756,0.23436857134460418,0.6983114277304525,0.3743456430145366,0.17113745076421244,0.11467910309573003,0.49383808751868014,0.0,0.0,0.023051075044622053,0.11427582046404706,0.001550816407190908,14.863832325823742,78.62798293534193,14.146878465567374,21,0.001,25,2.163167715072632,0.48386292698874644
case,S1,1,36,1,GLUE,hyb,sample,50000,10,1001,1.888926176139421e-19,2.314559821739577,1.25,7.07e-06,10100.0,3.16e-11,1,0.01,0.5267425818865636,0.003963878847497448,0.5321618826857889,0.006132550080446943,0.5001116190920892,0.5641323750666845,0.5715041248067907,0.5501367542547874,0.5548887516196712,0.5359676687310597,0.5392132061296504,0.5294791934604314,0.5338732165893239,0.5267425818865636,0.5321618826857889,0.5514977704272652,0.5502370799289682,0.5775590412221056,0.5707078226588647,0.6100264427201363,0.5944408780724586,0.8616710611942876,0.8532486331301815,1.0186422211988035,1.0157619852261728,20.34710014535698,0.21090675105485235,0.5736407405901451,2.893199777174471,3.254342618629908e+18,5.855267780293005e+17,0.26558885627920475,0.04778519213294137,0.329874937202255,0.27310454950786534,0.044154683814200124,0.03611633462690175,0.17241397005184314,0.0,0.0,0.012945119611420954,0.035664791191678195,0.0008439253250417893,15.339176615869349,78.62798293534193,14.146878465567374,21,0.001,25,1.693228006362915,0.48386292698874644
case,S1,1,37,1,GLUE,hyb,sample,50000,10,1001,5.405406728000721e-19,9.247441988545345,1.25,7.07e-06,10100.0,3.16e-11,3,0.01,0.508723443310475,0.0047076709552032235,0.5019778813631193,0.012752029746559692,0.43088468722139595,0.6069652215764434,0.5993935848036072,0.5804781248774307,0.5694785976353955,0.541384858406804,0.5254323093368757,0.521488376273022,0.503219204130856,0.508723443310475,0.5019778813631193,0.5166471267761031,0.5171191462158993,0.556371832248184,0.5481126507843452,0.6098125249287407,0.5927336094570678,0.812709660621684,0.8012405990853646,1.002120768931265,0.9983726034670563,28.408109631896146,0.21090675105485235,0.5736407405901451,11.559302485681682,3.254342618629908e+18,5.855267780293005e+17,0.19022607016893242,0.03422579335241694,0.08364750790908215,0.07268401558112768,0.03225315079804441,0.02783053909215478,0.15039297839794924,0.0,0.0,0.019623183776548855,0.026486925905659646,0.0007226529474246748,27.154367593019835,78.62798293534193,14.146878465567374,21,0.001,25,2.0145978927612305,0.48386292698874644
case,S1,1,38,1,GLUE,hyb,sample,50000,10,1001,2.1945733405940908e-18,0.18182150348138115,1.25,7.07e-06,10100.0,3.16e-11,3,0.001,0.5553021504166702,0.021287984026481434,0.6078006478745136,0.030218346402028192,0.4712701294712027,0.6340226859432249,0.7031191421395653,0.6031486169182813,0.673684673977003,0.5741946200214739,0.6465643623274161,0.5553021504166702,0.6078006478745136,0.5855055002329534,0.5696188511611073,0.8154499113132119,1.0067133166415654,0.8596951579804782,1.061906799415381,0.8661055483009324,0.8922810983904933,0.948186155382037,0.9434607352492923,0.9653969267127227,0.9611431888204377,0.13757649571254976,0.21090675105485235,0.5736407405901451,0.22727687935172644,3.254342618629908e+18,5.855267780293005e+17,39.27969692944323,7.067268901990139,0.5454038622827698,0.10923417882032012,0.8029014396721819,0.12484173634809612,0.971111061727504,0.50964,0.27368,0.021036057253965488,0.12460788119817329,0.001641586392733987,12.814468581778932,78.62798293534193,14.146878465567374,21,0.001,25,2.1309878826141357,0.48386292698874644
case,S1,1,39,1,GLUE,hyb,sample,50000,10,1001,1.7835858484376047e-18,0.28079722804611496,1.25,7.07e-06,10100.0,3.16e-11,2,0.001,0.5350455248343855,0.017023856290224463,0.5356174815049756,0.020323149954322838,0.47049791030132704,0.5875741809523426,0.6056294176355355,0.5725182064296686,0.5903193453864803,0.5497717600017105,0.5657182366398508,0.5350455248343855,0.5356174815049756,0.5606001630486486,0.5458883390855644,0.7490476083277018,0.8797698723275056,0.8134696178211662,0.9688657776685152,0.8150791699701158,0.868573055500552,0.9033026554495747,0.9009754201576451,0.9395958444684622,0.9352707206322822,0.2614254691094054,0.21090675105485235,0.5736407405901451,0.3509965350576437,3.254342618629908e+18,5.855267780293005e+17,20.67114223649826,3.71918655480038,0.6037123009443792,0.13146658087943394,0.6971967759963259,0.15826042806594717,0.9451741893483756,0.32192,0.09076,0.028318250211148775,0.1579224530546033,0.0018995452851750696,14.90791003097294,78.62798293534193,14.146878465567374,21,0.001,25,2.42802095413208,0.48386292698874644
case,S1,1,40,1,GLUE,hyb,sample,50000,10,1001,1.1187643196416939e-18,0.6699496907234742,1.25,7.07e-06,10100.0,3.16e-11,3,0.01,0.515627710880311,0.013858339732810582,0.4713268605689461,0.01069793088578317,0.4170050503784373,0.5822545302742176,0.5376702154034877,0.5645687506694983,0.5143183673256222,0.5355985571037387,0.47707422191716004,0.5213580575618982,0.46152817224095777,0.515627710880311,0.4713268605689461,0.581305775790328,0.6021761289353653,0.653319309001706,0.7191805063832716,0.6729262732663722,0.7271508418613606,0.7611766272323759,0.7691953880615261,0.8506266902363653,0.8475927554013986,0.9943806885472158,0.21090675105485235,0.5736407405901451,0.8374371134043428,3.254342618629908e+18,5.855267780293005e+17,5.4345012110995015,0.9777845658030553,0.6037662220666152,0.18558074296368424,0.4199947825604985,0.18378883596682374,0.8129745034635637,0.00464,0.0,0.03972865158005655,0.18317550689880854,0.0020384307878046843,19.489821198610752,78.62798293534193,14.146878465567374,21,0.001,25,2.7352986335754395,0.48386292698874644
case,S1,1,41,1,GLUE,hyb,sample,50000,10,1001,1.922977674958894e-17,1.4508654902167817,1.25,7.07e-06,10100.0,3.16e-11,5,0.01,0.615919374339674,0.02176023835515155,0.7463352375934689,0.09502741248403641,0.4741004387508559,0.8682171265402887,1.1927485095982857,0.8342133610528378,1.154788314127926,0.7385467872947101,1.0585745773061566,0.6817624458372143,1.017636192490476,0.615919374339674,0.7463352375934689,0.6450897687888226,0.5807178464577922,0.7075682910869884,0.7609813071130993,0.7724490655579117,0.8094269255948652,0.9150448578191732,0.9108655382402967,0.9640100777515033,0.9593566470121397,0.12528584492125217,0.21090675105485235,0.5736407405901451,1.813581862770977,3.254342618629908e+18,5.855267780293005e+17,43.133069498796424,7.760574152692278,0.06294051123330313,0.012493919460615597,0.8135223513516586,0.11964089011746853,0.9772786856370713,0.57336,0.29636,0.07881173831275791,0.1165332142016825,0.0016066259917960164,49.05419102840219,78.62798293534193,14.146878465567374,21,0.001,25,0.5929269790649414,0.48386292698874644
case,S1,1,42,1,GLUE,hyb,sample,50000,10,1001,1.3235426025546126e-19,0.17119817732184275,1.25,7.07e-06,10100.0,3.16e-11,5,10.0,0.5458824326485539,0.00171836180516576,0.5455665100689266,0.0031462724756795885,0.47597628509356393,0.6817369003397034,0.6597452668362406,0.6182563057777247,0.601255830355473,0.5870499222836354,0.5669740061721311,0.5774145885243029,0.5563085663657703,0.5780312728309345,0.5566302294651144,0.576639883468537,0.5576804905834297,0.5664204123178378,0.559018535189354,0.5458824326485539,0.5455665100689266,0.6865553960343216,0.6822473209370588,0.8508688883064401,0.8454067694580549,2.14788145937407,0.21090675105485235,0.5736407405901451,0.21399772165230344,3.254342618629908e+18,5.855267780293005e+17,2.5159503252002606,0.45267399909370465,3.216789830088911,1.3290708100243296,0.2724310721111297,0.15143112675322765,0.6292463092910812,0.0,0.0,0.011832914513606838,0.1513329102916025,0.0018407591206570425,6.428279713960175,78.62798293534193,14.146878465567374,21,0.001,25,1.354004144668579,0.48386292698874644
case,S1,1,43,1,GLUE,hyb,sample,50000,10,1001,2.8221143775998975e-18,0.4975103574671126,1.25,7.07e-06,10100.0,3.16e-11,5,0.001,0.5764796907914875,0.01089529733586852,0.5913296550882476,0.04116409436235858,0.3894338384849348,0.6783749538543692,0.6701611690814447,0.6300614793533595,0.6247336940259591,0.5824030388097967,0.5891113883281129,0.5764796907914875,0.5913296550882476,0.5841582198604134,0.5554307118287001,0.6019817643924302,0.5343694586430203,0.723245633893517,0.8104489480625834,0.7508562988654709,0.8162821754775287,0.8669406042548375,0.8634469843046035,0.9325947867054436,0.9280541914073291,0.29273632261508953,0.21090675105485235,0.5736407405901451,0.6218879468338907,3.254342618629908e+18,5.855267780293005e+17,18.46017264932755,3.3213852012225984,0.37210446396004604,0.08263065044910461,0.6755698544115326,0.1628336321792606,0.9427041663812447,0.2876,0.06272,0.043673907208301915,0.16211642286554218,0.0019367455470731142,22.550152380266802,78.62798293534193,14.146878465567374,21,0.001,25,3.195183038711548,0.48386292698874644
case,S1,1,44,1,GLUE,hyb,sample,50000,10,1001,3.0430056247888137e-18,0.37651563705519053,1.25,7.07e-06,10100.0,3.16e-11,5,0.0001,0.6065544896379681,0.03375935930395736,0.634032083779654,0.04557474195536397,0.34222696377984574,0.702193788109874,0.7203490783958334,0.6513788174074855,0.6710566547667141,0.6065544896379681,0.634032083779654,0.6089709855708703,0.637247652122994,0.6135340629789342,0.5797065887096327,0.6371020408141466,0.6016514101656887,0.7608626499603603,0.8991474343361558,0.7854558714681725,0.8446539173922384,0.9038304554468105,0.898030435414271,0.9500257629333178,0.9453686239768778,0.20546098227320342,0.21090675105485235,0.5736407405901451,0.47064454631898817,3.254342618629908e+18,5.855267780293005e+17,26.301651030841953,4.732237133477827,0.3706660595987738,0.0778248080510489,0.7400139473140505,0.14552717188979994,0.959379237267584,0.39652,0.15984,0.036467731058565045,0.14496955424271812,0.0018136460606073721,20.10741337609851,78.62798293534193,14.146878465567374,21,0.001,25,2.9213759899139404,0.48386292698874644
case,S1,1,45,1,GLUE,hyb,sample,50000,10,1001,2.3378488011786128e-18,0.22535966842511795,1.25,7.07e-06,10100.0,3.16e-11,4,0.01,0.5590769082947208,0.010147369275456892,0.5118602411190257,0.016855111557599008,0.47481300367079626,0.667508668966371,0.7075939384053305,0.6260053652243226,0.6629657721602004,0.5913134855878691,0.6271995186972574,0.5784651569757198,0.6087786565964672,0.5590769082947208,0.5118602411190257,0.7377296530542259,0.8577390197520283,0.8215254457477517,1.0189903519603973,0.8327534660971759,0.8759378603402498,0.9350516531701217,0.9299914908562119,0.9605073939902411,0.9561389471052474,0.16006960475655768,0.21090675105485235,0.5736407405901451,0.28169958553139746,3.254342618629908e+18,5.855267780293005e+17,33.760082461766764,6.074170616418981,0.5018087871802304,0.10212521737357239,0.7805514604866683,0.13282444012738945,0.96686695711625,0.46112,0.23316,0.024773030270957983,0.13252648103472944,0.0017092167459240879,14.49379098937183,78.62798293534193,14.146878465567374,21,0.001,25,2.268068790435791,0.48386292698874644
case,S1,1,46,1,GLUE,hyb,sample,50000,10,1001,1.8718058027594378e-18,0.2690780778088909,1.25,7.07e-06,10100.0,3.16e-11,3,0.001,0.5284300627543835,0.01738881761243651,0.5545334054437085,0.0318768778795756,0.4341804067265844,0.6084976417793349,0.6405794964733517,0.5804288627107302,0.6151458589521168,0.545718424110577,0.584146615094086,0.5284300627543835,0.5545334054437085,0.5288654090369828,0.5031939048945262,0.7169347343377027,0.8272164124437154,0.8039099514799709,0.970658247728766,0.8091342357024599,0.8668460063320171,0.9095110682448457,0.9066668785772463,0.944101487362021,0.9397940438866066,0.2387078080765687,0.21090675105485235,0.5736407405901451,0.33634759726111363,3.254342618629908e+18,5.855267780293005e+17,22.63840089583667,4.073139029797499,0.5860503181508203,0.12577478297018857,0.7138202396423834,0.15385452596265684,0.9499968888282395,0.35024,0.11616,0.027673601673911204,0.15352459567848473,0.0018682979752947613,14.812199145880433,78.62798293534193,14.146878465567374,21,0.001,25,2.355015993118286,0.48386292698874644
case,S1,1,47,1,GLUE,hyb,sample,50000,10,1001,5.918993019360831e-20,1.5499405203253713,1.25,7.07e-06,10100.0,3.16e-11,4,0.1,0.5148176112607615,0.0038791778121934715,0.5038275575659181,0.0030833858628928094,0.469029932375444,0.6145556914535586,0.5839604105715118,0.5710339468399679,0.5283141542380048,0.5501221043672333,0.5034186642694245,0.5351732253821826,0.5002309054388057,0.5272659585303561,0.5099874069340478,0.5148176112607615,0.5038275575659181,0.5730136137556249,0.5570646943439638,0.6689939018058666,0.649740845555439,0.8836505628103778,0.8752574035045709,1.0225843437340711,1.0196929531896068,43.482679864251075,0.21090675105485235,0.5736407405901451,1.9374256504067142,3.254342618629908e+18,5.855267780293005e+17,0.12427851901204058,0.02236039942408064,0.5048599683985414,0.45909339208822314,0.021518309033389547,0.01807460262494945,0.08483238731855723,0.0,0.0,0.004603701232937269,0.017956269354643315,0.0005963406621258423,7.71991837102964,78.62798293534193,14.146878465567374,21,0.001,25,1.201157808303833,0.48386292698874644
case,S1,1,48,1,GLUE,hyb,sample,50000,10,1001,7.014917022705379e-20,0.6248442506543453,1.25,7.07e-06,10100.0,3.16e-11,5,1.0,0.5055855736972534,0.003179627752301512,0.49236146751361326,0.0053482820683398635,0.44920864921518067,0.6417932490464843,0.62784763465643,0.5875077611099946,0.5606414356451901,0.5582465236886887,0.5271420878619407,0.5444927050878166,0.5142755709902345,0.5392223989053686,0.511605999218884,0.5277856253075919,0.5086325731191969,0.5055855736972534,0.49236146751361326,0.5874576870454641,0.5726644369579923,0.7406695206382506,0.7259857011751115,0.9146490751304015,0.9064720253945022,14.791027260224878,0.21090675105485235,0.5736407405901451,0.7810553133179317,3.254342618629908e+18,5.855267780293005e+17,0.36535414079965944,0.06573512932456729,1.2013482702585727,0.9377193915550798,0.05914566400795255,0.046596736060191796,0.20457685176948473,0.0,0.0,0.006107191909324666,0.04651435475803916,0.0009707212693496415,6.291395998169824,78.62798293534193,14.146878465567374,21,0.001,25,1.1590051651000977,0.48386292698874644
case,S1,1,49,1,GLUE,hyb,sample,50000,10,1001,1.7718685952693203e-17,1.3970542224412954,1.25,7.07e-06,10100.0,3.16e-11,5,0.01,0.5998900756174451,0.016965907037734533,0.6855933204398946,0.08019154891307072,0.47109709735618893,0.7783567881719933,1.0371965509865135,0.7494370492827024,1.0034836449559086,0.6714381552292904,0.9134053051488596,0.6295719289521313,0.8683201761880219,0.5998900756174451,0.6855933204398946,0.6384515704431497,0.5714204472182284,0.7034235693332132,0.754720783529808,0.7698049940507381,0.8067050219103346,0.9134643665917871,0.9091296511361353,0.9628729377574562,0.9581767933097239,0.1309274921129994,0.21090675105485235,0.5736407405901451,1.7463177780516193,3.254342618629908e+18,5.855267780293005e+17,41.2744716101322,7.426172105663872,0.06795890918006411,0.013545609041442253,0.8075625851605335,0.12195120467835718,0.9762710341392118,0.55372,0.28328,0.07868935116112875,0.11893213867297346,0.0016265930687806658,48.37678991225275,78.62798293534193,14.146878465567374,21,0.001,25,0.5840640068054199,0.48386292698874644
case,S1,1,50,1,GLUE,hyb,sample,50000,10,1001,3.3944493976178903e-18,0.8972435652595088,1.25,7.07e-06,10100.0,3.16e-11,3,0.1,0.5320995298339406,0.005992356642501591,0.5234974574195849,0.005847688855397188,0.5128924262297002,0.6011798068789399,0.671041951365462,0.5887737720811355,0.6600304091301603,0.5573614731988713,0.6376423206675781,0.5465354249942826,0.6469480978155201,0.5463709810322664,0.649460229827421,0.5320995298339406,0.5234974574195849,0.6999245425469611,0.7873469645566115,0.7499181016997285,0.8187559495406542,0.8481131727516905,0.8503716163998065,0.9090364152349851,0.9050049927395142,0.4389247911397142,0.21090675105485235,0.5736407405901451,1.121554456574386,3.254342618629908e+18,5.855267780293005e+17,12.311820077812976,2.21516330228108,0.27731706706047704,0.06697954538877397,0.5934694369946407,0.17806732463584027,0.9185748389790782,0.17392,0.01028,0.06372158738569765,0.17669958545589376,0.002031901947025951,31.360562195909843,78.62798293534193,14.146878465567374,21,0.001,25,2.1134440898895264,0.48386292698874644
case,S1,1,51,1,GLUE,hyb,sample,50000,10,1001,7.177434903598007e-19,0.12394177794621186,1.25,7.07e-06,10100.0,3.16e-11,4,0.0001,0.6392782302390576,0.027139987885358045,0.5978337696961016,0.04421880482350023,0.438990006060412,0.7211607553736886,0.677996811796173,0.669273779228852,0.6250720189820109,0.6392782302390576,0.5978337696961016,0.6446259935812384,0.6219694058182,0.7110702069305944,0.7406212479790413,0.7674894361396954,0.8393224330054571,0.7670383249262105,0.8773100505148914,0.7568441151993769,0.8088724124426852,0.8803852077841103,0.8777033887987583,0.9374575250049952,0.9340548314406714,0.28674612462385307,0.21090675105485235,0.5736407405901451,0.15492722243276483,3.254342618629908e+18,5.855267780293005e+17,18.845810255648946,3.390769765657723,1.4700482862664803,0.3252396090786241,0.6801638840664872,0.16354231179104106,0.9337479109812198,0.2912,0.06428,0.015569089861372041,0.16341156962140144,0.0019270797629165985,8.079110248041067,78.62798293534193,14.146878465567374,21,0.001,25,1.6141371726989746,0.48386292698874644
case,S1,1,52,1,GLUE,hyb,sample,50000,10,1001,2.7292277091213e-19,4.75437946105028,1.25,7.07e-06,10100.0,3.16e-11,4,0.1,0.516234238260379,0.0017033205992758676,0.5097760272345133,0.0036455256781824674,0.460387064717431,0.6336777545036324,0.5980283539721438,0.5924355375271012,0.5549797149049338,0.5547599323261119,0.5177461927966257,0.5346094786320971,0.5003321317266127,0.5169072996686275,0.4950099409477935,0.516234238260379,0.5097760272345133,0.5348880785979914,0.5255022839676284,0.6205193885620612,0.6034114573630983,0.7985022021250425,0.7860970600800684,0.9937018266885396,0.9895064113677787,28.926984761505086,0.21090675105485235,0.5736407405901451,5.94297432631285,3.254342618629908e+18,5.855267780293005e+17,0.1868139075246856,0.03361187133088163,0.1627940985459577,0.14177952564666202,0.0317343526765726,0.02691789273298877,0.13819496367658063,0.0,0.0,0.014993514552082607,0.026093755403254155,0.0007185306524593792,20.866910132174546,78.62798293534193,14.146878465567374,21,0.001,25,1.8503501415252686,0.48386292698874644
case,S1,1,53,1,GLUE,hyb,sample,50000,10,1001,1.2231997976107078e-18,0.2679939915755299,1.25,7.07e-06,10100.0,3.16e-11,4,0.001,0.5460221334484563,0.0191880394780593,0.47942402822800334,0.025045002075157488,0.4155403885349866,0.6357123152828407,0.5956524679826611,0.5942960800809368,0.5398429435464063,0.5579982243758222,0.49039263454606774,0.5460221334484563,0.47942402822800334,0.5751338622330074,0.5353366901744969,0.6973689469566968,0.747679287534975,0.742605085407796,0.8490131081308915,0.7459461530015017,0.8128097745259127,0.8572642772518654,0.8570863493781715,0.9223240575029339,0.9184899221701885,0.3638117776411333,0.21090675105485235,0.5736407405901451,0.33499248946941235,3.254342618629908e+18,5.855267780293005e+17,14.853733134319556,2.6725085595034166,0.812834471006189,0.18829265807228332,0.633052615130272,0.17253276936124326,0.9218913202121124,0.23416,0.0226,0.026000286428268196,0.17225109552364273,0.001992687404978383,13.047850035741183,78.62798293534193,14.146878465567374,21,0.001,25,2.18385910987854,0.48386292698874644
case,S1,1,54,1,GLUE,hyb,sample,50000,10,1001,2.6480368987504032e-18,2.6895800339930584,1.25,7.07e-06,10100.0,3.16e-11,4,0.1,0.4941894403425858,0.0035379847404592908,0.44774821247024715,0.006208131870865383,0.4191286395750036,0.6033914851832224,0.5522861923324216,0.5850864340783328,0.5323242907644944,0.5390927027370943,0.48447046126836774,0.5108566357361737,0.4592500564568377,0.5003130376187505,0.45118242963962335,0.4941894403425858,0.44774821247024715,0.5694474944461894,0.592934356528062,0.613413802646699,0.6554910122847823,0.7004791127536822,0.7090580017684016,0.8121252586846905,0.8084364167490307,1.686590063319659,0.21090675105485235,0.5736407405901451,3.361975042491323,3.254342618629908e+18,5.855267780293005e+17,3.2040761852748973,0.576482757096503,0.1886758389979019,0.070751383598311,0.31302924037287255,0.16776515005322992,0.7459391367135693,0.0,0.0,0.08626587986424375,0.16479143529336043,0.0019104416551718887,45.154940812093066,78.62798293534193,14.146878465567374,21,0.001,25,1.500959873199463,0.48386292698874644
case,S1,1,55,1,GLUE,hyb,sample,50000,10,1001,2.731532208319588e-18,1.246671318597826,1.25,7.07e-06,10100.0,3.16e-11,5,0.001,0.5269674094836422,0.00886602293706501,0.4888016075068119,0.020871538245176305,0.35152258799007025,0.6227545143182465,0.6071913326406441,0.5924321698726561,0.5706804605058806,0.5431851712881721,0.5090413404698029,0.5269674094836422,0.4888016075068119,0.5321895974841997,0.48381154990221126,0.5366455678015271,0.4544772777002679,0.6147815614507834,0.6162371015717775,0.6612007889976252,0.7089571088236044,0.7524954403305386,0.7587204523680814,0.8687619592520491,0.8655632606861404,0.7578700416387757,0.21090675105485235,0.5736407405901451,1.5583391482472826,3.254342618629908e+18,5.855267780293005e+17,7.13046137107963,1.2829245601154216,0.28109068806916493,0.07892649704916169,0.4767457042596869,0.18635829285538477,0.8652091091988539,0.0364,0.0,0.0707160460553876,0.18467727286437668,0.0020638730158830916,34.26375824053766,78.62798293534193,14.146878465567374,21,0.001,25,1.9607329368591309,0.48386292698874644
case,S1,1,56,1,GLUE,hyb,sample,50000,10,1001,8.183709130121258e-19,3.06120015352746,1.25,7.07e-06,10100.0,3.16e-11,5,1.0,0.5261349201193012,0.0010200707688084918,0.5299506061975447,0.0014626457050341728,0.45919553741843966,0.6540552814954521,0.6139140835020002,0.6136430419727006,0.5609345138511129,0.5660054880283868,0.5015282194522745,0.5377095478121533,0.4778603422406067,0.5272265032140239,0.4838759408141559,0.5288286748444628,0.5064107911466035,0.5261349201193012,0.5299506061975447,0.5316597584784875,0.538932932167426,0.654699720178659,0.6479728897195747,0.7945104502443303,0.784211075183787,6.211416323023209,0.21090675105485235,0.5736407405901451,3.826500191909325,3.254342618629908e+18,5.855267780293005e+17,0.8700049674940472,0.15653275182830628,0.22596455698890958,0.13975118539939368,0.12452024284482299,0.09083773371146901,0.42464899302131026,0.0,0.0,0.042745430688865174,0.08911820904168957,0.001356578451219474,31.509737347250258,78.62798293534193,14.146878465567374,21,0.001,25,1.9847447872161865,0.48386292698874644
case,S1,1,57,1,GLUE,hyb,sample,50000,10,1001,1.3570317673398926e-17,0.5744672052756595,1.25,7.07e-06,10100.0,3.16e-11,3,0.001,0.5986247669492332,0.02830712510663383,0.7871034976344717,0.1568645387617338,0.4945180098217013,0.684601666753591,0.9050832110589375,0.6669082765137351,0.8906740824494559,0.6207653527058228,0.8381067802791018,0.5986247669492332,0.7871034976344717,0.6287835178307617,0.6632427324024153,0.697868947094891,0.8022375265921042,0.7879022557528221,0.9022613129664062,0.8915042315810016,0.8936596141688155,0.9677795323911716,0.9631758319005316,0.9804876244096157,0.9761712223560582,0.0702949820430757,0.21090675105485235,0.5736407405901451,0.7180840065945744,3.254342618629908e+18,5.855267780293005e+17,76.87551656094504,13.831571778456079,0.09389394099510709,0.017882317664515417,0.8817690355133546,0.08703091789310576,0.9870789795333996,0.88588,0.4638,0.043954283363168076,0.08570048277684379,0.0013306575538595139,33.0320022876514,78.62798293534193,14.146878465567374,21,0.001,25,2.1897077560424805,0.48386292698874644
case,S1,1,58,1,GLUE,hyb,sample,50000,10,1001,8.451926511504987e-19,0.7987759040157881,1.25,7.07e-06,10100.0,3.16e-11,5,0.001,0.52576564744482,0.015082279519554032,0.4673480775134243,0.015507961362430964,0.36826860961137914,0.6583328415899616,0.6163083800898201,0.6046039774403453,0.5545859750260407,0.5494556447095879,0.49222575037247324,0.52576564744482,0.4673480775134243,0.5296537796890156,0.4826656738361238,0.5751901114637639,0.5523547573805675,0.5921076646568012,0.5992807103510309,0.5962248940592797,0.6247412974475378,0.6759486852838852,0.6819396743355136,0.819748052142763,0.8160244508183409,1.5693446845873469,0.21090675105485235,0.5736407405901451,0.9984698800197351,3.254342618629908e+18,5.855267780293005e+17,3.443451976660406,0.6195516506622268,0.6184010645327715,0.22539513650557258,0.3281030203132712,0.1699796998009759,0.7295685761474795,0.0,0.0,0.03709954985104575,0.16936684127111445,0.0019370180008059313,19.152919505967322,78.62798293534193,14.146878465567374,21,0.001,25,2.4153220653533936,0.48386292698874644
case,S1,1,59,1,GLUE,hyb,sample,50000,10,1001,6.467131445278208e-18,0.10368858417185178,1.25,7.07e-06,10100.0,3.16e-11,3,0.01,0.7286479178660001,0.003976488126413016,0.9551259608780945,0.01754200852661567,0.6974119388702598,1.1241870172506057,1.3107970814699863,1.1038877797949898,1.2960838840307551,1.0964599827716177,1.2716409060308156,0.9301989178525595,0.9156839765303573,0.7286479178660001,0.9551259608780945,0.9053407877720948,1.2303551164232454,0.9124122986697657,0.9318108120981986,0.9791656616589158,0.9744096633726516,0.9912582675197319,0.9880285930521288,0.9928834771504386,0.9899003500451492,0.0266236965019499,0.21090675105485235,0.5736407405901451,0.12961073021481473,3.254342618629908e+18,5.855267780293005e+17,202.97568580711615,36.51972556563934,0.20563611460381864,0.037825148403302825,0.9492758149041972,0.04565142807750204,0.9949245901747408,0.9754,0.95512,0.011636663319827227,0.04547074122092189,0.0009001645696722297,12.927262093935113,78.62798293534193,14.146878465567374,21,0.001,25,1.6444952487945557,0.48386292698874644
case,S1,1,60,1,GLUE,hyb,sample,50000,10,1001,3.761737870527585e-18,1.2738906296309511,1.25,7.07e-06,10100.0,3.16e-11,2,0.1,0.5318210319456419,0.004815981529048757,0.5289888061052235,0.004904791338927534,0.527609302616584,0.5554008259657273,0.6509385273212904,0.5508309048428662,0.6465527033417185,0.5378920655247807,0.6363372469964153,0.5357763186640373,0.6507820809583359,0.5347004425152369,0.6568697507522859,0.5318210319456419,0.5289888061052235,0.6991588292881796,0.7776169938981294,0.7449271504428812,0.8065364968727782,0.822762232214903,0.8274163482270115,0.8915879634773937,0.8879392670644279,0.5623318877113056,0.21090675105485235,0.5736407405901451,1.592363287038689,3.254342618629908e+18,5.855267780293005e+17,9.609917513655441,1.7290324647092474,0.23011723221923144,0.05918965878924681,0.5405117306400641,0.18400605752955992,0.8994212723743212,0.10184,0.0,0.07735704908060655,0.18206152733087777,0.00206048992159372,37.54303686221064,78.62798293534193,14.146878465567374,21,0.001,25,1.4289517402648926,0.48386292698874644
case,S1,1,61,1,GLUE,hyb,sample,50000,10,1001,6.110185026596192e-19,0.7121430410794872,1.25,7.07e-06,10100.0,3.16e-11,2,0.01,0.5373659677520737,0.009878364843713837,0.5492003279505353,0.011599145744696083,0.46535083306954317,0.5892451371743002,0.5733925076912586,0.5729881632720513,0.5565430163881259,0.5497655233544334,0.5322383015258948,0.5390570494068485,0.5270185503810729,0.5373659677520737,0.5492003279505353,0.5856247823230613,0.6302457467425611,0.613767937589202,0.6640348275700211,0.6470514595121163,0.6788583878644616,0.7114217667953396,0.7168528129639692,0.8105745687163319,0.8057659678047532,1.9353609358491684,0.21090675105485235,0.5736407405901451,0.890178801349359,3.254342618629908e+18,5.855267780293005e+17,2.792224931331856,0.5023817892487717,0.7477259297331144,0.29622974388958573,0.28926513447599217,0.16012136778115288,0.6800653748488553,0.0,0.0,0.030240217257237485,0.15966581906818528,0.0018697895357003246,16.17305941650331,78.62798293534193,14.146878465567374,21,0.001,25,2.2120540142059326,0.48386292698874644
case,S1,1,62,1,GLUE,hyb,sample,50000,10,1001,3.018980818005432e-18,3.7422744998250157,1.25,7.07e-06,10100.0,3.16e-11,4,0.1,0.4945796223607357,0.0023960244459848624,0.44268888876863083,0.005225556120654377,0.416585766068032,0.6236940135183209,0.5701412744778561,0.6063020868201436,0.5528122103271944,0.5572816756554485,0.5035342330526819,0.5241222575189683,0.4687671690441528,0.508033610883036,0.4508736851206338,0.4945796223607357,0.44268888876863083,0.5600957342713061,0.5813494895058802,0.5997351040098867,0.6379084166598472,0.6874634243598604,0.6947592943733227,0.8002561926389914,0.795837961894516,2.058374458686847,0.21090675105485235,0.5736407405901451,4.67784312478127,3.254342618629908e+18,5.855267780293005e+17,2.625354698411529,0.4723582172771233,0.1451913897267747,0.05896629530781313,0.27656055704779675,0.1584790525370189,0.7107301459515403,0.0,0.0,0.09307429149298722,0.15477539207405716,0.001840444533671473,50.57163624883322,78.62798293534193,14.146878465567374,21,0.001,25,1.136950969696045,0.48386292698874644
case,S1,1,63,1,GLUE,hyb,sample,50000,10,1001,1.8835599154368222e-17,0.10542732198004921,1.25,7.07e-06,10100.0,3.16e-11,3,0.001,0.7691135516503801,0.01141873793755458,1.1465689489406974,0.07426730592799687,0.6829519607419229,0.9265504885026825,1.5730801118256281,0.8742408788060919,1.5381708593237784,0.8005127971517414,1.403219561444062,0.7691135516503801,1.1465689489406974,0.7832572302171499,1.0783327011984543,0.8498416591077106,0.8999703013829761,0.9575593559101663,0.9539744424624604,0.9928126625436473,0.9902638562026747,0.9970989018226835,0.9948069570934418,0.997823673819077,0.9955763204182692,0.009294431542135868,0.21090675105485235,0.5736407405901451,0.1317841524750615,3.254342618629908e+18,5.855267780293005e+17,581.4194264280917,104.60995762745158,0.07185085554077168,0.013028696270820409,0.9809782831054394,0.0186817656342062,0.9982778665989112,1.0,0.98188,0.008360593534765107,0.018439547526902092,0.0005591991740764476,14.951011951283993,78.62798293534193,14.146878465567374,21,0.001,25,1.6505820751190186,0.48386292698874644
case,S1,1,64,1,GLUE,hyb,sample,50000,10,1001,3.215436643366908e-19,0.10442459201165616,1.25,7.07e-06,10100.0,3.16e-11,1,0.0001,0.6954352029385241,0.00764660594510179,0.7637985312561105,0.012638943102071963,0.6126432942499228,0.7164545335473856,0.7841710057815355,0.7035942550051917,0.7700924439876975,0.6954352029385241,0.7637985312561105,0.6999085948148892,0.7780266847569779,0.7198011632675596,0.810738466964587,0.7225476315846328,0.8128498468696067,0.7494398645181298,0.8118909468288313,0.7907565816459956,0.817655662257762,0.8546995074458297,0.855773969616817,0.9114672075221781,0.9088394864498056,0.539277037122633,0.21090675105485235,0.5736407405901451,0.1305307400145702,3.254342618629908e+18,5.855267780293005e+17,10.02075498159015,1.8029510304793144,2.733201745785006,0.6951457193861466,0.5531557548320424,0.18233622933616192,0.87593723921589,0.11332,0.0,0.013824090382884662,0.18222862524339692,0.0020572480861740065,6.719700203291569,78.62798293534193,14.146878465567374,21,0.001,25,1.3285341262817383,0.48386292698874644
case,S1,1,65,1,GLUE,hyb,sample,50000,10,1001,1.0710111364930451e-19,0.22729227951335312,1.25,7.07e-06,10100.0,3.16e-11,3,1.0,0.540387758778411,0.0023295488367732066,0.5516405476865867,0.002699993481038656,0.4792940731112106,0.6235737678786846,0.5945871500664023,0.5890242005747472,0.5554886600670815,0.5714207375357737,0.5374612902058191,0.5632730441232712,0.5368122736703571,0.5559582460635262,0.5411621615806494,0.5501928866807538,0.553755887341208,0.540387758778411,0.5516405476865867,0.5998876827127174,0.6041274467621743,0.7470042303145071,0.7413421636617173,0.8378932996437353,0.8298971598955639,3.5240316084367023,0.21090675105485235,0.5736407405901451,0.2841153493916914,3.254342618629908e+18,5.855267780293005e+17,1.5334604386823465,0.2759027721165647,2.7585935839830524,1.3892844534716882,0.19375364962177347,0.12257363172051315,0.5092142886908864,0.0,0.0,0.010192071520494856,0.12248224931095694,0.001631922210309608,6.24543955349515,78.62798293534193,14.146878465567374,21,0.001,25,1.1880829334259033,0.48386292698874644
case,S1,1,66,1,GLUE,hyb,sample,50000,10,1001,4.91540634169387e-19,0.2818000997050564,1.25,7.07e-06,10100.0,3.16e-11,5,0.001,0.5736052248167973,0.019387870450768178,0.5432347076058843,0.033895452224957705,0.4103282200758202,0.6905309098819441,0.6549446474753665,0.6271940128990248,0.5855144198359489,0.5852215026293968,0.545573441038343,0.5736052248167973,0.5432347076058843,0.5993987872260527,0.5848528341566916,0.6421163933493044,0.636541103323259,0.6400365584039933,0.6545189601695344,0.6313675809827484,0.6607892033053987,0.7140962211013637,0.7169094464401664,0.8587714131752927,0.855627514293898,0.9519865544472508,0.21090675105485235,0.5736407405901451,0.35225012463132044,3.254342618629908e+18,5.855267780293005e+17,5.6765119538284745,1.0213275442305176,1.4044689765675307,0.4252058330735565,0.42977505253519727,0.18418672858828908,0.8063476084513962,0.00264,0.0,0.02099654608561353,0.18397958326107533,0.0020450069430186482,10.267224841114912,78.62798293534193,14.146878465567374,21,0.001,25,1.7674410343170166,0.48386292698874644
case,S1,1,67,1,GLUE,hyb,sample,50000,10,1001,6.3334889404569894e-18,0.1205244334443163,1.25,7.07e-06,10100.0,3.16e-11,2,0.01,0.7535102849737156,0.005753654772330345,0.9780805837883895,0.017200644724006668,0.7131093653170881,1.0616148242433154,1.3254341111114674,1.04587782097021,1.3171643436028169,1.020309811571946,1.2766016126280866,0.8378232829529194,0.8913705280558009,0.7535102849737156,0.9780805837883895,0.9589412662149821,1.263201919346993,0.910430102791576,0.9396089026452626,0.9745109143139417,0.9696285482600769,0.9894923018487166,0.985953528048179,0.9916598755083872,0.9884045751517263,0.031599570499737974,0.21090675105485235,0.5736407405901451,0.1506555418053954,3.254342618629908e+18,5.855267780293005e+17,171.01381350257947,30.769091934402876,0.20893446573436933,0.03858793730005288,0.9408163377941743,0.051822728903773096,0.9939729139813391,0.9724,0.89392,0.01342633423906798,0.05161181595486062,0.0009686922595585008,13.860267909219464,78.62798293534193,14.146878465567374,21,0.001,25,1.6886417865753174,0.48386292698874644
case,S1,1,68,1,GLUE,hyb,sample,50000,10,1001,2.771181189706305e-19,0.7841800533199191,1.25,7.07e-06,10100.0,3.16e-11,4,0.1,0.5375343091217657,0.0029564035161703524,0.5320258849380122,0.004601649978986192,0.4485292148264076,0.6479135531683847,0.6263910122486385,0.6031943180798643,0.5782051349992059,0.5661782387378518,0.5368317392322786,0.548998569419812,0.519802216047158,0.5431565021665351,0.521424980545435,0.5375343091217657,0.5320258849380122,0.5379414807715347,0.5514642276386852,0.5508114090265365,0.5610310062986323,0.6767325364787333,0.6714305344900928,0.797473495871161,0.7880041657646079,4.6989407227255375,0.21090675105485235,0.5736407405901451,0.980225066649899,3.254342618629908e+18,5.855267780293005e+17,1.1500385672176192,0.20691686641029236,0.8452726933254245,0.47449096302059557,0.15568245112884418,0.106691273060084,0.45793872234378064,0.0,0.0,0.018412647403379907,0.10640523553692724,0.0014927918742276864,12.334370062742945,78.62798293534193,14.146878465567374,21,0.001,25,1.7247517108917236,0.48386292698874644
case,S1,1,69,1,GLUE,hyb,sample,50000,10,1001,1.9924408614593687e-18,1.5387763644365748,1.25,7.07e-06,10100.0,3.16e-11,4,0.01,0.5016284365134986,0.010875332817691038,0.4418796975829376,0.0074291704800122545,0.3835121623887821,0.597942117873175,0.5510648227177881,0.5767350475218609,0.5283363583466586,0.5346386751032581,0.4816974712433755,0.512102931816793,0.454396372911032,0.5016284365134986,0.4418796975829376,0.5090271485067943,0.46371959521444445,0.5949434904259817,0.62694643887798,0.6344343126151534,0.6823727142455757,0.7218240846484608,0.7311741728974768,0.8310474696766906,0.8278868005995538,1.282446228752361,0.21090675105485235,0.5736407405901451,1.9234704555457185,3.254342618629908e+18,5.855267780293005e+17,4.213793089368817,0.7581527147067861,0.2957044665362527,0.09971504462877967,0.3669199631405208,0.1777529804192295,0.7866587483602393,0.0,0.0,0.06796220585299219,0.1760013690373558,0.001988663991651226,34.17480586881943,78.62798293534193,14.146878465567374,21,0.001,25,1.9920730590820312,0.48386292698874644
case,S1,1,70,1,GLUE,hyb,sample,50000,10,1001,6.866465472515397e-19,1.418295455676468,1.25,7.07e-06,10100.0,3.16e-11,2,0.01,0.516714504647918,0.010940589465783437,0.5173213103125148,0.01291832439855012,0.44989715759084986,0.5749598149196471,0.5681066227443833,0.5600971081665727,0.5500531933580646,0.5340811580720388,0.5148141155927021,0.5214923335195267,0.5005182599495521,0.516714504647918,0.5173213103125148,0.5515541328955305,0.5823520595940854,0.5777259976858796,0.612091537968981,0.6180537981331835,0.6367676009213238,0.6728739352403756,0.673085929030587,0.7990539532368464,0.7913280412989961,3.4299087680159115,0.21090675105485235,0.5736407405901451,1.772869319595585,3.254342618629908e+18,5.855267780293005e+17,1.575541339931853,0.28347403839447316,0.43947703644549624,0.2190053632621019,0.19671052079522178,0.12704234835784003,0.5552444538381227,0.0,0.0,0.037111657341854294,0.12615524109045875,0.0016367594464987935,22.673861709636174,78.62798293534193,14.146878465567374,21,0.001,25,2.0889389514923096,0.48386292698874644
case,S1,1,71,1,GLUE,hyb,sample,50000,10,1001,1.8977333732610975e-18,0.34645327784603586,1.25,7.07e-06,10100.0,3.16e-11,3,0.01,0.5068835352785787,0.014799608672561939,0.49104564095172576,0.022967057473557193,0.4588702139231951,0.573017017093439,0.6106501052595072,0.5551339397914615,0.5935459401256735,0.5300066658558511,0.5689247654688276,0.5160254433852621,0.5474462896821941,0.5068835352785787,0.49104564095172576,0.6677492596759301,0.7407537195977321,0.7757251996487523,0.9203817958865539,0.7861927086609984,0.8525425779182264,0.8876260414547403,0.8864817234097288,0.9319637066524441,0.9277575427487383,0.30315070121003035,0.21090675105485235,0.5736407405901451,0.4330665973075448,3.254342618629908e+18,5.855267780293005e+17,17.82599556799244,3.2072829979055726,0.5488372594535003,0.1226555940681144,0.6690599181989572,0.16479794247701052,0.9375917988316697,0.279,0.05436,0.03272595307191342,0.16437289762570634,0.0019459676260470116,16.817316297492614,78.62798293534193,14.146878465567374,21,0.001,25,2.4603190422058105,0.48386292698874644
case,S1,1,72,1,GLUE,hyb,sample,50000,10,1001,1.195073305847062e-18,4.502230656356972,1.25,7.07e-06,10100.0,3.16e-11,2,0.01,0.513069008625785,0.00589966754453524,0.5100094037549614,0.010028967632426186,0.43001163682289817,0.5809305450162618,0.5370770219421577,0.5719435370253552,0.5286199073208759,0.54469810289462,0.5051761314528488,0.5212123901546667,0.4920349015463521,0.513069008625785,0.5100094037549614,0.537294160208393,0.5632320542384056,0.5565527421386213,0.5799284827329649,0.598244657058152,0.6060806972920556,0.6547315949101108,0.6478722362344296,0.8401087685447426,0.8312512444229923,6.255791889694549,0.21090675105485235,0.5736407405901451,5.627788320446215,3.254342618629908e+18,5.855267780293005e+17,0.8638335723900912,0.15542238407830997,0.15378765306319653,0.09533560258613957,0.12361344827287818,0.09100669731407729,0.4356627036055414,0.0,0.0,0.052486475870733997,0.08846826844520189,0.0013508471282890034,38.8544897283928,78.62798293534193,14.146878465567374,21,0.001,25,1.9062058925628662,0.48386292698874644
case,S1,1,73,1,GLUE,hyb,sample,50000,10,1001,9.427861371952795e-19,5.326059065872144,1.25,7.07e-06,10100.0,3.16e-11,3,0.01,0.5185312881944538,0.007897536341907868,0.5088315939962446,0.011314573238615348,0.4131187276719902,0.6126677646323093,0.5561563944201889,0.5931495830390878,0.5379528128478069,0.5535479354288212,0.5050627855186813,0.5294914058509155,0.4935718939846311,0.5185312881944538,0.5088315939962446,0.5229263523446127,0.5375661561819959,0.5337786484145669,0.5489834607318823,0.5870055983844373,0.5874903186409381,0.6631091170247386,0.6520218693911599,0.8604207678945321,0.8512604237258359,9.380843442678085,0.21090675105485235,0.5736407405901451,6.65757383234018,3.254342618629908e+18,5.855267780293005e+17,0.5760636651943798,0.10364634009034361,0.1360987326655174,0.09530380752652354,0.0881198376556382,0.06879397742712298,0.34074385311729577,0.0,0.0,0.041703356197458435,0.06655370525153921,0.0011622835259079178,35.88053626147877,78.62798293534193,14.146878465567374,21,0.001,25,1.8669381141662598,0.48386292698874644
case,S1,1,74,1,GLUE,hyb,sample,50000,10,1001,1.870173992730492e-17,1.013503902763609,1.25,7.07e-06,10100.0,3.16e-11,1,0.001,0.644655455022677,0.02588747504296052,0.9248705114656959,0.1361249949673427,0.5826478651634279,0.6825567605779528,1.0304400046228228,0.6791585023098755,1.0258435809736794,0.6620006983286489,0.9968767501235567,0.644655455022677,0.9248705114656959,0.6599945239928564,0.8318222363855938,0.7528100271517765,0.9389995730572963,0.8335012058692979,0.9437197071879195,0.8815615390046403,0.8897253226778743,0.9609218520030538,0.9557964810744011,0.9766062492857734,0.9718571313622721,0.08998963902898556,0.21090675105485235,0.5736407405901451,1.2668798784545112,3.254342618629908e+18,5.855267780293005e+17,60.05094713696086,10.80446705071135,0.06686797590698504,0.012929214948475229,0.8552225949564107,0.10076893787981657,0.983572390012213,0.7512,0.38948,0.06185445107424353,0.09846541549570326,0.001450411564060028,42.64613755636298,78.62798293534193,14.146878465567374,21,0.001,25,0.5081291198730469,0.48386292698874644
case,S1,1,75,1,GLUE,hyb,sample,50000,10,1001,1.7564311398325257e-17,1.1493227878978665,1.25,7.07e-06,10100.0,3.16e-11,2,0.01,0.6190862541233673,0.012082743094749392,0.7045703010030895,0.07247228773497641,0.5811237160492715,0.6817681261312911,1.0003937753668057,0.6767270248251427,0.9964800067939106,0.6547474735256706,0.9784527433740047,0.6264765642617964,0.9283911246596706,0.6190862541233673,0.7045703010030895,0.6758288740915211,0.7214618563613812,0.7789139406042007,0.8769974550468655,0.8483351126420222,0.8610618268585343,0.9461737146272619,0.9416341944345019,0.970197471531562,0.9653499456119483,0.10865756970578086,0.21090675105485235,0.5736407405901451,1.4366534848723331,3.254342618629908e+18,5.855267780293005e+17,49.73388481664426,8.948203907254833,0.06996861719929426,0.013719865402045454,0.8326042090217832,0.11121467157469385,0.9802258994214131,0.64172,0.33656,0.06907375167706228,0.10864367955656748,0.0015398420472422254,44.85768641060924,78.62798293534193,14.146878465567374,21,0.001,25,0.513617992401123,0.48386292698874644
case,S1,1,76,1,GLUE,hyb,sample,50000,10,1001,3.43944501941085e-19,1.8698215554576032,1.25,7.07e-06,10100.0,3.16e-11,3,0.01,0.5203291813966731,0.006288912100164817,0.5047649407801023,0.010800352439360006,0.4264006827078399,0.61199548875789,0.5743466290467556,0.5824706108995774,0.5461044455882422,0.5519424176161082,0.5188426600467453,0.5359197141050168,0.5066402683008879,0.5203291813966731,0.5047649407801023,0.5264468165272789,0.535503753657266,0.5324462070750409,0.5447757844258085,0.5929303201148536,0.5918476412552194,0.6705917016793191,0.6591457833056604,0.8590698435734426,0.8496996851134453,9.027362623790296,0.21090675105485235,0.5736407405901451,2.337276944322004,3.254342618629908e+18,5.855267780293005e+17,0.5986203591691825,0.10770477827397273,0.3862476017080611,0.2676359722024548,0.09133212987658064,0.0694699200227943,0.31863562802566764,0.0,0.0,0.02228175217257531,0.06881409618624675,0.0011843894849100387,18.812858824280884,78.62798293534193,14.146878465567374,21,0.001,25,1.9032468795776367,0.48386292698874644
case,S1,1,77,1,GLUE,hyb,sample,50000,10,1001,1.986656653442585e-17,1.0732269974318949,1.25,7.07e-06,10100.0,3.16e-11,3,0.01,0.6396471789780103,0.019151176011002285,0.8899830380833265,0.11293799551473538,0.5605880992746222,0.8811111579552995,1.5437647910972494,0.8757756100767233,1.5463742450700468,0.8575721158416012,1.5598342747466514,0.8089575134272682,1.4922196597835113,0.6396471789780103,0.8899830380833265,0.6815301973724214,0.7135062831673361,0.760708139455655,0.8560415285322973,0.8493611981683695,0.8596964992973385,0.9508077245506689,0.9465237542289036,0.9743756271158324,0.9698153631134641,0.08970525199174038,0.21090675105485235,0.5736407405901451,1.3415337467898687,3.254342618629908e+18,5.855267780293005e+17,60.24132295733779,10.838719787372163,0.06296419521183076,0.01217177271414498,0.8554687060944527,0.10073167409956055,0.9836272583089372,0.7526,0.39028,0.0632026928548304,0.0983152629501236,0.0014491576428105222,43.61340063200714,78.62798293534193,14.146878465567374,21,0.001,25,0.5118441581726074,0.48386292698874644
case,S1,1,78,1,GLUE,hyb,sample,50000,10,1001,1.860667263460026e-18,0.8489482655675616,1.25,7.07e-06,10100.0,3.16e-11,5,0.01,0.5193951147825616,0.00825839510811199,0.4490035962411632,0.012785371075096122,0.39036810141060657,0.6343651948626571,0.5786864721033984,0.5965578441926798,0.5383752181064345,0.5439470333993818,0.48595257747789117,0.5224680341603204,0.4643562831442162,0.5193951147825616,0.4490035962411632,0.5508725378899895,0.48733581855091684,0.6376496298602451,0.6549835649019133,0.6636302480280669,0.7109199622688712,0.7507235679302643,0.7562956893593495,0.8688319919804413,0.8656346912678284,0.757637751073756,0.21090675105485235,0.5736407405901451,1.061185331959452,3.254342618629908e+18,5.855267780293005e+17,7.1326475595297065,1.2833179028052817,0.41270751759557783,0.11587154818286535,0.4774002139813148,0.1862622823502533,0.8588838042134831,0.03384,0.0,0.053108644837576255,0.18526791478027163,0.00206424571020937,25.727869785515797,78.62798293534193,14.146878465567374,21,0.001,25,2.3410160541534424,0.48386292698874644
case,S1,1,79,1,GLUE,hyb,sample,50000,10,1001,9.09312824971016e-18,1.1745274874042089,1.25,7.07e-06,10100.0,3.16e-11,1,0.01,0.6182091444415023,0.009924761332693292,0.6632986021810855,0.02792112957205178,0.559651336384839,0.6313675286927519,0.7363793032696204,0.6300251511426341,0.7363071241489423,0.6266039791498579,0.7411548510354159,0.6374073996476547,0.7687390341295082,0.6182091444415023,0.6632986021810855,0.6689447002348355,0.7189317021099204,0.8019678129331522,0.9242381065606106,0.816663674070065,0.8606088933787236,0.913357136110944,0.9096888954201752,0.9494885997962166,0.9445019597778479,0.21448600797711104,0.21090675105485235,0.5736407405901451,1.468159359255261,3.254342618629908e+18,5.855267780293005e+17,25.19494444961877,4.533116630609494,0.1230996951254379,0.02600215364577464,0.7309195240869818,0.14804256072487726,0.9612647228410411,0.37504,0.14192,0.07889632644000419,0.14564083870608815,0.0018336146852452988,43.02775663549484,78.62798293534193,14.146878465567374,21,0.001,25,0.5650932788848877,0.48386292698874644
case,S1,1,80,1,GLUE,hyb,sample,50000,10,1001,2.220211650752573e-18,0.3674570506848746,1.25,7.07e-06,10100.0,3.16e-11,2,0.01,0.5188535158145606,0.009961012291199457,0.5172729573060886,0.014065949282863964,0.4982411255884297,0.567738454670839,0.6200448295297023,0.5569317715281347,0.6126148600403891,0.5385603740280631,0.6029686767441081,0.5260112675667149,0.5892076673569516,0.5188535158145606,0.5172729573060886,0.7026500124063404,0.799709389525659,0.8040459176973392,0.9554083025543768,0.8100245189503534,0.8670033905204828,0.8984316954140708,0.8964395012866468,0.9368845983994412,0.9324686443347379,0.27482820746566494,0.21090675105485235,0.5736407405901451,0.4593213133560933,3.254342618629908e+18,5.855267780293005e+17,19.66305826478504,3.5378103971207304,0.4797743836703944,0.1053631635062495,0.6877679551446665,0.16024520768948264,0.9442605580203678,0.30644,0.07872,0.034758980273127044,0.15976507154590602,0.0019164868354810394,18.136821829200052,78.62798293534193,14.146878465567374,21,0.001,25,2.6113011837005615,0.48386292698874644
case,S1,1,81,1,GLUE,hyb,sample,50000,10,1001,1.918892208601213e-17,0.6590342463191433,1.25,7.07e-06,10100.0,3.16e-11,3,0.01,0.6648877949694298,0.005514226140979143,0.8408045322919133,0.04680376565236818,0.601109661227374,0.9536628623838486,1.6719418042474263,0.9269235234662485,1.6502754546548133,0.8528422851193682,1.5792737402021353,0.7676746314232529,1.423065580453026,0.6648877949694298,0.8408045322919133,0.7197164401025218,0.8268483169195127,0.7922432458930719,0.8798674158271209,0.8983847666059169,0.898582091485537,0.9716119393090887,0.9673528809268734,0.9836840606489657,0.9795775488805966,0.057030410969052994,0.21090675105485235,0.5736407405901451,0.8237928078989292,3.254342618629908e+18,5.855267780293005e+17,94.75581473779332,17.048624992754945,0.06725706052611767,0.012677010444482315,0.9001694581632702,0.07694354607495366,0.9895269496647693,0.94828,0.56192,0.04381364919839855,0.07539891329111473,0.001233742041365637,35.51281202179099,78.62798293534193,14.146878465567374,21,0.001,25,0.8830909729003906,0.48386292698874644
case,S1,1,82,1,GLUE,hyb,sample,50000,10,1001,1.0968493446754607e-17,6.617634338985012,1.25,7.07e-06,10100.0,3.16e-11,3,0.1,0.5119816530790715,0.0029295945533229515,0.5247181979339295,0.008865332653244686,0.4561962065374412,0.5777235572990931,0.542605108938813,0.5740056869693563,0.5387183545506852,0.5521336949020387,0.5163184369155698,0.5185119707076741,0.4890431247517055,0.516722945768756,0.5303325219409339,0.5119816530790715,0.5247181979339295,0.5830632817245058,0.5917381971741664,0.6661601396508796,0.7125008816894998,0.7532139175875406,0.7607794900543348,0.845954213520376,0.8427923580456383,1.001855031914816,0.21090675105485235,0.5736407405901451,8.272042923731265,3.254342618629908e+18,5.855267780293005e+17,5.393957093647935,0.9704898002416309,0.06134978279822841,0.01890677705220225,0.41444127014980875,0.1866024160570191,0.8426664958034215,0.01168,0.0,0.1401413646350079,0.18057963674776714,0.002027583045756573,69.11744745957644,78.62798293534193,14.146878465567374,21,0.001,25,0.508615255355835,0.48386292698874644
case,S1,1,83,1,GLUE,hyb,sample,50000,10,1001,9.592323274574258e-18,0.47662086478711546,1.25,7.07e-06,10100.0,3.16e-11,2,0.0001,0.6309214203356881,0.0347484587888462,0.6165827393611817,0.07952147193365984,0.4922978433965877,0.6479065107446721,0.626423404970183,0.6400357105733218,0.6184505328338143,0.6309214203356881,0.6165827393611817,0.6720209186528575,0.674893609865448,0.687493622123984,0.6521243119247943,0.7216870706417151,0.8646800784079822,0.8352071338070584,0.9664968821492401,0.8993182138483788,0.9029003384171748,0.9665917672431432,0.9616015335683474,0.977982507245035,0.97342591325644,0.08250843341644114,0.21090675105485235,0.5736407405901451,0.5957760809838943,3.254342618629908e+18,5.855267780293005e+17,65.49588729831554,11.784129809939381,0.13129426758879098,0.025241906354688794,0.8659048804044389,0.09519046857844592,0.9847476849995083,0.80324,0.41812,0.04097971468664352,0.09415418197452972,0.0014056116224254913,29.15436528329914,78.62798293534193,14.146878465567374,21,0.001,25,3.2447848320007324,0.48386292698874644
case,S1,1,84,1,GLUE,hyb,sample,50000,10,1001,2.4637481946834445e-18,1.2128124599150345,1.25,7.07e-06,10100.0,3.16e-11,4,0.01,0.5149040088546377,0.006193938493691449,0.4795240209037129,0.014703483148205743,0.3931532122096416,0.6014339419424737,0.5816936221981049,0.5800364830812847,0.5576500232981678,0.538701569761217,0.5124049854736858,0.5191704878709703,0.49100176121386213,0.5149040088546377,0.4795240209037129,0.5150354539983523,0.463996690335824,0.6233353816763793,0.6620592548463103,0.6744101834152847,0.7326520682241696,0.7673933364584494,0.7755261574645785,0.8647761449846311,0.8616447972762821,0.8174222005276353,0.21090675105485235,0.5736407405901451,1.5160155748937931,3.254342618629908e+18,5.855267780293005e+17,6.610981513244458,1.1894588734762552,0.30127253728722503,0.08666738040952514,0.4606711165945359,0.18610749354284362,0.8546388719654266,0.02432,0.0,0.06775108360949593,0.18453759927853222,0.002059383347300414,32.89872363895186,78.62798293534193,14.146878465567374,21,0.001,25,1.9708547592163086,0.48386292698874644
case,S1,1,85,1,GLUE,hyb,sample,50000,10,1001,2.757239743044497e-19,0.3893459183362505,1.25,7.07e-06,10100.0,3.16e-11,2,0.001,0.5570432441170352,0.007682225501363953,0.5683307036349949,0.01860815533851757,0.4766298229587627,0.6050526241150003,0.6272218833606166,0.5827547570732324,0.5970501609129016,0.5633062058602263,0.5709435899488003,0.5570432441170352,0.5683307036349949,0.5635013318290977,0.5887350761608309,0.585290794318144,0.6246425692477331,0.5892872295440367,0.6285231131724316,0.6452192387987115,0.6655660209498154,0.7187173767914052,0.7197887270735603,0.8159139244251069,0.8098497071763614,2.344823694323154,0.21090675105485235,0.5736407405901451,0.4866823979203131,3.254342618629908e+18,5.855267780293005e+17,2.304635128554381,0.414653814761429,1.452460016056057,0.6217715489216482,0.25617556101366235,0.1491306089431787,0.6227319292148872,0.0,0.0,0.017300793231841027,0.14894434850768856,0.0018002282037866062,9.610333398538296,78.62798293534193,14.146878465567374,21,0.001,25,1.5775389671325684,0.48386292698874644
case,S1,1,86,1,GLUE,hyb,sample,50000,10,1001,1.7813650716589394e-17,0.2919582010462745,1.25,7.07e-06,10100.0,3.16e-11,4,0.01,0.7266055007988934,0.009130802737916588,0.896208305796069,0.036023302081758767,0.6314500801883852,1.0205497390661868,1.693544805949148,0.9586785073547027,1.663759188935807,0.8749340765627591,1.6174941585124372,0.7403408152091162,1.310746316210209,0.7266055007988934,0.896208305796069,0.7667495450257118,0.9871773584567112,0.836225583899742,0.8825136330816724,0.9567770566670065,0.9523276669014555,0.9884767678998315,0.985079549948973,0.9923978471310198,0.9892717929962462,0.027215532993899217,0.21090675105485235,0.5736407405901451,0.3649477513078431,3.254342618629908e+18,5.855267780293005e+17,198.56172052243778,35.725557534075726,0.07461066492573767,0.01373068071478036,0.9478912491026329,0.045802109364720185,0.9949726058989313,0.97656,0.93516,0.022305062527184682,0.045117980927720326,0.0009123800062914862,24.447118934408877,78.62798293534193,14.146878465567374,21,0.001,25,2.729501724243164,0.48386292698874644
case,S1,1,87,1,GLUE,hyb,sample,50000,10,1001,6.932018314636872e-20,0.47531319313509895,1.25,7.07e-06,10100.0,3.16e-11,3,1.0,0.523079319369991,0.0022110881532588626,0.5204159747351598,0.003397143836051514,0.512827801210437,0.6034566101922533,0.5920425083347212,0.5654569664850633,0.5504708271882183,0.5436403349002519,0.5280274542626102,0.5327935830741682,0.5203779132914386,0.5278326996363817,0.5210431570936264,0.524229908260443,0.5243150459983744,0.523079319369991,0.5204159747351598,0.6397594951577609,0.6285233005716252,0.7305105798469838,0.7165643290690398,0.9115587941738138,0.9036038584050885,11.385949813165276,0.21090675105485235,0.5736407405901451,0.5941414914188737,3.254342618629908e+18,5.855267780293005e+17,0.4746167992024117,0.0853938499421321,1.5506820563200203,1.1413817935993418,0.07471366594004684,0.05730184966132734,0.24805386732039872,0.0,0.0,0.00634708058703985,0.057227203998601976,0.0010825811141557675,5.8629145696759295,78.62798293534193,14.146878465567374,21,0.001,25,1.0758440494537354,0.48386292698874644
case,S1,1,88,1,GLUE,hyb,sample,50000,10,1001,4.953848237034792e-19,0.2763937212230767,1.25,7.07e-06,10100.0,3.16e-11,2,0.001,0.5965783586334249,0.0180058249198373,0.6038452245544894,0.028768772685604148,0.49778111030258493,0.6400486011246284,0.6375181392501158,0.6204403820309699,0.6175530474780894,0.6016603626467004,0.5995079207917102,0.5965783586334249,0.6038452245544894,0.6146488881326603,0.6493653417262121,0.6589725743504863,0.725538411880293,0.6740009887091071,0.7454365585728929,0.7022845118908588,0.7457880396466205,0.7843382988646572,0.7896260538028208,0.8628474667841864,0.8597375270897946,0.9264768520385592,0.21090675105485235,0.5736407405901451,0.3454921515288459,3.254342618629908e+18,5.855267780293005e+17,5.832809577825149,1.0494488746855564,1.4122927348933314,0.42360638377032095,0.43551708630016794,0.184580683213712,0.8105820777730974,0.00504,0.0,0.02091973634573565,0.1843753540170175,0.002048332616448461,10.213056306259341,78.62798293534193,14.146878465567374,21,0.001,25,1.7417857646942139,0.48386292698874644
case,S1,1,89,1,GLUE,hyb,sample,50000,10,1001,4.4176462680712484e-18,0.20090212456351392,1.25,7.07e-06,10100.0,3.16e-11,3,0.01,0.6622297070612737,0.013374806812615108,0.6769684448286774,0.024517843212140632,0.5754341868243381,0.8862808330890101,1.1925903109489258,0.871155033055981,1.1907000546724507,0.8690079515149967,1.2125730636241743,0.8751584965768286,1.1843022630214075,0.6622297070612737,0.6769684448286774,0.8108073714330356,1.0525624706698473,0.8706466094864792,1.051911680709026,0.9222404483904245,0.923393220057086,0.972589500671937,0.9678042338981065,0.9800274435572517,0.9759398077378908,0.07551664535186839,0.21090675105485235,0.5736407405901451,0.2511276557043924,3.254342618629908e+18,5.855267780293005e+17,71.55989293518186,12.875175867038523,0.28699013002228424,0.054879332990755945,0.8755467731070173,0.09139526559707806,0.9852727009222932,0.85684,0.44604,0.022216772665712845,0.0910693350597602,0.0013601045928964954,16.33460601614449,78.62798293534193,14.146878465567374,21,0.001,25,2.1113479137420654,0.48386292698874644
case,S1,1,90,1,GLUE,hyb,sample,50000,10,1001,7.415112117671297e-18,6.461330229971261,1.25,7.07e-06,10100.0,3.16e-11,5,0.1,0.5186440809102708,0.003589413949611604,0.45474582635534927,0.006397577207560321,0.40603156178573646,0.647523039446501,0.6016079253770199,0.6330041178737875,0.5844184666789701,0.5801837275532666,0.521219868510493,0.5340059751944464,0.46702983549337274,0.5236381871883042,0.46328488026450254,0.5186440809102708,0.45474582635534927,0.5344301569572928,0.5019944440911372,0.5977033527691107,0.6280049609247721,0.6874355299415816,0.6953823304232472,0.8218630187650133,0.8184665445401471,1.4469492979356553,0.21090675105485235,0.5736407405901451,8.076662787464077,3.254342618629908e+18,5.855267780293005e+17,3.7347286901576773,0.6719586451171695,0.07405297626486372,0.02615007574141956,0.3406547789803648,0.17576185747790557,0.7863988887769456,0.0,0.0,0.12727302707370422,0.17019923430000167,0.001949026522988422,65.30081842014023,78.62798293534193,14.146878465567374,21,0.001,25,0.5299091339111328,0.48386292698874644
case,S1,1,91,1,GLUE,hyb,sample,50000,10,1001,9.143988784908533e-18,5.551322518895787,1.25,7.07e-06,10100.0,3.16e-11,5,0.01,0.5174278920949094,0.005978043181583454,0.45137852007316875,0.020610195705793536,0.381573293808708,0.636120227203301,0.5929948880838947,0.6216885157825172,0.5753888681593703,0.56896832365877,0.5073376307551365,0.5214497172830843,0.44387817282592545,0.5174278920949094,0.45137852007316875,0.5276939514630288,0.47560495543569503,0.5431154974512211,0.5016175925664144,0.6169907344096474,0.6469145186086124,0.7153807824390901,0.7226103050570473,0.8458876297767679,0.8427188251511202,1.008114525722331,0.21090675105485235,0.5736407405901451,6.9391531486197335,3.254342618629908e+18,5.855267780293005e+17,5.360465421656107,0.9644639224868033,0.07335833574004186,0.0226571161733419,0.41342078709417657,0.18614304361592388,0.84127960526825,0.0112,0.0,0.13462699130452377,0.18051527250234756,0.0020276137948903603,66.39676236361545,78.62798293534193,14.146878465567374,21,0.001,25,0.5276191234588623,0.48386292698874644
case,S1,1,92,1,GLUE,hyb,sample,50000,10,1001,3.611628558569302e-18,2.156034962546145,1.25,7.07e-06,10100.0,3.16e-11,5,0.1,0.5248115012253192,0.005867081279875609,0.45539094439644623,0.005996896518254337,0.415006097350333,0.6363903707649993,0.6082999945378661,0.6112934712366739,0.5796305391662326,0.5559167314380571,0.5163288572834526,0.5251129282404744,0.4826828616197137,0.5248701711359445,0.4815316231678025,0.5248115012253192,0.45539094439644623,0.5725957009305456,0.554477447502844,0.6332216498698184,0.6733009603149631,0.7230005421341338,0.7308588549850685,0.8487054166958032,0.8456121802312321,0.9912924951836174,0.21090675105485235,0.5736407405901451,2.695043703182681,3.254342618629908e+18,5.855267780293005e+17,5.451431421563242,0.980830677643721,0.1873211582317849,0.05751459986958428,0.4188899122801004,0.1844905163043215,0.8359706430770144,0.011,0.0,0.09271283245308767,0.18160990660420334,0.0020361111160545624,45.53426957991384,78.62798293534193,14.146878465567374,21,0.001,25,1.0684518814086914,0.48386292698874644
case,S1,1,93,1,GLUE,hyb,sample,50000,10,1001,2.933318471516576e-18,1.8778675506625842,1.25,7.07e-06,10100.0,3.16e-11,1,0.01,0.4834973992072197,0.008323838483150294,0.47736566123655394,0.013053453086326692,0.4511498823184491,0.525786284811217,0.5413992475135817,0.5234067235344714,0.5390863066123568,0.5132503013691718,0.5293375863063257,0.5004770616815947,0.5165962754732087,0.4834973992072197,0.47736566123655394,0.5832538423185744,0.6059013801284168,0.6869046027649215,0.7539699623996056,0.7019270573607457,0.7506598097317585,0.7561014820875208,0.7646270998159636,0.8542433831447955,0.8507611006018795,1.0630528055963469,0.21090675105485235,0.5736407405901451,2.34733443832823,3.254342618629908e+18,5.855267780293005e+17,5.08343802655439,0.9146206892786022,0.22250628460942462,0.07002868018843103,0.4046939246702383,0.18294291487183692,0.8230245274411846,0.00624,0.0,0.0834381446826036,0.18052476911992335,0.0020257266068179182,41.18924261634256,78.62798293534193,14.146878465567374,21,0.001,25,1.4715821743011475,0.4834973992072197
case,S1,1,94,1,GLUE,hyb,sample,50000,10,1001,3.339522888941625e-19,8.203334354328778,1.25,7.07e-06,10100.0,3.16e-11,3,0.01,0.5132619017899818,0.004674001821211487,0.5031619364751607,0.004900466353592354,0.43903803030999605,0.6165019367734967,0.6024173511343541,0.5822661240921743,0.5635447293593375,0.5450734514990827,0.5193533549247219,0.5235060156473066,0.4989220983490935,0.5132619017899818,0.5031619364751607,0.5185302558503417,0.5133154801033474,0.5731807382632766,0.5596413943028721,0.6383482558063438,0.6191463119828247,0.882284765844347,0.8742998952982294,1.0237024941867505,1.0209578302350972,40.790129696548966,0.21090675105485235,0.5736407405901451,10.254167942910971,3.254342618629908e+18,5.855267780293005e+17,0.13248212487691602,0.023836405940046396,0.09525088196527096,0.08611290060277263,0.022858327615486545,0.019963151529637197,0.1080878898489844,0.0,0.0,0.01358029155458955,0.01904068396529597,0.0006114352870813031,22.210513265296324,78.62798293534193,14.146878465567374,21,0.001,25,1.8137731552124023,0.4834973992072197
case,S1,1,95,1,GLUE,hyb,sample,50000,10,1001,1.6078413966778264e-19,1.9679181022888128,1.25,7.07e-06,10100.0,3.16e-11,4,0.1,0.5195623769530696,0.0012791387611432571,0.51459616058018,0.003990929646485051,0.4605943951851982,0.6376809087118921,0.6127520966786932,0.5881242873527174,0.5617426515401425,0.552374787600557,0.5218759958658208,0.5339287824902655,0.505314862002697,0.521076391615089,0.5026690658632893,0.5195623769530696,0.51459616058018,0.520659278818113,0.5147216670402711,0.6129510037387469,0.5982757561685416,0.7448412270036024,0.7301972175613897,0.9582801741508817,0.9524404854483006,20.324174365713155,0.21090675105485235,0.5736407405901451,2.459897627861016,3.254342618629908e+18,5.855267780293005e+17,0.2658884419590631,0.04783909409054934,0.3879612667423905,0.32113491901106617,0.04420672112459653,0.03605662637097152,0.1699805040371187,0.0,0.0,0.011407541348521549,0.03570429350306178,0.0008446495866592653,13.50564959563923,78.62798293534193,14.146878465567374,21,0.001,25,1.4330377578735352,0.4834973992072197
case,S1,1,96,1,GLUE,hyb,sample,50000,10,1001,5.220173044885327e-18,1.3352513360640965,1.25,7.07e-06,10100.0,3.16e-11,2,0.1,0.5610154701889064,0.0037368798172884516,0.5649420156696943,0.006255341467951369,0.5553459775618984,0.6140214163128132,0.7337751475393304,0.6090613888478468,0.7309807821361769,0.5925793270943662,0.7255622189036715,0.5912786792148865,0.753407838174779,0.6056151716313655,0.7922020317868746,0.5610154701889064,0.5649420156696943,0.7108853396548945,0.7897574762027878,0.7642694722891952,0.8236983245208058,0.8506358485288732,0.8522629713226737,0.9104893514950619,0.9062588826932958,0.4247439670995072,0.21090675105485235,0.5736407405901451,1.6690641700801208,3.254342618629908e+18,5.855267780293005e+17,12.722871835252658,2.2891204233780176,0.18215755625793442,0.04365982177443919,0.5994707104228878,0.17741825704742223,0.9240479426788208,0.18096,0.01324,0.08345830150321519,0.17514747668316966,0.002026536745206126,41.1827230375368,78.62798293534193,14.146878465567374,21,0.001,25,0.8303518295288086,0.4834973992072197
case,S1,1,97,1,GLUE,hyb,sample,50000,10,1001,3.9481999828328187e-19,0.21104281427385074,1.25,7.07e-06,10100.0,3.16e-11,1,0.001,0.6401801270495723,0.010948614223599813,0.6978076498181341,0.016210470754483425,0.5856449329513956,0.6646987552555463,0.7111369986106438,0.6522805082891343,0.6992500788445625,0.6403952912060836,0.6895017490957428,0.6401801270495723,0.6978076498181341,0.6647126519754283,0.7383509428256699,0.6823207688406258,0.7600133982417632,0.7012112635141893,0.762542178285423,0.7387041627989339,0.7728826680759093,0.7950984275665317,0.7992391102643912,0.8753775809514334,0.8720263803580719,0.887606604203976,0.21090675105485235,0.5736407405901451,0.26380351784231343,3.254342618629908e+18,5.855267780293005e+17,6.088241153917717,1.0954065519443184,1.8090522887381724,0.5347871123905945,0.44496895858855007,0.1847895910828059,0.8143372580081392,0.0098,0.0,0.01787277250576402,0.1846276605960396,0.0020536494867113846,8.70293232677433,78.62798293534193,14.146878465567374,21,0.001,25,1.5529580116271973,0.4834973992072197
case,S1,1,98,1,GLUE,hyb,sample,50000,10,1001,5.351783914482225e-20,2.041353567645073,1.25,7.07e-06,10100.0,3.16e-11,2,0.01,0.5284720915861516,0.003210251727672428,0.5215580192721976,0.004083248715347748,0.498412701903525,0.5835814799398111,0.5558889914642655,0.5563596993006804,0.527045722305011,0.542655740066465,0.516490876820873,0.5323374363513397,0.5173497763114465,0.5284720915861516,0.5215580192721976,0.5664830573498179,0.554293645585384,0.5947464283271142,0.5762714150666721,0.7642215440531774,0.7501045776270467,0.9630045649995592,0.9592246714914253,1.0413384311080605,1.039411086245055,63.33864377103322,0.21090675105485235,0.5736407405901451,2.5516919595563414,3.254342618629908e+18,5.855267780293005e+17,0.08531857858748794,0.015350661648343375,0.38597190969355216,0.36108921529295646,0.01494575693244808,0.012723905737055445,0.06119503932255066,0.0,0.0,0.004007649927923977,0.012595649899259298,0.0004984300199966979,8.040546851392554,78.62798293534193,14.146878465567374,21,0.001,25,0.9320449829101562,0.4834973992072197
case,S1,1,99,1,GLUE,hyb,sample,50000,10,1001,8.970145399378126e-19,0.2900044368977259,1.25,7.07e-06,10100.0,3.16e-11,2,0.001,0.5612457795610687,0.009485168193091661,0.5421953375225395,0.024766798697190544,0.48885709899713853,0.6018831858309168,0.5813151050222802,0.585150857996757,0.5615016016819888,0.564809593632652,0.5380571032466654,0.5612457795610687,0.5421953375225395,0.6014272377993499,0.6331245097602041,0.6993687524784303,0.7951233917714327,0.735028223770027,0.8390472198319637,0.7502944585336059,0.8073688698315366,0.8335060671770534,0.8369078726582082,0.8975734583293195,0.8942586908114262,0.5368516068377353,0.21090675105485235,0.5736407405901451,0.3625055461221574,3.254342618629908e+18,5.855267780293005e+17,10.066027534191887,1.8110965440175346,0.9813175894822701,0.2492835370103456,0.5520158499122255,0.1834116046860994,0.8856741907483162,0.11996,0.0,0.0254080208700019,0.1831433704373821,0.00205570644909793,12.35975150107218,78.62798293534193,14.146878465567374,21,0.001,25,1.9276869297027588,0.4834973992072197
case,S1,1,100,1,GLUE,hyb,sample,50000,10,1001,1.1985847185671054e-18,1.7304453988964756,1.25,7.07e-06,10100.0,3.16e-11,3,0.01,0.5018499826820861,0.007825249664227926,0.4663546139654599,0.009864691612689123,0.40373166552258555,0.5876239092596031,0.5416065419420086,0.5700033743288279,0.5208193010076266,0.5362114685159985,0.4818721766904841,0.5136251884493225,0.4629606734069007,0.5018499826820861,0.4663546139654599,0.5281836486694548,0.5363916096598358,0.5834696491231203,0.6241249552317031,0.6076561066208948,0.6406268711055689,0.6891261411498727,0.6940567120596324,0.7927399513531016,0.7872998558353648,2.3973876389096906,0.21090675105485235,0.5736407405901451,2.1630567486205945,3.254342618629908e+18,5.855267780293005e+17,2.2541048299813014,0.40556231875637394,0.3289137132782406,0.14206940023772668,0.25166609348308994,0.1490059624232359,0.6536125016423087,0.0,0.0,0.05413715017231174,0.14752163728253095,0.0017877246487990764,30.282711718876264,78.62798293534193,14.146878465567374,21,0.001,25,1.9268298149108887,0.4834973992072197
