group,set,search_seed,eval_index,is_finite,task,mode,node,N_R,R,seed,k_on,k_off,T,distance,N_max,D,L,lam_best,objective,opt_sd,held,held_sd,train,opt_lam_1e-06,held_lam_1e-06,opt_lam_1e-05,held_lam_1e-05,opt_lam_1e-04,held_lam_1e-04,opt_lam_1e-03,held_lam_1e-03,opt_lam_1e-02,held_lam_1e-02,opt_lam_1e-01,held_lam_1e-01,opt_lam_1e+00,held_lam_1e+00,opt_lam_1e+01,held_lam_1e+01,opt_lam_1e+02,held_lam_1e+02,opt_lam_1e+03,held_lam_1e+03,KD_nM,tau_D_over_T,phi_ISI,koff_T,c_peak,c_mean,c_peak_over_KD,c_mean_over_KD,tauR_mean_over_T,tauR_peak_over_T,occ_mean,occ_std,occ_max,occ_frac_above_0p8,occ_frac_above_0p9,contrast_within,contrast_between,binomial_sd_mean,snr_within,shell_molecules_peak,shell_molecules_mean,history_symbols,dt,n_sub,seconds,running_min
case,S4,3,1,1,GLUE,hyb,sample,50000,10,1003,9.970475463914631e-20,0.4383565371862111,0.8644965569283606,2.6327922722483284e-05,16698.95281110977,1.2089512799757486e-11,2,0.001,0.8096211603075176,0.01190450975227365,0.757518873023867,0.012033244869815125,0.8126352990619548,0.8844794476729912,0.8439985878758375,0.8393572039394398,0.7910758641717308,0.8148253613876802,0.7618257100600939,0.8096211603075176,0.757518873023867,0.8156778371256822,0.7689091942129436,0.873236946136001,0.8471576104413696,0.9712169056703333,0.9613477902153809,0.9927744757075783,0.9883075718104137,1.0070050102401134,1.006021261330255,1.0252531500300637,1.0226977920745293,7.300636343604777,11.053755939632302,0.9999999915176592,0.37895771710451837,1.451710439359864e+18,9.27136047038781e+17,0.3301933948391806,0.21087827885601215,2.1792585360975636,1.9837843396381636,0.172110808644797,0.03827372523464917,0.24725218703709906,0.0,0.0,0.001701716787603219,0.03826783017701971,0.00167256379914684,1.0174301204362128,35.074691582750646,22.400480167019527,1105,0.0009605517299204006,18,1.225308895111084,0.8096211603075176
case,S4,3,2,1,GLUE,hyb,sample,50000,10,1003,1.7176778753107055e-17,1.3280441690336915,1.5465506590957796,9.671877576296174e-06,3398.3711427867215,7.051251294652609e-11,5,0.1,0.49991258000942007,0.005024191262311601,0.4246848095345717,0.008859497872866488,0.395656895327537,0.6262784017588257,0.592881770605136,0.5932269844781086,0.5557186295002088,0.539010314270809,0.48808679853181147,0.5165716412815508,0.44998336609584033,0.5090773550591787,0.4333716754218318,0.49991258000942007,0.4246848095345717,0.5460368581625554,0.5426212050536019,0.5914988282620111,0.62629915478601,0.6915165741751566,0.6957241395657626,0.829564592511481,0.8246994327443904,0.1283866583665443,0.14296837738095453,0.4874733272259148,2.0538875849273626,3.6861649774112806e+17,5.548083943963699e+16,4.767645665769957,0.7175831394107226,0.283468993732306,0.08441599786025274,0.3610791632836577,0.1647474957434263,0.7930038391902927,0.0,0.0,0.10321183966325498,0.16073644363748843,0.0020076497086130877,51.40928679961563,8.906121785750122,1.3404693383313122,14,0.0009977746187714708,31,2.906093120574951,0.49991258000942007
case,S4,3,3,1,GLUE,hyb,sample,50000,10,1003,3.786019130583808e-18,1.5958039211254516,1.3077638352433822,1.2501844845978533e-05,14902.658237374986,1.6161067149635804e-11,2,0.01,0.7209876495628086,0.005584616945330766,0.7579071640765209,0.00941190942423231,0.6393882056860528,0.7821225748252534,0.8165459723266395,0.7758758703215803,0.8095435175250344,0.7490293906993905,0.7792280667121235,0.7252894577326807,0.7548880600932547,0.7209876495628086,0.7579071640765209,0.7285154895446075,0.7746081740747308,0.7310227191845637,0.7737030869375536,0.817624654615637,0.8303054075830376,0.9133747221421574,0.915083437954143,0.9457407356063496,0.9458084653382887,0.6999158385576906,1.2325302902829025,0.9455089077042808,2.0869346561874482,2.6304336639588675e+18,8.894577948382917e+17,6.240661550985768,2.110224309218206,0.15406338560371008,0.06617788770970535,0.6208375553590698,0.14494564482189104,0.8617196400210148,0.11812,0.0,0.009702373400725254,0.1448747617660514,0.0020624200382483183,4.70436342781357,63.553754929891575,21.490138104664446,123,0.000968713952032135,27,0.7978708744049072,0.49991258000942007
case,S4,3,4,1,GLUE,hyb,sample,50000,10,1003,5.958068195001452e-19,5.32547975061994,1.8038227990722742,4.858513454043236e-05,13976.041056074566,4.9360919370169016e-11,3,0.0001,0.6276299166968833,0.019255387297336786,0.6035528833114601,0.03288418968635599,0.5824449266579212,0.7140862139426202,0.699187630463873,0.6599588777195354,0.6355256096021826,0.6276299166968833,0.6035528833114601,0.6499639240116369,0.6322434698117577,0.8686982356327071,0.8646740057646058,0.9564488145595147,0.9557892912837197,0.9858135776076453,0.9845789755291394,0.9986923260945593,0.9972076483515873,1.0057076608990747,1.0041784074811264,1.04850050296803,1.0469040506141656,14.842339644193164,4.418536604546917,0.9997282346371441,9.606221790165977,1.039975859110236e+17,5.020736763973725e+16,0.011635096516915123,0.005617126236452984,0.10351772750515761,0.10290192580969262,0.005579497523507416,0.0023430750199576397,0.011500356663229332,0.0,0.0,0.00013047045620513377,0.0023424117004856916,0.00032572426035630905,0.40055492354917754,2.5126796310621167,1.2130572925562764,442,0.0009750393508498779,37,1.7162139415740967,0.49991258000942007
case,S4,3,5,1,GLUE,hyb,sample,50000,10,1003,2.542668473917527e-18,0.22335548191166696,1.9112563578212325,1.842877671488068e-05,18534.809290362424,1.4051562760610205e-10,4,0.001,0.568369140993071,0.013805132143538776,0.544270809721622,0.017103206063430045,0.42008255048262316,0.669502472802974,0.6391366313314465,0.6208580700503888,0.5933477247234313,0.5796394601463193,0.5525535901597991,0.568369140993071,0.544270809721622,0.5852827231302158,0.5710767170839366,0.6083565141797932,0.6058103948848318,0.6086004737519641,0.6357952041403425,0.6090893435280189,0.6428915121821507,0.7131643401151793,0.7191797351223421,0.8334713418324988,0.8302192351026327,0.1458666386854311,0.21076485557719274,0.5734851010866844,0.42688958485789874,3.369757673947474e+17,5.974014143499197e+16,3.8361165479146186,0.6800790065864678,1.3942952111519535,0.48438165003499845,0.34440104791502296,0.1767522940122268,0.7360969407171498,0.0,0.0,0.020385090089608995,0.17654177988554678,0.001951828925527149,10.444096725384577,8.141651938139434,1.4433780863807826,21,0.00098013146554935,39,2.50728702545166,0.49991258000942007
case,S4,3,6,1,GLUE,hyb,sample,50000,10,1003,3.981793016594587e-19,0.29891923756822786,0.9893119293477008,6.6061775724023465e-06,11206.569557409439,4.4100263888415615e-11,4,0.001,0.5889132840580152,0.010514115475390407,0.5748131595723333,0.014740950331731584,0.43847472361074236,0.6753669812021948,0.6480738555948019,0.6258935683855318,0.5980603267923593,0.5937441041782725,0.5717378268158665,0.5889132840580152,0.5748131595723333,0.6085082859981698,0.6030705243421117,0.622410812176084,0.6276197766254811,0.6177584189208949,0.6527261831995502,0.6157419457878055,0.6545197180541132,0.7246993593108654,0.7303673120005459,0.846724450762858,0.8434646313067484,1.246591849056932,0.1667150480566073,0.5205636459554986,0.2957243676377672,4.023828484014965e+18,6.291175587513772e+17,5.3599936517863505,0.8380243180171709,1.839761961233749,0.5316872011595193,0.3866207323837663,0.18162892771207234,0.7764354143488505,0.0,0.0,0.020923543677087167,0.1814352481434262,0.002007043479448638,10.425057499419568,97.21948622271097,15.20007278602176,17,0.0009893119293477009,20,1.550205945968628,0.49991258000942007
case,S4,3,7,1,GLUE,hyb,sample,50000,10,1003,2.0626410185144096e-19,3.6642704619053803,1.6038463446305666,8.079121056672636e-06,4382.954175977182,7.526474442733285e-12,4,0.1,0.5167025966314317,0.002992564608158001,0.5033499872509867,0.003751576587959841,0.45252805951646496,0.6497551301450584,0.6285602915592514,0.6033899284722188,0.5839606135684721,0.5629590812080653,0.5395364063017218,0.5478348318968298,0.5167867842014648,0.5376691201032444,0.514522669675346,0.5167025966314317,0.5033499872509867,0.5957153855824966,0.5874615019947682,0.7572556044257331,0.7490760086902241,0.8829903179110282,0.8770483893967661,1.0065212765743232,1.0029046199657659,29.499385496888067,0.9012030044128546,0.8998786262758681,5.876926786064702,2.3108281582415227e+18,7.499882418714719e+17,0.13007797856298497,0.04221731248198322,0.16326437743133557,0.1505709905850068,0.03985328523198215,0.024574548424922748,0.11402643817153721,0.0,0.0,0.0025482009671597616,0.0245389376685383,0.000832566511462557,3.060657535556379,55.831784874948646,18.120422338445678,90,0.0009720280876548889,33,2.7844398021698,0.49991258000942007
case,S4,3,8,1,GLUE,hyb,sample,50000,10,1003,8.89498305063236e-20,9.619980932483406,1.1199643932058208,2.6688635264569453e-05,6302.713284523657,1.2120232810718118e-10,1,1e-05,0.702826914349252,0.009544646034922251,0.6890247882961431,0.014693641766480475,0.7066212082796464,0.7125467917072738,0.6995202932999544,0.702826914349252,0.6890247882961431,0.7070158404177528,0.6944362457494241,0.8251772966153057,0.8173756376732125,0.9710651343279377,0.9685768004125777,0.9972879024550491,0.9956793939927355,1.0001413673642376,0.9986260643954143,1.0008286463328875,0.9993221183277063,1.0061387208428794,1.0046251916395086,1.0487371727612111,1.0471596932102276,179.58835978580692,0.8745533448692926,0.8947186508154288,10.774036107700343,9.001439181055173e+16,2.8386648494338596e+16,0.0008323056927942815,0.00026247324084478996,0.09279137229907317,0.09273854073588701,0.00026234349871991373,0.00017677932798247187,0.0008268524590912372,0.0,0.0,2.1036930676058917e-05,0.00017641028555063026,6.862797117910429e-05,0.3065358091550898,2.174832490807303,0.6858481650417251,87,0.0009738820810485398,23,0.6098842620849609,0.49991258000942007
case,S4,3,9,1,GLUE,hyb,sample,50000,10,1003,1.700056433577243e-18,0.8501631635158989,0.7287994152934097,3.49441712955052e-05,2048.825939412549,3.108844011139167e-11,2,0.001,0.7907364224371465,0.006399423093636707,0.7356032574026112,0.020853658277947457,0.799252778906747,0.8463856343516077,0.7934507059150417,0.8080466766481761,0.7497309588614544,0.7914159059869927,0.7328368679782272,0.7907364224371465,0.7356032574026112,0.8105890461388249,0.7698368921383196,0.9240436473263752,0.9097147303337232,0.9906895218550128,0.9856390565183976,0.99946630534352,0.9971985631609241,1.0050413865838748,1.0037995225220973,1.0365805421613465,1.0342507202882651,0.8304013435128796,8.982377307277426,0.9999997909028044,0.6195984164743826,7.103143445921128e+16,4.565454053385929e+16,0.14204031922437454,0.09129458754201718,1.4789302756002052,1.4132150835188144,0.08316629424589388,0.0191280733277631,0.124053883098435,0.0,0.0,0.0009096023306459356,0.0191245537810418,0.0012251170454590748,0.7424615746041556,1.7161863611284593,1.1030567013649146,898,0.0009717325537245464,15,1.0818159580230713,0.49991258000942007
case,S4,3,10,1,GLUE,hyb,sample,50000,10,1003,6.1103013489279195e-18,0.1397857996322414,0.5990153799478676,1.6303014157222608e-05,8797.62566403728,5.756883223821953e-12,3,0.0001,0.8808515972872779,0.015154196779958875,0.8783348311372043,0.027980410055085517,0.822383876631983,0.9945884291015898,0.9879561766049341,0.922565722822965,0.916267945750616,0.8808515972872779,0.8783348311372043,0.8881471640749339,0.8891451360098996,0.9604497216518972,0.9613817503115186,0.9952961186549656,0.9941663288853574,0.9999799142902782,0.9985264429558219,1.000466634104328,0.9989791677815563,1.0005409902066071,0.9990498375478953,1.0008128123926656,0.9993186340730007,0.03798827063843568,12.84574118767754,0.9999999994628072,0.08373384387802356,3.608178078564262e+18,2.427035216026381e+18,157.7202794463125,106.0902938166622,0.11151899874714719,0.07524307784508147,0.9900758105371033,0.0025332108981704197,0.9936995538173266,1.0,1.0,9.919074342464418e-05,0.0025328916189186284,0.0004397730743759716,0.22554983286640204,87.17698092540303,58.63945684659891,1285,0.0009983589665797793,12,1.0353138446807861,0.49991258000942007
case,S4,3,11,1,GLUE,hyb,sample,50000,10,1003,5e-20,10.0,2.0,6.000000000000003e-06,200.0,2e-10,5,1e-06,0.7741099202397023,0.029496942533092863,0.7681282176808092,0.05710313771019129,0.7753123802429464,0.7741099202397023,0.7681282176808092,0.8795429930612805,0.8771829842446428,0.9809464806428485,0.9794288459174261,0.9983476292506406,0.9968432315777391,1.000206956594296,0.9987022495430751,1.000397933517847,0.9988931718770946,1.0004550692410996,0.9989502447645406,1.0008606570996745,0.9993552248707237,1.0061425087575062,1.0046291321254013,1.0487378786835855,1.0471604328728028,332.10781343476935,0.015000000000000013,0.16799597142736353,20.0,6.8697214772744856e+16,3588961229067092.0,0.00034348607386372427,1.794480614533546e-05,0.049999102775793246,0.049982831593415385,1.798374074900803e-05,2.4298396136235068e-05,0.00014647448567588236,0.0,0.0,8.756238726587292e-05,3.2584689924557016e-06,1.5896264958377875e-05,5.508362341414331,1.6597894148990884,0.08671268374117765,2,0.001,40,0.7494657039642334,0.49991258000942007
case,S4,3,12,1,GLUE,hyb,sample,50000,10,1003,6.267832800389557e-20,0.3882038754254888,1.3993817970105307,9.84925022617984e-06,9710.258047265586,9.738536761957958e-12,5,1.0,0.5192078147753271,0.004954069970374055,0.49203488840358345,0.006419015175937364,0.41690685369835734,0.6294976430390244,0.609101668115773,0.5758877069470987,0.5529195514213476,0.5500187842233977,0.5281417508680056,0.5435311414031772,0.517858026854558,0.5418979153401242,0.5136270521841703,0.5398020088507609,0.5107827394339568,0.5192078147753271,0.49203488840358345,0.5820115529859866,0.5681810590388261,0.8399531331239591,0.8344268644811639,0.9264041445469069,0.9206220674462171,10.284698422910203,1.1863836788542654,0.9407819816668939,0.5432454367993726,3.4191001682946284e+18,1.155730770692639e+18,0.5520384916087174,0.18660110554092632,1.5513120444638744,1.1860457050209985,0.14922213691460373,0.07811757267886241,0.3490648131967466,0.0,0.0,0.004888386140134861,0.0780874492148892,0.0015179160970417468,3.2204587260533,82.60868052057661,27.92354400414306,119,0.0009995584264360933,28,1.6443729400634766,0.49991258000942007
case,S4,3,13,1,GLUE,hyb,sample,50000,10,1003,1.0594735771289211e-17,0.6173500638444775,1.3870982758017738,6.000000000000003e-06,17109.062771966535,1.8382895849869432e-10,5,1.0,0.4686731617561787,0.002028952015882061,0.403702386941306,0.003578870717343405,0.4347503770179382,0.5874302576125559,0.5144413867251755,0.5521598724896817,0.466713600030867,0.5120281665377557,0.41159618243625734,0.49694333961042075,0.3914310329862207,0.49240140229458723,0.38791128057252744,0.47027104516386486,0.374278023704791,0.4686731617561787,0.403702386941306,0.5871290740235496,0.6118335932381241,0.8010235133680166,0.7990743523438825,0.9155325033775981,0.9098406451913513,0.09675879807347766,0.023530442363387884,0.2095222533421677,0.8563252091247898,5.918252640956551e+18,1.767778856597414e+17,101.56688503148054,3.0337973517144725,0.2894990841858448,0.011385552352050105,0.6254354520587422,0.17422266920484014,0.9816129145438339,0.18684,0.06248,0.2325644635687716,0.1574374941384894,0.0019933110795537826,116.67243811278713,142.99055821482136,4.271120224843382,2,0.0009907844827155526,28,3.0465970039367676,0.4686731617561787
case,S4,3,14,1,GLUE,hyb,sample,50000,10,1003,2e-17,0.8205598583916549,1.0340305801223932,3.174261151311261e-05,409.2080558218891,1.8410874052431862e-11,5,0.01,0.7484854339340183,0.008921102748567692,0.6678096018035642,0.013687465387585324,0.7309242102998719,0.9880234839463542,0.9628837208920322,0.8807231512851263,0.836709878148071,0.7832475834045519,0.7119410246811525,0.7550934159703443,0.6711466413967211,0.7484854339340183,0.6678096018035642,0.7548817878423099,0.6872793404914457,0.8400787019683994,0.8117971481305976,0.9714097407863077,0.9668440778075095,1.000018002633566,0.9991464283013574,1.0048713323733853,1.0040240937682756,0.06812858509069912,8.821171544662091,0.9999997314370582,0.8484839863978718,2.4406070333682236e+16,1.9048475370348452e+16,0.594863862376099,0.4642799711817386,0.8048820234061429,0.738980080896658,0.31591519607545404,0.027124537384921526,0.3728693439506932,0.0,0.0,0.0012950653555307643,0.027119476340369736,0.002074913477680995,0.6241539078430299,0.5896736473688898,0.4602291067295783,882,0.0009847910286879937,21,2.453993797302246,0.4686731617561787
case,S4,3,15,1,GLUE,hyb,sample,50000,10,1003,6.611909839952499e-20,6.603934148090337,1.3688992126013115,6.000000000000003e-06,10075.113978665404,9.483777278636235e-11,4,0.001,0.5196571551265443,0.0038371000675942075,0.5076389104621446,0.005540404523309084,0.46393169470602347,0.5915805278768006,0.5876086813665887,0.54361317635632,0.5404775385653708,0.5271684176830713,0.5172963748992931,0.5196571551265443,0.5076389104621446,0.5214347186248852,0.5021589895008294,0.5501661972124623,0.5228740587320624,0.8022263002798111,0.7899900202251346,0.9732188686865015,0.9703216874412088,1.002952395942566,1.001278911356064,1.048251173272705,1.0466519537552865,165.85360229331593,0.0462166465803176,0.2903731394150638,9.040120255391775,3.655349025162591e+18,2.1125326975720634e+17,0.03659763656928988,0.002115084041886944,0.11038452497370493,0.10671256967848004,0.0021036037164465144,0.00260986845226723,0.01913331877172024,0.0,0.0,0.0038984753446313007,0.0019414802021826632,0.00017840434805509566,21.851907686842676,88.31667542559023,5.104077977044058,5,0.0009777851518580796,28,0.9964029788970947,0.4686731617561787
case,S4,3,16,1,GLUE,hyb,sample,50000,10,1003,5e-20,0.1,1.5057361581751498,6.000000000000003e-06,20000.0,1.5001028591266527e-10,5,1.0,0.5070354720791693,0.0034488215313546395,0.48270566281565686,0.005442245949239611,0.413077701199585,0.6000468738742453,0.5528019362553656,0.5614460513854114,0.5187240394801358,0.5445725480118295,0.5055297636324292,0.5392452390448063,0.501158341850764,0.5372986472538586,0.5006501334932778,0.5298937759332459,0.49934878143134087,0.5070354720791693,0.48270566281565686,0.5538911894758048,0.5372657757930102,0.7750963792638711,0.7640705594931935,0.8891865916284607,0.8800644506306362,3.321078134347694,0.026563257487623806,0.2222817376158126,0.150573615817515,6.980643784181172e+18,2.3796113352428106e+17,3.4903218920905856,0.11898056676214051,5.935107318292423,1.4790186339458546,0.09931053484213104,0.0717977268560576,0.3055807478502709,0.0,0.0,0.009067307910419703,0.07173177136027736,0.0012330118627971998,7.353788056709924,168.65892890262924,5.7493651218257265,3,0.0009714426826936451,31,1.0484027862548828,0.4686731617561787
case,S4,3,17,1,GLUE,hyb,sample,50000,10,1003,2e-17,0.10951270702872512,1.216282309625794,6.000000000000003e-06,18331.37501133293,1.2634456610698261e-11,5,0.01,0.9208279551078549,0.0014137422145819312,1.0077382396766432,0.004323619964992483,0.9060363577753685,2.150129620249195,4.074957801355529,1.7090777292430182,3.4388105418909958,1.158593512689478,2.369868913376947,0.9509517488831518,1.7204251564434476,0.9208279551078549,1.0077382396766432,0.9861533553368453,0.9797640937566149,0.9984413085739842,0.9961104071984412,0.9997605177569602,0.998067194654664,0.9999087941329907,0.9982817961813186,1.000081085502729,0.9984620540914136,0.009092506418658098,0.3904453832444335,0.7208731322589017,0.13319836823827072,1.3324455840574724e+19,3.159284132144766e+18,2433.408177387073,576.9712424908075,0.012989572710790716,0.003083952620935795,0.9964525871712934,0.004390865012176381,0.999589193220624,1.0,1.0,0.0011540318597245455,0.004356608883665939,0.00023980607318709908,4.812354601312196,321.93140342933594,76.33128036615766,39,0.0009730258477006351,25,1.8314671516418457,0.4686731617561787
case,S4,3,18,1,GLUE,hyb,sample,50000,10,1003,1.0569790170528315e-18,0.1317449308088954,1.467558660164487,6.000000000000003e-06,20000.0,1.1690656774678566e-10,4,0.001,0.5338517043736443,0.00885665076010075,0.4535926766773354,0.018714470250985136,0.38975518156278,0.6172250405339093,0.5499008888516055,0.5802878616390785,0.513189212603921,0.5564992454148092,0.4895205123569486,0.5338517043736443,0.4535926766773354,0.5338877162372904,0.4656546219435615,0.6944957214116506,0.7638730674952964,0.7415816143371113,0.8661876297508613,0.7379364125997518,0.8248758945370305,0.8338306586638129,0.8376082251272431,0.9056726940817809,0.9017193429736835,0.20697440628506952,0.034971710174542175,0.2539908380387189,0.19334341414136558,7.059213557387674e+18,3.0648709205657786e+17,56.63550438898442,2.4589213665552982,1.49530548933662,0.08973885387879742,0.6034543062717416,0.18309041648009347,0.9361515089977909,0.2004,0.0252,0.05226298750225599,0.1823638074076166,0.002008186616231252,26.024965548439678,170.5572486282626,7.405016824649129,3,0.000978372440109658,30,1.9699580669403076,0.4686731617561787
case,S4,3,19,1,GLUE,hyb,sample,50000,10,1003,4.70006518015298e-18,0.1733934021497527,1.5932520866879394,4.9999999999999996e-05,8787.780379342672,2e-10,5,1.0,0.5301505628145959,0.004804796938034444,0.47783869982836114,0.0061015801708968545,0.42063947082620834,0.6272607547713421,0.5760506827121152,0.5727926070877838,0.5204238620423088,0.5520556069175508,0.5008546860571302,0.5452974154588136,0.4960363421657732,0.5438070610406492,0.49593792803876324,0.5439895768850171,0.49249008785445947,0.5301505628145959,0.47783869982836114,0.5889863163316444,0.5646172778523948,0.8652654723284512,0.8599100189383126,0.9470609718740575,0.9425707217225788,0.06126011176944539,1.3075980572943589,0.9523643557137735,0.27625939979301456,2.5323252801725948e+16,8830315140181507.0,0.6864213820478017,0.239357762207701,2.9206952539003077,2.1464305259039556,0.18231793004741248,0.08758245479224076,0.39585993468309993,0.0,0.0,0.005265085862607933,0.0875532385239593,0.001650732709975119,3.1895447583923455,0.6118336396921004,0.21334873107128174,131,0.000995782554179962,32,1.6062681674957275,0.4686731617561787
case,S4,3,20,1,GLUE,hyb,sample,50000,10,1003,5e-20,5.913492263093174,1.6785835030238543,3.6585597982197934e-05,3863.6946591723517,1.9621927914464775e-10,1,1e-06,0.7277009200302071,0.025299418090619315,0.7266619262068248,0.019690467611466568,0.7438002034009737,0.7277009200302071,0.7266619262068248,0.755120110297001,0.7473989946392909,0.9210127416233341,0.9169675908441386,0.9905958267068661,0.9887753853453318,0.9994099785792858,0.9978729089623757,1.000318006155631,0.9988099993096077,1.0004470677506812,0.9989419174453763,1.00085985052707,0.9993543844987389,1.0061424230889155,1.0046290420018718,1.0487378708659743,1.0471604241760724,196.39169852592997,0.6773052451263537,0.8459736503875739,9.926290558087398,1.7888846541600254e+16,5416448032723229.0,0.00015125450195687857,4.579737143251156e-05,0.10073795431176076,0.10072733238277874,4.5788835321284056e-05,3.096851214389957e-05,0.00014953322337249897,0.0,0.0,5.470783131110491e-06,3.084478661619064e-05,2.869409659463317e-05,0.19065883858959773,0.4322113819712273,0.13086648622953767,68,0.0009874020606022672,34,0.7319800853729248,0.4686731617561787
case,S4,3,21,1,GLUE,hyb,sample,50000,10,1003,1.950230184802979e-19,1.2094282564070158,1.2438800241794268,6.000000000000003e-06,6949.793020352791,9.651410783511266e-11,5,1.0,0.5131634379827145,0.0024654103296066067,0.4970520767373697,0.0016976040606029184,0.4897538397358886,0.6344248003585659,0.6183545275999207,0.58080280782144,0.5498413167473192,0.5579934833632268,0.5209460908319796,0.5449003969851078,0.510906261038078,0.5309171999284132,0.5054837104496889,0.5165060101961565,0.5029746096012627,0.5131634379827145,0.4970520767373697,0.5855378559011185,0.5618026441694874,0.8037826265234755,0.7907892698039328,1.0010550263893396,0.9971754995952589,10.297773485188292,0.0499783548794515,0.30140257942418375,1.5043836488228408,2.539181941010002e+18,1.589113726788289e+17,0.40944878208615304,0.02562481520213717,0.6481161976567391,0.471619872889126,0.02446344156784057,0.021907447012143155,0.11424781440588623,0.0,0.0,0.012028779701203739,0.02131370650151683,0.0006311429447083306,19.058724813540593,61.34902735333892,3.8394484427343785,5,0.0009951040193435414,25,1.1405060291290283,0.4686731617561787
case,S4,3,22,1,GLUE,hyb,sample,50000,10,1003,2e-17,0.1,1.4635352811489242,6.000000000000003e-06,9803.522353845776,2e-10,5,0.001,0.4852733883813996,0.013913572918368202,0.39035603379661915,0.023899257852414,0.35850018032800723,0.5962965827714534,0.5286970430403791,0.5354713052690603,0.45724105647610347,0.4949627969386915,0.4121903711508268,0.4852733883813996,0.39035603379661915,0.5129271714408937,0.39426542884302557,0.520471347442675,0.5155726520452022,0.6904198310371187,0.8147315044347913,0.8983644323131147,0.8939991491871975,0.9751519362003089,0.9697621124398006,0.9850061756946464,0.9808498092843146,0.008302695335869234,0.020498310075893096,0.19585144450393455,0.1463535281148924,3.382015748841429e+18,9.054478331721718e+16,676.4031497682857,18.108956663443436,0.35756897383985303,0.010086711329339,0.8987117301815152,0.07284788343632338,0.997018546572446,0.95764,0.54824,0.06404133293237041,0.07010819335793315,0.0012515255314049692,51.17061643998367,81.71268601672784,2.187647249184741,2,0.0009756901874326161,30,1.931922197341919,0.4686731617561787
case,S4,3,23,1,GLUE,hyb,sample,50000,10,1003,5e-20,0.1288853371005869,2.0,6.902236242381304e-06,200.0,5.34164699116382e-12,5,0.01,0.608472011359808,0.016490048385965503,0.5872272852806559,0.026129744273805218,0.6006629665168884,0.6771955652756436,0.6303212825126907,0.6270987107179118,0.5879034436289527,0.6139819769491599,0.5828886366959154,0.6109464036666675,0.5851078172026554,0.608472011359808,0.5872272852806559,0.7236731381993098,0.7150019867914665,0.89394027932542,0.8919066598722474,0.9701063173934065,0.9685460307845088,0.9948143619177129,0.9931881060003198,1.0347307036240603,1.0329565034258663,4.280382748827907,0.7432299629753667,0.8646189825773186,0.2577706742011738,1.709262388095322e+17,1.1405798246175274e+17,0.06630941992886864,0.04424785046445496,3.715034939376435,3.6381721640450078,0.04230397231784883,0.005233204178234374,0.05743918047521617,0.0,0.0,0.00039350003915333305,0.005230585854803517,0.000898368353667919,0.43801636327317683,4.129738925269091,2.7557482876273953,74,0.001,40,1.2549889087677002,0.4686731617561787
case,S4,3,24,1,GLUE,hyb,sample,50000,10,1003,5e-20,3.1639769675636753,1.45397441746322,2.336921082096636e-05,200.0,2.0942478082462543e-11,5,1e-05,0.984993436622309,0.01186854960818347,0.9760945152362023,0.02108229228535624,0.9432886393085329,1.0145071295461017,1.006348957592518,0.984993436622309,0.9760945152362023,0.9873029297984555,0.9824004488375578,0.9980307002141344,0.9959883610603775,1.0001567261228181,0.998594856223934,1.0003926295821048,0.9988820943775025,1.0004544567171263,0.9989490330045617,1.0008605127081736,0.999354998873622,1.0061423664844935,1.0046289596059925,1.0487376129109363,1.0471601519253186,105.07814724555442,2.989179586885006,0.9972518144365446,4.600341568280441,1.4718662640923734e+16,1.1788069942569906e+16,0.00023259749978928252,0.00018628564720000085,0.21733467704712173,0.2173246142161851,0.00018624134813475607,1.7082571980019934e-05,0.00023240377269326823,0.0,0.0,1.069398789750746e-06,1.7076881654779833e-05,6.096335469909648e-05,0.017541665727371713,0.35561675293083733,0.28481087300980645,299,0.0009693162783088134,30,0.7452170848846436,0.4686731617561787
case,S4,3,25,1,GLUE,hyb,sample,50000,10,1003,5e-20,10.0,1.2178112584512832,6.971439247664978e-06,200.0,2e-10,4,1e-06,0.8180965754701758,0.04523333118729171,0.8040945097662675,0.04821895493602731,0.7950086904393301,0.8180965754701758,0.8040945097662675,0.8960776710562255,0.88515449291709,0.9829697196226611,0.979935499772337,0.998551335684229,0.9968847714381415,1.000227335706604,0.9987062998999429,1.000399973008621,0.9988935761592362,1.0004552747081603,0.9989502854830509,1.0008606791597363,0.9993552292559149,1.0061425124524697,1.0046291330038037,1.0487378800809009,1.0471604335823053,332.10781343476935,0.03325704540735547,0.2478955474589798,12.178112584512832,4.49068959677882e+16,4926038957644770.0,0.000224534479838941,2.463019478822385e-05,0.08211250827846127,0.08209609732102593,2.463356691541645e-05,2.1012730398173344e-05,0.00011399880441141023,0.0,0.0,6.406228076265821e-05,4.457107345478453e-06,2.0426767709359606e-05,3.1361927483663843,1.0849929044413174,0.11901774105874192,3,0.0009742490067610266,25,0.4775969982147217,0.4686731617561787
case,S4,3,26,1,GLUE,hyb,sample,50000,10,1003,5e-20,2.5054474432315033,2.0,6.189287538958411e-06,605.7233028396874,9.038771760739164e-12,5,0.001,0.5334753857652187,0.00702231486037061,0.5244664534592309,0.01240439607404292,0.49732507710202023,0.6250165043444216,0.585086215307526,0.5769763064379019,0.553287413519838,0.5546610968507235,0.5420572734582346,0.5334753857652187,0.5244664534592309,0.6137296400791978,0.6027400840288026,0.749817929804452,0.7380904749421264,0.9421604977571283,0.9381912007790387,0.99403356771613,0.9922392142247398,1.0052479156351644,1.003695234293722,1.048519880334166,1.046934405559819,83.20786720473478,0.35317556829916386,0.6966768425994713,5.0108948864630065,3.884667773553852e+17,1.3184091123650706e+17,0.007752443149522712,0.0026310851499335357,0.19904145704340723,0.19802993624263068,0.002622407468183521,0.0011988496584352142,0.007058860395774384,0.0,0.0,0.0006204496836118436,0.0011747160271941594,0.00022355188241270318,2.7754169498175827,9.38572323823292,3.1854005965875527,35,0.001,40,1.2291207313537598,0.4686731617561787
case,S4,3,27,1,GLUE,hyb,sample,50000,10,1003,2e-17,0.6840993310030459,0.9431455187330022,9.061583908208826e-06,14789.032416561064,2e-10,4,0.001,0.48276669459272237,0.008123569224719344,0.40871390046774714,0.013271769157814518,0.3479133055509725,0.5525034103258004,0.5121918373633987,0.5303889090108153,0.4842281163969628,0.49685491991667,0.43663685394954205,0.48276669459272237,0.40871390046774714,0.488739530998927,0.4219336720889406,0.503632895776488,0.469849051293156,0.5653022333389754,0.5870201734498551,0.7192478176674421,0.7830017909386897,0.8780219677084684,0.8751734046651414,0.9359250235874601,0.9304026252599078,0.056798683247902514,0.07255181490605389,0.3591678119929788,0.6452052184037675,1.6518163962601068e+18,1.3858114184954341e+17,48.291712077489294,4.051491810300466,0.3068191592055939,0.03144330770117729,0.698563009599069,0.15844123725344503,0.9730906320380902,0.31352,0.10668,0.11093974841250032,0.15441990975951028,0.0018918452227750897,58.641027858381676,39.90943998150302,3.3482509168298664,7,0.000992784756561055,19,2.036562919616699,0.4686731617561787
case,S4,3,28,1,GLUE,hyb,sample,50000,10,1003,2e-17,0.19939973852934412,0.5,1.9408085279559382e-05,8505.429346415038,8.422710669923038e-11,2,0.1,0.8188087264174735,0.0021770871074199088,0.8483365082206304,0.0027146818212452194,0.7565775989587208,0.8820458083200855,0.9399283118341467,0.8597145902441973,0.9140549683026024,0.8478172066746609,0.8961616916826485,0.8446634757573159,0.8886273370433004,0.8350218293170011,0.8784007904485887,0.8188087264174735,0.8483365082206304,0.902325949997817,0.9065411304869221,0.9769319549303642,0.9768157409837779,0.9905080206724846,0.9896934705310286,0.992497620064513,0.9915680661637337,0.0165555527906113,1.4907068479499028,0.9655477915944879,0.09969986926467206,4.600850195770099e+17,1.6646077501057968e+17,46.14700329803118,16.696187892551617,0.5667945822037627,0.21274105927273063,0.9226663102380963,0.04482433395838027,0.9786839529832554,0.96348,0.77496,0.0021164494247363154,0.04481382461278572,0.001140791965161129,1.8552457322377631,11.116087427616229,4.021849113860653,149,0.001,10,0.959230899810791,0.4686731617561787
case,S4,3,29,1,GLUE,hyb,sample,50000,10,1003,7.567819272033089e-19,0.16325173826926356,1.6771207763899334,8.963578487192892e-06,6068.343036638259,2.660688947145921e-11,4,0.001,0.6197744201216844,0.010052251598996054,0.5987325773214989,0.018370632450932595,0.45423365390031495,0.6985895612809171,0.6798042635124959,0.656275490131553,0.6345925092895651,0.6257833540880956,0.6037372920538269,0.6197744201216844,0.5987325773214989,0.6371704262944313,0.6220144025656121,0.6510077502278818,0.6493141842311843,0.6472321730724956,0.6773534668166771,0.6439511749340524,0.6751456966222154,0.7788873413529703,0.7807536763793818,0.8878504711499671,0.8853352310318151,0.3582087249122757,0.30009112820813677,0.6572915827336138,0.2737928820331535,1.1397397543198212e+18,2.505064274587765e+17,5.283462564801216,1.161266268640779,1.6899333292582615,0.5812712120284971,0.46629888766183925,0.17581221894179677,0.810931099867538,0.00836,0.0,0.014225121909786394,0.17568126757848834,0.0020810429995342375,6.835573274060242,27.537185986618145,6.052471239710647,30,0.000986541633170549,34,2.273693799972534,0.4686731617561787
case,S4,3,30,1,GLUE,hyb,sample,50000,10,1003,2e-17,10.0,1.3295675947626013,7.3505723185062285e-06,9275.311252570313,1.1063062770024198e-10,3,1.0,0.47942843209731933,0.000727279498904011,0.4225419378662633,0.0011904224007036534,0.4320372154902583,0.5537452868445291,0.5620328344754519,0.5463540045483949,0.5544570362359175,0.5179752022451526,0.5237018414351883,0.49822151221531136,0.4930427815084319,0.5058693273453871,0.4751062246512692,0.5047073103861472,0.4453910365104152,0.47942843209731933,0.4225419378662633,0.5417998926805904,0.5493981564060975,0.620662676654381,0.623516059671713,0.7640329060105961,0.7570528611006194,0.8302695335869232,0.06122168253223509,0.33175770644331837,13.295675947626012,1.8904095184293468e+18,1.3941379657542083e+17,3.780819036858694,0.2788275931508417,0.0588135751400806,0.01573212082723065,0.17897861319028252,0.14609447167092243,0.7717294469344061,0.0,0.0,0.25852989135713533,0.115341516418699,0.0015172193950153158,170.39717011693327,45.67407454426182,3.368368639285557,6,0.0009848648850093343,27,1.2865262031555176,0.4686731617561787
case,S4,3,31,1,GLUE,hyb,sample,50000,10,1003,4.1555904940119793e-19,0.25538284860751304,1.847155609754578,9.715628035690701e-06,20000.0,2e-10,5,10.0,0.5134063757619644,0.0009620343113802011,0.5161646327651722,0.0011325330295162384,0.4872418459550013,0.6319462930427016,0.6463337327029488,0.5750699286900584,0.5806295962584795,0.5512091376056565,0.5432400864593555,0.5450135874742216,0.5308206877857605,0.5441856697810349,0.5284524710746671,0.5348763141915285,0.5246046673410094,0.5214984413590569,0.5248507932958579,0.5134063757619644,0.5161646327651722,0.6317814132583752,0.6216829876779871,0.7805723759744844,0.7684012879351814,1.0204884186976315,0.04258503706519556,0.2792289335044186,0.47173186144047186,1.6914910631716086e+18,8.856489297812341e+16,2.7523947755884515,0.14411282095482533,1.852831551196178,0.5649321192386344,0.11525032344526108,0.08987936468920696,0.39965781803625067,0.0,0.0,0.02218747965985856,0.08949475485640111,0.0013005967658312897,17.059460889614936,40.868017303701585,2.1398112337311335,4,0.0009984624917592313,37,1.6720991134643555,0.4686731617561787
case,S4,3,32,1,GLUE,hyb,sample,50000,10,1003,2e-17,0.8826187166818376,1.8663191975436333,6.301641228779904e-06,200.0,6.529761060286495e-11,4,1.0,0.5151626898873096,0.002356998163619948,0.501679853083353,0.0036269952981248174,0.5122573862417203,0.6195174958081615,0.6033685949429387,0.5837164749790265,0.5711826448110869,0.546840993646009,0.5393799032668787,0.5330039674203809,0.5264673817365765,0.5256561614354645,0.5209110424430337,0.5179262300065834,0.5145593992002068,0.5151626898873096,0.501679853083353,0.7125017731534982,0.6974280087072262,0.9147471578594955,0.9091865277642464,0.9588934356284312,0.9552338137916259,0.0732811430234518,0.054309134823879175,0.313524496267393,1.6472482550546386,6.368906931216724e+16,1.0909675779982352e+16,1.4431841996644537,0.2472115212103535,0.4867442499819098,0.2484761634197313,0.1959571597578378,0.041693729298509286,0.34308425821497873,0.0,0.0,0.09742897385285784,0.026735855512847642,0.00175988197675331,55.36108394757137,1.5387879033932745,0.2635880426811684,5,0.00098227326186507,38,3.255469799041748,0.4686731617561787
case,S4,3,33,1,GLUE,hyb,sample,50000,10,1003,2e-17,0.344089170437379,1.6571539084917297,4.9999999999999996e-05,20000.0,2e-10,5,10.0,0.5962474487214544,0.0009615837008454795,0.5941914234826944,0.0030389183356586873,0.5231194068269415,0.7542658463429727,0.7339400007426439,0.6964389044515632,0.6691321446024343,0.6437699365327614,0.6180661043843628,0.6248702504253835,0.5997842539034812,0.6200462843578507,0.5953076497056531,0.6189909576544368,0.5960636434261695,0.6111772187525998,0.598359738095232,0.5962474487214544,0.5941914234826944,0.7857955340444416,0.7874724227711213,0.9235254499276582,0.9236258510802606,0.028568675505135404,1.2571755240462206,0.9478679666166542,0.5702087136599796,5.589854804553063e+16,1.892345016775243e+16,3.2490733709797848,1.0999154750321514,0.83514971310191,0.41273559042049923,0.47473269716860855,0.15252681149891228,0.7621663463161746,0.0,0.0,0.008924678819113113,0.15247482757266523,0.002122329602911132,4.205133268117928,1.350561571689943,0.4572083800734691,126,0.000974796416759841,34,2.9910099506378174,0.4686731617561787
case,S4,3,34,1,GLUE,hyb,sample,50000,10,1003,2e-17,4.845586709669103,1.2185390921159596,7.571667639507526e-06,20000.0,2e-10,5,1.0,0.4639329348444593,0.0017049276318610558,0.41738941482851766,0.0018536451017652305,0.3767491324048445,0.5628845344893897,0.492889405047077,0.5449419272039975,0.47352578465853074,0.5036183055133303,0.428925892317055,0.48182852343841437,0.3996150150682243,0.4849357512472355,0.39095065843382215,0.4814708524695742,0.40077788477271065,0.4639329348444593,0.41738941482851766,0.4762369049364775,0.44425112897200475,0.5931530645817887,0.5895885133519616,0.7837625876030987,0.7785083988601476,0.4023143017391961,0.039206887995425495,0.2683704630103648,5.904536829969349,3.55369278813842e+18,1.7341144167978464e+17,14.66775026870212,0.715750030161473,0.09870977203115922,0.01080954772926203,0.3139328818221248,0.20035713555485268,0.9217650482580719,0.02364,0.00196,0.37686963137664314,0.15594798602443818,0.0018361517946117237,205.24971436598287,85.86056498895383,4.189783767429976,4,0.0009748312736927677,25,1.2190430164337158,0.4639329348444593
case,S4,3,35,1,GLUE,hyb,sample,50000,10,1003,2e-17,0.11414345558625849,1.875423028891924,1.1935783406149402e-05,20000.0,2e-10,2,0.1,0.5733051259885968,0.004006545351624545,0.6445672319753161,0.008059076126662394,0.5725927893730944,0.6751205971458341,0.8471582308897473,0.6698412565721377,0.8554166708830838,0.6921404304876484,0.915189484269374,0.7712038073139654,1.0283480364940436,0.7054056427390718,0.8169456325164012,0.5733051259885968,0.6445672319753161,0.8329541589109454,1.0339834612716041,0.8973113009741709,0.9061285542106713,0.9659383792249588,0.9600341869155183,0.9770689945797694,0.9717996157613629,0.009476983363160253,0.06330257374993607,0.33700656859475125,0.2140672652037717,9.560956812182276e+17,7.1042508632736024e+16,167.5252735792117,12.447933745802716,0.34737149552079655,0.027719455709700257,0.8618373588611817,0.10361028803390623,0.9918152760751192,0.793,0.39644,0.052161388030764255,0.10231142072698281,0.001412550283945059,36.927101727723745,23.10017220590937,1.7164539235915945,6,0.000987064752048381,38,2.6442840099334717,0.4639329348444593
case,S4,3,36,1,GLUE,hyb,sample,50000,10,1003,2e-17,3.4591970548093123,1.185417928984035,7.443796006605315e-06,13888.560374581579,1.536739003344564e-10,5,1.0,0.45846126458153247,0.0013788076405083728,0.4055186495428515,0.001975224103225143,0.38169669081978774,0.5843204656305885,0.5190833568284878,0.5652883769538501,0.49565596711050947,0.5224500436763159,0.4406700676234533,0.49867150100566826,0.40690780493410006,0.493276885606322,0.3960889624364691,0.4773396235492884,0.39176094259994004,0.45846126458153247,0.4055186495428515,0.4915606249175776,0.46760998640977264,0.6223210417088507,0.6220143929376893,0.8080909993956533,0.8033336845878166,0.28720659252817865,0.050695110039403586,0.3034495453486305,4.100594208659729,2.66087229232388e+18,1.6460893140800822e+17,15.384334862476114,0.9517175737598,0.12494999220332523,0.014884162077454325,0.38051930864097755,0.20045245822639118,0.9261524634319345,0.0358,0.0032,0.3208183673763949,0.16929524475122995,0.0019576865234764264,163.8762710623819,64.28918086137111,3.9771068281688002,5,0.0009878482741533625,24,1.0623838901519775,0.45846126458153247
case,S4,3,37,1,GLUE,hyb,sample,50000,10,1003,5e-20,0.41735633570302777,1.945513127971111,6.400547601380723e-06,20000.0,1.198465194752646e-11,1,0.001,0.5639775732018699,0.009819297530045356,0.5839384015524514,0.014734535498284237,0.5239137908195335,0.5977451096232318,0.6020144098502698,0.5833973695051456,0.5913097597936868,0.5674420384349652,0.5816551998683721,0.5639775732018699,0.5839384015524514,0.572590219390142,0.6032657848180982,0.576863208625648,0.6100028012946156,0.6207658303088394,0.6418167877865446,0.6617510617916862,0.6727661989975984,0.7110881215181846,0.7083590453633711,0.8687243404641993,0.8617601306610421,13.86073000734801,0.292835295780533,0.6513887684304589,0.8119722301521587,1.0163443411226438e+19,2.1301656689167055e+18,1.2175978344867266,0.2551974759564255,0.9811756604172882,0.555361839407059,0.18294519770174872,0.11894452454539708,0.4972213995885618,0.0,0.0,0.013366688421737733,0.11877507434317407,0.0015917598083355904,8.397428023838906,245.55836577485601,51.46680896664415,29,0.0009976990399851852,39,2.3958301544189453,0.45846126458153247
case,S4,3,38,1,GLUE,hyb,sample,50000,10,1003,5.338617321239114e-18,0.6497633503200662,2.0,7.776609148361989e-06,13460.401085125368,1.8613826991110862e-10,5,0.1,0.4942067284879136,0.005083296923077789,0.39765706106968707,0.005568412169433896,0.3761386701886297,0.6301092878886055,0.5440126763456006,0.5895524422852491,0.5027607836736744,0.5430463858629127,0.45516200702705334,0.525125753860939,0.43481297744316566,0.5175447327247663,0.42384354895358356,0.4942067284879136,0.39765706106968707,0.5160043948004723,0.5018347249969087,0.5921155033697485,0.6380278191453034,0.6629589784952687,0.6781947141208343,0.7895670290937283,0.7867056638748512,0.20210428331915087,0.02707469823161919,0.22435464126234472,1.2995267006401323,2.1592001783100047e+18,7.546839989023381e+16,17.740525787227355,0.620067147003197,0.4749870592999645,0.041061330869809086,0.3142691824249156,0.17768194048441877,0.844936338712414,0.00568,0.0,0.17134260798433348,0.16676577846166474,0.0018949329080529787,90.42146413531125,52.168310061225725,1.8233876251250625,3,0.001,40,3.3050649166107178,0.45846126458153247
case,S4,3,39,1,GLUE,hyb,sample,50000,10,1003,1.0084112949806578e-19,1.5150391168200255,0.5807507152917347,1.7122502428775196e-05,20000.0,2e-10,5,0.1,0.5250593358480373,0.004225957332017876,0.5129176487777831,0.010438919274821051,0.5155944961116232,0.595755153126784,0.5772069933222334,0.5638534372456927,0.5420870453990406,0.5494843160369454,0.526357625661505,0.5424329437408751,0.5213642134228959,0.5262932549646455,0.5088614633290395,0.5250593358480373,0.5129176487777831,0.7107320228528967,0.6993052961667975,0.8577599676871925,0.850111965792235,0.9780461967674123,0.9752617601664056,1.0430949340199056,1.0412566012752809,24.94797166888604,0.4206912445444803,0.7387410741635214,0.8798600507881879,6.542205482851437e+17,1.5943896359903766e+17,0.043544974052148355,0.01061227066471703,1.1246097218878148,1.0891187374851605,0.010417959829669086,0.00816808824447331,0.03629830352446408,0.0,0.0,0.0006750645120429073,0.00816010712161227,0.00042108412303267775,1.6031583123605913,15.806584657693723,3.8521955363051474,42,0.0009679178588195579,12,0.469296932220459,0.45846126458153247
case,S4,3,40,1,GLUE,hyb,sample,50000,10,1003,5e-20,10.0,1.7577223529654522,8.120897389546918e-06,10010.634472715714,1.0431257502146864e-11,1,0.0001,0.5571022599183935,0.01012438206080613,0.5557312494213489,0.01817366149901771,0.5169444393984496,0.594864253195961,0.6014371740616566,0.5763518965122316,0.5794398436229964,0.5571022599183935,0.5557312494213489,0.569037658234075,0.5669967766683626,0.6313121721256465,0.6270002681727656,0.6627089939395251,0.6524026153723118,0.8702452374660392,0.8635373728952557,0.9835331204774524,0.9813076819421387,1.0040719783562004,1.0024646592335962,1.0483740379213162,1.0467793564851937,332.10781343476935,0.5994733122799623,0.8200963657543071,17.57722352965452,3.863370556528153e+18,1.0800563744448554e+18,0.019316852782640767,0.005400281872224277,0.05658622494339298,0.05581366221196384,0.005355272869879118,0.003929532010995806,0.01885516160652878,0.0,0.0,0.0008923890728940515,0.0039055514129656115,0.0003059828225436765,2.9164678771033636,93.34267155911387,26.095179312991377,60,0.0009765124183141401,36,1.8177316188812256,0.45846126458153247
case,S4,3,41,1,GLUE,hyb,sample,50000,10,1003,7.157202939480774e-19,0.15137574973302506,1.9950195733028944,4.9999999999999996e-05,20000.0,2e-10,5,1.0,0.5180478813888822,0.005147508713928005,0.47457790789211496,0.008222749449269436,0.4818526620123607,0.595166559288223,0.5478183425581257,0.5547494194428757,0.5042748022287905,0.5426079707415662,0.4962681980632692,0.5405093874007949,0.4936469019569141,0.5407932509557144,0.49044390337756133,0.5355144246707568,0.4792454029946055,0.5180478813888822,0.47457790789211496,0.7711579448346797,0.7598117269965772,0.9172917948677253,0.9118259829425319,0.9878782443546192,0.9825495994364118,0.3512061183396522,1.0442671145748355,0.9232682165268657,0.3019975836407854,4.9082155220039096e+16,1.5753183758582396e+16,0.23206553641284833,0.07448269177986357,3.081747893842198,2.6875881797678365,0.06719066270781326,0.04059025175066168,0.17720683080422622,0.0,0.0,0.002511712513461402,0.04057511878766357,0.0010614905124917639,2.3662128713382073,1.1858711006574318,0.3806117575501609,104,0.0009975097866514473,40,1.3591501712799072,0.45846126458153247
case,S4,3,42,1,GLUE,hyb,sample,50000,10,1003,5e-20,0.9875821106603728,1.5378207210900776,6.000000000000003e-06,20000.0,6.711706040425289e-11,5,1.0,0.5094320824481888,0.002213171842420706,0.4961699143883491,0.0029451555053122895,0.48541290960798433,0.6445977250732816,0.6030533907272673,0.5851085784441433,0.5508911735777272,0.5554875299609797,0.5276817069161179,0.5414491434947752,0.5171510226795274,0.5287841378800564,0.5099960274542358,0.5152379631711426,0.5053405205766345,0.5094320824481888,0.4961699143883491,0.5845289225073753,0.5624659341764595,0.7926551304429064,0.7792785170802123,0.997383764460204,0.9933142794528702,32.798373535871086,0.05813164529945392,0.32376493494104375,1.5187242335513953,7.448005056739931e+18,5.17078536387268e+17,0.3770828256376387,0.026179014929781877,0.6416496296870081,0.4781465374948587,0.024932332605757133,0.023071838457447348,0.11777880448547673,0.0,0.0,0.011460439044316826,0.022549311458433068,0.0006317618991463637,18.140440345962876,179.950817455796,12.493104476014388,6,0.0009921424007032758,31,1.2089569568634033,0.45846126458153247
case,S4,3,43,1,GLUE,hyb,sample,50000,10,1003,2e-17,10.0,0.7077965478589963,8.146576197070886e-06,200.0,1.1891127750064164e-10,5,0.01,0.512521951133331,0.006457161976464198,0.4974823060198075,0.0101312648554995,0.4652838583877587,0.6552491004857252,0.6343711821066327,0.5895581039485686,0.5698950693552691,0.5448823171896054,0.5233790708363107,0.5267713211308239,0.5086405129197172,0.512521951133331,0.4974823060198075,0.548788329029078,0.5264051672764637,0.6715447479493406,0.6497230029269356,0.9159784551373997,0.9096922432169763,0.9891876527409593,0.9868214986084236,1.0401053313098916,1.0383136106295143,0.8302695335869232,0.13142183066300722,0.4699342435382562,7.077965478589963,3.6004248272754856e+16,1.228821999607506e+16,0.07200849654550973,0.024576439992150124,0.13789457948410125,0.1317932999573359,0.02392605050899685,0.007663215383173491,0.05271315239139574,0.0,0.0,0.019105140739864693,0.004041677751526991,0.0006745273813319673,28.32374380731349,0.8698965507146943,0.2968949693944305,13,0.0009437287304786617,15,1.5358269214630127,0.45846126458153247
case,S4,3,44,1,GLUE,hyb,sample,50000,10,1003,3.0416523033994516e-19,2.2608244592002036,1.873852379762078,1.2001588688272108e-05,20000.0,9.767084118345112e-11,5,0.1,0.5099825158178767,0.002006704573640571,0.4972240754079079,0.0022365485226254517,0.446246417540552,0.6633585759840714,0.6538836910145933,0.600483802232876,0.5792477924604083,0.5561149309208876,0.5309887867060222,0.5360306020653401,0.5095633612795879,0.5220993504619298,0.5012217733991278,0.5099825158178767,0.4972240754079079,0.5285936919510208,0.5109602194731024,0.6301708768813696,0.608193727274755,0.8645651229862306,0.8552041011085798,1.0192338539191155,1.0162228675856033,12.34259199951394,0.13116740437076022,0.46953578925826556,4.236451293096614,1.1034064030341804e+18,1.4519121321020032e+17,0.1484493240382719,0.01953363456844394,0.23152411061594635,0.2055350750318662,0.01883417427016486,0.017514923706824916,0.09367454733246489,0.0,0.0,0.011368540464600577,0.016763120912422012,0.0005509587029208073,20.63410633924526,26.6593379971296,3.5079564669375363,13,0.0009862380946116201,38,1.8616409301757812,0.45846126458153247
case,S4,3,45,1,GLUE,hyb,sample,50000,10,1003,2e-17,0.12048492081621946,1.1418143567412198,6.000000000000003e-06,20000.0,2e-10,1,0.001,0.5074811204592423,0.018469644264193428,0.9514481962546071,0.10540395083230632,0.42064728313389804,0.7040886331843055,1.5247334636868368,0.704437516965706,1.5507558459539101,0.6743941809195488,1.5295142637509722,0.5074811204592423,0.9514481962546071,0.5238463164061493,0.5037073464469719,0.5947409655494127,0.710869070958559,0.8021698205101062,0.8453989092198032,0.9589266882606082,0.9527286807187669,0.9889554825520346,0.9842929063491832,0.9932775553247655,0.9891168163423092,0.010003495901033992,0.026273973367808345,0.221099698661993,0.13757141235878842,6.977926657749045e+18,2.355599054115163e+17,1158.3070496253652,39.10197289681177,0.18126170673764214,0.006270083541001292,0.9427859994668701,0.05225227480931184,0.9988394532109754,0.97632,0.90608,0.05105255270063536,0.049721867928688504,0.000949781153720224,53.751911691094534,168.59328056876438,5.691349188901669,3,0.000992882049340191,23,1.524043083190918,0.45846126458153247
case,S4,3,46,1,GLUE,hyb,sample,50000,10,1003,5.864829593940433e-19,2.0913604542285187,1.7319517386327101,2.7162461768523303e-05,20000.0,2e-10,5,0.1,0.5237854242968712,0.0029266724267246512,0.508590316324493,0.003764099368216514,0.5176849957433014,0.6090225858454374,0.592081021481581,0.5626574385524309,0.5330155434049622,0.5458548342497724,0.5114167202856048,0.5370622096724315,0.5083105893008693,0.5239999317860857,0.5054685298549793,0.5237854242968712,0.508590316324493,0.6666939677458148,0.6508272326167207,0.8364985560766869,0.8264563916303131,0.9764999166430643,0.9734127704379594,1.0432536516364082,1.041398231336888,5.921375348018626,0.3549941725998218,0.6979184672033882,3.6221353748087775,1.481218607238346e+17,3.3723610013399264e+16,0.04153800797591949,0.00945715625545048,0.27349376573154077,0.2650697688368359,0.0093066762133929,0.007600378131751734,0.03589611412939936,0.0,0.0,0.001782542870341072,0.007551326260318153,0.0003963196830404568,4.497739947372505,3.5787636712473736,0.814794182232732,35,0.0009896867077901202,35,1.2984061241149902,0.45846126458153247
case,S4,3,47,1,GLUE,hyb,sample,50000,10,1003,6.63687951671183e-19,10.0,1.0732095665049235,6.000000000000003e-06,20000.0,1.4815272117115818e-10,5,1.0,0.512873208874238,0.0007280406357911642,0.5065226754087754,0.0012598761669172771,0.487936983386802,0.7113313263546426,0.6210751464372071,0.6554964686356183,0.5493491868660673,0.5972201322270461,0.4920118443100698,0.5503679262963186,0.4766192936866922,0.5216690184364686,0.4925167783936171,0.5145341701186157,0.5096197728223302,0.512873208874238,0.5065226754087754,0.5595227026535716,0.5406427902446771,0.7740811383209499,0.7605650346098776,0.993087308516726,0.9889664175457933,25.019876630162827,0.03773610593158759,0.26347933543909763,10.732095665049235,7.123958599518671e+18,3.364167755166593e+17,0.47280854907048564,0.02232757606504758,0.09114343437235133,0.06326582392187781,0.021002082572738563,0.027441476977761288,0.20475185838444557,0.0,0.0,0.046512706876302615,0.01895178464112283,0.0005467751152911823,85.06734409727574,172.12154982958089,8.128146167849701,4,0.0009756450604590214,22,1.483901023864746,0.45846126458153247
case,S4,3,48,1,GLUE,hyb,sample,50000,10,1003,5e-20,2.824735890231503,1.5825124885667985,8.768026105660519e-06,20000.0,5e-12,5,1.0,0.5044615968060511,0.0018810582930755214,0.47893034831894976,0.0034790577815599507,0.464753973269554,0.657784778880412,0.6234830561296835,0.6087476471001481,0.5697062780062794,0.5620160019087812,0.5207444861948145,0.5464545486120357,0.5039692350306909,0.5399506718535634,0.4993375956410331,0.5270200273385128,0.49056713059887613,0.5044615968060511,0.47893034831894976,0.738267575773985,0.7298230410122108,0.8865006254161167,0.8812796020508078,0.9715684577366817,0.9657808791453771,93.81168600355012,1.6193296492122082,0.9724816054011609,4.470179823194207,1.239038512149134e+19,4.501219096848724e+18,0.21931935591464935,0.07967504346892805,0.20719627492847228,0.18346682192393354,0.07201246235913286,0.03970715615231527,0.17933743080395248,0.0,0.0,0.002618548399105521,0.03969062921734365,0.0011058018823074485,2.3680086288526323,299.36337505394283,108.75369308356944,162,0.0009890703053542491,32,2.9186761379241943,0.45846126458153247
case,S4,3,49,1,GLUE,hyb,sample,50000,10,1003,5e-20,3.541619711143702,1.530813215222263,6.000000000000003e-06,200.0,2.9294666019382614e-11,5,1e-05,0.6483819284033203,0.019975375643517583,0.6471173519648884,0.028792133291017482,0.6254286009644353,0.6735346704119962,0.6741161980473541,0.6483819284033203,0.6471173519648884,0.6499899315254366,0.6447707459221352,0.7936029582554709,0.7872074290159927,0.9655107459181448,0.963115421047908,0.9966865580289038,0.9950862164503309,1.000078663724483,0.9985641274377872,1.0008202686131984,0.9993137791196688,1.0061356444897682,1.0046220822762684,1.0487347492180383,1.047157248872189,117.61995782854143,0.13379518874116814,0.47362544098415055,5.4215582571104335,9.064359869372974e+16,3.126880632088775e+16,0.0012796913006853866,0.0004414478243175078,0.18436742714236118,0.184213079866171,0.0004412263165338131,0.00012917507813427383,0.0009334528032537135,0.0,0.0,0.0003059620975899352,7.686048724657931e-05,9.294851490237319e-05,3.291737344177011,2.190034721755607,0.7554838128390908,13,0.0009876214291756535,31,0.6942427158355713,0.45846126458153247
case,S4,3,50,1,GLUE,hyb,sample,50000,10,1003,5e-20,10.0,2.0,6.000000000000003e-06,6945.659553407602,5e-12,5,0.01,0.5153329348755813,0.002854700887700065,0.508349360351998,0.0048962051826004415,0.4340876839039809,0.6806653033941723,0.6323031373658543,0.6108995097142405,0.5679749379487528,0.5571270040302669,0.5253401354556673,0.533937249282134,0.5155097077770093,0.5153329348755813,0.508349360351998,0.5433567803016742,0.5356686212102797,0.7131438499839199,0.7013602037414189,0.8769710612890483,0.8696866948163621,0.9849064546149258,0.9822988695574791,1.044466200607146,1.0426577407751183,332.10781343476935,0.6000000000000005,0.8202875051210003,20.0,6.658596991153314e+18,1.8866380457566057e+18,0.03329298495576657,0.009433190228783028,0.04953274816401445,0.04838898621008292,0.009299279685410508,0.006660423090381181,0.03209969146223005,0.0,0.0,0.0015610399347759957,0.006618526337155453,0.0004035762690539073,3.868017161751107,160.87797504681282,45.582952212133726,60,0.001,40,2.4297027587890625,0.45846126458153247
case,S4,3,51,1,GLUE,hyb,sample,50000,10,1003,8.113988318858988e-20,10.0,0.9842394784973233,6.231836367148851e-06,12560.093649185208,8.001549996863547e-12,5,0.1,0.5146446863052909,0.002177276608777697,0.49563139164852077,0.004375388216948227,0.4290498122637526,0.6831294047009546,0.6560602740502175,0.6223056359442614,0.5898186630520377,0.5692592392361994,0.5372093830835166,0.5483090959830378,0.5159297344216855,0.535938744542769,0.508140789317458,0.5146446863052909,0.49563139164852077,0.5576463467477188,0.54550374877867,0.7505478953001943,0.7413176293430686,0.8891875669564252,0.8831916180286477,1.0118237576919225,1.008402023159561,204.6513997702373,0.8218752988717885,0.8836386572538533,9.842394784973234,1.3455553213107087e+19,4.070750736766567e+18,0.10917820159493644,0.03303002392711055,0.09835269735776495,0.0916005103225891,0.03148865639266521,0.021331159376166586,0.09785720490778603,0.0,0.0,0.002633498460025459,0.021283618526924182,0.0007356719333956712,3.579718540939725,325.0988394304914,98.35317204531621,82,0.0009842394784973234,20,1.7195277214050293,0.45846126458153247
case,S4,3,52,1,GLUE,hyb,sample,50000,10,1003,5e-20,4.335671931674261,0.5,4.9999999999999996e-05,20000.0,1.1994119614467753e-10,5,0.0001,0.8943097939191489,0.013807664279588563,0.8813471798918482,0.016814811457547926,0.8882965660197728,0.9398943252299073,0.9364906158205086,0.8988690136894384,0.8861221428887186,0.8943097939191489,0.8813471798918482,0.9430211281450079,0.9351624466797294,0.9916356775187605,0.9884590024702093,0.9995451467347045,0.9977644983652383,1.0003689154020425,0.9988355761296699,1.0008508675411416,0.999344231782621,1.0061384408773284,1.0046256267921738,1.0487288299966715,1.0471507558226067,143.99105249988415,6.947849113728493,0.9999950163160267,2.1678359658371305,1.854733373197944e+17,1.0237600120069614e+17,0.0021389226427029513,0.0011806243970258455,0.4607455469757076,0.46030495771268803,0.0011784911468912887,0.0004090336581057369,0.0021334000468495205,0.0,0.0,2.086723080660726e-05,0.0004089424109288038,0.0001510947352297989,0.13810693519446882,4.4812105272066844,2.473500617088008,695,0.001,10,0.2895781993865967,0.45846126458153247
case,S4,3,53,1,GLUE,hyb,sample,50000,10,1003,2.46121858615092e-18,5.31954631747106,1.588285291082492,4.9999999999999996e-05,20000.0,1.2582217740558376e-10,1,0.0001,0.6915992496598848,0.012732980773686628,0.6933167849323106,0.023105038145479085,0.6794214097519525,0.7341111944459364,0.7328887195583611,0.7124483144252002,0.7113886261239034,0.6915992496598848,0.6933167849323106,0.7084699924650123,0.7120071524914333,0.794427263103443,0.7910767317567318,0.8264510188196141,0.8206956955267739,0.868196514022876,0.8622160335593222,0.9692712951131884,0.9665563202011878,1.0014521529025986,0.999695899075461,1.0475457806865776,1.0458892485715787,3.5890003957819188,2.084985541915948,0.9876153719343416,8.44895717127132,8.046676814013056e+16,3.1124764105101144e+16,0.037229924037608206,0.014400635568007665,0.11667757082549766,0.11410951348297643,0.014132831329576868,0.007738735741025443,0.03585952224055905,0.0,0.0,0.0004884015373718463,0.007735954326272998,0.0005082602232412041,0.9609281132748932,1.94415291001166,0.7520036172321493,208,0.0009926783069265576,32,1.7740049362182617,0.45846126458153247
case,S4,3,54,1,GLUE,hyb,sample,50000,10,1003,2e-17,2.416170816932393,1.1610247970897571,6.019937361583713e-06,8164.967627068462,2e-10,5,1.0,0.4695602260644177,0.0019807270080125605,0.39681874555094965,0.0023118098352694905,0.3891738798012172,0.5908437904726946,0.5110952666950508,0.5613666457309144,0.4797003755957278,0.5155404961323259,0.43302248188338854,0.494495123623086,0.41022076534737895,0.4917273755583057,0.4021847078807446,0.4939563271106643,0.4090418562135546,0.4695602260644177,0.39681874555094965,0.5031366411723216,0.4901087108126728,0.6498760050524199,0.6531490994996945,0.817221972877484,0.8130646259167781,0.20060730172407934,0.026011248803808458,0.22002008604911868,2.8052342324631243,2.819595749666951e+18,9.659657303117083e+16,23.339374268635133,0.7995839727408951,0.1980882673839849,0.014646081991992894,0.3448529319337249,0.19217299588525794,0.9280564479951113,0.02648,0.00256,0.33692525807096557,0.15405568453265966,0.0019221280034042987,175.28762781367013,68.1240890925959,2.3338641888619027,3,0.0009675206642414643,24,1.5138821601867676,0.45846126458153247
case,S4,3,55,1,GLUE,hyb,sample,50000,10,1003,1.1929868139852218e-19,10.0,2.0,6.996412687833838e-06,12499.192898918885,8.160321777725418e-12,5,0.1,0.5061608189648901,0.0008396904565237574,0.501346681629042,0.0019154776295689903,0.4536986366479202,0.6758996718881995,0.6578820992936537,0.6247555533080144,0.5940355195752327,0.5703613868342956,0.5295673283040122,0.5421180291837363,0.5037996833538866,0.5250751106008245,0.5059133194650665,0.5061608189648901,0.501346681629042,0.5887782146385955,0.5814295963927426,0.738066425378759,0.7266941467120723,0.9153256348317027,0.9094023299761556,1.0275383312775739,1.0248855661191516,139.1917368832223,0.49987602441626616,0.7792714022089446,20.0,6.677312530159368e+18,1.7501669829160556e+18,0.07965945801338425,0.020879261328911533,0.04897738831026246,0.04631089889399197,0.020211508540151336,0.015168435002142553,0.07340573077566262,0.0,0.0,0.004511645267063262,0.015024626143766123,0.0005868336778920877,7.688115793335407,161.3301600973879,42.285682791647105,50,0.001,40,3.2588911056518555,0.45846126458153247
case,S4,3,56,1,GLUE,hyb,sample,50000,10,1003,2.968624406391019e-18,10.0,2.0,6.000000000000003e-06,20000.0,8.41520477832192e-11,5,1.0,0.49038056541655006,0.00045878650640366985,0.4604707501411018,0.0015828608784232928,0.43783240778968685,0.6659652969732275,0.57269752913319,0.6332326651246171,0.5359852212005608,0.5751667576969907,0.4785616020127933,0.5422649707713996,0.44372061980161853,0.5421190990667066,0.4356003647837812,0.5245219822771383,0.425837962581475,0.49038056541655006,0.4604707501411018,0.5312870089443138,0.5426380688985578,0.6148067992604388,0.6098825782361905,0.793973718352862,0.783890579691708,5.593631392367947,0.03564975635207577,0.25635555457683357,20.0,7.100684779053206e+18,3.19179454459193e+17,2.1079266137186567,0.09475239185261312,0.045672428187516136,0.016087895955874787,0.07417354518106899,0.09035707266577787,0.6205138165942752,0.0,0.0,0.19632038428107426,0.05807180343444367,0.000987237010858453,198.85841203457684,171.55923240549564,7.71167625524779,4,0.001,40,2.6139769554138184,0.45846126458153247
case,S4,3,57,1,GLUE,hyb,sample,50000,10,1003,2.486814955202586e-19,0.1,1.9658068574407914,2.0898799190642943e-05,20000.0,2e-10,5,1.0,0.5044191729929037,0.003708914749089941,0.46320023333710425,0.0065677878835409325,0.4137971487477824,0.5926593560218829,0.5405041893334039,0.553861098218397,0.5024462715089315,0.541379790759237,0.49571963452088347,0.5388803660106911,0.4934105300266484,0.5380075715646973,0.49271107090675115,0.5330305751839219,0.4885540784728546,0.5044191729929037,0.46320023333710425,0.603259203730838,0.5828725939854414,0.821006348925664,0.8109575165808961,0.9252480616618095,0.9176389977523677,0.6677372852772523,0.18514866044173967,0.5438990323695747,0.19658068574407916,2.3617771197875082e+17,3.88838203662817e+16,0.5873302662342864,0.09669686600228021,4.638446501003945,3.204733034441771,0.08325598420416158,0.061098128784573595,0.25390631753252013,0.0,0.0,0.004517403426194035,0.061062140823701434,0.001139101591513338,3.9657599110124138,5.706275977478808,0.9394697247667358,19,0.0009829034287203958,40,1.172914981842041,0.45846126458153247
case,S4,3,58,1,GLUE,hyb,sample,50000,10,1003,2e-17,1.5672525119339678,1.1020195290819392,7.247445670093579e-06,20000.0,1.0532984122713833e-10,5,0.1,0.4864702638937251,0.004655474524362516,0.5121242533615561,0.01825627215842976,0.3854002795353392,0.7070822526701768,1.0870294853652651,0.6751311104585955,1.0415542944907872,0.5951959474742357,0.9126121213794953,0.5729787724739919,0.8910012560559372,0.6258190703044667,0.9792198170747648,0.4864702638937251,0.5121242533615561,0.5157708671842193,0.472672504293989,0.618994150589168,0.6332292869276851,0.7700305562820456,0.771237637833136,0.9183981466824976,0.9130210919199282,0.13012420120963494,0.07541851312736272,0.3656857024201388,1.7271428751539575,4.4019515080059295e+18,3.813676892358927e+17,56.174119671041176,4.866703818713811,0.09869100493650156,0.01012680035766143,0.7174729814173028,0.16073846900084196,0.9818623857215253,0.34708,0.13872,0.20213709111388117,0.14657626418773673,0.0018396990601526528,109.87508527460379,106.3552946368657,9.214202582626307,8,0.0009582778513755994,23,0.5843048095703125,0.45846126458153247
case,S4,3,59,1,GLUE,hyb,sample,50000,10,1003,3.3295145023397346e-18,10.0,2.0,1.5189537237732667e-05,20000.0,2e-10,5,0.1,0.5111482494517138,0.0014557775978878904,0.5032082431114239,0.0018361527581684594,0.4533001664235357,0.6782328177114576,0.6465471084861609,0.6217337044911079,0.5916108240322112,0.5747574311934887,0.5349675071821592,0.5419631706788974,0.5053361806818154,0.52082400620037,0.5024977776555902,0.5111482494517138,0.5032082431114239,0.5243138088814783,0.5092504387022719,0.6090187079129882,0.5864208701902525,0.8603052291541946,0.8507210698914559,1.0192198028673154,1.0162119630649369,4.987330933705031,0.0961341839568614,0.40875396427034183,20.0,5.0166240977001414e+17,5.27115801513117e+16,0.16702922686079605,0.01755039705550356,0.04913761534041511,0.0428438284570606,0.01688287549814725,0.018498891460070343,0.1278632513160923,0.0,0.0,0.024671213750423887,0.01522624133831109,0.0005103362958048135,48.34305134326522,12.120636336473254,1.2735614255567045,10,0.001,40,2.6505181789398193,0.45846126458153247
case,S4,3,60,1,GLUE,hyb,sample,50000,10,1003,2e-17,10.0,1.51604439370614,4.9999999999999996e-05,20000.0,5e-12,3,10.0,1.0002719332781411,1.5127274036258554e-05,0.998212317996144,4.9028778950633805e-05,0.9960962208615248,1.1985010160096565,1.2151034199488664,1.194211277929687,1.2102377991744484,1.1617420022217628,1.1729755840761167,1.0789073977360117,1.0718279654308271,1.0380302381345163,1.0181559566212113,1.0349256368485396,1.0199885596484086,1.0141748438321911,1.0059073705303747,1.0002719332781411,0.998212317996144,1.0032620166989645,1.002445574341421,1.0042986696579892,1.0035785421576557,0.8302695335869232,54.96760759730503,1.0,15.160443937061402,7.73208493384836e+17,6.749764411203164e+17,1.5464169867696722,1.349952882240633,0.028069128370724363,0.025903506558225906,0.5732120960847777,0.023180448621854133,0.6072913263852365,0.0,0.0,0.0006032704079610116,0.02317947375338744,0.0022094862139875175,0.27303651144863844,18.681445486191503,16.30806657859203,5497,0.0009780931572297678,31,0.7722280025482178,0.45846126458153247
case,S4,3,61,1,GLUE,hyb,sample,50000,10,1003,5.041914054408147e-18,10.0,0.5001721319459561,7.672084820501446e-06,7517.524387881876,7.666431496659845e-11,5,0.01,0.5289657572981108,0.005973251620829579,0.4626272921057309,0.011397065511632935,0.3811725572146677,0.6779837211878059,0.6155565067920147,0.6379539403580283,0.5677810905870537,0.5749883818815521,0.4901051901621963,0.541731215515798,0.4559348123326992,0.5289657572981108,0.4626272921057309,0.5364745579360595,0.5077133971756327,0.5356600995137153,0.5407964783876488,0.5401270644019256,0.5536549783986633,0.6616260225523536,0.6594477708670727,0.7962587905013453,0.7883691153530676,3.293469601533642,0.2558366684453527,0.6190115439704114,5.001721319459561,2.0738040019043804e+18,4.185669978056584e+17,1.0455941543289555,0.2110378828947773,0.16509076531865755,0.09773745710696545,0.15868868699092598,0.10594293395321844,0.490197183323518,0.0,0.0,0.049940054425682605,0.10403291521241283,0.001510499281982645,33.06195178069366,50.10505800450414,10.11297291574552,26,0.0009094038762653747,11,0.37278175354003906,0.45846126458153247
case,S4,3,62,1,GLUE,hyb,sample,50000,10,1003,2e-17,10.0,0.5,6.000000000000003e-06,17396.470226789344,2e-10,5,1.0,0.4584597408266375,0.0007921475960695776,0.4121379376182654,0.002732639321137949,0.38263451775245205,0.6045339218027318,0.5386032666788398,0.5890294634526071,0.5198853498435425,0.5446603271221282,0.4645488346661547,0.5102485040507431,0.4192491504334752,0.49679068374751634,0.4022663771081212,0.47375923122114727,0.3910341760377817,0.4584597408266375,0.4121379376182654,0.4942207070653358,0.471591608009397,0.619891266595425,0.620250327976699,0.8030192864890637,0.7984222946811863,0.8302695335869232,0.06000000000000005,0.3286267594591275,5.0,6.50294182544578e+18,4.642244004740563e+17,13.005883650891562,0.9284488009481128,0.10371029809122802,0.014279713082385112,0.37650068519646934,0.20137097331997314,0.9199911264890562,0.03324,0.00228,0.3129049631093927,0.17222049582271257,0.001949705469613063,160.48832399874817,157.11719963153024,11.216098768976735,6,0.001,10,0.22964811325073242,0.4584597408266375
case,S4,3,63,1,GLUE,hyb,sample,50000,10,1003,1.6810928236563632e-19,10.0,0.5420782958479788,6.000000000000003e-06,20000.0,5e-12,5,1.0,0.525766552824613,0.00151699084716611,0.485880050549145,0.0024111585012257086,0.4117374756798461,0.6709759001072683,0.6417316802534243,0.6460848807828864,0.6133585151786208,0.5882855981136296,0.5478040193515318,0.5572162272842742,0.5119888330190348,0.5483630825967059,0.5006106460306643,0.5437151782825325,0.4976654127006759,0.525766552824613,0.485880050549145,0.5683158879370367,0.5528078530501136,0.8470950066980774,0.8446170536259563,0.9367712085119265,0.934262039188177,98.7773574312326,2.213702354791439,0.9900348010093996,5.420782958479789,4.8565807001056805e+19,1.911181496671796e+19,0.8164362962455655,0.32128734987597835,0.13961777220521743,0.10155885819608197,0.23076868180510468,0.09394558972538272,0.44931334274437096,0.0,0.0,0.005641408469493054,0.09391699147389349,0.0018167971822272205,3.1051393764147215,1173.3956413378085,461.7594510375079,221,0.0009855969015417796,11,0.2563941478729248,0.4584597408266375
case,S4,3,64,1,GLUE,hyb,sample,50000,10,1003,1.9774325837497306e-19,0.3753852485664001,1.6138046021978572,8.171833035256844e-06,17707.673703880482,6.175913142105461e-11,2,0.01,0.5365264738213145,0.003302961049067965,0.5549638912837077,0.004681038612836532,0.48580154002133974,0.5983401416106322,0.5887317557569121,0.5686330166533397,0.5631065108327687,0.548796515976206,0.5471579141359946,0.5394263270253423,0.5451172772025357,0.5365264738213145,0.5549638912837077,0.5413780045113701,0.5671515043950027,0.5429466071897489,0.5630017501041708,0.5966537737555938,0.6010955981672239,0.6487275118539451,0.6404649603275038,0.8132970401964636,0.8030163557168027,3.1522787457221573,0.11166976181997972,0.4372757787640367,0.6057984417336431,2.9547587172622925e+18,3.4735923302683795e+17,1.556490615160522,0.18297987688029413,1.3953864165562295,0.645695329945295,0.13995110367243896,0.10343145725201103,0.4454268053737541,0.0,0.0,0.01935999133744012,0.10315465088857576,0.001416493325101016,13.667548582383528,71.38975369986179,8.392526248009561,11,0.0009780633952714286,33,1.6185200214385986,0.4584597408266375
case,S4,3,65,1,GLUE,hyb,sample,50000,10,1003,6.955910516923087e-20,0.1,1.9999965523000627,1.139625144524261e-05,20000.0,1.1620693338477136e-10,5,1.0,0.497487954387667,0.004748440395407024,0.464328857123101,0.006014268511792556,0.4138530981165764,0.600560878246716,0.558534794318195,0.5551926922947148,0.5145598360312381,0.5390620478672513,0.499787181198346,0.5349278495702986,0.49477973595531777,0.53300987130379,0.49374256849405107,0.52577578557864,0.48987961240049316,0.497487954387667,0.464328857123101,0.5946485876639638,0.5723741166279874,0.7937153849058383,0.7795391414167677,0.9181046584412872,0.9091905155463342,2.387234659120339,0.09313469737772818,0.40290793795607954,0.1999996552300063,1.1789142534581824e+18,1.2022811153425016e+17,0.8200422054180301,0.08362959854508926,4.61413071955385,2.747193776265365,0.07308305344453202,0.05622938452249412,0.2387589110022711,0.0,0.0,0.0053220726065055235,0.056187183329818036,0.0010692145293959767,4.977553578057045,28.48367878430901,2.9048244176709597,9,0.0009999982761500314,40,1.0971260070800781,0.4584597408266375
case,S4,3,66,1,GLUE,hyb,sample,50000,10,1003,3.919317855759886e-18,10.0,2.0,7.809636256179088e-06,6322.486767679964,8.509506877365716e-11,5,1.0,0.5109129401983791,0.00046000413808121884,0.5079063190090798,0.0010102333262437385,0.48086145862539204,0.6983265080837939,0.6173265282116535,0.6557555024011223,0.570093016229537,0.6043473911303379,0.5086578628483698,0.564717389362239,0.46854938741987395,0.5230047677230163,0.47149502226681184,0.5133494469181069,0.505078087288281,0.5109129401983791,0.5079063190090798,0.555283656780979,0.5396220315970194,0.7274766167414404,0.7118823676393248,0.9675465969415631,0.9623013979798053,4.236806322644882,0.059727725053859315,0.3279238514267462,20.0,1.0712346925809792e+18,7.872493164065126e+16,0.4198509258342084,0.030854803027268094,0.048503436034994546,0.035214964536240574,0.028629435921468268,0.033742928226184056,0.25150154452056245,0.0,0.0,0.059418827467163024,0.024212154414897723,0.0006515248491401719,91.19963351448379,25.882039170007324,1.9020684995463373,6,0.001,40,2.873692750930786,0.4584597408266375
case,S4,3,67,1,GLUE,hyb,sample,50000,10,1003,6.647262735254455e-19,0.5647698909008554,0.5458630089757958,4.234344158214322e-05,15729.43576786432,8.549744528775918e-11,4,0.001,0.682354133025665,0.00608080614495693,0.6026705169135139,0.014243703369042071,0.6507588329119572,0.805607291977336,0.7387805369893429,0.724570775711142,0.6527377878561318,0.6909445225205363,0.6168067853443611,0.682354133025665,0.6026705169135139,0.6881347305643148,0.6022811020844643,0.7041118707893455,0.6248499536553374,0.8048760944236228,0.7723599857168735,0.9648626590806199,0.9589714909109723,1.0017887939603394,1.0005961725462962,1.0215762718764119,1.0185765915164597,1.4108400783235808,6.403011090524086,0.9999882842316259,0.3082869920260728,2.2766912242528016e+17,1.2286553448220947e+17,0.26796337727064146,0.1446110180392188,2.8339153758853444,2.5582211770275434,0.12427707882788488,0.03848560130190681,0.20866764526040277,0.0,0.0,0.0019093901769478077,0.03847778471258745,0.0014517751008321581,1.3152107208983983,5.500700439616178,2.9685470402855167,640,0.0009924781981378104,11,0.6355290412902832,0.4584597408266375
case,S4,3,68,1,GLUE,hyb,sample,50000,10,1003,1.2792873860070036e-18,0.13072124693594514,1.351787219459878,2.567885083515169e-05,18509.929677720436,1.972782520549635e-11,3,0.1,0.6137152416805189,0.006775609711230903,0.5653819848486865,0.007622566716933592,0.499208495011665,0.6865708361639193,0.6407390081619142,0.6561226033929004,0.6048018072732335,0.6335995815159972,0.575005672127251,0.6274555702578641,0.5650198272632068,0.6255932865844537,0.5633563492325875,0.6137152416805189,0.5653819848486865,0.6548078033369453,0.659520629991968,0.9072389360816857,0.9122639702682778,0.9823392329863223,0.9823408349373051,0.9916592927620487,0.9909264542507173,0.16967863501284303,4.121092583010316,0.999562138709009,0.17670731091986935,8.886194502769025e+17,4.1802403874308205e+17,8.69636482473858,4.090940779304014,1.1115971814794063,0.5836285580875393,0.7777069223041019,0.07807361981768118,0.8967623529175388,0.46236,0.0,0.0036224931057392356,0.07805748870687665,0.0018127409098561728,1.9983512735014364,21.46988291042353,10.099854513379878,412,0.0009655622996141985,28,1.8257248401641846,0.4584597408266375
case,S4,3,69,1,GLUE,hyb,sample,50000,10,1003,2e-17,10.0,2.0,6.000000000000003e-06,14618.290066942598,1.3263538930190566e-10,5,0.001,0.4557460151413082,0.017869331944297292,0.38657543008998735,0.017624781802710078,0.2620399405812369,0.5782151793660074,0.5204944974581756,0.5544360658957262,0.49744003749150634,0.49362958243803934,0.43629279124813164,0.4557460151413082,0.38657543008998735,0.4787835982858777,0.39779227824128294,0.5030582695360546,0.44865920613835897,0.48134989219592655,0.4331575356435244,0.4776387259695668,0.4444727270891523,0.5915494109821846,0.5856157045736545,0.77497619908801,0.7680970050134056,0.8302695335869232,0.02261839781818245,0.20551439904331492,20.0,5.052479266435092e+18,1.4615844882095405e+17,10.104958532870187,0.29231689764190816,0.038690200593395514,0.004502493174738313,0.15875831711358068,0.16849878593923262,0.897515526649875,0.00564,0.0,0.4565842986124975,0.09632546137415557,0.0013469189012239164,338.9842537643574,122.0726580133957,3.5313257903337365,2,0.001,40,2.1296420097351074,0.4557460151413082
case,S4,3,70,1,GLUE,hyb,sample,50000,10,1003,8.914475562304454e-19,0.1,2.0,4.9999999999999996e-05,200.0,2e-10,5,1e-05,0.8789677014224285,0.024120436728607406,0.8858995747392282,0.041701342364785766,0.8691251619223449,0.8940789376214999,0.8984737490174863,0.8789677014224285,0.8858995747392282,0.8809356269168525,0.8873853166496843,0.9045315592105478,0.9080447812312675,0.9585119814008755,0.9598859072456358,0.9900862297274984,0.989402307347027,0.999136216529347,0.9977366083483732,1.0006770382377774,0.9991884483900936,1.0060591799000216,1.0045512099291936,1.0486215877429919,1.0470442132510303,0.1862744539000773,1.0416666666666665,0.9229001282564582,0.2,596114808736531.1,420388104729938.75,0.0053140508948096,0.0037475394862985243,4.981332260658808,4.973570194855629,0.0037280357423975885,0.0004356691053745129,0.004922852165146356,0.0,0.0,2.7534924771617984e-05,0.00043551831886610027,0.00027209836059728036,0.10119474704359244,0.014402695260332977,0.010156972574338945,104,0.001,40,0.7919600009918213,0.4557460151413082
case,S4,3,71,1,GLUE,hyb,sample,50000,10,1003,7.523797594524032e-20,10.0,2.0,1.1098163562280569e-05,20000.0,2e-10,1,0.001,0.5111921463355605,0.004633505276596667,0.49269170002790375,0.004667355669540485,0.5002844120230405,0.5400511176781885,0.5316828138772012,0.528407396369815,0.516967086694736,0.5242111330354979,0.5111118956394375,0.5111921463355605,0.49269170002790375,0.6801201555542792,0.6632866054234791,0.9445546550417573,0.9405157505664123,0.9944524150141859,0.9926780852191449,1.000249137138708,0.9987162241695696,1.006074945570584,1.0045585154469583,1.048727882429834,1.047150031260642,220.70490949708957,0.05132051435630505,0.30522204789164575,20.0,1.1575498014969467e+18,7.1812388531325176e+16,0.008709170412044498,0.0005403018760890096,0.04997299949461926,0.04956830121765985,0.0005393943178359653,0.0007499199269348102,0.006280865115685704,0.0,0.0,0.0013031043667234511,0.0005101317060686683,8.861281428232969e-05,14.705597348162586,27.967493501722448,1.735054947092315,5,0.001,40,0.9221148490905762,0.4557460151413082
case,S4,3,72,1,GLUE,hyb,sample,50000,10,1003,1.5593924475364263e-19,10.0,2.0,6.000000000000003e-06,14341.628043959005,1.2549586038081363e-10,5,0.01,0.513476925958415,0.0016222072572313743,0.49919855895870413,0.003388791271651571,0.46817545422588225,0.6199068884934966,0.5875935771941,0.5615479386859537,0.5376456512602914,0.5341570373726332,0.5100547052691897,0.5228498070426888,0.5049968366092444,0.513476925958415,0.49919855895870413,0.5334525163218837,0.5105051051387911,0.674811316075307,0.6549992747816356,0.9361171323241093,0.9313386509044534,0.9982475505785571,0.9963400741106334,1.0475244639440584,1.0458927497175017,106.48628379579591,0.02390517098250562,0.21114482198599832,20.0,4.962581925131092e+18,1.5089618373954144e+17,0.07738612774330203,0.0023530636928550982,0.049882623010888694,0.046408616848195576,0.002332760011032089,0.004168527299115894,0.03985655670115946,0.0,0.0,0.009104072124650824,0.002183140740792437,0.00017220858298899906,52.866541066843375,119.90065357307668,3.6457939284450505,2,0.001,40,1.3195099830627441,0.4557460151413082
case,S4,3,73,1,GLUE,hyb,sample,50000,10,1003,5e-20,10.0,2.0,1.0784017676320985e-05,20000.0,3.293349884411609e-11,5,0.001,0.5131343792522113,0.00489762712951317,0.49031409544858917,0.007505063037758105,0.4378767137548512,0.6175747601070679,0.5754634438533024,0.5560987617846951,0.5143524980758314,0.525530890742165,0.4904328737931551,0.5131343792522113,0.49031409544858917,0.5378229108043555,0.5188763176607553,0.6640791357455517,0.6448201027880129,0.8670821084717772,0.8584052313937853,0.9825487350590922,0.9800935671625762,1.0039749636635515,1.0023462354872523,1.0483742367292295,1.0467787583641335,332.10781343476935,0.2942673400561487,0.6525646244352409,20.0,2.1304733160456366e+18,4.47371519072303e+17,0.010652366580228183,0.002236857595361515,0.049888406738466576,0.0494729955159422,0.002227958506815984,0.0019401161523359513,0.010337806381237005,0.0,0.0,0.0010743148483738298,0.0018780568969267845,0.00019335318019944643,5.556230558326785,51.474242011052326,10.808917280561026,29,0.001,40,1.4421300888061523,0.4557460151413082
case,S4,3,74,1,GLUE,hyb,sample,50000,10,1003,1.647619219626625e-18,0.1,2.0,4.9999999999999996e-05,14155.178588819324,2e-10,5,1.0,0.5277700707840949,0.0033298515154825087,0.4631992904331696,0.008013038628709784,0.43163697555836844,0.6076758770234698,0.551641090724418,0.5583929687087317,0.5032244268916213,0.5414935152385727,0.4914590832064283,0.5392989881601029,0.48821464675798126,0.5399742411897618,0.48578386688648506,0.5413242253577282,0.47791467514303765,0.5277700707840949,0.4631992904331696,0.6247080590136915,0.5996952006227153,0.8866720665852729,0.8812537316477718,0.9568701212099869,0.9518538126993118,0.10078415251493301,1.0416666666666665,0.9229001282564582,0.2,3.470862207608157e+16,1.1201805618249828e+16,0.5718659281930896,0.18456310231149925,4.220965510611669,3.1809328711308478,0.14724533480681004,0.07820950327108019,0.34147978219135827,0.0,0.0,0.0046660527636085474,0.07818368062815684,0.0015060378267092364,3.0982307886675677,0.8385930014511881,0.27064617473115815,104,0.001,40,1.3789620399475098,0.4557460151413082
case,S4,3,75,1,GLUE,hyb,sample,50000,10,1003,2e-17,10.0,2.0,6.000000000000003e-06,13715.306105427613,2e-10,3,0.001,0.45756236130846517,0.019454887681629555,0.4493800396140406,0.03572430984771388,0.32225525849455827,0.5265776901458535,0.49607854551753483,0.5111880882768081,0.48034291610323104,0.47270368951464414,0.44741277154257625,0.45756236130846517,0.4493800396140406,0.49406498465546234,0.4871581556532793,0.5120371296320428,0.46985775761136256,0.4815399221647203,0.4166086553789509,0.5231504764442011,0.5185323354215445,0.6343298549719172,0.636774403423599,0.8124715666074025,0.8064522761848553,0.8302695335869232,0.015000000000000013,0.16799597142736353,20.0,4.710865301400231e+18,9.394700339345525e+16,9.421730602800462,0.1878940067869105,0.042091297467897075,0.00479766767206248,0.11149901185820638,0.14466060668725278,0.8643262549857409,0.00264,0.0,0.4182342884967028,0.07132478166430586,0.0011191725012090756,373.6995753959928,113.81894285154713,2.269848090781852,2,0.001,40,2.3864660263061523,0.4557460151413082
case,S4,3,76,1,GLUE,hyb,sample,50000,10,1003,1.010944656068693e-17,10.0,2.0,6.000000000000003e-06,20000.0,1.579564921487149e-10,3,0.001,0.47173867285099363,0.023735356769130897,0.47453182842870795,0.0290705500602175,0.32705543404015314,0.5315497419853632,0.5319494617637806,0.5188556155703264,0.5174879748270649,0.48477391338474296,0.48266513020279617,0.47173867285099363,0.47453182842870795,0.50234539060334,0.4836503197985479,0.5179862939989458,0.4589126546980604,0.48341170413875834,0.4146225169081193,0.5284039447241284,0.5281798169085519,0.6267527920568569,0.6297053343875848,0.8039917099313211,0.7975816141249991,1.6425617932748775,0.01899257168344511,0.18866182393756806,20.0,6.891228121254691e+18,1.692599940101284e+17,6.966650242932729,0.17111248643075827,0.042694447014553494,0.006276163566281242,0.10763199951948094,0.13641465193102345,0.8434170881338804,0.00088,0.0,0.37231055266786656,0.0725032657857627,0.0011167055457548872,333.40082717703933,166.49856226560453,4.089480881477506,2,0.001,40,2.3564651012420654,0.4557460151413082
case,S4,3,77,1,GLUE,hyb,sample,50000,10,1003,2e-17,10.0,2.0,6.000000000000003e-06,3957.8043856898944,2e-10,1,0.1,0.5094937591253853,0.0009601481323848225,0.4870176737999749,0.0024092360013864417,0.46932696718103156,0.6260035588925981,0.5173641703792069,0.6177777239665283,0.5086508160258323,0.5995810267162471,0.4886680377009654,0.5870447066987783,0.47230483646271554,0.5552347680129495,0.4519438124381031,0.5094937591253853,0.4870176737999749,0.5376116360704547,0.5568936341785135,0.5504036581127484,0.5582766987840305,0.77170898091129,0.7629908658230197,0.9861675808907642,0.9825367803836865,0.8302695335869232,0.015000000000000013,0.16799597142736353,20.0,1.3594086096136614e+18,2.871216927770546e+16,2.7188172192273234,0.057424338555410924,0.04728470697800182,0.013445135120243621,0.04628262125915486,0.07418800377953295,0.6031603330873568,0.0,0.0,0.20478133717193453,0.03345864777658675,0.0007410830355208882,276.32711498786233,32.84459243687746,0.6937130537762876,2,0.001,40,2.515580892562866,0.4557460151413082
case,S4,3,78,1,GLUE,hyb,sample,50000,10,1003,2e-17,10.0,2.0,4.9999999999999996e-05,6147.035698899981,2e-10,5,0.01,0.5123442828106709,0.0034865352796729873,0.4926305001251987,0.0055037960487595225,0.4241572717386366,0.6776694751367112,0.6403010876316944,0.6079859683541413,0.5694680012959925,0.5583175085303443,0.5278368492260702,0.539703469937361,0.5147232979102278,0.5123442828106709,0.4926305001251987,0.5790895985392246,0.5659661383264656,0.7803593051305576,0.7694547711156892,0.9137012226488807,0.908091114291745,0.9908724230219297,0.9885283279597725,1.0452038327984625,1.0434071266708984,0.8302695335869232,1.0416666666666665,0.9229001282564582,20.0,1.513324854249009e+16,5014917256009895.0,0.030266497084980182,0.01002983451201979,0.049503488205530806,0.048531132616142725,0.009889185298943132,0.006300044498567088,0.0293451807659231,0.0,0.0,0.0006506108910535744,0.006290358340324562,0.0004212173399457739,1.5445966472731911,0.36563353881164196,0.12116512446181993,104,0.001,40,2.480233907699585,0.4557460151413082
case,S4,3,79,1,GLUE,hyb,sample,50000,10,1003,3.270900582945209e-19,10.0,2.0,6.000000000000003e-06,200.0,8.10344338754124e-12,1,0.0001,0.6166504472709283,0.006558152765443164,0.6036759894355013,0.016753799089660314,0.6189458589733785,0.6446676420829476,0.633693399011598,0.6270341318643557,0.6161335527365519,0.6166504472709283,0.6036759894355013,0.6271211895267521,0.6105370494120115,0.8329541588687294,0.8234837871269234,0.9770359258024154,0.9744390077386603,0.9980078694225023,0.9963890405149638,1.000595301695037,0.9990775321180212,1.0060952772442593,1.004579880357789,1.0487145162903524,1.0471365715888838,50.76702960132929,0.3702129892845796,0.7080569067111917,20.0,1.5348748698649027e+17,8.663125892797054e+16,0.005020423106589063,0.002833622353287762,0.049858719218715555,0.04975023278178414,0.00282528284812801,0.0005492620089072556,0.004939525117242109,0.0,0.0,0.0009924657529816342,0.00043492176736093733,0.00023630727601965147,4.199895025234433,3.7084022556429925,2.093092813787193,37,0.001,40,1.6277718544006348,0.4557460151413082
case,S4,3,80,1,GLUE,hyb,sample,50000,10,1003,9.627730178957753e-20,10.0,2.0,6.000000000000003e-06,5919.176001007485,1.1999736520819702e-11,5,0.01,0.5141137619666875,0.0023801929240792378,0.49679767008051084,0.00454287607217682,0.44563899385774786,0.6694089612504672,0.5994898117259558,0.5964178434311062,0.5370924518427659,0.5508507281811955,0.5064178112004999,0.5280667476215057,0.4967234276837412,0.5141137619666875,0.49679767008051084,0.5456802712198787,0.5283623319161304,0.6650443663195758,0.6458545326749198,0.8827152833207551,0.8748669868450796,0.9888502402937597,0.9864141074058335,1.0457252593472124,1.0440012090970734,172.47461616686144,0.25000548927011546,0.6135289829845945,20.0,3.376837298588229e+18,6.804179071073e+17,0.03251127836904807,0.006550880018560225,0.04967458773577152,0.048425621150579454,0.006477048952218573,0.005515913882058227,0.03068621553038872,0.0,0.0,0.0037638962806441885,0.00526221732088653,0.0003309559678630938,11.372800753365462,81.58756978102198,16.439537522160936,25,0.001,40,2.0117151737213135,0.4557460151413082
case,S4,3,81,1,GLUE,hyb,sample,50000,10,1003,5.147032615922496e-19,10.0,2.0,1.4272393797214464e-05,20000.0,3.562967685063032e-11,5,0.1,0.5032870662130784,0.0015015308066653997,0.4985386696200357,0.0025287248239532385,0.467529243267946,0.6565855944505468,0.6499654088886329,0.6077927008030137,0.5900676152697202,0.5597895898161175,0.5279161750296404,0.5363754899579973,0.5008672770201087,0.5216792306231774,0.5053875797348739,0.5032870662130784,0.4985386696200357,0.6209155125718782,0.6121571737580918,0.7650864718784398,0.7538182491486136,0.9417424047902523,0.9370567820613079,1.035131871829922,1.032865549825196,32.26206614733547,0.4764315469300564,0.7681204120350027,20.0,1.2201608053960952e+18,3.1159973498253446e+17,0.06280207462043963,0.016038139990679105,0.04921075108505148,0.047045448248542975,0.015633653765311818,0.012069360471394985,0.05874230874556898,0.0,0.0,0.0037846178275317915,0.011941270761833477,0.0005155344922440451,7.341153471725843,29.480234329306075,7.528543093344789,48,0.001,40,2.9249091148376465,0.4557460151413082
case,S4,3,82,1,GLUE,hyb,sample,50000,10,1003,2e-17,10.0,2.0,7.439534591807608e-06,12860.699527059813,2e-10,5,1.0,0.4834790088519408,0.0013895165577516822,0.4131699226557699,0.0014528901391715834,0.40444263225865223,0.6461224739709748,0.5830679653347868,0.6122871797329469,0.5472092693589263,0.5483422157329116,0.4820103295382734,0.5060484197703886,0.43548818340248746,0.5165715757155601,0.43200083415106116,0.5214787826364301,0.43229140755611806,0.4834790088519408,0.4131699226557699,0.5172616373297594,0.5197026794003202,0.6226967842249334,0.6226346100261176,0.7832425857380636,0.7752772644160408,0.8302695335869232,0.023061114559459164,0.20747043789492942,20.0,2.3327372455438234e+18,6.8872377052387224e+16,4.665474491087648,0.13774475410477446,0.04394658803708756,0.008825386131144877,0.09441830237002294,0.12007239997646575,0.7801432146528494,0.0,0.0,0.31079668442538105,0.06631782679410395,0.0010668604668021893,291.31896259776494,56.36112906036802,1.6640215005608108,2,0.001,40,2.4342191219329834,0.4557460151413082
case,S4,3,83,1,GLUE,hyb,sample,50000,10,1003,2e-17,10.0,0.5,6.000000000000003e-06,10780.332911967886,1.565627414418884e-10,4,1.0,0.45907295335100945,0.0014729023497033593,0.41629643512831904,0.002393744668625942,0.4145668258586169,0.567216395752257,0.5049666871361301,0.5571158327087784,0.4933130433362797,0.521523494513952,0.45286367745161815,0.4908321056567805,0.41627143598820904,0.48477707235096223,0.40951758822184586,0.4734252964158684,0.4264221613777196,0.45907295335100945,0.41629643512831904,0.531344221576381,0.5329487391484335,0.6600919008953404,0.6646981813546256,0.8029405593199156,0.7986389560313081,0.8302695335869232,0.07664658838676548,0.3684315046910104,5.0,4.1930870643974374e+18,3.7293821974412256e+17,8.386174128794876,0.7458764394882452,0.11455564407445948,0.021307936253434787,0.3440039797624628,0.1891420984995234,0.8804745076690584,0.01432,0.0,0.25620231445280844,0.16806017774301357,0.0019270819680807512,132.94832222833227,101.3089329496128,9.010538659977644,8,0.001,10,0.2169818878173828,0.4557460151413082
case,S4,3,84,1,GLUE,hyb,sample,50000,10,1003,5e-20,10.0,0.5,6.000000000000003e-06,20000.0,1.0063162147317156e-10,1,0.001,0.5302351871756834,0.004422459225096712,0.520442643246695,0.005725159717340443,0.49780154609778543,0.5571594038506025,0.5563072894659153,0.5401751100628951,0.5364676190221463,0.5312059807041559,0.5241727458450058,0.5302351871756834,0.520442643246695,0.5369550092979193,0.5242118043807876,0.5340038952229378,0.514082724448564,0.7698548970059442,0.7570434108380402,0.9670127981804594,0.9639022552472006,1.0022157223774086,1.0005154580009237,1.0481418762161743,1.0465388653895853,332.10781343476935,0.11924681153228975,0.45023617389034537,5.0,8.586012383003704e+18,1.0578253015406099e+18,0.042930061915018525,0.00528912650770305,0.19894774023348344,0.19176741308306125,0.005234375630253727,0.005086132748626855,0.028613220116406612,0.0,0.0,0.0038015040914077002,0.0047826933481105935,0.00029156291806124203,13.038366184170252,207.44614634880395,25.558055652150387,12,0.001,10,0.4569721221923828,0.4557460151413082
case,S4,3,85,1,GLUE,hyb,sample,50000,10,1003,2e-17,10.0,2.0,6.000000000000003e-06,7118.364022434991,1.0027898609934978e-10,5,1.0,0.4845978849543445,0.0006960056498944203,0.40984578695999196,0.0020448984170893846,0.3939220053472608,0.6326263920591332,0.5466341434831536,0.6116115072500434,0.5228566805519661,0.5579187643599992,0.4667122977967707,0.5137702293534595,0.42813631199215285,0.5161549358265024,0.43092430413730065,0.5187021460938773,0.43647969700737266,0.4845978849543445,0.40984578695999196,0.501152103665171,0.491471301642114,0.6149207721660465,0.6131593429523928,0.7754613716697636,0.7677857946930566,0.8302695335869232,0.02991653702030654,0.23550428509145938,20.0,2.495391825998894e+18,9.735833793742248e+16,4.990783651997789,0.19471667587484498,0.0418509266754705,0.00834615350920345,0.1270358847539697,0.13621778934656534,0.8029500929935878,0.00012,0.0,0.3383510452122043,0.08303455945662437,0.0012569635285504296,269.1812749749402,60.29101692870833,2.352269146504228,3,0.001,40,2.2568929195404053,0.4557460151413082
case,S4,3,86,1,GLUE,hyb,sample,50000,10,1003,5e-20,0.5108473698624145,2.0,1.3030593343479068e-05,20000.0,7.742513475556558e-11,1,0.001,0.5336266506454612,0.0030148885019768445,0.5316854126963296,0.004881040127245733,0.5051891714756543,0.5597016682711627,0.5583176520371613,0.5441872879363265,0.5439760310349551,0.5387047089905599,0.5387357307084297,0.5336266506454612,0.5316854126963296,0.5548943798996087,0.5456116221943476,0.5869528699793669,0.5729352682089204,0.6025393854838768,0.5834019392393559,0.8381103128047123,0.828609853056669,0.9818311018250249,0.9791349365183495,1.0447668601342017,1.0430134119697478,16.965640300390938,0.182753274522517,0.5409703977369289,1.021694739724829,9.690323318341335e+17,1.5784783222595277e+17,0.09484558294732152,0.015449607998223187,0.963874445597782,0.8939762311566687,0.01502223593217636,0.013110218930524255,0.05957320613444692,0.0,0.0,0.002208549956122088,0.01307282405461946,0.0004970272152237142,4.443519164494865,23.412733869836497,3.813752303642854,18,0.001,40,1.0405590534210205,0.4557460151413082
case,S4,3,87,1,GLUE,hyb,sample,50000,10,1003,2e-17,10.0,2.0,6.000000000000003e-06,15105.839906568337,1.3421695879702072e-10,3,0.001,0.42117568526392474,0.01550445460125792,0.3813681531127936,0.014650956721254623,0.3094565133491562,0.491269995007904,0.4535687012388303,0.48149737848002855,0.4447203811893308,0.444925545384104,0.4095589859522651,0.42117568526392474,0.3813681531127936,0.47320546449560863,0.44851538647265804,0.5072436608405867,0.4969425901283098,0.48545346060335337,0.4466234475767978,0.4937095002157516,0.4667011731055726,0.605663769175163,0.6039915043308659,0.7897528112168334,0.7834858617922027,0.8302695335869232,0.02235186988953437,0.2043269364984435,20.0,5.219672658161109e+18,1.4929411885189386e+17,10.43934531632222,0.29858823770378773,0.038503351985084866,0.004370879505548062,0.16063373433915407,0.17002099810733418,0.9000568385277992,0.00644,4e-05,0.4620702356025717,0.0970473260961034,0.0013525572899698395,341.6271081669859,126.11220783715387,3.607086531772632,2,0.001,40,2.088665008544922,0.42117568526392474
case,S4,3,88,1,GLUE,hyb,sample,50000,10,1003,2e-17,10.0,2.0,6.000000000000003e-06,14272.771842963337,9.949320908702007e-11,1,1.0,0.46748904649074213,0.0005014990759635923,0.43001852308212357,0.000796791265048965,0.41236405086398137,0.4791189636447014,0.42832314030812446,0.47815137975629307,0.42716577310495857,0.4729269195306773,0.42110134166763225,0.47273473142002764,0.4239912455430056,0.4959342531268944,0.4819968034340687,0.5081051655390457,0.5196042884817034,0.46748904649074213,0.43001852308212357,0.5247676026548586,0.5264501786714721,0.6474539456881635,0.6504010282025712,0.8455628049702917,0.8400004618225039,0.8302695335869232,0.030152811709753,0.23640484266505837,20.0,5.004944845693628e+18,1.921756113708014e+17,10.009889691387258,0.3843512227416029,0.03611800183264099,0.0045413715669752495,0.19916559150423807,0.1805821843535215,0.904531197550794,0.00884,0.0002,0.45169004395094353,0.11642880397817029,0.001513159590791932,298.5078683700148,120.92418163555361,4.643143781159038,3,0.001,40,1.7133362293243408,0.42117568526392474
case,S4,3,89,1,GLUE,hyb,sample,50000,10,1003,5e-20,1.935639149311726,0.5,6.000000000000003e-06,20000.0,5e-12,1,0.01,0.5916754572178837,0.006164663818305133,0.587039352489646,0.010067848213691494,0.5308405641224326,0.6247030084683561,0.6188152691936162,0.6187760834745187,0.6113054758667944,0.6065624178206133,0.5959115507184748,0.5995307921336345,0.5893085233137259,0.5916754572178837,0.587039352489646,0.61448902372921,0.6213350532865114,0.8105319590746989,0.8126623611987519,0.8801923296748806,0.8802823214976465,0.9156220606334303,0.9163257491635575,0.9527040203228007,0.9503763741123148,64.28408854766542,2.400000000000002,0.9927096419084644,0.967819574655863,5.135352347460244e+19,2.070633020486611e+19,1.3265262663462536,0.534870619149981,0.6731840623631339,0.44411724619120446,0.327613412180045,0.11338653249102545,0.569377362220673,0.0,0.0,0.006506096663650089,0.11335294992801233,0.002026965840520553,3.2097712421138946,1240.7494970921848,500.284441066996,240,0.001,10,0.639894962310791,0.42117568526392474
case,S4,3,90,1,GLUE,hyb,sample,50000,10,1003,1.2374105882857389e-18,9.256402501698027,2.0,6.000000000000003e-06,5531.714914990617,1.4967930524741236e-10,1,0.1,0.5124764730311677,0.0010409459119345107,0.5034584857253392,0.002190746360956075,0.49015047249287697,0.5518000583662139,0.5366674123544912,0.5365472691656926,0.5215416078940998,0.5263330533662142,0.5152799991318464,0.5239420930370022,0.5178973725614474,0.5226330349835517,0.5173563264861885,0.5124764730311677,0.5034584857253392,0.5834482350753306,0.5648479859732302,0.8974923829557196,0.8913513824129119,0.9929572524366179,0.9908554909778374,1.046688510736034,1.045031028549735,12.421598878387785,0.02004285091410034,0.19370712705688534,18.512805003396053,1.9076879773399808e+18,5.132829689339551e+16,0.2550227587740336,0.006861648252969805,0.053648548284368706,0.043040387414762564,0.006679747211113906,0.011766857220802375,0.11140366709982391,0.0,0.0,0.0272569316742677,0.005864699042082839,0.00029059737434515776,93.79620767630615,46.09153838614406,1.240139999129278,2,0.001,40,1.6920058727264404,0.42117568526392474
case,S4,3,91,1,GLUE,hyb,sample,50000,10,1003,3.0501771087491618e-18,0.5303844301490285,0.5,6.000000000000003e-06,200.0,2e-10,5,0.1,0.5134749073157576,0.016085269876616976,0.4775426097986496,0.01219119378331332,0.4867419035984685,0.6039992941337298,0.5737438747808608,0.5618921971425591,0.5260591280690279,0.5454678469132818,0.5063925667622395,0.5394035156385676,0.5000941323807493,0.533490207774222,0.4954875089479686,0.5134749073157576,0.4775426097986496,0.6468839768766528,0.6217767437479275,0.8409120974820408,0.8294160630125387,0.956342024117695,0.9522242647149749,1.005465964621859,1.0028396808328712,0.2887452221567467,0.06000000000000005,0.3286267594591275,0.26519221507451424,7.49467461892575e+16,1.4057071547067312e+16,0.4310097291835546,0.08084052889121639,3.4888123243564917,2.635097219088145,0.07459763372207676,0.011569090430817048,0.11398446612887686,0.0,0.0,0.006226087598445078,0.011404117807882138,0.0011711807102283561,5.3160776505882845,1.8107839803632237,0.3396320889498157,6,0.001,10,0.4996359348297119,0.42117568526392474
case,S4,3,92,1,GLUE,hyb,sample,50000,10,1003,2.8651219334050217e-18,8.118642992693857,2.0,4.9999999999999996e-05,20000.0,4.726616235827025e-11,5,0.01,0.5514591072718071,0.00579944594714917,0.4604937618687927,0.008040764064612767,0.4711475266359583,0.7098546876295998,0.6473360443519406,0.6496287323764962,0.5793296521998611,0.5879218514272834,0.5054692127839207,0.5642449619746134,0.47329568031503993,0.5514591072718071,0.4604937618687927,0.6293247787217171,0.5897426422262477,0.9067615139986248,0.9019315480432903,0.9790593475323848,0.9776327569485709,0.9991395539968589,0.9973984887281857,1.0435309534884047,1.041522722511341,4.705322906025022,4.407663388328391,0.9997234639054595,16.237285985387715,1.3598517657022728e+17,6.527325682442917e+16,0.04799005355450843,0.02303535701234192,0.060199920329538074,0.05876644227448316,0.022425078559808593,0.00934281012426354,0.04579117424947332,0.0,0.0,0.0005192199199014144,0.009340193903868437,0.0006471180544713057,0.802357338531709,3.285529950538757,1.577063365837654,441,0.001,40,3.2377500534057617,0.42117568526392474
case,S4,3,93,1,GLUE,hyb,sample,50000,10,1003,3.2366803309966087e-19,0.2901642979587298,2.0,1.320223564591242e-05,20000.0,5e-12,5,1.0,0.6097419994111913,0.002970955506924115,0.5599147414855012,0.002489741783305605,0.4724475257520441,0.7538991571944373,0.70312467775324,0.7034424686246773,0.6494938167853672,0.6472847796591659,0.592243479245331,0.6280552695879946,0.5734699394416689,0.6248529633256881,0.5667638913544876,0.6244097576079226,0.5658981086777747,0.6097419994111913,0.5599147414855012,0.6568566788406038,0.6473680217951353,0.9069400649904434,0.9086683984217997,0.9749021849146267,0.9751055350314438,1.4886522714190402,2.9049837675033428,0.9968438915105892,0.5803285959174596,5.51881102160585e+18,2.3500376499027917e+18,6.156038909604091,2.621384054499948,0.4758295880824721,0.24079825511128708,0.6881190355550885,0.10603914476814333,0.8601365760975167,0.15888,0.0,0.005365461050479615,0.10601362705729218,0.0020077714096791016,2.6723465752195197,133.33967245676467,56.77912312495246,290,0.001,40,3.492793083190918,0.42117568526392474
case,S4,3,94,1,GLUE,hyb,sample,50000,10,1003,9.710699715607591e-19,10.0,0.5,6.000000000000003e-06,10106.655646116518,2e-10,5,1.0,0.5108763928474327,0.0012850839937464656,0.5008179243252552,0.001748653188160998,0.4844995525001784,0.6518800132235167,0.6250991045818838,0.5934079414834377,0.5628541241832481,0.5552477350441257,0.5222753186781588,0.5374856924931111,0.5071498883577793,0.5245137335960862,0.5042660305427116,0.5150806872263608,0.5074808940032598,0.5108763928474327,0.5008179243252552,0.5667271174610539,0.5457321243756238,0.7729983012931444,0.7587477468198582,0.9909998407849588,0.9866776692034582,17.10009696319755,0.06000000000000005,0.3286267594591275,5.0,3.7780284196551695e+18,2.7339242653546058e+17,0.3668729950030285,0.026548317586071662,0.19482765357825535,0.14631937329302264,0.025148787006831614,0.025581945153530315,0.15689541006528068,0.0,0.0,0.0286012042732275,0.022201801496120586,0.0006268194582976491,45.6290944619113,91.28072514840079,6.605418533753507,6,0.001,10,0.6978118419647217,0.42117568526392474
case,S4,3,95,1,GLUE,hyb,sample,50000,10,1003,5e-20,1.5829225524052923,2.0,2.4701699711461927e-05,20000.0,2e-10,1,1e-05,0.5816704680860388,0.00915907934147771,0.5736673550258213,0.01405373464226772,0.5682075605907475,0.5903029732814602,0.5822209777054559,0.5816704680860388,0.5736673550258213,0.5836580672939214,0.5740934236721521,0.5886765891108926,0.5751129285244255,0.6548511701823365,0.6373361099069437,0.9143929224710285,0.9088075172412917,0.9905623633404878,0.9885937647059284,0.9998431691660015,0.9982898959164684,1.0060279024311811,1.0045090122560199,1.0487197904323415,1.0471415385459142,52.570094771590576,0.25423915359801597,0.6175205640420698,3.1658451048105847,1.64596314553955e+17,3.2185731322974144e+16,0.005199127218948475,0.0010166552771033264,0.3155506173511555,0.3142376619699123,0.0010145131635827004,0.0008816218060982936,0.004258994859686951,0.0,0.0,0.0002655315955686942,0.0008729201473643137,0.00013050869114096322,2.0345893690857104,3.9768019930910445,0.7776375845422651,25,0.001,40,0.7386801242828369,0.42117568526392474
case,S4,3,96,1,GLUE,hyb,sample,50000,10,1003,5e-20,1.9403301927967236,2.0,6.000000000000003e-06,20000.0,1.07480569825897e-11,5,1.0,0.5121268097721113,0.001985715350615668,0.5062627950814254,0.0025213151445200805,0.46642575916593493,0.6566747049983659,0.6343263917420601,0.598355395161802,0.5648815880355351,0.5593306975430107,0.5162019118792219,0.5427357720815379,0.5000527883203831,0.5339000850663186,0.496551710470596,0.5226775811099156,0.5033112788760076,0.5121268097721113,0.5062627950814254,0.5843544363350869,0.5749798541891038,0.7243037867466208,0.7111501761866632,0.9115494935645423,0.9036000798353248,64.43988176711842,0.2791202172503895,0.6398472816406042,3.880660385593447,1.2030954057324503e+19,2.467968729083019e+18,0.3100233687541477,0.06359661716972449,0.24227991651281108,0.1967049640162179,0.05743853768876843,0.045518975690742765,0.21374766465884032,0.0,0.0,0.015174460212278577,0.04500840109862011,0.0009557694535453639,15.876695113021153,290.6791819951186,59.62844907737267,28,0.001,40,2.447082996368408,0.42117568526392474
case,S4,3,97,1,GLUE,hyb,sample,50000,10,1003,5e-20,6.366748333350493,2.0,6.000000000000003e-06,11165.583480731077,5.401742600408358e-11,1,0.01,0.5113114803826259,0.002036408189798493,0.49518301947486654,0.0035072186459977877,0.49489326385790655,0.5468036458869459,0.5324842647104341,0.5318366510251982,0.5198393757088434,0.5257371901258855,0.5140789281763001,0.5239588558002096,0.5120167216358925,0.5113114803826259,0.49518301947486654,0.6266147104969747,0.607688703370825,0.9240112601343282,0.9190862411193649,0.9923284024774068,0.9904457469958899,1.0051881466511963,1.0036324360631848,1.048595123084231,1.047012027702494,211.44468676784945,0.05553763335137831,0.31686025708413673,12.733496666700987,4.136553722967681e+18,2.8038883800330102e+17,0.03248560730207805,0.002201978335899974,0.07836047598211773,0.07606210052441387,0.0021893501861371283,0.002746067201720361,0.020855132206089887,0.0,0.0,0.004237183788240481,0.002023479001983386,0.00018184398562447218,23.301203906686975,99.94303417184732,6.774458424744945,6,0.001,40,1.0949549674987793,0.42117568526392474
case,S4,3,98,1,GLUE,hyb,sample,50000,10,1003,9.013026494231835e-18,0.8381903297030169,2.0,6.000000000000003e-06,12641.470310638395,1.1774664081634678e-10,2,1.0,0.45960870972776036,0.0014595502840995857,0.40960002506423326,0.0030454055035872905,0.4263441529676114,0.4825597265351651,0.4498408848693384,0.47632448380516645,0.44437469232441307,0.46094166107690365,0.43170257126810097,0.46221292353985516,0.4349632780123119,0.4796719703189761,0.4568278044894275,0.4858043075882034,0.4665081824827232,0.45960870972776036,0.40960002506423326,0.5734548488241537,0.5925222572543728,0.7482104975809363,0.7524918864072079,0.8734728644944179,0.8689877472289803,0.15442623952009268,0.025478433857652034,0.21781240239209318,1.6763806594060338,4.4062879801892966e+18,1.4610055856010304e+17,47.38063527973731,1.5710133587330253,0.23201871923317605,0.012329793173973834,0.48372341287549053,0.1950250065868146,0.9639198989960762,0.07856,0.02016,0.3069300911851037,0.1668422657728274,0.002043113115130329,150.22667561190065,106.46006788934423,3.5299271071046694,3,0.001,40,3.3469228744506836,0.42117568526392474
case,S4,3,99,1,GLUE,hyb,sample,50000,10,1003,2e-17,1.9747486214879044,2.0,1.678749478976617e-05,200.0,2e-10,5,0.001,0.5286333699139478,0.012648532853465181,0.5032459990224653,0.015942494777989546,0.4712755346086149,0.6388490923278298,0.6094715067666098,0.571536776205539,0.5431487312605318,0.5419353933150859,0.5136420155086152,0.5286333699139478,0.5032459990224653,0.529385334598396,0.5030042885852074,0.6006335607574316,0.5718838261829009,0.8138347589997194,0.8003089370904958,0.9718606548406319,0.9686380118633096,1.0009389763117158,0.9991487226440153,1.0462759633889298,1.0446350044539923,0.16395736169141822,0.11742499221517762,0.4471718624486164,3.949497242975809,3968578898005840.5,1257983703411754.8,0.04019325654741467,0.012740697116819941,0.2500114635811132,0.24341321415093375,0.01256819977281188,0.0034125930922072794,0.025509493819979523,0.0,0.0,0.007793330188526817,0.002166788235868669,0.0004936706409073867,15.786497196192098,0.09588460418507871,0.030394071170797735,12,0.001,40,1.4989430904388428,0.42117568526392474
case,S4,3,100,1,GLUE,hyb,sample,50000,10,1003,1.2196973757275881e-18,3.702189719074578,2.0,6.000000000000003e-06,200.0,5e-12,5,0.01,0.522918243546432,0.010199473500383546,0.5030327788344907,0.01325362179463936,0.46042070220526005,0.6791157580593083,0.6704267996491977,0.621414041597488,0.6061443750128234,0.5659786982879822,0.5405861913950718,0.5439746312733436,0.5179699275270184,0.522918243546432,0.5030327788344907,0.569359164291609,0.5538041325239529,0.740202938651112,0.7267669339753974,0.9124895708113344,0.9068175922628857,0.9823992131192846,0.9798480628352195,1.0297368031908456,1.0277292725124632,5.040291784628502,0.6000000000000005,0.8202875051210003,7.404379438149156,2.1858436159631917e+17,1.4027997573912437e+17,0.072013265781734,0.04621565377770773,0.1290892626386195,0.12598277616337195,0.04413175279736354,0.006241875990134553,0.06601909229916722,0.0,0.0,0.0055722032044231515,0.005932720521085698,0.0009161480096436705,6.082208492261444,5.281204061041283,3.389296343735835,60,0.001,40,3.0232880115509033,0.42117568526392474
