set,search_seed,eval_index,is_finite,task,mode,node,N_R,R,seed,k_on,k_off,T,distance,N_max,D,L,lam_best,objective,opt_sd,held,held_sd,train,opt_lam_1e-06,held_lam_1e-06,opt_lam_1e-05,held_lam_1e-05,opt_lam_1e-04,held_lam_1e-04,opt_lam_1e-03,held_lam_1e-03,opt_lam_1e-02,held_lam_1e-02,opt_lam_1e-01,held_lam_1e-01,opt_lam_1e+00,held_lam_1e+00,opt_lam_1e+01,held_lam_1e+01,opt_lam_1e+02,held_lam_1e+02,opt_lam_1e+03,held_lam_1e+03,KD_nM,tau_D_over_T,phi_ISI,koff_T,c_peak,c_mean,c_peak_over_KD,c_mean_over_KD,tauR_mean_over_T,tauR_peak_over_T,occ_mean,occ_std,occ_max,occ_frac_above_0p8,occ_frac_above_0p9,contrast_within,contrast_between,binomial_sd_mean,snr_within,shell_molecules_peak,shell_molecules_mean,history_symbols,dt,n_sub,seconds,running_min
S1,1,1,1,MGCUBED,hyb,sample,5000,10,1001,1.4109351288299624e-19,1.2197135009308704,1.25,7.07e-06,10100.0,3.16e-11,3,0.1,0.7532550399529562,0.012977440747655713,0.7892360125653929,0.008877699395822175,0.7452024958017149,0.9087984986602355,0.8925972532284696,0.8971239895707669,0.8832634550987646,0.8422554502218821,0.8424210184635278,0.7808964743935833,0.8056426554768878,0.7546698195049719,0.7916167612877744,0.7532550399529562,0.7892360125653929,0.778496190858656,0.8030586179603793,0.9123114176571219,0.9150183709003048,1.0160232971852223,1.0048709652947945,1.105352914645233,1.1022805404834957,14.354890438759368,0.21090675105485235,0.5736407405901451,1.524641876163588,3.449056891438664e+18,1.425334035277529e+18,0.39897857371832873,0.16487919984121016,0.5630555782442039,0.46883615215632013,0.13890170340295477,0.048346579598655834,0.22949801263577657,0.0,0.0,0.02386099058258122,0.04763429262816079,0.004771675108408288,5.00054803407197,83.33246316801024,34.43741281615457,21,0.001,25,1.0355939865112305,0.7532550399529562
S1,1,2,1,MGCUBED,hyb,sample,5000,10,1001,1.7657575687011948e-19,4.112816045942971,1.25,7.07e-06,10100.0,3.16e-11,5,0.1,0.7189278661088225,0.012123595168412223,0.7629941591386726,0.012145086791193298,0.7051145443762572,1.0291350937964192,1.0199085315349663,0.9977243957692888,0.9913760080540112,0.8770481587802228,0.8849011585245746,0.7658981881289542,0.801123957127408,0.7236508046922467,0.7708882796867605,0.7189278661088225,0.7629941591386726,0.7511218065966292,0.7808017864809623,0.911735560319357,0.9179100809992142,1.015447885226826,1.0094905206859204,1.1789148482650011,1.1836852548194499,38.677403067348656,0.21090675105485235,0.5736407405901451,5.1410200574287135,3.449056891438664e+18,1.425334035277529e+18,0.1480785486855515,0.06119394430979642,0.18329724553425014,0.16942562614057496,0.05711913280253258,0.022747972348521515,0.110497979066004,0.0,0.0,0.024835518727860873,0.020955152478973994,0.003195965561854788,7.7708968532963505,83.33246316801024,34.43741281615457,21,0.001,25,1.046152114868164,0.7189278661088225
S1,1,3,1,MGCUBED,hyb,sample,5000,10,1001,6.844534069703503e-19,3.530446517537211,1.25,7.07e-06,10100.0,3.16e-11,2,0.1,0.7395567030182089,0.010070812166082783,0.7769151673610271,0.01584191626833663,0.7398352553502587,0.8260840017561973,0.8496799305129936,0.8244637604861283,0.848428797917688,0.8111708691163246,0.8382253376283199,0.7678681730352576,0.8059430026880227,0.7411632478638237,0.7851585502010983,0.7395567030182089,0.7769151673610271,0.7802529791647871,0.7981368717215099,0.9289361690362427,0.9246682523697307,1.007060473868823,0.994182930902863,1.0648918962753027,1.0592465742211359,8.565147469844282,0.21090675105485235,0.5736407405901451,4.4130581469215135,3.449056891438664e+18,1.425334035277529e+18,0.6686742678165716,0.276331827056553,0.1775402189415558,0.1357965640077847,0.2099144114718828,0.07288222051204284,0.36362671563191934,0.0,0.0,0.07727530613842604,0.06771517654036638,0.005599544445983684,13.800284448827323,83.33246316801024,34.43741281615457,21,0.001,25,1.4122188091278076,0.7189278661088225
S1,1,4,1,MGCUBED,hyb,sample,5000,10,1001,8.080197988430527e-20,0.3016791319345933,1.25,7.07e-06,10100.0,3.16e-11,5,0.1,0.7362704682162358,0.00825389294251575,0.7906233386085627,0.014153463684825595,0.7316397246057211,1.0680829039868016,1.0753815630610704,0.9961489360526429,1.009300773532008,0.8489252883416857,0.8841069156106517,0.7649861951919664,0.8169948734388249,0.7382536599575225,0.7932154120721745,0.7362704682162358,0.7906233386085627,0.7425378311487667,0.7928453415181516,0.7688064392666154,0.798312508447844,0.9666577170243921,0.9577308643387109,1.0945401257753704,1.0809422410181546,6.19972412861369,0.21090675105485235,0.5736407405901451,0.3770989149182416,3.449056891438664e+18,1.425334035277529e+18,0.9237981552607821,0.3817626075372041,1.919160433414693,1.3784315768812279,0.2683098123967158,0.07876116381412097,0.3923812011878847,0.0,0.0,0.01551870884453335,0.07858702082677142,0.006123295647544673,2.5343719685911394,83.33246316801024,34.43741281615457,21,0.001,25,0.8249127864837646,0.7189278661088225
S1,1,5,1,MGCUBED,hyb,sample,5000,10,1001,4.883155060677686e-18,0.6546534809026663,1.25,7.07e-06,10100.0,3.16e-11,2,0.01,0.8373488702352441,0.015075180024748445,0.8594629172805881,0.028892949626809248,0.807958860519171,0.9222337802074577,0.9397479103857875,0.9203817847238591,0.9380260280345043,0.9054997405050461,0.9242016935545312,0.8607032039654415,0.8828514890400649,0.8373488702352441,0.8594629172805881,0.86501565635828,0.8816499541430847,0.9224005303731196,0.9317954878498025,0.9700507161697196,0.9666368671048534,0.9934807890291755,0.9876948749024621,0.9972760801014801,0.9918936887350762,0.22261789089068165,0.21090675105485235,0.5736407405901451,0.8183168511283329,3.449056891438664e+18,1.425334035277529e+18,25.72701452800809,10.631772854739381,0.10505883796785054,0.04572229862577104,0.8932032275060736,0.06144577940111169,0.9605723378627995,0.92224,0.6136,0.04905358254123115,0.05925836226258016,0.004189935547209384,11.707479026473862,83.33246316801024,34.43741281615457,21,0.001,25,1.2922449111938477,0.7189278661088225
S1,1,6,1,MGCUBED,hyb,sample,5000,10,1001,1.6747288477364972e-18,2.2146545446416606,1.25,7.07e-06,10100.0,3.16e-11,4,0.1,0.7133333723998778,0.016222065992800454,0.7562877903161518,0.03270966709063037,0.7029337613648394,0.9092423981668654,0.9162780468685957,0.9052719266864505,0.9129292881169645,0.8735743238627002,0.8863737158681365,0.7763700611387556,0.8085354001375922,0.7176097724043948,0.7649921909737244,0.7133333723998778,0.7562877903161518,0.7706215647800694,0.8067316334775642,0.828453528131304,0.8494920984455453,0.9401127038559516,0.932215990356036,1.0238585966109657,1.010866131915515,2.1958900371495877,0.21090675105485235,0.5736407405901451,2.768318180802076,3.449056891438664e+18,1.425334035277529e+18,2.608187849230145,1.0778421548026045,0.17384869787326976,0.10011400960615036,0.49307254727456523,0.12115337748688448,0.6959101741657507,0.0,0.0,0.1138896507360385,0.11492630201400064,0.006849973907498122,16.626289716428342,83.33246316801024,34.43741281615457,21,0.001,25,1.6838090419769287,0.7133333723998778
S1,1,7,1,MGCUBED,hyb,sample,5000,10,1001,1.4614421717980488e-17,0.44836725709505715,1.25,7.07e-06,10100.0,3.16e-11,3,0.01,0.8932369859000462,0.01027573994444562,0.9134446946321957,0.015206926242056067,0.8596776366242974,1.054076498869871,1.068146256904497,1.04801675078826,1.0625483692759903,1.0057571506401506,1.023369204656732,0.9177467367719947,0.9405613518785149,0.8932369859000462,0.9134446946321957,0.933367636404251,0.9467871011458466,0.9654193279091148,0.9693896072912255,0.9908808439749965,0.9886218833659794,0.9976369179469746,0.9948422488790154,0.9985679190082468,0.9959814415268415,0.050944974848502356,0.21090675105485235,0.5736407405901451,0.5604590713688214,3.449056891438664e+18,1.425334035277529e+18,112.42117068799483,46.458416289128095,0.03759610515371184,0.015731204310550695,0.9719200177489156,0.019740871251499672,0.9910729389713163,1.0,0.98124,0.017764878274381127,0.018790296899467228,0.002229430181852791,7.968349230661908,83.33246316801024,34.43741281615457,21,0.001,25,1.1880381107330322,0.7133333723998778
S1,1,8,1,MGCUBED,hyb,sample,5000,10,1001,4.54225245945947e-19,0.1828714055113774,1.25,7.07e-06,10100.0,3.16e-11,3,0.01,0.8770476882628726,0.018277048004810642,0.9063333346929617,0.02185253510683774,0.8533247407001545,1.0515860459810564,1.0526057125906614,1.0356683272710634,1.0376308147913669,0.9664488434139462,0.9760191077868943,0.9000520167690368,0.9240556640768375,0.8770476882628726,0.9063333346929617,0.8846874323040088,0.9136044364314648,0.8986013720398113,0.923614367604659,0.9232377700211021,0.9289598064769718,0.9894991352769578,0.9810546605570118,1.011678667878739,1.0024451987284297,0.6685342037478234,0.21090675105485235,0.5736407405901451,0.22858925688922174,3.449056891438664e+18,1.425334035277529e+18,8.566941947071221,3.54031676477045,0.9635140031227714,0.4572682478551721,0.752783977466987,0.09722711663191831,0.8630138434101984,0.4278,0.0,0.02388867184201257,0.09687626989375793,0.005912552415593822,4.040331512158499,83.33246316801024,34.43741281615457,21,0.001,25,0.9393069744110107,0.7133333723998778
S1,1,9,1,MGCUBED,hyb,sample,5000,10,1001,2.478201561867058e-18,0.13018682076874566,1.25,7.07e-06,10100.0,3.16e-11,1,0.01,0.9202723813726802,0.012529411919132481,0.9345524206949362,0.010061207384783761,0.9076465348770082,0.966408057557748,0.9717492659840812,0.9631844275656845,0.9689809823340159,0.9457510778227747,0.955010763128381,0.9232011359500522,0.939155268956626,0.9202723813726802,0.9345524206949362,0.9468387769076821,0.9497648893382491,0.9836358096664932,0.9800697721408209,0.9951998281338484,0.9914919490674986,0.9966465521256523,0.9930579200309737,0.9979352325820845,0.9951700923719636,0.08723273572420523,0.21090675105485235,0.5736407405901451,0.16273352596093207,3.449056891438664e+18,1.425334035277529e+18,65.65532612947601,27.132278148811285,0.21843290562476664,0.09219091128520575,0.9547936481036569,0.029283679510222253,0.9829105156270325,0.99932,0.94144,0.015223890200765169,0.02883064838511797,0.002817976146298815,5.40241982557607,83.33246316801024,34.43741281615457,21,0.001,25,0.8688309192657471,0.7133333723998778
S1,1,10,1,MGCUBED,hyb,sample,5000,10,1001,6.995338116323751e-18,7.301770134862843,1.25,7.07e-06,10100.0,3.16e-11,3,0.1,0.7411905397197438,0.006382431519375145,0.7729921737360617,0.015933920394827522,0.7049536695599287,0.8687695294036816,0.9101143504264136,0.8682584938769373,0.9095824894085436,0.8633756162091345,0.9044945313421037,0.8296314077183293,0.8690105538108165,0.758904815059641,0.7920262487651892,0.7411905397197438,0.7729921737360617,0.7951281326868538,0.8307866006969828,0.8412358468416317,0.8588269989984166,0.956618795926118,0.9478656926234107,1.0141790705280527,1.0019924146584152,1.7332792735449596,0.21090675105485235,0.5736407405901451,9.127212668578554,3.449056891438664e+18,1.425334035277529e+18,3.3043109673984836,1.3655173089967083,0.04631649639903734,0.02545412605033643,0.5447025723118335,0.12879778477691467,0.7638734040732583,0.0,0.0,0.166110042372301,0.1167853653010091,0.0067954188118396356,24.444415711786306,83.33246316801024,34.43741281615457,21,0.001,25,3.059011936187744,0.7133333723998778
S1,1,11,1,MGCUBED,hyb,sample,5000,10,1001,5e-20,1.1537951990136932,1.25,7.07e-06,10100.0,3.16e-11,5,0.01,0.7272872306396613,0.015799257755003845,0.7804331886355225,0.022908728309135547,0.7114390493703087,1.0728065782250407,1.110895439725835,0.9898333423813017,1.028885244058634,0.8347105688778402,0.880670903957434,0.7512735380138111,0.8097166375340157,0.7272872306396613,0.7804331886355225,0.7303542727805505,0.7762553867038944,0.7624522777256122,0.7940438222751557,0.9128520553499717,0.9204516558890361,1.0180105318371226,1.0132785014230894,1.182358844652482,1.1875274568890508,38.318440069597216,0.21090675105485235,0.5736407405901451,1.4422439987671165,3.449056891438664e+18,1.425334035277529e+18,0.14946573249685235,0.06176720255448962,0.6530282261592049,0.6032054138508893,0.05770144677051782,0.02134761826008689,0.09905280589981504,0.0,0.0,0.00956519040646599,0.021087014729775276,0.003220343206520961,2.9702394412797912,83.33246316801024,34.43741281615457,21,0.001,25,0.7574808597564697,0.7133333723998778
S1,1,12,1,MGCUBED,hyb,sample,5000,10,1001,1.9070786437037502e-18,3.7728323847906866,1.25,7.07e-06,10100.0,3.16e-11,5,0.1,0.6629329470654203,0.022217778330145422,0.7082477090503707,0.023681346539812315,0.6281356626560843,0.9154261857553767,0.9605039127120591,0.9107015288253368,0.9555045390183571,0.8736036617154109,0.9160016115086437,0.761794089303435,0.7959659092253647,0.6810903816255802,0.7183801762036257,0.6629329470654203,0.7082477090503707,0.7213715960218601,0.765214459183402,0.7924869762805468,0.8208477351344102,0.9141465767085212,0.9087639304000931,1.0345668205907106,1.0208741114599997,3.2850955515271427,0.21090675105485235,0.5736407405901451,4.716040480988358,3.449056891438664e+18,1.425334035277529e+18,1.7434176946471585,0.7204730615067247,0.12324650109264892,0.07729128723948583,0.39844440540984705,0.11400443043853202,0.6129386746617522,0.0,0.0,0.1295474931228499,0.10518200642509705,0.00670916308823053,19.309039207901662,83.33246316801024,34.43741281615457,21,0.001,25,2.019522190093994,0.6629329470654203
S1,1,13,1,MGCUBED,hyb,sample,5000,10,1001,1.5367709763738569e-18,10.0,1.25,7.07e-06,10100.0,3.16e-11,5,0.1,0.6734137115945453,0.017292062498120795,0.7237047274882724,0.015398779426097053,0.6410005925626802,0.9392541467532215,0.9789786366738251,0.9349009863107478,0.9742533644783749,0.9000050006156106,0.9364589325740347,0.7857309086798488,0.8162102472043443,0.6920502914227395,0.732821420404149,0.6734137115945453,0.7237047274882724,0.7166815847849326,0.7608339935109724,0.7756525320654073,0.796600372060653,0.9707883535676591,0.9611261867333358,1.0771788147517984,1.0677964465035041,10.80537759173479,0.21090675105485235,0.5736407405901451,12.5,3.449056891438664e+18,1.425334035277529e+18,0.5300410526625176,0.21904119770523378,0.06562534568199567,0.05228617876676389,0.17426231834509973,0.06674651239447937,0.3344794319568469,0.0,0.0,0.09561282928363213,0.05795295450273138,0.005201853906971051,18.380529517659177,83.33246316801024,34.43741281615457,21,0.001,25,2.084770917892456,0.6629329470654203
S1,1,14,1,MGCUBED,hyb,sample,5000,10,1001,9.448136077010035e-20,0.3596714141721162,1.25,7.07e-06,10100.0,3.16e-11,3,0.1,0.7635647074389196,0.009254330980884833,0.8065430079765665,0.012505634047663392,0.7581186585167237,0.9282613429120398,0.9583868004292974,0.9090236354031518,0.9394139256059739,0.8400196610471878,0.873606133887409,0.7839189216149537,0.8254567824221439,0.7642706532358003,0.8082934856931893,0.7635647074389196,0.8065430079765665,0.771345151307942,0.8081474513298235,0.8515185797242648,0.863937507711776,1.0135047674682418,1.0018213080062783,1.0821038341453364,1.0703706280029055,6.321336078464587,0.21090675105485235,0.5736407405901451,0.44958926771514524,3.449056891438664e+18,1.425334035277529e+18,0.9060258214478941,0.37441813249166295,1.6183229326107498,1.1669581585823776,0.26445491588317727,0.07892575397232936,0.3894080837120591,0.0,0.0,0.01718601130436163,0.07871342903956584,0.006090890233671898,2.821592681042461,83.33246316801024,34.43741281615457,21,0.001,25,0.788081169128418,0.6629329470654203
S1,1,15,1,MGCUBED,hyb,sample,5000,10,1001,5e-20,10.0,1.25,7.07e-06,10100.0,3.16e-11,1,0.001,0.9429072051178029,0.013686087168772825,0.9438261997353183,0.017042023146136884,0.9232823356864566,0.987067829208257,0.9931090432998781,0.9796443529923795,0.9857088216174112,0.9536507209117928,0.9586141916070392,0.9429072051178029,0.9438261997353183,0.9714662053892351,0.9666342841443084,0.991983141313057,0.9866017574617565,0.9973437446078325,0.9948768254367515,0.9989991442265156,0.9977548443752982,1.0167607162760377,1.0182173059865436,1.2519461647998906,1.2616918009911735,332.10781343476935,0.21090675105485235,0.5736407405901451,12.5,3.449056891438664e+18,1.425334035277529e+18,0.01724528445719332,0.007126670176387646,0.07943390078825818,0.07864376588650235,0.007066357152368828,0.003147513586072458,0.01565084914746186,0.0,0.0,0.004534237570890465,0.002694288596947925,0.001150797788984361,3.940081927766099,83.33246316801024,34.43741281615457,21,0.001,25,0.7280371189117432,0.6629329470654203
S1,1,16,1,MGCUBED,hyb,sample,5000,10,1001,1.0626123188275152e-18,4.974599659822834,1.25,7.07e-06,10100.0,3.16e-11,5,0.1,0.6875735109900233,0.021016986888602048,0.7387643000738882,0.015777749308445353,0.6554140456417308,0.9658998893576651,1.0055942441065788,0.9594779301808776,0.9988074573051803,0.9122480315811403,0.9491186456000579,0.7884722657370233,0.8244116898070939,0.7062579493637918,0.7511445733008352,0.6875735109900233,0.7387643000738882,0.725127372622788,0.7702258349299376,0.7716373856507038,0.7962815663275449,0.951720246121603,0.9426420489377094,1.0656839096357544,1.0537757849780858,7.773782528514431,0.21090675105485235,0.5736407405901451,6.218249574778543,3.449056891438664e+18,1.425334035277529e+18,0.736744781852493,0.30446218950289855,0.12328219430027476,0.09259677229726483,0.2254382673311037,0.07905079710314222,0.3976590197976509,0.0,0.0,0.09621345832984625,0.07161034050038251,0.00573755361068842,16.76907352126721,83.33246316801024,34.43741281615457,21,0.001,25,1.731231927871704,0.6629329470654203
S1,1,17,1,MGCUBED,hyb,sample,5000,10,1001,5.862796710472054e-18,1.1452160413903352,1.25,7.07e-06,10100.0,3.16e-11,2,0.01,0.8265978393897292,0.01624710295302463,0.8509455771625554,0.029347922459839762,0.7834190704719393,0.9161648003903581,0.9290704015134515,0.9149904814471164,0.9280101031179792,0.9047439116025892,0.9187968926862876,0.862005327748353,0.8813163753124307,0.8265978393897292,0.8509455771625554,0.8439028745842247,0.8638321920819113,0.9035986412888406,0.9178229010611908,0.9553069853163608,0.9535020727673859,0.9909390053955847,0.9841933487694481,0.9975350460476019,0.991021496152943,0.32436328104061374,0.21090675105485235,0.5736407405901451,1.431520051737919,3.449056891438664e+18,1.425334035277529e+18,17.657034713562318,7.296827315834592,0.0841958165556168,0.03744207809024649,0.8531520606887457,0.07798465843371674,0.9443503684148584,0.82644,0.29072,0.07020036108226248,0.07447155605218617,0.004804855931315965,14.610294686408182,83.33246316801024,34.43741281615457,21,0.001,25,1.5875771045684814,0.6629329470654203
S1,1,18,1,MGCUBED,hyb,sample,5000,10,1001,1.299598131066149e-17,2.3798616757234408,1.25,7.07e-06,10100.0,3.16e-11,2,0.01,0.8277050100828879,0.026947259620951364,0.8535863938353104,0.018192880872302114,0.7688927248380566,0.9016339251484077,0.9240305902963591,0.9011104442421358,0.9235286307256934,0.8962130651226617,0.9188404167637486,0.8669546467533467,0.8911322019553001,0.8277050100828879,0.8535863938353104,0.8536967850757508,0.8766030133016262,0.9109356546976437,0.9283365083599069,0.9559708344551711,0.9559965237463631,0.9906128873951936,0.984278928741451,0.9973706363152643,0.9909817536506387,0.30408271545963333,0.21090675105485235,0.5736407405901451,2.9748270946543007,3.449056891438664e+18,1.425334035277529e+18,18.834657223058702,7.783483667505845,0.038271146573440544,0.016947809436996107,0.8593897559182747,0.07700141394870497,0.9489369902845107,0.84148,0.34012,0.07961126627952024,0.07241247422625943,0.004710041644684581,16.90245485819937,83.33246316801024,34.43741281615457,21,0.001,25,2.256917953491211,0.6629329470654203
S1,1,19,1,MGCUBED,hyb,sample,5000,10,1001,1.1874569355443903e-19,0.14037660827436516,1.25,7.07e-06,10100.0,3.16e-11,3,0.01,0.7880366685893281,0.012766528672859502,0.8448659700461485,0.016873792174532123,0.7798540732446267,0.9546411263238259,0.9856639963860306,0.9293750745031779,0.9638175525568105,0.8526931370077728,0.9006159861895215,0.8014976426582645,0.861636619645404,0.7880366685893281,0.8448659700461485,0.7901923830831499,0.8402778388067569,0.7952155455367764,0.8380008822008479,0.8469657037322552,0.8604614911023001,1.0030889263351548,0.9933613854671833,1.053712561942176,1.042735565304985,1.9630256490108215,0.21090675105485235,0.5736407405901451,0.17547076034295644,3.449056891438664e+18,1.425334035277529e+18,2.917584758011236,1.2057014387680247,2.583738255704254,1.4547113949105568,0.5266108976173786,0.10436408223655981,0.6694157116812691,0.0,0.0,0.01688389442626125,0.10419890395034725,0.006902533943272428,2.4460429408995776,83.33246316801024,34.43741281615457,21,0.001,25,0.7538919448852539,0.6629329470654203
S1,1,20,1,MGCUBED,hyb,sample,5000,10,1001,8.945349339070591e-20,0.8403272412150059,1.25,7.07e-06,10100.0,3.16e-11,4,0.1,0.7450534424164174,0.010054577950707433,0.786408580350148,0.012253745242496712,0.7360252596698103,0.9757457855919659,0.9867138793051311,0.945834789972394,0.9585497704553461,0.8499404663994745,0.8753637123474096,0.774637144700911,0.8186724507571407,0.7473636635394567,0.7929992932583012,0.7450534424164174,0.786408580350148,0.7571055992832256,0.7906147461970494,0.8611924821027163,0.8716844927943219,1.0137223947419585,1.0037938046701262,1.1134237299429792,1.1090732038609126,15.599124867636725,0.21090675105485235,0.5736407405901451,1.0504090515187574,3.449056891438664e+18,1.425334035277529e+18,0.3671548091150561,0.1517279250877269,0.826592856126549,0.6963440195153858,0.12948793564577732,0.04493866730154874,0.21059887060224636,0.0,0.0,0.016364624996712398,0.04458758073432649,0.004635104512974792,3.530583819826243,83.33246316801024,34.43741281615457,21,0.001,25,0.8740630149841309,0.6629329470654203
S1,1,21,1,MGCUBED,hyb,sample,5000,10,1001,8.072228991449681e-20,0.1478031965516795,1.25,7.07e-06,10100.0,3.16e-11,4,0.1,0.747582052407734,0.007700183339124023,0.8038449543663478,0.01248771559094957,0.7436669552800177,0.9686393380941023,0.9837389377086027,0.9266800282056827,0.9458554362256197,0.8296052314070191,0.8642756710819974,0.7712705128059058,0.8208583606695763,0.749881992136627,0.8053424169684134,0.747582052407734,0.8038449543663478,0.7520357628354226,0.8037000554881143,0.7882959035355455,0.813832650505144,0.9864986281150617,0.9771127666533159,1.0792627458108912,1.0660346835846344,3.040461096770269,0.21090675105485235,0.5736407405901451,0.18475399568959938,3.449056891438664e+18,1.425334035277529e+18,1.8836924830983388,0.7784420763893481,3.0434518516362425,1.8769694973159825,0.4230612390258849,0.096312556956814,0.5639270019646387,0.0,0.0,0.014959030799669563,0.09617472881506545,0.006842959684399615,2.1860468992346593,83.33246316801024,34.43741281615457,21,0.001,25,0.784714937210083,0.6629329470654203
S1,1,22,1,MGCUBED,hyb,sample,5000,10,1001,8.847700070644019e-20,0.3749715641215918,1.25,7.07e-06,10100.0,3.16e-11,4,0.1,0.7507632795776501,0.008858272378910344,0.7981395255427771,0.013761126383601196,0.7438965208837728,0.9938924581912065,1.0104190973696485,0.9582092647303115,0.9765577073379029,0.8540422366658296,0.8832172901782164,0.7791429301573232,0.8229548310448184,0.7531932279883791,0.8001650574974176,0.7507632795776501,0.7981395255427771,0.7566043325119478,0.799939472317145,0.8029027898862182,0.8239688317666086,0.9952260330366502,0.984999454366851,1.0899810702698818,1.077716552746287,7.037477834144796,0.21090675105485235,0.5736407405901451,0.4687144551519898,3.449056891438664e+18,1.425334035277529e+18,0.8138276024616532,0.33631691710166534,1.5965487578957447,1.1762391923346196,0.24471377215710666,0.07457527149987773,0.36424011529608613,0.0,0.0,0.01645363293919919,0.07436932485270895,0.005937925164414193,2.770939761552624,83.33246316801024,34.43741281615457,21,0.001,25,0.8351740837097168,0.6629329470654203
S1,1,23,1,MGCUBED,hyb,sample,5000,10,1001,3.0527747116072202e-18,7.255362641936839,1.25,7.07e-06,10100.0,3.16e-11,5,0.1,0.6417393513850276,0.015175914473048927,0.6859479112780937,0.02041927494716594,0.6044426872992951,0.9014692445131022,0.9408518548403298,0.8985834803020423,0.9380305499653513,0.873610171705845,0.9136533737476192,0.7681141916729618,0.8117145092134468,0.6637264474803329,0.7124045328077383,0.6417393513850276,0.6859479112780937,0.7086275853062288,0.7504661319190291,0.778841965838556,0.807051154280219,0.9143554684839922,0.9083725587732612,1.0388564987786713,1.0253992462853811,3.9465123540370457,0.21090675105485235,0.5736407405901451,9.069203302421048,3.449056891438664e+18,1.425334035277529e+18,1.4512291358420324,0.5997251844225864,0.06892638167121029,0.04498284840787903,0.35646631852757105,0.1105521296953979,0.5807507860831337,0.0,0.0,0.14762176449475928,0.09872639115586858,0.006556527530675594,22.515235969663976,83.33246316801024,34.43741281615457,21,0.001,25,2.6393940448760986,0.6417393513850276
S1,1,24,1,MGCUBED,hyb,sample,5000,10,1001,1.2989501929042962e-17,1.3762210994718147,1.25,7.07e-06,10100.0,3.16e-11,3,0.01,0.8210863900376013,0.027705939982078962,0.8452964209948124,0.02268354089251222,0.7518391212696331,0.9475489888316879,0.9611415349987749,0.945856966892938,0.9595727787325536,0.9312171009342414,0.9460261704481201,0.8707836076841327,0.8905557056107615,0.8210863900376013,0.8452964209948124,0.8533952919622294,0.8751863204208276,0.920975593370712,0.9384097416167989,0.9593138508290092,0.9611444315103492,0.9915042772336596,0.9867689585677489,0.9984350820369785,0.9934566794459074,0.17593198824908804,0.21090675105485235,0.5736407405901451,1.7202763743397684,3.449056891438664e+18,1.425334035277529e+18,32.55402141553854,13.453055768345479,0.04022000281159702,0.017324359916210473,0.9117348653244411,0.05403763373324503,0.9697965245694241,0.94784,0.7404,0.05229115978219038,0.051155355584839836,0.0038375422785268485,13.626210732527447,83.33246316801024,34.43741281615457,21,0.001,25,1.734607219696045,0.6417393513850276
S1,1,25,1,MGCUBED,hyb,sample,5000,10,1001,2.5774635464644212e-18,0.9304357367575105,1.25,7.07e-06,10100.0,3.16e-11,2,0.01,0.800922359038678,0.023137676324690146,0.8329520142273438,0.028178793292167978,0.7541822605739352,0.8724281898456434,0.9054336967165062,0.8712440403749445,0.9041389183473114,0.8613412433439261,0.8933954945589445,0.8258795243661126,0.85680039416418,0.800922359038678,0.8329520142273438,0.8118830866023886,0.8426965805830189,0.8698506098218095,0.8908653339663545,0.93290200208579,0.9323679020886726,0.9888668606258054,0.9800698998896923,1.000641103272951,0.9919927975305282,0.5994361753437332,0.21090675105485235,0.5736407405901451,1.163044670946888,3.449056891438664e+18,1.425334035277529e+18,9.554467929558804,3.9484151052339835,0.17375506785525016,0.08146428679534748,0.7670148683952733,0.10152015857636759,0.8951235142275401,0.4914,0.0,0.07648160131929384,0.09832667233679397,0.0057624317162998295,13.272452513919623,83.33246316801024,34.43741281615457,21,0.001,25,1.4279370307922363,0.6417393513850276
S1,1,26,1,MGCUBED,hyb,sample,5000,10,1001,3.780767598521368e-19,0.7524581372932363,1.25,7.07e-06,10100.0,3.16e-11,2,0.01,0.7979826120542667,0.01384014308552081,0.8386460348060387,0.019958817321447178,0.7786656057706349,0.9070690029234193,0.9257890580378815,0.9026648876657367,0.9219952949005619,0.873311728432701,0.897224569422538,0.8196731558129114,0.8555792721463806,0.7979826120542667,0.8386460348060387,0.7990945340687272,0.8343284883756134,0.8168127606340561,0.8404340894909931,0.90472783449461,0.904136000629175,1.004474721751077,0.991598978481288,1.0357122180502951,1.0243412354903845,3.304847761277224,0.21090675105485235,0.5736407405901451,0.9405726716165453,3.449056891438664e+18,1.425334035277529e+18,1.732997743570996,0.7161669826619115,0.6195096868467573,0.38901681221896944,0.4003701118143161,0.10658377892611685,0.5653047772429528,0.0,0.0,0.04404511763985102,0.10554016065995674,0.006741008807949734,6.533905961954568,83.33246316801024,34.43741281615457,21,0.001,25,1.0934319496154785,0.6417393513850276
S1,1,27,1,MGCUBED,hyb,sample,5000,10,1001,2.0354114035135367e-19,0.3202362504574146,1.25,7.07e-06,10100.0,3.16e-11,1,0.01,0.8282957347416386,0.009617176026121518,0.8580955287372104,0.007517474490549084,0.8138101789650891,0.8783454779611427,0.88976581536403,0.8756848296707869,0.8878471214639385,0.8605671757386049,0.8775130964691389,0.8385515669012783,0.8640178294689909,0.8282957347416386,0.8580955287372104,0.8307320689441686,0.8571750789996735,0.8839830920011111,0.8926769275194653,0.9787573943125973,0.9737504849448712,1.0172382848827586,1.004025767388335,1.0410900200827684,1.0313896201323616,2.6125666963045933,0.21090675105485235,0.5736407405901451,0.40029531307176824,3.449056891438664e+18,1.425334035277529e+18,2.192209569707902,0.9059377709662653,1.3107225708019565,0.7825788377603429,0.45610052577418625,0.10943091236041214,0.6106734574010975,0.0,0.0,0.025630122579104894,0.10908900530903996,0.006860676067360489,3.7358013011341,83.33246316801024,34.43741281615457,21,0.001,25,0.9513561725616455,0.6417393513850276
S1,1,28,1,MGCUBED,hyb,sample,5000,10,1001,5.169377186054793e-18,8.845348306134097,1.25,7.07e-06,10100.0,3.16e-11,3,0.1,0.7276254917980278,0.010667893344614633,0.7720932848804292,0.02150816921074754,0.7050565729318963,0.8425384719377744,0.8751905341395009,0.8419775259956432,0.8746778078908981,0.8366504248804525,0.8698152865854268,0.801482599734161,0.8380045226847381,0.7382302812200893,0.7816231300936501,0.7276254917980278,0.7720932848804292,0.7679892106052544,0.8077423850779409,0.8193660572115731,0.8356414199766247,0.9624747864826657,0.9520769322466249,1.0248285436681677,1.0119308257066373,2.841357071934892,0.21090675105485235,0.5736407405901451,11.056685382667622,3.449056891438664e+18,1.425334035277529e+18,2.015689534310781,0.8329902892983234,0.04934178810033655,0.029990825453191983,0.42972196380241223,0.12184411751155427,0.6626079087038205,0.0,0.0,0.1652480003135533,0.10886073246382523,0.006766535888265776,24.421358733960016,83.33246316801024,34.43741281615457,21,0.001,25,2.9479098320007324,0.6417393513850276
S1,1,29,1,MGCUBED,hyb,sample,5000,10,1001,1.7547894328904318e-17,0.26966556571686057,1.25,7.07e-06,10100.0,3.16e-11,1,0.001,0.9503601210630606,0.013630947765921449,0.9671547255193766,0.01310447362915611,0.9173689432793726,0.9839862928487001,1.0003164238118476,0.9823705543682392,0.9988172380395188,0.9711191692619444,0.988304879667784,0.9503601210630606,0.9671547255193766,0.9560862528698071,0.963881403237337,0.9828738234082431,0.9819239662858508,0.9959635206008188,0.99390102611323,0.9978372576798668,0.9956734342077512,0.9980504617282857,0.9959428586323467,0.9990926321021678,0.9976377723483875,0.025518173209351843,0.21090675105485235,0.5736407405901451,0.3370819571460757,3.449056891438664e+18,1.425334035277529e+18,224.43980084907338,92.75048138961198,0.03164397164955701,0.013159333729234871,0.9856038090744909,0.01049719966160444,0.9955143302679492,1.0,1.0,0.009450493590218984,0.009980630926226454,0.0016060605527165555,5.884269789351365,83.33246316801024,34.43741281615457,21,0.001,25,1.0612530708312988,0.6417393513850276
S1,1,30,1,MGCUBED,hyb,sample,5000,10,1001,1.4606017209324432e-18,0.11657462015772214,1.25,7.07e-06,10100.0,3.16e-11,3,0.01,0.8911979934458222,0.023556498402021415,0.9124116116152889,0.0246960676675654,0.8624605273758158,1.0381318503825743,1.064577628499302,1.0220781973361692,1.0470533707953333,0.9594642415424769,0.9811683655879868,0.9032146935343933,0.9269971538321764,0.8911979934458222,0.9124116116152889,0.9205416367489457,0.9363643267599695,0.9505928189992264,0.9588067474621935,0.9774999042704554,0.9749550723435284,0.9962000944861963,0.9917456653319695,0.999298450675696,0.9950441278402165,0.1325321668724796,0.21090675105485235,0.5736407405901451,0.1457182751971527,3.449056891438664e+18,1.425334035277529e+18,43.214367110211064,17.8584784751026,0.36389771414966604,0.15521102433343764,0.9341645055384268,0.03982202741081667,0.9724465101358896,0.97692,0.87024,0.015593212406624595,0.03946213533952146,0.003371683332529347,4.624755906399722,83.33246316801024,34.43741281615457,21,0.001,25,0.849409818649292,0.6417393513850276
S1,1,31,1,MGCUBED,hyb,sample,5000,10,1001,1.7612357983363282e-19,0.5710149392915866,1.25,7.07e-06,10100.0,3.16e-11,4,0.1,0.7681097397406559,0.010242542849791396,0.812036295194072,0.008265052222932275,0.7574588495430827,1.005482748989754,0.9645509575924971,0.9816557301670128,0.9445303305111373,0.8904976426358818,0.8736739579694535,0.807408388996576,0.8275947640061337,0.7738030229183742,0.8146519561714396,0.7681097397406559,0.812036295194072,0.7757936781306802,0.8152935772241824,0.8071214926011703,0.8268507515086675,0.9776155103189768,0.967208166022101,1.0687834291777398,1.0557237947417053,5.383677844438827,0.21090675105485235,0.5736407405901451,0.7137686741144833,3.449056891438664e+18,1.425334035277529e+18,1.0638254885654432,0.439629360771603,0.9731769655427683,0.6788433133442029,0.2952953881108054,0.08738772545037662,0.4350793345026258,0.0,0.0,0.026664796345150878,0.08692378641491799,0.006289003023305488,4.239908336239901,83.33246316801024,34.43741281615457,21,0.001,25,0.9546639919281006,0.6417393513850276
S1,1,32,1,MGCUBED,hyb,sample,5000,10,1001,1.0188124978765866e-17,0.9873076234543079,1.25,7.07e-06,10100.0,3.16e-11,2,0.01,0.8503899493657743,0.02052014881564305,0.8733758956088626,0.01882770862289415,0.8097326363030104,0.9315001881540601,0.9425922193697467,0.9302992192814058,0.9416135115894105,0.9199027407069131,0.933142832139677,0.8780420907868389,0.8986958004134754,0.8503899493657743,0.8733758956088626,0.8880348953226338,0.9079636469171612,0.9363820332533598,0.9464868169989675,0.9773308222331483,0.9748510694959851,0.9945761042726773,0.9897137918680462,0.997278614064858,0.992700491608257,0.16091899966690823,0.21090675105485235,0.5736407405901451,1.234134529317885,3.449056891438664e+18,1.425334035277529e+18,35.59115906135515,14.708162828814814,0.05158365392506582,0.02214426806763627,0.9186627998265522,0.05029073866211848,0.9721595191946352,0.95756,0.78032,0.04646870230311336,0.047848459727206756,0.0036987939184047543,12.563203933014673,83.33246316801024,34.43741281615457,21,0.001,25,1.528904914855957,0.6417393513850276
S1,1,33,1,MGCUBED,hyb,sample,5000,10,1001,1.1227218806987536e-17,0.354628187847956,1.25,7.07e-06,10100.0,3.16e-11,4,0.01,0.8493800196327866,0.023202364072269447,0.8776574818266181,0.024213798532604986,0.8062821598061213,1.0689310544530246,1.075801417330242,1.0571614467688946,1.0652428035336245,0.9866694622019712,1.0025301070985706,0.8756326449274672,0.9041633061261505,0.8493800196327866,0.8776574818266181,0.9046582938946596,0.9244372345348959,0.9546005632242054,0.9640929469524206,0.9848104808736275,0.9834510913579138,0.9972869067750711,0.9945108870216268,0.9990476227788504,0.9963608401816669,0.052450564148272975,0.21090675105485235,0.5736407405901451,0.44328523480994503,3.449056891438664e+18,1.425334035277529e+18,109.19412986576366,45.12483112021617,0.04890822991346144,0.020471905789311892,0.9712273057057021,0.020074870739055745,0.9907667044187121,1.0,0.98004,0.017372084924223694,0.019191416240154077,0.0022572587884095757,7.69609803422839,83.33246316801024,34.43741281615457,21,0.001,25,1.1271469593048096,0.6417393513850276
S1,1,34,1,MGCUBED,hyb,sample,5000,10,1001,5.1187759769992605e-20,4.877834155425883,1.25,7.07e-06,10100.0,3.16e-11,4,0.01,0.7645053403845504,0.014596494393632371,0.7975405984557858,0.01443074123942693,0.7465414224841138,0.9902239075545236,1.0499849336317164,0.9431126042628041,1.0032043653896572,0.8335034638551481,0.8871063219824495,0.7732338275723762,0.8181769205590615,0.7645053403845504,0.7975405984557858,0.8280857501234624,0.8446859022771178,0.9594628822880946,0.9633930884878399,0.9951108069497,0.994249739175333,1.0165257112310002,1.0170322442507231,1.2463642304287348,1.255800708847182,158.237715709292,0.21090675105485235,0.5736407405901451,6.097292694282354,3.449056891438664e+18,1.425334035277529e+18,0.03619423907547453,0.014957387616104843,0.161590248037198,0.15827844802380425,0.014699197375511099,0.006133945446076397,0.029818016978164955,0.0,0.0,0.007154062532042978,0.0055691755227610116,0.001657218632457169,4.316909303291867,83.33246316801024,34.43741281615457,21,0.001,25,0.7539591789245605,0.6417393513850276
S1,1,35,1,MGCUBED,hyb,sample,5000,10,1001,6.696300705423918e-19,0.24281410260985245,1.25,7.07e-06,10100.0,3.16e-11,4,0.01,0.8509037725696753,0.027744936540019922,0.8735370167216857,0.03218022197483839,0.8161535215653842,1.1008566340932373,1.0748697410244064,1.0785789753622312,1.055613828475202,0.9788278450165752,0.9729485354854713,0.8798574927844156,0.8994755424386589,0.8509037725696753,0.8735370167216857,0.8682846425768022,0.8906455598204618,0.9013119948900817,0.9246241747116667,0.9210093101388115,0.9316418978908784,0.9746680328050136,0.9680604834998233,1.009076690010753,1.0001589106352342,0.6021269372174854,0.21090675105485235,0.5736407405901451,0.30351762826231554,3.449056891438664e+18,1.425334035277529e+18,9.51177128797082,3.930770578523375,0.6681920191949428,0.3134297216703004,0.7698253321970142,0.0962129206565688,0.8781389621499226,0.52804,0.0,0.029663024577545202,0.09568295535992775,0.005758395195501747,5.151265859751498,83.33246316801024,34.43741281615457,21,0.001,25,0.9972019195556641,0.6417393513850276
S1,1,36,1,MGCUBED,hyb,sample,5000,10,1001,3.511110927648389e-18,3.9351014260942687,1.25,7.07e-06,10100.0,3.16e-11,4,0.1,0.6851617068736087,0.01848949298464969,0.724396922938253,0.025284510430951285,0.6548483306243017,0.8554461784018651,0.8910713157608094,0.8537603331407413,0.8893521794435957,0.8388783566805538,0.8741426036276649,0.7712768130452659,0.804373036005013,0.6986402961531499,0.7326046242479854,0.6851617068736087,0.724396922938253,0.7557829172116586,0.7956456021464925,0.8250425882070107,0.8495282933946632,0.9327464732933703,0.9266756097803694,1.0179978079528587,1.0053367874127883,1.8610604409748854,0.21090675105485235,0.5736407405901451,4.918876782617836,3.449056891438664e+18,1.425334035277529e+18,3.077435631343031,1.2717603347213495,0.08948938921010864,0.049859387901361636,0.529662628039417,0.12622724089858747,0.7441197052622949,0.0,0.0,0.14671886303000986,0.11642048858538855,0.006821513565091655,21.508256434587697,83.33246316801024,34.43741281615457,21,0.001,25,2.4012579917907715,0.6417393513850276
S1,1,37,1,MGCUBED,hyb,sample,5000,10,1001,7.032774698439772e-18,0.3316356792146592,1.25,7.07e-06,10100.0,3.16e-11,3,0.01,0.8565918061292843,0.02091146986844716,0.8797885408564996,0.02541012451942907,0.8185140557305466,1.0154542780752052,0.9995332119550021,1.0084654677833462,0.9932931650714222,0.9631247588220218,0.9542810358785496,0.8807132360285485,0.8930756228242716,0.8565918061292843,0.8797885408564996,0.9012607037245548,0.9210510779961592,0.9503539871240276,0.9588040431353914,0.9839583444291925,0.9819000036125954,0.9966986197154502,0.9933176915912705,0.9985107963861914,0.9953063840132795,0.07830394474699257,0.21090675105485235,0.5736407405901451,0.41454459901832397,3.449056891438664e+18,1.425334035277529e+18,73.14182869898207,30.226099808870558,0.07725222473911908,0.03253609632364182,0.9582325397476962,0.027980168969101285,0.9860631814456241,0.99972,0.94932,0.022318845585356635,0.026959136223951335,0.0027056904607812675,8.2488540019142,83.33246316801024,34.43741281615457,21,0.001,25,1.11191987991333,0.6417393513850276
S1,1,38,1,MGCUBED,hyb,sample,5000,10,1001,7.472500888959664e-20,1.1475175497788013,1.25,7.07e-06,10100.0,3.16e-11,3,0.01,0.7634344017681481,0.02087088204266249,0.7982339055005792,0.01554862549170709,0.7343644908117879,0.9296983474128396,0.9483152585744943,0.9105024614491122,0.9300016809877759,0.8416645854560587,0.8679801495220077,0.7836909871042359,0.8196979637211366,0.7634344017681481,0.7982339055005792,0.7676211090435492,0.797801953097202,0.8219056644931602,0.8393393466350318,0.9566509672622366,0.9579410813161962,1.0189523972881864,1.010620122684362,1.1616458007506103,1.1648563326599608,25.50013375696762,0.21090675105485235,0.5736407405901451,1.4343969372235015,3.449056891438664e+18,1.425334035277529e+18,0.22459857535351824,0.09281609547260415,0.6379454847080817,0.5692943857311018,0.08394341157081271,0.030446896325438896,0.14213171361113625,0.0,0.0,0.013806801299330115,0.030067516699726193,0.003828687444110712,3.606144795279056,83.33246316801024,34.43741281615457,21,0.001,25,0.799858808517456,0.6417393513850276
S1,1,39,1,MGCUBED,hyb,sample,5000,10,1001,7.998101715668123e-20,2.3300434228495717,1.25,7.07e-06,10100.0,3.16e-11,5,0.1,0.7328760810448804,0.01129093936717935,0.7720152031810305,0.014432142455659368,0.7231206533821735,1.0680860320685006,1.0594184416055574,1.0062181865149067,1.006099204654204,0.8605169916803639,0.8875735526693092,0.7651856501945223,0.8124228512345602,0.7333307012377178,0.7792223251198365,0.7328760810448804,0.7720152031810305,0.7779481669489098,0.803284593065882,0.935127381574185,0.9407992407957927,1.0174459509594265,1.0127483991430517,1.1996025540712225,1.205699263493781,48.37558047397221,0.21090675105485235,0.5736407405901451,2.9125542785619647,3.449056891438664e+18,1.425334035277529e+18,0.11839224784538918,0.04892598344374014,0.3273264713183232,0.30699536901851465,0.046316030766350935,0.01779924391047293,0.08462562059046647,0.0,0.0,0.013706021802914648,0.01712332314036811,0.0028995954142314916,4.726873872004412,83.33246316801024,34.43741281615457,21,0.001,25,0.8372890949249268,0.6417393513850276
S1,1,40,1,MGCUBED,hyb,sample,5000,10,1001,1.7041110845694844e-18,0.18572919796384035,1.25,7.07e-06,10100.0,3.16e-11,4,0.01,0.8437108227941599,0.026808635272002362,0.8594484830946723,0.039401442181665934,0.8128814547164754,1.0721219648416709,1.072221913791043,1.048560956938649,1.049017589921814,0.9527701559294366,0.9574569905203797,0.8652804188864904,0.881957021646039,0.8437108227941599,0.8594484830946723,0.880968745574157,0.8929207482725264,0.9369152129600626,0.9497798248611904,0.9605992715370583,0.9627185260362664,0.9908803839010496,0.9860584431396795,1.0002366715417563,0.995196817915519,0.18098033157957952,0.21090675105485235,0.5736407405901451,0.23216149745480044,3.449056891438664e+18,1.425334035277529e+18,31.645945518785382,13.077790435532265,0.3059675068747541,0.1319412372169309,0.912621763148931,0.05093080869251009,0.963529099154234,0.95056,0.74484,0.022970222572315045,0.050337167210345056,0.0038395297041486334,5.9825614963977465,83.33246316801024,34.43741281615457,21,0.001,25,0.9737401008605957,0.6417393513850276
S1,1,41,1,MGCUBED,hyb,sample,5000,10,1001,8.080890544150977e-18,3.33867975991567,1.25,7.07e-06,10100.0,3.16e-11,4,0.1,0.7086617683110374,0.01803836849974324,0.740330718013586,0.018769355292041788,0.6775607685241232,0.8885367946747698,0.905923965336731,0.8869741229452093,0.9043943351746394,0.8728814554800289,0.8905965662055969,0.8026411743145125,0.8220146073074058,0.7198339581520155,0.7453676083633096,0.7086617683110374,0.740330718013586,0.8028643910370853,0.8341678200404459,0.8819860994715093,0.9025681651795185,0.9517155785155043,0.9478375318155525,1.0031790907093698,0.9938064794166612,0.6860640103751156,0.21090675105485235,0.5736407405901451,4.173349699894588,3.449056891438664e+18,1.425334035277529e+18,8.348045702044049,3.4498571759459997,0.05384794707861769,0.025632702423069326,0.739976051167278,0.11066684539710737,0.8909130316507793,0.33976,0.0,0.1225492234918922,0.10320766616105966,0.00596547955295911,20.543063202874112,83.33246316801024,34.43741281615457,21,0.001,25,2.6107120513916016,0.6417393513850276
S1,1,42,1,MGCUBED,hyb,sample,5000,10,1001,2.5616180034086556e-19,1.6604672665455966,1.25,7.07e-06,10100.0,3.16e-11,5,0.1,0.7331974093638554,0.01622231404183925,0.7787153949249074,0.011232264561559381,0.7152244974947441,1.0491075104277694,1.03272554130474,1.0236644564077002,1.0077469298951347,0.9107518778417694,0.9011584950963669,0.7932611965364501,0.811736054205577,0.7446285827069242,0.7857693138553161,0.7331974093638554,0.7787153949249074,0.7437342348649497,0.784495834195225,0.7862157624701622,0.8064017084393834,0.9781109392436255,0.9684445291328305,1.0857488506756499,1.0762070544313835,10.763785865782205,0.21090675105485235,0.5736407405901451,2.0755840831819956,3.449056891438664e+18,1.425334035277529e+18,0.5320891538121364,0.219887582200511,0.3949479445535251,0.3144674002669287,0.17600101982051275,0.060093805949382954,0.29134494539534506,0.0,0.0,0.038722885531381535,0.05856042917507421,0.005249302403154958,7.376767912648382,83.33246316801024,34.43741281615457,21,0.001,25,1.0818498134613037,0.6417393513850276
S1,1,43,1,MGCUBED,hyb,sample,5000,10,1001,3.0677811269942104e-18,0.9667700724586344,1.25,7.07e-06,10100.0,3.16e-11,3,0.01,0.771804162251823,0.029700264494889286,0.802759425418416,0.03345894775899831,0.7075602244310508,0.8936430666436184,0.918128249218444,0.8912380655013392,0.9157980190484188,0.8719326705495571,0.8970905194725924,0.8113928182995064,0.8389969191650541,0.771804162251823,0.802759425418416,0.781022754691582,0.8116225406027849,0.8562090125385966,0.8814687592574307,0.916802115599394,0.9243971561242288,0.9791388098306191,0.971821060304259,1.0019143222866072,0.9934596034135185,0.5232966133620401,0.21090675105485235,0.5736407405901451,1.208462590573293,3.449056891438664e+18,1.425334035277529e+18,10.944641273985635,4.522908784264209,0.14983004799534247,0.06927773461245933,0.7886675408572155,0.09669648590631802,0.9087709411196524,0.59436,0.00996,0.07635554908370404,0.09335834521593121,0.0055599380216607985,13.733165511240001,83.33246316801024,34.43741281615457,21,0.001,25,1.4529519081115723,0.6417393513850276
S1,1,44,1,MGCUBED,hyb,sample,5000,10,1001,5.633092580910736e-19,1.6201192550541226,1.25,7.07e-06,10100.0,3.16e-11,4,0.1,0.7500473561705823,0.014451739393141764,0.7956861374478096,0.017741887887957494,0.7434182146867843,0.9726839333086522,0.9803165342180344,0.964206360863149,0.9725333224381689,0.9081921649632614,0.9226379838338319,0.8017612061889571,0.838970833117949,0.755262443653566,0.8055000449146036,0.7500473561705823,0.7956861374478096,0.7712312212510317,0.8106678062304559,0.8049722342386862,0.8246127728079087,0.9620863528098539,0.9519266987942464,1.0498320692925092,1.0370395035314892,4.775833661272806,0.21090675105485235,0.5736407405901451,2.025149068817653,3.449056891438664e+18,1.425334035277529e+18,1.1992238673598838,0.4955831834227036,0.33016606226676687,0.22452957963568027,0.3188999961894191,0.09526727216373716,0.488394132783361,0.0,0.0,0.0663756252202554,0.09249927166607937,0.006411393420528108,10.352761227806237,83.33246316801024,34.43741281615457,21,0.001,25,1.279508113861084,0.6417393513850276
S1,1,45,1,MGCUBED,hyb,sample,5000,10,1001,9.518821581152563e-20,0.27730960183680736,1.25,7.07e-06,10100.0,3.16e-11,2,0.01,0.7767126169124192,0.012000462499730637,0.81755111005563,0.012460130963369408,0.7596141505389109,0.8765349149659458,0.9022080665020912,0.8663204007792393,0.8927220265362903,0.8259924454588246,0.8569133335998353,0.7897032489792604,0.8279967039302305,0.7767126169124192,0.81755111005563,0.7777318349938059,0.817550384515247,0.795325248546622,0.8249504657837454,0.9161724759341704,0.9217633712457486,1.0258347893322046,1.0133682939880135,1.0738573606794874,1.0626298967446959,4.837609609830363,0.21090675105485235,0.5736407405901451,0.3466370022960092,3.449056891438664e+18,1.425334035277529e+18,1.1839098594274375,0.4892546195834679,1.9371182101485,1.3209621407631016,0.3179161789895071,0.08830457225789867,0.4530202844617878,0.0,0.0,0.017119795696373737,0.08811484851499317,0.006433381151411944,2.661088359830263,83.33246316801024,34.43741281615457,21,0.001,25,0.8183150291442871,0.6417393513850276
S1,1,46,1,MGCUBED,hyb,sample,5000,10,1001,6.113057322209008e-18,2.7758775327166196,1.25,7.07e-06,10100.0,3.16e-11,5,0.1,0.6573044476122245,0.018917908121504005,0.6952256656062471,0.023351638783448536,0.6245275869308705,0.9027179155067996,0.9074078184440559,0.8994134890667901,0.9042415930191334,0.8713778905004353,0.8774733762299972,0.7631182333524571,0.7765127482296217,0.6704291808717036,0.6991062681638425,0.6573044476122245,0.6952256656062471,0.7433760711799767,0.7764344684515228,0.861005505383836,0.8852921074662999,0.9356192097912521,0.9349329986420928,1.002886105887942,0.9932858516787739,0.7540340039050097,0.21090675105485235,0.5736407405901451,3.4698469158957748,3.449056891438664e+18,1.425334035277529e+18,7.595537712461824,3.1388807893192125,0.06963166298995924,0.03352869383141245,0.723200267387032,0.11315451769546779,0.8801795460523649,0.26576,0.0,0.1214539808862429,0.10594815803554099,0.006090269347260533,19.94230040759596,83.33246316801024,34.43741281615457,21,0.001,25,2.3212502002716064,0.6417393513850276
S1,1,47,1,MGCUBED,hyb,sample,5000,10,1001,1.4817609959456603e-17,3.031119227115936,1.25,7.07e-06,10100.0,3.16e-11,3,0.01,0.7903715028680642,0.03086961949448866,0.8265587011280214,0.02234587657984424,0.7002375191117992,0.9045377676676939,0.9558091228616867,0.9037087455223911,0.9548878725468045,0.8960211108891978,0.9463355274037166,0.8518112213247084,0.8969243141865008,0.7903715028680642,0.8265587011280214,0.8080312898940868,0.8355501312630744,0.8898219762470001,0.9139051063971733,0.9321032755976348,0.9401564280257627,0.9822620705235445,0.9766238579788548,0.9992327965271108,0.9923068268690098,0.3396831140554864,0.21090675105485235,0.5736407405901451,3.7888990338949204,3.449056891438664e+18,1.425334035277529e+18,16.860695972669244,6.967737727946843,0.03312469876551041,0.0147770788151089,0.8460258379359283,0.08219138828246003,0.9433766884938203,0.80184,0.25672,0.08743327449849206,0.07702799213877454,0.004891180207370329,17.875700912990744,83.33246316801024,34.43741281615457,21,0.001,25,2.5982720851898193,0.6417393513850276
S1,1,48,1,MGCUBED,hyb,sample,5000,10,1001,1.452663081326351e-19,1.3015908204492221,1.25,7.07e-06,10100.0,3.16e-11,3,0.1,0.752578858620767,0.012476529791049447,0.7880898550412232,0.00874578113093944,0.7439150919400632,0.8992599671244751,0.8927794477140185,0.8882309531214719,0.8835465735329601,0.8360085696610037,0.8419544773987828,0.7777952517802099,0.8029927533306427,0.7533789413866914,0.7890954932832157,0.752578858620767,0.7880898550412232,0.7793327718218609,0.8034301251529445,0.9152019003574058,0.9175939045498384,1.0159659956246696,1.0049341563333898,1.1076972545982269,1.1050983911195804,14.878483762782654,0.21090675105485235,0.5736407405901451,1.6269885255615277,3.449056891438664e+18,1.425334035277529e+18,0.3849379953262077,0.15907688492232672,0.5302775792254522,0.4437978355327158,0.13474152090451055,0.04715441437404601,0.22403203773950756,0.0,0.0,0.024446634368719928,0.04638370757085834,0.004710811664984643,5.189473939370408,83.33246316801024,34.43741281615457,21,0.001,25,0.963615894317627,0.6417393513850276
S1,1,49,1,MGCUBED,hyb,sample,5000,10,1001,1.3858335443421998e-19,0.14781855760661106,1.25,7.07e-06,10100.0,3.16e-11,5,0.1,0.7833391385950479,0.0072120788313031585,0.8390474013005033,0.013564133730082853,0.7787366991090819,1.0717641241111129,1.0598414992646537,1.0123764657679903,1.0113446704638784,0.8875833928142217,0.9155015208705292,0.8136683210014587,0.8621906573198673,0.7857749156275847,0.8392849351253258,0.7833391385950479,0.8390474013005033,0.7923756366483978,0.8435536175759302,0.818268042528325,0.8453545343212628,0.9506093685980389,0.9429379385227514,1.0510148928088596,1.0379682771671592,1.7711974916552826,0.21090675105485235,0.5736407405901451,0.18477319700826383,3.449056891438664e+18,1.425334035277529e+18,3.233571490543729,1.3362839889406997,2.3165164797971687,1.2783628135147693,0.5504651551855892,0.10632803599143582,0.6929128858963406,0.0,0.0,0.017874406574525232,0.10614613194082126,0.0068699003890645635,2.601843631237729,83.33246316801024,34.43741281615457,21,0.001,25,0.8286211490631104,0.6417393513850276
S1,1,50,1,MGCUBED,hyb,sample,5000,10,1001,2.5236227120881456e-18,0.4037335998651662,1.25,7.07e-06,10100.0,3.16e-11,1,0.01,0.8685431886458259,0.01471507134735269,0.8925165013566012,0.01489556935234402,0.8499252279941777,0.9110526078833994,0.9272377290801256,0.9098990886909775,0.9262221023049106,0.9011178288580197,0.9186556021607503,0.8783274523535797,0.9003910338393227,0.8685431886458259,0.8925165013566012,0.8893940700087348,0.9065675441738671,0.9438148501239996,0.9441595330232033,0.9859608303262124,0.9800711716829239,0.9942200457099103,0.9878343408591634,0.9966506862290636,0.991432615771199,0.2656559604157762,0.21090675105485235,0.5736407405901451,0.5046669998314578,3.449056891438664e+18,1.425334035277529e+18,21.559063475087633,8.90935345718043,0.19996305964402072,0.08783629863802027,0.8773595760846727,0.06717357044308347,0.950087538363565,0.89584,0.49952,0.041113666473899996,0.0657729951567564,0.0044596332101055625,9.219069043780578,83.33246316801024,34.43741281615457,21,0.001,25,1.1765151023864746,0.6417393513850276
S1,1,51,1,MGCUBED,hyb,sample,5000,10,1001,9.14740851652831e-19,1.6761780126878347,1.25,7.07e-06,10100.0,3.16e-11,2,0.1,0.7732181979161321,0.01567026158680437,0.8106930338987051,0.009830410956134784,0.7564109204827727,0.854741874014431,0.8829610532280219,0.8535000337246677,0.8816995881738323,0.8432255187226847,0.8713642802437743,0.8072307721275159,0.8373517344308151,0.7785368924984871,0.814095212110094,0.7732181979161321,0.8106930338987051,0.7963126348923616,0.8236087160414801,0.8888218145104225,0.8893794011587506,0.9963388400246632,0.9830346311022081,1.0270126154220227,1.0148949819365967,3.042784268983681,0.21090675105485235,0.5736407405901451,2.0952225158597932,3.449056891438664e+18,1.425334035277529e+18,1.8822542799105693,0.777847734220548,0.2684573413838279,0.16559131490956427,0.41804911660572486,0.1119508070826843,0.6076478117540507,0.0,0.0,0.08571471080203973,0.10809196776928677,0.006773422504707788,12.654564327334478,83.33246316801024,34.43741281615457,21,0.001,25,1.3926441669464111,0.6417393513850276
S1,1,52,1,MGCUBED,hyb,sample,5000,10,1001,7.401860512503583e-18,2.9767836056459527,1.25,7.07e-06,10100.0,3.16e-11,5,0.1,0.6683655233229409,0.009867144985666891,0.7115219676880183,0.02201290885101269,0.6428209980174528,0.9282255026344128,0.9507776660636365,0.9246070329948637,0.9471318274877782,0.8938848336196902,0.9162774402757877,0.7758190833553178,0.8011907715800692,0.6781084019050005,0.7183404218948513,0.6683655233229409,0.7115219676880183,0.757388927852088,0.7872278916332095,0.8692197677415818,0.8915438017460955,0.9395232271036404,0.9386396719803182,1.001869912435458,0.9927571614440296,0.6678139183179234,0.21090675105485235,0.5736407405901451,3.7209795070574407,3.449056891438664e+18,1.425334035277529e+18,8.576182011247807,3.544135251496989,0.0591413825173648,0.02806404899194336,0.7450096909606899,0.10940659245353204,0.8932126314465234,0.36252,0.0,0.11882618744861607,0.10229976154344751,0.005927962483859579,20.045030273412035,83.33246316801024,34.43741281615457,21,0.001,25,2.4075450897216797,0.6417393513850276
S1,1,53,1,MGCUBED,hyb,sample,5000,10,1001,9.514794870590216e-18,1.9942431161980352,1.25,7.07e-06,10100.0,3.16e-11,3,0.01,0.7940110865605308,0.021926048666443383,0.8270292996513604,0.023270447169413382,0.7225187318426871,0.933769082359776,0.9366743724573405,0.9322573492584117,0.9354555293723041,0.918719391475021,0.9245875030565687,0.8546405744258031,0.874253406227773,0.7940110865605308,0.8270292996513604,0.808300631995867,0.8345802098509983,0.8854571376684106,0.9061665009844975,0.9317516506398705,0.9381389798408863,0.9825952696582648,0.9765629469427344,0.9993137433037133,0.9923347091103126,0.34803888564377766,0.21090675105485235,0.5736407405901451,2.492803895247544,3.449056891438664e+18,1.425334035277529e+18,16.455901766680885,6.800455199058869,0.051427088581585734,0.022981035632567506,0.8435819139761722,0.08237728637066387,0.9416444319787814,0.79512,0.23724,0.08327207888316077,0.07770586879143526,0.004926805978535311,16.901838482366358,83.33246316801024,34.43741281615457,21,0.001,25,2.115402936935425,0.6417393513850276
S1,1,54,1,MGCUBED,hyb,sample,5000,10,1001,2.599698082160517e-18,0.17476951826788603,1.25,7.07e-06,10100.0,3.16e-11,1,0.01,0.9099317495675734,0.01104426717176236,0.9227459483146664,0.01536272513866226,0.9045866727221368,0.9466366074175262,0.9633751810809572,0.9443211538764759,0.9610652718206737,0.9307424468420464,0.9476471430281468,0.9118081958563412,0.9287099566158851,0.9099317495675734,0.9227459483146664,0.9387089612295034,0.9419709804127061,0.978598200065116,0.9745839325172139,0.9939560446990331,0.9897456861423001,0.9960294159922585,0.991986744745233,0.9974333215870216,0.9942809900020044,0.1116328141434768,0.21090675105485235,0.5736407405901451,0.21846189783485753,3.449056891438664e+18,1.425334035277529e+18,51.304750821546484,21.201855991096924,0.20617453156011498,0.08751513365099325,0.9430827580472856,0.03598051763022979,0.9783853195603076,0.98744,0.90724,0.019675481621845164,0.035369666474138244,0.0031433141209466493,6.2594703757827554,83.33246316801024,34.43741281615457,21,0.001,25,0.9625790119171143,0.6417393513850276
S1,1,55,1,MGCUBED,hyb,sample,5000,10,1001,6.315600505111193e-19,4.923486265739255,1.25,7.07e-06,10100.0,3.16e-11,3,0.1,0.7222701665007532,0.010588234373998426,0.7655262355587038,0.014521629555344705,0.7178336781631593,0.8579171363893113,0.8794763899720515,0.8548090940209956,0.876909389370837,0.8307576855226413,0.8572322275130165,0.7644485171374831,0.8055309370906016,0.7273745582515491,0.7767386650632792,0.7222701665007532,0.7655262355587038,0.7492393204369346,0.776757170303236,0.8934576060686323,0.8942688245483978,1.0078920739952657,0.9962462728572007,1.0868846004468007,1.082845839066161,12.945152696623847,0.21090675105485235,0.5736407405901451,6.154357832174069,3.449056891438664e+18,1.425334035277529e+18,0.44242766751085066,0.18283467988509405,0.1373704139561547,0.11264792909713708,0.15082799443795836,0.056557601669225355,0.2799201203708445,0.0,0.0,0.06792100859063004,0.051253451534354164,0.004919269593372053,13.807132807305981,83.33246316801024,34.43741281615457,21,0.001,25,1.4356658458709717,0.6417393513850276
S1,1,56,1,MGCUBED,hyb,sample,5000,10,1001,1.183732308211372e-18,0.7445473816640893,1.25,7.07e-06,10100.0,3.16e-11,4,0.01,0.7726248489961026,0.026852480151610243,0.8030230662472004,0.0421631355236985,0.7131895733044005,0.9833178026926948,0.9698472923122619,0.9754325854084736,0.9626527280548147,0.9224864689663856,0.9157215994238704,0.8186311120827285,0.8347964450456148,0.7726248489961026,0.8030230662472004,0.7790411982353127,0.8058174087051737,0.8446854443592027,0.8707904014578579,0.8873470291519998,0.9026231663551343,0.9569307471124627,0.9499449539120933,1.0120799289108686,1.001091125009377,1.04445068030909,0.21090675105485235,0.5736407405901451,0.9306842270801117,3.449056891438664e+18,1.425334035277529e+18,5.48354634748687,2.2660934536903707,0.3289796537138459,0.16572385478644766,0.6635337303391884,0.11585519058855719,0.8172130764456612,0.01856,0.0,0.0651802832590626,0.11379830588126982,0.00646535479584302,10.08147044010192,83.33246316801024,34.43741281615457,21,0.001,25,1.2529351711273193,0.6417393513850276
S1,1,57,1,MGCUBED,hyb,sample,5000,10,1001,4.1441096589422234e-19,0.7269659268601131,1.25,7.07e-06,10100.0,3.16e-11,2,0.01,0.8020265478026843,0.015075076131894303,0.8423510743739598,0.0187525812235302,0.781757525594427,0.9081259635921016,0.9191695214642529,0.9039372840417095,0.9159916439899659,0.8757696374650463,0.8952392777615132,0.823380823742378,0.8598632156953062,0.8020265478026843,0.8423510743739598,0.8038045088222253,0.8381707709429979,0.8218166320468054,0.845120450690988,0.903558471743575,0.9030381176928273,1.0027599372887406,0.9898686199098821,1.0321826600752648,1.0204520506627766,2.9129425169786343,0.21090675105485235,0.5736407405901451,0.9087074085751413,3.449056891438664e+18,1.425334035277529e+18,1.9661540451816253,0.8125195864852842,0.607146118401032,0.37100710708131807,0.4294987420390928,0.11024766151928424,0.5967816769204767,0.0,0.0,0.04562039259672067,0.10916870827384033,0.006807356290703544,6.701631389416489,83.33246316801024,34.43741281615457,21,0.001,25,1.0842819213867188,0.6417393513850276
S1,1,58,1,MGCUBED,hyb,sample,5000,10,1001,3.638597451395833e-19,0.18796289228421448,1.25,7.07e-06,10100.0,3.16e-11,3,0.01,0.8686304747856474,0.016099626179866995,0.9006710405178533,0.021872783306031717,0.8448298658962887,1.0592502481476629,1.0642803209077125,1.0408393770869042,1.0472346480523043,0.9629681282534281,0.9776561520356701,0.8920119746837709,0.9194070837500463,0.8686304747856474,0.9006710405178533,0.8735104206371387,0.9052403017702713,0.8840426179709766,0.9120925561732245,0.9098841629771701,0.9175039139426066,0.9892889490579829,0.9802847526657595,1.0171124390919575,1.007030752357387,0.8578022987873881,0.21090675105485235,0.5736407405901451,0.2349536153552681,3.449056891438664e+18,1.425334035277529e+18,6.676705951051122,2.7591705602755856,1.1322070035517833,0.5544252004737695,0.7066685435518646,0.10396304659742288,0.8291114230933512,0.10492,0.0,0.023791740108108236,0.10363782047739303,0.006249247140126688,3.807137015807942,83.33246316801024,34.43741281615457,21,0.001,25,0.8904430866241455,0.6417393513850276
S1,1,59,1,MGCUBED,hyb,sample,5000,10,1001,3.533653255247578e-18,0.47444623397480096,1.25,7.07e-06,10100.0,3.16e-11,3,0.01,0.8081241893616321,0.028532523944209912,0.8360628817056087,0.025559744884038914,0.7586228282477177,0.9402604079149463,0.9651953001023286,0.9359312075244448,0.9605841254697479,0.9056414407896902,0.9286410853105668,0.8394136573295199,0.8629567554939765,0.8081241893616321,0.8360628817056087,0.8337109329703495,0.8598647509000144,0.9095855829019523,0.926846875345665,0.955193454197184,0.9561378821168811,0.990842431091696,0.9853326845407032,0.9990034619167656,0.9934102033457346,0.222952409271821,0.21090675105485235,0.5736407405901451,0.5930577924685012,3.449056891438664e+18,1.425334035277529e+18,25.688413647759408,10.615820914791191,0.14516204426398963,0.06318008751101084,0.8937103126209839,0.06077467334386959,0.9593372013312587,0.92412,0.62084,0.04267949982871221,0.05910600671007498,0.004184612326355173,10.199152633545474,83.33246316801024,34.43741281615457,21,0.001,25,1.1921298503875732,0.6417393513850276
S1,1,60,1,MGCUBED,hyb,sample,5000,10,1001,5.145890839078344e-20,0.16307824746549787,1.25,7.07e-06,10100.0,3.16e-11,2,0.01,0.7368293334220868,0.011319037253305958,0.7890555246126432,0.017891791390521102,0.7366270545896226,0.8273142763131338,0.8741141307625906,0.8131490694404844,0.8601303253355956,0.7728212054651379,0.8225494361137548,0.7450715116226418,0.7988552314873288,0.7368293334220868,0.7890555246126432,0.7392745115331276,0.7865963186311715,0.7684204377152826,0.8017561215383603,0.912929430876533,0.9224400050143503,1.0347785399235823,1.0265434310764583,1.0924865380158133,1.0858890156341976,5.262408577854808,0.21090675105485235,0.5736407405901451,0.20384780933187235,3.449056891438664e+18,1.425334035277529e+18,1.0883407527953266,0.4497603738544575,3.3837457734768877,2.34905176802106,0.3017800340393823,0.0790245276398303,0.4251825550120276,0.0,0.0,0.012047723812725047,0.07891751485864375,0.006367033651251704,1.8922035711805243,83.33246316801024,34.43741281615457,21,0.001,25,0.6698482036590576,0.6417393513850276
S1,1,61,1,MGCUBED,hyb,sample,5000,10,1001,1.9493995741591154e-17,5.720186057931791,1.25,7.07e-06,10100.0,3.16e-11,4,0.1,0.7423786304753037,0.010890800867629986,0.7752136167452456,0.012445132692487882,0.7120268542550088,0.9316793554608142,0.9678160312926753,0.9306926555628878,0.966830140129521,0.9213739062221367,0.957519492853504,0.8615554856617541,0.8976687596946464,0.7546922292407663,0.7895699656313928,0.7423786304753037,0.7752136167452456,0.8411451898873485,0.8711372888632578,0.9033204050262664,0.9222753053039862,0.9609731114158327,0.9575005704005211,1.0009625154993755,0.9928213368906702,0.4872573353667716,0.21090675105485235,0.5736407405901451,7.150232572414739,3.449056891438664e+18,1.425334035277529e+18,11.754145699680436,4.857439134434604,0.023876576005678957,0.010965500472169638,0.7959148997879438,0.09861949832558638,0.9208199050895731,0.6186,0.05228,0.11250920485733541,0.0915922986803816,0.005467440658048058,20.578038591369467,83.33246316801024,34.43741281615457,21,0.001,25,3.5432350635528564,0.6417393513850276
S1,1,62,1,MGCUBED,hyb,sample,5000,10,1001,6.910589222581249e-18,0.29989858178449874,1.25,7.07e-06,10100.0,3.16e-11,4,0.01,0.8419296769935416,0.01465816689193391,0.866999057238133,0.029299723008193522,0.8031036598788857,1.0686321673029027,1.0972823600488528,1.0543229930578382,1.0817272890978504,0.9770805110948381,0.9984632906764646,0.8742674027850154,0.8959147797699594,0.8419296769935416,0.866999057238133,0.8868879941084036,0.9019274412912495,0.9465322602014167,0.9567767760136953,0.9787919239313837,0.9777531074923447,0.9962241831540093,0.9930185048585425,0.9990396246820415,0.9959178368195769,0.07206235173347204,0.21090675105485235,0.5736407405901451,0.37487322723062344,3.449056891438664e+18,1.425334035277529e+18,79.4769192979145,32.84409670815009,0.0788193134472511,0.0331470002834451,0.9613912310585833,0.02604262619856227,0.9871501797461536,1.0,0.95904,0.020554287928444857,0.02511128558703817,0.002605466707268713,7.888908298502777,83.33246316801024,34.43741281615457,21,0.001,25,1.1209118366241455,0.6417393513850276
S1,1,63,1,MGCUBED,hyb,sample,5000,10,1001,5.1816604832558094e-18,0.6015651263129727,1.25,7.07e-06,10100.0,3.16e-11,3,0.01,0.8090899589145358,0.02342614494713141,0.8359640419114649,0.02848241736750366,0.7547958473828464,0.94666269502484,0.9615122223266475,0.9428818561391694,0.9577983389544814,0.9147712282630065,0.9304584005970591,0.8443312693776974,0.8661994716684344,0.8090899589145358,0.8359640419114649,0.8382493979680765,0.8625615511676875,0.9122798350312828,0.9295487549572838,0.957915941926716,0.9588744408676266,0.9915218187302314,0.9864384687059914,0.9986690042399792,0.9934854054724372,0.19278036392388348,0.21090675105485235,0.5736407405901451,0.7519564078912158,3.449056891438664e+18,1.425334035277529e+18,29.708906013894786,12.277302527997035,0.10016073077487216,0.04330549330938457,0.9056347806441197,0.05584457016432236,0.9657926335845846,0.94168,0.70196,0.04453406231960449,0.05385459007525528,0.003963752217112654,11.235329526234809,83.33246316801024,34.43741281615457,21,0.001,25,1.3123841285705566,0.6417393513850276
S1,1,64,1,MGCUBED,hyb,sample,5000,10,1001,4.378235213288269e-19,1.1397748423813552,1.25,7.07e-06,10100.0,3.16e-11,5,0.1,0.7527910179742376,0.013203044265671971,0.799426301196826,0.01798477217654545,0.7478049989047229,1.048797089058556,1.0428329841738946,1.0294274619608625,1.0244271846354374,0.9312417490543654,0.9351257437493136,0.8037341696203647,0.8392409632241327,0.7548684975128103,0.8064560070486863,0.7527910179742376,0.799426301196826,0.7757450450887753,0.8176567231054948,0.7978222454149935,0.8243829056128547,0.9328688437922329,0.9256113780687611,1.051863009891596,1.038589355785364,4.3228391380432205,0.21090675105485235,0.5736407405901451,1.424718552976694,3.449056891438664e+18,1.425334035277529e+18,1.3248917043282826,0.547515827855267,0.4535611215678582,0.30190353091256844,0.3403574722499658,0.098116163968056,0.5049176700325235,0.0,0.0,0.05323615824331155,0.09641560738198651,0.006520596046911131,8.164308578589226,83.33246316801024,34.43741281615457,21,0.001,25,1.197437047958374,0.6417393513850276
S1,1,65,1,MGCUBED,hyb,sample,5000,10,1001,1.2524724838682012e-17,3.096242170389496,1.25,7.07e-06,10100.0,3.16e-11,5,0.1,0.697890779107449,0.01543145631393059,0.7350482297048145,0.014058566591715237,0.6685760327389868,0.9398797424891118,1.0010700790036515,0.9369831208273919,0.9978522720523515,0.9119676582623099,0.9699604404005715,0.8066659712285841,0.8516015211375532,0.7002231046341728,0.7372689735633745,0.697890779107449,0.7350482297048145,0.8013625072546133,0.8303315787592191,0.8980928919208333,0.9183277308169948,0.9557174082542133,0.9542839705896276,1.0002553279833646,0.9927483005537511,0.41050251814585476,0.21090675105485235,0.5736407405901451,3.87030271298687,3.449056891438664e+18,1.425334035277529e+18,13.95190884335607,5.765671937997546,0.03818951388317204,0.01728058437969649,0.8213677439079041,0.0903719558078442,0.9322604226091927,0.72168,0.13376,0.09713994843480138,0.08461019330532109,0.005195703846604142,18.696205808245026,83.33246316801024,34.43741281615457,21,0.001,25,2.6150760650634766,0.6417393513850276
S1,1,66,1,MGCUBED,hyb,sample,5000,10,1001,1.3138231595589987e-17,9.861724572430854,1.25,7.07e-06,10100.0,3.16e-11,3,0.1,0.7398991986051591,0.014872508302625126,0.7738465495180186,0.017932863596668985,0.7205691705730878,0.8390631725422304,0.8763894837803405,0.8386981295718862,0.8760037145793097,0.8351661220692339,0.8722718146355257,0.8085411367066865,0.8441988001679729,0.7411969315172702,0.7743600370291344,0.7398991986051591,0.7738465495180186,0.8162516550820668,0.8518467686544083,0.8602667554653213,0.8785970725126118,0.9572622809972045,0.9498203380253829,1.0085050155470603,0.9972125279858453,1.2464218493245673,0.21090675105485235,0.5736407405901451,12.327155715538566,3.449056891438664e+18,1.425334035277529e+18,4.594988218669861,1.8988939022799207,0.02798367815552403,0.014498996387109123,0.6187012126488071,0.12770332301708692,0.8195389899704981,0.01216,0.0,0.16414292433111416,0.11613833347955917,0.006615657531152084,24.811278933075226,83.33246316801024,34.43741281615457,21,0.001,25,1.1320850849151611,0.6417393513850276
S1,1,67,1,MGCUBED,hyb,sample,5000,10,1001,2.5058064192302987e-19,0.8330484386778322,1.25,7.07e-06,10100.0,3.16e-11,3,0.1,0.7716847933719754,0.011863764504498834,0.8116387479964422,0.008185118309867158,0.7595811862742746,0.9270931184235266,0.9296187615761872,0.9186142840688444,0.9225133473640088,0.8709079988315898,0.8835328708609398,0.8042761192625776,0.8342656766612133,0.7760791070283353,0.8158446160134176,0.7716847933719754,0.8116387479964422,0.7827278002484467,0.8155055467717804,0.8476828184538855,0.8569457391516787,0.9988239777371799,0.9865222041342095,1.0586360692783718,1.0466760967131377,5.520416368386605,0.21090675105485235,0.5736407405901451,1.0413105483472902,3.449056891438664e+18,1.425334035277529e+18,1.0374749531461416,0.4287399158702606,0.672150543438139,0.4713325724083516,0.2900703337904234,0.08725412793727949,0.434911900019101,0.0,0.0,0.03547552489932693,0.08641629437906591,0.006252518567109685,5.6737976094849065,83.33246316801024,34.43741281615457,21,0.001,25,1.038619041442871,0.6417393513850276
S1,1,68,1,MGCUBED,hyb,sample,5000,10,1001,7.853928930147455e-20,0.3015229667510201,1.25,7.07e-06,10100.0,3.16e-11,4,0.1,0.7459511267831217,0.008526018654498703,0.796534219164265,0.014040868101015659,0.7416058960227783,0.9816153179600384,1.0079699835020746,0.9410340063798263,0.9713839311710529,0.8345132394708663,0.8783082070073298,0.7679480373169063,0.8194042626798999,0.7471813490017332,0.7988237249654035,0.7459511267831217,0.796534219164265,0.7512525144015356,0.797285704821775,0.7959007165577919,0.8188874179507319,0.9947486031322441,0.9848092812338743,1.0921714322259308,1.079446665136264,6.375034334959654,0.21090675105485235,0.5736407405901451,0.3769037084387751,3.449056891438664e+18,1.425334035277529e+18,0.8983941751860908,0.3712643297262903,1.9348549390411374,1.3976009807561527,0.2630483639675035,0.07759119715159062,0.38564450260678584,0.0,0.0,0.015237366156659852,0.07742078758611896,0.006085192811768813,2.5040071248343456,83.33246316801024,34.43741281615457,21,0.001,25,0.8007543087005615,0.6417393513850276
S1,1,69,1,MGCUBED,hyb,sample,5000,10,1001,1.0352188763715003e-17,0.7768887151385951,1.25,7.07e-06,10100.0,3.16e-11,2,0.01,0.8750471098373078,0.013709983654757337,0.8927461433232612,0.018872602268025045,0.8379042762368403,0.9730107314297204,0.9785869597729497,0.9711261824679325,0.9768785016467462,0.9555214047436517,0.9628229856837234,0.9031413187166736,0.917137956978139,0.8750471098373078,0.8927461433232612,0.9074025916234494,0.9219322040095523,0.9482304781096819,0.9537659675836968,0.9837743650016224,0.9806367672481269,0.9955590723730328,0.9912349412810955,0.9973710575181827,0.9934121870796183,0.12461655131867788,0.21090675105485235,0.5736407405901451,0.9711108939232439,3.449056891438664e+18,1.425334035277529e+18,45.95933407347202,18.99284504590633,0.05150585180300601,0.021928516116599562,0.9353645160093789,0.04147992720019464,0.9783067627672005,0.97736,0.86884,0.037480839902703345,0.039537544083345595,0.0033250970617563803,11.272104003756583,83.33246316801024,34.43741281615457,21,0.001,25,1.3962628841400146,0.6417393513850276
S1,1,70,1,MGCUBED,hyb,sample,5000,10,1001,4.396126140509809e-19,0.2907754774539551,1.25,7.07e-06,10100.0,3.16e-11,3,0.01,0.8474863890853657,0.020892305736308833,0.8790996276902622,0.022220036203410162,0.8233643283667945,1.0231865286898985,1.0130169997855507,1.0097058491249205,1.0016334003982172,0.9431880258968304,0.9480126786072962,0.8700931854127356,0.896824444694446,0.8474863890853657,0.8790996276902622,0.8561396893992649,0.886507400708844,0.8733267658404676,0.9007983405846087,0.8983128663453256,0.9070436812395523,0.9844737397950125,0.9749974195464877,1.0188481954812387,1.008111946377473,1.0983398215967162,0.21090675105485235,0.5736407405901451,0.36346934681744386,3.449056891438664e+18,1.425334035277529e+18,5.214500649546703,2.1549094395121755,0.8720578824303564,0.4427167684472303,0.6550798680005095,0.1123926392617591,0.7938126666190637,0.0,0.0,0.031318831140023054,0.11189219924976704,0.006521469896367445,4.802419030940878,83.33246316801024,34.43741281615457,21,0.001,25,0.9675500392913818,0.6417393513850276
S1,1,71,1,MGCUBED,hyb,sample,5000,10,1001,3.1208947706052336e-18,1.2770536858726638,1.25,7.07e-06,10100.0,3.16e-11,4,0.1,0.7238980310739953,0.018885635059950376,0.75883759467735,0.023038916936664468,0.7005721597722576,0.9028810401912158,0.9341980415072527,0.8991293083690092,0.9303885724211325,0.8696722750493079,0.9003265073185505,0.7816392139473685,0.8101020027529673,0.7240254199435937,0.756838177761733,0.7238980310739953,0.75883759467735,0.8070463951781365,0.8373454576033218,0.8917567698544113,0.9080946859982884,0.9590367812183093,0.9536296995266902,1.0046027624684988,0.9951210618347858,0.6794838314457713,0.21090675105485235,0.5736407405901451,1.5963171073408298,3.449056891438664e+18,1.425334035277529e+18,8.428888883128892,3.4832658848038767,0.13972893090236366,0.0664385758279088,0.7444908855089954,0.10692000230070305,0.8852742258747901,0.36088,0.0,0.09114362502528056,0.10260393205063231,0.005944934666960979,15.33130810197326,83.33246316801024,34.43741281615457,21,0.001,25,1.5791127681732178,0.6417393513850276
S1,1,72,1,MGCUBED,hyb,sample,5000,10,1001,5.4195826243085297e-20,7.626664719912363,1.25,7.07e-06,10100.0,3.16e-11,4,0.01,0.769147262932925,0.01000292682496821,0.8012721607766862,0.019145706282482005,0.7540668491244363,0.989915193167152,1.0178800650420456,0.9424010400805949,0.9692432360868383,0.8327645394979845,0.8590175831397289,0.7753797577298489,0.8078238436596799,0.769147262932925,0.8012721607766862,0.8762309016573837,0.8866836133765605,0.9785615778160099,0.9802635135949084,0.9972780708955273,0.9962896143128319,1.016596626742797,1.017692939306736,1.2494740414428187,1.2591043282659038,233.6780449263245,0.21090675105485235,0.5736407405901451,9.533330899890455,3.449056891438664e+18,1.425334035277529e+18,0.02450933597525101,0.01012856321224833,0.103843347758301,0.10238572552429759,0.01000796803889755,0.00436045844735197,0.021502354863580552,0.0,0.0,0.005899949290987585,0.0038066415030010474,0.0013685808575749833,4.310997964301377,83.33246316801024,34.43741281615457,21,0.001,25,0.7725508213043213,0.6417393513850276
S1,1,73,1,MGCUBED,hyb,sample,5000,10,1001,1.830368177190832e-19,0.7547027441903655,1.25,7.07e-06,10100.0,3.16e-11,3,0.1,0.766159535328339,0.010458400288173951,0.8039963486961572,0.007912809874922455,0.757685425753173,0.9189356603278794,0.9196188781315685,0.9087644694612818,0.9103790799630783,0.8571838054537956,0.866160630064242,0.7937323643937917,0.8211663047779281,0.7684457473080774,0.8050283102612971,0.766159535328339,0.8039963486961572,0.7774974955888393,0.8089905393235902,0.8570830997856884,0.8652064773273445,1.0057922298631619,0.9934876898455242,1.068586761083832,1.0577622624273295,6.846783103248595,0.21090675105485235,0.5736407405901451,0.9433784302379569,3.449056891438664e+18,1.425334035277529e+18,0.8364941063229616,0.3456839239186496,0.7877184064702547,0.5771976030373523,0.24927227627992746,0.07777096197550092,0.37986595420799746,0.0,0.0,0.028334019100384928,0.07717283351480313,0.005964548747326521,4.75040448166092,83.33246316801024,34.43741281615457,21,0.001,25,0.9764392375946045,0.6417393513850276
S1,1,74,1,MGCUBED,hyb,sample,5000,10,1001,6.957220375030053e-19,0.16152412035434482,1.25,7.07e-06,10100.0,3.16e-11,2,0.01,0.8972416733296322,0.013694548087488026,0.9191596507839617,0.0154513055231038,0.8823847569241228,1.0012892960448387,1.0057025217913975,0.9927763641224239,0.998083241021083,0.9518734176097388,0.9629518251580773,0.9098738924642442,0.9301518616806085,0.8972416733296322,0.9191596507839617,0.9091598066639252,0.9288158618568847,0.9268407793349678,0.9382366497345138,0.9672143883486151,0.9630321564334341,0.9969111422834551,0.9894848888524803,1.0020133768947506,0.9950717514032373,0.385523381007061,0.21090675105485235,0.5736407405901451,0.20190515044293103,3.449056891438664e+18,1.425334035277529e+18,14.85589200369196,6.139245934107258,0.6937456285109642,0.3123646816273943,0.8365950988475024,0.07765056343643292,0.9183307651102276,0.77248,0.10028,0.022083245677711378,0.07727416062946861,0.005052240823611439,4.37098041219774,83.33246316801024,34.43741281615457,21,0.001,25,0.9532549381256104,0.6417393513850276
S1,1,75,1,MGCUBED,hyb,sample,5000,10,1001,8.040223776247353e-19,0.20886846948607085,1.25,7.07e-06,10100.0,3.16e-11,4,0.01,0.8576389714212297,0.031343753676671963,0.8790805147116562,0.03488131144773388,0.824992337721512,1.0844813562459463,1.080548219744855,1.0637181056667038,1.0612274892438947,0.9733267772069404,0.9801186854851359,0.8840714696302339,0.9061421223921287,0.8576389714212297,0.8790805147116562,0.87976841038444,0.8996014157198552,0.9156049086202709,0.935885956697503,0.9351115016618794,0.943109915745987,0.9804058072777373,0.9741586275325504,1.0054296393700741,0.9976299051746584,0.43137388104427676,0.21090675105485235,0.5736407405901451,0.26108558685758854,3.449056891438664e+18,1.425334035277529e+18,13.276867155874998,5.486708753949683,0.5904630201616863,0.2682774589094814,0.8209658673642491,0.0834883785089761,0.9106929445829363,0.72076,0.02984,0.026788444326402247,0.08298593932100685,0.005236739326401868,5.115481725688345,83.33246316801024,34.43741281615457,21,0.001,25,0.9781908988952637,0.6417393513850276
S1,1,76,1,MGCUBED,hyb,sample,5000,10,1001,4.659352282526209e-18,0.5056715327588792,1.25,7.07e-06,10100.0,3.16e-11,3,0.01,0.8189169533670058,0.018581673300514637,0.8433582449762682,0.03583951393225094,0.7853034279281363,0.9502557327667823,0.9726131303078054,0.945736889528853,0.9681531366342904,0.9135591193811319,0.936568439405088,0.8445594696095755,0.8702134936898507,0.8189169533670058,0.8433582449762682,0.8501284055362393,0.8666510479119289,0.9202474382098087,0.9327752035101762,0.9621026253275158,0.9616024068576212,0.9923553268879812,0.9873032491209157,0.9985368449304455,0.9935694131084315,0.1802154643796405,0.21090675105485235,0.5736407405901451,0.632089415948599,3.449056891438664e+18,1.425334035277529e+18,31.78025666584314,13.133294956114044,0.1119381329944513,0.04826242413457961,0.9112344832655702,0.0530485033429506,0.9677023915852938,0.948,0.73908,0.040365968616370464,0.05132778922226554,0.0038566043247401285,10.466712480049523,83.33246316801024,34.43741281615457,21,0.001,25,1.2636849880218506,0.6417393513850276
S1,1,77,1,MGCUBED,hyb,sample,5000,10,1001,2.1201461280734805e-19,6.955022691410732,1.25,7.07e-06,10100.0,3.16e-11,4,0.01,0.7282308123855219,0.020259428161983874,0.765829115111114,0.017930799739374666,0.6721404302590918,0.9486260631584684,0.9133893583014603,0.9337468777021682,0.9017634884075584,0.8582789476536794,0.8457690348239911,0.7673142095053637,0.7890043969822262,0.7282308123855219,0.765829115111114,0.7289264257916082,0.7630670368833524,0.8293493001300376,0.8439268073669389,0.9691578553068435,0.9694326885273433,1.015189345851865,1.011341631944082,1.211044723557132,1.2184501475343972,54.4730702249399,0.21090675105485235,0.5736407405901451,8.693778364263414,3.449056891438664e+18,1.425334035277529e+18,0.10513991022516127,0.043449411600583125,0.11023513473199072,0.10408165102857572,0.04132331847993635,0.01743394403461715,0.08582145723120749,0.0,0.0,0.0230502233019147,0.015347794010362618,0.002736463873540468,8.423361084643906,83.33246316801024,34.43741281615457,21,0.001,25,1.1081912517547607,0.6417393513850276
S1,1,78,1,MGCUBED,hyb,sample,5000,10,1001,1.1512549915003967e-17,0.5114905529281923,1.25,7.07e-06,10100.0,3.16e-11,4,0.01,0.8431486028654301,0.014051169734225984,0.8742015077982872,0.025750591863973406,0.7937416501090434,1.0968332076528229,1.109734018711372,1.0864605433080676,1.099472193613496,1.018736195946838,1.033323332775898,0.8903986176771733,0.915799287103917,0.8431486028654301,0.8742015077982872,0.8874508382231372,0.905336876845744,0.9453177980848668,0.9568122425504711,0.9772195645479238,0.9766217957866227,0.9959087970498304,0.992688499406061,0.9990136862929292,0.9958336607056142,0.07377601416699898,0.21090675105485235,0.5736407405901451,0.6393631911602404,3.449056891438664e+18,1.425334035277529e+18,77.63083676728341,32.081197067563934,0.047279312607244973,0.01989113078127639,0.9601907123687965,0.027089230244123543,0.9870715871745884,0.99988,0.9544,0.023972437730600475,0.025850532408601246,0.0026409544184024048,9.077187233357154,83.33246316801024,34.43741281615457,21,0.001,25,1.2983958721160889,0.6417393513850276
S1,1,79,1,MGCUBED,hyb,sample,5000,10,1001,4.804314310074386e-18,6.872852428836548,1.25,7.07e-06,10100.0,3.16e-11,4,0.1,0.6798678938617592,0.014750804850356838,0.7233675270242652,0.013074961945444755,0.6508952519004769,0.8804280337298905,0.8763410064496495,0.8791144997857329,0.875154128548852,0.8670358410372485,0.8642982308721331,0.8004100381976949,0.8065929883255937,0.7048940419660399,0.73360829913775,0.6798678938617592,0.7233675270242652,0.7487690056054158,0.792690600192901,0.8092787218207519,0.8356981039835821,0.9301558959905506,0.9239658070960456,1.0226904631014069,1.0098504453198704,2.3754981927539713,0.21090675105485235,0.5736407405901451,8.591065536045685,3.449056891438664e+18,1.425334035277529e+18,2.410986348299133,0.9963479898955296,0.05830646624931851,0.03412502566971008,0.4715597051821126,0.12514391375550793,0.70001429318312,0.0,0.0,0.16294000049681642,0.11294186200574893,0.006821500395069314,23.886240718331113,83.33246316801024,34.43741281615457,21,0.001,25,3.0422120094299316,0.6417393513850276
S1,1,80,1,MGCUBED,hyb,sample,5000,10,1001,1.3065463659759593e-17,3.650230193637801,1.25,7.07e-06,10100.0,3.16e-11,2,0.01,0.8096313135579033,0.02523412678875511,0.8386024503406734,0.019118456062434782,0.7440821074983897,0.8761104951984826,0.9118773018579626,0.8757502774913108,0.9114794698347612,0.8723230463923504,0.9076942030734558,0.8494745169228594,0.8824838280404357,0.8096313135579033,0.8386024503406734,0.8288341740624059,0.8543835418740775,0.8904496181749527,0.9120858675762478,0.9375691692216037,0.9399465033628042,0.9868710623420576,0.9795253218841132,0.9983075354328299,0.990543753078447,0.46392152613623,0.21090675105485235,0.5736407405901451,4.562787742047251,3.449056891438664e+18,1.425334035277529e+18,12.345393327269909,5.101774149311338,0.03591812067296695,0.016422465403572315,0.803715932509243,0.09585737788464907,0.9241634548014814,0.65128,0.07224,0.10541555045437889,0.08948487610763599,0.005389596132750914,19.559081581976262,83.33246316801024,34.43741281615457,21,0.001,25,2.907850980758667,0.6417393513850276
S1,1,81,1,MGCUBED,hyb,sample,5000,10,1001,1.8453375563435507e-18,6.821638001163416,1.25,7.07e-06,10100.0,3.16e-11,4,0.1,0.6968398129392905,0.017930917711568524,0.745505670504122,0.016393190770207115,0.6666713649587276,0.8734857638325808,0.9173612505489027,0.8715272182955323,0.9152158725768416,0.8546678254711917,0.896769390727445,0.7847836644932455,0.8221883860397776,0.7133684996367686,0.7562496589655441,0.6968398129392905,0.745505670504122,0.731127240650784,0.7734962622198138,0.7875809234931312,0.8069128109307423,0.9638387300577744,0.9532584153640913,1.052116210141495,1.0397402370680366,6.1384955636488865,0.21090675105485235,0.5736407405901451,8.52704750145427,3.449056891438664e+18,1.425334035277529e+18,0.9330126011746485,0.3855705074329287,0.08463942164571367,0.06066897149414151,0.2670050891614648,0.09142969485980824,0.4657681224901675,0.0,0.0,0.12131583891090403,0.08138622624281426,0.006064873384161868,20.00302911973639,83.33246316801024,34.43741281615457,21,0.001,25,2.181043863296509,0.6417393513850276
S1,1,82,1,MGCUBED,hyb,sample,5000,10,1001,6.54207788649671e-18,6.547187866948206,1.25,7.07e-06,10100.0,3.16e-11,3,0.1,0.7365555224554778,0.011309671886020514,0.7800897798732175,0.015235998279614173,0.7138017252275407,0.8673675376570185,0.9416359561355894,0.8667382246250023,0.9409740030264617,0.8607669133917442,0.9346793283562169,0.8213309444056204,0.8923357555727737,0.7468844703918988,0.8046990083813848,0.7365555224554778,0.7800897798732175,0.7964816270078625,0.8337952154935386,0.843347872929672,0.8610403499266444,0.9566768744757924,0.9481236960388058,1.0134308432082781,1.0012879673320698,1.661836104952886,0.21090675105485235,0.5736407405901451,8.183984833685257,3.449056891438664e+18,1.425334035277529e+18,3.4463649550455875,1.4242215837632097,0.05040375251801706,0.027480844688238908,0.5545701529552693,0.1286063078847949,0.77098523149554,0.0,0.0,0.16334441708098338,0.11696958259231505,0.006781842331647313,24.085552139532997,83.33246316801024,34.43741281615457,21,0.001,25,3.355776786804199,0.6417393513850276
S1,1,83,1,MGCUBED,hyb,sample,5000,10,1001,3.1994253945102884e-18,3.6127497475450236,1.25,7.07e-06,10100.0,3.16e-11,4,0.1,0.6890933803143129,0.01806603214772288,0.7277520889552377,0.02443889721905278,0.6578730224597567,0.8623169433289746,0.8928195515174343,0.8604410339281298,0.8908795189906416,0.8440582471199034,0.8739192035460075,0.773003726768632,0.80056362417894,0.701496871234701,0.7332709363286909,0.6890933803143129,0.7277520889552377,0.7567466431661464,0.7960851389857727,0.8256854867029263,0.8497280449093996,0.9335579987778384,0.9272908858966682,1.0184019057689289,1.0056939619931855,1.8750592234513417,0.21090675105485235,0.5736407405901451,4.515937184431279,3.449056891438664e+18,1.425334035277529e+18,3.0544601693151328,1.2622656499320446,0.0978832783193412,0.05461589681419617,0.5281853076765289,0.1257657317435274,0.7411902428445949,0.0,0.0,0.14294644619374192,0.11639649468383145,0.006824482739520526,20.94612172816266,83.33246316801024,34.43741281615457,21,0.001,25,2.291001081466675,0.6417393513850276
S1,1,84,1,MGCUBED,hyb,sample,5000,10,1001,9.819211136512963e-19,0.1853702239227202,1.25,7.07e-06,10100.0,3.16e-11,1,0.01,0.9054403231128912,0.010036739544490981,0.9220526343841604,0.01060789787120253,0.8889278739981258,0.9505207102081391,0.9547466626592762,0.9482613887123643,0.9529155739273822,0.9349258874429802,0.9426712424667649,0.9138779978235269,0.9279747349570909,0.9054403231128912,0.9220526343841604,0.9162123416290038,0.9278530450569973,0.9537271904639333,0.9518355056126607,0.9894967414756077,0.9829259397290059,0.9963596004767279,0.9893686895896385,0.9987245122052043,0.9929907943661915,0.31348190240031154,0.21090675105485235,0.5736407405901451,0.23171277990340025,3.449056891438664e+18,1.425334035277529e+18,18.269934147029073,7.550110010269386,0.5047523037729188,0.2239596509394784,0.8612598428641081,0.07082033172792808,0.9346026118452637,0.85748,0.35832,0.024289582213556413,0.07033175289626532,0.004714625863294672,5.151963892333629,83.33246316801024,34.43741281615457,21,0.001,25,0.9413471221923828,0.6417393513850276
S1,1,85,1,MGCUBED,hyb,sample,5000,10,1001,1.872812099020614e-17,2.948391425031572,1.25,7.07e-06,10100.0,3.16e-11,4,0.01,0.7774542916057942,0.025325407622243928,0.8113202614049367,0.03025345115093449,0.6774642191634698,0.9711257358114033,0.9776052245393648,0.9691611659202218,0.9758505079946322,0.9515641306067207,0.9601566652268495,0.8664587354919657,0.8852660394468048,0.7774542916057942,0.8113202614049367,0.7948089778584513,0.8243524814445358,0.8860667338013188,0.9070985322544681,0.9339779221144615,0.9445205896811097,0.9788844231421177,0.9745359006648509,0.9995904715035587,0.9934356042364266,0.26142073458120085,0.21090675105485235,0.5736407405901451,3.685489281289465,3.449056891438664e+18,1.425334035277529e+18,21.90833761642618,9.053692137858008,0.026988532181088414,0.011844351098037725,0.8756056088264538,0.07091504499450528,0.9558930175421008,0.88276,0.46868,0.07439644956312343,0.06653170346306243,0.004467210430776917,16.653894128328478,83.33246316801024,34.43741281615457,21,0.001,25,2.772458791732788,0.6417393513850276
S1,1,86,1,MGCUBED,hyb,sample,5000,10,1001,7.958843940574613e-18,0.1993901857919399,1.25,7.07e-06,10100.0,3.16e-11,1,0.001,0.9411725937086916,0.011589764752828517,0.9525454568489595,0.017723706977422274,0.9032202041936577,0.9849083006511439,0.9993242266679493,0.9824476735806187,0.996756087333997,0.9667374457642197,0.9803326032288375,0.9411725937086916,0.9525454568489595,0.9426186930130516,0.9486841603312367,0.9706830284349038,0.9694031973742859,0.9928295023883613,0.9901680526466581,0.9970368418152347,0.9944273044422799,0.9975132724707295,0.9949849418021026,0.998612683359511,0.9967865702471675,0.041600915357898505,0.21090675105485235,0.5736407405901451,0.24923773223992488,3.449056891438664e+18,1.425334035277529e+18,137.67230032960518,56.89352815890646,0.06930366334245257,0.028933201336497034,0.9771110246178197,0.016065273948314265,0.9925910843525312,1.0,0.99384,0.012790406178483985,0.015473071779123855,0.00202053872213095,6.33019602069029,83.33246316801024,34.43741281615457,21,0.001,25,0.9871139526367188,0.6417393513850276
S1,1,87,1,MGCUBED,hyb,sample,5000,10,1001,6.347360782726317e-20,0.6469315971068418,1.25,7.07e-06,10100.0,3.16e-11,3,0.01,0.7498618686423756,0.013729825178512137,0.7977355426110344,0.0160236958481157,0.7416526440266835,0.9182778712720209,0.963613103140846,0.8929816200862074,0.9387859641179954,0.8156244968501267,0.8641042742796683,0.7635914126071498,0.8158565709464505,0.7498618686423756,0.7977355426110344,0.7560766388226159,0.7963466532056135,0.78870907474853,0.8140872478458115,0.9280148501673432,0.9317304896794578,1.02134940944095,1.0128827394718347,1.1262063551079886,1.1262573553352984,16.92443879523212,0.21090675105485235,0.5736407405901451,0.8086644963835522,3.449056891438664e+18,1.425334035277529e+18,0.3384037593466648,0.139846459784395,1.0848889081988047,0.9239415031779412,0.12075477672410616,0.04188286442905334,0.19488294953507587,0.0,0.0,0.012412104285852179,0.04166971430824787,0.004500793324219042,2.7577592197050893,83.33246316801024,34.43741281615457,21,0.001,25,0.76273512840271,0.6417393513850276
S1,1,88,1,MGCUBED,hyb,sample,5000,10,1001,3.0630393230841248e-18,5.620592173011412,1.25,7.07e-06,10100.0,3.16e-11,4,0.1,0.6866235911986683,0.019057363295722433,0.7306514073682412,0.02203157946698726,0.6547845046158398,0.8642814587326011,0.8966507884449253,0.8626597923975282,0.8950233952298186,0.8482288560109087,0.8805127231865368,0.7803187993072459,0.8117847944309278,0.7026949612446944,0.7384908570223654,0.6866235911986683,0.7306514073682412,0.7427803449454281,0.7857066791988477,0.799977398728668,0.8244641994531448,0.9360391726388905,0.9281037973164252,1.0303908475827626,1.0168937031854621,3.0470431161619995,0.21090675105485235,0.5736407405901451,7.025740216264264,3.449056891438664e+18,1.425334035277529e+18,1.8796234561830167,0.7767605377150324,0.08010857618735642,0.049427905789772436,0.4145287519753225,0.11834471512345575,0.6403746230945396,0.0,0.0,0.14977691879718494,0.10712875073000919,0.006741563296817293,22.216941709632092,83.33246316801024,34.43741281615457,21,0.001,25,2.539735794067383,0.6417393513850276
S1,1,89,1,MGCUBED,hyb,sample,5000,10,1001,1.0448469613474575e-18,0.12669446984430482,1.25,7.07e-06,10100.0,3.16e-11,3,0.01,0.8933083961162798,0.023967758842712676,0.913863617111723,0.02342538378291897,0.8597339165106517,1.0500972815057814,1.0766274392276238,1.034042355454546,1.0592701003845528,0.9702157250296107,0.9923708962213723,0.9096380602660231,0.9319992952103122,0.8933083961162798,0.913863617111723,0.9153422552256483,0.9326091845728293,0.9420080971644891,0.953265597160246,0.9674599229441283,0.9656862340271829,0.9949706641048163,0.9894748178128786,1.0004755798767901,0.9950957423750524,0.20135113040864366,0.21090675105485235,0.5736407405901451,0.15836808730538104,3.449056891438664e+18,1.425334035277529e+18,28.4443087134177,11.754703559634345,0.49506469831785604,0.21445242716826302,0.904851498858713,0.053085841479985754,0.9571498347848827,0.9396,0.69848,0.01759635771295991,0.05273581220743061,0.003997395301248168,4.401955870480343,83.33246316801024,34.43741281615457,21,0.001,25,0.9036681652069092,0.6417393513850276
S1,1,90,1,MGCUBED,hyb,sample,5000,10,1001,1.3260680511142543e-17,5.64830521347826,1.25,7.07e-06,10100.0,3.16e-11,1,0.01,0.8352538753099921,0.012876970559490239,0.8763042702747749,0.012118017982085512,0.7931782522266759,0.8671509374845676,0.9142236069191956,0.8670297948074246,0.9140988962058602,0.8658533463759157,0.9128851595174623,0.8567932589823377,0.9033363453856305,0.8352538753099921,0.8763042702747749,0.8515159124983052,0.8801111064626854,0.8975219386371057,0.911484008904951,0.9589226223003677,0.9545145527500974,0.9902077716680914,0.980703300022504,0.9978864450694924,0.9897199778149565,0.7072963911935956,0.21090675105485235,0.5736407405901451,7.060381516847825,3.449056891438664e+18,1.425334035277529e+18,8.097445122650791,3.3462956673039987,0.032587614020287585,0.015568701290817083,0.7336403811401723,0.11291490468968564,0.8888636532232507,0.31428,0.0,0.13283995816053745,0.10439223230550722,0.006007996458606745,22.11052537659835,83.33246316801024,34.43741281615457,21,0.001,25,3.447305917739868,0.6417393513850276
S1,1,91,1,MGCUBED,hyb,sample,5000,10,1001,1.8660748667452986e-17,6.875480458964316,1.25,7.07e-06,10100.0,3.16e-11,3,0.01,0.7789897594561455,0.011607242774771633,0.8029528497074709,0.033437070806343144,0.6620194841617797,0.8847141914356046,0.8958401296002426,0.8842454800640654,0.895417313012624,0.879744034517883,0.8913598239532087,0.8476647674566189,0.8626486109677958,0.7789897594561455,0.8029528497074709,0.7829184845509406,0.8075771186157557,0.8622390451382858,0.8894768041725216,0.9028968924549516,0.9160959168640679,0.9699712335999923,0.9636707002986247,1.001464680711976,0.9925474743245155,0.611819177845394,0.21090675105485235,0.5736407405901451,8.594350573705395,3.449056891438664e+18,1.425334035277529e+18,9.361088897717371,3.868500588173744,0.023899659198721855,0.011230045993695065,0.7590185333857029,0.10797269091784416,0.9025471784314381,0.43396,0.00116,0.12698646984821393,0.09983914858125428,0.005807303381230349,21.866684330397472,83.33246316801024,34.43741281615457,21,0.001,25,1.6184570789337158,0.6417393513850276
S1,1,92,1,MGCUBED,hyb,sample,5000,10,1001,3.498354743833528e-19,1.0824704215312813,1.25,7.07e-06,10100.0,3.16e-11,3,0.1,0.769323504374645,0.009668735181328398,0.811661986567356,0.01239090403020756,0.7694154652804469,0.9361000301626193,0.9476175492766675,0.9286802202085868,0.9408511120437437,0.882534213895043,0.8998450982517001,0.8058537006100961,0.8399113569385556,0.7723417844947986,0.8178449425126615,0.769323504374645,0.811661986567356,0.7819321248057441,0.816352689682353,0.8445837786598677,0.8538285817344444,0.9938040575663493,0.9817978308282838,1.0512696854587356,1.039668266736387,5.138085058930115,0.21090675105485235,0.5736407405901451,1.3530880269141017,3.449056891438664e+18,1.425334035277529e+18,1.1146747567335251,0.460642987067193,0.5059759459426348,0.3494864705376194,0.30429572308035463,0.09091773596005338,0.4586772282922923,0.0,0.0,0.04600902466424618,0.0895455846135214,0.006335707395301247,7.261860719509849,83.33246316801024,34.43741281615457,21,0.001,25,1.1398718357086182,0.6417393513850276
S1,1,93,1,MGCUBED,hyb,sample,5000,10,1001,1.4091117918964189e-19,1.7510319038893793,1.25,7.07e-06,10100.0,3.16e-11,4,0.1,0.7372092565666815,0.012234033721093133,0.7764902900069872,0.009844973757664886,0.7257126968359043,0.9557310791022953,0.9324677666066087,0.9343052929779319,0.9133741026587867,0.8500396723206073,0.8439496577523686,0.7722144775709938,0.7960029595027348,0.7410113033173145,0.7802649660803255,0.7372092565666815,0.7764902900069872,0.7569481185841909,0.7861310060449539,0.8898046926479397,0.8959445079193561,1.0143638493826312,1.004899651114656,1.1283698125986596,1.1277984292056178,20.63467853294248,0.21090675105485235,0.5736407405901451,2.1887898798617242,3.449056891438664e+18,1.425334035277529e+18,0.27755672103132983,0.11470122229296377,0.40986180717564935,0.35761500832705134,0.10141495445880004,0.03685175231489411,0.17532383361804052,0.0,0.0,0.023624625610728155,0.03590676844792726,0.004164556609375608,5.672782921846318,83.33246316801024,34.43741281615457,21,0.001,25,0.9653832912445068,0.6417393513850276
S1,1,94,1,MGCUBED,hyb,sample,5000,10,1001,6.4749486807288665e-18,0.34606815684180975,1.25,7.07e-06,10100.0,3.16e-11,4,0.01,0.832909825207944,0.01441674143779562,0.86157726571636,0.03390924467125658,0.7898135404997728,1.0650113821411915,1.1045245975922178,1.0530095697532134,1.0915508011486676,0.9828197199459334,1.015859136800913,0.873169721278247,0.9014428157229517,0.832909825207944,0.86157726571636,0.8721375208983329,0.8896217741962069,0.9390067371802975,0.9509917131020276,0.9734859179314628,0.9732318722059603,0.9951202959959817,0.9916215379086271,0.99906794096003,0.9955993269586527,0.08875123536515557,0.21090675105485235,0.5736407405901451,0.4325851960522622,3.449056891438664e+18,1.425334035277529e+18,64.53198864866356,26.668055262700218,0.08355062685886329,0.03527564795199327,0.953103911978257,0.030992700901994668,0.9841761652900072,0.99632,0.93684,0.024374208635111517,0.02989815582766923,0.002860438071992556,8.52114537062243,83.33246316801024,34.43741281615457,21,0.001,25,1.1091442108154297,0.6417393513850276
S1,1,95,1,MGCUBED,hyb,sample,5000,10,1001,1.687425031730418e-17,0.6550180029838076,1.25,7.07e-06,10100.0,3.16e-11,4,0.01,0.8395647738747162,0.024180030600871757,0.8726920720144706,0.01880330853216688,0.7865268089420682,1.0596402546602575,1.0827708009172512,1.0519491463440924,1.0755689965856954,0.997898401528119,1.0253166831872833,0.8791641211432732,0.915464182738941,0.8395647738747162,0.8726920720144706,0.8954982183001565,0.9162480753854986,0.9495040701182317,0.9617356880570019,0.97992002204345,0.9793216436325846,0.996458029144138,0.9934430155112512,0.9990402894804509,0.9960469525609174,0.06445815151511722,0.21090675105485235,0.5736407405901451,0.8187725037297595,3.449056891438664e+18,1.425334035277529e+18,88.85290034722571,36.7187515266521,0.03238019359733339,0.01359266614614538,0.9647999419716579,0.02441325551124317,0.9887445218983999,1.0,0.96552,0.02259610203739191,0.02317040964990674,0.0024870103847682732,9.085648445934131,83.33246316801024,34.43741281615457,21,0.001,25,1.322709083557129,0.6417393513850276
S1,1,96,1,MGCUBED,hyb,sample,5000,10,1001,6.621757420474755e-19,0.5668429966688163,1.25,7.07e-06,10100.0,3.16e-11,3,0.01,0.8156954739964817,0.020385621516156097,0.8469851377480364,0.030237000732518657,0.7864028707509859,0.9691834175457881,0.9630027615312899,0.9622405887542957,0.9570182512198537,0.9183683042581798,0.9202898548084194,0.84425407339544,0.8657946516682327,0.8156954739964817,0.8469851377480364,0.8242877006284044,0.8553389714457562,0.8535919137736816,0.8818224242721822,0.8826032009568736,0.8927073082066501,0.9776542441509584,0.9674671638809496,1.0191574259507348,1.0073944956025238,1.4214730035443959,0.21090675105485235,0.5736407405901451,0.7085537458360204,3.449056891438664e+18,1.425334035277529e+18,4.029125912949644,1.665049454649711,0.5295682376232423,0.2806303853406348,0.5971723278940432,0.1182587131521469,0.7559151509692752,0.0,0.0,0.049190081081504876,0.11710457932315009,0.006726089049300338,7.313325874955778,83.33246316801024,34.43741281615457,21,0.001,25,1.1861398220062256,0.6417393513850276
S1,1,97,1,MGCUBED,hyb,sample,5000,10,1001,1.1984458591769061e-18,6.6656078657181705,1.25,7.07e-06,10100.0,3.16e-11,5,0.1,0.6800975127331796,0.01351101257107339,0.7317712797475784,0.024926527590305895,0.6610323595471117,0.9409191582343992,0.9505134533110299,0.9349322693131807,0.9451863863394859,0.8900306608050579,0.9056073675580933,0.7689068641864243,0.8049963481391739,0.6921005698325756,0.7477228700607436,0.6800975127331796,0.7317712797475784,0.7213645735495285,0.7652221459849511,0.77297040189936,0.7953281587472307,0.9619591931871714,0.9525136439017199,1.0709312039399173,1.060491744300872,9.235713222029208,0.21090675105485235,0.5736407405901451,8.332009832147714,3.449056891438664e+18,1.425334035277529e+18,0.6201246807315575,0.2562685514861472,0.09553615053280881,0.07408013893734423,0.19747407108423165,0.07244822894206117,0.3631434110635188,0.0,0.0,0.09557603128225621,0.0643428175562438,0.005463117216616834,17.49477953567395,83.33246316801024,34.43741281615457,21,0.001,25,1.8652398586273193,0.6417393513850276
S1,1,98,1,MGCUBED,hyb,sample,5000,10,1001,8.215579850509512e-20,0.330578109564373,1.25,7.07e-06,10100.0,3.16e-11,2,0.01,0.7699072082753269,0.012422072241838722,0.8107147243319742,0.013714807961658117,0.753952840239621,0.8706840788439161,0.8914111321851861,0.8598289424644016,0.882206646377006,0.8180080332132373,0.8483391376449962,0.7821352485339101,0.8209228167676159,0.7699072082753269,0.8107147243319742,0.7718762830248188,0.8106376031793863,0.7978453186613498,0.8248645413294586,0.9295314633246818,0.9342783738799423,1.0272568133590303,1.0148044603768125,1.0848653748189663,1.075555647265498,6.681669166054953,0.21090675105485235,0.5736407405901451,0.41322263695546624,3.449056891438664e+18,1.425334035277529e+18,0.857165114105858,0.35422628545799767,1.7870004259437031,1.3030628943849853,0.2542322831685429,0.07615443335868104,0.3752890494929574,0.0,0.0,0.015671040489118482,0.07597119899870802,0.006016262396188275,2.6047800872261133,83.33246316801024,34.43741281615457,21,0.001,25,0.7566072940826416,0.6417393513850276
S1,1,99,1,MGCUBED,hyb,sample,5000,10,1001,2.891806874707878e-19,0.7004307022687709,1.25,7.07e-06,10100.0,3.16e-11,2,0.1,0.7919139810534627,0.011946828633632129,0.8282665798578588,0.008698254321724767,0.7827017394093246,0.8909649232325982,0.8919063984292042,0.8868144536451645,0.8888542950426933,0.8604010018214845,0.8702321025443578,0.8152601035795388,0.8424472343436461,0.7941115770740356,0.8305265801798006,0.7919139810534627,0.8282665798578588,0.8099663888712509,0.8351068281068486,0.9081953266944905,0.9086907380601733,1.0091801691720927,0.995683732342766,1.0448867486085949,1.0331926532373363,4.022027041770553,0.21090675105485235,0.5736407405901451,0.8755383778359637,3.449056891438664e+18,1.425334035277529e+18,1.423981901080867,0.5884651755869286,0.7190301716592031,0.4711893217385998,0.35644030762612144,0.09956473531608896,0.5131780922645496,0.0,0.0,0.0373667382291939,0.09876100995677092,0.006594630010855839,5.66623725177639,83.33246316801024,34.43741281615457,21,0.001,25,1.0470118522644043,0.6417393513850276
S1,1,100,1,MGCUBED,hyb,sample,5000,10,1001,2.5969926429222807e-19,2.358357954280192,1.25,7.07e-06,10100.0,3.16e-11,3,0.1,0.7412537919547665,0.014851418395419319,0.7786948409899386,0.008988317912398737,0.7286093590649113,0.8847891328083097,0.8826981433081975,0.8783658655047037,0.8776749887743955,0.8391100467626667,0.8475998004866863,0.7759080855244352,0.8023876253294201,0.7463111933896716,0.7834772762524704,0.7412537919547665,0.7786948409899386,0.769001528810758,0.7940368232818726,0.9129791088907832,0.9144493779037084,1.0129442523246266,1.0016717521562846,1.1040002424284263,1.101526096883402,15.079540283394051,0.21090675105485235,0.5736407405901451,2.94794744285024,3.449056891438664e+18,1.425334035277529e+18,0.37980559125175184,0.1569559021608427,0.2931996567612893,0.2458455564698569,0.13306057810352606,0.04792474113351437,0.23213789428871465,0.0,0.0,0.03891409591855293,0.045934844706979366,0.004680709182846696,8.313717942819576,83.33246316801024,34.43741281615457,21,0.001,25,1.1366839408874512,0.6417393513850276
