set,search_seed,eval_index,is_finite,task,mode,node,N_R,R,seed,k_on,k_off,T,distance,N_max,D,L,lam_best,objective,opt_sd,held,held_sd,train,opt_lam_1e-06,held_lam_1e-06,opt_lam_1e-05,held_lam_1e-05,opt_lam_1e-04,held_lam_1e-04,opt_lam_1e-03,held_lam_1e-03,opt_lam_1e-02,held_lam_1e-02,opt_lam_1e-01,held_lam_1e-01,opt_lam_1e+00,held_lam_1e+00,opt_lam_1e+01,held_lam_1e+01,opt_lam_1e+02,held_lam_1e+02,opt_lam_1e+03,held_lam_1e+03,KD_nM,tau_D_over_T,phi_ISI,koff_T,c_peak,c_mean,c_peak_over_KD,c_mean_over_KD,tauR_mean_over_T,tauR_peak_over_T,occ_mean,occ_std,occ_max,occ_frac_above_0p8,occ_frac_above_0p9,contrast_within,contrast_between,binomial_sd_mean,snr_within,shell_molecules_peak,shell_molecules_mean,history_symbols,dt,n_sub,seconds,running_min
S1,3,1,1,SINE,hyb,sample,5000,10,1003,5.734970279826652e-19,8.993610054866611,1.25,7.07e-06,10100.0,3.16e-11,3,0.1,0.4417018427641004,0.0017092433849911497,0.4566247434079064,0.003117206971543759,0.4362638849806718,0.4810497539281483,0.48753664820025727,0.4806885012050192,0.4872220938891239,0.4774678824467439,0.4844252121492473,0.4623623253874437,0.471583336499132,0.44649544124182305,0.45938213555003904,0.4417018427641004,0.4566247434079064,0.4420314192455746,0.45821748166751275,0.44665174178324357,0.4629737611504166,0.45484621779026363,0.4714596103637997,0.5614085052265582,0.5656595412496686,26.040659536748183,0.21090675105485235,0.5736407405901451,11.242012568583263,3.5317197925357875e+18,1.252999095510113e+18,0.22520776332645537,0.07990020169388756,0.08237061550552216,0.0726016002841486,0.07128096769846481,0.049814202626730565,0.1739446066410148,0.0,0.0,0.041232273445361366,0.047089017324162055,0.0032873018087038854,12.542892574143776,85.32967671880311,30.273638348885868,21,0.0009615384615384616,13,3.283116102218628,0.4417018427641004
S1,3,2,1,SINE,hyb,sample,5000,10,1003,6.203657706876314e-18,0.1840314751915665,1.25,7.07e-06,10100.0,3.16e-11,3,0.01,0.5100657082208989,0.007399037844272033,0.5457896154969074,0.012610501726964818,0.4984983600410148,0.5539334273921727,0.5853333524252242,0.5527347578762123,0.5842343450000518,0.5438094326323933,0.5761202004978069,0.5214965267430498,0.5563264966587786,0.5100657082208989,0.5457896154969074,0.5167663251132287,0.5533141316045387,0.5681318667279687,0.6042990265590247,0.7563917648814318,0.789742724559562,0.886674744093872,0.9155489235046996,0.9327471481287194,0.9618030152588373,0.04925988321478542,0.21090675105485235,0.5736407405901451,0.23003934398945813,3.5317197925357875e+18,1.252999095510113e+18,119.05344282376481,42.238304548061244,0.1005377643014693,0.03620956108547031,0.9253342685404136,0.10925038436859402,0.9914300280786431,0.8809,0.7988,0.016183302608887173,0.10909799861436191,0.0029349805732540373,5.513938578116247,85.32967671880311,30.273638348885868,21,0.0009615384615384616,13,2.4777719974517822,0.4417018427641004
S1,3,3,1,SINE,hyb,sample,5000,10,1003,2.2625870641089135e-19,0.610399990579662,1.25,7.07e-06,10100.0,3.16e-11,5,0.1,0.47274138557941103,0.0028466944547440713,0.5025966804591961,0.01006159740317098,0.4691969037835356,0.554019915963437,0.5722081044876278,0.5503197541921728,0.5689004808767221,0.5273854498824757,0.5484373665019141,0.48999113781914944,0.5159723297693116,0.4755629104224792,0.5045799664197375,0.47274138557941103,0.5025966804591961,0.4733677945400374,0.5048881702097452,0.47495482180632703,0.507232840574526,0.4832141781316344,0.5161701574608752,0.5212107786181033,0.5578776948629176,4.47979680887668,0.21090675105485235,0.5736407405901451,0.7629999882245775,3.5317197925357875e+18,1.252999095510113e+18,1.3091126539927467,0.4644527504250278,0.8949527455641734,0.5675842655297322,0.2820172797221387,0.16263502001160376,0.4935193592358984,0.0,0.0,0.024480612688830585,0.16238115695591643,0.0056777485684779,4.311676079624883,85.32967671880311,30.273638348885868,21,0.0009615384615384616,13,2.3927829265594482,0.4417018427641004
S1,3,4,1,SINE,hyb,sample,5000,10,1003,3.12006861747038e-18,0.9735092155448841,1.25,7.07e-06,10100.0,3.16e-11,4,0.1,0.41545473138490596,0.006215675666930347,0.4311962494700296,0.0188508287785409,0.40781743033961615,0.46778247008428214,0.47730717879844836,0.4673092343332589,0.4769001682584183,0.46306219583933517,0.47325033861766724,0.44272201152961077,0.4557447946854699,0.42136754210278593,0.43661900999235054,0.41545473138490596,0.4311962494700296,0.4236589403562789,0.44038146112895377,0.47423954949491803,0.5007453239676936,0.6213495072642398,0.6632032215378753,0.7253405763335239,0.7704436363579752,0.5181136323779558,0.21090675105485235,0.5736407405901451,1.2168865194311052,3.5317197925357875e+18,1.252999095510113e+18,11.319058838310365,4.015825523985117,0.16383530683695186,0.06670715064751061,0.6795386742290882,0.2447322718663754,0.9128448554083726,0.48805,0.05715,0.06606386313798164,0.24370982613319525,0.005540291266862675,11.924258122153189,85.32967671880311,30.273638348885868,21,0.0009615384615384616,13,3.42297101020813,0.41545473138490596
S1,3,5,1,SINE,hyb,sample,5000,10,1003,3.124092967904303e-19,1.579062325210392,1.25,7.07e-06,10100.0,3.16e-11,3,0.1,0.45191947827804846,0.0017942755734721746,0.4749495219140297,0.0053769112911097134,0.4500100145966198,0.49095089537760084,0.5060754757676842,0.4901864080994067,0.505423534208657,0.48406775457122214,0.5002484043042862,0.4653551251074095,0.4850293959706997,0.454042342065359,0.4763030576776789,0.45191947827804846,0.4749495219140297,0.4525585007456159,0.47668842986210097,0.45562182897206754,0.48052533837254147,0.4623805437116972,0.4881104930754523,0.49618859365663354,0.5235481912535743,8.393139088537358,0.21090675105485235,0.5736407405901451,1.97382790651299,3.5317197925357875e+18,1.252999095510113e+18,0.6987324561112191,0.24789937677425342,0.4059860838342355,0.2982398900857831,0.1829708338674249,0.11388248956403928,0.3548592464167554,0.0,0.0,0.03734921566322418,0.11297198086699531,0.004919387742255858,7.592248796005078,85.32967671880311,30.273638348885868,21,0.0009615384615384616,13,2.4870190620422363,0.41545473138490596
S1,3,6,1,SINE,hyb,sample,5000,10,1003,1.6794052815785857e-17,0.393427471096875,1.25,7.07e-06,10100.0,3.16e-11,2,0.01,0.5350584257312743,0.009035452732325611,0.5807146224539819,0.014455986696682426,0.5256687981995302,0.560880865999908,0.6045386499522257,0.5605109982057426,0.6042099294574621,0.5573016035805167,0.6013669482930456,0.5443515391682807,0.5899986353024022,0.5350584257312743,0.5807146224539819,0.540812619687172,0.5839353511544652,0.5831999025012069,0.6219439183214068,0.7333941543102704,0.7647969670593794,0.8868939218908439,0.9142881994707324,0.9408986873011036,0.9684448342342413,0.03890077594859581,0.21090675105485235,0.5736407405901451,0.49178433887109374,3.5317197925357875e+18,1.252999095510113e+18,150.75685630452003,53.48618114912284,0.03731976804186002,0.013399141834433647,0.9371069972211657,0.09547200766801542,0.9933910663926134,0.8995,0.82375,0.02023655190386864,0.09514616276826487,0.002697105065082598,7.503063994746123,85.32967671880311,30.273638348885868,21,0.0009615384615384616,13,2.7270030975341797,0.41545473138490596
S1,3,7,1,SINE,hyb,sample,5000,10,1003,9.172266140260158e-20,0.13466447099929293,1.25,7.07e-06,10100.0,3.16e-11,3,0.1,0.5127266134723298,0.0021182896213266383,0.5503166153903833,0.0027336114987086967,0.514361941314309,0.5601404602635989,0.584167381306737,0.5558585684133105,0.5804953817427917,0.5366624961148146,0.5649530678927998,0.5183652036158924,0.5525884742021618,0.5136121184232876,0.5497383071593566,0.5127266134723298,0.5503166153903833,0.5130766453958499,0.5519951863085903,0.5151515652984175,0.5541423947024958,0.5290944425651009,0.5679227719993265,0.5729885252755053,0.6140587994187858,2.437953845158301,0.21090675105485235,0.5736407405901451,0.16833058874911616,3.5317197925357875e+18,1.252999095510113e+18,2.405524904199321,0.853442715234396,3.205219600442978,1.7444273896931803,0.3976848399279413,0.2049247649805723,0.6316064167424423,0.0,0.0,0.010403009256397382,0.20489467364602212,0.006138113135711216,1.6948220123010158,85.32967671880311,30.273638348885868,21,0.0009615384615384616,13,1.814013957977295,0.41545473138490596
S1,3,8,1,SINE,hyb,sample,5000,10,1003,5.172818676632333e-18,3.5242344071038705,1.25,7.07e-06,10100.0,3.16e-11,2,0.1,0.40418641301284025,0.0036678809863029986,0.4163867184491755,0.006217588358010613,0.39724324206871975,0.42593578040913893,0.4377974839246477,0.42587738447663936,0.43774248625613954,0.4253108073663173,0.4372092802902248,0.4209620153549082,0.4331414211384354,0.4095262193291241,0.4224997623417366,0.40418641301284025,0.4163867184491755,0.40879504986288256,0.42097959010774355,0.4419188531160988,0.4644129484910812,0.5338811331962792,0.5732148196877678,0.6282364869187209,0.6733369318814698,1.131323033090376,0.21090675105485235,0.5736407405901451,4.405293008879838,3.5317197925357875e+18,1.252999095510113e+18,5.1838056136777135,1.8391333760300304,0.07995385439178093,0.03670873095426205,0.541296766860134,0.24419718332976748,0.8345078255421066,0.0792,0.0,0.11891597789085655,0.2407825857563559,0.006060830639973373,19.620409306038454,85.32967671880311,30.273638348885868,21,0.0009615384615384616,13,5.419710874557495,0.40418641301284025
S1,3,9,1,SINE,hyb,sample,5000,10,1003,6.397907834559836e-20,1.7041502454216657,1.25,7.07e-06,10100.0,3.16e-11,1,0.1,0.4479478344575113,0.0016866441861277252,0.45876673058542455,0.0035559037277563747,0.44782547595903016,0.4594519835876968,0.4697175029854729,0.4588742445238106,0.4691681083776378,0.4554895469464274,0.46582927227482707,0.4506979496684093,0.4606165631757658,0.4486943692384225,0.4588502309548844,0.4479478344575113,0.45876673058542455,0.44804316271359185,0.45919507893877254,0.4508908490890649,0.4617832817554075,0.5491877005538699,0.5582522174444728,0.8719991733477668,0.8392144155521221,44.2302098128186,0.21090675105485235,0.5736407405901451,2.1301878067770823,3.5317197925357875e+18,1.252999095510113e+18,0.13259169953376862,0.0470414668624301,0.448351083681868,0.41448491678057425,0.043998070439178465,0.0298083123270433,0.09260635480595067,0.0,0.0,0.009831548507308004,0.029552498005831037,0.0026379272633164134,3.726997572688088,85.32967671880311,30.273638348885868,21,0.0009615384615384616,13,1.7743780612945557,0.40418641301284025
S1,3,10,1,SINE,hyb,sample,5000,10,1003,1.3129561034980458e-18,4.344565353227482,1.25,7.07e-06,10100.0,3.16e-11,5,1.0,0.4376956804875215,0.003703681730352234,0.44977832407150914,0.009662484256817103,0.43404794526281965,0.5139410418226242,0.5031285734661655,0.5133604543260855,0.5026376053839048,0.5080807881200823,0.49820784313148436,0.48091639851255,0.47659595418936707,0.44876057424937504,0.4539244559617896,0.4379661777282543,0.4461460665837865,0.4376956804875215,0.44977832407150914,0.45166683471591346,0.4756924716007617,0.4716254634650907,0.50227523451877,0.5081197459940764,0.5430356429387551,5.494715687526346,0.21090675105485235,0.5736407405901451,5.430706691534352,3.5317197925357875e+18,1.252999095510113e+18,1.0673088515080096,0.3786645328986479,0.13356265677866733,0.08907140202400973,0.24541995828561025,0.14883606849681338,0.4921545049202897,0.0,0.0,0.0920380029782428,0.14475893404401224,0.00543010587758316,16.949577973828976,85.32967671880311,30.273638348885868,21,0.0009615384615384616,13,4.114381790161133,0.40418641301284025
S1,3,11,1,SINE,hyb,sample,5000,10,1003,1.1745631940793615e-18,2.835048278217955,1.25,7.07e-06,10100.0,3.16e-11,1,0.1,0.46312325569552515,0.004051846615406902,0.48451300639458345,0.007690242175844429,0.46200033038797833,0.47468017591448053,0.49213853019700504,0.4746168533976013,0.4920835882123943,0.4740213166595968,0.49156798898393744,0.47034603437643774,0.4884366788857217,0.46469174286764625,0.48397957569244854,0.46312325569552515,0.48451300639458345,0.46839562332033846,0.4957856077301802,0.4781793567298844,0.5117435986499267,0.4848994555643357,0.5200001420314361,0.5302863750045407,0.5641484952720779,4.008050351854273,0.21090675105485235,0.5736407405901451,3.5438103477724434,3.5317197925357875e+18,1.252999095510113e+18,1.46319486408239,0.5191187152290762,0.18575384572989956,0.11455940721084032,0.30018714426828397,0.17306491512973737,0.5623825621710988,0.0,0.0,0.08697950295933117,0.1700085748120691,0.005758437658417697,15.104705150742465,85.32967671880311,30.273638348885868,21,0.0009615384615384616,13,3.5412068367004395,0.40418641301284025
S1,3,12,1,SINE,hyb,sample,5000,10,1003,6.52818361430126e-20,6.547925579089055,1.25,7.07e-06,10100.0,3.16e-11,2,0.1,0.44578121412406657,0.002107456504036297,0.45808760900244694,0.0039093699033312486,0.4451372444383117,0.4693975857044889,0.47810778863937886,0.468003630338835,0.4769349434919626,0.46029337973309686,0.4705523792729148,0.45018998840664126,0.4622224365559826,0.4465702777833543,0.4589468955764177,0.44578121412406657,0.45808760900244694,0.44710680409195575,0.4590428372333573,0.501278759418829,0.5127396450100772,0.8159803053813919,0.8251841365719568,1.0172574905005698,0.9731591758001154,166.5560724916605,0.21090675105485235,0.5736407405901451,8.184906973861318,3.5317197925357875e+18,1.252999095510113e+18,0.03521071673991609,0.01249221309137327,0.12066867956182256,0.11802051161634056,0.012259270084396829,0.008813369118374385,0.030437852464584497,0.0,0.0,0.006773689772700188,0.00837798164681887,0.0014131374174511631,4.793369483427666,85.32967671880311,30.273638348885868,21,0.0009615384615384616,13,1.7834861278533936,0.40418641301284025
S1,3,13,1,SINE,hyb,sample,5000,10,1003,6.2750198072587894e-18,10.0,1.25,7.07e-06,10100.0,3.16e-11,5,1.0,0.4042230536965218,0.003905040489326323,0.40427015368994185,0.004277697365484723,0.3964462252335686,0.47560189008304843,0.4705602223902054,0.47545051570209285,0.4704072204912591,0.4739766641643814,0.46891755844604044,0.4623271201111683,0.4571509954889219,0.42768913396677377,0.4227356130241768,0.40546145164613484,0.4031938076900379,0.4042230536965218,0.40427015368994185,0.4182695231961933,0.4263611874087444,0.47006643934986814,0.49936995318708066,0.5438558712244232,0.5850041414747326,2.6462690448450465,0.21090675105485235,0.5736407405901451,12.5,3.5317197925357875e+18,1.252999095510113e+18,2.216161165184997,0.7862594142803307,0.044786327988217405,0.024874375347231185,0.3755244247684098,0.20512805944098358,0.686598322956714,0.0,0.0,0.1403245567231545,0.1991330944586413,0.006016193472172402,23.324475413268974,85.32967671880311,30.273638348885868,21,0.0009615384615384616,13,5.27997088432312,0.40418641301284025
S1,3,14,1,SINE,hyb,sample,5000,10,1003,3.510253876986912e-18,6.86046568266632,1.25,7.07e-06,10100.0,3.16e-11,5,0.1,0.4143515286314405,0.011844346665587062,0.41641651128019436,0.013192721145989805,0.3877276996632401,0.48138236472811224,0.48506995427498295,0.48114958629463367,0.4848326317860433,0.4789202210078917,0.4825601653525693,0.4633338399481648,0.46669103495802666,0.43053986590434634,0.4332028426568176,0.4143515286314405,0.41641651128019436,0.41481176150336374,0.4161295069637436,0.42984508925166737,0.4406930059808986,0.47712875251218384,0.5080951906109299,0.5344184230545455,0.574415455353947,3.2453696183512233,0.21090675105485235,0.5736407405901451,8.5755821033329,3.5317197925357875e+18,1.252999095510113e+18,1.8070541662358373,0.6411146322017679,0.07105546290082107,0.04154182746704084,0.33726783385150144,0.19050266163580387,0.6363388707530151,0.0,0.0,0.12737172727457918,0.1849374614570989,0.005902777675226744,21.57826946610969,85.32967671880311,30.273638348885868,21,0.0009615384615384616,13,6.077785015106201,0.40418641301284025
S1,3,15,1,SINE,hyb,sample,5000,10,1003,4.582020111821968e-18,0.9161959886769179,1.25,7.07e-06,10100.0,3.16e-11,1,0.01,0.4641049741102391,0.005191377667076104,0.4905761788605652,0.009776794155130688,0.45851442475402804,0.4753531540109939,0.5006635455541169,0.47527328387143813,0.5005921186758003,0.4745279932017407,0.49992631852746083,0.4701494381565771,0.4960370402682119,0.4641049741102391,0.4905761788605652,0.4653028623627643,0.49254042965794415,0.4928372804849972,0.5250666330844923,0.591033494615308,0.6319319438111982,0.7033400979417254,0.7461359229255725,0.7823833598351639,0.8239772686222615,0.33203242134636485,0.21090675105485235,0.5736407405901451,1.1452449858461473,3.5317197925357875e+18,1.252999095510113e+18,17.66260856706846,6.266418022647161,0.12016589422498562,0.046787436834780455,0.7444894167862581,0.23112213915629143,0.9440658178800825,0.61335,0.2961,0.060005596113473246,0.23024130471736345,0.005101087410468908,11.763295016337967,85.32967671880311,30.273638348885868,21,0.0009615384615384616,13,3.331105947494507,0.40418641301284025
S1,3,16,1,SINE,hyb,sample,5000,10,1003,3.6911501884260214e-18,4.366713080594426,1.25,7.07e-06,10100.0,3.16e-11,3,0.1,0.4017755726221425,0.007276539561533542,0.4073494494457489,0.012659889035926608,0.39156872619681576,0.43810424184139574,0.4439509718497643,0.4379878522267136,0.443842390794161,0.4368659257395506,0.4427948928764128,0.4286613045889186,0.4350774965357326,0.4098315297140319,0.4165682605499911,0.4017755726221425,0.4073494494457489,0.40454673100225164,0.4096926205580516,0.43046182827035484,0.4463582032120028,0.5023046919251674,0.5387549118691606,0.573010360410526,0.6168448163312508,1.964454789242296,0.21090675105485235,0.5736407405901451,5.458391350743033,3.5317197925357875e+18,1.252999095510113e+18,2.985336553394944,1.0591508446119848,0.08897073278835056,0.045969557931265594,0.43455891074583675,0.2224046898027191,0.7414471438141459,0.0,0.0,0.1247844952304132,0.21804359228828,0.0061224324184519655,20.381522686037993,85.32967671880311,30.273638348885868,21,0.0009615384615384616,13,5.324796915054321,0.4017755726221425
S1,3,17,1,SINE,hyb,sample,5000,10,1003,2e-17,10.0,1.25,7.07e-06,10100.0,3.16e-11,1,0.1,0.4189866206887765,0.003517913551363259,0.4324513006412796,0.0031220111275999853,0.4122589232368963,0.429749609008449,0.44076935873272466,0.42974005222550166,0.4407609356921636,0.42964530301438797,0.44067745708153766,0.4287730016103567,0.43991163390007176,0.42404696163860817,0.4358813551571126,0.4189866206887765,0.4324513006412796,0.4288461387370841,0.4481035168432874,0.4665704773805822,0.4967361756358434,0.554979779847492,0.5957011668289365,0.6609666670160819,0.7050351098760211,0.8302695335869232,0.21090675105485235,0.5736407405901451,12.5,3.5317197925357875e+18,1.252999095510113e+18,7.063439585071576,2.5059981910202263,0.02281803801408136,0.009921324411992834,0.5965134269482171,0.24998308103400138,0.8758293581378478,0.22525,0.0,0.13357772317030747,0.24595518599678165,0.005899903350311491,22.640662946326927,85.32967671880311,30.273638348885868,21,0.0009615384615384616,13,2.9496917724609375,0.4017755726221425
S1,3,18,1,SINE,hyb,sample,5000,10,1003,7.793710742996882e-20,1.6436502880730812,1.25,7.07e-06,10100.0,3.16e-11,3,0.1,0.4442356660172549,0.0021816024301488626,0.4586612953027812,0.0033815348816996706,0.44426245221717175,0.48582097250149225,0.495018531692196,0.48336098851231035,0.49283238450181244,0.4695932580414097,0.4807677750750404,0.45150494868245294,0.46531406698108846,0.44530528334462877,0.4600674556809106,0.4442356660172549,0.4586612953027812,0.44578083076974073,0.46006705799783437,0.44939180139867946,0.463890281808961,0.4635147566151206,0.4779133094814438,0.6302104296852734,0.6232822177347451,35.01984620829532,0.21090675105485235,0.5736407405901451,2.0545628600913517,3.5317197925357875e+18,1.252999095510113e+18,0.16746386191803497,0.059413566149104965,0.45942543676738445,0.4169050162680895,0.05464968603005496,0.036786627900582236,0.1140615111574071,0.0,0.0,0.011814190973330781,0.03648884142444828,0.0029214467511627508,4.043952185207098,85.32967671880311,30.273638348885868,21,0.0009615384615384616,13,1.9998340606689453,0.4017755726221425
S1,3,19,1,SINE,hyb,sample,5000,10,1003,3.53691622726457e-18,0.4270721969136508,1.25,7.07e-06,10100.0,3.16e-11,3,0.1,0.45193851262888857,0.007560822148009777,0.4781598453503169,0.018174621429916604,0.449486162314078,0.4909682933851963,0.5145035119980244,0.49036860415072603,0.5139682720511642,0.48529329514599845,0.5094540080566363,0.4664492122055239,0.4928569536941386,0.4520405621658193,0.47905264023926186,0.45193851262888857,0.4781598453503169,0.4726181536053778,0.5007363966027041,0.6057805882361906,0.6430571916668815,0.7523098327709278,0.7917792269988244,0.8315902758389975,0.8708956880598457,0.20050519206878334,0.21090675105485235,0.5736407405901451,0.5338402461420635,3.5317197925357875e+18,1.252999095510113e+18,29.248911857628855,10.377057709878496,0.16464885954247935,0.06192684172234232,0.8081189386945887,0.20521514397184135,0.9645870079680219,0.7152,0.53325,0.03692994814231319,0.20484567942360637,0.004534210225383102,8.144736636950467,85.32967671880311,30.273638348885868,21,0.0009615384615384616,13,2.725270986557007,0.4017755726221425
S1,3,20,1,SINE,hyb,sample,5000,10,1003,1.4221806074390515e-19,1.9238644259563786,1.25,7.07e-06,10100.0,3.16e-11,3,1.0,0.4451214644724885,0.0012396548735736995,0.46166291102512236,0.002335493995700663,0.44513701467931943,0.4882718669289283,0.49727350852285757,0.4867840258609183,0.49594610716131154,0.4766192959751899,0.48696337508600374,0.4564860138131416,0.4694999958424374,0.4478628053392074,0.46177795446662506,0.4453489411305137,0.46038385251985614,0.4451214644724885,0.46166291102512236,0.44847268759182957,0.4660470600955776,0.4553098483168763,0.4736078302124075,0.5409044221540817,0.5500878605075263,22.46305442878472,0.21090675105485235,0.5736407405901451,2.404830532445473,3.5317197925357875e+18,1.252999095510113e+18,0.26107574588350707,0.09262560244531282,0.3805784123835118,0.3297420622556545,0.08157310152937673,0.0542100832005522,0.16996326174567444,0.0,0.0,0.020088968985415578,0.05362981424545146,0.0035102329474896205,5.722973171846732,85.32967671880311,30.273638348885868,21,0.0009615384615384616,13,2.189931869506836,0.4017755726221425
S1,3,21,1,SINE,hyb,sample,5000,10,1003,1.5969292424530468e-18,0.5894595486767915,1.25,7.07e-06,10100.0,3.16e-11,4,0.1,0.4535749619494577,0.012128508678665502,0.46036162863749625,0.028564845331422246,0.4497966613216284,0.5062120593103979,0.5204555975324714,0.505323438508239,0.5194610580535409,0.4979800114844421,0.5111936728952573,0.4731383098213292,0.48257494446031046,0.45661402236102705,0.46302697136459614,0.4535749619494577,0.46036162863749625,0.470095315996359,0.48439700807376856,0.5689756488213461,0.6072552826895772,0.6510572975507558,0.6972979493401588,0.7143471394201532,0.7610976110271152,0.6129392480739518,0.21090675105485235,0.5736407405901451,0.7368244358459894,3.5317197925357875e+18,1.252999095510113e+18,9.567928156412039,3.3945516717457833,0.3088313674477177,0.1284239807479619,0.6538302652204998,0.24718544912169335,0.8909142915744666,0.43135,0.0,0.04859447261004775,0.2466312518541827,0.00568174352253238,8.552739562659626,85.32967671880311,30.273638348885868,21,0.0009615384615384616,13,2.868291139602661,0.4017755726221425
S1,3,22,1,SINE,hyb,sample,5000,10,1003,2.1655831680831354e-19,0.2631898069517514,1.25,7.07e-06,10100.0,3.16e-11,3,0.1,0.5277059153898449,0.0022088910061348723,0.5696777415673744,0.005633924852613611,0.5276324126379678,0.5711985636437475,0.6025960184903529,0.5692003714832596,0.600908013941788,0.5567232631713124,0.5905521702181036,0.5365579857277882,0.5751633039085936,0.5289415801740549,0.5699978952701326,0.5277059153898449,0.5696777415673744,0.5291273899921043,0.5721218820078697,0.5308959893304659,0.5740014219208611,0.5390463605733051,0.5814908285201791,0.5819552880797858,0.6258283037454991,2.0181028508462644,0.21090675105485235,0.5736407405901451,0.32898725868968925,3.5317197925357875e+18,1.252999095510113e+18,2.905976118787783,1.0309950002575647,1.4966218008450651,0.7782001994769359,0.434020275136089,0.21850987458079016,0.6796713129161818,0.0,0.0,0.018177433242238406,0.21841904959632527,0.006154886913590761,2.953333423900991,85.32967671880311,30.273638348885868,21,0.0009615384615384616,13,2.1003098487854004,0.4017755726221425
S1,3,23,1,SINE,hyb,sample,5000,10,1003,1.9442828021720356e-17,0.16580175847686834,1.25,7.07e-06,10100.0,3.16e-11,2,0.01,0.6014902922407692,0.005212128305804317,0.6461777933037592,0.013011553482694541,0.5915343835930076,0.6296962794240806,0.6762488340597524,0.6288406613312649,0.6753410888431152,0.6224629157480003,0.6685835415269086,0.6070785629717518,0.6524179526529007,0.6014902922407692,0.6461777933037592,0.6187375229329054,0.6600539331837869,0.7127470623059468,0.7446039839041845,0.8724171902644147,0.8955067983434635,0.9610105958698745,0.9840656048648102,0.9757363608637203,0.9986677130992867,0.01416050674569518,0.21090675105485235,0.5736407405901451,0.20725219809608542,3.5317197925357875e+18,1.252999095510113e+18,414.1489280812372,146.93357989187493,0.032616254534947306,0.011622429855040313,0.9733272352958008,0.044630640202129146,0.9975860101884619,0.9946,0.9148,0.008749484610478054,0.04448363863006884,0.0017749633513772195,4.9293888821361875,85.32967671880311,30.273638348885868,21,0.0009615384615384616,13,2.3763937950134277,0.4017755726221425
S1,3,24,1,SINE,hyb,sample,5000,10,1003,8.741988845609087e-18,4.007793463675309,1.25,7.07e-06,10100.0,3.16e-11,4,0.1,0.3974151849087403,0.0060016529049521485,0.41036480946344167,0.008772867735922275,0.3819465619256456,0.44438370602763316,0.4524012230452842,0.44426471865339395,0.45229545861636133,0.44311005392359537,0.45126894568739856,0.43422124479652835,0.4433569459689711,0.4100899875462526,0.4218196885077843,0.3974151849087403,0.41036480946344167,0.4036514359567037,0.41760281455435644,0.4199914428889885,0.43897197506020047,0.49764921790746763,0.5308578677515498,0.6428269909032371,0.6863746899451575,0.7612795826134633,0.21090675105485235,0.5736407405901451,5.0097418295941365,3.5317197925357875e+18,1.252999095510113e+18,7.703554415164835,2.73310094838637,0.053470583122616475,0.02293443288158398,0.6127854438362081,0.24953570867098235,0.884085181256324,0.2772,0.0,0.11679891016158452,0.2464056161071598,0.005848659188008721,19.970202811791935,85.32967671880311,30.273638348885868,21,0.0009615384615384616,13,6.232457160949707,0.3974151849087403
S1,3,25,1,SINE,hyb,sample,5000,10,1003,7.52191188568479e-18,10.0,1.25,7.07e-06,10100.0,3.16e-11,3,0.1,0.4022707991477802,0.003367680942830976,0.4016403427516658,0.007197271623804205,0.3811789462241929,0.43952071876045273,0.4383118673310962,0.4394616739454899,0.4382550442685099,0.43888136051261134,0.4376964622902607,0.43393608233092335,0.4329277020885624,0.4153761504849438,0.41480679207787574,0.4022707991477802,0.4016403427516658,0.40334691075403706,0.4036684020129956,0.421400403959316,0.4324306685242676,0.4852400499301413,0.5181621862402938,0.5584904554540714,0.6009099513596998,2.20760239206481,0.21090675105485235,0.5736407405901451,12.5,3.5317197925357875e+18,1.252999095510113e+18,2.656528508438316,0.942494878926981,0.041184149759092986,0.021878675310579642,0.41060014016551905,0.21655464238027636,0.7248188286953053,0.0,0.0,0.1431743901559775,0.2107839099791274,0.006085777318763935,23.526064569358454,85.32967671880311,30.273638348885868,21,0.0009615384615384616,13,4.482865810394287,0.3974151849087403
S1,3,26,1,SINE,hyb,sample,5000,10,1003,7.678354649133874e-18,0.5689137255317714,1.25,7.07e-06,10100.0,3.16e-11,3,0.01,0.46084670580122966,0.006334023202729693,0.4900906123343428,0.014110286209401288,0.44042167466015025,0.4930840347064759,0.5189189705712348,0.49273312250183726,0.5186214434167573,0.4896128092144572,0.5159779806208796,0.4752647033743874,0.5037518911155345,0.46084670580122966,0.4900906123343428,0.461474570621375,0.4905432610462005,0.47756276766701217,0.5096187022407054,0.5644935890813583,0.5994026358209916,0.7588392351304746,0.7935901202556128,0.8657557771898388,0.9011650621532364,0.12303462268488591,0.21090675105485235,0.5736407405901451,0.7111421569147143,3.5317197925357875e+18,1.252999095510113e+18,47.665921688051924,16.91112553380174,0.07850922633182064,0.02889472878792983,0.8570680390323758,0.1744161473705504,0.9790916477032059,0.7848,0.65175,0.037070165390964555,0.17394356575081354,0.003974815989357978,9.326259502380692,85.32967671880311,30.273638348885868,21,0.0009615384615384616,13,3.053551197052002,0.3974151849087403
S1,3,27,1,SINE,hyb,sample,5000,10,1003,3.698432371702483e-18,2.7427570897831934,1.25,7.07e-06,10100.0,3.16e-11,2,0.1,0.4070048304708879,0.006586070286891363,0.4145458942193951,0.01056288012508955,0.4019558728117822,0.4299732443496665,0.4368633875013355,0.42989033669868615,0.4367857505884153,0.4290947232199688,0.4360402543855141,0.4234714190586093,0.4307434029457845,0.41174442559614455,0.41939628069784973,0.4070048304708879,0.4145458942193951,0.41199315604976394,0.42038056953981373,0.4538817999263617,0.4761108126380142,0.5427711447596721,0.5835011948111236,0.623647266090404,0.6692782684978622,1.23145561189659,0.21090675105485235,0.5736407405901451,3.428446362228992,3.5317197925357875e+18,1.252999095510113e+18,4.762298074864965,1.689589075828384,0.10844679174241996,0.050618226025366406,0.5259191989382452,0.241635661074227,0.8193247533589826,0.04275,0.0,0.11026978641423858,0.23860881689481747,0.006091880621307788,18.101107567430656,85.32967671880311,30.273638348885868,21,0.0009615384615384616,13,4.5403289794921875,0.3974151849087403
S1,3,28,1,SINE,hyb,sample,5000,10,1003,7.455784062835161e-18,3.5915860724900615,1.25,7.07e-06,10100.0,3.16e-11,1,0.1,0.42518667531273263,0.004123650337497325,0.442890125582862,0.004424830589108575,0.4217727884191316,0.4356303478156498,0.4520096090906397,0.4356060330777285,0.45198915083693825,0.43536842766150724,0.4517892295971452,0.43344077872633635,0.45016630054912427,0.42753865735721613,0.44508399318287484,0.42518667531273263,0.442890125582862,0.436239600240259,0.4572807855839459,0.47648695687014425,0.5081807894694739,0.5756121818657342,0.6178270765245946,0.6728344339390602,0.7171562631093905,0.799911710991714,0.21090675105485235,0.5736407405901451,4.489482590612576,3.5317197925357875e+18,1.252999095510113e+18,7.331507476676432,2.6011044977057343,0.0618540276576679,0.026734995776310378,0.6043210102325522,0.24925255787970704,0.8784639121642916,0.2476,0.0,0.11498464232505035,0.24620257730142783,0.005882017844711781,19.548502803069034,85.32967671880311,30.273638348885868,21,0.0009615384615384616,13,5.7364420890808105,0.3974151849087403
S1,3,29,1,SINE,hyb,sample,5000,10,1003,5.153681609120116e-20,0.14809975698587297,1.25,7.07e-06,10100.0,3.16e-11,5,1.0,0.47262195647904043,0.003795814641984767,0.5073391221843976,0.0034072356783314195,0.47466750531123986,0.5574759919959541,0.5705529848586366,0.5451183249246265,0.5604213730985004,0.5071958097049036,0.5312120320805427,0.4831370815058273,0.5131989353934252,0.4758180881673278,0.5074132643684911,0.4731281845211915,0.5067200208752756,0.47262195647904043,0.5073391221843976,0.47390398370656595,0.5086884208331288,0.491513615225536,0.5264402482888547,0.5380688970414494,0.5765304530213756,4.771839841227242,0.21090675105485235,0.5736407405901451,0.1851246962323412,3.5317197925357875e+18,1.252999095510113e+18,1.228993194438084,0.43602761585831545,3.7616020573334765,2.4234100165398127,0.27166927061541213,0.15586878917193997,0.4655801671274076,0.0,0.0,0.007721129353262547,0.15584639433868058,0.005649277816729433,1.3667462645221053,85.32967671880311,30.273638348885868,21,0.0009615384615384616,13,1.7766680717468262,0.3974151849087403
S1,3,30,1,SINE,hyb,sample,5000,10,1003,1.29838271269778e-19,4.383892745034082,1.25,7.07e-06,10100.0,3.16e-11,3,0.1,0.4430105828568339,0.0009323670145114697,0.45585068370189213,0.003672717384288119,0.44081456749022274,0.4791962088722369,0.4962731922997521,0.4777643076320722,0.494738448968927,0.46822575730833904,0.48447503287933813,0.4509726579735925,0.4655961784414229,0.44486284944376503,0.45788086302158576,0.4430105828568339,0.45585068370189213,0.4446370522681737,0.457588840698797,0.4480647178763363,0.46099890530857734,0.49127243413477534,0.5034569204939805,0.7680213241779983,0.7455474175630826,56.06686763645737,0.21090675105485235,0.5736407405901451,5.479865931292602,3.5317197925357875e+18,1.252999095510113e+18,0.10459936388533629,0.03711022279181325,0.17595643390319687,0.16520579527143436,0.03515502456220317,0.02455312543828511,0.08197489525991312,0.0,0.0,0.01579041463362601,0.023723387266699716,0.002364714985815827,6.677512820082338,85.32967671880311,30.273638348885868,21,0.0009615384615384616,13,2.1697020530700684,0.3974151849087403
S1,3,31,1,SINE,hyb,sample,5000,10,1003,3.7639490308415694e-19,0.12623193736811422,1.25,7.07e-06,10100.0,3.16e-11,4,0.01,0.6375272482577184,0.0054408100566477125,0.6813559131547069,0.01720108721738986,0.6238926922565468,0.7187287992411417,0.742174732051109,0.7136788726511493,0.7378044236979171,0.6860396632510215,0.7145612650699192,0.6497214714042172,0.6872358203177565,0.6375272482577184,0.6813559131547069,0.6377673159520331,0.6851606427887547,0.6488335228955446,0.6983420665044295,0.6580724744710709,0.7076988885224624,0.6705972257469327,0.7170734763955383,0.7278095415628536,0.7735756670523976,0.5568966577582192,0.21090675105485235,0.5736407405901451,0.15778992171014278,3.5317197925357875e+18,1.252999095510113e+18,10.530784496758338,3.736158082908388,1.3381184214198507,0.5496191849980301,0.6729461978716852,0.2404352600788993,0.8862916440621069,0.47615,0.0,0.015688350387956265,0.24037771354134582,0.005631765890169302,2.7856893723763507,85.32967671880311,30.273638348885868,21,0.0009615384615384616,13,1.9825091361999512,0.3974151849087403
S1,3,32,1,SINE,hyb,sample,5000,10,1003,1.0389088675297399e-19,0.42405469026897236,1.25,7.07e-06,10100.0,3.16e-11,5,1.0,0.4598632588290227,0.0021751787782509314,0.48581712736637633,0.002632622875464021,0.46143388051558265,0.5393915262992544,0.5532632723704745,0.5332350384260757,0.5476838859154404,0.5035282598832411,0.5213408129761093,0.4717232513253915,0.4953440238617148,0.46224001301288486,0.4873270762421675,0.46002182561753396,0.4855094959354451,0.4598632588290227,0.48581712736637633,0.46135140154444665,0.48750190728115417,0.4735857375043427,0.500931501946553,0.5089132387637051,0.5400751203650522,6.7778743816504825,0.21090675105485235,0.5736407405901451,0.5300683628362155,3.5317197925357875e+18,1.252999095510113e+18,0.8652504250733409,0.30697735485640204,1.4434443768166936,1.0114186750125262,0.21409299133316811,0.12946208608202608,0.3856624203402664,0.0,0.0,0.013512853894579522,0.12936574275819643,0.005212098621519077,2.5925936701944394,85.32967671880311,30.273638348885868,21,0.0009615384615384616,13,2.010622978210449,0.3974151849087403
S1,3,33,1,SINE,hyb,sample,5000,10,1003,6.1760747605230596e-18,0.5368628341551964,1.25,7.07e-06,10100.0,3.16e-11,5,0.1,0.43603747094659173,0.008360501360317282,0.46281604864887377,0.011350576105547102,0.43424304713734535,0.49929621140662006,0.5236187059325876,0.49837300455084244,0.5227311476045879,0.49056412584461445,0.5152551508645974,0.4612362201632611,0.48772580893867945,0.4380076932650523,0.46578872878046707,0.43603747094659173,0.46281604864887377,0.45523008771577783,0.4822665813005945,0.5223208546987489,0.5533993296331591,0.7209429635095812,0.7557158550751365,0.8489296471478186,0.8857916958200324,0.14434438448294898,0.21090675105485235,0.5736407405901451,0.6710785426939956,3.5317197925357875e+18,1.252999095510113e+18,40.62893551989585,14.414512602489356,0.09667114223285209,0.03579573970929793,0.8420873423681504,0.1850376600973464,0.9753153795154783,0.7638,0.6174,0.038016503647348134,0.18458353118282372,0.0041589283453860645,9.14093739785727,85.32967671880311,30.273638348885868,21,0.0009615384615384616,13,3.0504860877990723,0.3974151849087403
S1,3,34,1,SINE,hyb,sample,5000,10,1003,5.722876215294519e-19,3.3230167977321754,1.25,7.07e-06,10100.0,3.16e-11,5,1.0,0.4454137434929787,0.0028278754181994227,0.46367756873862576,0.005407720300447708,0.4431290362336197,0.5282450365286715,0.5326142935189029,0.526969264004166,0.5313451919927524,0.5164021043924942,0.5208944676203763,0.47988306775760164,0.48624237828749967,0.4539184972646197,0.46402316528204934,0.44654647811377635,0.45925760755959455,0.4454137434929787,0.46367756873862576,0.449250919297138,0.4725252330495747,0.46016180066446405,0.4855019390126795,0.4923713862581365,0.5208818054326754,9.642003436597545,0.21090675105485235,0.5736407405901451,4.1537709971652195,3.5317197925357875e+18,1.252999095510113e+18,0.6082303048718125,0.21579062514442068,0.19801525988851137,0.1496956598061229,0.1642758867311348,0.10498636415025671,0.3423168836643671,0.0,0.0,0.057999008904501125,0.1025613068517686,0.004713905529741645,12.303812314134323,85.32967671880311,30.273638348885868,21,0.0009615384615384616,13,3.19486403465271,0.3974151849087403
S1,3,35,1,SINE,hyb,sample,5000,10,1003,6.955521414907e-20,0.67380106429691,1.25,7.07e-06,10100.0,3.16e-11,2,0.1,0.44976118543364774,0.002314737313005791,0.46825625933705456,0.0035439994905217894,0.4487304450994737,0.47612403204226916,0.49102751412884676,0.4744413778353934,0.48949130284706843,0.46535603841322865,0.48128591233827633,0.45422976229311873,0.47119910796867603,0.4507063523448786,0.4679591766986288,0.44976118543364774,0.46825625933705456,0.45029154600054994,0.4700658202402515,0.45307857836974297,0.4734638002635048,0.4585349931366314,0.4794887618148896,0.533917391241426,0.5472238724810183,16.086112370675462,0.21090675105485235,0.5736407405901451,0.8422513303711375,3.5317197925357875e+18,1.252999095510113e+18,0.3645727789709909,0.12934473546392794,1.0513123414350551,0.8700848180653731,0.10896847256703189,0.07059319806084473,0.21062575064708342,0.0,0.0,0.010427131805562304,0.0704792063423891,0.003992181668412226,2.6118881032058323,85.32967671880311,30.273638348885868,21,0.0009615384615384616,13,1.9107778072357178,0.3974151849087403
S1,3,36,1,SINE,hyb,sample,5000,10,1003,3.7259421827059895e-18,0.5265428260951012,1.25,7.07e-06,10100.0,3.16e-11,5,0.1,0.42587457021833447,0.008306535187663635,0.444986784880317,0.017585885098656454,0.42415699519593375,0.4874595123310049,0.5112999770724362,0.4863995643316582,0.5102727139640757,0.4776383655101002,0.501756188912766,0.4479224215905213,0.47196451179202964,0.4283159948522477,0.44937083405102357,0.42587457021833447,0.444986784880317,0.4412965699292311,0.4600383684515876,0.5206214659462466,0.548798042550391,0.7033201610044163,0.7418976033043746,0.8110880292123358,0.8517463310157842,0.2346641172612189,0.21090675105485235,0.5736407405901451,0.6581785326188765,3.5317197925357875e+18,1.252999095510113e+18,24.99128864805773,8.866519404464102,0.15398992680936013,0.05845591657765285,0.7896219676194242,0.21427646203718081,0.9590306992826778,0.6877,0.48055,0.04253936073232936,0.2138052927148292,0.004714962183318248,9.022206134088533,85.32967671880311,30.273638348885868,21,0.0009615384615384616,13,3.008471965789795,0.3974151849087403
S1,3,37,1,SINE,hyb,sample,5000,10,1003,1.4910749418155758e-19,0.7902076870620939,1.25,7.07e-06,10100.0,3.16e-11,1,0.1,0.45558587681631824,0.0012308109244810151,0.480221620775955,0.0025859904389881534,0.45632212609990397,0.46857630372958675,0.4886616512869912,0.46820920538034494,0.4883753679005506,0.4655306837243057,0.48632079350256835,0.459368583012765,0.4819437831347691,0.4563226101539781,0.4801639813814506,0.45558587681631824,0.480221620775955,0.4560790113732076,0.48120486978668114,0.4571533524984893,0.4823403827624593,0.4614673618259378,0.48669384202625643,0.5283832720630137,0.546922747060839,8.800166234099242,0.21090675105485235,0.5736407405901451,0.9877596088276174,3.5317197925357875e+18,1.252999095510113e+18,0.6664145351132751,0.23643348249102772,0.8188002746240637,0.6075271510694206,0.17678532938572264,0.10987317910423788,0.331423474008031,0.0,0.0,0.01950702334943214,0.10962061198236399,0.004860027765173887,4.013767881989497,85.32967671880311,30.273638348885868,21,0.0009615384615384616,13,2.0179309844970703,0.3974151849087403
S1,3,38,1,SINE,hyb,sample,5000,10,1003,1.0019155634972726e-18,0.1764836158113665,1.25,7.07e-06,10100.0,3.16e-11,2,0.01,0.6376014186474006,0.013801858511626141,0.6646474388540258,0.027576147981088636,0.6289415527294475,0.6708458589703017,0.6930288767162195,0.669669249509414,0.6919180206885953,0.6613944341392496,0.6841817706695695,0.6442286706384702,0.6690468715944539,0.6376014186474006,0.6646474388540258,0.6452458130705757,0.6780595237220302,0.6896178844958017,0.7341807395564072,0.7223901551462235,0.7706681247793327,0.7427385760985161,0.786807242155196,0.79920057751058,0.841532456721168,0.29249764096679975,0.21090675105485235,0.5736407405901451,0.22060451976420814,3.5317197925357875e+18,1.252999095510113e+18,20.049935002663666,7.113404205075977,0.5587049011125558,0.21534502094707472,0.7648165909017424,0.22217345072769587,0.9412106679442283,0.6474,0.4067,0.021471700931221964,0.22205867207211097,0.0049592800788675236,4.329600383474436,85.32967671880311,30.273638348885868,21,0.0009615384615384616,13,2.202200174331665,0.3974151849087403
S1,3,39,1,SINE,hyb,sample,5000,10,1003,1.177148135542065e-19,2.5423084054357776,1.25,7.07e-06,10100.0,3.16e-11,3,0.1,0.4438963817463675,0.0023315173953885908,0.45698925896717285,0.002659012262997477,0.4411733436619058,0.483342523082226,0.5030458872802543,0.48165891904877134,0.5012408552269495,0.47086228708948746,0.4895511821796159,0.45270763335492303,0.46852621915280135,0.44589054215727586,0.4590574489370319,0.4438963817463675,0.45698925896717285,0.444773957271405,0.45883196699425033,0.448338103744474,0.46304371617647205,0.46311773111729443,0.47816552298694975,0.6353452830538727,0.6289653098799344,35.86296661028605,0.21090675105485235,0.5736407405901451,3.177885506794722,3.5317197925357875e+18,1.252999095510113e+18,0.1635268703101305,0.05801678293483041,0.29741933403851495,0.27044897287002473,0.053440182991729035,0.03630331520619875,0.11602966339952504,0.0,0.0,0.01656264905402688,0.03570178039368555,0.0028887061287568316,5.733587397190414,85.32967671880311,30.273638348885868,21,0.0009615384615384616,13,2.1180129051208496,0.3974151849087403
S1,3,40,1,SINE,hyb,sample,5000,10,1003,3.2980599692757434e-19,9.268354515143415,1.25,7.07e-06,10100.0,3.16e-11,2,0.1,0.441783703394006,0.00179334544841865,0.45579665384271906,0.002661658253186867,0.4390566092290351,0.4691092270787469,0.48383329932464114,0.4687383257223977,0.48347734474404314,0.465567363101446,0.48042865528656636,0.45332505324701444,0.46855065879420843,0.4439177314434889,0.4588100910408935,0.441783703394006,0.45579665384271906,0.44327180423061635,0.4566160755940003,0.4454816069237017,0.4584321203085165,0.4922872894897298,0.5040885569120841,0.7761501775138754,0.7527388739198684,46.665205921627056,0.21090675105485235,0.5736407405901451,11.585443143929268,3.5317197925357875e+18,1.252999095510113e+18,0.1256730485592661,0.04458683741206325,0.08263096043478543,0.07667876009234434,0.04174939163612237,0.02979142810036765,0.10482040320309757,0.0,0.0,0.02514246084769608,0.028058811671246423,0.0025606223522710906,9.818886734858227,85.32967671880311,30.273638348885868,21,0.0009615384615384616,13,2.652451992034912,0.3974151849087403
S1,3,41,1,SINE,hyb,sample,5000,10,1003,2.7788859991470336e-18,0.11426775493418799,1.25,7.07e-06,10100.0,3.16e-11,1,0.001,0.662341416773233,0.010050665621004687,0.6986475009778719,0.015669143507311575,0.6517201430213719,0.676507888064922,0.709380171882305,0.67581957797543,0.7087910911172723,0.671119837489049,0.704875501539254,0.662341416773233,0.6986475009778719,0.6624951601116394,0.701282494362099,0.6978973275517782,0.739675673530113,0.7796541235322549,0.822367695399579,0.8195236538496022,0.8575437275650403,0.8767299479330012,0.9078970400389924,0.9182233517875729,0.9484489821679037,0.06828134412304353,0.21090675105485235,0.5736407405901451,0.142834693667735,3.5317197925357875e+18,1.252999095510113e+18,85.88815532466388,30.47177784723572,0.22245645661175956,0.080576002068503,0.9062118137081848,0.1286122820231747,0.9872726846214871,0.8487,0.7569,0.014164297261075105,0.1285173290858184,0.003284655701063187,4.312262395261203,85.32967671880311,30.273638348885868,21,0.0009615384615384616,13,2.022902011871338,0.3974151849087403
S1,3,42,1,SINE,hyb,sample,5000,10,1003,5.884050149901615e-19,0.20964676884117964,1.25,7.07e-06,10100.0,3.16e-11,2,0.01,0.6274753103357729,0.009448939486394883,0.6661513570063329,0.019308297894282234,0.6197506863660979,0.662502644153518,0.6943107799304098,0.6612778188905132,0.6931917869618542,0.6526478193723617,0.6854533086185989,0.6348860633075943,0.6708972313031512,0.6274753103357729,0.6661513570063329,0.6290663313567572,0.6716371284592355,0.6450149858889241,0.6938392797331611,0.6561857371311345,0.7067188816830164,0.6666998479929519,0.7143910715991901,0.7200668263430363,0.7662095608249677,0.5916446004005667,0.21090675105485235,0.5736407405901451,0.26205846105147457,3.5317197925357875e+18,1.252999095510113e+18,9.912299860163097,3.5167293808129956,0.8448463712848303,0.34969185931061864,0.6615290330906096,0.24491978071459236,0.883239478327222,0.4533,0.0,0.02229971151746577,0.2448065163409625,0.005661555151359133,3.9387961295603424,85.32967671880311,30.273638348885868,21,0.0009615384615384616,13,2.223011016845703,0.3974151849087403
S1,3,43,1,SINE,hyb,sample,5000,10,1003,3.425144744597796e-19,0.29659783499393405,1.25,7.07e-06,10100.0,3.16e-11,3,0.1,0.5523967949722512,0.0020857797281267324,0.595914956750037,0.011745385336217546,0.5530972452617254,0.6019693818853211,0.6275799233981596,0.6003376705752889,0.6262082543409001,0.5889385323630929,0.6169144713093543,0.5648096571522894,0.5997434801957539,0.5536312662327061,0.5942191578856619,0.5523967949722512,0.595914956750037,0.5579091856293187,0.6037325795464192,0.562409104385914,0.608730429626939,0.5698763758871036,0.6151811710984324,0.6157493298439981,0.6617643941602493,1.437931325452478,0.21090675105485235,0.5736407405901451,0.37074729374241755,3.5317197925357875e+18,1.252999095510113e+18,4.078469246764182,1.4469772738091728,1.1022803730269293,0.5311157538034492,0.500528889043074,0.23493203329428755,0.7519862782135761,0.0,0.0,0.022916417262312277,0.23479890421917823,0.00614749256391911,3.7277665688956523,85.32967671880311,30.273638348885868,21,0.0009615384615384616,13,2.282670736312866,0.3974151849087403
S1,3,44,1,SINE,hyb,sample,5000,10,1003,3.513508744283074e-18,1.81019480671488,1.25,7.07e-06,10100.0,3.16e-11,5,0.1,0.3979415173919634,0.007021035602144234,0.41050784731176926,0.013569889713817571,0.3867519845735121,0.4625134504032647,0.47942573271191014,0.46206636689702646,0.479003546418385,0.4579476069792041,0.47510360176536437,0.43535990361650123,0.4531781181326525,0.40683016927700405,0.4219217105653647,0.3979415173919634,0.41050784731176926,0.4016297480795511,0.4134886111037252,0.42800194801242836,0.44434572006648504,0.5346562305948732,0.5713900997407352,0.6562812811282662,0.702128247478933,0.85552631700042,0.21090675105485235,0.5736407405901451,2.2627435083936,3.5317197925357875e+18,1.252999095510113e+18,6.854913254309521,2.4320163014073772,0.12877018818911595,0.05626305099650526,0.5940408855771321,0.24812183320650374,0.8659715539213136,0.21185,0.0,0.09259816845269762,0.24608610836715766,0.0059263408239347065,15.624846967748041,85.32967671880311,30.273638348885868,21,0.0009615384615384616,13,4.18067193031311,0.3974151849087403
S1,3,45,1,SINE,hyb,sample,5000,10,1003,9.22091968511037e-20,0.1582659742266378,1.25,7.07e-06,10100.0,3.16e-11,3,0.1,0.5022407797321735,0.0019944657971851213,0.5379482526505373,0.003051564257579062,0.5036341975469412,0.5496786836916594,0.5718188262528016,0.545613967140185,0.5683959073052747,0.526771605167371,0.5532033802867058,0.5084009585842183,0.5403352148630335,0.5034786907840616,0.5374589288446315,0.5022407797321735,0.5379482526505373,0.502354888330042,0.5395109904861246,0.5045814586849936,0.5419479048014366,0.5181843496654644,0.5557219594408641,0.5592938809987841,0.5992604285749011,2.8501151965571587,0.21090675105485235,0.5736407405901451,0.19783246778329724,3.5317197925357875e+18,1.252999095510113e+18,2.057656720998847,0.7300245097957426,2.921797920030084,1.653155496366844,0.3668459478662865,0.19518995661170643,0.5949350721724546,0.0,0.0,0.010694600718814782,0.19515603728606865,0.00605556884581355,1.766076976601195,85.32967671880311,30.273638348885868,21,0.0009615384615384616,13,1.739509105682373,0.3974151849087403
S1,3,46,1,SINE,hyb,sample,5000,10,1003,2.8178279749923517e-19,0.19891008851039393,1.25,7.07e-06,10100.0,3.16e-11,2,0.1,0.578557937887026,0.0014975934815900616,0.6250384452672699,0.0049519933304646374,0.5803293293046572,0.6131005356619966,0.6479775716825189,0.6116767012608577,0.6468256066706048,0.6022978073537596,0.6394574438073981,0.5854396959297746,0.6277894759681346,0.5789286746885589,0.6242281877336618,0.578557937887026,0.6250384452672699,0.5813121667397605,0.6288409312929263,0.583553063007221,0.6311004808264636,0.5910740734943636,0.6371121595032523,0.6395211485320849,0.6854210199547722,1.1721722396038505,0.21090675105485235,0.5736407405901451,0.24863761063799242,3.5317197925357875e+18,1.252999095510113e+18,5.003154392906271,1.7750411406528601,1.4493182145960362,0.6699673885039701,0.5403579863520708,0.24057206481154234,0.7859559397827973,0.0,0.0,0.018000485844736524,0.2404953543022668,0.006102087298465517,2.9498899252495256,85.32967671880311,30.273638348885868,21,0.0009615384615384616,13,2.059285879135132,0.3974151849087403
S1,3,47,1,SINE,hyb,sample,5000,10,1003,5.927583726931976e-18,0.21540021152714783,1.25,7.07e-06,10100.0,3.16e-11,2,0.01,0.514639244018868,0.008902864050571183,0.5509013140706384,0.012807134255222188,0.5066712760445649,0.5432952828268724,0.5746303387130057,0.5426957903812957,0.5740924111770228,0.5379177179279266,0.5698627161351875,0.5234183081804842,0.5577535945014788,0.514639244018868,0.5509013140706384,0.5203300740470306,0.5584636846318082,0.5788697881593189,0.6165246071433701,0.7611723879511347,0.7968316399828224,0.8739724267062055,0.9043095433497793,0.9225039148251426,0.9526770170543815,0.060341697864716465,0.21090675105485235,0.5736407405901451,0.2692502644089348,3.5317197925357875e+18,1.252999095510113e+18,97.1891560453748,34.481196632762554,0.10467563476828916,0.037825121728886205,0.9130265786642078,0.12317059319902632,0.9894965990907902,0.8619,0.773,0.018763635929856404,0.12299365904079443,0.0031560119691511146,5.945362727791979,85.32967671880311,30.273638348885868,21,0.0009615384615384616,13,2.4293391704559326,0.3974151849087403
S1,3,48,1,SINE,hyb,sample,5000,10,1003,6.497788240466443e-20,0.5883247979528973,1.25,7.07e-06,10100.0,3.16e-11,1,0.1,0.4524366054232212,0.0020746358871357395,0.46889772698737237,0.0019570108518453884,0.4532156095773491,0.4629743366407536,0.4796389108888624,0.4623547728734113,0.47900065632346933,0.4588285082823507,0.47539271177770803,0.45415863120113925,0.47060544490618933,0.45272151854972087,0.4689403489039945,0.4524366054232212,0.46889772698737237,0.4531812591957379,0.47038124823375443,0.4544307189074025,0.4719643008132974,0.4635403151234705,0.4805787695306404,0.5909363654066231,0.5910291946783486,15.034905340618128,0.21090675105485235,0.5736407405901451,0.7354059974411216,3.5317197925357875e+18,1.252999095510113e+18,0.39006289410902795,0.13838823072646594,1.1944897723920953,0.9782241540127338,0.11534768115999174,0.07440073562629518,0.22119888484716732,0.0,0.0,0.009758527954558218,0.0743072313907423,0.00409111677933968,2.385296847022117,85.32967671880311,30.273638348885868,21,0.0009615384615384616,13,1.8565990924835205,0.3974151849087403
S1,3,49,1,SINE,hyb,sample,5000,10,1003,4.744660201818392e-19,2.4163239700210495,1.25,7.07e-06,10100.0,3.16e-11,2,0.1,0.4526308925298143,0.002865355602328734,0.4743068656852551,0.005799097862487888,0.44992898332553877,0.4780172420359827,0.49270280818457096,0.47772329054903934,0.49245400646975745,0.4751546321445691,0.490299777258887,0.4643482544734855,0.4817201199679107,0.4551960740095268,0.47531125832430926,0.4526308925298143,0.4743068656852551,0.4532280926196707,0.4774106573394315,0.4559374668749855,0.48167153953823566,0.45982490806124565,0.48617689209166065,0.5005666774246488,0.5265017161011826,8.456665346932128,0.21090675105485235,0.5736407405901451,3.020404962526312,3.5317197925357875e+18,1.252999095510113e+18,0.6934835953919245,0.24603716286146377,0.26570751001449133,0.19550318221583848,0.1816797273466231,0.11395243045785573,0.3642525210697684,0.0,0.0,0.05164455341511304,0.11220013149732203,0.004902312811812704,10.534732359524135,85.32967671880311,30.273638348885868,21,0.0009615384615384616,13,2.880718946456909,0.3974151849087403
S1,3,50,1,SINE,hyb,sample,5000,10,1003,1.394254387340657e-17,0.8500837657358015,1.25,7.07e-06,10100.0,3.16e-11,5,0.1,0.4513473666539884,0.007355386375019353,0.4858131538055985,0.010583721729439787,0.448505525278143,0.5124894581074366,0.5542617521372424,0.5119016784726236,0.5536719528492136,0.5066061268431021,0.5483555708830137,0.48066765128084477,0.5221372134416977,0.4532441789488476,0.49214950880862995,0.4513473666539884,0.4858131538055985,0.4745274942787424,0.5101486167877615,0.5384021644933572,0.576188659441385,0.7031589460607606,0.736016877462591,0.860921762631952,0.8947019515727433,0.10124388463047843,0.21090675105485235,0.5736407405901451,1.0626047071697517,3.5317197925357875e+18,1.252999095510113e+18,57.92506590616658,20.550909882824445,0.043667934850863746,0.015970855768555496,0.8735916629101703,0.16144640600102322,0.9829584203830078,0.80675,0.68815,0.04049272306343777,0.16077399680206378,0.0037538958496208864,10.786853094905979,85.32967671880311,30.273638348885868,21,0.0009615384615384616,13,3.6651971340179443,0.3974151849087403
S1,3,51,1,SINE,hyb,sample,5000,10,1003,6.505128880382593e-19,0.742234122886698,1.25,7.07e-06,10100.0,3.16e-11,2,0.1,0.5087592265808737,0.0060568011926320905,0.53874555540989,0.015422713013682955,0.5069738932381984,0.5368218711451523,0.5577713382683366,0.5363953355488615,0.5573976821325497,0.5328027262608169,0.5542648600779684,0.5198540725517127,0.5433555956213887,0.510458983909028,0.5367866856716548,0.5087592265808737,0.53874555540989,0.5185242920453085,0.5567821523556254,0.5335337898676759,0.5775637415559239,0.5416824642655087,0.5859233033158046,0.5845735875574121,0.6294013277707136,1.894672312734236,0.21090675105485235,0.5736407405901451,0.9277926536083725,3.5317197925357875e+18,1.252999095510113e+18,3.0952891697422533,1.0981603178786137,0.5137009886700673,0.26318703881669536,0.44560273373272224,0.22284161280411546,0.7091534094658501,0.0,0.0,0.04485685563964647,0.22225624097004448,0.0061491169075407245,7.294845148355864,85.32967671880311,30.273638348885868,21,0.0009615384615384616,13,2.636145830154419,0.3974151849087403
S1,3,52,1,SINE,hyb,sample,5000,10,1003,7.647364303988908e-19,1.6513836063685357,1.25,7.07e-06,10100.0,3.16e-11,4,0.1,0.4567879626525978,0.004959066635547544,0.47555030430929623,0.018375508780141103,0.44982776508933664,0.5139388321275395,0.5205438049663647,0.5132097462554494,0.519898196528479,0.5069567487549927,0.5143997014787318,0.48238244702204325,0.4938464190540891,0.46212601848360996,0.47873628782394534,0.4567879626525978,0.47555030430929623,0.46093804624103285,0.4860636470246744,0.4786826276922498,0.5126813334959723,0.49266736474710926,0.5290597158926129,0.530535892734122,0.5699108428972977,3.5857935940557333,0.21090675105485235,0.5736407405901451,2.0642295079606696,3.5317197925357875e+18,1.252999095510113e+18,1.635498122239558,0.580249223680134,0.3065606670564437,0.18381430517398603,0.3214183403536092,0.1808496344273822,0.5744914774868511,0.0,0.0,0.0646664854939784,0.1792392920030718,0.00586108923825509,11.033185618792986,85.32967671880311,30.273638348885868,21,0.0009615384615384616,13,3.1056270599365234,0.3974151849087403
S1,3,53,1,SINE,hyb,sample,5000,10,1003,4.3147915857149395e-18,5.6006379218763325,1.25,7.07e-06,10100.0,3.16e-11,4,0.1,0.40057914957942564,0.003604238214892505,0.4084385920193577,0.014372890053259214,0.38371865830478197,0.45003073738073285,0.4556048363131409,0.44988846960292417,0.45546831014113814,0.44851462397778635,0.4541518615514658,0.4383114204314942,0.44448823423333517,0.41315744146678846,0.42134408724778316,0.40057914957942564,0.4084385920193577,0.40335227094873033,0.40904271290993116,0.42226969902312234,0.4344751825747798,0.4868562122327984,0.5198759471483376,0.5621649910227247,0.6048911031851361,2.155394504142665,0.21090675105485235,0.5736407405901451,7.000797402345416,3.5317197925357875e+18,1.252999095510113e+18,2.7208748461337886,0.9653239558832607,0.07268057297417614,0.038389055558235206,0.4159970001054454,0.21745356620257203,0.7255594002345009,0.0,0.0,0.1312213120398974,0.21252020481722425,0.006099225996131758,21.5144203745066,85.32967671880311,30.273638348885868,21,0.0009615384615384616,13,5.9576098918914795,0.3974151849087403
S1,3,54,1,SINE,hyb,sample,5000,10,1003,7.5838982296139975e-19,2.6284660705648797,1.25,7.07e-06,10100.0,3.16e-11,3,0.1,0.45237325405196815,0.0031479461631469894,0.4711185202496132,0.011584171090467617,0.4465233573180433,0.48955891425088466,0.5029199577595602,0.4891997205820662,0.5025999040529336,0.4859957885564107,0.4997514476475427,0.4711075757541738,0.4867262852115314,0.4563988201529187,0.4741435910861337,0.45237325405196815,0.4711185202496132,0.45450557749056897,0.47796466011599537,0.46317008211910266,0.4921556124428199,0.4714949131850033,0.5020758051711128,0.5048872026244691,0.5379400914066823,5.755180864466932,0.21090675105485235,0.5736407405901451,3.2855825882060996,3.5317197925357875e+18,1.252999095510113e+18,1.0190051065163157,0.3615271176053223,0.22354312408793664,0.15074752630274127,0.23865478327268982,0.14407939877264106,0.46434771062212543,0.0,0.0,0.06948855772608009,0.1416464670325775,0.005389981564572715,12.892169832790275,85.32967671880311,30.273638348885868,21,0.0009615384615384616,13,3.2597789764404297,0.3974151849087403
S1,3,55,1,SINE,hyb,sample,5000,10,1003,1.3684831875798246e-17,2.7107118931278866,1.25,7.07e-06,10100.0,3.16e-11,3,0.1,0.41783578497702667,0.0054972834114295184,0.4390471258849935,0.008505285033056038,0.40794373984198035,0.45097539794891545,0.4679767207514807,0.45088475694845503,0.4678992752620844,0.450005781835764,0.46714851625481935,0.4432793059967497,0.46141577497044295,0.42544871089367914,0.4461139378030389,0.41783578497702667,0.4390471258849935,0.42950729727099335,0.45268526362110323,0.4612751874174899,0.49229766770279343,0.5785126092784243,0.6165443934127486,0.7387810511940552,0.7798071070626486,0.32892205320783835,0.21090675105485235,0.5736407405901451,3.388389866409858,3.5317197925357875e+18,1.252999095510113e+18,17.829630554176028,6.325674818505766,0.04028644902917662,0.015673458081449317,0.7437983990644516,0.23196990489735653,0.9466892955719042,0.61185,0.29345,0.08699413723740071,0.2300388016958968,0.005096991192189977,17.06774329347482,85.32967671880311,30.273638348885868,21,0.0009615384615384616,13,5.571425914764404,0.3974151849087403
S1,3,56,1,SINE,hyb,sample,5000,10,1003,7.691874306584479e-20,0.710916281919193,1.25,7.07e-06,10100.0,3.16e-11,2,0.1,0.44979589751405963,0.002047578247930707,0.46753256116675396,0.003601674544048045,0.4488479722213377,0.47603652100036503,0.4885103300694401,0.474501685421045,0.48716356062615385,0.46584633621508376,0.4797188597264935,0.4544506401266351,0.4701938017182828,0.450777739305956,0.46712780528899156,0.44979589751405963,0.46753256116675396,0.4501247865198101,0.4693312959706152,0.45280026758057756,0.4726224018920595,0.45801446725687905,0.4784271694443432,0.5288641106992441,0.5426537960906165,15.347420050874316,0.21090675105485235,0.5736407405901451,0.8886453523989912,3.5317197925357875e+18,1.252999095510113e+18,0.38212016549861055,0.1355702745041832,0.9909631623914981,0.8141899224330349,0.1133664692954659,0.07326637218691467,0.21904310875469246,0.0,0.0,0.011390249757354266,0.073135025604821,0.004060325201166033,2.805255538172964,85.32967671880311,30.273638348885868,21,0.0009615384615384616,13,1.830491065979004,0.3974151849087403
S1,3,57,1,SINE,hyb,sample,5000,10,1003,1.0902341445505999e-18,0.47351106329957127,1.25,7.07e-06,10100.0,3.16e-11,4,0.1,0.49512982214226053,0.013006413262167598,0.5068693381775496,0.03149248755011329,0.4915357585255517,0.5591300315503558,0.5640659341072586,0.5577631000862916,0.5628303128995313,0.5469231359830824,0.5530492739476756,0.5151134462708524,0.5243835796093704,0.49743451082538775,0.5075499270457134,0.49512982214226053,0.5068693381775496,0.5198735173584648,0.5449828794543305,0.602084317674123,0.6467411517765751,0.6418412749938425,0.6891829456369347,0.6961933331927572,0.743507709838716,0.7212061952729213,0.21090675105485235,0.5736407405901451,0.591888829124464,3.5317197925357875e+18,1.252999095510113e+18,8.131597770867042,2.8849640544763604,0.43488342121586215,0.18501761703756125,0.6270129463274613,0.24814527307216447,0.8689075120186771,0.359,0.0,0.04052924604572161,0.24775822497490904,0.005808746461317661,6.977279231520792,85.32967671880311,30.273638348885868,21,0.0009615384615384616,13,2.7629621028900146,0.3974151849087403
S1,3,58,1,SINE,hyb,sample,5000,10,1003,4.2401489345803076e-19,1.5360601014252575,1.25,7.07e-06,10100.0,3.16e-11,4,0.1,0.457063421955269,0.002639253445023917,0.4814975322494143,0.010239074287775422,0.45199046189324443,0.5146978463497168,0.5258611175222605,0.5136992991185096,0.5249964796010635,0.5056174349480218,0.5180410561154332,0.4795536194215758,0.4966687569093887,0.46139133894256934,0.48395179349430795,0.457063421955269,0.4814975322494143,0.4583784816314084,0.48534076432985973,0.46214284560927676,0.49101591675247186,0.4711806341657126,0.5010730925281202,0.5041303310721651,0.5371958541409095,6.015561828834982,0.21090675105485235,0.5736407405901451,1.9200751267815719,3.5317197925357875e+18,1.252999095510113e+18,0.974897915886364,0.3458785743427379,0.3869687538055014,0.2637163928815963,0.23216036625897102,0.13968244516195483,0.43670368031877055,0.0,0.0,0.04572245260159612,0.13859451783727914,0.0053480892077977125,8.549306270907202,85.32967671880311,30.273638348885868,21,0.0009615384615384616,13,2.811099052429199,0.3974151849087403
S1,3,59,1,SINE,hyb,sample,5000,10,1003,6.1216826716917615e-18,0.3202352591910906,1.25,7.07e-06,10100.0,3.16e-11,2,0.01,0.49122850983897254,0.0061846690709151855,0.5269343883260375,0.010891383488461519,0.4803252161690791,0.5178791317906681,0.5518244407692655,0.5174437335569874,0.5514221737353306,0.5137775211823054,0.5480415345578181,0.5005440861791786,0.5359451031123902,0.49122850983897254,0.5269343883260375,0.4949218354771574,0.5306100615063201,0.5279144388088532,0.56371182492379,0.699694122849126,0.7365711841871743,0.8346551947689054,0.8675892062575968,0.8988646316474069,0.9315992879278484,0.0868655216371078,0.21090675105485235,0.5736407405901451,0.40029407398886324,3.5317197925357875e+18,1.252999095510113e+18,67.51307744765245,23.952586826338806,0.1001164089801837,0.036462577377698535,0.8870163794992596,0.14936648301431144,0.9849814936648177,0.82505,0.7182,0.02556927162677158,0.14910409635515537,0.0035681298156652287,7.166014956774924,85.32967671880311,30.273638348885868,21,0.0009615384615384616,13,2.596234083175659,0.3974151849087403
S1,3,60,1,SINE,hyb,sample,5000,10,1003,5.114542917120765e-19,0.23154104310789672,1.25,7.07e-06,10100.0,3.16e-11,1,0.01,0.6210089844288599,0.00420793685996348,0.6661536931297525,0.009870430281553608,0.6183469304748359,0.6363270631028746,0.679149458829744,0.6358464434240239,0.6786897421308272,0.6323450402565369,0.6753773485985505,0.624550333742695,0.668456212603446,0.6210089844288599,0.6661536931297525,0.6218808443920607,0.6693720183084028,0.6286057343650345,0.6790198054374758,0.631815707704977,0.6825611881979147,0.6395410160084991,0.6875764280108677,0.6925633543433004,0.7382134592853274,0.7517444940149044,0.21090675105485235,0.5736407405901451,0.2894263038848709,3.5317197925357875e+18,1.252999095510113e+18,7.801265904184348,2.767767460611138,0.9170181054307717,0.3925697753081959,0.621021242105377,0.24693475193688305,0.8551610470803912,0.3455,0.0,0.02285601285172163,0.2468152749160846,0.005848616265515127,3.9079351104784004,85.32967671880311,30.273638348885868,21,0.0009615384615384616,13,2.1158840656280518,0.3974151849087403
S1,3,61,1,SINE,hyb,sample,5000,10,1003,5.8833752159818025e-18,7.578027848697337,1.25,7.07e-06,10100.0,3.16e-11,2,0.1,0.40484668563580894,0.004215210819916403,0.4098269361679396,0.006467583932104933,0.39497599882802736,0.4267772906347944,0.4320582598656239,0.4267404408871731,0.43202095709148924,0.42637877567788907,0.43165486988403634,0.4233327965983015,0.4285734869631894,0.4123527801120133,0.4174835507483799,0.40484668563580894,0.4098269361679396,0.40825968782799127,0.4140165029430262,0.43897895342394044,0.4579091194909107,0.49886625342148594,0.5352636377725666,0.5656430442995227,0.6081203248694058,2.1388422177648563,0.21090675105485235,0.5736407405901451,9.472534810871672,3.5317197925357875e+18,1.252999095510113e+18,2.741931424911464,0.972794501598333,0.053512093432210514,0.028212265727071407,0.41705699928041934,0.21820053426248698,0.7297733613471673,0.0,0.0,0.13862063416726614,0.21279541829886933,0.006097212364323959,22.73508381934733,85.32967671880311,30.273638348885868,21,0.0009615384615384616,13,6.618691921234131,0.3974151849087403
S1,3,62,1,SINE,hyb,sample,5000,10,1003,3.147595081122446e-18,3.927737103738471,1.25,7.07e-06,10100.0,3.16e-11,5,0.1,0.40316914213718275,0.0054674323572018214,0.4099994071059799,0.019431103571076556,0.3835583540840113,0.4743742382125937,0.46953429109982886,0.47405317463400565,0.4692665200771948,0.4710153553100084,0.46673732273684276,0.45142008440844084,0.4506108243864653,0.4171972612571474,0.42272086505322903,0.40316914213718275,0.4099994071059799,0.4049036801364957,0.41133542999755957,0.4262058957295777,0.4392159265201519,0.49026422931923647,0.5238702919184606,0.5676391716685754,0.6109476522152468,2.0721092574652764,0.21090675105485235,0.5736407405901451,4.909671379673089,3.5317197925357875e+18,1.252999095510113e+18,2.8302362284654117,1.0041236685430444,0.10163026514091619,0.053176777530199414,0.4243785063932991,0.21930495285376211,0.7289297331267895,0.0,0.0,0.12022912685728958,0.21514502966378785,0.006114219144570477,19.663856334631863,85.32967671880311,30.273638348885868,21,0.0009615384615384616,13,5.14954686164856,0.3974151849087403
S1,3,63,1,SINE,hyb,sample,5000,10,1003,4.6305283143432785e-18,1.8809410760315066,1.25,7.07e-06,10100.0,3.16e-11,4,0.1,0.40374267493152766,0.0037247585127009337,0.4194795955467653,0.009629525345938876,0.39279006631475455,0.45097882890490704,0.4639021303924832,0.4507391669935828,0.4636794830928622,0.44848591179649244,0.46158961290839107,0.43450679870813236,0.44875637932921686,0.4116643320290284,0.4278533466115636,0.40374267493152766,0.4194795955467653,0.4097619786827364,0.42546765970323464,0.43141255731843364,0.4515028689250948,0.5455786623475435,0.5828410239671322,0.6795926861976159,0.7245238287442998,0.6745183114694548,0.21090675105485235,0.5736407405901451,2.3511763450393834,3.5317197925357875e+18,1.252999095510113e+18,8.694439557972416,3.084651541475991,0.10412614335262464,0.04387247033826506,0.6350996494689678,0.24848051646705938,0.8931423300403486,0.36725,0.0,0.09201511104063567,0.24651181334010702,0.005763698088396681,15.964595929456815,85.32967671880311,30.273638348885868,21,0.0009615384615384616,13,4.337166786193848,0.3974151849087403
S1,3,64,1,SINE,hyb,sample,5000,10,1003,2.965375167827363e-19,2.2212325017803862,1.25,7.07e-06,10100.0,3.16e-11,4,0.1,0.4451364676009195,0.0023045773319488377,0.4642631214218869,0.005748321777330582,0.44126573725794316,0.49949956652440825,0.5094551322669745,0.4983032954644466,0.5084199408753127,0.4890367861880538,0.500424750086053,0.46307172444591804,0.4784385608756258,0.4482356249844591,0.466413363161712,0.4451364676009195,0.4642631214218869,0.4451801875194435,0.4653465061194725,0.44860125028679587,0.4695483076670478,0.4578012853867657,0.47977189914094726,0.4933397377784762,0.5163178549663359,12.438369979286763,0.21090675105485235,0.5736407405901451,2.776540627225483,3.5317197925357875e+18,1.252999095510113e+18,0.4714893269441943,0.1672770590272589,0.3085474895330127,0.24475910192313477,0.1345988599362391,0.08687961841342659,0.27559340680059813,0.0,0.0,0.036640564043265926,0.08569702602917677,0.0043575050724852,8.408610760920777,85.32967671880311,30.273638348885868,21,0.0009615384615384616,13,2.749220848083496,0.3974151849087403
S1,3,65,1,SINE,hyb,sample,5000,10,1003,1.0181139037872357e-19,2.4879445895673262,1.25,7.07e-06,10100.0,3.16e-11,4,0.1,0.4429359439119683,0.0025574738630963685,0.4553118656020856,0.003575133269146312,0.4400343379215069,0.510000803860247,0.5006751722533768,0.5068091205493471,0.4979549328770413,0.48795018186896655,0.48236546458846474,0.4582655067955419,0.4611249840154478,0.44614542456895717,0.4555400044030874,0.4429359439119683,0.4553118656020856,0.4435651950443421,0.4574879490529691,0.44931524293229214,0.4640942959016717,0.46407353855586103,0.479114343805202,0.626914165970398,0.621116119207033,40.57826116088192,0.21090675105485235,0.5736407405901451,3.109930736959158,3.5317197925357875e+18,1.252999095510113e+18,0.14452464255590905,0.05127508891962624,0.30586720167333487,0.28094682952274214,0.04766517865514694,0.03246807257746941,0.1035975760084867,0.0,0.0,0.014555525324846748,0.03194780692223745,0.002737755102298201,5.316591433845983,85.32967671880311,30.273638348885868,21,0.0009615384615384616,13,2.117656707763672,0.3974151849087403
S1,3,66,1,SINE,hyb,sample,5000,10,1003,1.1757551178472285e-17,4.829768906803664,1.25,7.07e-06,10100.0,3.16e-11,4,0.1,0.3997155792088793,0.004549407385553772,0.4060999233773465,0.010271557101068364,0.37928542675608073,0.4471618490712517,0.44804900629716277,0.44706394575960706,0.4479556901425486,0.4461084278082379,0.4470452031949219,0.43841579958319626,0.4397350727681835,0.4144900212147049,0.4174759048393524,0.3997155792088793,0.4060999233773465,0.40435366811306067,0.416719463426143,0.42290362059598535,0.44409543954805575,0.49722726496793224,0.5306123528910747,0.6463173060063276,0.6892792791768,0.6821165252381308,0.21090675105485235,0.5736407405901451,6.03721113350458,3.5317197925357875e+18,1.252999095510113e+18,8.597590694301735,3.0502910752699743,0.04089567687389724,0.017258434990128704,0.6313741684713543,0.2496030742296355,0.8953318976667076,0.35,0.0,0.1182637390297047,0.24640967101366365,0.005769382966030013,20.498507331899916,85.32967671880311,30.273638348885868,21,0.0009615384615384616,13,7.191220998764038,0.3974151849087403
S1,3,67,1,SINE,hyb,sample,5000,10,1003,6.701625406383144e-19,0.19481938529862625,1.25,7.07e-06,10100.0,3.16e-11,1,0.01,0.6573132860594499,0.006021040112625694,0.7003478590490249,0.01245008713735347,0.6544904169739085,0.6723148274334952,0.7135317359009266,0.6718341914131847,0.7130445199144297,0.6683571768917482,0.7095550247985631,0.6605975227079923,0.7023859395340735,0.6573132860594499,0.7003478590490249,0.660488623577944,0.7064637741337346,0.672964491721576,0.7230378431816231,0.6783395805403545,0.7288319888791946,0.6893095204875774,0.7361378129931448,0.7450167983997736,0.7892214432673361,0.4827264741222806,0.21090675105485235,0.5736407405901451,0.2435242316232828,3.5317197925357875e+18,1.252999095510113e+18,12.148823410773247,4.310213051834777,0.7732961936098324,0.31229923864340653,0.6938712899180978,0.24070643946623252,0.9034375344094903,0.5219,0.0313,0.021867984807422466,0.24059628899572452,0.00547846348056407,3.991627375997569,85.32967671880311,30.273638348885868,21,0.0009615384615384616,13,2.182751178741455,0.3974151849087403
S1,3,68,1,SINE,hyb,sample,5000,10,1003,6.488434453564594e-20,0.9420281860919573,1.25,7.07e-06,10100.0,3.16e-11,2,0.1,0.44866501804679115,0.002023416265685379,0.461182404834574,0.0027094977676169543,0.44823395049142417,0.4732052862928492,0.48179099622613997,0.4716225998609905,0.4803694506359745,0.46308778387855687,0.472942549765963,0.4526313248316464,0.4643146818604105,0.4494408121485335,0.4613382241716293,0.44866501804679115,0.461182404834574,0.44946316770144856,0.46320647373968493,0.45177436875240173,0.4661276105037261,0.4619764030297224,0.4762416470218184,0.598303505815009,0.5952940466567893,24.108660056282666,0.21090675105485235,0.5736407405901451,1.1775352326149466,3.5317197925357875e+18,1.252999095510113e+18,0.24325527325557425,0.08630317671619508,0.781762870715637,0.6830708931347466,0.07666858181699437,0.05069897072970359,0.15283856496238074,0.0,0.0,0.009989801777506564,0.050548577047798735,0.003416200230783469,2.9242436340493745,85.32967671880311,30.273638348885868,21,0.0009615384615384616,13,1.8174891471862793,0.3974151849087403
S1,3,69,1,SINE,hyb,sample,5000,10,1003,6.744569849214501e-19,2.1493586627394508,1.25,7.07e-06,10100.0,3.16e-11,3,0.1,0.45528775675837974,0.006869761219152274,0.473083106610071,0.012086122356727848,0.44945221147488823,0.49594395677725445,0.5064225085077194,0.495489531196778,0.5060289112656866,0.49150606066000246,0.5025847337350033,0.47443270223870454,0.48798473455689634,0.45943850893580807,0.475395675730473,0.45528775675837974,0.473083106610071,0.45738052301902093,0.4811374358490876,0.466199315560909,0.4965692423000365,0.4743860803396364,0.5065886461853337,0.50800833807399,0.5427890292791702,5.291803789774769,0.21090675105485235,0.5736407405901451,2.6866983284243133,3.5317197925357875e+18,1.252999095510113e+18,1.1082343417850713,0.39318425850339284,0.26716067750007355,0.17654775989895585,0.2526085668564232,0.1504367928128967,0.48000795314090206,0.0,0.0,0.06377320393158052,0.14848636931824463,0.005489479337687141,11.617350209109233,85.32967671880311,30.273638348885868,21,0.0009615384615384616,13,3.0574169158935547,0.3974151849087403
S1,3,70,1,SINE,hyb,sample,5000,10,1003,1.6059368012011165e-17,0.4268917229529957,1.25,7.07e-06,10100.0,3.16e-11,2,0.01,0.5271767665461752,0.008194989606279741,0.571243570678089,0.014194770772229786,0.5179491491239586,0.5532996271249303,0.5989232640749436,0.5529549209207629,0.5985766735272167,0.5499304226685189,0.5955393249753285,0.5371127533859782,0.5826291422123271,0.5271767665461752,0.571243570678089,0.5319508699801931,0.5733112122976727,0.569794948956609,0.6077904818285345,0.7160502563705582,0.7480500732700762,0.8744157514915509,0.9025279990318227,0.9346142059997071,0.9629198205411322,0.0441406151777843,0.21090675105485235,0.5736407405901451,0.5336146536912446,3.5317197925357875e+18,1.252999095510113e+18,132.86082820088072,47.13694951571987,0.03893083220639158,0.01399970050769268,0.9305738979384687,0.10353182214084641,0.9925058025567811,0.8891,0.809,0.022112701764867942,0.10318109350565768,0.0028285661456592453,7.817636437034497,85.32967671880311,30.273638348885868,21,0.0009615384615384616,13,2.811678886413574,0.3974151849087403
S1,3,71,1,SINE,hyb,sample,5000,10,1003,2.7280734985397514e-18,0.8574987269016122,1.25,7.07e-06,10100.0,3.16e-11,2,0.1,0.43958632981416557,0.005942783492372734,0.4598028043070566,0.017484338697830337,0.4374868199109335,0.46187694653101385,0.4808877973456956,0.46168939961333216,0.48072183253072465,0.459978479282152,0.4792082155228109,0.4511043872681526,0.4713142814190503,0.4409652826439028,0.4613152006576339,0.43958632981416557,0.4598028043070566,0.4559194114380681,0.48052516364088343,0.5518387932080128,0.5909252533655366,0.657650528330152,0.7026665588613688,0.7314759515772999,0.7764625486761099,0.5219471311290319,0.21090675105485235,0.5736407405901451,1.0718734086270152,3.5317197925357875e+18,1.252999095510113e+18,11.235924751863413,3.9863308468184164,0.1871006999303944,0.07624646362606664,0.6786920007023857,0.2448310505060951,0.9110655218861685,0.4871,0.0508,0.06166002118123757,0.24393956426478577,0.0055457790129971405,11.11836967119147,85.32967671880311,30.273638348885868,21,0.0009615384615384616,13,3.172417640686035,0.3974151849087403
S1,3,72,1,SINE,hyb,sample,5000,10,1003,6.846284978845653e-19,0.2106607984544701,1.25,7.07e-06,10100.0,3.16e-11,2,0.01,0.6305063792945277,0.01001635331873906,0.6654244819797956,0.02158387552557538,0.6216253780173484,0.6633312132181387,0.6922027768161942,0.6622357365324383,0.6912190839942723,0.6544839588242942,0.6843131669634,0.6380198448153527,0.6704162097991411,0.6305063792945277,0.6654244819797956,0.6330248352099636,0.6725897824330848,0.6549645298216534,0.7027707323002408,0.6710484954643016,0.7214267980802106,0.6832715166564688,0.7306122879438379,0.7373930394420974,0.7830660837064016,0.5109493496641806,0.21090675105485235,0.5736407405901451,0.26332599806808765,3.5317197925357875e+18,1.252999095510113e+18,11.477769163756145,4.072133471929337,0.7487133685532604,0.30434720242707125,0.684894263081991,0.24237908949110873,0.8985873011593666,0.50445,0.0,0.022972759472933653,0.24225812839013525,0.005529880097240231,4.154296127396786,85.32967671880311,30.273638348885868,21,0.0009615384615384616,13,2.264993906021118,0.3974151849087403
S1,3,73,1,SINE,hyb,sample,5000,10,1003,1.041922894423782e-18,2.778035986310587,1.25,7.07e-06,10100.0,3.16e-11,4,0.1,0.4427290884393969,0.007115093165261148,0.45090481241555613,0.016633928615112203,0.4329199357523213,0.5002411376456946,0.5050208849656113,0.49970966788407667,0.5045150738620863,0.49494391625311857,0.4999834949587794,0.472237956294587,0.4785040968275469,0.4492720592124832,0.456629754563772,0.4427290884393969,0.45090481241555613,0.4440928157164118,0.45850177559667615,0.4626079888796134,0.4910923787732241,0.4809609506742162,0.5150352991583314,0.5171921225188066,0.5549037326271181,4.427426741433417,0.21090675105485235,0.5736407405901451,3.472544982888234,3.5317197925357875e+18,1.252999095510113e+18,1.3245975670097903,0.46994655603367647,0.19590727992494134,0.12388089685477163,0.2826007672846514,0.16517709164578182,0.535498796579918,0.0,0.0,0.08225124452836746,0.16228135375177097,0.005667730046670687,14.512202213421073,85.32967671880311,30.273638348885868,21,0.0009615384615384616,13,3.623734951019287,0.3974151849087403
S1,3,74,1,SINE,hyb,sample,5000,10,1003,8.790828113896486e-19,0.45023313140436166,1.25,7.07e-06,10100.0,3.16e-11,2,0.01,0.549010709598757,0.01137798012161355,0.5707782234144498,0.023570392560202654,0.5369018777602474,0.5781341391700079,0.5970673312768829,0.5775739327467193,0.5965442774345351,0.5729919308046202,0.5922751698342655,0.5581837945075893,0.5786535196772032,0.549010709598757,0.5707782234144498,0.5495085710415342,0.575650813908377,0.5747533778803302,0.6142802411582851,0.6111238798710114,0.6596462510262335,0.6261336928680621,0.6740688214949698,0.6764142747115279,0.7235189381516688,0.8504656152372155,0.21090675105485235,0.5736407405901451,0.5627914142554521,3.5317197925357875e+18,1.252999095510113e+18,6.895703464955512,2.446488031909076,0.5155559007526735,0.2250410301768095,0.5983068129762119,0.24764483001292237,0.846107497648124,0.24725,0.0,0.03774751501664677,0.24730485021792992,0.005921685412791376,6.374454633322588,85.32967671880311,30.273638348885868,21,0.0009615384615384616,13,2.541409730911255,0.3974151849087403
S1,3,75,1,SINE,hyb,sample,5000,10,1003,1.2171222468607537e-19,8.931292101456282,1.25,7.07e-06,10100.0,3.16e-11,4,0.1,0.44298707603393284,0.0022417334966299304,0.45435297459494395,0.003264774000217364,0.44076168206253524,0.5119518420989014,0.5102918326887217,0.508747069441728,0.5075587089026413,0.4889650261883519,0.49082394297968196,0.4569914943777144,0.4645902790009903,0.4449263497811785,0.45513985875278273,0.44298707603393284,0.45435297459494395,0.4474017577233414,0.4600120291440688,0.4567023952239243,0.4691563399776123,0.6162233007583255,0.626063840355504,0.9323256507686721,0.8949691057292238,121.85102600056321,0.21090675105485235,0.5736407405901451,11.164115126820352,3.5317197925357875e+18,1.252999095510113e+18,0.04812892334439335,0.0170753912996877,0.08806889497735236,0.08545962603017494,0.01664027144172155,0.012060001302562353,0.042545604128174555,0.0,0.0,0.010182301231807599,0.011343855755008101,0.001640607998049085,6.206419354236841,85.32967671880311,30.273638348885868,21,0.0009615384615384616,13,2.222485065460205,0.3974151849087403
S1,3,76,1,SINE,hyb,sample,5000,10,1003,4.41300757814393e-18,0.5927741529715547,1.25,7.07e-06,10100.0,3.16e-11,4,0.1,0.43477943399672003,0.005964233689082586,0.4582419397600036,0.012180419202063067,0.4297751233555722,0.4839022519956691,0.5052078527273298,0.48329416331585423,0.5046339435005925,0.4780266578099224,0.4996716270783799,0.45637201165135294,0.4793655666853569,0.43725885244493706,0.46065431240056043,0.43477943399672003,0.4582419397600036,0.4486155183890239,0.47440268167994154,0.5194235940593274,0.5517365790282512,0.7047218918575704,0.7434000335378852,0.8149957402209296,0.8549848688154202,0.2230507474981836,0.21090675105485235,0.5736407405901451,0.7409676912144434,3.5317197925357875e+18,1.252999095510113e+18,26.2924861521235,9.328163983153566,0.13067051526772255,0.04944901325316622,0.795378785328233,0.211630458234383,0.9615511867080427,0.6962,0.49685,0.04469988398708473,0.21109972835728788,0.00465930982837733,9.593670658010758,85.32967671880311,30.273638348885868,21,0.0009615384615384616,13,3.0393919944763184,0.3974151849087403
S1,3,77,1,SINE,hyb,sample,5000,10,1003,1.0100498715147743e-19,0.15742125608386257,1.25,7.07e-06,10100.0,3.16e-11,4,0.1,0.5091511548442871,0.0018164616490209402,0.5454769956070452,0.0034432493520163347,0.5094084016794954,0.5756259290001792,0.5917036875977764,0.5695298327569999,0.5862989378533842,0.5428468068563143,0.5641951713626762,0.5175557463263203,0.5478768281895957,0.510763759573734,0.5446864737779629,0.5091511548442871,0.5454769956070452,0.5092187306773079,0.5474914486272174,0.5104436859741558,0.5489207444077141,0.5217146954988416,0.5599875059275838,0.5672859167893183,0.6083208328166521,2.5880320675532977,0.21090675105485235,0.5736407405901451,0.1967765701048282,3.5317197925357875e+18,1.252999095510113e+18,2.2660301482898895,0.8039521516420267,2.8170956925631288,1.5559886483722918,0.3856460518492395,0.2017535204567867,0.6182419732051654,0.0,0.0,0.011167298559020107,0.20171787538536542,0.006102783202054201,1.8298697806045587,85.32967671880311,30.273638348885868,21,0.0009615384615384616,13,1.8865909576416016,0.3974151849087403
S1,3,78,1,SINE,hyb,sample,5000,10,1003,2.5158890962985707e-19,9.25163590502712,1.25,7.07e-06,10100.0,3.16e-11,3,0.1,0.4419571341599423,0.0017218391918418306,0.4537685090669695,0.0019829305877794596,0.4381915077036368,0.4849101122549803,0.4810715190799743,0.4840135570397607,0.4804041226527513,0.47692137884857094,0.475256693976245,0.4562560070607211,0.46208443656935516,0.4447034189624734,0.45578381958450176,0.4419571341599423,0.4537685090669695,0.44402070843994057,0.4565269371349226,0.4477214101030391,0.46038875591328965,0.5001562638814379,0.5118161535010486,0.792068384603114,0.7671945298476104,61.062718854212356,0.21090675105485235,0.5736407405901451,11.5645448812839,3.5317197925357875e+18,1.252999095510113e+18,0.0960415585787862,0.03407404695155504,0.0836218585247846,0.07889408296749237,0.03238843333927995,0.02325567635305964,0.0819690503483781,0.0,0.0,0.01969017351379157,0.02188426418889951,0.0022678160693100726,8.682438483550309,85.32967671880311,30.273638348885868,21,0.0009615384615384616,13,2.4956510066986084,0.3974151849087403
S1,3,79,1,SINE,hyb,sample,5000,10,1003,4.805188982312076e-18,0.3897746444304538,1.25,7.07e-06,10100.0,3.16e-11,4,0.01,0.45607361900008414,0.00586402936679876,0.48459334191863956,0.0153648362623984,0.4337380600452577,0.5080498240321116,0.5329328544419639,0.5071575646565886,0.5320856448554733,0.4997928505047729,0.5251274048654542,0.47455897163910005,0.5017784649073403,0.45607361900008414,0.48459334191863956,0.45639480450454917,0.4854451966205587,0.4751273277841389,0.5063563276425581,0.5871267932342575,0.6224370591982157,0.7712547311842286,0.8070805568551002,0.8629089275752133,0.8992036133513702,0.13469522777419216,0.21090675105485235,0.5736407405901451,0.4872183055380672,3.5317197925357875e+18,1.252999095510113e+18,43.539468968034576,15.447124472116553,0.12479190768011943,0.046082005158185266,0.8492115493856404,0.18001218703836155,0.9765411934411731,0.7744,0.6351,0.03208443639460943,0.17968582215980666,0.004074874497006874,7.873723820985524,85.32967671880311,30.273638348885868,21,0.0009615384615384616,13,2.7972729206085205,0.3974151849087403
S1,3,80,1,SINE,hyb,sample,5000,10,1003,6.264218565703441e-19,0.5563567087714821,1.25,7.07e-06,10100.0,3.16e-11,3,0.1,0.5206341729241626,0.011049872223741883,0.5496076871827967,0.020557487341200113,0.5172032939449401,0.5690300339859095,0.5909760119965164,0.5680416683027791,0.5900915988036253,0.5601460706653298,0.5830374276249847,0.5363971864941927,0.5618477816319177,0.5226497175464604,0.5491430467523181,0.5206341729241626,0.5496076871827967,0.5336894825171207,0.5724240024927637,0.5553524779349239,0.601312661945993,0.5663250559343513,0.6124503480418197,0.6115950849467499,0.6583550065290791,1.4748081352994178,0.21090675105485235,0.5736407405901451,0.6954458859643526,3.5317197925357875e+18,1.252999095510113e+18,3.9764892459222545,1.410796360168992,0.5964528671555727,0.2889439382048808,0.4949897286665372,0.23451303904959356,0.7559928951211272,0.0,0.0,0.03850941599238554,0.2341171605395935,0.006143519663566485,6.268298646582299,85.32967671880311,30.273638348885868,21,0.0009615384615384616,13,2.550694704055786,0.3974151849087403
S1,3,81,1,SINE,hyb,sample,5000,10,1003,9.853313067355744e-20,0.12937099991407777,1.25,7.07e-06,10100.0,3.16e-11,4,0.1,0.5211927725523775,0.0018134398810277664,0.5597357377457538,0.0037993700067261403,0.5220251668245972,0.5884860742219404,0.6098304775302961,0.5818200631740776,0.6038734590997912,0.5538806113776802,0.5801966894784851,0.5289770093835988,0.5625730620276495,0.5225797308375032,0.5589500894470388,0.5211927725523775,0.5597357377457538,0.521556935639746,0.5618862725616428,0.5228728146773853,0.5633446497225008,0.5342343468305962,0.57415456447246,0.5832053489886558,0.6255731968174525,2.1802372262827285,0.21090675105485235,0.5736407405901451,0.1617137498925972,3.5317197925357875e+18,1.252999095510113e+18,2.689871826386421,0.9543245680542388,3.164144878142367,1.6758755759525996,0.41985393154939693,0.21156135285388553,0.6573573542085853,0.0,0.0,0.010664945497130028,0.21153085080302886,0.0061760485190372446,1.7268234639439874,85.32967671880311,30.273638348885868,21,0.0009615384615384616,13,1.7643680572509766,0.3974151849087403
S1,3,82,1,SINE,hyb,sample,5000,10,1003,1.8338769268143127e-19,1.0240913855856835,1.25,7.07e-06,10100.0,3.16e-11,4,1.0,0.4513358645105753,0.0019658795910320603,0.474730637194322,0.0022700519457171243,0.45137414882742305,0.5166985856504793,0.5237689604546867,0.5144080937768175,0.5217146672377174,0.49888085353615474,0.5079749365054871,0.46842036678847315,0.483114324076835,0.45546614286215714,0.47446016485394854,0.4522051406474284,0.4734686020767943,0.4513358645105753,0.474730637194322,0.4532592822265474,0.47784792490632305,0.4624920784307057,0.48851005054432733,0.4946095667597768,0.5231188207864758,9.272943725156589,0.21090675105485235,0.5736407405901451,1.2801142319821044,3.5317197925357875e+18,1.252999095510113e+18,0.6324376447909216,0.22437901176768993,0.6380216232431799,0.4785360635645925,0.16985265230670393,0.10619531333829675,0.3234074589122157,0.0,0.0,0.02373927387627169,0.10580263160410706,0.004785546273118158,4.960619440589735,85.32967671880311,30.273638348885868,21,0.0009615384615384616,13,2.3013548851013184,0.3974151849087403
S1,3,83,1,SINE,hyb,sample,5000,10,1003,4.338282512130096e-18,1.1848826878800975,1.25,7.07e-06,10100.0,3.16e-11,3,0.1,0.4158423792556782,0.004935701954030849,0.43435012225372444,0.009528918955927185,0.4094584495867508,0.4501453796623414,0.46973748337034926,0.44992742522186413,0.469522641100228,0.4479064064626385,0.4675320663656026,0.43638372551644816,0.45622231304081745,0.42031265652127353,0.43998356244480863,0.4158423792556782,0.43435012225372444,0.42382235905388327,0.4430258773440004,0.46572879626520824,0.4931308732621492,0.6196724693783862,0.6606042836408154,0.7363724010062725,0.7804784542078912,0.45353062824781176,0.21090675105485235,0.5736407405901451,1.481103359850122,3.5317197925357875e+18,1.252999095510113e+18,12.93089887330026,4.587681227321996,0.12083229128210589,0.04846581199044886,0.6994496542553168,0.24176264537830533,0.9249756127170233,0.52935,0.11975,0.07148814584874452,0.24055851639776407,0.005418339544790088,13.193736800323398,85.32967671880311,30.273638348885868,21,0.0009615384615384616,13,3.593086004257202,0.3974151849087403
S1,3,84,1,SINE,hyb,sample,5000,10,1003,7.208647886306032e-18,2.5077956976946645,1.25,7.07e-06,10100.0,3.16e-11,4,0.1,0.4019313332118952,0.005316295901714164,0.41576634009578706,0.0070297166354533,0.38922727652399425,0.4491327275168131,0.4565638617925155,0.44895429950137905,0.45640485332010916,0.4472484484272212,0.4548868230754712,0.4354685820099151,0.4445156720603771,0.4115408974176982,0.4240412223468729,0.4019313332118952,0.41576634009578706,0.40991734178347583,0.4259200006613996,0.4287156241668759,0.45077907362055897,0.5253262195572662,0.5607829885154124,0.6810072504108239,0.7246260694391374,0.5776801411570147,0.21090675105485235,0.5736407405901451,3.1347446221183306,3.5317197925357875e+18,1.252999095510113e+18,10.151913268250619,3.601740480572467,0.06932273863375676,0.028605428048235276,0.6600399676780554,0.24731973300026386,0.9089508619723592,0.4394,0.03145,0.09869199995739472,0.24506265899512686,0.0056393898749033475,17.500474722735177,85.32967671880311,30.273638348885868,21,0.0009615384615384616,13,5.030873775482178,0.3974151849087403
S1,3,85,1,SINE,hyb,sample,5000,10,1003,1.0009895548881041e-17,0.18305576689948128,1.25,7.07e-06,10100.0,3.16e-11,3,0.01,0.5361588977504608,0.0075143593765953694,0.5728483418216946,0.01359401889161181,0.5208959982242141,0.5855056644329221,0.6164611701405962,0.5840383955615904,0.6151705831060362,0.5732230694679534,0.6056811069558419,0.5476840932046845,0.5831284688805425,0.5361588977504608,0.5728483418216946,0.5432263078029019,0.5821040968076324,0.5982182233050141,0.6360023826553428,0.7808854882096827,0.8104222492012187,0.9178189048333412,0.9438433758687456,0.9532452165480289,0.9795100050840784,0.030367075352952837,0.21090675105485235,0.5736407405901451,0.22881970862435158,3.5317197925357875e+18,1.252999095510113e+18,193.12227541354358,68.5167710437982,0.06286616675932159,0.022512887362869292,0.948864241549715,0.07993128086937801,0.9947975900839889,0.91935,0.85095,0.013174450267919188,0.07977735807276812,0.002443031565845474,5.392664774415156,85.32967671880311,30.273638348885868,21,0.0009615384615384616,13,2.3583269119262695,0.3974151849087403
S1,3,86,1,SINE,hyb,sample,5000,10,1003,2.5128593423351394e-19,4.9322007837264215,1.25,7.07e-06,10100.0,3.16e-11,5,1.0,0.4411087003218762,0.0016387849239979497,0.4543225872348534,0.0016657289185922324,0.439710060126541,0.5310175869966255,0.5186513074664157,0.5285652194161472,0.5166991335146852,0.5106499313268739,0.502636349596162,0.4679208305924204,0.47090715375560055,0.4474866296291384,0.45690931007878416,0.4419964695275539,0.4537229441274054,0.4411087003218762,0.4543225872348534,0.44826108453129726,0.46276851651415835,0.4598268596019655,0.475224880569057,0.5542263176468526,0.5588382772603637,32.592799567174794,0.21090675105485235,0.5736407405901451,6.165250979658027,3.5317197925357875e+18,1.252999095510113e+18,0.17993418079136608,0.0638378407764495,0.1524662802934163,0.13746478495078426,0.05826957716039786,0.04031150937039474,0.13561854273965065,0.0,0.0,0.027384183931125614,0.0388049940562257,0.0030014759912660683,9.123572539247448,85.32967671880311,30.273638348885868,21,0.0009615384615384616,13,2.6313061714172363,0.3974151849087403
S1,3,87,1,SINE,hyb,sample,5000,10,1003,1.0192947945072825e-17,6.773612881288844,1.25,7.07e-06,10100.0,3.16e-11,4,0.1,0.3983831443309549,0.003744579841334538,0.4087991041753208,0.004234224521991591,0.3766269310262136,0.4443854402223858,0.4610355519308384,0.4442972185084527,0.4609460510499154,0.4434337460747228,0.4600689280995803,0.43632900209529596,0.4527656620083679,0.4129553745132187,0.4270382091646659,0.3983831443309549,0.4087991041753208,0.4002470678484714,0.4106930635918859,0.4120040615279678,0.42605426683588304,0.47887541255453125,0.5091520634988155,0.6041935348671889,0.6475765196615536,1.1034932068626164,0.21090675105485235,0.5736407405901451,8.467016101611055,3.5317197925357875e+18,1.252999095510113e+18,5.3145399113878895,1.8855158656967388,0.04093041497309796,0.01870371609837,0.544875709525477,0.24545417339859882,0.8407984461373926,0.09285,0.0,0.13461804362191873,0.24120757779364782,0.006045896467550648,22.266018669759998,85.32967671880311,30.273638348885868,21,0.0009615384615384616,13,6.7915098667144775,0.3974151849087403
S1,3,88,1,SINE,hyb,sample,5000,10,1003,3.5981631859182584e-18,4.00150543499118,1.25,7.07e-06,10100.0,3.16e-11,3,0.1,0.4039576986927669,0.003885344376393567,0.411577992862484,0.013852712935314121,0.3923616400494171,0.4395045263667323,0.44625562611593644,0.4393887485143798,0.4461435815925472,0.43827415733258845,0.44506651644859796,0.4301997111828856,0.43735069959473255,0.41201983040592716,0.4203229000374499,0.4039576986927669,0.411577992862484,0.40739032054902624,0.41435006276001707,0.43343592503974293,0.4506591806496155,0.506830784137666,0.5436433633680856,0.5791621113931663,0.6230585457722299,1.8466800306100073,0.21090675105485235,0.5736407405901451,5.001881793738975,3.5317197925357875e+18,1.252999095510113e+18,3.1757308210451427,1.1266997610521308,0.09400704332145916,0.04787778837691588,0.44681216902127713,0.22557025256929297,0.7525180638713783,0.0,0.0,0.12247117365116174,0.22144328514860304,0.006131610491511163,19.973736723935012,85.32967671880311,30.273638348885868,21,0.0009615384615384616,13,5.248757839202881,0.3974151849087403
S1,3,89,1,SINE,hyb,sample,5000,10,1003,4.9988328923314434e-18,1.5262140569616631,1.25,7.07e-06,10100.0,3.16e-11,1,0.1,0.44444323726766966,0.004796759422566454,0.4684063589059674,0.006547004890024453,0.44395560530496103,0.45503860158156073,0.4782560278775908,0.4549871202372097,0.47820950110149524,0.4544957985239626,0.47776563685649365,0.4511589331900483,0.4747552796694758,0.4449494053308528,0.4689328673341583,0.44444323726766966,0.4684063589059674,0.4623879163126504,0.4901017386774812,0.529957538280023,0.5676149197702808,0.6447344916933252,0.6884431992980165,0.7325194156325727,0.7761311650727025,0.5069859547300696,0.21090675105485235,0.5736407405901451,1.907767571202079,3.5317197925357875e+18,1.252999095510113e+18,11.567497353924148,4.103967634243087,0.10269909724027479,0.04170861179586208,0.6818441350650551,0.24456790206205078,0.9177139683932563,0.4916,0.07395,0.08114413274363928,0.2430280854049489,0.005523949994006369,14.689512546580401,85.32967671880311,30.273638348885868,21,0.0009615384615384616,13,3.921020984649658,0.3974151849087403
S1,3,90,1,SINE,hyb,sample,5000,10,1003,1.2929873495505575e-18,0.21668377550837337,1.25,7.07e-06,10100.0,3.16e-11,2,0.01,0.5950853452667099,0.006036547171929626,0.6253849303521208,0.029472869300478478,0.5895452883204786,0.6290634670518417,0.6527883237369598,0.6281430859186365,0.6519746505337964,0.6212460135405997,0.6459406373734995,0.6039010783177495,0.6314791499025152,0.5950853452667099,0.6253849303521208,0.6027223655697725,0.6388665892680854,0.6621221711258082,0.7071899409548701,0.7215737110732847,0.769022970884649,0.7482354601297813,0.7913509146646034,0.8044451844709155,0.8459604770904979,0.278279501017123,0.21090675105485235,0.5736407405901451,0.2708547193854667,3.5317197925357875e+18,1.252999095510113e+18,21.07434672112601,7.47684950426877,0.43554107625834526,0.16725369964565415,0.7706004685713147,0.22095668392481702,0.9454766965374819,0.65775,0.4258,0.024857904334622365,0.22080289316821963,0.004900895219180388,5.072115036725786,85.32967671880311,30.273638348885868,21,0.0009615384615384616,13,2.3565731048583984,0.3974151849087403
S1,3,91,1,SINE,hyb,sample,5000,10,1003,2.191382086108724e-18,3.9128005764890488,1.25,7.07e-06,10100.0,3.16e-11,4,0.1,0.42023243888162254,0.005252550330497395,0.424734711757594,0.01888954527535804,0.4053259597391034,0.47439856276406694,0.46633626550899987,0.47413106181212294,0.4661287532742275,0.4716114481399066,0.46418048339490764,0.45582889625341877,0.4522395021861886,0.4299856345518351,0.43313208496281363,0.42023243888162254,0.424734711757594,0.4221627365898491,0.42878032101432295,0.4444704843720781,0.4644703753813822,0.4924878983332497,0.5279568745046885,0.5423725982404737,0.5834719501730191,2.9649590824473195,0.21090675105485235,0.5736407405901451,4.891000720611311,3.5317197925357875e+18,1.252999095510113e+18,1.9779560279719266,0.7017479470612578,0.12014536962023943,0.06865686873133572,0.3552490041828287,0.1962273326189517,0.6477698995695709,0.0,0.0,0.11168858415343676,0.1920059418229634,0.0059711049500637894,18.704843590505572,85.32967671880311,30.273638348885868,21,0.0009615384615384616,13,4.564600229263306,0.3974151849087403
S1,3,92,1,SINE,hyb,sample,5000,10,1003,1.2147270168747203e-18,3.7439475804199973,1.25,7.07e-06,10100.0,3.16e-11,3,0.1,0.4420158577960436,0.0075773412438436575,0.45090881376236236,0.012939107117223509,0.43365623352489474,0.48121077645449634,0.4850308256088815,0.4809596054474393,0.48481186145549166,0.4786329244786778,0.4827851887365471,0.4654531568596978,0.47136670318707025,0.4477981056585813,0.45597143054860556,0.4420158577960436,0.45090881376236236,0.4435509276518804,0.4584594771263184,0.460898980552155,0.48865499442965843,0.4749366973321624,0.5072469681952374,0.5095403013260451,0.5447969665210117,5.117998641977668,0.21090675105485235,0.5736407405901451,4.6799344755249965,3.5317197925357875e+18,1.252999095510113e+18,1.1458695283183267,0.4065366356611697,0.15191798063188297,0.09957651318244991,0.25733922628644695,0.15420742066119245,0.5064774671963828,0.0,0.0,0.08933833694516165,0.15051177799963827,0.005512316076866686,16.207041776882903,85.32967671880311,30.273638348885868,21,0.0009615384615384616,13,3.8670578002929688,0.3974151849087403
S1,3,93,1,SINE,hyb,sample,5000,10,1003,2.3156087727710494e-19,1.2511593201303575,1.25,7.07e-06,10100.0,3.16e-11,4,1.0,0.45129255521774303,0.00149397231907931,0.47373493482243195,0.0025890705719818084,0.4521359224445437,0.5105500758196607,0.5232153895779301,0.5086870765687719,0.5216310200536517,0.49547166242745744,0.5104395185362525,0.46670000224852853,0.4864873039163804,0.4539685955237909,0.47526710756506213,0.4514454990648882,0.4726920995662757,0.45129255521774303,0.47373493482243195,0.4535686448808932,0.476969162783243,0.463184021963822,0.48777186632364866,0.49525081069375376,0.5224133446445856,8.972150022773066,0.21090675105485235,0.5736407405901451,1.5639491501629468,3.5317197925357875e+18,1.252999095510113e+18,0.6536402840937118,0.23190137747885753,0.5190407201294136,0.3866663047855501,0.17411290792053266,0.10872926335592761,0.3343792513708824,0.0,0.0,0.02911437752808191,0.10815030035351679,0.004829980941328042,6.027845219628689,85.32967671880311,30.273638348885868,21,0.0009615384615384616,13,2.4247379302978516,0.3974151849087403
S1,3,94,1,SINE,hyb,sample,5000,10,1003,7.135614273311563e-18,4.2104455175335005,1.25,7.07e-06,10100.0,3.16e-11,2,0.1,0.40279651505874925,0.003568175080253153,0.4155776359259942,0.006061384206827904,0.3948002723337426,0.4240792860485139,0.43500853215953805,0.4240329559925148,0.4349677559110914,0.4235806217715282,0.4345699065916707,0.41993314617875976,0.43137965986128907,0.4087480433706364,0.42170986186281273,0.40279651505874925,0.4155776359259942,0.40706537071646964,0.4200303870536303,0.4353293721361801,0.45746552033489607,0.5304575759160481,0.5688289902140917,0.638765577212485,0.6836024899693994,0.979818836091129,0.21090675105485235,0.5736407405901451,5.263056896916876,3.5317197925357875e+18,1.252999095510113e+18,5.985350019614594,2.1235088289673616,0.06083019338033482,0.02720030428793759,0.5675903912836107,0.2473280856354601,0.8550384360950735,0.1418,0.0,0.12251956412497705,0.2438139952060692,0.005996827059736948,20.430731602647118,85.32967671880311,30.273638348885868,21,0.0009615384615384616,13,6.095881938934326,0.3974151849087403
S1,3,95,1,SINE,hyb,sample,5000,10,1003,8.553949897340575e-19,4.6573849781799055,1.25,7.07e-06,10100.0,3.16e-11,5,1.0,0.44150760920544185,0.0034040483832661395,0.45717366336180854,0.007696140083086943,0.4392649872805629,0.5217616142402351,0.5271192619125518,0.520866571751337,0.5262658413518715,0.513037023347373,0.5188100564005433,0.4795962484166464,0.48725654824185616,0.4501314802558684,0.4598641142853436,0.4420180139017259,0.45247956397750466,0.44150760920544185,0.45717366336180854,0.4488103702677697,0.4722957054826695,0.46090713153862567,0.4871272985326107,0.493280252287364,0.5227992105701655,9.041167881449455,0.21090675105485235,0.5736407405901451,5.821731222724882,3.5317197925357875e+18,1.252999095510113e+18,0.6486505688993576,0.23013110435622972,0.13963569436106543,0.10418836723333103,0.17223905956843846,0.11040175307183715,0.3672898489854055,0.0,0.0,0.07167434600867639,0.1068993280550638,0.004795353453687475,14.946624206305604,85.32967671880311,30.273638348885868,21,0.0009615384615384616,13,3.67592716217041,0.3974151849087403
S1,3,96,1,SINE,hyb,sample,5000,10,1003,4.850644697710125e-19,4.818256540347068,1.25,7.07e-06,10100.0,3.16e-11,2,0.1,0.44499032814566225,0.00240093124912455,0.4621582436852652,0.003535028642745493,0.44195601716981703,0.4701084773213854,0.4816026105964273,0.46984944162958486,0.4813774142554098,0.4675577230214305,0.47939881094841563,0.457336694578599,0.4709307204466862,0.4478684391203009,0.46370472114032896,0.44499032814566225,0.4621582436852652,0.44510237834724764,0.4639160756833636,0.44724012084214104,0.46664601213217594,0.45256681763230294,0.472315572091664,0.5319456208517019,0.5434210392775884,16.494515099589226,0.21090675105485235,0.5736407405901451,6.022820675433835,3.5317197925357875e+18,1.252999095510113e+18,0.3555459893430173,0.12614217130152877,0.1474371221901793,0.12248581915997434,0.10627268152885455,0.0712817735255636,0.23859700462033762,0.0,0.0,0.0475905331936097,0.06878446428405864,0.00393477024202145,12.094869653471946,85.32967671880311,30.273638348885868,21,0.0009615384615384616,13,2.9087905883789062,0.3974151849087403
S1,3,97,1,SINE,hyb,sample,5000,10,1003,8.122165061764813e-20,0.18922228899016036,1.25,7.07e-06,10100.0,3.16e-11,1,0.1,0.4862263258718939,0.0014860997762125767,0.5227354568772806,0.0028416600838462374,0.48827516020757267,0.4986700926765225,0.5325949194003082,0.49790980954263775,0.5318295790415365,0.4937902969899605,0.5277671048678366,0.4885489448270571,0.523094744450114,0.48657976530703184,0.5220324505094774,0.4862263258718939,0.5227354568772806,0.4883679233064061,0.5254879533723037,0.4937782226177564,0.5309603922283024,0.4983227019593577,0.5353754085551552,0.5414860257010253,0.5773572968485782,3.868562148870538,0.21090675105485235,0.5736407405901451,0.23652786123770045,3.5317197925357875e+18,1.252999095510113e+18,1.5159530761394124,0.5378365059575178,2.7492075570311565,1.6804096164401305,0.3088828882942623,0.17305424997980498,0.5197657458073381,0.0,0.0,0.010246168873964272,0.1730180290304071,0.005833857679097804,1.756328220120177,85.32967671880311,30.273638348885868,21,0.0009615384615384616,13,1.7175390720367432,0.3974151849087403
S1,3,98,1,SINE,hyb,sample,5000,10,1003,1.1400459225761587e-17,0.16530001034422215,1.25,7.07e-06,10100.0,3.16e-11,3,0.01,0.5369316413565927,0.012424179259589298,0.582006485877422,0.017223831212629596,0.5295995844090962,0.5789656847244995,0.622074757829584,0.5775431795160422,0.620752657255643,0.567330598816497,0.6113800272458956,0.5449878412281262,0.5913713547554635,0.5369316413565927,0.582006485877422,0.5478282056202746,0.5885971826384602,0.6210454636594969,0.6550084866198989,0.8064933879145169,0.8336797207755542,0.9332143341782861,0.9583262448158996,0.9614189315648989,0.9866128726932043,0.024076848094028006,0.21090675105485235,0.5736407405901451,0.20662501293027769,3.5317197925357875e+18,1.252999095510113e+18,243.5766785965405,86.41720631796983,0.05536307234509147,0.019788007365866674,0.9578321614708771,0.06754828832982061,0.9958812637842507,0.93475,0.872,0.011332381558348746,0.06740754768321902,0.0022238394037239397,5.095863280132575,85.32967671880311,30.273638348885868,21,0.0009615384615384616,13,2.3268420696258545,0.3974151849087403
S1,3,99,1,SINE,hyb,sample,5000,10,1003,4.991624281247304e-19,5.208105810803122,1.25,7.07e-06,10100.0,3.16e-11,4,1.0,0.4420355900277856,0.0011470161056145016,0.4590850224764484,0.0021493894798118502,0.44092964826348274,0.5031207081167622,0.5059042739838441,0.5022890429917979,0.505152792266769,0.4952453124997822,0.49883342241522133,0.4689886189580118,0.47628551049109963,0.44908922339318397,0.4606164494768721,0.44319425701715387,0.456854320998161,0.4420355900277856,0.4590850224764484,0.44660482381456507,0.4657439440889262,0.4547630055572191,0.47501216054995093,0.501500542488197,0.5199340431864009,17.325549114951986,0.21090675105485235,0.5736407405901451,6.510132263503903,3.5317197925357875e+18,1.252999095510113e+18,0.33849193759496266,0.12009165974615073,0.13713762518362654,0.11476102760960841,0.10190435866443573,0.06870767597697243,0.2312543897841655,0.0,0.0,0.04744111982293371,0.06612655726380334,0.0038627599141004528,12.28166411527589,85.32967671880311,30.273638348885868,21,0.0009615384615384616,13,3.1333210468292236,0.3974151849087403
S1,3,100,1,SINE,hyb,sample,5000,10,1003,1.0810759845312186e-18,0.20340110865696318,1.25,7.07e-06,10100.0,3.16e-11,3,0.01,0.5881418703679084,0.016333423495476083,0.6074281199897766,0.03633996262475665,0.575079866521242,0.6366347881206222,0.6550759556666925,0.6348913857753937,0.6533884858262577,0.6227297300942315,0.6415994182174412,0.5979927555248459,0.6172720312150924,0.5881418703679084,0.6074281199897766,0.5930206482539729,0.6168363572881207,0.6472567275328912,0.6867141505852334,0.7093192418653783,0.7569062363035919,0.7357120990739314,0.7801920877560554,0.7920823419998394,0.8352073225312149,0.3124252985582869,0.21090675105485235,0.5736407405901451,0.254251385821204,3.5317197925357875e+18,1.252999095510113e+18,18.77107493176543,6.65968459926066,0.5134826620597444,0.19893279713624495,0.7558096835586947,0.22596508075276256,0.937995089093949,0.6339,0.3742,0.023660927605845344,0.22582861403784246,0.005029097786376751,4.704805635305021,85.32967671880311,30.273638348885868,21,0.0009615384615384616,13,2.3356332778930664,0.3974151849087403
