set,search_seed,eval_index,is_finite,task,mode,node,N_R,R,seed,k_on,k_off,T,distance,N_max,D,L,lam_best,objective,opt_sd,held,held_sd,train,opt_lam_1e-06,held_lam_1e-06,opt_lam_1e-05,held_lam_1e-05,opt_lam_1e-04,held_lam_1e-04,opt_lam_1e-03,held_lam_1e-03,opt_lam_1e-02,held_lam_1e-02,opt_lam_1e-01,held_lam_1e-01,opt_lam_1e+00,held_lam_1e+00,opt_lam_1e+01,held_lam_1e+01,opt_lam_1e+02,held_lam_1e+02,opt_lam_1e+03,held_lam_1e+03,KD_nM,tau_D_over_T,phi_ISI,koff_T,c_peak,c_mean,c_peak_over_KD,c_mean_over_KD,tauR_mean_over_T,tauR_peak_over_T,occ_mean,occ_std,occ_max,occ_frac_above_0p8,occ_frac_above_0p9,contrast_within,contrast_between,binomial_sd_mean,snr_within,shell_molecules_peak,shell_molecules_mean,history_symbols,dt,n_sub,seconds,running_min
S2,4,1,1,MGCUBED,hyb,sample,5000,10,1004,1e-18,1.0,0.6866743958883772,7.07e-06,9915.581161638804,3.16e-11,2,0.01,0.8549450848933429,0.01235473329223548,0.8746509619850029,0.01629613582224723,0.8311048641632679,0.9271080864745862,0.9416185863758855,0.9247960226782201,0.9394089855182137,0.9081579715726656,0.9235299234228318,0.8717532085924262,0.8887808400827677,0.8549450848933429,0.8746509619850029,0.8557331620246856,0.8775612547551187,0.8727701510497751,0.8881903709047695,0.9407074299404998,0.9375570466398185,1.0009050890134348,0.991779840602548,1.0119564766652922,1.0033223777782845,1.6605390671738465,0.3839278709052384,0.7168239119122113,0.6866743958883772,4.829450636677959e+18,2.5459015067797975e+18,4.82945063667796,2.545901506779798,0.4106978957432951,0.2498167285583782,0.6971996401765278,0.08944952914740911,0.8134930477827593,0.02164,0.0,0.026765634569713877,0.08892748741137593,0.006359589282628628,4.2087048990451095,116.68407624752759,61.511378391504294,38,0.0009809634226976816,14,0.965036153793335,0.8549450848933429
S2,4,2,1,MGCUBED,hyb,sample,5000,10,1004,1e-18,1.0,1.6136870755693031,7.07e-06,2148.312734035619,3.16e-11,5,0.1,0.741753971747325,0.01023758774305273,0.7923584965130563,0.01186538119018702,0.7310928611360994,1.102518130760736,1.1488240190920784,1.0675351010520302,1.1156829903201566,0.9313637527122104,0.984324571744496,0.8054422671423154,0.8579221883860351,0.7529559190778243,0.8068141030516995,0.741753971747325,0.7923584965130563,0.7499963394858951,0.7927842090766974,0.7884172318386101,0.8087715446574469,0.9722103121036003,0.9619865007513905,1.0733842064899948,1.0630200838586314,1.6605390671738465,0.16337333477468455,0.5161262218454695,1.6136870755693031,6.510111881122725e+17,2.409700389559194e+17,0.6510111881122725,0.24097003895591942,0.4993664754670514,0.37534502429518724,0.18951705245458197,0.06250794276803932,0.3082624760194043,0.0,0.0,0.04309271831842746,0.06076474507751616,0.0054088499819656514,7.967075896375104,15.729043493016933,5.822063111145769,16,0.000977992167011699,33,1.325303077697754,0.741753971747325
S2,4,3,1,MGCUBED,hyb,sample,5000,10,1004,1e-18,1.0,1.4958108099666894,7.07e-06,12679.733578853184,3.16e-11,4,0.01,0.7392473221183988,0.0262372322810815,0.7668801217178718,0.028001611964901228,0.6741797079516124,0.9284987092321983,0.971891271589682,0.9224051978575989,0.9657258460793434,0.8788347223857713,0.9214746827175968,0.7819639739830485,0.8194136382917586,0.7392473221183988,0.7668801217178718,0.7411200820401957,0.7667745554961942,0.8040469747915171,0.8337484326679359,0.8589140703179797,0.8781860656224685,0.9429141061318491,0.9360835255738877,1.0160656733059317,1.0036006934191752,1.6605390671738465,0.1762478497026214,0.5328644230175412,1.4958108099666894,3.9762844430536535e+18,1.4960617852123497e+18,3.976284443053654,1.49606178521235,0.2678354146613926,0.13434395700511156,0.5682150649861045,0.12779544118027064,0.7597625491682433,0.0,0.0,0.10016608229921298,0.12337193036967228,0.0067601888080812455,14.817053952616343,96.07077741129606,36.14626187313293,18,0.0009972072066444595,30,1.5918588638305664,0.7392473221183988
S2,4,4,1,MGCUBED,hyb,sample,5000,10,1004,1e-18,1.0,1.3569935798633046,7.07e-06,4488.631753411299,3.16e-11,3,0.1,0.7812086419906302,0.006479713155075139,0.8149841802786659,0.009689508572055661,0.7692420036698111,0.9348976972391247,0.9599577401218162,0.9291395295051007,0.9547920935563106,0.8914323224852904,0.9207663856301472,0.8202728210103125,0.8534041864856642,0.7868911322995691,0.8188972742108108,0.7812086419906302,0.8149841802786659,0.7928251755768769,0.8249560823826807,0.8419369175015264,0.8516118580418668,0.9855754337738499,0.9728367287979112,1.0407945682283808,1.0274026181334168,1.6605390671738465,0.194277587404004,0.5547958941973075,1.3569935798633046,1.4717661104183444e+18,5.88068845113848e+17,1.4717661104183446,0.5880688451138482,0.4640372893771788,0.2981362836576205,0.3559403090571553,0.10044677887281926,0.5237180013862255,0.0,0.0,0.05793229273811912,0.09851714456473971,0.0065893244429413335,8.791840990646286,35.55925548598432,14.2082972007061,19,0.000969281128473789,28,1.3231091499328613,0.7392473221183988
S2,4,5,1,MGCUBED,hyb,sample,5000,10,1004,1e-18,1.0,1.157104739083703,7.07e-06,2435.245889122931,3.16e-11,1,0.01,0.8115732969225956,0.014697656632851398,0.8517875071588958,0.017582240345258803,0.8025079445526744,0.8606113081312768,0.8917129326070177,0.8587012794538618,0.8901988214599074,0.8454010145180438,0.8797664177455229,0.8189909629150858,0.8592394771789265,0.8115732969225956,0.8517875071588958,0.8218482750859314,0.8521461697452815,0.9033821203200306,0.9096378765751609,0.9848107432522122,0.9783835289907767,1.0115775280948638,0.9992289695665374,1.0706411769000552,1.0670763985978342,1.6605390671738465,0.22783887224187976,0.5916215863225489,1.157104739083703,8.66481173990635e+17,3.803234890785862e+17,0.8664811739906351,0.3803234890785862,0.6261039579715088,0.46302422539059673,0.2680452479722902,0.0760785385159509,0.3986678254662385,0.0,0.0,0.03279424223536002,0.075243852599271,0.006131674320584141,5.348333998312525,20.93500130327813,9.188973723292392,23,0.0009642539492364192,24,1.018766164779663,0.7392473221183988
S2,4,6,1,MGCUBED,hyb,sample,5000,10,1004,1e-18,1.0,1.884715828821841,7.07e-06,6933.002183408696,3.16e-11,1,0.01,0.7948924682416282,0.003923314153221919,0.8190791646951159,0.011017466025331988,0.7761331500582366,0.8292272469911414,0.8497638731073016,0.8286098903281491,0.8491878695184167,0.8234856895522006,0.8444038072111564,0.8060504755045352,0.8282410520938142,0.7948924682416282,0.8190791646951159,0.8002825241599532,0.8209565369888706,0.8658746030104825,0.8686087150553901,0.9657328173053201,0.9555234698857099,0.9947900637912788,0.9804442461142431,1.0239212730769567,1.0157877086038107,1.6605390671738465,0.13987967564498352,0.482882782234807,1.884715828821841,1.9726963717101806e+18,6.513616399466369e+17,1.9726963717101809,0.651361639946637,0.3213008910760316,0.17848575840202222,0.37503396149597373,0.11467299221615598,0.5795599278682881,0.0,0.0,0.10681222976518356,0.10892226013127215,0.006614877973770561,16.147271376542008,47.662202425613266,15.737510739426183,14,0.0009919556993799163,38,1.7018749713897705,0.7392473221183988
S2,4,7,1,MGCUBED,hyb,sample,5000,10,1004,1e-18,1.0,0.6189992642653241,7.07e-06,11310.279231906492,3.16e-11,4,0.1,0.8499014986069835,0.01202796994911335,0.8874447683809062,0.010097480454085225,0.8413542406918546,1.0958384610668603,1.0780527782105562,1.0841270381976358,1.0684520933422634,1.0142386838125232,1.0121512676758726,0.9020329587836654,0.9258729371954315,0.8509276927618588,0.889473837713011,0.8499014986069835,0.8874447683809062,0.8707877022851527,0.9015111089532727,0.8999590145384003,0.9099786094546671,0.9789667835675718,0.9718983013278388,1.0130815676769678,1.0045164701256186,1.6605390671738465,0.4259026690951981,0.741674372123989,0.6189992642653241,5.933172737328874e+18,3.2233903910249487e+18,5.933172737328875,3.223390391024949,0.3825151491809368,0.23301176339862073,0.7439763237113286,0.08002740317554657,0.8453029382519361,0.28184,0.0,0.022243173728916193,0.07961133787028178,0.0060458378074462246,3.679088728037142,143.35104179643346,77.88014796246554,43,0.000952306560408191,13,0.7338039875030518,0.7392473221183988
S2,4,8,1,MGCUBED,hyb,sample,5000,10,1004,1e-18,1.0,0.8757954476753649,7.07e-06,17695.033707696304,3.16e-11,2,0.01,0.845760182387384,0.018399164640671237,0.8580270607110986,0.033517762410867215,0.8019401377140498,0.9392652741347083,0.9505138948098812,0.9373529627447248,0.948642968139184,0.9221169179755616,0.9336640887934919,0.8755392074319968,0.88713452632314,0.845760182387384,0.8580270607110986,0.8468143542477273,0.863662444417241,0.880052637890562,0.8954952027793708,0.9414837448905159,0.9382619867992916,0.9952520087415524,0.9862867461522666,1.0052727147642524,0.9967640928657133,1.6605390671738465,0.30102170491789043,0.6580388313572443,0.8757954476753649,7.363453296377635e+18,3.552728555582586e+18,7.363453296377636,3.5527285555825863,0.2507988606145058,0.13652484135013704,0.756027403048405,0.0902706673016476,0.869544960738095,0.40668,0.0,0.04345309022513348,0.0890249732549236,0.005908321873868915,7.3545570388295936,177.90796728603772,85.83726822219306,30,0.0009731060529726276,18,1.013927936553955,0.7392473221183988
S2,4,9,1,MGCUBED,hyb,sample,5000,10,1004,1e-18,1.0,1.831295720164704,7.07e-06,18661.80892812605,3.16e-11,3,0.1,0.7585233616070823,0.018003108403645083,0.7880343565824692,0.023363260191075846,0.7490055880558687,0.9164012814881225,0.9395730631931434,0.913594052532354,0.9369144812179245,0.890870117416117,0.9154271504010655,0.8152014848187352,0.8447674816947357,0.758862460161313,0.792364894603006,0.7585233616070823,0.7880343565824692,0.8196136411246264,0.847354324643591,0.8741590284060994,0.8875257901182774,0.9596273649215217,0.9505554750984049,1.0066874711723752,0.9947466322280629,1.6605390671738465,0.14396005839780734,0.48893218580217357,1.831295720164704,5.363344832201465e+18,1.7881504409352942e+18,5.363344832201466,1.7881504409352944,0.19585078480191767,0.08581358804251295,0.6022379617032851,0.13804807986245213,0.8111685751046095,0.00424,0.0,0.14205441276039182,0.12994237167224582,0.006627962444256846,21.43259168335851,129.58346288696313,43.203398914056905,14,0.0009898895784674075,37,2.0047972202301025,0.7392473221183988
S2,4,10,1,MGCUBED,hyb,sample,5000,10,1004,1e-18,1.0,1.023220734885402,7.07e-06,15287.170071515673,3.16e-11,5,0.1,0.7503566493981968,0.023185965602516147,0.7766464859018072,0.028411944639660777,0.7095194451422131,1.0138832832145295,1.0688998872543056,1.001582543026539,1.0571137488390714,0.9284891172655977,0.98658435607755,0.8091617414934152,0.8613585334243785,0.7557593824179275,0.7895979571178525,0.7503566493981968,0.7766464859018072,0.8240092261757036,0.8513536601613563,0.8860893846449691,0.9034159948401836,0.9480610633591905,0.9437172466195379,1.0109111001804192,1.0008192956883875,1.6605390671738465,0.25765060248519267,0.6206945667096581,1.023220734885402,5.809266208073273e+18,2.631548219387855e+18,5.809266208073274,2.631548219387855,0.2691155870898451,0.1435259250030378,0.6970277061465083,0.1052688491502431,0.8355241428947795,0.08516,0.0,0.057240859238105735,0.10347211104322883,0.006308393488170878,9.073761702633226,140.35734334190857,63.58068363885702,26,0.0009744959379860972,21,1.2038819789886475,0.7392473221183988
S2,4,11,1,MGCUBED,hyb,sample,5000,10,1004,1e-18,1.0,1.3283393673417914,7.07e-06,19958.82575161243,3.16e-11,5,0.1,0.6888551836191743,0.014680607343493336,0.7210038979135074,0.04106815095832933,0.6685589970154954,0.9509206965380768,0.9831243623571361,0.9413195487241584,0.974148132833238,0.87759767792658,0.9141716394893656,0.755819335724696,0.7927922324298003,0.6971026410272052,0.7294616188557339,0.6888551836191743,0.7210038979135074,0.7759904394380881,0.8019952134625493,0.8803888343826373,0.898657371738825,0.9424600553265222,0.9394686373967623,1.0068092850594303,0.9960920403780678,1.6605390671738465,0.1984684375846934,0.5596635031150892,1.3283393673417914,6.614879368909652e+18,2.6433223809529175e+18,6.614879368909653,2.643322380952918,0.20662998992245307,0.09886166679595645,0.6918085323894752,0.11806345507591762,0.8505303040562587,0.12964,0.0,0.08943567346383452,0.11429992158105624,0.006292575720291868,14.21288792368894,159.82171611572477,63.86515847236593,20,0.0009839550869198454,27,1.5352380275726318,0.6888551836191743
S2,4,12,1,MGCUBED,hyb,sample,5000,10,1004,1e-18,1.0,1.5586462313488156,7.07e-06,20000.0,3.16e-11,5,0.01,0.6732891662868558,0.03057629225029683,0.7242547990659196,0.04472212159112637,0.5991381092746042,0.931212282058173,0.9581380766452533,0.9213825693353218,0.949755973306187,0.855292309081619,0.8940274663496878,0.725229236163706,0.7833903772314477,0.6732891662868558,0.7242547990659196,0.6756626942436468,0.7114231684988979,0.7580243827678468,0.7830546600193932,0.8687471638989088,0.8881509901889769,0.9342591018455938,0.9324306400992628,1.0056886078649172,0.9948392250563559,1.6605390671738465,0.16914257611262004,0.523745502072943,1.5586462313488156,6.154298882546825e+18,2.2569060190187894e+18,6.154298882546826,2.2569060190187895,0.19699137855353588,0.08967788696541372,0.6559012303604176,0.12857306232960944,0.8373078304741673,0.0516,0.0,0.11397239682020227,0.12299111995993939,0.0064518461430389425,17.66508287603385,148.69365774388245,54.528975201999344,17,0.0009741538945930098,32,1.7404990196228027,0.6732891662868558
S2,4,13,1,MGCUBED,hyb,sample,5000,10,1004,1e-18,1.0,2.0,7.07e-06,20000.0,3.16e-11,5,0.1,0.6510338757724564,0.013201480446185757,0.7095711327216503,0.01775498125198478,0.640837801882997,0.9523441694939996,1.0226227528981826,0.943715734827909,1.0144124155383252,0.881091615747976,0.9549604381434186,0.7310028810635076,0.8098414786470085,0.6547304828068484,0.7275201774113399,0.6510338757724564,0.7095711327216503,0.733107146240021,0.7720726746070465,0.8497455187648185,0.8754403128251302,0.9206822541219047,0.9209806012689675,1.0040825035449727,0.9926018865739993,1.6605390671738465,0.13181671940928272,0.4705516107728963,2.0,5.563143001462194e+18,1.756204209670772e+18,5.563143001462195,1.7562042096707722,0.18140890948705315,0.07618301168946122,0.5959247360036186,0.1415538100882921,0.8155164019397542,0.007,0.0,0.15975399792237277,0.1314702109291021,0.006630673288376988,24.093178923836902,134.41077484643932,42.43154787651223,13,0.001,40,2.1476919651031494,0.6510338757724564
S2,4,14,1,MGCUBED,hyb,sample,5000,10,1004,1e-18,1.0,2.0,7.07e-06,14068.79704663769,3.16e-11,5,0.1,0.6694753510814503,0.01677875889888241,0.7262174837352157,0.02241167372646051,0.6600581150489256,0.9669256523185847,1.014097163136609,0.957312696174851,1.0045990258030266,0.8914020329611736,0.9403625495652748,0.7459531101286665,0.8041037103509735,0.6724116837301609,0.7365153928788184,0.6694753510814503,0.7262174837352157,0.7495391648265145,0.7906589480537707,0.8381353762670989,0.8650038705150976,0.9128463538400335,0.9117173327409731,1.0112464903781053,0.998585563704571,1.6605390671738465,0.13181671940928272,0.4705516107728963,2.0,3.91342552823448e+18,1.2373400479336412e+18,3.9134255282344808,1.2373400479336414,0.2234796630319066,0.1017619982488394,0.5185565842408844,0.13798053750005124,0.746150306029402,0.0,0.0,0.14987524466329682,0.12873927914943065,0.006776668623405502,22.11636026375147,94.55204682237705,29.895301010162484,13,0.001,40,2.085371732711792,0.6510338757724564
S2,4,15,1,MGCUBED,hyb,sample,5000,10,1004,1e-18,1.0,1.9994712234988714,7.07e-06,1592.327210960717,3.16e-11,4,0.1,0.7454453934192768,0.007251925378865111,0.7794198063383772,0.006872863654439058,0.7378860227753294,0.973020448563183,1.002259965460071,0.9524621673373067,0.9820361652755775,0.8636350410222626,0.897378842631993,0.7777810497748825,0.8176340357189288,0.7498166512777351,0.7871854990159852,0.7454453934192768,0.7794198063383772,0.7589441827492106,0.7848030956433,0.8724785495805044,0.8750628105681628,1.0036118857967238,0.9915221432020846,1.0926057503054294,1.0883420730712343,1.6605390671738465,0.1318515794176991,0.47060604874715284,1.9994712234988714,4.432316601480993e+17,1.4592866750320694e+17,0.4432316601480994,0.14592866750320696,0.43644272393918354,0.34653634817973494,0.1251235038605275,0.04447355566493498,0.21787566743035908,0.0,0.0,0.04143450389712484,0.042171388025758906,0.004566123157304453,9.074329024796851,10.708894389614144,3.5257740572656657,13,0.0009997356117494357,40,1.3892998695373535,0.6510338757724564
S2,4,16,1,MGCUBED,hyb,sample,5000,10,1004,1e-18,1.0,1.9998136570972453,7.07e-06,19912.096363772172,3.16e-11,5,0.1,0.6511056032394947,0.013170475258176273,0.7104339538340826,0.01873353228096552,0.6409274432366009,0.9527562648341844,1.0223658794524453,0.9440345529191856,1.0141147438952482,0.8808922856592382,0.9544411147135927,0.7304607486143369,0.8090393288395579,0.6545798873482568,0.7278044637492685,0.6511056032394947,0.7104339538340826,0.7332578458770543,0.7726637271377512,0.849625835274168,0.8754383473575258,0.920574973462766,0.9208895100480492,1.0041520945670466,0.992671705102947,1.6605390671738465,0.13182900210874282,0.47057079278855146,1.9998136570972453,5.538860888114195e+18,1.7486643477593203e+18,5.538860888114196,1.7486643477593204,0.18192348239034167,0.07647304303039944,0.5950028169572923,0.14154522304723005,0.814753298058945,0.00628,0.0,0.15966229553198075,0.1314709248332899,0.0066334220366491585,24.069370929492887,133.82409611659978,42.24937771092652,13,0.0009999068285486226,40,2.1330909729003906,0.6510338757724564
S2,4,17,1,MGCUBED,hyb,sample,5000,10,1004,1e-18,1.0,1.994432996902428,7.07e-06,19500.687043508042,3.16e-11,1,0.01,0.7922133088822638,0.010295702198920972,0.8295783810110274,0.01898285708759616,0.7788887764572562,0.8301531021018537,0.8701239409319388,0.8297080436762532,0.8697011715064302,0.8257435712470965,0.8659225600529161,0.8076082960860533,0.8481511990899928,0.7922133088822638,0.8295783810110274,0.8070513875917611,0.8341956685578176,0.8704042960019859,0.8793532908158308,0.9546602011551683,0.9467104987423968,0.9870546977017771,0.9750053545287344,0.9978737855679487,0.9885119102646236,1.6605390671738465,0.1321846556028791,0.47112568029615326,1.994432996902428,5.429176466931032e+18,1.7169237766823933e+18,5.4291764669310325,1.7169237766823935,0.1845453449342976,0.07798753667861105,0.5911197992024506,0.14143962707086216,0.8112815545985784,0.00396,0.0,0.15880197362291995,0.13146261371606485,0.006645015267025769,23.89790952188404,131.17401718892575,41.48249561722572,13,0.0009972164984512139,40,2.2419803142547607,0.6510338757724564
S2,4,18,1,MGCUBED,hyb,sample,5000,10,1004,1e-18,1.0,1.845992067118362,7.07e-06,19924.895270642002,3.16e-11,5,0.1,0.6637288968169217,0.019935203431088188,0.7024512185002949,0.032565794837124844,0.6447248261439719,0.9012330080692472,0.9545476569707244,0.8942328566046719,0.9474482353807337,0.8452255000259301,0.8974318779119809,0.7328426468722091,0.7804960058348935,0.668586016836293,0.7127821225870685,0.6637288968169217,0.7024512185002949,0.7431609040219259,0.7745112523148723,0.8565795826009068,0.8799902813963163,0.9252187255082948,0.9247269353258709,1.0047737685646843,0.9931330762429287,1.6605390671738465,0.142813960858512,0.4872455152672651,1.845992067118362,5.710119005452594e+18,1.894704507800165e+18,5.7101190054525945,1.8947045078001654,0.18713970140482553,0.08073092843878513,0.6144469543052063,0.13814567627613478,0.8217470099860944,0.01392,0.0,0.14446586794518876,0.12978439920524076,0.006586410486674546,21.933930209401364,137.96185353972308,45.777845532916466,14,0.0009978335497937093,37,2.15116024017334,0.6510338757724564
S2,4,19,1,MGCUBED,hyb,sample,5000,10,1004,1e-18,1.0,0.9984523899821167,7.07e-06,209.67709423800065,3.16e-11,5,0.01,0.8357763718387211,0.010538429196644983,0.8649943612987304,0.03225645576770806,0.814343866066366,1.1722247708277478,1.2237923746402761,1.057290459173919,1.1009728350652352,0.9034790951500368,0.9344803815125633,0.8449597165520478,0.8748046811957264,0.8357763718387211,0.8649943612987304,0.8492318044694169,0.8747041781650049,0.9159849600371297,0.9303908075395293,0.987588187774991,0.9874974201226066,1.0180620090671744,1.015261316362729,1.191795577105831,1.1986701225468828,1.6605390671738465,0.26404207297584553,0.6265420230100978,0.9984523899821167,8.233013801856926e+16,4.994731799540537e+16,0.08233013801856927,0.049947317995405374,0.9539050118621807,0.9253646125576969,0.047528396364711234,0.006604884376219053,0.060708117399048266,0.0,0.0,0.004056587110952875,0.00645722920909395,0.0030006833963956633,1.3518877452468105,1.9891736813850782,1.206774248208144,26,0.0009984523899821166,20,0.6035659313201904,0.6510338757724564
S2,4,20,1,MGCUBED,hyb,sample,5000,10,1004,1e-18,1.0,1.9935238427879156,7.07e-06,293.81654765728143,3.16e-11,5,0.01,0.8029104491726022,0.013533040250229613,0.8318680412755711,0.009891156707511166,0.7844253887674911,1.1023884181132517,1.1838128518376112,1.0061274827406752,1.08807828546876,0.8639744658846027,0.9287613719185156,0.8139382268836629,0.8559973118489005,0.8029104491726022,0.8318680412755711,0.8202578399669861,0.8390654855706478,0.9226244167510673,0.9288017316741186,0.9899648833872039,0.988200497687077,1.014305915636962,1.0125261046773582,1.220579445839617,1.228841878679285,1.6605390671738465,0.13224493891674638,0.4712196304613401,1.9935238427879156,8.211056056219491e+16,3.2395450662480536e+16,0.08211056056219493,0.03239545066248054,0.48588387191040466,0.46356104190496167,0.031323289239537325,0.007460672776379401,0.04822604927591521,0.0,0.0,0.010240936465981473,0.006632563421116316,0.0024437421191802694,4.190678052975859,1.9838684832188025,0.7827046013196387,13,0.0009967619213939577,40,1.0465950965881348,0.6510338757724564
S2,4,21,1,MGCUBED,hyb,sample,5000,10,1004,1e-18,1.0,2.0,7.07e-06,20000.0,3.16e-11,4,0.01,0.7009740617812198,0.018992115296914434,0.7668607386893169,0.018657942938615765,0.6364635011302495,0.9160399614861422,0.98010840223217,0.9113056814417064,0.9755130077701543,0.874222991639448,0.939630220658492,0.7652753223744599,0.8346915827674515,0.7009740617812198,0.7668607386893169,0.7019781151880058,0.7535593096542689,0.7812883656095917,0.8165442065398578,0.8620305718715858,0.8835931967867531,0.9352645266392539,0.9307743581109216,1.0060236950667463,0.9943225877782357,1.6605390671738465,0.13181671940928272,0.4705516107728963,2.0,5.563143001462194e+18,1.756204209670772e+18,5.563143001462195,1.7562042096707722,0.18140890948705315,0.07618301168946122,0.5959247360036186,0.1415538100882921,0.8155164019397542,0.007,0.0,0.15975399792237277,0.1314702109291021,0.006630673288376988,24.093178923836902,134.41077484643932,42.43154787651223,13,0.001,40,2.351746082305908,0.6510338757724564
S2,4,22,1,MGCUBED,hyb,sample,5000,10,1004,1e-18,1.0,1.600372581432636,7.07e-06,13200.568911339558,3.16e-11,5,0.1,0.6925880148237595,0.020993922695883516,0.7438235159746288,0.03244545737616816,0.6899117646389684,1.0204223421062468,1.0347328177329849,1.0083733164830408,1.023687953069875,0.9294570460699182,0.9517729194739953,0.7739449157294087,0.8132545765095752,0.6981402226809498,0.7474678983988612,0.6925880148237595,0.7438235159746288,0.7745035610590673,0.8141483645912707,0.8522984214106504,0.8773076341095505,0.9228952661274381,0.920544187008498,1.0134073339154528,1.000843678797183,1.6605390671738465,0.16473253908322003,0.5179392051948526,1.600372581432636,4.010961426144649e+18,1.4496469138820974e+18,4.010961426144649,1.4496469138820975,0.25507941194292116,0.12469752630716013,0.5592597502706973,0.1314869048294466,0.7592488814536836,0.0,0.0,0.11137418603439798,0.12619272576379198,0.006761466496996634,16.47189793573171,96.90860598506679,35.02483486357066,16,0.0009699227766258399,33,1.836944818496704,0.6510338757724564
S2,4,23,1,MGCUBED,hyb,sample,5000,10,1004,1e-18,1.0,1.9840909791456829,7.07e-06,307.8521849020544,3.16e-11,2,0.001,0.9280613656291472,0.01664281607677236,0.9337560186375441,0.016846135140911492,0.8803991362584362,1.0242724352884385,1.0334869117513648,1.0040618869453377,1.0137901404731255,0.9522196756522966,0.9619981510053822,0.9280613656291472,0.9337560186375441,0.9287212488834363,0.9294662754747218,0.9581743275002825,0.9534504789664865,0.9892797298384366,0.9834852520691758,0.9966521341025182,0.9928737654127804,1.0126811637325641,1.0123515681925297,1.2361322020313374,1.245223974502314,1.6605390671738465,0.1328736643579125,0.4721977059296878,1.9840909791456829,8.615338357431832e+16,3.377406207304283e+16,0.08615338357431833,0.033774062073042836,0.4875428437395702,0.46403128105968133,0.03260723248227765,0.0079539332347946,0.05056410274150848,0.0,0.0,0.010583084643761356,0.007125581693770313,0.002490554357775221,4.24928876204697,2.0815468951315825,0.8160131515145765,13,0.0009920454895728415,40,0.9746139049530029,0.6510338757724564
S2,4,24,1,MGCUBED,hyb,sample,5000,10,1004,1e-18,1.0,0.5,7.07e-06,20000.0,3.16e-11,1,0.01,0.9164967342712226,0.009848293403475797,0.9265883779989956,0.014743263894434998,0.8983069953099694,0.9597775483042179,0.9582285692332901,0.9587035980795615,0.9573989969719324,0.9504133289983392,0.9511312100634036,0.928172389947519,0.9357830650630401,0.9164967342712226,0.9265883779989956,0.9188641852987693,0.9233770657919207,0.9602009133067811,0.9564240884300546,0.9943563509316666,0.9889277453963071,0.9999367330926529,0.9943863641416781,1.0021413153850274,0.9977340790540717,1.6605390671738465,0.5272668776371309,0.7914984825837854,0.5,1.2306894214753612e+19,7.033378276888106e+18,12.306894214753614,7.033378276888107,0.24896126275467026,0.15029803105991188,0.8621193564125287,0.05074417578110836,0.9219647615249451,0.88436,0.22528,0.013699898738672485,0.05048114643201111,0.004778953936712637,2.866714958984605,297.3461561069734,169.93304391711115,53,0.001,10,0.6173932552337646,0.6510338757724564
S2,4,25,1,MGCUBED,hyb,sample,5000,10,1004,1e-18,1.0,1.1538314554087794,7.07e-06,20000.0,3.16e-11,3,0.01,0.7862192575243525,0.02958217137739839,0.7952020135081665,0.048373111896442444,0.7231819449804258,0.9301656873686726,0.9175986324154488,0.9267461758245567,0.9144308675023607,0.9002876513647129,0.8903164023657455,0.8263845185359451,0.8268647121215981,0.7862192575243525,0.7952020135081665,0.789273427829953,0.8023804933761307,0.8495345637075673,0.8681179735871103,0.9027454027107679,0.909367920729167,0.9769287575006661,0.9681705915095881,1.0068418823592256,0.9971263869439287,1.6605390671738465,0.22848522423508152,0.5922856106336866,1.1538314554087794,7.118018775899725e+18,3.0490618275160064e+18,7.118018775899726,3.049061827516007,0.21404407832878591,0.10675975640015427,0.7225770662220994,0.10757993665299177,0.8622628579396294,0.23572,0.0,0.0709572695358591,0.10493923744867265,0.006120569915567197,11.593245484441695,171.9780380962201,73.66820566780495,23,0.0009615262128406495,24,1.3470900058746338,0.6510338757724564
S2,4,26,1,MGCUBED,hyb,sample,5000,10,1004,1e-18,1.0,0.5,7.07e-06,20000.0,3.16e-11,5,0.1,0.8753360379243939,0.012401577127558601,0.8994593221690483,0.021024928048257726,0.8513929828536483,1.2160806821204415,1.1936635165348801,1.1943601449790036,1.17355494848414,1.0837472506959065,1.0701470865821152,0.9404826474857828,0.9380720049016418,0.8846678744292195,0.8972925840363674,0.8753360379243939,0.8994593221690483,0.8939734643509306,0.9187422590268982,0.9243328194801326,0.9314625970070306,0.9840670344510747,0.9793832943256217,1.006602204783434,1.0011066432056952,1.6605390671738465,0.5272668776371309,0.7914984825837854,0.5,1.2306894214753612e+19,7.033378276888106e+18,12.306894214753614,7.033378276888107,0.24896126275467026,0.15029803105991188,0.8621193564125287,0.05074417578110836,0.9219647615249451,0.88436,0.22528,0.013699898738672485,0.05048114643201111,0.004778953936712637,2.866714958984605,297.3461561069734,169.93304391711115,53,0.001,10,0.6573309898376465,0.6510338757724564
S2,4,27,1,MGCUBED,hyb,sample,5000,10,1004,1e-18,1.0,0.5,7.07e-06,200.0,3.16e-11,3,0.01,0.8825467484825156,0.01704682485314254,0.9165255908818482,0.025618721231016876,0.8640318669593068,1.0319337729120266,1.0796071861657812,0.992024766905973,1.037960470846349,0.9229023382325193,0.9632187781769522,0.8914645296632632,0.929232506197413,0.8825467484825156,0.9165255908818482,0.8918725706660519,0.9225041901796646,0.9370200303646801,0.9564060999826985,0.9908463570148133,0.9918535821333968,1.019642358629892,1.015238968774012,1.1510402563030149,1.1555136460577475,1.6605390671738465,0.5272668776371309,0.7914984825837854,0.5,1.2891007566755227e+17,9.650220891252669e+16,0.12891007566755228,0.0965022089125267,1.8239817336834474,1.771620293863841,0.08792043539333276,0.00915916836815701,0.10474794875179276,0.0,0.0,0.001771568230062894,0.00913721134856127,0.0039980779346358635,0.44310497669782034,3.1145888486840425,2.331584262873783,53,0.001,10,0.32964301109313965,0.6510338757724564
S2,4,28,1,MGCUBED,hyb,sample,5000,10,1004,1e-18,1.0,1.4427861111575002,7.07e-06,19793.35654132836,3.16e-11,1,0.01,0.8181400682168967,0.010471150184333524,0.8448566475793635,0.015129726861093925,0.7934067617104558,0.8570488360081898,0.8774813920912946,0.8565304601045435,0.8770399802353221,0.8519938013405184,0.8732002433671295,0.8328960843103757,0.857551960693622,0.8181400682168967,0.8448566475793635,0.8264200884910142,0.84966351429468,0.8775636027090016,0.8875702167993632,0.9606744531250371,0.9535253417204249,0.9920284702447871,0.9807956763084101,1.0002648967872678,0.9910205780393632,1.6605390671738465,0.18272524026937087,0.5409359468997702,1.4427861111575002,6.303489702839164e+18,2.409222181684513e+18,6.3034897028391645,2.409222181684513,0.2033025104847658,0.09490030883008904,0.6710038406376171,0.12447838228520387,0.8422530618326082,0.07896,0.0,0.1015699565901593,0.119876113846068,0.006389744821593734,15.895776658703197,152.29824848515918,58.209077158780815,18,0.000995024904246552,29,1.5490360260009766,0.6510338757724564
S2,4,29,1,MGCUBED,hyb,sample,5000,10,1004,1e-18,1.0,1.1367675496804925,7.07e-06,3269.0208422925734,3.16e-11,3,0.1,0.7696957087626435,0.009091253855122916,0.8126965003899265,0.006586366964446411,0.7611912888008484,0.918539330912178,0.9712719372134281,0.911709327807443,0.9640817399436239,0.8693905403799798,0.918983003422062,0.7998811719024144,0.8431562058920212,0.7719068193491017,0.8164287049642975,0.7696957087626435,0.8126965003899265,0.7846541654946121,0.8178013984501623,0.8480142370095217,0.8568456320870794,0.9963479017530898,0.9838356247391868,1.0492520183717535,1.036582624979353,1.6605390671738465,0.23191499343261865,0.5957828531522187,1.1367675496804925,1.1732390471765573e+18,5.149712094075485e+17,1.1732390471765575,0.5149712094075486,0.5806627315454701,0.40478166532586884,0.32890351424942965,0.08925174708836327,0.4765353506326796,0.0,0.0,0.038665831040542324,0.08826520495427807,0.006493257215245551,5.954766576897436,28.346560455061297,12.442189471290536,23,0.0009884935214612978,23,1.0157759189605713,0.6510338757724564
S2,4,30,1,MGCUBED,hyb,sample,5000,10,1004,1e-18,1.0,1.4330959312909566,7.07e-06,19104.65896111538,3.16e-11,2,0.01,0.786122415295564,0.017499421229511085,0.8104269289624634,0.030663084264096946,0.7521626598671525,0.8723095461480757,0.884896594804356,0.8708671513506785,0.8835946641536705,0.8587936864071782,0.8727477550675099,0.8159011455657387,0.8351391915900773,0.786122415295564,0.8104269289624634,0.7914393114123246,0.8183140530520738,0.8472148689759005,0.8684814220873612,0.9111861011530304,0.9113453797405068,0.9852407322406777,0.9746114412133899,1.0039427325942654,0.9935426990150799,1.6605390671738465,0.18396077545281986,0.5424504049698851,1.4330959312909566,6.102044249991639e+18,2.340182580409051e+18,6.10204424999164,2.3401825804090515,0.2089077397109093,0.09825199175516669,0.6652262075194401,0.12479420087674103,0.837417326801042,0.05888,0.0,0.10040658342164904,0.12030283501755566,0.006419986305701649,15.639688099097194,147.43113660264763,56.541015363481826,18,0.0009883420215799701,29,1.587303876876831,0.6510338757724564
S2,4,31,1,MGCUBED,hyb,sample,5000,10,1004,1e-18,1.0,1.1257855683443987,7.07e-06,4358.081521814619,3.16e-11,5,0.1,0.7698358073342498,0.006107093519033136,0.8061420011703699,0.016309129206004296,0.7601234143808724,1.0853707969486879,1.0708242482520327,1.0628318809639088,1.047457988789156,0.9523644600590753,0.936719902388095,0.820328303082641,0.8251679847985842,0.7717390003613396,0.7956936238495798,0.7698358073342498,0.8061420011703699,0.7872986546453793,0.8274843515520516,0.8078790159133918,0.8338030042200554,0.9344247705176926,0.9278849112998524,1.0463091829644577,1.0337191967640589,1.6605390671738465,0.23417731247547408,0.5980657677826515,1.1257855683443987,1.571469143518313e+18,6.887922429699886e+17,1.5714691435183132,0.6887922429699886,0.5259786274656904,0.3454323487688132,0.39279804151019954,0.10051691711521406,0.5528615356789907,0.0,0.0,0.044850770676212105,0.09934347116382844,0.006739124768818793,6.6552812441953595,37.968174676086875,16.64186936440056,23,0.0009789439724733901,23,1.0885539054870605,0.6510338757724564
S2,4,32,1,MGCUBED,hyb,sample,5000,10,1004,1e-18,1.0,1.5014596133540283,7.07e-06,8327.024338958012,3.16e-11,2,0.01,0.7838616178381397,0.01142778780727614,0.819188929707313,0.023760400714782262,0.7537574212985455,0.8707086139606968,0.8996670017200259,0.8687244291186621,0.8977786628833908,0.8531681584710924,0.8829833450864093,0.8089832020799722,0.8413429739198982,0.7838616178381397,0.819188929707313,0.7843266827483855,0.8187602459165573,0.814830417736944,0.8390684969893545,0.8927395470983237,0.8919917170692214,0.9915946129030869,0.9781892687044191,1.0187152008120044,1.0062401260448475,1.6605390671738465,0.1755847686303391,0.5320253778759644,1.5014596133540283,2.607355232167385e+18,9.821082553251843e+17,2.6073552321673854,0.9821082553251844,0.3360152395653166,0.18462794412884131,0.47131856694445595,0.12102246990819447,0.664568657626537,0.0,0.0,0.08823119150077569,0.11736025622637047,0.006834776742482808,12.909154874417263,62.99615828020658,23.728660497608413,18,0.000968683621518728,31,1.4815900325775146,0.6510338757724564
S2,4,33,1,MGCUBED,hyb,sample,5000,10,1004,1e-18,1.0,0.9588271590406386,7.07e-06,409.1466881048492,3.16e-11,3,0.01,0.8067209099086844,0.01484693090636192,0.8235740685142134,0.019955369789876873,0.797977824988352,0.9582170738159173,0.9840025296811298,0.9312270653670067,0.9585215861562693,0.8552952841080013,0.8830965903262186,0.8111944735816827,0.8330283923651705,0.8067209099086844,0.8235740685142134,0.8242384885152004,0.8375700078467709,0.8986540834164132,0.9079376488816738,0.9820748882289674,0.9824390387141919,1.0196852177863347,1.0150542834534069,1.1626063354462177,1.168743279927119,1.6605390671738465,0.27495407940086486,0.6362376137665671,0.9588271590406386,1.6299095229793936e+17,8.838393718579069e+16,0.1629909522979394,0.0883839371857907,0.9582471787645344,0.8967746783929714,0.08087498059639514,0.017715370869800035,0.11425124826916183,0.0,0.0,0.006631627893246301,0.01756433925483576,0.003826337457795303,1.7331529083342738,3.9380149288930584,2.1354391713458956,27,0.0009588271590406386,20,0.6200299263000488,0.6510338757724564
S2,4,34,1,MGCUBED,hyb,sample,5000,10,1004,1e-18,1.0,1.1582992588901129,7.07e-06,14854.675866222933,3.16e-11,4,0.01,0.7489776046156467,0.025314355175510322,0.8161019520490111,0.03200738408946445,0.6949985057501487,0.9457968542392965,1.0176104912209503,0.9395595929434648,1.011712698047271,0.8950385054932622,0.9692650524420854,0.7931278618287622,0.867983630898653,0.7489776046156467,0.8161019520490111,0.7562021433497973,0.8122373799130059,0.8284400909146351,0.8655317946096888,0.8825498250316366,0.8999056508241488,0.9563579404226236,0.9496699595434229,1.012346578953421,1.0013356765684878,1.6605390671738465,0.22760390874391137,0.5913798054241213,1.1582992588901129,5.276810706418816e+18,2.259525601220457e+18,5.276810706418817,2.2595256012204574,0.26486515360636187,0.137543537543399,0.6634484861918616,0.11412572310503113,0.8182514200278602,0.01884,0.0,0.07013965651842076,0.11167237459801292,0.006471944408042664,10.837493664385997,127.49271690145675,54.59226677537927,23,0.0009652493824084274,24,1.342386245727539,0.6510338757724564
S2,4,35,1,MGCUBED,hyb,sample,5000,10,1004,1e-18,1.0,1.476289188179256,7.07e-06,2707.66601277452,3.16e-11,3,0.1,0.7599700647380804,0.007118564775429052,0.7981890906933128,0.010577650645227992,0.7520885428867514,0.9117410462497112,0.9927906185679788,0.9042921039437275,0.9847267884726429,0.8598082812210499,0.9351934842826791,0.7892738128668586,0.8477007454106922,0.7627805690822489,0.8066779179517269,0.7599700647380804,0.7981890906933128,0.7738948197168182,0.8037398769733646,0.8611299060988473,0.8660805822581208,1.0000019226788504,0.9870486042479492,1.0558378375086261,1.0455326192301424,1.6605390671738465,0.1785784526023056,0.5357944737242699,1.476289188179256,8.543492961347451e+17,3.304049551449026e+17,0.8543492961347452,0.33040495514490265,0.5091487795609227,0.36528935548753827,0.24118866107945766,0.07547395232315943,0.3780873068576308,0.0,0.0,0.04650002611652009,0.07380718486522185,0.005901898983978947,7.878824466963456,20.641883707249423,7.982894925127188,18,0.000984192792119504,30,1.2218759059906006,0.6510338757724564
S2,4,36,1,MGCUBED,hyb,sample,5000,10,1004,1e-18,1.0,1.0571160907228792,7.07e-06,4856.288023281859,3.16e-11,3,0.01,0.7911331426151456,0.01239279442947354,0.8230436297113597,0.02140934537390435,0.7526083093169909,0.9196767765088485,0.9546659827322775,0.9145510788975045,0.9495666474222139,0.880681071101298,0.9157643474088928,0.8169684338395411,0.8506884078139381,0.7911331426151456,0.8230436297113597,0.7913244018661618,0.825202532813605,0.8064706833158091,0.8385392728119949,0.8502917839134729,0.8608337584706591,0.9868298193432073,0.9757995411085847,1.0372565656271808,1.0250595334982098,1.6605390671738465,0.2493892971000821,0.6129430921504981,1.0571160907228792,1.8127963807326085e+18,8.172745055976854e+17,1.8127963807326088,0.8172745055976854,0.520543206102723,0.33630941222491784,0.4329130550836226,0.10341872267956531,0.5929447885583733,0.0,0.0,0.04333336252511421,0.10234416584192814,0.0068403044391805255,6.335004956344543,43.79886803360048,19.746121847084073,25,0.0009610146279298901,22,1.066985845565796,0.6510338757724564
S2,4,37,1,MGCUBED,hyb,sample,5000,10,1004,1e-18,1.0,1.322507710318487,7.07e-06,17114.301128749114,3.16e-11,1,0.01,0.8207247900414385,0.01241745757575567,0.8430182883664366,0.021466747000350055,0.8007083134226649,0.865639163258096,0.8811796791551064,0.864938089933017,0.8805351731570525,0.8589476831508556,0.8750583108069737,0.8363544853429772,0.8550931462370814,0.8207247900414385,0.8430182883664366,0.8266794145166363,0.8505429015241412,0.8761371480067733,0.8863484059544217,0.962407568903358,0.9554529485750731,0.9939552162426244,0.9829513097714025,1.002384104136432,0.9934584699768241,1.6605390671738465,0.19934359305555738,0.5606696390668586,1.322507710318487,5.683771236945577e+18,2.2772283335126292e+18,5.683771236945578,2.2772283335126295,0.2307252293624643,0.11313063121358669,0.6619210938955926,0.1206508380811143,0.8277052556732654,0.03308,0.0,0.08812330750791031,0.11706277012288747,0.00645450365588831,13.652995211725884,137.32526663559855,55.01998146178308,20,0.000979635340976657,27,1.4737818241119385,0.6510338757724564
S2,4,38,1,MGCUBED,hyb,sample,5000,10,1004,1e-18,1.0,1.1624798899457025,7.07e-06,6847.666160412521,3.16e-11,2,0.01,0.8006161479343981,0.015420230421545915,0.8229920965329024,0.025664055039306192,0.7669865663847779,0.8835188005899637,0.8995581210404004,0.8813978698468514,0.8974100386523534,0.8652291423046303,0.8811854161334747,0.8222051969477959,0.840025918743476,0.8006161479343981,0.8229920965329024,0.8009879672664859,0.8267897504012363,0.8238217387173423,0.8441409515297993,0.9016173628416692,0.9000559907671377,0.9986260617354672,0.9860501804552471,1.0239317111801147,1.0122805629522493,1.6605390671738465,0.22678537590089348,0.5905358801869386,1.1624798899457025,2.42870487026294e+18,1.0442666757595067e+18,2.4287048702629406,1.0442666757595067,0.4208012315892756,0.25089063287927305,0.48930705102497035,0.11276923119300947,0.6601305822087233,0.0,0.0,0.057607148743742655,0.11106604036197404,0.006879348257867628,8.373925346468646,58.679797265603526,25.23046648239293,23,0.0009687332416214188,24,1.1860339641571045,0.6510338757724564
S2,4,39,1,MGCUBED,hyb,sample,5000,10,1004,1e-18,1.0,1.3865202677385005,7.07e-06,19432.48592099934,3.16e-11,2,0.01,0.8028252890949495,0.011152463387907211,0.8250380878363931,0.02969705007788609,0.7539975595111699,0.887405259136572,0.9181320003609017,0.8860688453821346,0.9166222110248518,0.8748106240635078,0.9038915761551714,0.833645402114388,0.8573371157408831,0.8028252890949495,0.8250380878363931,0.8065637842199556,0.8278865518905045,0.8541772133238673,0.8722879477630565,0.9146087892231003,0.9137820038846292,0.9863009586696743,0.9754572958430197,1.0040912626819205,0.9935515681088924,1.6605390671738465,0.1901403426641341,0.5499083404235117,1.3865202677385005,6.307802384583101e+18,2.4642417764728274e+18,6.307802384583102,2.4642417764728277,0.20819274097374393,0.09869314369545243,0.6767233584876768,0.12177664324111707,0.842914937410607,0.08676,0.0,0.09547816660501249,0.1176158231521143,0.006368660535052863,14.99187561960703,152.40244693821285,59.538402391889285,19,0.0009903716198132145,28,1.540639877319336,0.6510338757724564
S2,4,40,1,MGCUBED,hyb,sample,5000,10,1004,1e-18,1.0,1.8234836316955425,7.07e-06,2330.497665286056,3.16e-11,2,0.01,0.7700596411238908,0.016617951804847514,0.8098582516922033,0.01520487989832987,0.7418475291882661,0.8743914919173266,0.9082275643053265,0.8694109619186481,0.9039012371016721,0.8381925786853566,0.876901805332064,0.7871765860407846,0.8323767812045398,0.7700596411238908,0.8098582516922033,0.774218608152376,0.8026723111942828,0.8207325894970747,0.8304816791414394,0.9491734632038629,0.9423471314479738,1.0049244797257932,0.991796317291149,1.0721647737915307,1.0682999475252868,1.6605390671738465,0.14457680575582096,0.4898358564874123,1.8234836316955425,6.711153310767542e+17,2.305065659435075e+17,0.6711153310767543,0.23050656594350752,0.44567081530902225,0.32816458223370826,0.18263088269131764,0.06286627078354674,0.30624822834669424,0.0,0.0,0.051472402720997866,0.06037745627841389,0.005321832333143527,9.6719324283172,16.21477852315535,5.569255747608028,14,0.0009856668279435365,37,1.4130029678344727,0.6510338757724564
S2,4,41,1,MGCUBED,hyb,sample,5000,10,1004,1e-18,1.0,0.6127964929240062,7.07e-06,14070.836041257031,3.16e-11,3,0.01,0.8601676066171754,0.021457393001914793,0.893696835455047,0.03212945406117324,0.8180811583876091,1.020217786093319,1.0195361508247838,1.0145809961712486,1.0148880442248767,0.9763987943710773,0.9838432285287186,0.8988266778441718,0.9221079076371023,0.8601676066171754,0.893696835455047,0.8628226369028098,0.8956809876837923,0.88326019471482,0.9078275447120525,0.9263919038190247,0.9284419618574828,0.9929996277085135,0.9855527382557592,1.0086220734231996,1.0009203387637282,1.6605390671738465,0.4302136873542111,0.7440701552990727,0.6127964929240062,7.430224214990219e+18,4.0422558555928576e+18,7.43022421499022,4.042255855592858,0.3236375090527969,0.19357292089684294,0.7832665125433474,0.07309641342382935,0.8736887407892082,0.5488,0.0,0.021805856085647363,0.0726606335697381,0.005704384752040283,3.822648196696073,179.52121557132665,97.6647088767964,43,0.0009427638352677018,13,0.7291882038116455,0.6510338757724564
S2,4,42,1,MGCUBED,hyb,sample,5000,10,1004,1e-18,1.0,0.8149372926325495,7.07e-06,2235.818854883928,3.16e-11,1,0.01,0.8308898554467457,0.009800821539811872,0.8541074677537728,0.013015723838969968,0.8207880602590683,0.8664320578531159,0.898682743007752,0.8647938305269529,0.8969673936609514,0.8543857434366172,0.8858528369010525,0.8376305238370954,0.8655745638315224,0.8308898554467457,0.8541074677537728,0.8343303087308989,0.8520340900077763,0.9057057492380878,0.9105936199233987,0.9865653911854511,0.9823803316857275,1.018846658030225,1.0078125690775965,1.0613199950218204,1.0568029789355626,1.6605390671738465,0.32350150275603623,0.6754456117717316,0.8149372926325495,9.747463275426711e+17,4.962677893690558e+17,0.9747463275426712,0.49626778936905586,0.8200993751450184,0.6213903335311636,0.32331041340767014,0.07769280491744998,0.4486271698473352,0.0,0.0,0.020220022521737963,0.07736007487225222,0.00650161195788843,3.11000143544478,23.550789388174227,11.990297226386629,32,0.0009587497560382936,17,0.7437829971313477,0.6510338757724564
S2,4,43,1,MGCUBED,hyb,sample,5000,10,1004,1e-18,1.0,1.5774509078462233,7.07e-06,5156.951448495986,3.16e-11,1,0.01,0.7914039962127359,0.009149780445847466,0.8157794780716389,0.014928607212415491,0.7797767026279756,0.8293526030160644,0.858389627771315,0.8284657867994172,0.8574460594852928,0.8214203765516593,0.8498922514723105,0.8012045779687597,0.8273345981950708,0.7914039962127359,0.8157794780716389,0.7978249207452203,0.819978298865489,0.8676714146844177,0.8712077261973526,0.9704076845153186,0.9607096866960111,1.0011494589731662,0.9865927333299871,1.0352155227740885,1.0272831122752142,1.6605390671738465,0.16712623987678832,0.5211050496050049,1.5774509078462233,1.5795240263875185e+18,5.817620683520315e+17,1.5795240263875188,0.5817620683520316,0.40077718539961366,0.24575624930843865,0.3524177021320966,0.10396532695689709,0.5321240942971032,0.0,0.0,0.07464685158338112,0.10086517802040414,0.006558130498130597,11.382337024958453,38.16278823311078,14.055919533779962,17,0.0009859068174038895,32,1.4628701210021973,0.6510338757724564
S2,4,44,1,MGCUBED,hyb,sample,5000,10,1004,1e-18,1.0,1.0599346211751806,7.07e-06,15194.615250031924,3.16e-11,2,0.01,0.8113781270773968,0.017374586001093022,0.8392414100364711,0.03711835659534918,0.7788016363683675,0.9026901688069119,0.9211354573886611,0.9006088106367492,0.9191028123857251,0.8840334095975028,0.9030113738752723,0.8354250206058967,0.8573676849444591,0.8113781270773968,0.8392414100364711,0.815901903151849,0.8468280098999375,0.85722030145817,0.8790053457149212,0.922088427737787,0.9207255549300799,0.9924019496587725,0.9819971869669553,1.0075641880072976,0.9975096509204601,1.6605390671738465,0.24872613230263893,0.6123111232110439,1.0599346211751806,5.660954673144208e+18,2.5243319531401544e+18,5.660954673144209,2.524331953140155,0.26769737626017526,0.1416395191412065,0.6879493990341917,0.10795854457936396,0.8310083721024727,0.05704,0.0,0.060775938469647184,0.10599377555963221,0.006355822940372029,9.562245367724127,136.77399696320848,60.990237659181886,25,0.0009635769283410732,22,1.2347133159637451,0.6510338757724564
S2,4,45,1,MGCUBED,hyb,sample,5000,10,1004,1e-18,1.0,0.8252204598325987,7.07e-06,18413.727887881872,3.16e-11,4,0.01,0.8042313485992049,0.013181046981116966,0.8372536535511264,0.057743224350997,0.727954422854184,1.0358678148291418,1.0270566688661453,1.028450446659105,1.0202176506751686,0.9775141723138043,0.9745093579166275,0.8647559261096693,0.8814097850201579,0.8042313485992049,0.8372536535511264,0.8046245478505769,0.8418523904188525,0.8652870055423605,0.8929361059522917,0.9081454565224819,0.917731973925726,0.9745364581789427,0.9678567333068002,1.0082598430852756,0.9999852962635087,1.6605390671738465,0.3194703132688266,0.6724124346653901,0.8252204598325987,7.949332640893767e+18,3.924405865927043e+18,7.9493326408937675,3.9244058659270435,0.24607991780532554,0.13540645312367872,0.7741247488882728,0.08443308421360916,0.8790938014227777,0.51412,0.0,0.03877746950442446,0.0833598179093528,0.005758459094011226,6.734001035928669,192.0633640900097,94.8173421234227,32,0.0009708475998030573,17,1.0148611068725586,0.6510338757724564
S2,4,46,1,MGCUBED,hyb,sample,5000,10,1004,1e-18,1.0,2.0,7.07e-06,5138.259190763294,3.16e-11,5,0.1,0.7381004735373597,0.011611616895901568,0.793931688251889,0.01571682200544902,0.728889132898691,1.068282219732169,1.1010615835645514,1.049417351964212,1.0826651645507688,0.9456148289864883,0.9857051535138721,0.7932065530009141,0.8552520014722305,0.7398499089529557,0.8051032263862243,0.7381004735373597,0.793931688251889,0.7680102423623059,0.8120804639159186,0.7925574278349565,0.8205280682379726,0.9232303982020884,0.9168494450108051,1.0435579901670575,1.0302452052054427,1.6605390671738465,0.13181671940928272,0.4705516107728963,2.0,1.4294666311939203e+18,4.5609279086192294e+17,1.4294666311939204,0.456092790861923,0.34338470950332006,0.20580649002546023,0.2998132556497431,0.099498985331643,0.4881513670781025,0.0,0.0,0.09628003325208136,0.094026338440867,0.00626900118191924,15.358113750204375,34.537260225991666,11.019631421574678,13,0.001,40,1.8299129009246826,0.6510338757724564
S2,4,47,1,MGCUBED,hyb,sample,5000,10,1004,1e-18,1.0,0.9256478734350102,7.07e-06,7760.885312275408,3.16e-11,5,0.1,0.7910502321640138,0.021473208925808486,0.8221099501471029,0.02388174410413875,0.7724061258817723,1.1243530222895708,1.1501046669798636,1.1039154375554294,1.1291310415471663,0.9938804439561368,1.017756683141866,0.845521077690506,0.8734005797705228,0.7931702647041982,0.8231961510654578,0.7910502321640138,0.8221099501471029,0.8242354430665706,0.8571964040034317,0.8529360109542143,0.8726278323288172,0.9400182464064833,0.9335942445246648,1.0250836673832207,1.0130187639471506,1.6605390671738465,0.28480964131667197,0.6446975714862595,0.9256478734350102,3.1242661232737736e+18,1.4807240872277356e+18,3.124266123273774,1.4807240872277359,0.4354875350342957,0.26194343079623245,0.5742527160332611,0.10773170135531285,0.7259792635329105,0.0,0.0,0.04260066131212958,0.10672118664403875,0.006821404763974387,6.245144920459016,75.48521228832963,35.77568864322839,28,0.0009743661825631686,19,1.0585386753082275,0.6510338757724564
S2,4,48,1,MGCUBED,hyb,sample,5000,10,1004,1e-18,1.0,0.777321317695586,7.07e-06,2209.0730228930743,3.16e-11,2,0.01,0.7905063364891765,0.009338156755396185,0.8151185800492973,0.014033832941684898,0.7803978181413902,0.8781433394477614,0.8822582950592093,0.873048186747036,0.8775767322009578,0.8430194383785379,0.850867267377932,0.8019452660372733,0.8196418860875495,0.7905063364891765,0.8151185800492973,0.7920768566872566,0.8198918741225617,0.8154529801730586,0.8359375866689964,0.9323179890308385,0.9330990747910306,1.0203836309081116,1.0081684026980413,1.0534986181817154,1.0436421841099068,1.6605390671738465,0.3391563216098614,0.686879868980881,0.777321317695586,9.93085596372389e+17,5.147931301063947e+17,0.9930855963723891,0.5147931301063947,0.8492706097619994,0.6454661493767482,0.33142649811259034,0.07752987082948229,0.45572731468598804,0.0,0.0,0.01894393372794587,0.0772336567734387,0.006546984651805426,2.8935356863440647,23.99388339687967,12.437886907641552,34,0.0009716516471194825,16,0.7065238952636719,0.6510338757724564
S2,4,49,1,MGCUBED,hyb,sample,5000,10,1004,1e-18,1.0,0.6598134430155349,7.07e-06,13833.903282107613,3.16e-11,3,0.01,0.8569996395621267,0.02101004164027692,0.8763138436140782,0.026580829307691966,0.8202897358837683,0.9996198212283133,1.012804796484546,0.9942561973688283,1.007675819600773,0.9579669686039767,0.9728922139049315,0.8869487358876027,0.9039157916171356,0.8569996395621267,0.8763138436140782,0.859938445322685,0.8824338597044313,0.8810459975714734,0.9015310879292343,0.9215386041333897,0.9232703925729571,0.9914302658536143,0.9838665078634709,1.0091863438582571,1.001421292972327,1.6605390671738465,0.3995575440440948,0.7264128621663205,0.6598134430155349,6.930309798277436e+18,3.691904253846233e+18,6.930309798277437,3.6919042538462334,0.32302021314826806,0.19111232104423953,0.7672331311687295,0.07807766004727791,0.864748491975462,0.452,0.0,0.02522311566116837,0.07754549988901223,0.005846038472398332,4.314565458345438,167.44281239355286,89.19988418200107,40,0.0009425906328793356,14,0.7968661785125732,0.6510338757724564
S2,4,50,1,MGCUBED,hyb,sample,5000,10,1004,1e-18,1.0,2.0,7.07e-06,16640.64582722754,3.16e-11,5,0.1,0.6575766916461403,0.015545129982223632,0.7147477919836337,0.02163584106300214,0.6485948294870367,0.9571407386911759,1.0065759145826072,0.9481784655639176,0.9977770956582903,0.8848305645276773,0.9361341764980734,0.7371644067775595,0.7969138556481704,0.6612398762127103,0.7260952171552296,0.6575766916461403,0.7147477919836337,0.7398988797701653,0.7805980127886304,0.8438739837237673,0.8702676196345646,0.9162834569346003,0.9159016843473529,1.0074744970015623,0.9954121787994546,1.6605390671738465,0.13181671940928272,0.4705516107728963,2.0,4.628765047923868e+18,1.4623264751640468e+18,4.628765047923868,1.462326475164047,0.20305999429530913,0.08882943163250731,0.5559449845220178,0.14046019525039313,0.7810255167999072,0.0,0.0,0.15553152058352537,0.13075252199009635,0.006727072791784785,23.120237493707975,111.83532339723028,35.331185007036645,13,0.001,40,2.0951597690582275,0.6510338757724564
S2,4,51,1,MGCUBED,hyb,sample,5000,10,1004,1e-18,1.0,1.7009783054497298,7.07e-06,16035.072504919128,3.16e-11,5,0.1,0.6892885944590792,0.01899982024212912,0.7150785051769002,0.017116305498561666,0.6700222688217723,0.9734548419189414,0.9851719093155848,0.9632667762619258,0.9755603597399174,0.8951651118005651,0.9114107164308326,0.7559147255747733,0.7808413863813443,0.6924039757136672,0.7190234805116311,0.6892885944590792,0.7150785051769002,0.7647134442023387,0.792075739699329,0.8565527423546759,0.8790486433397302,0.9241709858617073,0.9222291191797494,1.0088809091206847,0.996639281378908,1.6605390671738465,0.1549893011415346,0.5046886768896905,1.7009783054497298,4.746995749174469e+18,1.6546298584926812e+18,4.746995749174469,1.6546298584926815,0.22146099688221907,0.10229639980150364,0.5872618459828215,0.13489539890683383,0.7907129852074664,0.0,0.0,0.12603171340597552,0.1283476811925163,0.00668564867509217,18.851082300437813,114.69188850108512,39.977415879045495,15,0.0009719876031141313,35,1.846059799194336,0.6510338757724564
S2,4,52,1,MGCUBED,hyb,sample,5000,10,1004,1e-18,1.0,2.0,7.07e-06,10892.61406437312,3.16e-11,5,0.1,0.6910374555587304,0.012605328220110264,0.7484366832145415,0.01972876877053689,0.6808553298263541,0.9743376410577334,1.013149604343543,0.9627767895888585,1.0023170595878081,0.8887865482567303,0.9333175075132092,0.7510328436593328,0.8095302187523432,0.6918743250063784,0.7582010306094091,0.6910374555587304,0.7484366832145415,0.7628659216376004,0.8051026867843462,0.8275368284252715,0.8551649859338433,0.9095580023829793,0.907268023433832,1.018156315627329,1.0049495779379365,1.6605390671738465,0.13181671940928272,0.4705516107728963,2.0,3.0299952013325814e+18,9.59486207224614e+17,3.0299952013325817,0.9594862072246141,0.2551689305882853,0.12406962664240072,0.46085654939941517,0.131605434935344,0.6868390392728057,0.0,0.0,0.13855850115326568,0.12323916413271842,0.006777410122280919,20.44416652575751,73.20753802033518,23.182090507764208,13,0.001,40,1.944911241531372,0.6510338757724564
S2,4,53,1,MGCUBED,hyb,sample,5000,10,1004,1e-18,1.0,1.1138936703878375,7.07e-06,18456.59480851423,3.16e-11,2,0.01,0.8139774904203202,0.013671292675628508,0.8281228675471114,0.02696246821385648,0.7796555815507117,0.899436455767989,0.9180917252549685,0.8978231739896234,0.9163646524016897,0.8846977770211991,0.9023929774162772,0.8416145075284275,0.8573817028845397,0.8139774904203202,0.8281228675471114,0.821816478919905,0.8379427905435899,0.8652124634950811,0.881061837094899,0.9258710354447279,0.9238908722820665,0.9908468489220645,0.9812774017283168,1.004914956601461,0.9957608286833819,1.6605390671738465,0.23667738297388213,0.6005668605602975,1.1138936703878375,6.694035289953637e+18,2.9172202255268593e+18,6.694035289953638,2.91722022552686,0.22918082353843397,0.11668152321056813,0.7151838759458476,0.10677130489171892,0.8545366202422628,0.19212,0.0,0.06669018832039501,0.10440097040838014,0.006178415688536542,10.794059785283187,161.7341977252051,70.482788381983,24,0.0009686031916415978,23,1.3293960094451904,0.6510338757724564
S2,4,54,1,MGCUBED,hyb,sample,5000,10,1004,1e-18,1.0,2.0,7.07e-06,18528.066134604345,3.16e-11,5,0.1,0.6536762597326018,0.013941237867981212,0.7103731217491163,0.019195868569696073,0.6419639526011192,0.9611707394717215,1.034844486427758,0.9521505798461465,1.0259989509657628,0.8874240505038088,0.9624142234097688,0.7335047262387058,0.8082725944865394,0.6566155803810918,0.7255568779632962,0.6536762597326018,0.7103731217491163,0.7357666905267564,0.7746791920019473,0.8474454475388647,0.8733519586413484,0.9187958694233789,0.9188489985197785,1.0054076254397724,0.9936821003696604,1.6605390671738465,0.13181671940928272,0.4705516107728963,2.0,5.153736168434794e+18,1.627438807912254e+18,5.153736168434795,1.6274388079122541,0.19029938908350705,0.08125145217708858,0.57945566236152,0.14130587286808366,0.8017391772200393,0.00024,0.0,0.15827028100643112,0.1313595790007447,0.006675886925549296,23.70775340737344,124.5191201397068,39.320454485738985,13,0.001,40,2.213812828063965,0.6510338757724564
S2,4,55,1,MGCUBED,hyb,sample,5000,10,1004,1e-18,1.0,2.0,7.07e-06,12613.213623571284,3.16e-11,1,0.01,0.7918224091442359,0.010474112753825052,0.827176038167187,0.01329160070914344,0.7779983926172077,0.834278705240752,0.8673326343376331,0.8336978945438884,0.866822203178381,0.8286368274194172,0.8623679198630543,0.8076748077154408,0.8436252826017687,0.7918224091442359,0.827176038167187,0.800805184906643,0.8282311275403714,0.85793379552958,0.8644028362268512,0.9560182089521672,0.9465736454478602,0.9892793909765552,0.9759257720666433,1.0052500997955012,0.9957957875040405,1.6605390671738465,0.13181671940928272,0.4705516107728963,2.0,3.5085664422016886e+18,1.1100049898372603e+18,3.508566442201689,1.1100049898372604,0.23696626425445746,0.11089999590997104,0.4939691108130533,0.13562866621438346,0.7215286173598838,0.0,0.0,0.14539980375402978,0.1267411085043033,0.006788224923536826,21.419414558566665,84.77026996656264,26.818766069508893,13,0.001,40,2.0164883136749268,0.6510338757724564
S2,4,56,1,MGCUBED,hyb,sample,5000,10,1004,1e-18,1.0,2.0,7.07e-06,18830.653829266117,3.16e-11,5,0.1,0.6715241952453223,0.01659281596633044,0.684238602060235,0.027205147576911164,0.6360325700675343,0.9233096495505568,0.9434971128837921,0.9157764840616988,0.9361304918933948,0.8629716146542716,0.8843239271379619,0.7456813908332316,0.7647594137384738,0.6822993222629459,0.6945340523132018,0.6715241952453223,0.684238602060235,0.7454081534216932,0.7647461823009967,0.8505926171220402,0.8712910937022678,0.9199322154458809,0.9182412259215955,1.005346032818114,0.99285878165684,1.6605390671738465,0.13181671940928272,0.4705516107728963,2.0,5.237898556906805e+18,1.6539093083785467e+18,5.2378985569068055,1.653909308378547,0.18840131364755788,0.08015519897263858,0.5829650096513554,0.14138291274766485,0.8047299355194378,0.00104,0.0,0.15861810916136113,0.13140518212136523,0.006666903966997949,23.79186950142699,126.55256271784593,39.960006709600975,13,0.001,40,2.1632020473480225,0.6510338757724564
S2,4,57,1,MGCUBED,hyb,sample,5000,10,1004,1e-18,1.0,1.6929677443690814,7.07e-06,19142.433113247007,3.16e-11,3,0.1,0.7653379620803962,0.011421581260591541,0.7923530756196129,0.03262821886558278,0.7462284728607478,0.9055921373978819,0.9063919007967947,0.9032381970608482,0.904490386734572,0.8839350167326658,0.8889620632709848,0.8174859288185882,0.836168727939412,0.7674521377906034,0.7960907624891638,0.7653379620803962,0.7923530756196129,0.8232736513814116,0.8508690483957052,0.8791925552724804,0.8926080702336598,0.9626439290879061,0.9539323493913738,1.0067358213261317,0.9953491242509726,1.6605390671738465,0.15572265903790963,0.5057070753385156,1.6929677443690814,5.689490463742037e+18,1.9925033342234565e+18,5.689490463742038,1.9925033342234568,0.19738614867570758,0.08829950670281123,0.6279476203643373,0.13307831835207182,0.8230447562892488,0.01708,0.0,0.1277011647947538,0.12630843977119297,0.006558183063717478,19.472034182950505,137.46344854194766,48.140757296135924,16,0.0009958633790406362,34,1.8499860763549805,0.6510338757724564
S2,4,58,1,MGCUBED,hyb,sample,5000,10,1004,1e-18,1.0,1.4076264986826512,7.07e-06,19098.2691642675,3.16e-11,2,0.01,0.799612384158392,0.013986821029589994,0.8269835701531141,0.02141219042532707,0.7535551595498589,0.8930450309816299,0.9082024857796362,0.891567151168057,0.9068511731826089,0.8790761662807546,0.8955113268037123,0.8325656071322263,0.8550706622232221,0.799612384158392,0.8269835701531141,0.8037039279638896,0.8293171175450137,0.849522375151946,0.872285520409565,0.9122945579392917,0.9135367802803815,0.9859934502118236,0.9754115767233065,1.0042584283377094,0.9936401540551915,1.6605390671738465,0.18728934064916428,0.5464914341590277,1.4076264986826512,6.157809261419681e+18,2.3885381751402655e+18,6.157809261419682,2.388538175140266,0.2096525665558605,0.09925044093026932,0.6702219677933549,0.12262702299689959,0.8390857331553285,0.06868,0.0,0.09746921840631004,0.11831681248101615,0.0064017754193209575,15.225341725069246,148.77847180388073,57.70933207838105,19,0.0009707768956432077,29,1.6142940521240234,0.6510338757724564
S2,4,59,1,MGCUBED,hyb,sample,5000,10,1004,1e-18,1.0,2.0,7.07e-06,15538.113113260226,3.16e-11,5,0.1,0.6623988688368075,0.014580367356740804,0.717219208869986,0.020058207687866092,0.652916842019303,0.9553578393396386,1.0102247164552822,0.9458746184360247,1.0006856245429783,0.8807150124864072,0.9358185878418975,0.7367816718013332,0.7972124315220088,0.664947329810371,0.7281096366025432,0.6623988688368075,0.717219208869986,0.7441619714050298,0.7837895648805139,0.8417556771240369,0.8681124416153615,0.9148314052351989,0.9141272698341198,1.0089524066451676,0.9966205575194553,1.6605390671738465,0.13181671940928272,0.4705516107728963,2.0,4.3221042411130035e+18,1.3658764435400038e+18,4.322104241113004,1.365876443540004,0.21133817083527068,0.09394780285164722,0.5407583964960965,0.13961705596966012,0.7672490546626799,0.0,0.0,0.15341026553529905,0.1300871245065438,0.006751896445058823,22.721063153681484,104.42610946049547,33.00086139659848,13,0.001,40,2.112908124923706,0.6510338757724564
S2,4,60,1,MGCUBED,hyb,sample,5000,10,1004,1e-18,1.0,1.997409608230944,7.07e-06,12697.06087817791,3.16e-11,5,0.1,0.6788744330897665,0.014627788740693244,0.7341690853423186,0.02018930179765384,0.6675786952602888,0.9750139030648937,1.0387975475706903,0.964407198658168,1.028610316123813,0.8935965846028697,0.9602624436621282,0.7483656950895462,0.8168957382285832,0.6809575901060263,0.7448247728188441,0.6788744330897665,0.7341690853423186,0.7556616991274586,0.7969266816719236,0.834223361410821,0.8613815813559664,0.9112226919106396,0.9096342272110676,1.0138583529014251,1.000973060375694,1.6605390671738465,0.13198766929536251,0.47081847289537876,1.997409608230944,3.5333726674608195e+18,1.1186738335807862e+18,3.53337266746082,1.1186738335807864,0.23630274271622048,0.11043619718046396,0.4957564945903116,0.1357838344801397,0.7231945482014009,0.0,0.0,0.1454834895772099,0.12690064536634177,0.006788094194904284,21.432155388536312,85.36961173383678,27.028213499546872,13,0.0009987048041154721,40,2.0341250896453857,0.6510338757724564
S2,4,61,1,MGCUBED,hyb,sample,5000,10,1004,1e-18,1.0,1.3531078880572212,7.07e-06,6739.283263639559,3.16e-11,3,0.01,0.7738304422371028,0.01483785183852269,0.827200606790598,0.027370244403836296,0.7372264008321616,0.9291802257491589,0.9802178249343015,0.9243304540047678,0.975544062668912,0.8896591681589335,0.9420151490737556,0.8110488016171971,0.86450517231143,0.7738304422371028,0.827200606790598,0.7745629790303827,0.8232523778992095,0.8048617455584803,0.8412325657782193,0.8466854558933962,0.859584818443128,0.9752868446492833,0.9642296353051101,1.0291088923255554,1.016317430938555,1.6605390671738465,0.1948354903148837,0.5554486704179991,1.3531078880572212,2.212231633080638e+18,8.803823045901684e+17,2.212231633080638,0.8803823045901685,0.3930261241873368,0.23007038519658765,0.44710562054152747,0.11510545269915795,0.6292404323032946,0.0,0.0,0.07075221988117701,0.11262083169973469,0.0068245340380689076,10.36733343060551,53.44959995887553,21.27086571205456,19,0.0009665056343265866,28,1.3350908756256104,0.6510338757724564
S2,4,62,1,MGCUBED,hyb,sample,5000,10,1004,1e-18,1.0,1.5010731789984038,7.07e-06,4932.6623276007185,3.16e-11,2,0.1,0.783717976335763,0.005852085850172446,0.8152008445804441,0.015246766536513776,0.77737690182342,0.8695711238571452,0.8763534756534364,0.8673029694184008,0.8745471720250368,0.8502625416010527,0.8612407145589502,0.8070538130632798,0.8293806109228014,0.7839403593302845,0.814188364423136,0.783717976335763,0.8152008445804441,0.8034055862097773,0.8260638622591442,0.9024258310016382,0.9009640742420416,1.0003266565036482,0.9865235248583033,1.033029674783078,1.0214639493523885,1.6605390671738465,0.17562997094816907,0.5320826524756582,1.5010731789984038,1.5449279543255974e+18,5.855006372163685e+17,1.5449279543255976,0.5855006372163686,0.4201764563128275,0.2617716694474532,0.3542814469595045,0.10263983220263687,0.5296474531494598,0.0,0.0,0.06884977485424358,0.09997912282287548,0.006572663369148263,10.475171325131425,37.3269145460127,14.146246878904874,18,0.0009684343090312282,31,1.379554033279419,0.6510338757724564
S2,4,63,1,MGCUBED,hyb,sample,5000,10,1004,1e-18,1.0,1.9070770921644122,7.07e-06,16080.500122467383,3.16e-11,5,0.1,0.6668633422364809,0.012920682095859632,0.6929277583825548,0.02908687907315087,0.6451898699548386,0.9505870968196113,0.9293738068567471,0.9420458529583978,0.9220140997424868,0.8828281859765887,0.8719010522830445,0.7509230661817695,0.7657811207619465,0.6761175251257285,0.7024998237688429,0.6668633422364809,0.6929277583825548,0.7454362038351021,0.7731431744134724,0.8459361165581948,0.8701471232381343,0.9183418048635085,0.916903516757802,1.0087464182508872,0.9960921207941343,1.6605390671738465,0.1382395289114181,0.4804157989846181,1.9070770921644122,4.5564113572576005e+18,1.4853001164157837e+18,4.556411357257601,1.485300116415784,0.210985646236143,0.09437073993231987,0.5608565538651752,0.13818455474504027,0.7795554474450496,0.0,0.0,0.14572511254004594,0.1295681246691027,0.006729182918321401,21.655691977592603,110.08719008070464,35.88624981857905,14,0.0009779882523920063,39,2.0421030521392822,0.6510338757724564
S2,4,64,1,MGCUBED,hyb,sample,5000,10,1004,1e-18,1.0,1.9811622598896863,7.07e-06,8523.300553304534,3.16e-11,5,0.1,0.7294633028964743,0.017644715072045295,0.7398830951629556,0.021024301516288313,0.696128088823655,1.0170994896630656,1.0201915707512088,1.005721990677986,1.0078288080163809,0.9340420389721998,0.930875764550162,0.8035220597106207,0.7959648820165841,0.740468126621064,0.7374354823643338,0.7294633028964743,0.7398830951629556,0.7771887164497242,0.8057883745347819,0.8174704491936418,0.8417493190616915,0.9101493258825922,0.9045939626877315,1.0260953521286775,1.0114497180301798,1.6605390671738465,0.1330700892885194,0.4725026105551816,1.9811622598896863,2.378315948725403e+18,7.587979741220444e+17,2.3783159487254033,0.7587979741220445,0.28698817134285337,0.14941000842305413,0.40803038995457047,0.12303435880159849,0.6258832364225148,0.0,0.0,0.12435818337550905,0.11577304527508739,0.006697514150641821,18.56781196402427,57.46235345987057,18.333273767516957,13,0.0009905811299448432,40,1.9787888526916504,0.6510338757724564
S2,4,65,1,MGCUBED,hyb,sample,5000,10,1004,1e-18,1.0,0.7695405302045937,7.07e-06,9804.88192361921,3.16e-11,2,0.01,0.840816389407278,0.018348602254207935,0.8557285376162052,0.019500471389551497,0.819557272223624,0.9241860011044786,0.9467189371712506,0.9216844313144088,0.9440374370847167,0.9031588857282997,0.9240949349911161,0.858709902019067,0.8754128180777689,0.840816389407278,0.8557285376162052,0.8452432517177035,0.8645660462013247,0.8651948649351409,0.8821686367788624,0.9325207117814032,0.9298741296090819,1.0002772827682835,0.9901758115083853,1.0135684579682112,1.0039214568600057,1.6605390671738465,0.34258551495458545,0.6893138262001471,0.7695405302045937,4.4254598051931254e+18,2.2471746049757914e+18,4.4254598051931255,2.2471746049757915,0.40018689253247214,0.23951457781178112,0.6698247078638514,0.09622836243340736,0.7971058494777019,0.0,0.0,0.03282534946136883,0.09552596678195338,0.006499510280250213,5.0504342705809435,106.92327723940186,54.29385507268987,34,0.0009619256627557421,16,0.8821449279785156,0.6510338757724564
S2,4,66,1,MGCUBED,hyb,sample,5000,10,1004,1e-18,1.0,1.9198742343442736,7.07e-06,20000.0,3.16e-11,5,0.1,0.6601832292909875,0.011433901012884903,0.6848768955077337,0.028236617498998032,0.63862162078657,0.9445961873609956,0.9346131288340702,0.9365269644816803,0.9270866080664032,0.8795600845557037,0.8747433178590024,0.7457386857272843,0.7577254378876078,0.6693913789718502,0.6930772540357311,0.6601832292909875,0.6848768955077337,0.7373532772830111,0.7622993638963708,0.8524543288813176,0.8752243543064434,0.923299229421142,0.9225536482679922,1.0047280743669906,0.9928590742795145,1.6605390671738465,0.13731807745657285,0.4790207228889171,1.9198742343442736,5.653909767857365e+18,1.8342967006903316e+18,5.653909767857366,1.834296700690332,0.18377308612710477,0.07827990908470922,0.6067243731311863,0.13917432049030043,0.8193114561897142,0.01072,0.0,0.15156097395474669,0.12999661952088445,0.006608076385808133,22.93571761371393,136.60378541587355,44.31833601495641,14,0.0009845508894073198,39,2.147799015045166,0.6510338757724564
S2,4,67,1,MGCUBED,hyb,sample,5000,10,1004,1e-18,1.0,1.8861937112290876,7.07e-06,20000.0,3.16e-11,5,0.1,0.6603674624437167,0.018786343514030385,0.7051295538603053,0.038094866712145285,0.6436214546974202,0.9253115070102973,0.9564360010814414,0.9177495099509907,0.949222498717698,0.8637283398358553,0.8977197668711788,0.7362932557158475,0.7749211661874081,0.6701794176186568,0.7113217902943523,0.6603674624437167,0.7051295538603053,0.7378315639013886,0.7757663292602812,0.8535563400997106,0.8782850862462235,0.9238022748464589,0.9232640855218278,1.0045255356974905,0.9928252821870898,1.6605390671738465,0.13977007623823312,0.48271857248920025,1.8861937112290876,5.688540339158843e+18,1.8644637352869507e+18,5.688540339158844,1.8644637352869509,0.18508464023222157,0.07926516295340237,0.6105789222114346,0.13870801467568897,0.8206581707072953,0.0124,0.0,0.14837422082701845,0.12990387377824172,0.006597287054624361,22.490187193388184,137.4404926370942,45.04719998517705,14,0.0009927335322258357,38,2.023665189743042,0.6510338757724564
S2,4,68,1,MGCUBED,hyb,sample,5000,10,1004,1e-18,1.0,1.5298980933146473,7.07e-06,10397.157565518233,3.16e-11,5,0.1,0.7268175835536258,0.02174166176870263,0.7621663019156106,0.039402035998001766,0.7022509240313723,1.0042296877316983,1.013325583975385,0.9923518421881123,1.0024634398712258,0.9200393289153709,0.9357587760253183,0.7927282549748648,0.8163119311956064,0.7327406943849482,0.7628079932760994,0.7268175835536258,0.7621663019156106,0.7884794844506592,0.8241708439891626,0.8426923022127696,0.8684589259000249,0.9205015261417925,0.9176007020354005,1.019608501339484,1.0065325160026473,1.6605390671738465,0.17232091468744978,0.527859827601612,1.5298980933146473,3.2242652170143196e+18,1.1977006989869798e+18,3.2242652170143202,1.19770069898698,0.29741916520520506,0.15473420196982562,0.5166997410032383,0.1268203381344944,0.7137285992421545,0.0,0.0,0.09788441966691673,0.1225358565541105,0.006825625064103107,14.340726123634338,77.9012845823684,28.93757700326049,17,0.0009870310279449337,31,1.5805020332336426,0.6510338757724564
S2,4,69,1,MGCUBED,hyb,sample,5000,10,1004,1e-18,1.0,1.5386742989036537,7.07e-06,18162.31815915896,3.16e-11,5,0.1,0.6890703774571777,0.01867224255488469,0.7236945845212446,0.04005833803540371,0.661267583251383,0.9514081290673948,0.9791493237084739,0.9428913575695616,0.9709238904490232,0.8848669401448458,0.9147059230169783,0.7612081707603012,0.7918398395781276,0.6970618747313624,0.7275446231082556,0.6890703774571777,0.7236945845212446,0.7666886495423677,0.7967159088179276,0.867214451022267,0.8891763264985505,0.9325845604794892,0.9310553179144361,1.0074538930763326,0.9960872965684715,1.6605390671738465,0.1713380401599034,0.526593681903883,1.5386742989036537,5.618595223752535e+18,2.074812777733045e+18,5.618595223752536,2.074812777733045,0.21136575398977475,0.09819457138133614,0.6386752034152728,0.12922283733317416,0.8229560124434944,0.01928,0.0,0.11107086915978905,0.12392415765707163,0.006530162640929874,17.008897827998492,135.7505527674891,50.12943097869184,17,0.0009926930960668734,31,1.7269601821899414,0.6510338757724564
S2,4,70,1,MGCUBED,hyb,sample,5000,10,1004,1e-18,1.0,1.9993126458420258,7.07e-06,17140.400521443975,3.16e-11,5,0.1,0.6556843129345602,0.014428958059170412,0.7132840247164274,0.021273915071028767,0.6469060032008244,0.9501961074781147,1.0064577015119192,0.941101507379259,0.997628706657677,0.8774381110721023,0.935878939023984,0.7325368005736492,0.7961930517270448,0.6582033976319159,0.7239793125049244,0.6556843129345602,0.7132840247164274,0.7385098994203878,0.7791388238917749,0.8448118395976447,0.8711494863495852,0.9169463342537065,0.9166873113443781,1.0068753038589304,0.9949040593922664,1.6605390671738465,0.13186203736911503,0.4706223781012649,1.9993126458420258,4.76829997246131e+18,1.5065218660086054e+18,4.76829997246131,1.5065218660086057,0.19954818842783123,0.08671045195372235,0.5625353541368038,0.14074530834436721,0.7868657047991385,0.0,0.0,0.1562983777077791,0.13097462014037384,0.00671433721936971,23.278303219100334,115.20661860216886,36.3989872775332,13,0.0009996563229210129,40,2.1001901626586914,0.6510338757724564
S2,4,71,1,MGCUBED,hyb,sample,5000,10,1004,1e-18,1.0,0.5074131565554528,7.07e-06,3539.10844520077,3.16e-11,5,0.1,0.7959523006055191,0.009660593098928714,0.8390324120890018,0.010527556689829801,0.776383777838322,1.1161390584426183,1.1409300881127382,1.0854092044425407,1.1100584353063265,0.9646339983225364,0.990884760168858,0.8513498000192199,0.8827829112508919,0.8110702316678765,0.8458744331966722,0.7959523006055191,0.8390324120890018,0.8005168564648629,0.8447136370584051,0.8313914458064916,0.8526095544798018,0.9611360251152696,0.9541090558093351,1.0390907541243604,1.0282684461307807,1.6605390671738465,0.519563664072542,0.7881430128631906,0.5074131565554528,2.1569930154161777e+18,1.24742727615053e+18,2.156993015416178,1.2474272761505303,0.8769051665497489,0.6242587741808565,0.5406939434373033,0.08641856393372269,0.6634815996048242,0.0,0.0,0.014385487503277127,0.08625549435737122,0.006939773384681566,2.0729045036298706,52.114982926781465,30.13901794505496,52,0.0009225693755553687,11,0.6105639934539795,0.6510338757724564
S2,4,72,1,MGCUBED,hyb,sample,5000,10,1004,1e-18,1.0,1.994804180872972,7.07e-06,15608.522474467507,3.16e-11,3,0.01,0.7522331660138393,0.018292201475867343,0.8050930199894198,0.020371124550125335,0.704787569599286,0.901900943448882,0.946685221204973,0.8990858279358053,0.9439937698610409,0.8761144944592099,0.9221202274805537,0.8001222401676552,0.8512429058554625,0.7522331660138393,0.8050930199894198,0.7562250069576616,0.8012922704700498,0.8108362502221735,0.8436262940943117,0.8601660053739761,0.8742851992404279,0.9569038272607223,0.9473598741178269,1.0091739113561098,0.9968260437291097,1.6605390671738465,0.13216005929122998,0.4710873389131106,1.994804180872972,4.345356634567438e+18,1.37532520652073e+18,4.345356634567438,1.3753252065207302,0.21104577039063505,0.09378276743905763,0.542349446175172,0.13964718096691478,0.7684407885693205,0.0,0.0,0.15311525869321396,0.1301622526491204,0.006749907405130693,22.68405320298602,104.98790918781208,33.229152410014095,13,0.0009974020904364859,40,2.049564838409424,0.6510338757724564
S2,4,73,1,MGCUBED,hyb,sample,5000,10,1004,1e-18,1.0,1.9840448183755082,7.07e-06,17458.569574833335,3.16e-11,5,0.1,0.6555885808968196,0.015305690391152496,0.7136118418613207,0.021789857437320568,0.6467603321107935,0.9507448219423147,1.0154518656589733,0.9419298645218837,1.0067862325402879,0.8792058802213948,0.9452633191367641,0.7325255742308661,0.8013905670264918,0.6581009048842367,0.7254562302322578,0.6555885808968196,0.7136118418613207,0.7382571371494836,0.7790953427383112,0.8459712189799019,0.8723307579049283,0.9176993356824961,0.9175441799765138,1.0065057904095227,0.9946044445600561,1.6605390671738465,0.13287675579547775,0.47220250711794504,1.9840448183755082,4.868955609040969e+18,1.5452283135941445e+18,4.868955609040969,1.5452283135941447,0.19802579972409107,0.0858791420237443,0.568281530600315,0.14076572265013823,0.7911124645194927,0.0,0.0,0.1554321589407623,0.13112544137084678,0.006703132517053409,23.187988383838157,117.63855358959908,37.33417150884956,13,0.0009920224091877542,40,2.1029701232910156,0.6510338757724564
S2,4,74,1,MGCUBED,hyb,sample,5000,10,1004,1e-18,1.0,1.9934280191281926,7.07e-06,19803.183583413294,3.16e-11,5,0.1,0.6513968318428569,0.012293568547701183,0.7110882563046544,0.018220489089062885,0.6407752422023617,0.9550289916853647,1.0373716771916273,0.9464348818499018,1.0288137325519666,0.8839504990877515,0.966648613572316,0.7322233731012023,0.8128023161354779,0.6552181501680554,0.7284792127566341,0.6513968318428569,0.7110882563046544,0.7335363042395999,0.7731879936441549,0.8497076958863812,0.8755582315317592,0.9205930962754303,0.9208973579922386,1.004241768818919,0.9927614694885305,1.6605390671738465,0.13225129590275506,0.47122953593524314,1.9934280191281926,5.51429757657464e+18,1.7442632969550781e+18,5.5142975765746405,1.7442632969550784,0.18279893639952272,0.07700729142119012,0.5945330424449171,0.14145955677976713,0.8140488851693425,0.00576,0.0,0.1589855390334702,0.13146819173331245,0.006635204669066007,23.960909566916122,133.2306233735913,42.143044178140954,13,0.0009967140095640964,40,2.102154016494751,0.6510338757724564
S2,4,75,1,MGCUBED,hyb,sample,5000,10,1004,1e-18,1.0,1.9990566407599468,7.07e-06,19526.04650304494,3.16e-11,5,0.1,0.6507340744023503,0.012738865877183673,0.7103549114236197,0.018328388176118357,0.6412871906438642,0.9503199716379831,1.0245113200443083,0.9414962510563594,1.0160742343847562,0.8779641017444455,0.9553306391191203,0.7284744976866457,0.8083575845711273,0.6542793874995082,0.7272184733748621,0.6507340744023503,0.7103549114236197,0.7333254617283582,0.7732191267130213,0.8489910034893187,0.8749482225240728,0.9201088578154512,0.9203620399925743,1.0044926290811562,0.992946257093737,1.6605390671738465,0.1318789240100493,0.47064874349337743,1.9990566407599468,5.432148373810323e+18,1.7154874550650895e+18,5.432148373810324,1.7154874550650898,0.18421589470806432,0.07777120831667111,0.5908877236946432,0.14149660983143983,0.8113245708170184,0.00404,0.0,0.15924587560721118,0.13146395007909292,0.006645387325698569,23.963370049385514,131.2458212583721,41.4477927340786,13,0.0009995283203799734,40,2.1339688301086426,0.6507340744023503
S2,4,76,1,MGCUBED,hyb,sample,5000,10,1004,1e-18,1.0,1.9950644130617143,7.07e-06,17835.28066760165,3.16e-11,5,0.1,0.6544522201820369,0.015150297259973756,0.7137180443965985,0.021408600482887803,0.6439379569584205,0.9462292946330562,1.0161296717469075,0.9374742428111345,1.0076623538171205,0.8752287394554887,0.9475479363219506,0.7299342139739907,0.8055563173105347,0.6567505934708009,0.7280050299969273,0.6544522201820369,0.7137180443965985,0.736827072017711,0.7774807052850053,0.8462059570509997,0.87251579934263,0.9179426514256879,0.9178919706989491,1.0060907189139046,0.9942666785863745,1.6605390671738465,0.1321428205989509,0.47106046381246935,1.9950644130617143,4.965023286746474e+18,1.570401400273081e+18,4.965023286746475,1.5704014002730813,0.1950033754325879,0.08402933654652887,0.5717127067471978,0.1410256552336409,0.7947610014241732,0.0,0.0,0.15694469778112502,0.13121425617414426,0.006694770293315624,23.442880174369247,119.95963916922578,37.94237699357342,13,0.000997532206530857,40,2.1373648643493652,0.6507340744023503
S2,4,77,1,MGCUBED,hyb,sample,5000,10,1004,1e-18,1.0,0.5032624617421724,7.07e-06,5943.730822228471,3.16e-11,1,0.01,0.8783540161211494,0.007983385809898925,0.8996484256603118,0.013613619065803058,0.8740812737734123,0.9253010737794399,0.9389907798504294,0.9237447880672125,0.9376830480753451,0.9126290957625555,0.9284844337946037,0.8888328502643572,0.9091912098379475,0.8783540161211494,0.8996484256603118,0.8788103689634512,0.8972605333186401,0.9242177737402948,0.9295407845385999,0.990009802919521,0.9847692434648453,1.0098318127373163,1.000631834067747,1.0168157008165477,1.0093887412827107,1.6605390671738465,0.5238488042718913,0.7900174208501005,0.5032624617421724,3.6399981386058747e+18,2.0930627065019658e+18,3.639998138605875,2.093062706501966,0.6424165750395651,0.42824041970211235,0.6594988648187877,0.08394757264976277,0.7708315454978371,0.0,0.0,0.015358952583322814,0.08375007164762044,0.006588150927439589,2.3312994423599065,87.94578354736137,50.57036644737892,52,0.0009150226577130406,11,0.6335301399230957,0.6507340744023503
S2,4,78,1,MGCUBED,hyb,sample,5000,10,1004,1e-18,1.0,1.9995643447961458,7.07e-06,16632.62847500471,3.16e-11,5,0.1,0.6573593155075678,0.015431051712515144,0.7144168266503532,0.02203393488347398,0.6486414888763614,0.9566012670086652,1.010550359720152,0.9474597154957827,1.001638523653407,0.883195576537984,0.9393091600498437,0.7353835408179551,0.798122718120857,0.6603730017351217,0.7256766209483143,0.6573593155075678,0.7144168266503532,0.7399302353024884,0.7805929860620889,0.8438855433345818,0.8702687828359966,0.9162859831749834,0.9158970586550321,1.0074862830046993,0.9954178449078483,1.6605390671738465,0.13184543898508186,0.4705964604732594,1.9995643447961458,4.626862363145252e+18,1.461918268643537e+18,4.626862363145253,1.461918268643537,0.20313791237517956,0.0888788289555777,0.5558875610732139,0.140451689761302,0.7809525694760223,0.0,0.0,0.1554797003945265,0.13075008560512844,0.00672720514238087,23.112079549204832,111.78935274083784,35.32132235301091,13,0.0009997821723980729,40,2.1643459796905518,0.6507340744023503
S2,4,79,1,MGCUBED,hyb,sample,5000,10,1004,1e-18,1.0,1.9920149363173991,7.07e-06,19875.575804332497,3.16e-11,5,0.1,0.6512301274539902,0.01255800078282047,0.7108059492726627,0.018477778155506334,0.6409507043748633,0.9504745228675816,1.0221188052421455,0.9417420478715359,1.0138865906727859,0.8786456458267617,0.9544220487233291,0.7292791917873538,0.8094459292924346,0.6547483411070406,0.728470583631791,0.6512301274539902,0.7108059492726627,0.7334773733409488,0.772983742305754,0.8498701939700869,0.8756874752057693,0.920716692935683,0.9210352527176007,1.0041790342866865,0.9927172532615351,1.6605390671738465,0.13234511148091072,0.47137568098787436,1.9920149363173991,5.535734818204544e+18,1.7517583886806822e+18,5.535734818204545,1.7517583886806825,0.18243035801745675,0.0768091548981273,0.5954704330815406,0.14144822965084522,0.8147473170506342,0.00632,0.0,0.15891929895991166,0.1314672207541197,0.006632522263431301,23.960612968631875,133.74856732313356,42.3241326538675,13,0.0009960074681586997,40,2.2992770671844482,0.6507340744023503
S2,4,80,1,MGCUBED,hyb,sample,5000,10,1004,1e-18,1.0,1.9965833771975419,7.07e-06,9902.625676812999,3.16e-11,3,0.01,0.765446391794131,0.015275017816973557,0.8225977870730926,0.014140252545182632,0.7210586089355593,0.9072237811952151,0.9414438080176186,0.9037353038189788,0.9386031002335861,0.8769932133556686,0.9167902334133331,0.8039501299184219,0.8568935847021668,0.765446391794131,0.8225977870730926,0.767556082577386,0.8160510182338456,0.8008983717830918,0.8361320699932158,0.8419488312900529,0.8553460530403901,0.9618847142944205,0.9509098403994983,1.0184904793758154,1.005423382241055,1.6605390671738465,0.13204228875661,0.4709036860095904,1.9965833771975419,2.7561648720701005e+18,8.742565185371716e+17,2.7561648720701006,0.8742565185371717,0.26722895847384776,0.1333422877908648,0.43978854254950783,0.12851172573208153,0.6633393347746569,0.0,0.0,0.1334680801948313,0.12053624369698587,0.006754825800803431,19.758922603001306,66.59153934423576,21.122860951128875,13,0.000998291688598771,40,1.9458889961242676,0.6507340744023503
S2,4,81,1,MGCUBED,hyb,sample,5000,10,1004,1e-18,1.0,1.9967496581883233,7.07e-06,3355.21725595649,3.16e-11,5,0.1,0.7433553082805944,0.009829292796272942,0.7943780104824101,0.014846315885918851,0.7323365512765289,1.081429650698393,1.0929312768940453,1.056281741240087,1.0689111472711041,0.9390868752985447,0.9586910750378778,0.8025330939783452,0.8431247254206031,0.749884159222522,0.8058366012128438,0.7433553082805944,0.7943780104824101,0.7574452691233347,0.8007250502433412,0.7839802575812231,0.8089896139393646,0.9481914232997743,0.9398176940983591,1.0584278222047683,1.0466933625748756,1.6605390671738465,0.1320312928250422,0.4708865329748509,1.9967496581883233,9.340202781195452e+17,3.0056119909870694e+17,0.9340202781195454,0.300561199098707,0.3850752340911753,0.2589496676217777,0.22356102607175918,0.07782357705744779,0.377134364659848,0.0,0.0,0.0728718093088373,0.07378063155920181,0.005718406194147467,12.743377583673286,22.56680967419636,7.2618416691812335,13,0.0009983748290941616,40,1.6085712909698486,0.6507340744023503
S2,4,82,1,MGCUBED,hyb,sample,5000,10,1004,1e-18,1.0,1.9961642034883111,7.07e-06,14601.963310488765,3.16e-11,5,0.1,0.6678207947486697,0.015449963543977147,0.7238351100720575,0.020782112303348813,0.6577309650352529,0.9549092747058374,0.9932969950390754,0.9457230185450356,0.9846489161955055,0.8826328943197354,0.9261081332306844,0.7420235657231665,0.7997991299243903,0.6699370123562919,0.7343311801612152,0.6678207947486697,0.7238351100720575,0.748073024129862,0.7886514942033165,0.839731891602408,0.866402272471495,0.9136416251261797,0.9126602032903157,1.0103385349329126,0.9977850623624513,1.6605390671738465,0.13207001626312312,0.4709469349331424,1.9961642034883111,4.064248989487331e+18,1.2862526970429325e+18,4.064248989487331,1.2862526970429327,0.21911873192182293,0.09892104295598798,0.5273262686221699,0.13863227436943396,0.7544031755257956,0.0,0.0,0.15094233632614174,0.12932041786277956,0.006768738665288937,22.299920825750846,98.19608370704624,31.077076683526236,13,0.0009980821017441556,40,1.997257947921753,0.6507340744023503
S2,4,83,1,MGCUBED,hyb,sample,5000,10,1004,1e-18,1.0,1.991103998948525,7.07e-06,17611.540779921874,3.16e-11,5,0.1,0.6556506243615254,0.015304774886183653,0.7132905413527842,0.02124231194791327,0.6453745908766912,0.9520568868794635,0.9973314191834497,0.9429079783256927,0.9885417216142548,0.8790113612552064,0.9276504970231224,0.7337541562216756,0.7928036276826321,0.6587189128493608,0.7241059297771644,0.6556506243615254,0.7132905413527842,0.7378635594029308,0.7780652441528328,0.8460452578603475,0.8722284067033957,0.9177502737923898,0.917607612535121,1.0063314580841125,0.9944544224141325,1.6605390671738465,0.13240565985392358,0.47146996427297466,1.991103998948525,4.905922291212604e+18,1.5536228700281603e+18,4.9059222912126055,1.5536228700281605,0.1966750622066045,0.08503903574252374,0.5693978178403917,0.14089713729646178,0.7925025354383307,0.0,0.0,0.15628004083670335,0.13115798693085853,0.006700237009736144,23.324554132878006,118.5317034498284,37.53699189913823,13,0.0009955519994742626,40,2.0640978813171387,0.6507340744023503
S2,4,84,1,MGCUBED,hyb,sample,5000,10,1004,1e-18,1.0,1.9991853325265911,7.07e-06,4827.598971119633,3.16e-11,3,0.1,0.7643075449911376,0.008637598836133265,0.8094892884997069,0.009332391141529525,0.7584717477014153,0.9222199522595927,0.956497200389886,0.9166828612598508,0.9516418507065667,0.8784383569252879,0.9182208767378004,0.7985982957029328,0.8496388138089118,0.7658734204120609,0.8185214738415582,0.7643075449911376,0.8094892884997069,0.7787579613101923,0.8124389942880554,0.8394864135052563,0.8479356992383092,0.9817595840688315,0.96928950011265,1.0371899691240578,1.0255621100068817,1.6605390671738465,0.1318704346862043,0.47063548926596954,1.9991853325265911,1.3432366745681126e+18,4.2907699895788454e+17,1.3432366745681128,0.4290769989578846,0.350018753522242,0.2134670199094331,0.2878388013488041,0.09634706735304295,0.4714167323460934,0.0,0.0,0.09266717924906288,0.09110348610055168,0.0061977549951439176,14.951733219798093,32.453863253811846,10.366904442966083,13,0.0009995926662632955,40,1.6946158409118652,0.6507340744023503
S2,4,85,1,MGCUBED,hyb,sample,5000,10,1004,1e-18,1.0,1.308271757942704,7.07e-06,11782.761167953571,3.16e-11,1,0.01,0.8125862941568096,0.00944748757116107,0.8413745855833777,0.023019666733333385,0.7942441664065195,0.8521587921239021,0.8773316279521273,0.8515265459844841,0.8767126855379562,0.8461639039113017,0.8714788807119878,0.8263876881039558,0.8527796823371849,0.8125862941568096,0.8413745855833777,0.8174393710779844,0.8419996816275221,0.8657118490119486,0.8716254904569996,0.9615678660482191,0.9527250108483166,0.9968701509941498,0.9842494191684569,1.0084536075294999,0.9985784510200109,1.6605390671738465,0.20151274933362226,0.5631483010098007,1.308271757942704,3.9330811928271473e+18,1.5866637734839355e+18,3.9330811928271476,1.5866637734839357,0.29550310797961166,0.15494721341180975,0.5839537315296008,0.12285098839046726,0.7617915808946775,0.0,0.0,0.08161052140111562,0.11979673746443939,0.0067443568766116365,12.100563907602222,95.0269461926301,38.33529124789663,20,0.0009690901910686696,27,1.389549970626831,0.6507340744023503
S2,4,86,1,MGCUBED,hyb,sample,5000,10,1004,1e-18,1.0,1.98743891376896,7.07e-06,18763.23195510261,3.16e-11,5,0.1,0.6538534863595988,0.01418130514024309,0.7105766924463481,0.01936924779896139,0.6430421756810466,0.9662815582060504,1.014527695475696,0.956530642104649,1.005377670139174,0.8885441340806652,0.9416277540777076,0.7355625739297615,0.798637076190799,0.6573679332009043,0.7240928286624271,0.6538534863595988,0.7105766924463481,0.7359943452172215,0.7750046553596801,0.8483906114285995,0.8742546234016997,0.9194048677623263,0.9195128493166779,1.00517426474229,0.9935172344202389,1.6605390671738465,0.13264983240094333,0.47184987370684156,1.98743891376896,5.22985501993937e+18,1.6575958937907233e+18,5.229855019939371,1.6575958937907236,0.1893290548784551,0.08076594354280135,0.5835859003814483,0.14123219750375607,0.8045900120423324,0.001,0.0,0.15740956373275947,0.13140530317389548,0.006666053585890868,23.613606117107572,126.35822328849551,40.04907808555842,13,0.00099371945688448,40,2.1537981033325195,0.6507340744023503
S2,4,87,1,MGCUBED,hyb,sample,5000,10,1004,1e-18,1.0,1.9958834577231133,7.07e-06,19543.760014990403,3.16e-11,5,0.1,0.6700855582244266,0.01603681173144426,0.6844900842425281,0.02659679426687951,0.6353399190583471,0.9274576477457132,0.9521487565187028,0.9199659125361048,0.9446597950354881,0.8666395674169216,0.8913475322172111,0.744874435038606,0.76575844624753,0.6803117338550095,0.6940683332360293,0.6700855582244266,0.6844900842425281,0.7441028293126882,0.7638679968684321,0.8518391614328282,0.8726019831372319,0.9209219007824426,0.9194354202184721,1.0047017322089933,0.992346169391461,1.6605390671738465,0.1320885935491024,0.47097590794224997,1.9958834577231133,5.439873699193591e+18,1.7195504407761994e+18,5.439873699193591,1.7195504407761997,0.18423311833670733,0.07780141064581837,0.5914332721223756,0.14146187602849325,0.8116153897552768,0.00416,0.0,0.15897433039736597,0.13146432387775808,0.006644032476257326,23.927386111592032,131.43247239612515,41.54595829579016,13,0.0009979417288615566,40,2.1462528705596924,0.6507340744023503
S2,4,88,1,MGCUBED,hyb,sample,5000,10,1004,1e-18,1.0,1.9906634129785776,7.07e-06,18099.07363134921,3.16e-11,5,0.1,0.6547302542229125,0.014001626959428023,0.7139343529454989,0.020772180996214987,0.6435576580331717,0.9550843315552633,1.006850866100566,0.9458237344765907,0.9980886644431857,0.8812105564511133,0.9371488584271515,0.7341851516534672,0.8000028010162816,0.6578966262036764,0.7273759793657404,0.6547302542229125,0.7139343529454989,0.7368738889599064,0.7772914992711146,0.8469919690737637,0.8731533525441975,0.9184228670425181,0.9183935550139722,1.0058154178553542,0.9940275096335848,1.6605390671738465,0.13243496469556226,0.4715155856776145,1.9906634129785776,5.04208566581803e+18,1.596773017240829e+18,5.042085665818031,1.5967730172408292,0.19344975129086367,0.0831410082756667,0.5754051682203782,0.14107900924546055,0.7977375727510987,0.0,0.0,0.15690233327032224,0.13128674032577423,0.0066863924938111476,23.465917296292336,121.82153883274249,38.57954009897208,13,0.0009953317064892889,40,2.0957531929016113,0.6507340744023503
S2,4,89,1,MGCUBED,hyb,sample,5000,10,1004,1e-18,1.0,1.993871970853825,7.07e-06,15810.994796511863,3.16e-11,5,0.1,0.6801459298715503,0.01681347625980492,0.6913998309943211,0.03181157713059572,0.6449132705806494,0.9317659281485172,0.9557389572603503,0.9230052175769854,0.9465811233071368,0.8642486656133113,0.885151882519807,0.74627505124427,0.7605034728527423,0.6882288563993461,0.6966941097833963,0.6801459298715503,0.6913998309943211,0.753248209201906,0.7748318203525979,0.8450973223221043,0.8666453227980602,0.9160667095871645,0.9135633868103371,1.00884134578363,0.9956838429853498,1.6605390671738465,0.13222184908174978,0.47118364901632614,1.993871970853825,4.40239285480651e+18,1.393679528222617e+18,4.402392854806511,1.3936795282226173,0.20952542305384356,0.09283603197422993,0.5453174793708849,0.1398129641228096,0.7711184917517633,0.0,0.0,0.15344902598081667,0.13030392356901604,0.0067454862541391205,22.748400960221108,106.36595799127281,33.67261011028946,13,0.0009969359854269126,40,2.1020641326904297,0.6507340744023503
S2,4,90,1,MGCUBED,hyb,sample,5000,10,1004,1e-18,1.0,1.9598315649586082,7.07e-06,19976.90447822763,3.16e-11,5,0.1,0.65245657721966,0.01292907014976864,0.7116572702203603,0.020645602110321203,0.6426362346127494,0.9563975901041951,1.0285156807828826,0.9474089875743408,1.0199111127044844,0.882923559343132,0.9583021904112586,0.731291434782075,0.8099164320756593,0.6557399210919719,0.7279998948470547,0.65245657721966,0.7116572702203603,0.7351635966072343,0.774779460686419,0.8514608532631194,0.8771940749914945,0.9216482729731352,0.9219615860398178,1.0041107198374326,0.9926841776585629,1.6605390671738465,0.13451841654776767,0.4747411338138776,1.9598315649586082,5.593768614390039e+18,1.787238442838563e+18,5.593768614390039,1.7872384428385633,0.18306576236243327,0.07738335393064498,0.6001327089727534,0.14105682928357013,0.8169346360277704,0.00832,0.0,0.15604134195072145,0.13143720324165814,0.006620366790344513,23.56989376756289,135.15071850107785,43.18136418102777,13,0.000979915782479304,40,2.1204490661621094,0.6507340744023503
S2,4,91,1,MGCUBED,hyb,sample,5000,10,1004,1e-18,1.0,1.9884086722775314,7.07e-06,19035.66017595097,3.16e-11,5,0.1,0.6533221293968664,0.013261612730399316,0.7108955068844498,0.018455495447202618,0.6431747219304427,0.9620780121779099,1.024804755840342,0.9529378545175996,1.0160976300165845,0.8875155099919276,0.9539094257283243,0.7334848984443035,0.805617005729186,0.6565428151371251,0.7261480363176414,0.6533221293968664,0.7108955068844498,0.7355488453803659,0.7744192993756707,0.8488289685733872,0.8745844808704384,0.9197443114612426,0.9198958654707565,1.0049200422198623,0.9933234562746163,1.6605390671738465,0.13258513830388732,0.4717492634180307,1.9884086722775314,5.3049398698277e+18,1.680811871145883e+18,5.304939869827701,1.680811871145883,0.18759791767119913,0.0797651896891036,0.5865919089298818,0.141298766467591,0.807184240164118,0.002,0.0,0.15779214217118231,0.13143393073944612,0.006657967659300052,23.69974596538832,128.17234398430836,40.60999796561619,13,0.0009942043361387657,40,2.1179699897766113,0.6507340744023503
S2,4,92,1,MGCUBED,hyb,sample,5000,10,1004,1e-18,1.0,1.998911619894184,7.07e-06,19113.485651360592,3.16e-11,5,0.1,0.6525931854385517,0.013239955967181638,0.7108631270795277,0.01813756376334491,0.6427269899294215,0.9570506246236843,1.0245627250200702,0.9481384352148732,1.01606815367249,0.8841971948179154,0.9551741201150824,0.7328305254671508,0.8080748827874593,0.6564717070372857,0.7270767614835517,0.6525931854385517,0.7108631270795277,0.734734243880229,0.7740291605670763,0.8484772018827647,0.8743625348532877,0.9195902883825985,0.9197661554985409,1.0048528197647557,0.9932472934977676,1.6605390671738465,0.13188849181462126,0.47066368081957033,1.998911619894184,5.317505379031999e+18,1.679492936612693e+18,5.317505379032,1.6794929366126932,0.18670407237979425,0.0791882575737732,0.5863061600152362,0.14143005179062262,0.807493196412055,0.00208,0.0,0.15882393979178672,0.13143703402027623,0.00665809209565677,23.854271991129607,128.47593852215255,40.578131264988286,13,0.000999455809947092,40,2.1075007915496826,0.6507340744023503
S2,4,93,1,MGCUBED,hyb,sample,5000,10,1004,1e-18,1.0,1.9884065922518324,7.07e-06,17991.29019335327,3.16e-11,5,0.1,0.6546420449222666,0.01478068830442537,0.7138335021332927,0.019712037440293984,0.6441371405281429,0.9538268371669544,1.0056591627014533,0.9445016327662978,0.9968296868428175,0.8795056521845913,0.9355436806351743,0.7328708699038025,0.7987165711390559,0.6575450641165432,0.7267412401066479,0.6546420449222666,0.7138335021332927,0.7369261950378245,0.7775485647946849,0.8467923375261698,0.8730596382561945,0.918304531959852,0.9182888701675731,1.0059187582503657,0.9941291245226338,1.6605390671738465,0.1325852769981041,0.4717494791477473,1.9884065922518324,5.013908650098178e+18,1.5889613626646026e+18,5.013908650098179,1.5889613626646029,0.19425367177551778,0.08362535582816623,0.5743567015866944,0.14101949930927488,0.7967003301491967,0.0,0.0,0.15656006962983826,0.13126528020192477,0.006689025387628255,23.40551284487652,121.14075559298573,38.390803166603575,13,0.0009942032961259162,40,2.10715913772583,0.6507340744023503
S2,4,94,1,MGCUBED,hyb,sample,5000,10,1004,1e-18,1.0,1.9878606850082654,7.07e-06,17183.392112187423,3.16e-11,5,0.1,0.6562605514140085,0.014559827750733098,0.7133889896782195,0.021312381539741614,0.6467804331157037,0.9507046250726419,1.0182126892252192,0.9418490059773521,1.0093768244243158,0.878901130025423,0.946721940999646,0.7324355205723793,0.8014297514459352,0.6586956413169396,0.7254937255019328,0.6562605514140085,0.7133889896782195,0.7389647857136038,0.7792745721617638,0.8453314290807217,0.8716082768414468,0.9172474504146851,0.9170023498619632,1.006810309796398,0.9948496459651661,1.6605390671738465,0.13262168762971902,0.47180610803157297,1.9878606850082654,4.789199664408606e+18,1.5182905164066788e+18,4.789199664408606,1.518290516406679,0.1997598602423763,0.08689514799425889,0.5643702210315187,0.140668968776261,0.7878472960886848,0.0,0.0,0.15535665885510166,0.13102150167271445,0.00671125978272157,23.14865820796777,115.71157484506061,36.68332895605668,13,0.0009939303425041328,40,2.14383602142334,0.6507340744023503
S2,4,95,1,MGCUBED,hyb,sample,5000,10,1004,1e-18,1.0,1.7407049852543333,7.07e-06,19298.926600450537,3.16e-11,5,0.1,0.6611507300635362,0.020818919078689595,0.7122188453928152,0.034481941240451584,0.6379172744810411,0.892251671700149,0.9713762713585161,0.8844298706921279,0.9638446692808887,0.8304155189758134,0.9113671611957328,0.714997703838774,0.7941712862123296,0.6617683074606122,0.7304522841402591,0.6611507300635362,0.7122188453928152,0.743662280999291,0.7769126127896463,0.8582460414035937,0.8809737051864402,0.9273638124924328,0.9264394104865751,1.0056788769155585,0.9941035223288465,1.6605390671738465,0.15145210765283476,0.4997265669472022,1.7407049852543333,5.663713828840231e+18,1.9480156424774275e+18,5.663713828840232,1.9480156424774278,0.1948700260837445,0.08621016746825799,0.6220756456506841,0.13525667320434628,0.8217078379096884,0.0148,0.0,0.13311832499243717,0.1280219520031484,0.006571520926539301,20.256851721316824,136.84066076367645,47.065892760541274,15,0.000994688563002476,35,1.8948040008544922,0.6507340744023503
S2,4,96,1,MGCUBED,hyb,sample,5000,10,1004,1e-18,1.0,1.9942564314016986,7.07e-06,19021.50993005106,3.16e-11,5,0.1,0.6531759200779261,0.012993003812491626,0.7111988448538924,0.018422323466521243,0.6431549146858953,0.9562138503920423,1.000658804815404,0.947056537815462,0.9921322455890331,0.8821890635466663,0.9321002212022341,0.7327372648772664,0.7955352372079478,0.6565698349359794,0.7248548917869992,0.6531759200779261,0.7111988448538924,0.7353393425401892,0.7745495795583117,0.8485907644816567,0.8744045213293404,0.9195974182125776,0.9197296304490694,1.0049385504880728,0.993315733078113,1.6605390671738465,0.13219635883699568,0.4711439218588405,1.9942564314016986,5.295929659970435e+18,1.675033957889116e+18,5.295929659970436,1.675033957889116,0.18745183631011225,0.07964511274425148,0.585781520790132,0.14136089126818566,0.8068087154879516,0.00184,0.0,0.15830677792417722,0.1314303021726052,0.006659795490983103,23.770516397765295,127.9546488274293,40.47039813910922,13,0.0009971282157008492,40,2.1618900299072266,0.6507340744023503
S2,4,97,1,MGCUBED,hyb,sample,5000,10,1004,1e-18,1.0,1.7339499060811407,7.07e-06,19963.65295623368,3.16e-11,5,0.1,0.6772507962032307,0.018422818296457855,0.7028527784262414,0.01736080501792979,0.6553404613690981,0.932413621529198,0.9606544191327794,0.9248787835027736,0.9531486826945477,0.8717886632907588,0.9006099009845068,0.749556719298597,0.7808534428247267,0.6840572970425033,0.7122502578656816,0.6772507962032307,0.7028527784262414,0.7538650134452524,0.778729376460748,0.8623200772890739,0.8834612670579473,0.9288754190591666,0.927447214606363,1.0051395350797634,0.9935909863954302,1.6605390671738465,0.15204213102926206,0.5005601052487749,1.7339499060811407,5.867293182292883e+18,2.0220770783169352e+18,5.867293182292884,2.0220770783169355,0.19083495050990287,0.08398038562919881,0.6300123043660183,0.13494962937788502,0.827670683863915,0.02288,0.0,0.13284787713067522,0.12773952702707053,0.006541422763638592,20.3087129407273,141.75932969473146,48.855286808979656,15,0.0009908285177606519,35,1.8648347854614258,0.6507340744023503
S2,4,98,1,MGCUBED,hyb,sample,5000,10,1004,1e-18,1.0,1.9989103311193055,7.07e-06,13333.585078568532,3.16e-11,5,0.1,0.6732466963834197,0.016242651445468173,0.7295350187072852,0.018787918895950443,0.6644219733824042,0.9794588748273106,1.0164611651505104,0.9688102067385014,1.006179121249919,0.8975560381082388,0.938550001822188,0.7481916246309305,0.8027538672813261,0.6757502713106059,0.7380855758530238,0.6732466963834197,0.7295350187072852,0.7525610116345389,0.7940110132550389,0.8360882892272017,0.8631882885183726,0.9119193807511043,0.9105873266644353,1.012571390953444,0.9998260106520103,1.6605390671738465,0.13188857684823801,0.47066381357128195,1.9989103311193055,3.709588255275675e+18,1.1736120350435466e+18,3.709588255275676,1.1736120350435468,0.23015724869840645,0.10622426815400735,0.5066128369476988,0.13689298992913196,0.7342729166016937,0.0,0.0,0.14766114922468876,0.12783272505989435,0.006784426556145877,21.764720717762867,89.6271463131187,28.35557219324548,13,0.0009994551655596528,40,1.9774529933929443,0.6507340744023503
S2,4,99,1,MGCUBED,hyb,sample,5000,10,1004,1e-18,1.0,1.9934627579644522,7.07e-06,17690.674234631228,3.16e-11,5,0.1,0.6552246818119858,0.015377398207928505,0.7130763314624234,0.021578513489251643,0.64448425056685,0.9522246582942717,1.0048120386090322,0.9428834162948156,0.9959378185541464,0.8780152677882107,0.9344497923147952,0.73249870840632,0.7968146981256501,0.6579886530486398,0.72479757333256,0.6552246818119858,0.7130763314624234,0.7374935456548416,0.7776900867520912,0.8460734922918556,0.8722676157122622,0.9177933579877641,0.9176756546597302,1.0062420783459483,0.9943826065653075,1.6605390671738465,0.13224899124163453,0.471225944844073,1.9934627579644522,4.926062710442028e+18,1.558874318728425e+18,4.926062710442029,1.558874318728425,0.19603919829008523,0.08464974038912777,0.570113756879846,0.14095233130615728,0.7932668601708649,0.0,0.0,0.15660167529567573,0.13117668427411522,0.006698493273297773,23.37864186860313,119.01831494869647,37.66387184608249,13,0.000996731378982226,40,2.111142873764038,0.6507340744023503
S2,4,100,1,MGCUBED,hyb,sample,5000,10,1004,1e-18,1.0,1.98832894110169,7.07e-06,19758.727964605394,3.16e-11,5,0.1,0.6515634234191812,0.012291317635241045,0.711326031045435,0.01851579154023644,0.6414387979917644,0.9534074474400207,1.0263227319354231,0.9444975301379959,1.01782460464403,0.8803843812369048,0.9567489135819883,0.7296011760677004,0.8092740705449206,0.6550967279532858,0.7280827041966884,0.6515634234191812,0.711326031045435,0.7338356368754535,0.7736832975281873,0.8498643428387664,0.8757532550796551,0.9206681798518129,0.9209543823767816,1.004289824381152,0.9927916058892509,1.6605390671738465,0.13259045491360794,0.47175753294132383,1.98832894110169,5.506507664517204e+18,1.7444698500582845e+18,5.506507664517205,1.7444698500582847,0.18325393203314438,0.0772972103164215,0.5946157252641783,0.14139463150921835,0.8138598463936929,0.00572,0.0,0.15848084514847188,0.1314658366375797,0.006635278263500843,23.88458160379482,133.04241176095607,42.14803469566704,13,0.000994164470550845,40,2.1273458003997803,0.6507340744023503
