set,search_seed,eval_index,is_finite,task,mode,node,N_R,R,seed,k_on,k_off,T,distance,N_max,D,L,lam_best,objective,opt_sd,held,held_sd,train,opt_lam_1e-06,held_lam_1e-06,opt_lam_1e-05,held_lam_1e-05,opt_lam_1e-04,held_lam_1e-04,opt_lam_1e-03,held_lam_1e-03,opt_lam_1e-02,held_lam_1e-02,opt_lam_1e-01,held_lam_1e-01,opt_lam_1e+00,held_lam_1e+00,opt_lam_1e+01,held_lam_1e+01,opt_lam_1e+02,held_lam_1e+02,opt_lam_1e+03,held_lam_1e+03,KD_nM,tau_D_over_T,phi_ISI,koff_T,c_peak,c_mean,c_peak_over_KD,c_mean_over_KD,tauR_mean_over_T,tauR_peak_over_T,occ_mean,occ_std,occ_max,occ_frac_above_0p8,occ_frac_above_0p9,contrast_within,contrast_between,binomial_sd_mean,snr_within,shell_molecules_peak,shell_molecules_mean,history_symbols,dt,n_sub,seconds,running_min
S2,1,1,1,MGCUBED,hyb,sample,5000,10,1001,1e-18,1.0,0.759719439771799,7.07e-06,10953.952527114428,3.16e-11,3,0.1,0.8437348729161289,0.01388890851908803,0.8772016838117548,0.017329140641065388,0.8244376215960104,0.9917764807671571,0.9928308242596982,0.9870741715948773,0.9888434964089166,0.9541266871267793,0.961646487819856,0.8845962461233782,0.907878231322821,0.8498188771205866,0.8807063571660901,0.8437348729161289,0.8772016838117548,0.8648705634479465,0.8931474359170896,0.9024594764050861,0.9087972991781292,0.9876149878255935,0.979153025984876,1.0139490642051532,1.0047533642952888,1.6605390671738465,0.3470142068468781,0.692420890103196,0.759719439771799,4.987912979978413e+18,2.5441529511813606e+18,4.987912979978414,2.5441529511813608,0.3713935052073998,0.2198220635355895,0.695704862492137,0.09298592536340813,0.8169722137681339,0.02892,0.0,0.03251855470121474,0.0922723228073086,0.006358213892251652,5.114416603826904,120.51267571753911,61.46913164127943,35,0.0009496492997147488,16,0.9788539409637451,0.8437348729161289
S2,1,2,1,MGCUBED,hyb,sample,5000,10,1001,1e-18,1.0,0.8158811137907609,7.07e-06,16179.978923877507,3.16e-11,5,0.1,0.7897006989896445,0.019378433597421547,0.8291670667301606,0.03144631711857395,0.7805716987169353,1.1282664369777469,1.1138782440828903,1.1118679549482826,1.0972928198797862,1.0156225085556783,1.00162775112201,0.8587483834817149,0.858307012711969,0.7904103748758371,0.8139290453324384,0.7897006989896445,0.8291670667301606,0.8541182159202222,0.887734135597951,0.8997898670468878,0.9159834247244791,0.9600605802572835,0.9556608940048712,1.0099747300763124,1.0014172145231808,1.6605390671738465,0.32312727229788074,0.6751655996303234,0.8158811137907609,7.033291366920168e+18,3.4866376923117824e+18,7.033291366920169,3.486637692311783,0.27318202461989294,0.1525736727997653,0.7539803962239539,0.08794518526072036,0.8645752724890288,0.3872,0.0,0.03809560074877766,0.08694292025364404,0.005934656376099027,6.419175489620966,169.93094409042516,84.24045071450651,32,0.0009598601338714834,17,1.0873630046844482,0.7897006989896445
S2,1,3,1,MGCUBED,hyb,sample,5000,10,1001,1e-18,1.0,1.155081294657751,7.07e-06,15523.51340419054,3.16e-11,2,0.01,0.8101503909135879,0.02403008759542929,0.8445412065357445,0.02044919360073183,0.7752817073746643,0.8946952642513448,0.9335428662959208,0.89297561132993,0.9318285787488305,0.8789798132213675,0.9178177823527076,0.8347727976430216,0.8726674205376392,0.8101503909135879,0.8445412065357445,0.814305217346608,0.8460367998781806,0.8558454364669826,0.8786074800638015,0.9181903388073988,0.9177390714500511,0.9906165191037768,0.9801927728730992,1.0071193278340207,0.996962142235839,1.6605390671738465,0.22823799505530015,0.5920318088799561,1.155081294657751,5.522074999715139e+18,2.366808289808471e+18,5.522074999715139,2.3668082898084712,0.25713965755918394,0.13273995327354937,0.6730388578779349,0.11329237100151797,0.8255882789290271,0.03432,0.0,0.07017814053322427,0.1108205877466212,0.006423281482696036,10.925590093207076,133.41853324223,57.18431758135966,23,0.0009625677455481257,24,1.425161361694336,0.7897006989896445
S2,1,4,1,MGCUBED,hyb,sample,5000,10,1001,1e-18,1.0,0.6201655604093517,7.07e-06,4947.498170430442,3.16e-11,5,0.1,0.8092838651709251,0.006604810355356951,0.8581300760888597,0.009245644740408407,0.8018061297426499,1.1280284866021262,1.1923768547257039,1.105244293817301,1.169023204735964,0.9972622268294655,1.057005217392351,0.8703628496201594,0.922199127731808,0.8207075848039652,0.8698761916769586,0.8092838651709251,0.8581300760888597,0.8173613687457346,0.8619329157204229,0.8432242789003,0.8661357329876817,0.9535357299404168,0.9476381247485051,1.031389049546712,1.0210328974369094,1.6605390671738465,0.42510170775131295,0.741226203356963,0.6201655604093517,2.594476583353551e+18,1.4195701120356861e+18,2.594476583353551,1.4195701120356863,0.666429393597684,0.448597342377629,0.569719789487938,0.09224122949880523,0.6988792510091767,0.0,0.0,0.019893653303247886,0.09195099043346262,0.006877634246478259,2.8925139939557805,62.684997994449475,34.29815100158538,43,0.0009541008621682333,13,0.7964673042297363,0.7897006989896445
S2,1,5,1,MGCUBED,hyb,sample,5000,10,1001,1e-18,1.0,1.6470126654295658,7.07e-06,8278.51366622276,3.16e-11,2,0.01,0.7800245153638111,0.011000347020018215,0.8220506451470049,0.024476023396448842,0.7523844987540946,0.858566909383482,0.8891894009945339,0.8568641623723774,0.8876220136126802,0.8433115797334855,0.8752358554826938,0.80271809066538,0.8397990721483619,0.7800245153638111,0.8220506451470049,0.7850129962028048,0.8230245803121367,0.8132466511985037,0.8391776587552379,0.8906925524319972,0.8906268552452877,0.9900657746131895,0.9768704373725938,1.0182904972173692,1.006181721743356,1.6605390671738465,0.16006764510812418,0.5116695903569028,1.6470126654295658,2.4871637762933217e+18,8.883854402029332e+17,2.487163776293322,0.8883854402029333,0.3215232757070313,0.1741128067053081,0.44663438738351324,0.12194817659060159,0.6479968835553127,0.0,0.0,0.0989452605899008,0.11735963652882238,0.006796050178276247,14.559230434492955,60.09221949781175,21.46422900662206,16,0.000998189494199737,33,1.8442699909210205,0.7800245153638111
S2,1,6,1,MGCUBED,hyb,sample,5000,10,1001,1e-18,1.0,1.3790964670248957,7.07e-06,13518.52932013793,3.16e-11,4,0.01,0.7321212514923001,0.02566514194421957,0.7762701400489701,0.0365080086003988,0.6768037494776508,0.9286589710914477,0.9573180505820839,0.9225635031300439,0.9512348198651516,0.8795245251151271,0.9088190440054333,0.7826454392145132,0.8185483942016185,0.7321212514923001,0.7762701400489701,0.7342831905226932,0.7813385425016194,0.808019650671136,0.8451722376937546,0.8671714775818806,0.8866034739648617,0.946695349762899,0.9400931154884107,1.0145090481827865,1.002489285985284,1.6605390671738465,0.1911638852844703,0.5511252481635271,1.3790964670248957,4.398910647752236e+18,1.7257009174125448e+18,4.398910647752237,1.725700917412545,0.26602788013991163,0.1343071749588155,0.6015931905861279,0.12518448122351059,0.7821119080057823,0.0,0.0,0.09081882571764655,0.12149423619943761,0.006685608946092819,13.584226425735322,106.2818245889465,41.69455960446564,19,0.0009850689050177827,28,1.675555944442749,0.7321212514923001
S2,1,7,1,MGCUBED,hyb,sample,5000,10,1001,1e-18,1.0,1.9214574063621601,7.07e-06,6651.175509695043,3.16e-11,3,0.1,0.7722404896443399,0.01146233297384024,0.8113503741794836,0.018332814336404057,0.7590172851585999,0.9321054829173148,0.9455822933405175,0.9272618273875247,0.9412966331139103,0.8924890529822671,0.9105893867381804,0.8145754854083519,0.8438519653528059,0.7768058871250533,0.8142859562171256,0.7722404896443399,0.8113503741794836,0.7904599984454164,0.8229734188848896,0.8355180334972097,0.8455791578686123,0.9723272852072469,0.959574372808403,1.029014441611973,1.015488027548748,1.6605390671738465,0.1372049351422757,0.4788489702134678,1.9214574063621601,1.8799566906723958e+18,6.141424858714939e+17,1.8799566906723961,0.614142485871494,0.32242400592102516,0.18071045585775802,0.36207626873944304,0.11244554657114238,0.5653930590573673,0.0,0.0,0.10670498645286984,0.1065721934228343,0.0065680373791614614,16.246099145448653,45.4215243801228,14.838260920204547,14,0.0009853627724934154,39,1.94368577003479,0.7321212514923001
S2,1,8,1,MGCUBED,hyb,sample,5000,10,1001,1e-18,1.0,1.0524284226353595,7.07e-06,2795.2434477226275,3.16e-11,3,0.01,0.7706454129093895,0.014481209098961575,0.8149821139186673,0.031025162611481402,0.7396696857349274,0.93022260762776,0.9364673052246012,0.9214691506497203,0.9293293928719848,0.8706611504804522,0.8894709901255036,0.7966003158708655,0.8356074841627672,0.7706454129093895,0.8149821139186673,0.770657845854395,0.8121813088628318,0.7842878056470284,0.8164585838097503,0.8537794249926847,0.8616680568233603,1.0011751187498494,0.988829767490697,1.0530303327407309,1.0409537779962292,1.6605390671738465,0.25050011302280073,0.6139983700968323,1.0524284226353595,1.0465107915772933e+18,4.776716956041142e+17,1.0465107915772935,0.4776716956041142,0.643027396945541,0.46429434326710256,0.3137269039952607,0.08366798529111691,0.452106117476919,0.0,0.0,0.03185861213167024,0.0829416780435596,0.006424792540441905,4.958698966718537,25.284686434286055,11.54099808534246,25,0.0009567531114866905,22,1.087982177734375,0.7321212514923001
S2,1,9,1,MGCUBED,hyb,sample,5000,10,1001,1e-18,1.0,1.4772064985047728,7.07e-06,1334.2135121365143,3.16e-11,1,0.01,0.8365476420900467,0.015148527607189611,0.8537855013195369,0.027998501660509684,0.8265061214723264,0.8836790311153881,0.8923673043267053,0.8810562194714257,0.8900134892510149,0.8654533730103358,0.8762918501973399,0.8427446812641396,0.8584434726796843,0.8365476420900467,0.8537855013195369,0.864387883271157,0.8741951833316556,0.9560531110194113,0.9528085715183933,0.9929102283945556,0.9847159744939926,1.0061864182731444,0.9971625820571914,1.1479491258215384,1.1520705842745629,1.6605390671738465,0.17846755960349145,0.5356557245527748,1.4772064985047728,4.211853774074681e+17,1.6725285688208893e+17,0.42118537740746814,0.16725285688208896,0.5799543963073458,0.4763301373012842,0.1410012989489492,0.044884455363362843,0.22731724658519792,0.0,0.0,0.027417000768772695,0.04390593126700234,0.004824459024232722,5.6829171169368715,10.176235433180151,4.0409865579391875,18,0.0009848043323365152,30,1.1631288528442383,0.7321212514923001
S2,1,10,1,MGCUBED,hyb,sample,5000,10,1001,1e-18,1.0,1.7370037855969203,7.07e-06,18647.938753474755,3.16e-11,3,0.01,0.7565695199526354,0.01614204770289318,0.8050239965954272,0.021249774864799217,0.7010904189826369,0.8948720300008421,0.9173271183346461,0.8923894337992555,0.9150055170089001,0.8719838548877119,0.896102618466856,0.8036121570294407,0.8372339387345731,0.7565695199526354,0.8050239965954272,0.7568591902556572,0.8035392366830321,0.8193677877386957,0.8533661915664759,0.8766767348682378,0.8904827794611542,0.9615631740134326,0.9523228318021102,1.0071928024074088,0.9951734789672553,1.6605390671738465,0.15177482110550955,0.5001827631070727,1.7370037855969203,5.477039955260361e+18,1.886254266581187e+18,5.477039955260361,1.8862542665811872,0.19946405654594715,0.08888380930362647,0.6152680284936195,0.13534214275809267,0.8159855110627512,0.00888,0.0,0.13228095766444692,0.1281928869378539,0.006596411703400133,20.053472040907096,132.3304441496398,45.573679745773546,15,0.0009925735917696687,35,1.9863760471343994,0.7321212514923001
S2,1,11,1,MGCUBED,hyb,sample,5000,10,1001,1e-18,1.0,1.6846655087436861,7.07e-06,974.3547125588797,3.16e-11,5,0.1,0.7348032828306914,0.004050050124680086,0.7857034801433913,0.013006422939555722,0.7324939118783484,1.0671523202486008,1.0731479791449101,1.014455653823696,1.0248848916058164,0.8659656809991445,0.8988125494097986,0.77023374195527,0.8218982609556795,0.7385860807362197,0.7931111125014556,0.7348032828306914,0.7857034801433913,0.7488006223939493,0.7895707467413292,0.8674914253688758,0.8782259631661864,1.0098628715659959,1.0007304448794039,1.11723389042969,1.1161715344326368,1.6605390671738465,0.1564900791583049,0.5067690149376451,1.6846655087436861,2.905775558760476e+17,1.0933254965176146e+17,0.29057755587604767,0.10933254965176147,0.5350871967357226,0.4599410872583496,0.09747641909750884,0.031524213838875666,0.16155997314936377,0.0,0.0,0.023907662067860335,0.030455974556261776,0.004117470985663192,5.8063947872627395,7.020627445316173,2.6415773800471345,16,0.0009909797110256976,34,1.1180391311645508,0.7321212514923001
S2,1,12,1,MGCUBED,hyb,sample,5000,10,1001,1e-18,1.0,1.3949368371979505,7.07e-06,3262.6586854707352,3.16e-11,5,0.1,0.745863257760061,0.010075864269993752,0.7971580451629704,0.013921133419178786,0.739258804887977,1.0765409951842344,1.09267577071935,1.0510916443312812,1.068857119234921,0.9310720651170119,0.9580469658830548,0.7950301033348215,0.841180089586785,0.7487289120887088,0.8048242141303386,0.745863257760061,0.7971580451629704,0.7640316564812365,0.8068748350776701,0.7877716209994566,0.8127620803955965,0.9435026517681168,0.9351450836281762,1.0583905511669955,1.045566043252925,1.6605390671738465,0.1889931011845192,0.5485382363698628,1.3949368371979505,1.0567969046617842e+18,4.193193832526571e+17,1.0567969046617842,0.41931938325265716,0.5050859907983387,0.34854113953819743,0.28579379342154954,0.08555696280264218,0.4355223289516416,0.0,0.0,0.04941522374113608,0.08389962603753652,0.006229460341664833,7.932504748546129,25.533208614909693,10.13115125681777,19,0.000996383455141393,28,1.3396449089050293,0.7321212514923001
S2,1,13,1,MGCUBED,hyb,sample,5000,10,1001,1e-18,1.0,2.0,7.07e-06,17940.923733901254,3.16e-11,5,0.1,0.6731817821130958,0.022783008592019493,0.716698802432854,0.02582567067413496,0.6376721872156985,0.9507946276864733,0.9644693218650234,0.9431023312533992,0.9567688965960695,0.8874957375174265,0.901763455521061,0.7523160370844657,0.7774853052189116,0.6837792492795041,0.7231984889482138,0.6731817821130958,0.716698802432854,0.7415483837962734,0.7804671393409244,0.8466044647822601,0.8731245352494359,0.9179732703282667,0.9179238490536141,1.0060542641410408,0.9939097762142352,1.6605390671738465,0.13181671940928272,0.4705516107728963,2.0,4.990427125508913e+18,1.5760753405083213e+18,4.990427125508914,1.5760753405083214,0.19409370220567307,0.08346650239193465,0.5724504476100064,0.1411134758806019,0.7956806547648536,0.0,0.0,0.1575269591314137,0.13123329758392108,0.0066927708171024974,23.53688232217279,120.57341984163271,38.07946473394798,13,0.001,40,2.1749629974365234,0.6731817821130958
S2,1,14,1,MGCUBED,hyb,sample,5000,10,1001,1e-18,1.0,2.0,7.07e-06,20000.0,3.16e-11,5,0.1,0.6652614358083317,0.01110770447488093,0.6967369683428857,0.02320423660217859,0.6524760314214066,0.9498580339049155,1.0034830809971895,0.9416971607271296,0.9945248340651955,0.8842371530965834,0.9311293479475969,0.7505056176974036,0.7837055379436249,0.6768209514959281,0.70759449715723,0.6652614358083317,0.6967369683428857,0.7423492846692474,0.7663326127581437,0.8524528984470263,0.8734738165387685,0.9214545227157824,0.920078602152868,1.0042985643189801,0.9921904865549267,1.6605390671738465,0.13181671940928272,0.4705516107728963,2.0,5.563143001462194e+18,1.756204209670772e+18,5.563143001462195,1.7562042096707722,0.18140890948705315,0.07618301168946122,0.5959247360036186,0.1415538100882921,0.8155164019397542,0.007,0.0,0.15975399792237277,0.1314702109291021,0.006630673288376988,24.093178923836902,134.41077484643932,42.43154787651223,13,0.001,40,2.256680965423584,0.6652614358083317
S2,1,15,1,MGCUBED,hyb,sample,5000,10,1001,1e-18,1.0,1.7693954689307911,7.07e-06,20000.0,3.16e-11,5,0.1,0.666628472783722,0.02730687834905714,0.7060430409265737,0.03867209517828594,0.6387793381924772,0.9395135598545583,0.9609076149467987,0.9313092257215935,0.9528855470171058,0.8742634776406785,0.8976371956875033,0.7442580557970315,0.7773938198417267,0.6733060347345671,0.715422932002016,0.666628472783722,0.7060430409265737,0.7451400872902812,0.7725264790150183,0.8596976846507921,0.8804528635070665,0.9280672945069653,0.9264458252315864,1.0052569034529608,0.9934899440926405,1.6605390671738465,0.14899633431178255,0.49623169208250917,1.7693954689307911,5.834002245739641e+18,1.9883380378523612e+18,5.834002245739642,1.9883380378523614,0.18912344330357259,0.08269894553019905,0.626085976128439,0.1355240061964762,0.8263627833536749,0.02044,0.0,0.13637729539497406,0.12794962587268216,0.0065545756217932965,20.806426420885806,140.95498931083176,48.04011981251258,15,0.0009829974827393283,36,2.027611255645752,0.6652614358083317
S2,1,16,1,MGCUBED,hyb,sample,5000,10,1001,1e-18,1.0,1.9180662240622337,7.07e-06,20000.0,3.16e-11,5,0.1,0.6586451613631904,0.015705726767101625,0.6874427258249629,0.030442773001705593,0.6451940206353515,0.9469423328459836,0.9184230289624511,0.9379911074763736,0.910589413607618,0.8746573672176261,0.855863154114644,0.7311213943211026,0.7358206885671337,0.6628043690023327,0.683038027072769,0.6586451613631904,0.6874427258249629,0.7378241496722785,0.7653574151948266,0.8536098339233295,0.876277428718649,0.9236103789669976,0.9229479437460707,1.0046148292062984,0.992954095226543,1.6605390671738465,0.13744751641589387,0.47921709176705046,1.9180662240622337,5.655742881438965e+18,1.8358908770815862e+18,5.655742881438965,1.8358908770815865,0.18384291042686837,0.07833211735832048,0.6069300966036527,0.13914961377633536,0.8193839552147772,0.01092,0.0,0.15139096680851158,0.12999212271120678,0.0066075123094317045,22.911946239193966,136.64807516661688,44.35685281812579,14,0.0009836237046472994,39,2.2077319622039795,0.6586451613631904
S2,1,17,1,MGCUBED,hyb,sample,5000,10,1001,1e-18,1.0,2.0,7.07e-06,20000.0,3.16e-11,1,0.01,0.7973500860571258,0.006312556415556333,0.8243174274966453,0.00989448991141523,0.782379887759986,0.8315203715297551,0.8592414432835378,0.8311283521939357,0.8588546708362006,0.8276375951845785,0.8553990021826008,0.8116711046430239,0.8392914759735011,0.7973500860571258,0.8243174274966453,0.8109812195711348,0.8322292217295573,0.8741385629203984,0.8795176312229614,0.9556079799703487,0.9462824212215958,0.9871379105561398,0.9744523744772771,0.9976727487277814,0.9877586587244183,1.6605390671738465,0.13181671940928272,0.4705516107728963,2.0,5.563143001462194e+18,1.756204209670772e+18,5.563143001462195,1.7562042096707722,0.18140890948705315,0.07618301168946122,0.5959247360036186,0.1415538100882921,0.8155164019397542,0.007,0.0,0.15975399792237277,0.1314702109291021,0.006630673288376988,24.093178923836902,134.41077484643932,42.43154787651223,13,0.001,40,2.2769620418548584,0.6586451613631904
S2,1,18,1,MGCUBED,hyb,sample,5000,10,1001,1e-18,1.0,0.508728054083381,7.07e-06,780.9081934368875,3.16e-11,1,0.01,0.8578001174306653,0.007821633687737842,0.8827105550674789,0.009695209243582402,0.8493517411321594,0.8972860989133327,0.9320943484784692,0.893353373572322,0.9278109276723224,0.8757732166092277,0.90832825334104,0.8604061201727562,0.8890834302695099,0.8578001174306653,0.8827105550674789,0.8740224209852266,0.8941390070794407,0.9513251271825913,0.9630433832491194,0.9920438472525619,0.9929570815686677,1.0259093185320594,1.017300248722022,1.1060021802265212,1.1062347197930962,1.6605390671738465,0.5182207599963726,0.7875515202421981,0.508728054083381,4.795447028368683e+17,2.9483490046854534e+17,0.47954470283686834,0.2948349004685454,1.518098375782316,1.328575443201251,0.22512040940481834,0.04541341689160604,0.3019278505455759,0.0,0.0,0.006830967263188315,0.0453484538116379,0.005853489111015215,1.1669906842969369,11.586251704273574,7.123488900668933,52,0.0009249600983334199,11,0.4927983283996582,0.6586451613631904
S2,1,19,1,MGCUBED,hyb,sample,5000,10,1001,1e-18,1.0,1.986546298295885,7.07e-06,19766.96091473989,3.16e-11,4,0.1,0.7148959750392256,0.010104729774774486,0.7423773112682532,0.01753204576854951,0.7060135333208464,0.9395086386511284,0.9680229368985757,0.9343452548630564,0.9625443000788886,0.8948541308562842,0.9205610432920942,0.7853814233470533,0.8063403251131025,0.7204545848978728,0.7465437996560488,0.7148959750392256,0.7423773112682532,0.7888421424133418,0.8123216595116244,0.8640408835882474,0.8819406943497455,0.9359625054102148,0.9300794918024835,1.0063871066312244,0.9940946991360005,1.6605390671738465,0.13270943599186064,0.4719425370446702,1.986546298295885,5.510419507002806e+18,1.7466351482520397e+18,5.510419507002807,1.74663514825204,0.1832737792768264,0.07732008718843081,0.5949024195932048,0.14137390336151026,0.8140055167597398,0.00576,0.0,0.1583250717742349,0.13146496727566692,0.006634543790482834,23.863746592697172,133.13692555997739,42.20035033952515,13,0.0009932731491479425,40,2.218730926513672,0.6586451613631904
S2,1,20,1,MGCUBED,hyb,sample,5000,10,1001,1e-18,1.0,1.478135538811316,7.07e-06,19833.02699421688,3.16e-11,5,0.1,0.6843338337913314,0.02343587459347441,0.6928670194634827,0.03227413716270236,0.6603136232053142,0.9450771525730508,0.9211990489573912,0.9363560090337242,0.9126645369876923,0.8777281821386811,0.8559680457617705,0.7540993410323449,0.7431190387173883,0.690202688540798,0.6921060063967823,0.6843338337913314,0.6928670194634827,0.7663628448664115,0.7827547059175666,0.8727858766843394,0.8911547248481859,0.9369695349190487,0.9347644615031335,1.0062973399467936,0.995286555588342,1.6605390671738465,0.1783553888641184,0.5355153093231781,1.478135538811316,6.250677502608902e+18,2.3608075137115837e+18,6.2506775026089025,2.3608075137115843,0.20129922444302492,0.09330548018016355,0.6665272608116173,0.12531394377694996,0.8405850943455946,0.06912,0.0,0.10516673199062845,0.1204169151317983,0.0064105969676823615,16.405138635419416,151.02225598372087,57.039333178720604,18,0.0009854236925408773,30,1.835798740386963,0.6586451613631904
S2,1,21,1,MGCUBED,hyb,sample,5000,10,1001,1e-18,1.0,1.7961564345469396,7.07e-06,14579.083682189155,3.16e-11,5,0.1,0.6824249181356087,0.016295288557508943,0.7206375332049747,0.03369479795371709,0.6657845181912604,0.9887568132969335,1.036088019489776,0.9788550121704844,1.0256188659938839,0.910946065485198,0.9541056944936133,0.7636700130959537,0.8037170166633121,0.6883009558870212,0.7289081254752423,0.6824249181356087,0.7206375332049747,0.7581651964495373,0.7921012966281228,0.8466960378987501,0.8717655384548063,0.9189447344643101,0.9175161852386824,1.0108236366926642,0.9984888007801673,1.6605390671738465,0.14677643536380727,0.4930364438429895,1.7961564345469396,4.2295207813686103e+18,1.431485268408742e+18,4.229520781368611,1.431485268408742,0.22897296024605665,0.10646183521934918,0.5541908064310235,0.13515147053400556,0.7664764875873685,0.0,0.0,0.13244193088961032,0.1278844869820668,0.0067539215536668125,19.609634171380844,102.18920586859836,34.586032402458585,15,0.000997864685859411,36,2.052290201187134,0.6586451613631904
S2,1,22,1,MGCUBED,hyb,sample,5000,10,1001,1e-18,1.0,1.9984902765031634,7.07e-06,1604.534293993945,3.16e-11,5,0.1,0.7419474772700507,0.007746099241026865,0.7798731514517374,0.0104055185746805,0.7323598980126425,1.1066399128594642,1.0908528557752653,1.0675598592340954,1.057457396922002,0.9231847788240793,0.9340544551256729,0.7931627008565579,0.8268640119136897,0.7530079176593849,0.7912976908091005,0.7419474772700507,0.7798731514517374,0.7465140563266093,0.7807703323425603,0.8224446409237126,0.8328886706554707,0.9938513197242138,0.9830729886152788,1.0908197216006177,1.0854707842568545,1.6605390671738465,0.13191629797661822,0.47070708771036507,1.9984902765031634,4.466985075784739e+17,1.47063226414572e+17,0.44669850757847396,0.147063226414572,0.4362250523553275,0.3458756011541854,0.12595469499943746,0.04477338553195166,0.2192720572641868,0.0,0.0,0.04167418641827809,0.04246024934648396,0.0045788266907793584,9.1014989718217,10.792656688959777,3.5531860692066544,13,0.0009992451382515816,40,1.5128452777862549,0.6586451613631904
S2,1,23,1,MGCUBED,hyb,sample,5000,10,1001,1e-18,1.0,0.5080430133270246,7.07e-06,19745.897420373243,3.16e-11,1,0.01,0.9139720514263991,0.00809214966478314,0.9397436420081803,0.012948383094115107,0.8985699747045679,0.9562974936414494,0.9978667609831428,0.9551061922667137,0.996428750616096,0.946134857618403,0.985478726205617,0.9242139570943942,0.9570784448397571,0.9139720514263991,0.9397436420081803,0.9163466447547682,0.9316453157867108,0.9583269892876565,0.9582983942592455,0.9939471900352217,0.9887637605109706,0.9998576292731605,0.9940493995490323,1.0021271113121368,0.9974270188259317,1.6605390671738465,0.518919524337334,0.7878595406678928,0.5080430133270246,1.199751560647368e+19,6.832777509038337e+18,11.997515606473682,6.832777509038338,0.25129492978355034,0.15143950072763063,0.858623225592869,0.05195997521132537,0.9200105128451888,0.874,0.17884,0.014215543693506071,0.051684855945927324,0.0048287037618062936,2.943966827277141,289.87127752684546,165.08634041975517,52,0.0009237145696854993,11,0.7076890468597412,0.6586451613631904
S2,1,24,1,MGCUBED,hyb,sample,5000,10,1001,1e-18,1.0,1.7850496743975826,7.07e-06,19886.40348590812,3.16e-11,5,0.1,0.6661599860165597,0.026908676211899418,0.704769762591294,0.03960988647019661,0.6384465145655822,0.9353337574458788,0.9652848067365755,0.9269486576289712,0.9570566009046875,0.868774577042313,0.9005510046452665,0.7400354228603314,0.7791388665759718,0.6722272399294547,0.7153869850703611,0.6661599860165597,0.704769762591294,0.7445197342695371,0.7713311913457346,0.8587945557718321,0.8794991691487128,0.9274865684983415,0.9258311077203448,1.0053253278148122,0.9935126028282518,1.6605390671738465,0.1476896932336274,0.4943551510808559,1.7850496743975826,5.782143049158481e+18,1.9611010003155062e+18,5.782143049158481,1.9611010003155065,0.18918925752587862,0.08260051367957168,0.623005265180623,0.13580767139186975,0.8247066328392109,0.01804,0.0,0.13784870495077262,0.12807835104494847,0.006565319206377987,20.996496989340173,139.70202227519104,47.38204733102361,15,0.0009916942635542125,36,2.111154079437256,0.6586451613631904
S2,1,25,1,MGCUBED,hyb,sample,5000,10,1001,1e-18,1.0,1.9937800901493916,7.07e-06,382.7933750277004,3.16e-11,1,0.001,0.9508624363711217,0.013223019833264243,0.9521450667439157,0.017072916982582675,0.9215285526244233,0.9940734157771457,1.0047787372442418,0.9881669036069397,0.9980636504788292,0.9667045503727918,0.9727731517833662,0.9508624363711217,0.9521450667439157,0.9520242082731322,0.9516073681170931,0.9769867302071928,0.9719142217591141,0.9906032592482109,0.9847666964372517,0.9953715638447427,0.9922303413679401,1.012655410574581,1.0130853199351215,1.2403424649937234,1.2497571594174417,1.6605390671738465,0.1322279423498565,0.47119314472868146,1.9937800901493916,1.0688033923472786e+17,4.0197698872041976e+16,0.10688033923472787,0.040197698872041984,0.48217740627837014,0.4531292233500303,0.038533561057843224,0.010443329327169903,0.06189672576588684,0.0,0.0,0.012642728930060873,0.009543356334409645,0.0026929157840581597,4.6948103631405,2.582329666631649,0.9712142670096559,13,0.0009968900450746958,40,1.008673906326294,0.6586451613631904
S2,1,26,1,MGCUBED,hyb,sample,5000,10,1001,1e-18,1.0,1.995857196497232,7.07e-06,10048.32880476764,3.16e-11,5,0.1,0.7118173216328054,0.02775301913029776,0.7568790768320357,0.025287177056532356,0.6804812297320861,1.0502729704881477,1.0557917527492142,1.0378019034991839,1.0434038791234355,0.9574011553650899,0.9653215600405112,0.800739807916167,0.8268556157798244,0.7256593828662256,0.7664172120047599,0.7118173216328054,0.7568790768320357,0.7679791193633829,0.8084155374536806,0.823636582783726,0.8517458263312617,0.9089566058735322,0.9062691405108938,1.0206398261983813,1.0069446593573566,1.6605390671738465,0.13209033155340333,0.47097861837643645,1.995857196497232,2.7970428426802033e+18,8.873198402487112e+17,2.7970428426802036,0.8873198402487112,0.2654758562890879,0.13195475306455734,0.4431500012733419,0.12901361193668034,0.6670755480561386,0.0,0.0,0.13417667809123685,0.12098934127058351,0.006759333405508011,19.85057845821004,67.57918961718573,21.43848310803817,13,0.000997928598248616,40,1.9955062866210938,0.6586451613631904
S2,1,27,1,MGCUBED,hyb,sample,5000,10,1001,1e-18,1.0,1.574805420785703,7.07e-06,216.00872258902638,3.16e-11,3,0.01,0.9291429858675215,0.010670508048873307,0.9305951733347191,0.01055458381004691,0.9054059640932834,1.0894107221594844,1.0731627705573588,1.0503645362500589,1.0372708573231435,0.9720626751083034,0.9629778363830137,0.9357306728867917,0.9303982020417981,0.9291429858675215,0.9305951733347191,0.9504940065428548,0.9516943887138158,0.9878108163704633,0.9863347384067076,0.9989082477152114,0.996096247981358,1.014199713481853,1.0138255446512754,1.2316087050451237,1.2406351536107911,1.6605390671738465,0.16740699221560545,0.5214741334551181,1.574805420785703,6.671589326629843e+16,3.245000987003061e+16,0.06671589326629844,0.03245000987003061,0.6150409977573076,0.595284169115199,0.03140213706638998,0.0053610478209381845,0.04315495514081959,0.0,0.0,0.006678739075146078,0.004880035282353872,0.002456478548141435,2.7188265414323256,1.6119188210942226,0.7840228031634319,17,0.0009842533879910644,32,0.8052859306335449,0.6586451613631904
S2,1,28,1,MGCUBED,hyb,sample,5000,10,1001,1e-18,1.0,1.5928338568730702,7.07e-06,9734.291384148766,3.16e-11,5,0.1,0.7159496796832141,0.01821006868400456,0.734501543409743,0.03212421150469796,0.6840777432044189,1.013074886649869,1.0143079589072999,0.9993021780705744,1.0018173287184617,0.9152594320937265,0.9253823608592194,0.7749550912936785,0.7919974395096788,0.721198612726886,0.7337896603211601,0.7159496796832141,0.734501543409743,0.7793760809117721,0.8083260421109649,0.8361956533461082,0.8590795346208665,0.9186118408453192,0.913837731560252,1.0214813971755405,1.0079382540731012,1.6605390671738465,0.1655122018413838,0.5189741265572752,1.5928338568730702,2.96936657628264e+18,1.0809795889783267e+18,2.9693665762826402,1.0809795889783267,0.3016905460735747,0.15816424522695202,0.49258535760169964,0.1255645841542586,0.6929447266163908,0.0,0.0,0.10077563341835515,0.120964675464764,0.006831044641558073,14.752594764974267,71.74269333295342,26.117485045696927,17,0.0009955211605456689,32,1.7038357257843018,0.6586451613631904
S2,1,29,1,MGCUBED,hyb,sample,5000,10,1001,1e-18,1.0,2.0,7.07e-06,20000.0,3.16e-11,2,0.01,0.7810834073376153,0.008665160127932208,0.8124870693892848,0.015534681529722788,0.7449078620950974,0.8661066437666237,0.9014975776059652,0.864928135564018,0.9002730797887901,0.8547402731988727,0.8896718339891402,0.8135716697438431,0.8466173436260904,0.7810834073376153,0.8124870693892848,0.7864698936825352,0.8124426389507693,0.8381714622833935,0.8575911286123257,0.8982929622421411,0.8984385237967969,0.9787011931108935,0.9667671643398614,1.0015303295743752,0.9898459806947935,1.6605390671738465,0.13181671940928272,0.4705516107728963,2.0,5.563143001462194e+18,1.756204209670772e+18,5.563143001462195,1.7562042096707722,0.18140890948705315,0.07618301168946122,0.5959247360036186,0.1415538100882921,0.8155164019397542,0.007,0.0,0.15975399792237277,0.1314702109291021,0.006630673288376988,24.093178923836902,134.41077484643932,42.43154787651223,13,0.001,40,2.1249401569366455,0.6586451613631904
S2,1,30,1,MGCUBED,hyb,sample,5000,10,1001,1e-18,1.0,1.1752544245923287,7.07e-06,20000.0,3.16e-11,5,0.1,0.7179793492701373,0.026431531716257537,0.7415074174594581,0.027764057950610533,0.6936042583202963,1.0007117962817351,1.0066643186783968,0.9890670491015138,0.9963788796095386,0.9142130677952878,0.9304153418030359,0.7768736776611919,0.8062848382364356,0.7203309003576495,0.744044253299111,0.7179793492701373,0.7415074174594581,0.8031739846393146,0.8281082179768389,0.8904330950697107,0.9080780629788128,0.9481587910773254,0.9449615107015447,1.0071246128417048,0.997185915224693,1.6605390671738465,0.22432031167209976,0.5879788088400248,1.1752544245923287,7.045570495096289e+18,2.987336248039296e+18,7.04557049509629,2.987336248039296,0.21339549377468012,0.10575752061517954,0.7180075918211967,0.10982613446245719,0.8607182876788639,0.21868,0.0,0.07341256828986796,0.10706725975976597,0.006146067957474581,11.94463985719305,170.2276193928859,72.17685752824977,22,0.000979378687160274,24,1.4262058734893799,0.6586451613631904
S2,1,31,1,MGCUBED,hyb,sample,5000,10,1001,1e-18,1.0,2.0,7.07e-06,12723.832885886983,3.16e-11,4,0.1,0.7398406710085652,0.02260828837941458,0.7773465977310834,0.016742051036995033,0.7072915589884394,0.9688489366590943,0.9536047579198208,0.9632272115702373,0.9487945105239424,0.9205355002305377,0.9131561523878066,0.8064174101090987,0.8259350540066368,0.7482607966253767,0.782349863037015,0.7398406710085652,0.7773465977310834,0.7889858256449671,0.825226621725354,0.8409836361263723,0.8635134573042176,0.9310660444158341,0.9247008298809769,1.015139857126528,1.0018083655065781,1.6605390671738465,0.13181671940928272,0.4705516107728963,2.0,3.539334320379642e+18,1.1196820100412109e+18,3.539334320379642,1.119682010041211,0.23588443815224858,0.11014830913757924,0.49593920882059,0.1358374686653701,0.7235168314975942,0.0,0.0,0.14577861357061728,0.12692040994650566,0.006787913130073562,21.476204950937174,85.51365088364362,27.052571992433357,13,0.001,40,1.9888789653778076,0.6586451613631904
S2,1,32,1,MGCUBED,hyb,sample,5000,10,1001,1e-18,1.0,0.5,7.07e-06,20000.0,3.16e-11,5,0.1,0.8695538712982842,0.020735439289662115,0.8996939107920736,0.01491563232515594,0.8529762180023001,1.246599704818985,1.2849162394197804,1.2245474629640243,1.2618891488462785,1.1067458619073405,1.1386472936467957,0.9415773531680844,0.9655820424878879,0.8778721978603695,0.9008944977266614,0.8695538712982842,0.8996939107920736,0.8930804212566805,0.9170996187807703,0.9243776195867891,0.9300764163867413,0.9840433393906828,0.9789201732774435,1.0065940016865675,1.0007429565630566,1.6605390671738465,0.5272668776371309,0.7914984825837854,0.5,1.2306894214753612e+19,7.033378276888106e+18,12.306894214753614,7.033378276888107,0.24896126275467026,0.15029803105991188,0.8621193564125287,0.05074417578110836,0.9219647615249451,0.88436,0.22528,0.013699898738672485,0.05048114643201111,0.004778953936712637,2.866714958984605,297.3461561069734,169.93304391711115,53,0.001,10,0.6384561061859131,0.6586451613631904
S2,1,33,1,MGCUBED,hyb,sample,5000,10,1001,1e-18,1.0,1.2017754170500838,7.07e-06,12162.047057893376,3.16e-11,5,0.1,0.7325384945356287,0.0289668469774706,0.771302975998603,0.025252588069353547,0.7013275725651327,1.021164708014466,1.0335396414074962,1.0086706255963254,1.0212396062642841,0.9324034850658618,0.9469962447248228,0.8003258856435638,0.8235340522183779,0.7384461386378754,0.7716679936028984,0.7325384945356287,0.771302975998603,0.8029918877406426,0.8375220765191107,0.8654853477904719,0.8872909336082735,0.9355211624114382,0.9316501295405935,1.0156547576610753,1.003826579503662,1.6605390671738465,0.21936997135928146,0.5827719912780069,1.2017754170500838,4.237787914575571e+18,1.7839663276329418e+18,4.237787914575572,1.783966327632942,0.2988909089910652,0.15886520031694615,0.6118992807681599,0.118545289753456,0.7788272824596443,0.0,0.0,0.07206945015313608,0.11605137106296433,0.006677761382597745,10.792456636882708,102.38894759370129,43.1023067956507,22,0.0009614203336400671,25,1.3246800899505615,0.6586451613631904
S2,1,34,1,MGCUBED,hyb,sample,5000,10,1001,1e-18,1.0,0.974735986247513,7.07e-06,200.0,3.16e-11,5,0.01,0.8445334285009161,0.020832866242122595,0.8762435236020376,0.03431074227982488,0.8290361959431676,1.1611981817112769,1.2160527677001025,1.048511888642557,1.0960470807321248,0.9065707453783938,0.9463116671270196,0.8553130696663759,0.8936263717904321,0.8445334285009161,0.8762435236020376,0.8584376737444561,0.8840662033907251,0.9250094532443024,0.9372194932877319,0.9895092701937852,0.9895452579435572,1.0169538771621602,1.0160518805611813,1.1917922846415034,1.2000530858978584,1.6605390671738465,0.2704665084065353,0.6322931960982567,0.974735986247513,7.981192653750493e+16,4.947934155738125e+16,0.07981192653750493,0.049479341557381255,0.977550283020366,0.9500902908649362,0.047109804698718116,0.006133623670384576,0.05936456500186361,0.0,0.0,0.0038040824468338077,0.00599330750384984,0.0029891336888457276,1.2726371058708912,1.9283313200961283,1.195467496677909,27,0.000974735986247513,20,0.5500688552856445,0.6586451613631904
S2,1,35,1,MGCUBED,hyb,sample,5000,10,1001,1e-18,1.0,1.105483556443615,7.07e-06,7005.773390144727,3.16e-11,1,0.01,0.8173285779033366,0.011399969222417964,0.8546753549861641,0.011918325309157587,0.803046011814402,0.8661503022405259,0.9001315317163261,0.8651066187094187,0.8992038888631806,0.8567495489282348,0.8917420078021052,0.8315767835922905,0.8687328157954912,0.8173285779033366,0.8546753549861641,0.8205559422786488,0.84985690512571,0.8694914992524112,0.8764759408433065,0.9689110956070716,0.9610867321715638,1.004327548672717,0.9915234094923763,1.0204164717774193,1.0110270892387998,1.6605390671738465,0.2384779378055019,0.6023542020032993,1.105483556443615,2.5516780214589937e+18,1.1224981820844133e+18,2.551678021458994,1.1224981820844135,0.4261871842407393,0.2546913088160652,0.5069665852481574,0.11222056198885301,0.674155831300919,0.0,0.0,0.054067941389336446,0.1107059017494417,0.006884012844221656,7.854131392959314,61.65094442705983,27.120613361552977,24,0.0009612900490814043,23,1.167922019958496,0.6586451613631904
S2,1,36,1,MGCUBED,hyb,sample,5000,10,1001,1e-18,1.0,1.3736475088997988,7.07e-06,20000.0,3.16e-11,4,0.1,0.7198400274686618,0.02118098243076176,0.7633614044210841,0.026141798305271215,0.7174147086345222,0.9100689768772343,0.9416321665468563,0.9048843931549284,0.9367054786011115,0.8665941254316518,0.9004162547939567,0.7721055786151962,0.8115978900935372,0.7198622668967112,0.7631405406783092,0.7198400274686618,0.7633614044210841,0.80556793112167,0.8390294042222088,0.8854869629360914,0.9028676401323678,0.9529814218148681,0.9472161999725653,1.0077066750487838,0.9970286209750701,1.6605390671738465,0.1919221904531523,0.5520235095164692,1.3736475088997988,6.519208079895433e+18,2.55780848911902e+18,6.519208079895434,2.5578084891190205,0.20461719652477964,0.09681721679734653,0.6842753052390189,0.12089232979948561,0.847886600228484,0.1116,0.0,0.0943053591021002,0.11680709464620198,0.006327694838256674,14.90358835447286,157.51020766023856,61.79906230002096,19,0.000981176792071285,28,1.5765862464904785,0.6586451613631904
S2,1,37,1,MGCUBED,hyb,sample,5000,10,1001,1e-18,1.0,1.4817867992423002,7.07e-06,20000.0,3.16e-11,1,0.01,0.8102256046830554,0.015009625145177726,0.8404111230687785,0.020894547381037118,0.7894011877005269,0.8546936601082326,0.8784340153836411,0.8540709968894792,0.8778828485734411,0.848639000181173,0.8730838075040943,0.8263373291028173,0.8536389078323546,0.8102256046830554,0.8404111230687785,0.8198180174640542,0.8483457003744114,0.8752445438144033,0.8873074079341741,0.9598539485080997,0.9529948029583405,0.9917016822037251,0.9805022634989033,1.0000437735400254,0.9908759034557202,1.6605390671738465,0.1779159046047463,0.534964509581398,1.4817867992423002,6.296665727908616e+18,2.375200738140403e+18,6.296665727908617,2.3752007381404034,0.19994689815999878,0.09248894542027236,0.6677172044881985,0.1252723300803378,0.8416405421753258,0.0742,0.0,0.1055843618400836,0.12033680011052707,0.006404300962441215,16.486477206379845,152.13337482332693,57.38708703791636,18,0.0009878578661615335,30,1.6522271633148193,0.6586451613631904
S2,1,38,1,MGCUBED,hyb,sample,5000,10,1001,1e-18,1.0,0.5,7.07e-06,200.0,3.16e-11,3,0.01,0.8868260156552876,0.011328166902886991,0.9026090438301593,0.02674293462614092,0.8735585016589216,1.048125945816761,1.0424496980941094,1.0086566235691192,1.004775378477803,0.9339588335072895,0.9357755379034917,0.8977163802928336,0.9059027022005864,0.8868260156552876,0.9026090438301593,0.8967691484329355,0.9191521643679399,0.9412648271365273,0.9596115165049547,0.9922163973797108,0.9924746601691566,1.0187312414907723,1.014554338596066,1.1497463358596454,1.155489846610514,1.6605390671738465,0.5272668776371309,0.7914984825837854,0.5,1.2891007566755227e+17,9.650220891252669e+16,0.12891007566755228,0.0965022089125267,1.8239817336834474,1.771620293863841,0.08792043539333276,0.00915916836815701,0.10474794875179276,0.0,0.0,0.001771568230062894,0.00913721134856127,0.0039980779346358635,0.44310497669782034,3.1145888486840425,2.331584262873783,53,0.001,10,0.3304121494293213,0.6586451613631904
S2,1,39,1,MGCUBED,hyb,sample,5000,10,1001,1e-18,1.0,1.9950882439554891,7.07e-06,11857.381127817207,3.16e-11,1,0.01,0.7993856670635915,0.01527142384494266,0.829679995409348,0.013266001650550365,0.7739869903162648,0.8355770752131416,0.8654799833224723,0.8350813744155522,0.8649990194856679,0.8307658761021688,0.8608160126816161,0.8129394741822923,0.8435520037253352,0.7993856670635915,0.829679995409348,0.8042478319016283,0.8325761358466842,0.8565492879921429,0.8662997196875006,0.9563967788040344,0.9473528204497187,0.9896576022482255,0.97598279159039,1.0067076441341551,0.9970578156981027,1.6605390671738465,0.13214124218179052,0.47105800293967476,1.9950882439554891,3.30097099966144e+18,1.0462499143166008e+18,3.3009709996614403,1.0462499143166009,0.24495099967850423,0.11653902389561807,0.480570259793906,0.1340515401689959,0.7075055137379606,0.0,0.0,0.14224479102886273,0.12542749573241002,0.006787779054168498,20.956013726096113,79.75456854039216,25.278383393947117,13,0.0009975441219777445,40,1.9949469566345215,0.6586451613631904
S2,1,40,1,MGCUBED,hyb,sample,5000,10,1001,1e-18,1.0,1.5675031477796226,7.07e-06,16119.674772789534,3.16e-11,5,0.1,0.6891632350945578,0.01834840516551093,0.7324096246645498,0.03993286101159683,0.6713580062727891,0.9568481537886939,1.010201516095751,0.9467966458593144,1.0000396866964165,0.8810208386481337,0.9322614469742048,0.754345216491451,0.7969821639728843,0.6942466760560936,0.7366478998141079,0.6891632350945578,0.7324096246645498,0.7677770979688776,0.8037259880758627,0.8611981829103346,0.885135971776205,0.9286708008022941,0.9272332234259979,1.0094009993429613,0.9976251954452913,1.6605390671738465,0.16818686405319425,0.5224969374700457,1.5675031477796226,4.948896204007515e+18,1.811191578789178e+18,4.948896204007516,1.8111915787891784,0.2269348188124792,0.10723960037324659,0.6093821575645217,0.1304223214693484,0.8006373352378554,0.00016,0.0,0.11226071108715678,0.12503706173321527,0.006638603603173561,16.91028984370914,119.5699936601338,43.760094507082314,17,0.000979689467362264,32,1.726914882659912,0.6586451613631904
S2,1,41,1,MGCUBED,hyb,sample,5000,10,1001,1e-18,1.0,1.6829556773977608,7.07e-06,19798.605928896315,3.16e-11,4,0.01,0.7137424957032453,0.023063901061983808,0.747147109907685,0.03384780427614013,0.655883334032457,0.9174129671293846,0.9299859236817483,0.9124814309483409,0.9253321879844645,0.8749998421993483,0.8902117564030645,0.7724466638641551,0.7977319471853555,0.7137424957032453,0.747147109907685,0.7148939324662414,0.7475401595801203,0.7915035043823947,0.821617672255667,0.8721525081385961,0.8905353636324191,0.9434388812595106,0.937703123574372,1.0073084234857899,0.9957179290481234,1.6605390671738465,0.1566490682786155,0.5069885422101342,1.6829556773977608,5.897925539344493e+18,2.071838074534518e+18,5.897925539344493,2.071838074534518,0.19343230297121342,0.08614078388099497,0.6362548485398283,0.13265020286837276,0.8290508084611081,0.0264,0.0,0.127066105780068,0.12593622068154367,0.006525417255599352,19.472487475193205,142.49943629375244,50.0575593475389,16,0.0009899739278810358,34,1.8640241622924805,0.6586451613631904
S2,1,42,1,MGCUBED,hyb,sample,5000,10,1001,1e-18,1.0,1.7953638557012466,7.07e-06,5747.419143281777,3.16e-11,5,0.1,0.7404612782094813,0.017550311908049197,0.7845111336734132,0.03444839104448549,0.7207417750267366,1.0531941497699453,1.065905105043535,1.036841067043306,1.0496601751215795,0.9439361681618468,0.9586165804391102,0.802846933888218,0.8332994372773894,0.7452446853949118,0.791887261091275,0.7404612782094813,0.7845111336734132,0.7752708046858694,0.813174489033756,0.8023563245360601,0.8274648991561208,0.9197740525334263,0.9126303219161411,1.039692988128922,1.025189215508153,1.6605390671738465,0.1468412310860483,0.49313020080769954,1.7953638557012466,1.6678836773852833e+18,5.690182651750695e+17,1.6678836773852836,0.5690182651750696,0.35499278221866787,0.20877602874061424,0.34644562921878724,0.10681324888039052,0.5378102824881633,0.0,0.0,0.09174189086216941,0.10224852892299487,0.006516302228485995,14.07882686305126,40.29764062727878,13.748017245620956,15,0.0009974243642784702,36,1.6659839153289795,0.6586451613631904
S2,1,43,1,MGCUBED,hyb,sample,5000,10,1001,1e-18,1.0,1.0349470978676623,7.07e-06,19714.682399763376,3.16e-11,4,0.01,0.7732219477714564,0.022836996951786852,0.7780850907498951,0.04988225704936452,0.6960730300793971,0.9672409332265575,1.0027822421193293,0.9613389364310029,0.9963563875137176,0.9189472862710245,0.9496954972106106,0.8212194661967613,0.8377389053260691,0.7732219477714564,0.7780850907498951,0.7757683930558755,0.7812552843333346,0.8464722795710147,0.8662953216345313,0.9011185246005964,0.9136593246739675,0.9658342208600903,0.9591779945555412,1.008134041991123,0.9985176449911609,1.6605390671738465,0.25473131850095393,0.6179807865167507,1.0349470978676623,7.438787866245298e+18,3.344225725364059e+18,7.438787866245299,3.3442257253640597,0.222417761689674,0.11449902254031705,0.7416971659808876,0.10028816209338011,0.8691125899151485,0.3316,0.0,0.05893376112783645,0.09830277859642614,0.005996172290717353,9.828563668704373,179.7281214517628,80.79964345504582,25,0.000985663902731107,21,1.2110059261322021,0.6586451613631904
S2,1,44,1,MGCUBED,hyb,sample,5000,10,1001,1e-18,1.0,0.9750149235512169,7.07e-06,281.8050713988502,3.16e-11,1,0.01,0.9591627575722755,0.008457282625310836,0.9682378031799089,0.007462905054308038,0.9529922974973543,1.0187082194852948,1.018029992162209,1.0088235014150204,1.0103451969009423,0.9787173453111077,0.9879874036673446,0.96090421506257,0.9738514719433017,0.9591627575722755,0.9682378031799089,0.9783520503777403,0.9811273031337938,0.9955478923485934,0.995467551055653,0.9999585985050536,0.9972724134236511,1.0142378360297712,1.0133485156513908,1.2277298944404782,1.2363952454155354,1.6605390671738465,0.2703891319512885,0.6322246652864646,0.9750149235512169,1.1173749650329755e+17,6.4159660597848824e+16,0.11173749650329756,0.06415966059784883,0.9637889549693158,0.9225427139355828,0.060173380979374726,0.010755820023564516,0.08099864552222427,0.0,0.0,0.004972441871317176,0.010617854579724518,0.003347104280851566,1.4855951455602971,2.699683161202591,1.550157832105842,27,0.0009750149235512169,20,0.5809431076049805,0.6586451613631904
S2,1,45,1,MGCUBED,hyb,sample,5000,10,1001,1e-18,1.0,2.0,7.07e-06,16185.068650505276,3.16e-11,5,0.1,0.6728045211812128,0.012512187923869192,0.7037164911618203,0.02275159731198438,0.659554640546663,0.9546327317509451,0.9992573819698792,0.9459083557372268,0.9900452638875759,0.8855974252045329,0.9264684615719124,0.7494324644508152,0.7850693098395111,0.6793556767920572,0.7148067335868145,0.6728045211812128,0.7037164911618203,0.7508259540060443,0.7757828169918567,0.8455612022945408,0.867407068471168,0.9164360882172465,0.9141958089416414,1.0082593314662274,0.9954610357963084,1.6605390671738465,0.13181671940928272,0.4705516107728963,2.0,4.502049837746072e+18,1.4224723896159263e+18,4.502049837746073,1.4224723896159264,0.2064007012601176,0.09087522191635149,0.5498108567007164,0.1401471724761418,0.7755257745590798,0.0,0.0,0.15470607822337515,0.13050921205395122,0.006737873417222811,22.96066854386547,108.77376456612522,34.36827276158274,13,0.001,40,2.198633909225464,0.6586451613631904
S2,1,46,1,MGCUBED,hyb,sample,5000,10,1001,1e-18,1.0,1.9911553001708913,7.07e-06,2267.585725821693,3.16e-11,2,0.01,0.7758039157184984,0.008410962564751294,0.803258376581476,0.014581036382093118,0.752716053976364,0.8739176777920121,0.8852693134755111,0.8697379349142427,0.8814779318811807,0.842803980098673,0.8574867086516592,0.7947698393831786,0.8179322418348572,0.7758039157184984,0.803258376581476,0.7799034597979169,0.8023102881099582,0.8298336996193433,0.8372150909215221,0.9544311001124086,0.9466739007001234,1.00313751795636,0.9897523723732442,1.0795077699783362,1.0764651091715176,1.6605390671738465,0.13240224848154186,0.4714646530334852,1.9911553001708913,6.319232342409449e+17,2.0580294924234106e+17,0.631923234240945,0.20580294924234108,0.4165033742027776,0.30774792983243066,0.166571646652881,0.059180602740877844,0.28699006616666145,0.0,0.0,0.054547818892073226,0.05618802430185911,0.005128488682141116,10.636236574339053,15.267860548518849,4.972393099741437,13,0.0009955776500854456,40,1.570707082748413,0.6586451613631904
S2,1,47,1,MGCUBED,hyb,sample,5000,10,1001,1e-18,1.0,2.0,7.07e-06,8164.6493446060285,3.16e-11,5,0.1,0.7258223613615373,0.022369947844134166,0.775756965951186,0.024714325359330557,0.6957727597311308,1.0645894944552199,1.1045346483830951,1.0495159199012514,1.0891461381916254,0.9577947827060462,0.9968377103722842,0.8025264214537785,0.85102903728556,0.7382216117476583,0.7905133969827646,0.7258223613615373,0.775756965951186,0.7717361160518234,0.8140172270854489,0.8128960878013363,0.8419097454497017,0.9095153130776905,0.9059482772254592,1.0273192839811984,1.0134270188797998,1.6605390671738465,0.13181671940928272,0.4705516107728963,2.0,2.271233260469081e+18,7.208426911115757e+17,2.2712332604690815,0.7208426911115757,0.29055532070570944,0.15284755325833965,0.3965085402842706,0.1211553997316755,0.6132215391979264,0.0,0.0,0.12315431176727895,0.11390149536592772,0.006668276948382693,18.468685797033146,54.87513485028442,17.41623837985712,13,0.001,40,2.019685983657837,0.6586451613631904
S2,1,48,1,MGCUBED,hyb,sample,5000,10,1001,1e-18,1.0,1.4529142334178498,7.07e-06,6276.540550451462,3.16e-11,5,0.1,0.7460326361505292,0.016062157394660496,0.7919894114586634,0.03840763976277986,0.7302201435449422,1.0493830678353668,1.019039540498444,1.0334178895624628,1.0050375362605404,0.9420641028059202,0.9268661852419708,0.8042706338651333,0.8214778630786478,0.7499889085258153,0.7902237505173333,0.7460326361505292,0.7919894114586634,0.7871992801942472,0.827883415272796,0.8168965820376004,0.8433535131832688,0.9213551329250494,0.915519291719076,1.0354125690258915,1.0215521238561784,1.6605390671738465,0.1814514805862914,0.5393663139176728,1.4529142334178498,1.9932446977858765e+18,7.652709197564428e+17,1.9932446977858767,0.7652709197564429,0.3898958878128863,0.22994173279512625,0.4141002046154547,0.11271648694118727,0.59860983668363,0.0,0.0,0.07501540766709465,0.10986146113875958,0.006758670871261188,11.099136072163336,48.15866933809523,18.489666230919333,18,0.0009686094889452332,30,1.6218488216400146,0.6586451613631904
S2,1,49,1,MGCUBED,hyb,sample,5000,10,1001,1e-18,1.0,0.6120437379844325,7.07e-06,8954.295338462223,3.16e-11,4,0.1,0.8456065736672855,0.0086767190481058,0.8784168057375246,0.01584280170438899,0.831276673393376,1.090522284332675,1.1500983866172914,1.0789667171960888,1.1383281334337678,1.0100889491738922,1.0655009842613556,0.8976882624166098,0.9353707962305279,0.8521775423981227,0.883057260620752,0.8456065736672855,0.8784168057375246,0.860776996742907,0.8907876419135569,0.8891524184442519,0.8998326710488364,0.9769100686244687,0.9696074234107475,1.0169980798445108,1.0079767800974926,1.6605390671738465,0.430742808817482,0.7443623141339861,0.6120437379844325,4.733847784274007e+18,2.5831419399072123e+18,4.733847784274007,2.5831419399072124,0.45598812082405765,0.2849517847867026,0.701564018787131,0.08527921722819042,0.8121755089512511,0.02116,0.0,0.021522469795925328,0.08490993822743971,0.0063437775135924395,3.392689883876034,114.37422128500594,62.41114233267158,43,0.0009416057507452807,13,0.7992608547210693,0.6586451613631904
S2,1,50,1,MGCUBED,hyb,sample,5000,10,1001,1e-18,1.0,0.8068338990098968,7.07e-06,15707.778178281385,3.16e-11,5,0.01,0.7833972274544344,0.02502278186524092,0.797921362232261,0.03754283858815783,0.6933304229941444,1.0910020619883476,1.0889180295728416,1.0740199670102,1.0725979064341304,0.9785247309707623,0.9813052558351261,0.8381471509679137,0.8477978681134131,0.7833972274544344,0.797921362232261,0.7868824217596047,0.8009675785657784,0.8532955769422591,0.8753616026220984,0.8988181006349857,0.912095013541005,0.9597983060974794,0.9544667661341755,1.0101172252427124,1.0014223404811122,1.6605390671738465,0.3267505730015586,0.6778633313012544,0.8068338990098968,6.879860907031735e+18,3.4285717059064714e+18,6.879860907031736,3.4285717059064718,0.27986731562604017,0.15728862349378092,0.7513613983691958,0.0875883647769942,0.8619287075237271,0.36668,0.0,0.03720497322067247,0.08662440696778582,0.005958860317458443,6.243639091802211,166.22391966318511,82.83752179053145,33,0.0009492163517763492,17,1.0518908500671387,0.6586451613631904
S2,1,51,1,MGCUBED,hyb,sample,5000,10,1001,1e-18,1.0,1.2840739481014154,7.07e-06,2613.9192845794687,3.16e-11,3,0.01,0.7633901158141605,0.013537503976619715,0.8049154675605934,0.025217275241014372,0.7383017264066084,0.9023037430657663,0.9265598439807521,0.8945710396680828,0.9196517835948308,0.8495534327495042,0.8794117244693345,0.7839383634019707,0.8212658023226685,0.7633901158141605,0.8049154675605934,0.7635598355136707,0.8035276702810725,0.7761459591428393,0.8071619496654876,0.8589960963045113,0.8650640840357632,1.002329119249187,0.989144520262465,1.056759575350632,1.0452733180276332,1.6605390671738465,0.2053101686303691,0.5674364322534748,1.2840739481014154,8.819464450978213e+17,3.6748759090499744e+17,0.8819464450978214,0.3674875909049975,0.5694906144473215,0.41381164188925407,0.2611206925286759,0.07701232253325094,0.39601382691653114,0.0,0.0,0.03875363304554138,0.07586740256300324,0.0060714006581905474,6.3829806707388475,21.308656819985288,8.878846333270493,21,0.0009877491908472425,26,1.1200129985809326,0.6586451613631904
S2,1,52,1,MGCUBED,hyb,sample,5000,10,1001,1e-18,1.0,1.0394225573629892,7.07e-06,8815.002930430233,3.16e-11,4,0.01,0.7745532736193148,0.02454666157659136,0.8193629510881711,0.03874084014877913,0.7243045666690436,0.970637755108213,1.0460423015102136,0.962351937830473,1.0368828376844161,0.9089395516585806,0.9767692213090383,0.8120403363399772,0.8624231890078076,0.7745532736193148,0.8193629510881711,0.7797504494260716,0.8274667009981993,0.8254457557312339,0.862849159327529,0.8596319460794046,0.878262672974464,0.9557577374881783,0.9481740768458862,1.023275334283324,1.0117299155265733,1.6605390671738465,0.2536345175030667,0.6169540939407104,1.0394225573629892,3.319194761328369e+18,1.4963890934127048e+18,3.3191947613283697,1.4963890934127049,0.3853856912155413,0.2227435180561083,0.574805706038518,0.11270033172789845,0.7347838015938122,0.0,0.0,0.05314350094302097,0.11123605710468837,0.00680339576674034,7.811319929794885,80.19487178724829,36.1541699475455,25,0.0009899262451076088,21,1.1008350849151611,0.6586451613631904
S2,1,53,1,MGCUBED,hyb,sample,5000,10,1001,1e-18,1.0,1.6713271615174674,7.07e-06,4082.7072390599633,3.16e-11,1,0.01,0.7954330938873425,0.01180421883466837,0.8186787848622877,0.019210607150979456,0.7838451155874737,0.8337441847528633,0.8649136137405676,0.8328076779915259,0.8638641513108629,0.8255467284401353,0.8556362202628719,0.8058492597863331,0.8323131709911251,0.7954330938873425,0.8186787848622877,0.8037410301822376,0.8201424027798646,0.8844818537781307,0.8832730966468597,0.9757043526322695,0.9654507951962887,1.0009206989295976,0.986833398912019,1.0499517130746652,1.0444231766662924,1.6605390671738465,0.15773897827353064,0.5084890611247437,1.6713271615174674,1.2198489255122547e+18,4.362564904622669e+17,1.2198489255122549,0.43625649046226694,0.4165877782348995,0.2695349640512402,0.2924499123869527,0.09210250179385536,0.4593466831943687,0.0,0.0,0.06934085084804892,0.08905294335488544,0.006249825019935926,11.094846756007229,29.472699017552447,10.540367720083681,16,0.0009831336244220396,34,1.4774792194366455,0.6586451613631904
S2,1,54,1,MGCUBED,hyb,sample,5000,10,1001,1e-18,1.0,2.0,7.07e-06,15457.199978923816,3.16e-11,1,0.01,0.7996472728911909,0.014001692174929319,0.829688281320214,0.01567057071375923,0.775826106734603,0.8319429215362077,0.8649126532497963,0.8315054549671878,0.8644644693013447,0.8276628538061829,0.8605274538221519,0.8113640122683836,0.8436575047988605,0.7996472728911909,0.829688281320214,0.808511997859458,0.8361275409464888,0.8616391379331031,0.873631751022437,0.9543312781310362,0.946338313584502,0.9880714162132966,0.9750743717583218,1.0013934876249528,0.9915509280943754,1.6605390671738465,0.13181671940928272,0.4705516107728963,2.0,4.299598888897275e+18,1.3587981280699205e+18,4.299598888897275,1.3587981280699206,0.21197235746881124,0.09434676293096561,0.5395967621984257,0.13954320518453275,0.7661731893677567,0.0,0.0,0.1532378306437547,0.1300275634902534,0.006753530984750633,22.690031479793802,103.88235895314503,32.82984262776738,13,0.001,40,1.9807839393615723,0.6586451613631904
S2,1,55,1,MGCUBED,hyb,sample,5000,10,1001,1e-18,1.0,0.5,7.07e-06,2149.0009791794914,3.16e-11,5,0.1,0.760654344507865,0.005856179786300964,0.816568092363091,0.0098345955337755,0.7558011895254115,1.0676913817656413,1.1180960601019068,1.0289712803091113,1.077935452062436,0.9016659908436775,0.945191004389881,0.7973062868489357,0.8402168382266689,0.764933961780078,0.814268834559414,0.760654344507865,0.816568092363091,0.7656595912425984,0.8202128765912692,0.8015846368192987,0.8290869889241439,0.9705233969929992,0.9640395329434615,1.0556426366901193,1.045312816612099,1.6605390671738465,0.5272668776371309,0.7914984825837854,0.5,1.3276425509963927e+18,7.793293932019804e+17,1.327642550996393,0.7793293932019805,1.1240189745873377,0.8592384595924581,0.4280116780649118,0.07863904403894592,0.5472545841555754,0.0,0.0,0.012161138907644973,0.07851482272635128,0.006903586611808433,1.7615682385795832,32.07709454019527,18.829332191056643,53,0.001,10,0.5186669826507568,0.6586451613631904
S2,1,56,1,MGCUBED,hyb,sample,5000,10,1001,1e-18,1.0,1.6554686127523146,7.07e-06,17622.753198863724,3.16e-11,5,0.1,0.6774911688512549,0.02322761702838597,0.7055408521299963,0.032970329083153734,0.6445968320472808,0.9607861636676123,0.9285835918736355,0.9524482729700849,0.9215972058500672,0.8948645437247288,0.8739540912820676,0.7649508881207219,0.7703857545514362,0.688756273334074,0.712826130826646,0.6774911688512549,0.7055408521299963,0.7571390148585192,0.781928271220172,0.8606676820106174,0.8825250362036734,0.9280698252789819,0.926776238788183,1.0074638075296563,0.9957611609566331,1.6605390671738465,0.1592500375952518,0.5105568056560381,1.6554686127523146,5.283400031769367e+18,1.8732277120402593e+18,5.283400031769367,1.8732277120402596,0.210236928217523,0.09613562166894325,0.6152107337691074,0.1328885545110907,0.8109501581145583,0.00484,0.0,0.12285078799330813,0.12659482347114928,0.006607591622124957,18.592369961538292,127.65192120841955,45.258945918337275,16,0.0009738050663248909,34,1.8384041786193848,0.6586451613631904
S2,1,57,1,MGCUBED,hyb,sample,5000,10,1001,1e-18,1.0,1.9549226654223055,7.07e-06,18985.048132224038,3.16e-11,5,0.1,0.6692607326748807,0.011890768241285671,0.6951667659110552,0.02220269474629509,0.6557551524131593,0.9674846990668116,1.0033254313900093,0.9587683307005268,0.9940906008976743,0.8974820356427251,0.9288161903953048,0.755404248203652,0.777901099243878,0.6794023857405767,0.7032556329114592,0.6692607326748807,0.6951667659110552,0.7465329977946964,0.7684978437629255,0.8527127599650205,0.8733873876895419,0.9212391168884675,0.9196225458725698,1.0051631153234935,0.9929848810208526,1.6605390671738465,0.13485619839678667,0.4752607741412792,1.9549226654223055,5.320458597833175e+18,1.7027579270077437e+18,5.320458597833175,1.702757927007744,0.1892619316821865,0.080932289677555,0.5897668877290909,0.140913853098748,0.8080730624985804,0.00244,0.0,0.1546820655569253,0.13143478106049478,0.006651275388462245,23.256000770205265,128.5472910700293,41.14023534625527,13,0.0009774613327111527,40,2.0819172859191895,0.6586451613631904
S2,1,58,1,MGCUBED,hyb,sample,5000,10,1001,1e-18,1.0,0.5017822781477494,7.07e-06,4120.362573380227,3.16e-11,1,0.01,0.86085293214802,0.0067759574296285,0.885936759823206,0.010864457224838328,0.8536560004588685,0.8993516318560246,0.9161205638789202,0.8978315131294344,0.9148070046942532,0.8875363414922998,0.9061226332234625,0.8684015239385292,0.8918432008123997,0.86085293214802,0.885936759823206,0.8624208389972446,0.8821571009905618,0.9133658543056304,0.919245878496549,0.9880882536946913,0.98361661614229,1.0147103982335919,1.0050454361910337,1.025675411318505,1.0182584135538328,1.6605390671738465,0.5253940808585885,0.7906885312069578,0.5017822781477494,2.53363176976584e+18,1.4651795164266545e+18,2.53363176976584,1.4651795164266546,0.8084182900236512,0.5639795935508665,0.578898557539741,0.08658084167767895,0.699199491735907,0.0,0.0,0.014646646919363305,0.08641039065003187,0.006872521466670339,2.1311896936801342,61.21492998836696,35.40011717122426,53,0.0009123314148140899,11,0.5594518184661865,0.6586451613631904
S2,1,59,1,MGCUBED,hyb,sample,5000,10,1001,1e-18,1.0,0.5030925220677627,7.07e-06,12920.563664320945,3.16e-11,5,0.1,0.8645535943162146,0.011385713936428662,0.9087525829477933,0.014363714065988263,0.8484798883969914,1.193596865825166,1.3182337668697413,1.1687780054381534,1.2921579778083492,1.049015401484933,1.162778114342677,0.9173865083596106,1.0055558432449312,0.8724502991433033,0.9352361363272687,0.8645535943162146,0.9087525829477933,0.8782111690003129,0.9091642486326545,0.9073142068132825,0.9175289120662509,0.9755686346915565,0.9701114712805842,1.0107205442420661,1.003548246525378,1.6605390671738465,0.5240257552129866,0.790094399328035,0.5030925220677627,7.907743695255335e+18,4.520538410118555e+18,7.907743695255336,4.520538410118555,0.3600565385654385,0.22314359494016178,0.8027470104271512,0.0649646227328609,0.8819916854439762,0.64648,0.0,0.014984971967233321,0.06471630761403799,0.005520462001160593,2.7144416471090573,191.05853599070707,109.22046588905306,52,0.0009147136764868412,11,0.6641111373901367,0.6586451613631904
S2,1,60,1,MGCUBED,hyb,sample,5000,10,1001,1e-18,1.0,1.7884961239049184,7.07e-06,11536.534593799568,3.16e-11,5,0.1,0.6993025740791309,0.01564344614748019,0.744817149456321,0.02908155188532966,0.6815644569028082,0.996883410244557,1.0532811899993075,0.9857970325334087,1.0421110534329399,0.9129440988817539,0.9688263749208421,0.769458545923701,0.8255328604049674,0.7019191732447347,0.7539306637899819,0.6993025740791309,0.744817149456321,0.7691220168549712,0.8074221258962375,0.8368967109678479,0.8635086171834615,0.9148638869047657,0.9125271675186095,1.0166132424182486,1.0035807555200895,1.6605390671738465,0.14740509375159314,0.4939448330819184,1.7884961239049184,3.352152000483536e+18,1.1387605035499837e+18,3.352152000483536,1.138760503549984,0.26142664011592803,0.12847183930928927,0.502343363939434,0.13137634873321663,0.7160545318050022,0.0,0.0,0.12377583322613761,0.12478571662851418,0.006808714418556701,18.17903140257943,80.99114972770049,27.51352636566139,15,0.0009936089577249547,36,1.8504860401153564,0.6586451613631904
S2,1,61,1,MGCUBED,hyb,sample,5000,10,1001,1e-18,1.0,1.9601438097002548,7.07e-06,15446.072642028626,3.16e-11,5,0.1,0.682013275108536,0.021683464457640255,0.7232752514773838,0.023442116782114664,0.6462129222281121,0.9578866449538015,0.9710507803150238,0.9493660918630443,0.9628623861465394,0.8895212710906316,0.9061349801280691,0.7539224367503297,0.785549127759109,0.6906223240880902,0.7311089054654107,0.682013275108536,0.7232752514773838,0.7497102260298479,0.7875241734589901,0.8430809024658726,0.8697014231026842,0.9153802200998757,0.9147900679363916,1.0090735539401376,0.9964900775775561,1.6605390671738465,0.1344969881872495,0.47470813775030785,1.9601438097002548,4.3249248729191736e+18,1.383207944491415e+18,4.3249248729191745,1.3832079444914152,0.21406719909331315,0.09580729525945993,0.5439631262592705,0.13928725390548305,0.7680481134553234,0.0,0.0,0.1498048404385567,0.13020854234268342,0.006749567899946017,22.194730486340447,104.49425858168904,33.419606784146254,13,0.0009800719048501274,40,2.072770118713379,0.6586451613631904
S2,1,62,1,MGCUBED,hyb,sample,5000,10,1001,1e-18,1.0,1.6878581732127702,7.07e-06,13353.870822063685,3.16e-11,5,0.01,0.6840928530924117,0.025690579904330577,0.7384671332478335,0.03996613327562833,0.6206248728623021,0.9545953704181589,1.019751959342674,0.9448833382156335,1.0099054161545529,0.8805588685453231,0.944272288888935,0.7484451175526462,0.8093756760454134,0.6840928530924117,0.7384671332478335,0.6846044973102174,0.7300388992369293,0.7646405811472616,0.8012610848187733,0.8477379002173077,0.8712275443978621,0.9207688307347744,0.9176521983020356,1.0132721322321303,1.000432916088473,1.6605390671738465,0.15619407068826746,0.5063598586660849,1.6878581732127702,3.973760211198608e+18,1.396232642381185e+18,3.9737602111986083,1.3962326423811853,0.24724929898591008,0.11911849704815718,0.5500333903296049,0.13224968143919807,0.7556676917632582,0.0,0.0,0.11966549639964438,0.12617706232618534,0.006772773838164328,17.668609532675337,96.00978959210113,33.73429575314177,16,0.0009928577489486884,34,1.7966878414154053,0.6586451613631904
S2,1,63,1,MGCUBED,hyb,sample,5000,10,1001,1e-18,1.0,1.8806974507521883,7.07e-06,17009.545122517007,3.16e-11,5,0.1,0.6654839288277389,0.014588458325755192,0.7143988350262627,0.03531400297821119,0.6431021795263787,0.9466045638808234,0.9588848345508183,0.9380029324061301,0.949965241765321,0.8784891029631714,0.8895846203889797,0.7478840170446468,0.7709750557064995,0.676507981160171,0.7207607047524425,0.6654839288277389,0.7143988350262627,0.7429769198091234,0.7820206376885003,0.8486726032256866,0.8731151733947872,0.9199480341874825,0.9184136660777218,1.0073605747757546,0.9949199616921793,1.6605390671738465,0.1401785485023786,0.4833301114656269,1.8806974507521883,4.84293891664844e+18,1.5910022715613266e+18,4.84293891664844,1.5910022715613268,0.2052169696965461,0.09100174453846263,0.5763097945134924,0.13835983330793306,0.791792940749117,0.0,0.0,0.1447840409801899,0.1299005713960621,0.006696957092170344,21.61937712718246,117.0099657962416,38.44011344788298,14,0.0009898407635537832,38,2.039900779724121,0.6586451613631904
S2,1,64,1,MGCUBED,hyb,sample,5000,10,1001,1e-18,1.0,0.5204001644306632,7.07e-06,13719.38214383793,3.16e-11,1,0.01,0.9049312022996918,0.007336263192393782,0.9333301088968284,0.011542625838293864,0.8908741489878353,0.9405746150590446,0.9847861999628649,0.9396010147355547,0.9836041374645308,0.9322109894227065,0.9745404082186131,0.913710654054958,0.9501042431515947,0.9049312022996918,0.9333301088968284,0.9061658164280496,0.92454071710895,0.9459141128135574,0.9478007062426576,0.9922345984330218,0.9864981474462804,1.0014792053555959,0.9944319715207317,1.0045405593124475,0.998789925004014,1.6605390671738465,0.5065975317417319,0.7823491175313442,0.5204001644306632,8.186594326905638e+18,4.644119255833717e+18,8.18659432690564,4.644119255833718,0.3404602340788119,0.20917416124296598,0.8065850168958665,0.06482190931159196,0.8854945443105116,0.66308,0.0,0.015850321792357146,0.0645464083644847,0.005477228251414533,2.8938581824235072,197.79582990112516,112.20629552247922,51,0.0009461821171466603,11,0.6348793506622314,0.6586451613631904
S2,1,65,1,MGCUBED,hyb,sample,5000,10,1001,1e-18,1.0,1.9970738568272164,7.07e-06,13935.790317209397,3.16e-11,5,0.1,0.6888009932439083,0.020523752698561836,0.728625350139259,0.023106831609151588,0.6518592064076051,0.9780646923879465,0.9597953929600909,0.9688967431069271,0.9516830872551069,0.9048179406579845,0.8964813259428622,0.7616442611094156,0.7843833755575812,0.6972785883726671,0.735474503910388,0.6888009932439083,0.728625350139259,0.7536905324964304,0.7911894106650746,0.8378632077826136,0.8647595678545665,0.9126007334894313,0.9114882671069602,1.0115360786064171,0.9985915226564414,1.6605390671738465,0.13200985928352402,0.47085309498920735,1.9970738568272164,3.8782713636478746e+18,1.2273576888480384e+18,3.878271363647875,1.2273576888480386,0.22481014619147505,0.10264550090058862,0.5167546812449478,0.13778821202082384,0.7442185756109084,0.0,0.0,0.14927047156053205,0.12860753300231184,0.006778252131709403,22.021970953577913,93.70268909421456,29.65411781225824,13,0.000998536928413608,40,2.0003488063812256,0.6586451613631904
S2,1,66,1,MGCUBED,hyb,sample,5000,10,1001,1e-18,1.0,1.3287685040944777,7.07e-06,1892.6444341765764,3.16e-11,5,0.1,0.7364706559469513,0.009318351085029404,0.7859899923393754,0.015386537835617373,0.7284730301771556,1.0451320899818843,1.0816515366883057,1.0111476842160014,1.05063057111369,0.8815310422611808,0.9343320015780291,0.7686899075391638,0.8288176952979919,0.7374227539173267,0.7924644012933905,0.7364706559469513,0.7859899923393754,0.747427316161959,0.790638083402863,0.7874606565260163,0.8085791016684487,0.976248340871488,0.9662596987989798,1.0757850878242432,1.065114947602898,1.6605390671738465,0.19840434056511974,0.5595896739205807,1.3287685040944777,6.279093870398445e+17,2.5958643460218906e+17,0.6279093870398446,0.2595864346021891,0.5974790747686592,0.46229633143509247,0.20148509092980432,0.06178739656719746,0.31398550134476,0.0,0.0,0.03208086694890874,0.06080825421733672,0.00555269809481911,5.7775276813341385,15.170882219492736,6.27185276476519,20,0.0009842729659959094,27,1.1057159900665283,0.6586451613631904
S2,1,67,1,MGCUBED,hyb,sample,5000,10,1001,1e-18,1.0,1.9850959895893696,7.07e-06,16572.795026944368,3.16e-11,4,0.1,0.7201649138472923,0.010254729918438626,0.7494392089656264,0.018331976368933495,0.7114859622140568,0.9439362072094107,0.9816554065127547,0.9384161897932797,0.976008878460371,0.8963672917950347,0.9328973885979531,0.7832535319723789,0.8170648377050105,0.7217633300384241,0.7558069610814308,0.7201649138472923,0.7494392089656264,0.7901446777675007,0.8152391440682244,0.855873814353864,0.874233862769992,0.9335507438940432,0.9269502184413186,1.0095175454381666,0.996664464899861,1.6605390671738465,0.1328063933437797,0.4720932106543246,1.9850959895893696,4.621139530063901e+18,1.466452076287076e+18,4.6211395300639015,1.4664520762870763,0.2042423536641675,0.08961776781495738,0.5567208020001925,0.14030066799309543,0.7809624442547187,0.0,0.0,0.1541129432208542,0.13076954475813402,0.006726532908645511,22.911200363381138,111.651083703249,35.43086341607771,13,0.0009925479947946849,40,2.091073989868164,0.6586451613631904
S2,1,68,1,MGCUBED,hyb,sample,5000,10,1001,1e-18,1.0,1.348737062585783,7.07e-06,10420.008901014113,3.16e-11,1,0.01,0.8046127930339777,0.014230184839775386,0.8423446272573042,0.014342959906243418,0.7898831811508317,0.8440118269794643,0.8852841837575177,0.843273957068415,0.8845615303922673,0.8371095871707104,0.8785072719144074,0.816198787917599,0.8572766206760468,0.8046127930339777,0.8423446272573042,0.8101934532748143,0.842674518602351,0.8601347775603821,0.872472650843678,0.9611980451802016,0.9537441192438798,0.9974938109120904,0.9846646482992474,1.0108498604788956,1.0009945304861043,1.6605390671738465,0.1954668898273845,0.5561856575748637,1.348737062585783,3.429797818275743e+18,1.3654495872343155e+18,3.429797818275744,1.3654495872343158,0.31344331470993925,0.1673743113834883,0.5494736480040184,0.12261076545962742,0.7323228186957702,0.0,0.0,0.08245196261236507,0.11948040420967336,0.006813012259183717,12.102130375770647,82.86714582024979,32.99054814619658,20,0.0009990644908042837,27,1.4428517818450928,0.6586451613631904
S2,1,69,1,MGCUBED,hyb,sample,5000,10,1001,1e-18,1.0,1.336620746101442,7.07e-06,14512.651184396702,3.16e-11,5,0.1,0.7092879573756282,0.025563914431352325,0.7322204298785654,0.02476365719334511,0.6893899781612527,0.9757395095288637,0.9557584542790553,0.9668448346850724,0.946802988697427,0.9078699784994608,0.8890979314896563,0.7812414691158613,0.7780926308553892,0.711247608343742,0.7276951399759641,0.7092879573756282,0.7322204298785654,0.7900818746263687,0.8166404516800299,0.86860753877876,0.8886589257015285,0.934729151139079,0.9313516465747875,1.0119082415519094,1.0003085277132746,1.6605390671738465,0.19723877516304622,0.5582438072806477,1.336620746101442,4.796372132290523e+18,1.9137582423576192e+18,4.796372132290524,1.9137582423576194,0.2567664562785323,0.1290730410793839,0.6250770503443872,0.12278332902479985,0.7988560843323239,0.0,0.0,0.08769858922155954,0.11927813970488681,0.006613143727485417,13.261255589693054,115.8848684248439,46.238201706560154,20,0.0009900894415566237,27,1.5201351642608643,0.6586451613631904
S2,1,70,1,MGCUBED,hyb,sample,5000,10,1001,1e-18,1.0,1.6899924529347525,7.07e-06,18752.043724157524,3.16e-11,5,0.1,0.6683581748083645,0.02017369792016943,0.7106099297945664,0.023481785927813918,0.6602740634986333,0.9495720642323022,0.9749709537825211,0.9404861972387086,0.9662605482927192,0.878130564517007,0.9075027777563018,0.7409966804744264,0.7857813001704381,0.6711705651937783,0.7205527757097507,0.6683581748083645,0.7106099297945664,0.7498331874567156,0.7832498057591711,0.8599153301658837,0.881869711110214,0.9286068334373129,0.9266408042556016,1.006547553110067,0.9948641339006994,1.6605390671738465,0.15599681428207174,0.5060868856966343,1.6899924529347525,5.577229483360815e+18,1.9551973398100495e+18,5.577229483360816,1.9551973398100497,0.20022981572476692,0.08996472151039085,0.6239814747551091,0.1331537955071706,0.8197723666622566,0.01316,0.0,0.1271484388876773,0.12644058631171934,0.0065735651035812364,19.3423867998824,134.7511175171843,47.23940933254681,16,0.0009941132076086779,34,1.8375940322875977,0.6586451613631904
S2,1,71,1,MGCUBED,hyb,sample,5000,10,1001,1e-18,1.0,1.984000342390344,7.07e-06,3690.4180141176553,3.16e-11,5,0.1,0.7436033757541203,0.01622442920439521,0.7944396483526069,0.013535813027029296,0.7212655842445256,1.1203218942274988,1.099930698860522,1.0932655949486676,1.0757009193597868,0.9630845045674405,0.965812962499812,0.8124757942578318,0.8513113235378785,0.7576699503775878,0.8076697336012837,0.7436033757541203,0.7944396483526069,0.7581663806867383,0.8031519872024118,0.7831314901792021,0.8103292332703509,0.9411970673280546,0.9330190412298329,1.0551225930085057,1.0423455852316614,1.6605390671738465,0.13287973453721139,0.4722071332089111,1.984000342390344,1.0294539864785115e+18,3.3187942744858355e+17,1.0294539864785117,0.3318794274485836,0.37843678691420424,0.248358511421766,0.24048427626815025,0.08283567403857547,0.40208143867476587,0.0,0.0,0.07735325265065952,0.07856674181588957,0.005862139928267103,13.195395128264328,24.87257795727416,8.018519564791363,13,0.000992000171195172,40,1.6336541175842285,0.6586451613631904
S2,1,72,1,MGCUBED,hyb,sample,5000,10,1001,1e-18,1.0,1.9975864658917237,7.07e-06,9115.511709293527,3.16e-11,1,0.01,0.7956690091442625,0.015218109050031278,0.8280302515578629,0.014772912570587259,0.77285819599781,0.8325865445980245,0.8612673449806258,0.8320166648649974,0.8607455108309509,0.8271509221396398,0.8563096787836197,0.8086683538651519,0.8397763003994088,0.7956690091442625,0.8280302515578629,0.7994562152934181,0.8292197563448077,0.8574090195141186,0.8652992163668876,0.9602709442080283,0.9506516388069782,0.9914186559984224,0.9773913659301007,1.0140090203102834,1.0050906064065084,1.6605390671738465,0.1319759836783232,0.4708002386914621,1.9975864658917237,2.5367015238262067e+18,8.049187525257618e+17,2.536701523826207,0.804918752525762,0.2773554830928859,0.1415454793619704,0.42114961120804345,0.12552169787764433,0.6420926973503176,0.0,0.0,0.12912082180680692,0.11785643162322515,0.006724181079852031,19.202460533625054,61.28909813787048,19.447595214967656,13,0.0009987932329458618,40,1.9012579917907715,0.6586451613631904
S2,1,73,1,MGCUBED,hyb,sample,5000,10,1001,1e-18,1.0,1.9803618026849583,7.07e-06,17274.518628972426,3.16e-11,5,0.1,0.6708391790987329,0.011833609538841982,0.7000727732151817,0.02206921769120903,0.6576326639858502,0.9566423242818007,0.9891152980976419,0.9483640383351934,0.9806517132064332,0.8901705700048618,0.9212186848515691,0.7532679940869962,0.7827791073249631,0.678987574824843,0.7103754218613141,0.6708391790987329,0.7000727732151817,0.7489334649109328,0.7728029938367185,0.8485407823749366,0.8700407783410181,0.9183328735880396,0.9164139056022979,1.0069173095549582,0.9943645881891783,1.6605390671738465,0.13312387588022218,0.4725860469804056,1.9803618026849583,4.820551414373924e+18,1.5316247397788488e+18,4.8205514143739245,1.531624739778849,0.19946014383190147,0.08675436376658209,0.5663745112969244,0.14064784441309275,0.789221899741324,0.0,0.0,0.15483196560927776,0.13107257750984508,0.006707485852813089,23.083457648194955,116.46906265447386,37.00549635224941,13,0.0009901809013424792,40,2.048921823501587,0.6586451613631904
S2,1,74,1,MGCUBED,hyb,sample,5000,10,1001,1e-18,1.0,1.9930387684576365,7.07e-06,19534.416545781714,3.16e-11,5,0.1,0.6671359790570739,0.01170971427522796,0.6954090223974884,0.023585941292105016,0.6533762389385717,0.9579854575511796,0.9912197560223192,0.9498205821333547,0.9824501343149349,0.8918771542752925,0.9205681901526839,0.7541242963182067,0.777457948655706,0.6784806749159481,0.7045256487841925,0.6671359790570739,0.6954090223974884,0.7440823591191127,0.7667767489673454,0.8521885241415401,0.8730137689126802,0.9210588857481602,0.9195735487265742,1.0046817326531199,0.9925261070409415,1.6605390671738465,0.13227712525762098,0.4712697798903247,1.9930387684576365,5.439808852686625e+18,1.720989412138966e+18,5.4398088526866255,1.7209894121389662,0.18439850744996653,0.07791324212616395,0.5916453525126353,0.14142752600815833,0.8116462000441445,0.00416,0.0,0.15870684408598487,0.13146362487770238,0.006643603481661668,23.888668931561497,131.43090564343785,41.580725199283464,13,0.0009965193842288182,40,2.1943459510803223,0.6586451613631904
S2,1,75,1,MGCUBED,hyb,sample,5000,10,1001,1e-18,1.0,0.5058768774169193,7.07e-06,8200.421819865733,3.16e-11,1,0.01,0.8870052031199069,0.007435514757798283,0.9079732946112259,0.013156668980434168,0.8765614466879452,0.9280704154305189,0.9506265588209196,0.9268233331006355,0.9494303281257883,0.917750026406144,0.9407138654469028,0.8971774110977666,0.9202481089962851,0.8870052031199069,0.9079732946112259,0.8875220939339957,0.9030487163349215,0.9298862721403547,0.9321161941614768,0.9904710728095332,0.9845629185088889,1.0059791407804588,0.9976789453522592,1.0109071834123158,1.0041988353932787,1.6605390671738465,0.5211415081169869,0.7888354922980142,0.5058768774169193,5.001192194605468e+18,2.8640904507044255e+18,5.001192194605468,2.864090450704426,0.5115733203463206,0.3293954797452259,0.7236615630486037,0.07796746517596634,0.8232475845572843,0.08976,0.0,0.015597646746793817,0.07774513671309798,0.006210944442379941,2.5113164175748177,120.83351405063705,69.19912297927392,52,0.0009197761407580352,11,0.6291768550872803,0.6586451613631904
S2,1,76,1,MGCUBED,hyb,sample,5000,10,1001,1e-18,1.0,1.8153144998218886,7.07e-06,10421.403035462896,3.16e-11,3,0.01,0.7770246732627486,0.014823116528683204,0.8140689679732643,0.02828017156878421,0.7232557135724174,0.9121735353783779,0.9361143156258555,0.9087701884583019,0.9331109638240825,0.8825509281951099,0.9100584409269532,0.8117890400610595,0.8482508615484752,0.7770246732627486,0.8140689679732643,0.7786801676654714,0.8118034507064247,0.8101627087467046,0.8394766890716807,0.8493130507296958,0.8606394772196315,0.9633234893495883,0.9516584590429158,1.0180278827662776,1.004397342156055,1.6605390671738465,0.1452274186343094,0.4907861572533022,1.8153144998218886,3.0118458042655785e+18,1.0153674414965684e+18,3.0118458042655787,1.0153674414965685,0.2733341436784606,0.13731054499482648,0.4758639431216356,0.12892104555862602,0.6902328742961323,0.0,0.0,0.12176348542502761,0.12238846028352754,0.006806371708077808,17.889632045884095,72.76903149225737,24.532233762376684,15,0.0009812510809848046,37,1.8940248489379883,0.6586451613631904
S2,1,77,1,MGCUBED,hyb,sample,5000,10,1001,1e-18,1.0,1.500247438751289,7.07e-06,13583.667891340574,3.16e-11,1,0.01,0.8062396741471239,0.017525469585139307,0.832098690205728,0.03546180300252491,0.7874428334340104,0.845368550476473,0.8657283572027625,0.8448213840239147,0.8652663685846462,0.8400946709941748,0.8612734179124413,0.8211647711214785,0.8452572804747488,0.8062396741471239,0.832098690205728,0.8112519525157946,0.8341856069165484,0.8627221111788671,0.8691416549521168,0.9586664726096528,0.9498650451180903,0.9937983317838812,0.9812910660895552,1.0053698833315292,0.9956474098074489,1.6605390671738465,0.17572663815910075,0.5322050990513827,1.500247438751289,4.2543823426230016e+18,1.597715428831613e+18,4.2543823426230025,1.597715428831613,0.25659342999173024,0.12685729141164764,0.5829246824312271,0.1281528521186245,0.7732866264809082,0.0,0.0,0.10211370955228462,0.1235774851501552,0.006725618801659984,15.18279768206331,102.78988460563903,38.60230965066404,18,0.0009679015733879284,31,1.6727399826049805,0.6586451613631904
S2,1,78,1,MGCUBED,hyb,sample,5000,10,1001,1e-18,1.0,1.4347056625878385,7.07e-06,18548.30401265086,3.16e-11,5,0.1,0.6946384888265319,0.019841323462762475,0.7256400011521794,0.03180755953074941,0.6790663575835199,0.9720655164432216,0.9591682901424947,0.9632156307365735,0.9510883773682816,0.9032614401711585,0.8972184693102265,0.7753346552953051,0.7880311751774917,0.7023622378267598,0.7301771339508122,0.6946384888265319,0.7256400011521794,0.7804111978038865,0.8032686608282311,0.8756032127008255,0.8940420269640704,0.9374530095903808,0.9348242224262288,1.007626235281021,0.9964628476484052,1.6605390671738465,0.18375437254707616,0.542197956194735,1.4347056625878385,5.92146021244513e+18,2.269954724720009e+18,5.9214602124451305,2.269954724720009,0.21315496253404503,0.10070231648264966,0.6589884038132895,0.12525729891780696,0.832715590405914,0.04172,0.0,0.10036953320661837,0.1207818791627609,0.006450664235648543,15.559565579610007,143.06805616320088,54.84424422233247,18,0.000989452181095061,29,1.6152348518371582,0.6586451613631904
S2,1,79,1,MGCUBED,hyb,sample,5000,10,1001,1e-18,1.0,1.985216898724408,7.07e-06,6311.7769863221,3.16e-11,1,0.01,0.7897121279611914,0.0058207554703678405,0.8162111177304018,0.012447863712278368,0.7797377210065386,0.8290680035714744,0.852621933049282,0.8282753035686508,0.8518371420466104,0.8218101293787214,0.8454713618779675,0.8011922673310803,0.8259374854476608,0.7897121279611914,0.8162111177304018,0.7987417916417335,0.8173670525946454,0.8722570190243054,0.869897670697318,0.9679554161673488,0.9561943033410747,0.9939569022426312,0.9791165651265692,1.0286868643219549,1.021107869201239,1.6605390671738465,0.13279830480385388,0.4720806438469804,1.985216898724408,1.760121534703651e+18,5.625811298254378e+17,1.7601215347036514,0.5625811298254378,0.3223661713539026,0.18250040439098478,0.34285412341116583,0.10980530223322367,0.5450837864231096,0.0,0.0,0.10747837426506832,0.10366769645432997,0.006484559639639788,16.574506248359317,42.52619413903977,13.592489992428293,13,0.000992608449362204,40,1.802215337753296,0.6586451613631904
S2,1,80,1,MGCUBED,hyb,sample,5000,10,1001,1e-18,1.0,0.5004293733488612,7.07e-06,17278.139330674254,3.16e-11,1,0.01,0.9125673534371236,0.006839267154032559,0.9390832096325206,0.014482437445979627,0.8979125204050016,0.9537059515609903,0.9942905630676562,0.9526216467177291,0.9930642034381625,0.9443622445880955,0.9835698862151052,0.9231852478109157,0.9571181932102887,0.9125673534371236,0.9390832096325206,0.9143990635465112,0.9304113412956312,0.95565335489843,0.9560495631125502,0.9938152471100754,0.9884252034226652,1.000461922488906,0.9942793573006918,1.0029131327663503,0.9978905868802347,1.6605390671738465,0.5268144774443132,0.7913031677859124,0.5004293733488612,1.062626108887817e+19,6.074975300181969e+18,10.626261088878172,6.074975300181969,0.28244395145513357,0.17187675082769727,0.8442875678489922,0.055415887945627004,0.9103028471187651,0.82452,0.0446,0.014160107267390051,0.055157257362352725,0.005027208427636921,2.816693891095763,256.74047679545146,146.77712527896946,53,0.0009098715879070203,11,0.6679327487945557,0.6586451613631904
S2,1,81,1,MGCUBED,hyb,sample,5000,10,1001,1e-18,1.0,1.9928968946867023,7.07e-06,12298.263315703169,3.16e-11,5,0.1,0.6981254021433129,0.024356703893622742,0.7408257252978284,0.020273506511753987,0.661802010039786,0.9969671113763331,0.9830497002038789,0.9872556080941381,0.9743167363024341,0.9203029339784283,0.915514332079236,0.7755169048238402,0.7999079030010303,0.7092391034068001,0.7492895219430002,0.6981254021433129,0.7408257252978284,0.7602472749365662,0.7992478242018548,0.8330574237794061,0.8604458600836059,0.9107376361309072,0.9090877404416995,1.01473441363975,1.0015013742866636,1.6605390671738465,0.13228654202906492,0.47128445051863876,1.9928968946867023,3.4249264081689523e+18,1.0860038565974856e+18,3.4249264081689526,1.0860038565974857,0.24054706513753105,0.11339897193402936,0.48906333219815346,0.13499939016577334,0.7161529667560467,0.0,0.0,0.14373000468184405,0.12627081570773965,0.0067889376344069975,21.171207105130318,82.74944796368266,26.238876083739544,13,0.0009964484473433512,40,2.068284034729004,0.6586451613631904
S2,1,82,1,MGCUBED,hyb,sample,5000,10,1001,1e-18,1.0,1.4766038288059842,7.07e-06,8032.347246533292,3.16e-11,5,0.1,0.7414534588777315,0.02239173653636006,0.7556829365874,0.03091752500130014,0.7200349300901178,1.041455938306361,0.9942856043324826,1.0261917313440811,0.9806036113485019,0.9370948615988558,0.9026460162138574,0.8006394348572741,0.788121288997265,0.7462268867067239,0.7453686249686268,0.7414534588777315,0.7556829365874,0.7910187551060204,0.8222563720909735,0.8296536192777559,0.8553220405443245,0.9196736265334454,0.9153637566506058,1.0270297599830625,1.01349998367469,1.6605390671738465,0.17854040039415683,0.535746870309635,1.4766038288059842,2.5329996427340667e+18,9.623622830667992e+17,2.532999642734067,0.9623622830667994,0.3451094262840222,0.19168689220316545,0.4667549196885457,0.12017581063388028,0.6582930928084512,0.0,0.0,0.08523415023642089,0.11673641724772135,0.006833164720494322,12.473598065151709,61.19965720387811,23.25157920909071,18,0.0009844025525373229,30,1.493704080581665,0.6586451613631904
S2,1,83,1,MGCUBED,hyb,sample,5000,10,1001,1e-18,1.0,1.9546259938257573,7.07e-06,17591.953756745195,3.16e-11,1,0.01,0.8028832747029828,0.014835822706755724,0.831953564529958,0.014605018260467806,0.7776391112175605,0.8366402379760471,0.8659373502045671,0.8362191085906417,0.8655280128296464,0.8324897162390815,0.861908972622985,0.8159739796185213,0.84592224691387,0.8028832747029828,0.831953564529958,0.8127767606651954,0.8395143938653431,0.8670956389884255,0.8793762944496384,0.9544926801606859,0.946924117411682,0.9876622487707616,0.9750897358977758,0.9993515028870528,0.9895482303330414,1.6605390671738465,0.1348766667645507,0.4752922331003926,1.9546259938257573,4.930322727387554e+18,1.5785266184593144e+18,4.930322727387554,1.5785266184593145,0.1984105271475559,0.08626964317975526,0.5732708690415604,0.14054692431260907,0.793917466742667,0.0,0.0,0.15298858035350635,0.1312195298958143,0.0066936355072661794,22.855827776614337,119.12124097061547,38.13868991810564,13,0.0009773129969128786,40,2.0495190620422363,0.6586451613631904
S2,1,84,1,MGCUBED,hyb,sample,5000,10,1001,1e-18,1.0,1.8275926140060725,7.07e-06,18155.502171871733,3.16e-11,5,0.01,0.6767923499146911,0.009630354379031012,0.724449519365367,0.036071605535564336,0.599749552401481,0.9135739486417785,0.9602159254733188,0.9058209631095144,0.952677288781171,0.8515494725728041,0.8998597448639714,0.7330747338442833,0.7836686241071182,0.6767923499146911,0.724449519365367,0.6771534148172321,0.7158720998062081,0.7554757611223855,0.7859365398082324,0.856450494441676,0.8785701985752497,0.9236022584651687,0.9218913238623253,1.0062180457285659,0.9940195048301703,1.6605390671738465,0.1442517532617307,0.4893599279650706,1.8275926140060725,5.221615897218798e+18,1.743074637001319e+18,5.221615897218798,1.743074637001319,0.19947247723100414,0.08794626703277952,0.5967700673493985,0.13798844197453475,0.8064381170538786,0.00188,0.0,0.14121072677594151,0.12996768544114193,0.006644976149824781,21.250749978939357,126.15915832312685,42.114325034057885,14,0.000987887899462742,37,1.992466926574707,0.6586451613631904
S2,1,85,1,MGCUBED,hyb,sample,5000,10,1001,1e-18,1.0,1.802113450008945,7.07e-06,19489.588883050365,3.16e-11,5,0.01,0.6726709151112871,0.011852349805726326,0.7263326915227363,0.0356327747253618,0.5959629900641332,0.9195240177417123,0.9751613656030187,0.9114376582149959,0.9671286607704632,0.854635560537322,0.9108242480014962,0.7301947969610053,0.7875039793910582,0.6726709151112871,0.7263326915227363,0.673155273651726,0.7160380846968313,0.7515103191485691,0.7833149273142376,0.8587001940795093,0.8808706513102257,0.9264362593381819,0.9248994699230899,1.0054196768694061,0.9935731470057763,1.6605390671738465,0.14629125531317513,0.4923334579715003,1.802113450008945,5.647159577047591e+18,1.9053284275211638e+18,5.647159577047591,1.905328427521164,0.19099528160243034,0.08347987057178753,0.6167058701058813,0.13616383926496134,0.8205433761103125,0.01288,0.0,0.1392581623547955,0.12828373617118377,0.0065873281317735555,21.14031054307021,136.44069444789653,46.03452944005861,15,0.0009741153783832135,37,2.0101048946380615,0.6586451613631904
S2,1,86,1,MGCUBED,hyb,sample,5000,10,1001,1e-18,1.0,1.9999644077070928,7.07e-06,16853.587657026223,3.16e-11,5,0.1,0.6712296915908696,0.012343414053302214,0.6999708134013425,0.02372613917965134,0.6589339028143366,0.9562686545732832,0.9843390927303292,0.9476467834650574,0.9754280565827745,0.8878730283139811,0.9140236657980451,0.7510584066238414,0.7773847659267349,0.6790399721946752,0.709240458163727,0.6712296915908696,0.6999708134013425,0.749082093898582,0.7731740857902115,0.8469198534980726,0.8686066546570601,0.9173314207183584,0.9152989279156042,1.007433269762771,0.9947668144866691,1.6605390671738465,0.13181906528067383,0.47055527444025774,1.9999644077070928,4.688020240090339e+18,1.4809789796222077e+18,4.68802024009034,1.480978979622208,0.20153693454820004,0.08790561164100916,0.5587512047356015,0.1405903467161498,0.7835103187581822,0.0,0.0,0.15589043147740755,0.1308522059226058,0.006721783118002941,23.191827040638437,113.26698465250932,35.7818470835623,13,0.0009999822038535464,40,2.155087947845459,0.6586451613631904
S2,1,87,1,MGCUBED,hyb,sample,5000,10,1001,1e-18,1.0,1.976815927715743,7.07e-06,240.03798243916432,3.16e-11,5,0.01,0.8272550716108912,0.01708405562390362,0.8697082181499203,0.025603773781806307,0.8056217507535492,1.1797718161016235,1.1847846043095291,1.0694589509655212,1.0788722386404832,0.9154691279254527,0.9432318583942948,0.8452776898951002,0.8872831342645909,0.8272550716108912,0.8697082181499203,0.8544471061208456,0.8834651366921973,0.9500274407749867,0.9578711005781664,0.9941431575173004,0.9930739360402827,1.0146152727109388,1.0142584354440445,1.2277762872244546,1.2366571383898377,1.6605390671738465,0.13336266423308316,0.4729561827217635,1.976815927715743,6.732437784041066e+16,2.789198981981776e+16,0.06732437784041066,0.027891989819817765,0.49213730499701863,0.4739552512812429,0.027103524140488736,0.0056632069793437064,0.040011751201885985,0.0,0.0,0.008720328243142788,0.0048674158162311,0.0022826815799947427,3.8202122974869197,1.6266203815371294,0.6738967455456987,13,0.0009884079638578715,40,0.9487133026123047,0.6586451613631904
S2,1,88,1,MGCUBED,hyb,sample,5000,10,1001,1e-18,1.0,1.863424848163332,7.07e-06,19984.091171879714,3.16e-11,5,0.1,0.6717285406197078,0.015557968299284367,0.6935038199634106,0.024146897144346407,0.6510686678870845,0.9692893514111061,0.9602584433278109,0.9604401401548713,0.95229458942814,0.8968933732142192,0.8958278028501783,0.7491205919766728,0.7686822619232871,0.6758910724679322,0.7032767188046265,0.6717285406197078,0.6935038199634106,0.7478603901852476,0.7688548256222634,0.8568575170347321,0.878447507464522,0.9250628975107021,0.9244447873265687,1.0047564806831446,0.9932413687749595,1.6605390671738465,0.14147790241093616,0.4852670394088477,1.863424848163332,5.708166850935803e+18,1.8839413335154967e+18,5.708166850935804,1.8839413335154969,0.18608085638919167,0.0799989453216847,0.6130431839326533,0.13838751004731878,0.8214432830325898,0.0134,0.0,0.14618519993972798,0.1298334888765636,0.006590234296294542,22.18209450033101,137.9146876478607,45.51779710435202,14,0.0009807499200859642,38,2.091953992843628,0.6586451613631904
S2,1,89,1,MGCUBED,hyb,sample,5000,10,1001,1e-18,1.0,1.987491300863653,7.07e-06,19048.677683288344,3.16e-11,5,0.1,0.6675211798835786,0.011631339580672227,0.6938346039695004,0.022149172250031438,0.6543477082116608,0.9509013760831353,0.9793839253383287,0.9431073469844657,0.9710733822328113,0.8874974341051113,0.9121158522355733,0.7526375700866638,0.7731735531367635,0.6777643069627379,0.7023076549745253,0.6675211798835786,0.6938346039695004,0.7448310058739716,0.7665538890220843,0.85153568713797,0.872167508478159,0.9205679503745927,0.9189254356605115,1.0051141200742666,0.9928906677973564,1.6605390671738465,0.1326463359633348,0.4718444370303805,1.987491300863653,5.30936642595246e+18,1.6826712180274516e+18,5.309366425952461,1.682671218027452,0.18755442446411133,0.07974601922848701,0.5868414564760864,0.1412909498465271,0.8073460845799051,0.00204,0.0,0.1577225365676355,0.1314353805199407,0.006657346421041924,23.691502077933137,128.27929374966112,40.65492153759596,13,0.0009937456504318265,40,2.0713069438934326,0.6586451613631904
S2,1,90,1,MGCUBED,hyb,sample,5000,10,1001,1e-18,1.0,1.7685472442460435,7.07e-06,16754.792713963856,3.16e-11,5,0.1,0.6723803695925492,0.028595296248777165,0.7107253699656659,0.037805397963085435,0.6468305969378039,0.9464404232761933,0.9655144779587477,0.9373519006288751,0.956774728169945,0.8761391929972071,0.8983130538891997,0.7463520920644314,0.7788223518103226,0.6787023193884802,0.7202421499252903,0.6723803695925492,0.7107253699656659,0.7523329819124338,0.7810972267155412,0.8544413686770028,0.8760641913008591,0.9237420565864449,0.9215087060156721,1.00830203928242,0.9958534373465449,1.6605390671738465,0.14906779543283055,0.49633397779104793,1.7685472442460435,4.888304497889427e+18,1.667657941022459e+18,4.888304497889428,1.667657941022459,0.21195964940273743,0.09602693646502497,0.5883109018476087,0.13579735769814497,0.7951920833508324,0.0,0.0,0.13339667610651554,0.12851064870915951,0.006678783514138986,19.973199584043222,118.10604096891963,40.29218662413159,15,0.0009825262468033575,36,1.9238789081573486,0.6586451613631904
S2,1,91,1,MGCUBED,hyb,sample,5000,10,1001,1e-18,1.0,1.9989183653191078,7.07e-06,19098.293381068343,3.16e-11,5,0.1,0.6669725600930566,0.011604436140972228,0.69467760820304,0.0208739700666064,0.6532096401855118,0.9501396796820083,0.9779744478024417,0.9425105991394996,0.9701108013525938,0.8879964378081004,0.9137411723127808,0.7555264582287416,0.7767013331092637,0.6784757121593084,0.7033962908175857,0.6669725600930566,0.69467760820304,0.7441421452704513,0.7667280499853197,0.8510927375611775,0.871935946099381,0.9203411613802783,0.9187447145259977,1.0050729875434683,0.992843231108487,1.6605390671738465,0.13188804675196375,0.4706629860012771,1.9989183653191078,5.313273206470321e+18,1.6781580310850854e+18,5.313273206470321,1.6781580310850857,0.1867965031131354,0.07924107489571948,0.586133865789821,0.14142726931547123,0.8073487501836852,0.00204,0.0,0.15880871728428356,0.13143562990190627,0.006658557363706154,23.850319012028546,128.37368524677393,40.54587869009216,13,0.000999459182659554,40,2.1282806396484375,0.6586451613631904
S2,1,92,1,MGCUBED,hyb,sample,5000,10,1001,1e-18,1.0,1.9936268197247786,7.07e-06,18087.0054618243,3.16e-11,5,0.1,0.6732728558103553,0.02312936236755436,0.7159171593191125,0.025833231972995547,0.6374333425981551,0.9516900895424539,0.9673512959292495,0.9439945253710113,0.9596241188296706,0.888295685497104,0.9042577677866843,0.75245958075399,0.7780782977259407,0.6837194674682304,0.7227072114153849,0.6732728558103553,0.7159171593191125,0.7416096663209422,0.7799714743676638,0.847111542369744,0.8735196360199385,0.9183033323759631,0.9182958958010421,1.0058930039623522,0.9938007733331317,1.6605390671738465,0.13223810806024378,0.47120898623042573,1.9936268197247786,5.036281159721138e+18,1.593529478212246e+18,5.036281159721139,1.5935294782122462,0.19340377377299875,0.0830972539557679,0.5749288756545046,0.1411041739996297,0.7974874105165762,0.0,0.0,0.1571516935953369,0.1312795640697677,0.006687347839484494,23.49985336002071,121.68129649817028,38.50117314094819,13,0.0009968134098623893,40,2.117786169052124,0.6586451613631904
S2,1,93,1,MGCUBED,hyb,sample,5000,10,1001,1e-18,1.0,1.1195603329672277,7.07e-06,10421.71352497079,3.16e-11,5,0.01,0.7527855172605158,0.02886752816572897,0.7711450784258949,0.029961708753262175,0.6803330722170491,1.0426595373889016,1.0541997690690939,1.0290813326702093,1.0411434719851254,0.9476761685727455,0.9626806778910975,0.8109951395058894,0.8285424593639904,0.7527855172605158,0.7711450784258949,0.7554415622683864,0.7790878549463156,0.8155159750163403,0.8468760423797047,0.860994480702695,0.8828632645888718,0.9357809601420808,0.93143819363708,1.018661455004964,1.0067915134216503,1.6605390671738465,0.23547943871845148,0.5993712536620242,1.1195603329672277,3.770562514580964e+18,1.6446945190473638e+18,3.7705625145809645,1.644694519047364,0.33773570971507855,0.1872332199064573,0.5952956846187353,0.11516535208697218,0.758289826853477,0.0,0.0,0.06230525805343484,0.11322603877838079,0.0067424957582743385,9.240681831645842,91.10034184966297,39.7373687199384,24,0.0009735307243193284,23,1.27543306350708,0.6586451613631904
S2,1,94,1,MGCUBED,hyb,sample,5000,10,1001,1e-18,1.0,1.9519605546024357,7.07e-06,19958.396765623125,3.16e-11,5,0.1,0.664075154116094,0.011284317749106501,0.6937936707795984,0.022155513191639126,0.6509922440763919,0.9521072786084603,0.9752040046038287,0.9441274227196945,0.9671290341297011,0.8870775763755179,0.9095326956051368,0.750145720422308,0.7733935180713071,0.6748257287621022,0.7029168765324953,0.664075154116094,0.6937936707795984,0.7415027804946208,0.7647479847716131,0.8531133590494481,0.8737801139077233,0.9229101277171964,0.9213504011760639,1.0047447318045832,0.9927597401093141,1.6605390671738465,0.1350608434155888,0.4755751535887116,1.9519605546024357,5.610446746891016e+18,1.8027223784141e+18,5.610446746891017,1.8027223784141002,0.18278850535421484,0.07749936639517863,0.6026516447354615,0.1396080370096645,0.8176596493117594,0.009,0.0,0.15452724786494895,0.130072005346038,0.0066192175228853185,23.34524395529919,135.5536778914546,43.55547064887036,14,0.0009759802773012178,40,2.130129814147949,0.6586451613631904
S2,1,95,1,MGCUBED,hyb,sample,5000,10,1001,1e-18,1.0,1.4870062415388368,7.07e-06,17051.111686474807,3.16e-11,5,0.1,0.6832173007519063,0.024267069098036595,0.7275127218221492,0.04732866456201863,0.6646543222168975,0.9663107759497238,0.974496350682743,0.9562461758502513,0.9648711561893636,0.8885659201971153,0.9005870013834079,0.7498914619243674,0.7751768442416288,0.6858668414737745,0.7267134103560462,0.6832173007519063,0.7275127218221492,0.7671173629336603,0.8024308723603678,0.8666759777142733,0.8888671106962027,0.9330604891648742,0.9308088227702687,1.008697605550398,0.9972170181711183,1.6605390671738465,0.1772914137507203,0.5341800462817088,1.4870062415388368,5.360324745902981e+18,2.0197488471340152e+18,5.3603247459029815,2.0197488471340157,0.22269803470752797,0.10573235808442895,0.634097334904019,0.1273077380060302,0.8158030313163958,0.01056,0.0,0.10471758400843308,0.122502666552689,0.006558004739479015,15.967903069364375,129.51049475736883,48.79903455063654,18,0.0009913374943592245,30,1.583536148071289,0.6586451613631904
S2,1,96,1,MGCUBED,hyb,sample,5000,10,1001,1e-18,1.0,0.5717989551035297,7.07e-06,7020.945149186193,3.16e-11,5,0.1,0.8293699001666452,0.00959499711011995,0.8666997367364402,0.02311411002023144,0.8137192144221206,1.1691701783336144,1.162080892843677,1.1421687401188374,1.1354046949115753,1.019685123384445,1.018356610714175,0.8897072847063028,0.9071119213314882,0.8387174547350682,0.866212179183966,0.8293699001666452,0.8666997367364402,0.8425063611584329,0.8802442380607692,0.8705639830472132,0.8884776061144792,0.9598239628625415,0.9541576024558545,1.0216030776864307,1.0122478279899083,1.6605390671738465,0.4610596722248855,0.7604396134543494,0.5717989551035297,3.9022046746119526e+18,2.1728042772173504e+18,3.902204674611953,2.1728042772173506,0.5512052688840511,0.35675100303283297,0.6664121529015606,0.08665501982804957,0.7810313481906889,0.0,0.0,0.01876471704854956,0.08637318568512803,0.006545709171984358,2.86672025223219,94.2809404299212,52.496997904544386,46,0.0009529982585058829,12,0.6716852188110352,0.6586451613631904
S2,1,97,1,MGCUBED,hyb,sample,5000,10,1001,1e-18,1.0,1.6452404180062905,7.07e-06,12511.074121431433,3.16e-11,5,0.1,0.6981694720140833,0.01495296093291061,0.7291099809135603,0.029571793707062893,0.6778489212106958,0.9679074193887811,0.9820501691247596,0.9584109122430993,0.9721655256038092,0.895096972662547,0.9068741681749646,0.7633362014671257,0.7782227973812398,0.6996764180440944,0.7264357919474985,0.6981694720140833,0.7291099809135603,0.771280538333953,0.8033996984535288,0.8468898067431955,0.870383138621823,0.920766100905057,0.9176867135885592,1.0148624624727476,1.001821631708757,1.6605390671738465,0.16024006943498117,0.5119037271405534,1.6452404180062905,3.760123089266151e+18,1.3398196422414715e+18,3.7601230892661515,1.3398196422414717,0.2597695532267254,0.12768869453539441,0.5410481636777047,0.13120570272767831,0.7447258657633119,0.0,0.0,0.11389991472166516,0.1256463793274056,0.0067887687980494864,16.777698299931835,90.84811550114978,32.37130453429332,16,0.0009971154048522973,33,1.7424712181091309,0.6586451613631904
S2,1,98,1,MGCUBED,hyb,sample,5000,10,1001,1e-18,1.0,1.9956281527334205,7.07e-06,15006.599588392917,3.16e-11,5,0.1,0.6824486795514713,0.021277789682227006,0.7225794045551772,0.024365587695601605,0.6462768721392147,0.9618511047088164,0.9678271110190801,0.9531352147997776,0.9594504767357899,0.8919649083348691,0.901716952393293,0.7541294348188099,0.7813556847032459,0.6908289816304863,0.7291319390422621,0.6824486795514713,0.7225794045551772,0.7493535514638028,0.7872050534984443,0.8405703064125385,0.8674361206070988,0.9140132730497064,0.913318830773229,1.0097764993736278,0.9970647608948064,1.6605390671738465,0.1321054919261715,0.4710022600657697,1.9956281527334205,4.177230575939942e+18,1.322039855438332e+18,4.177230575939943,1.3220398554383321,0.21579963625861937,0.09678830193701266,0.5334958916825395,0.13907571854878464,0.7602309911061511,0.0,0.0,0.15186516731353467,0.12969065950327077,0.006761760201856173,22.459413345040854,100.92582525323408,31.941728138326805,13,0.0009978140763667103,40,2.126469135284424,0.6586451613631904
S2,1,99,1,MGCUBED,hyb,sample,5000,10,1001,1e-18,1.0,1.9977442892825745,7.07e-06,6988.00574435419,3.16e-11,5,0.1,0.7353546965399076,0.02032015282700518,0.7827839413092579,0.022593362961444093,0.7042271686342122,1.057958055595357,1.1043150025301387,1.0427973269234647,1.0884287615964552,0.9524057717674987,0.9955904428317728,0.8079524063892594,0.8558699631969076,0.7483781613278783,0.7986527902409936,0.7353546965399076,0.7827839413092579,0.7723065929990158,0.8140918847802563,0.8052221794923053,0.8341941955054676,0.9121128597798747,0.9075390966287786,1.0326962178319352,1.0187264067946078,1.6605390671738465,0.13196555747044128,0.47078396871477346,1.9977442892825745,1.94467096781089e+18,6.185516452047854e+17,1.9446709678108902,0.6185516452047854,0.30926697081886234,0.16998998186832964,0.3630365242931235,0.11440567786985942,0.571728472238563,0.0,0.0,0.11407709856151946,0.1077825943784921,0.006563769462147232,17.379814940087943,46.98508227024462,14.944790362689371,13,0.0009988721446412873,40,1.89093017578125,0.6586451613631904
S2,1,100,1,MGCUBED,hyb,sample,5000,10,1001,1e-18,1.0,1.7358178908433237,7.07e-06,15658.129483356368,3.16e-11,5,0.1,0.6762571416683045,0.014872605610989933,0.7359435859643357,0.02544395273295736,0.6624865460254065,0.9519802066666962,1.0262226044915024,0.9421584204357364,1.0167560555626873,0.8763552293479873,0.9531564892250906,0.7444340636236367,0.8211832056160496,0.6813361630056697,0.749683563516194,0.6762571416683045,0.7359435859643357,0.7560856470323182,0.7985257216476207,0.8524800707224663,0.8778804829818077,0.9226273504559579,0.9209567764053468,1.0096617803224386,0.9970152739885997,1.6605390671738465,0.15187851226172272,0.500329193816019,1.7358178908433237,4.60014845957819e+18,1.5860473393190705e+18,4.6001484595781905,1.5860473393190706,0.22277136660333072,0.10287179063899475,0.5775964372323641,0.13517257198811394,0.7841845223628602,0.0,0.0,0.1287880137573224,0.12833738416507712,0.006708377205141104,19.19808767739283,111.14391966879958,38.32039761785341,15,0.0009918959376247565,35,2.002387285232544,0.6586451613631904
