set,search_seed,eval_index,is_finite,task,mode,node,N_R,R,seed,k_on,k_off,T,distance,N_max,D,L,lam_best,objective,opt_sd,held,held_sd,train,opt_lam_1e-06,held_lam_1e-06,opt_lam_1e-05,held_lam_1e-05,opt_lam_1e-04,held_lam_1e-04,opt_lam_1e-03,held_lam_1e-03,opt_lam_1e-02,held_lam_1e-02,opt_lam_1e-01,held_lam_1e-01,opt_lam_1e+00,held_lam_1e+00,opt_lam_1e+01,held_lam_1e+01,opt_lam_1e+02,held_lam_1e+02,opt_lam_1e+03,held_lam_1e+03,KD_nM,tau_D_over_T,phi_ISI,koff_T,c_peak,c_mean,c_peak_over_KD,c_mean_over_KD,tauR_mean_over_T,tauR_peak_over_T,occ_mean,occ_std,occ_max,occ_frac_above_0p8,occ_frac_above_0p9,contrast_within,contrast_between,binomial_sd_mean,snr_within,shell_molecules_peak,shell_molecules_mean,history_symbols,dt,n_sub,seconds,running_min
S2,4,1,1,MG,hyb,sample,5000,10,1004,1e-18,1.0,0.6866743958883772,7.07e-06,9915.581161638804,3.16e-11,2,0.01,0.6799710858733066,0.013348902310781218,0.6835913243142528,0.020485945722458918,0.6561295693139316,0.738511887588024,0.7416962788983648,0.7366180737840946,0.7399292533524573,0.7229542903479814,0.7270728970781167,0.6934535571489496,0.6978852097980532,0.6799710858733066,0.6835913243142528,0.680950867411162,0.6864610050987531,0.7057947739736414,0.7065221217214537,0.8382145241154678,0.8282445369716077,0.9449469403770177,0.9346859723869994,0.9659641532913723,0.9567005531869175,1.6605390671738465,0.3839278709052384,0.7168239119122113,0.6866743958883772,4.829450636677959e+18,2.5459015067797975e+18,4.82945063667796,2.545901506779798,0.4106978957432951,0.2498167285583782,0.6971996401765278,0.08944952914740911,0.8134930477827593,0.02164,0.0,0.026765634569713877,0.08892748741137593,0.006359589282628628,4.2087048990451095,116.68407624752759,61.511378391504294,38,0.0009809634226976816,14,0.8765079975128174,0.6799710858733066
S2,4,2,1,MG,hyb,sample,5000,10,1004,1e-18,1.0,1.6136870755693031,7.07e-06,2148.312734035619,3.16e-11,5,0.1,0.5186079223918251,0.00614558301055999,0.5293256870743693,0.009388094128098875,0.5063975840459665,0.7588209815840955,0.7655364268632013,0.7366320784053102,0.7441274857555837,0.6473088935277549,0.6553345530700396,0.5598439842758544,0.5672085388293711,0.5240618969526354,0.5360577486755431,0.5186079223918251,0.5293256870743693,0.5314914754386177,0.5380619266401591,0.6081343969164947,0.6008185913876669,0.905028955997523,0.883579771351845,1.0846423591354164,1.0666742648715224,1.6605390671738465,0.16337333477468455,0.5161262218454695,1.6136870755693031,6.510111881122725e+17,2.409700389559194e+17,0.6510111881122725,0.24097003895591942,0.4993664754670514,0.37534502429518724,0.18951705245458197,0.06250794276803932,0.3082624760194043,0.0,0.0,0.04309271831842746,0.06076474507751616,0.0054088499819656514,7.967075896375104,15.729043493016933,5.822063111145769,16,0.000977992167011699,33,1.295384168624878,0.5186079223918251
S2,4,3,1,MG,hyb,sample,5000,10,1004,1e-18,1.0,1.4958108099666894,7.07e-06,12679.733578853184,3.16e-11,4,0.01,0.5572765789061891,0.020243848108503614,0.5489325236918438,0.016081799764597615,0.49299653609058736,0.7054022318537945,0.6905609346764059,0.700891225204802,0.6860065793097676,0.6686790426519683,0.653443822642078,0.5955770678898774,0.5805543548871235,0.5572765789061891,0.5489325236918438,0.5593792163844538,0.5611215669063204,0.622040813407922,0.6316476017000704,0.6772680734185441,0.6817210887726459,0.8229623353210718,0.810410699279488,0.9576200431707276,0.9447906500369424,1.6605390671738465,0.1762478497026214,0.5328644230175412,1.4958108099666894,3.9762844430536535e+18,1.4960617852123497e+18,3.976284443053654,1.49606178521235,0.2678354146613926,0.13434395700511156,0.5682150649861045,0.12779544118027064,0.7597625491682433,0.0,0.0,0.10016608229921298,0.12337193036967228,0.0067601888080812455,14.817053952616343,96.07077741129606,36.14626187313293,18,0.0009972072066444595,30,1.5478699207305908,0.5186079223918251
S2,4,4,1,MG,hyb,sample,5000,10,1004,1e-18,1.0,1.3569935798633046,7.07e-06,4488.631753411299,3.16e-11,3,0.1,0.5549394535498295,0.006310926830007218,0.5598000350260004,0.008868860701593552,0.544260159496044,0.657838935433026,0.6594494835767264,0.6535141410164043,0.6555621424463063,0.6254468738674663,0.6300756322012603,0.5754904308769532,0.5818627063038686,0.5549470194320509,0.5596102337064408,0.5549394535498295,0.5598000350260004,0.5674862227234428,0.572558494747346,0.6603670560637445,0.6500907768006494,0.9004612642572359,0.880310200082512,0.9923015053499336,0.9748162471161681,1.6605390671738465,0.194277587404004,0.5547958941973075,1.3569935798633046,1.4717661104183444e+18,5.88068845113848e+17,1.4717661104183446,0.5880688451138482,0.4640372893771788,0.2981362836576205,0.3559403090571553,0.10044677887281926,0.5237180013862255,0.0,0.0,0.05793229273811912,0.09851714456473971,0.0065893244429413335,8.791840990646286,35.55925548598432,14.2082972007061,19,0.000969281128473789,28,1.297316074371338,0.5186079223918251
S2,4,5,1,MG,hyb,sample,5000,10,1004,1e-18,1.0,1.157104739083703,7.07e-06,2435.245889122931,3.16e-11,1,0.01,0.6134553830599518,0.012328443790888282,0.6241309641591076,0.023302367322792988,0.599792629610584,0.6490248356667633,0.6538955662527047,0.6476829011365124,0.652775429314323,0.638347252721354,0.645041414044375,0.6194551727121589,0.6297272690404487,0.6134553830599518,0.6241309641591076,0.6307233101119989,0.6346656095858816,0.7667785067810156,0.7555813394300332,0.8932053581511852,0.8751620710050577,0.9222031097923141,0.9038628463002037,1.1441956069746493,1.1283595362785253,1.6605390671738465,0.22783887224187976,0.5916215863225489,1.157104739083703,8.66481173990635e+17,3.803234890785862e+17,0.8664811739906351,0.3803234890785862,0.6261039579715088,0.46302422539059673,0.2680452479722902,0.0760785385159509,0.3986678254662385,0.0,0.0,0.03279424223536002,0.075243852599271,0.006131674320584141,5.348333998312525,20.93500130327813,9.188973723292392,23,0.0009642539492364192,24,0.9771480560302734,0.5186079223918251
S2,4,6,1,MG,hyb,sample,5000,10,1004,1e-18,1.0,1.884715828821841,7.07e-06,6933.002183408696,3.16e-11,1,0.01,0.5609071799458388,0.007153488837262535,0.554540811763965,0.0077345498676505055,0.5448326506166696,0.5838985186651063,0.5791469874044284,0.5834378879120418,0.5786941150302441,0.5796688873492701,0.5749451393924598,0.567465902252359,0.5620702806631166,0.5609071799458388,0.554540811763965,0.5803949987378635,0.5728485803607494,0.6884195533615881,0.6745272591515118,0.8345984598555353,0.8160012065835263,0.8705683412533185,0.8519350805591974,0.9786227583635819,0.9654115554975892,1.6605390671738465,0.13987967564498352,0.482882782234807,1.884715828821841,1.9726963717101806e+18,6.513616399466369e+17,1.9726963717101809,0.651361639946637,0.3213008910760316,0.17848575840202222,0.37503396149597373,0.11467299221615598,0.5795599278682881,0.0,0.0,0.10681222976518356,0.10892226013127215,0.006614877973770561,16.147271376542008,47.662202425613266,15.737510739426183,14,0.0009919556993799163,38,1.7748169898986816,0.5186079223918251
S2,4,7,1,MG,hyb,sample,5000,10,1004,1e-18,1.0,0.6189992642653241,7.07e-06,11310.279231906492,3.16e-11,4,0.1,0.6950622586983324,0.008027597642465207,0.7007899859969695,0.014840608785420446,0.6801201090652012,0.8985618128889371,0.8605720088784109,0.8887055443474372,0.8519535169492041,0.8302168095982797,0.8009403521668782,0.7383912970678731,0.7222322237933534,0.6980982450916796,0.6932523425878336,0.6950622586983324,0.7007899859969695,0.7197287458072517,0.7312890663797305,0.7640096511531664,0.7641537500524525,0.9147754101568717,0.9046000709955573,0.9826757728847749,0.973180314631564,1.6605390671738465,0.4259026690951981,0.741674372123989,0.6189992642653241,5.933172737328874e+18,3.2233903910249487e+18,5.933172737328875,3.223390391024949,0.3825151491809368,0.23301176339862073,0.7439763237113286,0.08002740317554657,0.8453029382519361,0.28184,0.0,0.022243173728916193,0.07961133787028178,0.0060458378074462246,3.679088728037142,143.35104179643346,77.88014796246554,43,0.000952306560408191,13,0.7619216442108154,0.5186079223918251
S2,4,8,1,MG,hyb,sample,5000,10,1004,1e-18,1.0,0.8757954476753649,7.07e-06,17695.033707696304,3.16e-11,2,0.01,0.679630949286377,0.014427150050706163,0.680345925203917,0.021272638478953693,0.6401626940783072,0.7562627025203496,0.7491047079731268,0.7546938724116792,0.7476640299236195,0.7422070063074472,0.7361864299954648,0.7042256084237837,0.7013950544736216,0.679630949286377,0.680345925203917,0.6846978297355552,0.6886741996033895,0.724114225226652,0.7246833501569434,0.836254826851877,0.8239352410256382,0.9364633154866826,0.9248810462637271,0.9564269175292297,0.9461372395772706,1.6605390671738465,0.30102170491789043,0.6580388313572443,0.8757954476753649,7.363453296377635e+18,3.552728555582586e+18,7.363453296377636,3.5527285555825863,0.2507988606145058,0.13652484135013704,0.756027403048405,0.0902706673016476,0.869544960738095,0.40668,0.0,0.04345309022513348,0.0890249732549236,0.005908321873868915,7.3545570388295936,177.90796728603772,85.83726822219306,30,0.0009731060529726276,18,1.057145118713379,0.5186079223918251
S2,4,9,1,MG,hyb,sample,5000,10,1004,1e-18,1.0,1.831295720164704,7.07e-06,18661.80892812605,3.16e-11,3,0.01,0.54016778713963,0.01454204692149049,0.5496856292511253,0.02635843287540492,0.5002167821428096,0.6387432455553936,0.6483083110166401,0.636940546759827,0.6465509630602615,0.6224301070090291,0.6323595050788212,0.5747626799433003,0.5853627731869175,0.54016778713963,0.5496856292511253,0.5508614979188831,0.5586424451200698,0.6266221232431284,0.6354537957190411,0.6957834130401921,0.6950241861242702,0.8483005676780768,0.8352605591324149,0.9320302317406967,0.9206025757942113,1.6605390671738465,0.14396005839780734,0.48893218580217357,1.831295720164704,5.363344832201465e+18,1.7881504409352942e+18,5.363344832201466,1.7881504409352944,0.19585078480191767,0.08581358804251295,0.6022379617032851,0.13804807986245213,0.8111685751046095,0.00424,0.0,0.14205441276039182,0.12994237167224582,0.006627962444256846,21.43259168335851,129.58346288696313,43.203398914056905,14,0.0009898895784674075,37,2.033236026763916,0.5186079223918251
S2,4,10,1,MG,hyb,sample,5000,10,1004,1e-18,1.0,1.023220734885402,7.07e-06,15287.170071515673,3.16e-11,5,0.01,0.6075265738779092,0.030188200309990424,0.6110960223740873,0.04096932733443597,0.5280168761198729,0.8320461296869137,0.8364229414711879,0.8218905924805165,0.8262967091656783,0.7603846104557346,0.7646713501207396,0.6553180668161944,0.6583785237616833,0.6075265738779092,0.6110960223740873,0.6097462504982827,0.6164783309072253,0.6791316624979352,0.6893430415071464,0.738790061926301,0.7457713666702005,0.8421237358511094,0.8329896364609262,0.9697648473752676,0.9592253980662843,1.6605390671738465,0.25765060248519267,0.6206945667096581,1.023220734885402,5.809266208073273e+18,2.631548219387855e+18,5.809266208073274,2.631548219387855,0.2691155870898451,0.1435259250030378,0.6970277061465083,0.1052688491502431,0.8355241428947795,0.08516,0.0,0.057240859238105735,0.10347211104322883,0.006308393488170878,9.073761702633226,140.35734334190857,63.58068363885702,26,0.0009744959379860972,21,1.2144989967346191,0.5186079223918251
S2,4,11,1,MG,hyb,sample,5000,10,1004,1e-18,1.0,2.0,7.07e-06,200.0,3.16e-11,5,0.01,0.7844215026682221,0.024007594782802212,0.7572527260776114,0.031218933936726062,0.753666719506344,1.0734087221448383,1.0161844637017992,0.9744213629712318,0.926101070969159,0.8430578399936708,0.8047378956062559,0.7943199755015293,0.760610101342634,0.7844215026682221,0.7572527260776114,0.822960309609965,0.8006065873732784,0.9280534025042837,0.9144643483175809,0.978194870334524,0.9718853284926088,1.0451482193772834,1.0370122641546304,1.7567836776234675,1.7198724923752007,1.6605390671738465,0.13181671940928272,0.4705516107728963,2.0,5.5928659489327064e+16,2.4091772585595628e+16,0.05592865948932707,0.024091772585595632,0.48823749334262817,0.47351683800476846,0.023507051929536955,0.004297437176401699,0.03334656470052565,0.0,0.0,0.0077055443087164065,0.003463335215038434,0.002132976727996061,3.6125777687015797,1.3512890925340701,0.5820799177376887,13,0.001,40,0.9871621131896973,0.5186079223918251
S2,4,12,1,MG,hyb,sample,5000,10,1004,1e-18,1.0,1.7200095709142298,7.07e-06,14349.718906005728,3.16e-11,1,0.01,0.5848168096930159,0.0094323969795759,0.572632190430801,0.020934689803288234,0.5686288909295898,0.6151195374785798,0.5958353151636029,0.614689403167589,0.5955137759034523,0.6109604548274866,0.592720189499283,0.59574152114016,0.5810464498949501,0.5848168096930159,0.572632190430801,0.615044790375227,0.6064148385706726,0.7093569221194395,0.6979889785076692,0.8403156750612737,0.8244160677404999,0.8823945098404,0.8671946596456278,0.9189712480062756,0.9074747265122154,1.6605390671738465,0.15327440223395816,0.5022933906607068,1.7200095709142298,4.2302757416092595e+18,1.4664475731989212e+18,4.23027574160926,1.4664475731989215,0.23572044263460762,0.11115897945193609,0.560297020752052,0.1344079731702777,0.7677424679847122,0.0,0.0,0.12507144613949522,0.12790307933921571,0.006747024911463973,18.537273506576867,102.20744641911041,35.43075461722643,15,0.0009828626119509885,35,1.7864658832550049,0.5186079223918251
S2,4,13,1,MG,hyb,sample,5000,10,1004,1e-18,1.0,1.4963769871314132,7.07e-06,200.0,3.16e-11,5,0.01,0.7777832642126947,0.013186383398528144,0.7580929486514612,0.02427226129992184,0.7643697823274713,1.0568636007948546,1.0183349788435043,0.9547288141606767,0.9278432688201518,0.8257079530738967,0.8063369314419851,0.7816973102762729,0.7625001210175723,0.7777832642126947,0.7580929486514612,0.8123895066336904,0.7983239329180777,0.92494164446065,0.9178358560122188,0.9789025161390335,0.9742436550203912,1.036789984528064,1.0300313745736,1.7173673971985306,1.6824775625745243,1.6605390671738465,0.17618116362772754,0.5327801494186439,1.4963769871314132,6.330598825709535e+16,3.2289975421640824e+16,0.06330598825709537,0.032289975421640825,0.647377005674158,0.6284933976261302,0.03125748883367217,0.004827817427321304,0.04180182957385058,0.0,0.0,0.006029057488315931,0.00439285200892345,0.002452839142813734,2.457991387645501,1.5295323042782294,0.7801562201536945,18,0.0009975846580876089,30,0.752734899520874,0.5186079223918251
S2,4,14,1,MG,hyb,sample,5000,10,1004,1e-18,1.0,1.6831940942861467,7.07e-06,2017.8216333515147,3.16e-11,4,0.1,0.5132782431815798,0.008387362089995881,0.5220198213207723,0.011974208363599649,0.5069199145488119,0.6673583516825083,0.6701924702890775,0.6556215804224116,0.6578649233613135,0.6000976157010229,0.6006443752048896,0.5372761431842019,0.5416784690234426,0.5161497958679322,0.5250094034443737,0.5132782431815798,0.5220198213207723,0.5276079248735244,0.5318823863686984,0.6729406566089996,0.6617947447495762,0.9249299029683646,0.9035007087122302,1.0964699563745501,1.0795856688606886,1.6605390671738465,0.1566268796412181,0.5069579146580949,1.6831940942861467,6.014791065180975e+17,2.1818650843633312e+17,0.6014791065180977,0.21818650843633314,0.4876991694348258,0.3709748981195319,0.17508533767114148,0.05845807693334837,0.2883463847295984,0.0,0.0,0.04272764693833339,0.05661425313138751,0.005246241474519428,8.14443009264025,14.532301747374182,5.271591553957648,16,0.0009901141731094981,34,1.338629961013794,0.5132782431815798
S2,4,15,1,MG,hyb,sample,5000,10,1004,1e-18,1.0,1.9718387474039876,7.07e-06,19016.07314773569,3.16e-11,4,0.01,0.513152186541127,0.019331328450540378,0.5215005076035525,0.015810588547864438,0.4633664643967871,0.6599739305469483,0.650071296053466,0.6566532021031225,0.6469195075926539,0.6308238599994833,0.6226630297928468,0.5559806413044981,0.5562755061962122,0.513152186541127,0.5215005076035525,0.5229411739545198,0.5312760161027515,0.6066002157470918,0.6148701282945318,0.6824880766378009,0.6882695038534694,0.8043053999008929,0.7939029821152135,0.9375601510554252,0.9268082808759057,1.6605390671738465,0.1336992891359146,0.4734771835165869,1.9718387474039876,5.314023503787835e+18,1.6920677158867062e+18,5.314023503787836,1.6920677158867063,0.18838339687764963,0.08031976134380162,0.5882190361821006,0.14111002621571866,0.807677054755115,0.00216,0.0,0.1562634942694507,0.13143630884884128,0.006654538447211997,23.482243811352422,128.39181313667103,40.88194977644824,13,0.0009859193737019939,40,2.1053977012634277,0.513152186541127
S2,4,16,1,MG,hyb,sample,5000,10,1004,1e-18,1.0,0.5,7.07e-06,1769.386114573555,3.16e-11,5,0.1,0.6106446831642368,0.007942063648491034,0.629239990355004,0.01137292395756868,0.6051174269299978,0.8422046068136758,0.8581292485194959,0.8088666567319489,0.8260500107519562,0.7041787408119777,0.7272188275936666,0.6315450792446192,0.6580792343246225,0.6131385517545681,0.6339144431768634,0.6106446831642368,0.629239990355004,0.6226114431992162,0.6401680318139571,0.6808400034540749,0.6840586033195506,0.9423702614474333,0.9304218248352163,1.0680786141189444,1.0564402927893664,1.6605390671738465,0.5272668776371309,0.7914984825837854,0.5,1.0941605408886963e+18,6.463323593972983e+17,1.0941605408886965,0.6463323593972984,1.2148215325927112,0.9550366177519812,0.3843754822877523,0.07351443994636662,0.4985797197469377,0.0,0.0,0.011187528498639018,0.0734032079932259,0.006792440541588245,1.6470557865233943,26.435949259005984,15.615998584268738,53,0.001,10,0.5060470104217529,0.513152186541127
S2,4,17,1,MG,hyb,sample,5000,10,1004,1e-18,1.0,0.5,7.07e-06,19270.807165395527,3.16e-11,3,0.1,0.7492332502294182,0.009814399335924592,0.7613997112805322,0.009276746556852886,0.7448626715572098,0.8565953451808402,0.8728335701208352,0.8522964553059005,0.8685465752155844,0.823925756277523,0.8401750678633405,0.7715594692053412,0.7872483404155511,0.7499395004975449,0.7634777737096943,0.7492332502294182,0.7613997112805322,0.7688819315586912,0.7752244292629925,0.8717766955485644,0.865827126240817,0.9659677641076666,0.959182537680711,0.9825882710303466,0.976082857461436,1.6605390671738465,0.5272668776371309,0.7914984825837854,0.5,1.1858404377675405e+19,6.777907553488757e+18,11.858404377675408,6.777907553488758,0.2571385666705316,0.155540294211961,0.8577825635708033,0.051912515963355804,0.9191587424764759,0.87168,0.16504,0.013817917729670863,0.05165059020736069,0.004841651982031384,2.8539675674651357,286.5102192100447,163.7606306115999,53,0.001,10,0.6264832019805908,0.513152186541127
S2,4,18,1,MG,hyb,sample,5000,10,1004,1e-18,1.0,2.0,7.07e-06,2382.4692199625924,3.16e-11,5,0.1,0.5055257539746966,0.005541492308401623,0.5141692902057293,0.00876895281632703,0.4952953835686322,0.7402956854856612,0.7272335443926199,0.7163322198876869,0.7051505197828873,0.6226284031672128,0.6217041072978596,0.5369142380652528,0.5494749904619858,0.5090731650237528,0.5220566979105355,0.5055257539746966,0.5141692902057293,0.518293854349923,0.5243843786113368,0.6011093680410375,0.5961100506222466,0.8931384849853172,0.8748291633749435,1.0835772995401958,1.068506787768735,1.6605390671738465,0.13181671940928272,0.4705516107728963,2.0,6.629653155040909e+17,2.1501510993169626e+17,0.662965315504091,0.21501510993169629,0.41151751604809933,0.30066772610253517,0.1725338501118499,0.06128713588723435,0.29700913604148094,0.0,0.0,0.056853078977531855,0.05814766696925263,0.005198741557268316,10.935931003926527,16.017866470410294,5.194967578941539,13,0.001,40,1.509209156036377,0.5055257539746966
S2,4,19,1,MG,hyb,sample,5000,10,1004,1e-18,1.0,2.0,7.07e-06,19963.95215935773,3.16e-11,2,0.01,0.5389236083421503,0.010669235934046345,0.5294334125231718,0.017856452924206283,0.5038766364923492,0.5825023869440438,0.5697144620082705,0.5819058234626231,0.5691429290281774,0.5767231603313109,0.5641919988267073,0.5554228604336983,0.5442202896155329,0.5389236083421503,0.5294334125231718,0.5527742188470361,0.5456146309901508,0.6296634027719239,0.6283869093321611,0.7400020493758784,0.7283860055307729,0.8743722014126767,0.8597498544253428,0.9132033855579212,0.9009792083176557,1.6605390671738465,0.13181671940928272,0.4705516107728963,2.0,5.553116577978241e+18,1.7530507292108465e+18,5.553116577978241,1.7530507292108466,0.1816167042237262,0.07629957350068375,0.5955388553420109,0.1415513313840605,0.8152011223343423,0.00672,0.0,0.15972353740615972,0.13147064453351825,0.006631821944410415,24.08441281219584,134.16852701116662,42.35535681833338,13,0.001,40,2.171192169189453,0.5055257539746966
S2,4,20,1,MG,hyb,sample,5000,10,1004,1e-18,1.0,2.0,7.07e-06,5318.787163678024,3.16e-11,4,0.1,0.5167869434339571,0.006101448096716668,0.5143010205231153,0.009167614889802368,0.501928248715071,0.644832528961585,0.650979208212098,0.6392118166153166,0.6453467773262183,0.6042746225483189,0.6093739368882755,0.54525213001699,0.5430411036942403,0.5190295993672808,0.512152529951759,0.5167869434339571,0.5143010205231153,0.5354821540910757,0.5378235776758308,0.5882109925065249,0.5806385273976009,0.842014944745881,0.8210930141525686,0.9892342862131034,0.970852996585854,1.6605390671738465,0.13181671940928272,0.4705516107728963,2.0,1.4796790676365102e+18,4.718854548582551e+17,1.4796790676365104,0.47188545485825517,0.3397003471633265,0.2016389969676889,0.3065996680584261,0.10123690362136649,0.4974891591204055,0.0,0.0,0.09827623713326386,0.09563798600638115,0.0063071049908522935,15.581829900691659,35.75043998559917,11.401197058855356,13,0.001,40,1.7285058498382568,0.5055257539746966
S2,4,21,1,MG,hyb,sample,5000,10,1004,1e-18,1.0,2.0,7.07e-06,4052.9000737203014,3.16e-11,4,0.1,0.5120321525125642,0.00429888578656859,0.5239444459727413,0.007920118482017584,0.5017780231475448,0.6616611682466672,0.6556781668173661,0.6542981158807091,0.6492759094907876,0.6103844445093185,0.6115398075442685,0.5410405937901089,0.5534494629889867,0.5142874516078858,0.529598363518345,0.5120321525125642,0.5239444459727413,0.5238922087084742,0.5317873316279175,0.593510951627352,0.5887347935993886,0.8645274677401966,0.8463151517368619,1.0093341714275819,0.9940346035842895,1.6605390671738465,0.13181671940928272,0.4705516107728963,2.0,1.1275825253570422e+18,3.611451128147535e+17,1.1275825253570424,0.36114511281475353,0.36733776236835963,0.23500851038250187,0.2554815047692579,0.08737945818927152,0.4249702727717408,0.0,0.0,0.08293981801316795,0.0827295223026247,0.005977858845041242,13.874502587488873,27.24345588396876,8.725606088622426,13,0.001,40,1.6673147678375244,0.5055257539746966
S2,4,22,1,MG,hyb,sample,5000,10,1004,1e-18,1.0,0.800095200326642,7.07e-06,6305.805277875342,3.16e-11,5,0.1,0.629097567220049,0.010499973504113295,0.6338234119034437,0.010742702132672229,0.6160814346572855,0.8734327343072886,0.8461244136134146,0.8570896986057839,0.8314612931877348,0.775636694982051,0.7591141197622622,0.6720561781141068,0.668833164019895,0.63251961869001,0.6300356613236497,0.629097567220049,0.6338234119034437,0.6537282288214632,0.6668005878771633,0.6934495995405022,0.7004013327332659,0.8497940115879613,0.8390454675196185,0.9996114432478744,0.9874902750068257,1.6605390671738465,0.3295025875807479,0.6798926360052029,0.800095200326642,2.7775622693067054e+18,1.3969413588268662e+18,2.777562269306706,1.3969413588268664,0.5214358968717537,0.33086185695577475,0.5629645874599924,0.10125199717210862,0.7057502570075774,0.0,0.0,0.031609270709995495,0.10063347739520415,0.006864741803822606,4.604582606791415,67.10852061570644,33.75141901001031,33,0.0009412884709725201,17,0.9017231464385986,0.5055257539746966
S2,4,23,1,MG,hyb,sample,5000,10,1004,1e-18,1.0,2.0,7.07e-06,11650.319020149038,3.16e-11,2,0.01,0.5291838335161421,0.015654706051152125,0.5386945205006111,0.01510583856674965,0.5059763363011917,0.5840441754970314,0.5822024805412814,0.5831091185593108,0.5814143429915388,0.5752611750382134,0.5748200182687433,0.5470436492992008,0.5516226924860886,0.5291838335161421,0.5386945205006111,0.542501081580871,0.550984559408042,0.588750335278396,0.5907359654446804,0.7128911916628184,0.7000928161879669,0.8697394962258596,0.8541797730053153,0.9189333409100824,0.9066544691328688,1.6605390671738465,0.13181671940928272,0.4705516107728963,2.0,3.2407448780716247e+18,1.0257705596256517e+18,3.240744878071625,1.025770559625652,0.24681965962245814,0.11790381510225692,0.4760379171773417,0.13356907029987083,0.7030392723712579,0.0,0.0,0.14179910682598842,0.12495820619317567,0.006786137320423196,20.895407819001452,78.29944871572555,24.783582895084866,13,0.001,40,1.9399938583374023,0.5055257539746966
S2,4,24,1,MG,hyb,sample,5000,10,1004,1e-18,1.0,2.0,7.07e-06,9787.1863905963,3.16e-11,3,0.01,0.5273335181774963,0.013489552293635404,0.522159854455962,0.018319956256518277,0.483746564419827,0.6104363023462541,0.6090840085703833,0.6085200744849045,0.6070708942758178,0.5935952215101722,0.5913996344247444,0.5510730769168715,0.5471277463071844,0.5273335181774963,0.522159854455962,0.5323763711249127,0.5287443673768364,0.5696025026277257,0.57181904904347,0.6332495495991777,0.6246227674174727,0.8458369102392818,0.8273615161806493,0.9417598684089986,0.9257833142046223,1.6605390671738465,0.13181671940928272,0.4705516107728963,2.0,2.722529184209479e+18,8.627829232828479e+17,2.7225291842094794,0.862782923282848,0.2684156021351282,0.134317281412041,0.43677893560849734,0.12809015331086118,0.6601424770209301,0.0,0.0,0.1330906308934899,0.12012784462303515,0.006750373013587804,19.716040969231212,65.77886944402812,20.845648082791186,13,0.001,40,1.9305899143218994,0.5055257539746966
S2,4,25,1,MG,hyb,sample,5000,10,1004,1e-18,1.0,1.846159402591321,7.07e-06,2912.6969788658103,3.16e-11,1,0.01,0.5747671257300412,0.010835920576532897,0.5693188791837628,0.01945800806388459,0.5620289629092705,0.6017359202430683,0.6028090093090561,0.6007169464492697,0.6017361628945107,0.5933548988170323,0.5938304587691061,0.577784187070719,0.575425158975974,0.5747671257300412,0.5693188791837628,0.6048680811587208,0.5947870824205723,0.7551751594852406,0.7362044338310119,0.8520012924855795,0.8310346771809929,0.8758998705563764,0.8573326816342647,1.2147764058767216,1.1966002258861692,1.6605390671738465,0.14280101623322566,0.48722640996428085,1.846159402591321,8.350043230228154e+17,2.830498563110696e+17,0.8350043230228155,0.28304985631106966,0.4221699053493829,0.29518461052184064,0.21405362811154566,0.07304898797532726,0.3557510665652394,0.0,0.0,0.061311143043315953,0.07001707979615368,0.005640418485036744,10.869963497560686,20.17449093581166,6.838751133476992,14,0.000997924001400714,37,1.471634864807129,0.5055257539746966
S2,4,26,1,MG,hyb,sample,5000,10,1004,1e-18,1.0,2.0,7.07e-06,8578.129774031468,3.16e-11,1,0.01,0.5605115191449547,0.010433303559998455,0.5519592969372058,0.010799550628463363,0.5344717248993682,0.5871595508576706,0.572620604328882,0.5867190626866965,0.5722272948921112,0.5829879556957949,0.5689207516586237,0.5692312287881186,0.5572912609429864,0.5605115191449547,0.5519592969372058,0.5820246752243978,0.5769240357900438,0.6854030424030941,0.6724142071508733,0.8290368392332017,0.809735696967509,0.8656391739803372,0.8462664776666408,0.9532575923208981,0.9392309709486056,1.6605390671738465,0.13181671940928272,0.4705516107728963,2.0,2.386239591330539e+18,7.570141352680972e+17,2.3862395913305394,0.7570141352680972,0.28457369235888735,0.14765641547635955,0.40739620738606697,0.12315717543012425,0.6261902506555476,0.0,0.0,0.1259317741731111,0.11570853098079444,0.006695101229973038,18.809539967720287,57.653796128499195,18.29017454060562,13,0.001,40,1.8653786182403564,0.5055257539746966
S2,4,27,1,MG,hyb,sample,5000,10,1004,1e-18,1.0,2.0,7.07e-06,4631.926210396604,3.16e-11,5,0.1,0.5119900072976887,0.00661514190917384,0.5239133960190371,0.01082409334538655,0.4985465697531284,0.7192427879530333,0.7073748650421962,0.7065866863471733,0.6953308883295657,0.6403417586986125,0.6335636952832783,0.549868457944574,0.5568135227495633,0.5144514051285269,0.5282972087845247,0.5119900072976887,0.5239133960190371,0.5309175822459153,0.5405520832081709,0.5743693678331081,0.5756058602367589,0.8168508866935966,0.8002617475077829,1.0119980131523811,0.9958960335589957,1.6605390671738465,0.13181671940928272,0.4705516107728963,2.0,1.288634093250016e+18,4.117985659831579e+17,1.2886340932500162,0.41179856598315795,0.3541581724527441,0.21847092179334185,0.27992145446890865,0.09422382811516744,0.4602682995908707,0.0,0.0,0.09035324543175827,0.08912100694615949,0.006147677618539617,14.697134599133667,31.134613458929337,9.949441227719799,13,0.001,40,1.717397928237915,0.5055257539746966
S2,4,28,1,MG,hyb,sample,5000,10,1004,1e-18,1.0,1.8061276371315338,7.07e-06,2810.2773524354648,3.16e-11,4,0.1,0.5128893103543098,0.007531962305069025,0.5191439856808916,0.008805213920285963,0.4997859958309627,0.6736027642496468,0.679500202072093,0.6637395040210515,0.6709325649814943,0.6091133835190918,0.6231635221338329,0.5349418510070008,0.5526227078697802,0.5135742230244175,0.5236300399846113,0.5128893103543098,0.5191439856808916,0.5249072554176711,0.527465713873053,0.6261175516744026,0.615216294318324,0.8990303809356333,0.8780284949179439,1.0478732769095918,1.0312897456616976,1.6605390671738465,0.14596611745406007,0.49186142073110184,1.8061276371315338,8.13965552299802e+17,2.8044399447065405e+17,0.813965552299802,0.2804439944706541,0.432405265935839,0.3052267035849,0.21270424420564857,0.0717826296106819,0.35146550225586726,0.0,0.0,0.058471568459640265,0.06897767800648127,0.005631943207053376,10.382130342935845,19.666174418700102,6.775791056948137,15,0.0009762852092602886,37,1.4340317249298096,0.5055257539746966
S2,4,29,1,MG,hyb,sample,5000,10,1004,1e-18,1.0,2.0,7.07e-06,17231.582717322683,3.16e-11,5,0.01,0.4911912214650195,0.017386482222569947,0.5004741632523533,0.0196234746413037,0.4300890914270627,0.7002774779815512,0.6866806564599245,0.693452248120875,0.6801330696034275,0.646297305242553,0.6355193204833605,0.542002003528335,0.54274841519745,0.4911912214650195,0.5004741632523533,0.49674815874773737,0.5063134956576206,0.5794088936666087,0.5881749431477289,0.6710809339883851,0.6795196034874543,0.7748711261702667,0.7676587131671031,0.9427559110264955,0.9314886463100654,1.6605390671738465,0.13181671940928272,0.4705516107728963,2.0,4.793129498243706e+18,1.514021886116887e+18,4.793129498243706,1.5140218861168873,0.19888450564457535,0.0863091357014519,0.563623386578641,0.14079867979069854,0.7878796989664524,0.0,0.0,0.15650143100598865,0.1310079358001008,0.0067120686793128315,23.31642277266015,115.80652333203187,36.58019482762729,13,0.001,40,2.1030259132385254,0.4911912214650195
S2,4,30,1,MG,hyb,sample,5000,10,1004,1e-18,1.0,2.0,7.07e-06,13758.221662360893,3.16e-11,5,0.01,0.49373629040765277,0.022235339315383747,0.501932850259395,0.017933942446896813,0.4341917522778608,0.701597240473604,0.6897020721648977,0.6941711555601061,0.6823407163134425,0.6440269090673938,0.6337445340185404,0.5404821188467372,0.540900250494216,0.49373629040765277,0.501932850259395,0.49940107917586946,0.507991548542286,0.5734592033714488,0.5821719287495106,0.6490558530934969,0.656217257730412,0.7674512001140154,0.758210523649009,0.9493781723966068,0.9367235474078383,1.6605390671738465,0.13181671940928272,0.4705516107728963,2.0,3.827041426691404e+18,1.210170780976149e+18,3.8270414266914043,1.210170780976149,0.22622686188040583,0.10358311764950291,0.5135427805803956,0.13754624115631905,0.7412306142754451,0.0,0.0,0.1490083820212734,0.1283744209459782,0.006780377913520963,21.97641251295612,92.46492556380673,29.238865929704104,13,0.001,40,2.1229891777038574,0.4911912214650195
S2,4,31,1,MG,hyb,sample,5000,10,1004,1e-18,1.0,2.0,7.07e-06,15819.26851136324,3.16e-11,5,0.01,0.4910386309779044,0.019360379225544247,0.5000653193734179,0.017993523299470328,0.4314967256956724,0.700266471795287,0.6851012487619338,0.6933222753665709,0.6781460277081091,0.6457507849978428,0.6318259847035842,0.5413614630837029,0.5403262150298102,0.4910386309779044,0.5000653193734179,0.49653404755917957,0.5057554545432156,0.5769820309693261,0.5855107499712174,0.6627512054021902,0.6705199915404136,0.7715934389464227,0.7635617374190175,0.9449860428262212,0.9331597708601483,1.6605390671738465,0.13181671940928272,0.4705516107728963,2.0,4.4003054047875507e+18,1.3904720375707036e+18,4.400305404787551,1.3904720375707038,0.20916370998763933,0.09258735618113992,0.5447431918397272,0.1398603523881229,0.7709158638065262,0.0,0.0,0.15399108828930635,0.1302821314656734,0.006746004578189255,22.827006193737308,106.31552323264305,33.595114114999916,13,0.001,40,2.065675973892212,0.4910386309779044
S2,4,32,1,MG,hyb,sample,5000,10,1004,1e-18,1.0,2.0,7.07e-06,12025.739653047818,3.16e-11,5,0.01,0.4947564555865574,0.02138847025249961,0.5061122344353381,0.019021932278343243,0.43697088400137235,0.7035985390297591,0.6900849754614042,0.6955348724900303,0.6822942201442206,0.6426576121328189,0.6322233487800373,0.5391794624414598,0.5416937704008367,0.4947564555865574,0.5061122344353381,0.5011271854516057,0.5123267568848215,0.568507262777489,0.5784491347782715,0.6359551203474687,0.6428516603012177,0.7653976267165341,0.7551710342246365,0.9546295061090175,0.941294986785754,1.6605390671738465,0.13181671940928272,0.4705516107728963,2.0,3.345165175736913e+18,1.0586125165641549e+18,3.345165175736913,1.0586125165641551,0.24288203631177033,0.11507042420204501,0.4832011566263065,0.1344260023298803,0.7105100686216266,0.0,0.0,0.1432695558487593,0.1257029028601339,0.006788036810705082,21.106184283328556,80.82234146092341,25.577075508598014,13,0.001,40,1.9675729274749756,0.4910386309779044
S2,4,33,1,MG,hyb,sample,5000,10,1004,1e-18,1.0,2.0,7.07e-06,3228.2098199362094,3.16e-11,5,0.1,0.5071516119897297,0.004619849688168219,0.5180611576917546,0.007783531450439824,0.4965105871028336,0.7457590531685371,0.7169240730096755,0.7271777740722507,0.7007528078694778,0.6422026646519319,0.6297169144615091,0.5461245971881058,0.5561689856112474,0.5113109922729713,0.5270953543172995,0.5071516119897297,0.5180611576917546,0.5210731508605043,0.5293326599898471,0.5776386013308769,0.575710243425448,0.8589167925276733,0.8407149406977069,1.0441163371878954,1.027922521520439,1.6605390671738465,0.13181671940928272,0.4705516107728963,2.0,8.982014145830527e+17,2.890008580004932e+17,0.8982014145830528,0.28900085800049324,0.38789733683777633,0.26340724232882684,0.21709298219582404,0.0758428330678359,0.36737582516027867,0.0,0.0,0.0710283874066659,0.07189820333830813,0.0056600016203165815,12.54918146166415,21.70139219332387,6.982532939549145,13,0.001,40,1.6301259994506836,0.4910386309779044
S2,4,34,1,MG,hyb,sample,5000,10,1004,1e-18,1.0,2.0,7.07e-06,20000.0,3.16e-11,5,0.01,0.49282569885809024,0.01837356070686031,0.5048278687989843,0.018095663636798175,0.4315154579026668,0.7016151229583039,0.6896160483263251,0.6956060680500424,0.6838125888092927,0.6521489351929688,0.6424768287106758,0.5468964291257967,0.549009287539399,0.49282569885809024,0.5048278687989843,0.49863100239909713,0.5093211628567843,0.5848731670325804,0.5931754965862874,0.6862664765842902,0.695074755923134,0.7822618608959867,0.7760333714295495,0.9400089396446223,0.9294067501661291,1.6605390671738465,0.13181671940928272,0.4705516107728963,2.0,5.563143001462194e+18,1.756204209670772e+18,5.563143001462195,1.7562042096707722,0.18140890948705315,0.07618301168946122,0.5959247360036186,0.1415538100882921,0.8155164019397542,0.007,0.0,0.15975399792237277,0.1314702109291021,0.006630673288376988,24.093178923836902,134.41077484643932,42.43154787651223,13,0.001,40,2.131103992462158,0.4910386309779044
S2,4,35,1,MG,hyb,sample,5000,10,1004,1e-18,1.0,2.0,7.07e-06,8038.167890587669,3.16e-11,5,0.01,0.5063163537787447,0.015452179922500673,0.5152532604386233,0.01850913014412192,0.4534070999360928,0.7183083892272963,0.7017404216827544,0.7087721354062679,0.692526040527325,0.6501262146351718,0.6372564240409173,0.5472320000850424,0.5481204048161503,0.5063163537787447,0.5152532604386233,0.5106753713505692,0.5204169066592507,0.5530796252284008,0.5628261158513277,0.6016399268178348,0.606634058478865,0.7728344352656229,0.7597137464989034,0.9752575738463639,0.9603577969844533,1.6605390671738465,0.13181671940928272,0.4705516107728963,2.0,2.236053438369914e+18,7.09778039618352e+17,2.236053438369914,0.7097780396183521,0.29243561936940504,0.15450919137227326,0.3930844172986664,0.1205068188615087,0.6090931390573255,0.0,0.0,0.12226838881335046,0.11331455872463296,0.006659119944029561,18.361043177030314,54.02515721245162,17.14890597797223,13,0.001,40,1.8824410438537598,0.4910386309779044
S2,4,36,1,MG,hyb,sample,5000,10,1004,1e-18,1.0,2.0,7.07e-06,17844.246508756194,3.16e-11,5,0.01,0.49141613365100956,0.01853110192465513,0.5005685491329188,0.018106238498244703,0.42963886435714543,0.6990336962907965,0.6875200204449408,0.6925519535482573,0.6814689577701774,0.6468643028772855,0.6391441597994969,0.5424266054909435,0.5451416443796402,0.49141613365100956,0.5005685491329188,0.4969918542628099,0.5059711022308648,0.5803885708034606,0.5886690126899013,0.6745996903203257,0.6831634234280669,0.7764266753449414,0.769525668213519,0.9419761409477868,0.9309218987719534,1.6605390671738465,0.13181671940928272,0.4705516107728963,2.0,4.963537115364419e+18,1.5676179756569756e+18,4.963537115364419,1.567617975656976,0.19473301898506343,0.08384285874767228,0.571271384078365,0.14107607221571766,0.7946493822898721,0.0,0.0,0.15739576093083651,0.13120745180696303,0.006695475798199862,23.507778337897026,119.92373186880869,37.8751268331373,13,0.001,40,2.098062038421631,0.4910386309779044
S2,4,37,1,MG,hyb,sample,5000,10,1004,1e-18,1.0,2.0,7.07e-06,10496.58995163974,3.16e-11,5,0.01,0.4996867049225928,0.019805137680334598,0.5116148205908391,0.018685850188270903,0.4408654714622207,0.7164971308786572,0.7030091682038013,0.7073297025699445,0.6941194229810241,0.648953796893568,0.6385364637862969,0.5426151574780084,0.5454009345852344,0.4996867049225928,0.5116148205908391,0.5048741838875301,0.5156393732459451,0.5636460845930253,0.5733224926036581,0.6235104809069164,0.6297421571140515,0.7655426634756151,0.7542935399443296,0.9607773984661947,0.946861862560883,1.6605390671738465,0.13181671940928272,0.4705516107728963,2.0,2.9198442077258967e+18,9.248418490907196e+17,2.9198442077258973,0.9248418490907198,0.2597616007965517,0.12755608986053957,0.4525083783023843,0.1304416294214555,0.6777207667282567,0.0,0.0,0.13670665082657643,0.1222133746686218,0.0067698769252744284,20.19337313448055,70.54618626344376,22.345050183686546,13,0.001,40,1.9447438716888428,0.4910386309779044
S2,4,38,1,MG,hyb,sample,5000,10,1004,1e-18,1.0,2.0,7.07e-06,16560.200269516903,3.16e-11,5,0.01,0.4914427138598634,0.01806597130553942,0.5013180230885673,0.017196249289868997,0.43064423468068913,0.7008052169159715,0.687718703974044,0.6941475250795017,0.6811777953692921,0.647470669597533,0.6363477752369299,0.5418386021430497,0.543070137236914,0.4914427138598634,0.5013180230885673,0.4966380397734754,0.5065442552263804,0.5781305154271794,0.5870990255775755,0.6671540918318487,0.6754205349081536,0.7732451489060784,0.7657662911227676,0.9437123844512817,0.9322641791496856,1.6605390671738465,0.13181671940928272,0.4705516107728963,2.0,4.6063897484707333e+18,1.455289063496428e+18,4.6063897484707335,1.4552890634964282,0.2036420099912718,0.0891839530308049,0.5548757346166519,0.1404083407128401,0.7800731954083161,0.0,0.0,0.15539093268994014,0.13071260946160598,0.006729031133142269,23.09261610109046,111.29471508712098,35.161154512600426,13,0.001,40,2.078900098800659,0.4910386309779044
S2,4,39,1,MG,hyb,sample,5000,10,1004,1e-18,1.0,2.0,7.07e-06,16956.898966079738,3.16e-11,1,0.01,0.5660934101261941,0.013317365395068753,0.5623565694302383,0.02265519538673058,0.5528341280733711,0.5949726223840942,0.5876551110062158,0.5946187940037624,0.5873219601805055,0.5914717822991802,0.5843632181636572,0.5771893307522419,0.5711836295778093,0.5660934101261941,0.5623565694302383,0.604015241192405,0.5997888603847606,0.7178726406711806,0.708569312810575,0.8349869245097035,0.8209147706761449,0.8722089986256464,0.8584266737212506,0.9084373162669032,0.8981517519570676,1.6605390671738465,0.13181671940928272,0.4705516107728963,2.0,4.716728372266329e+18,1.4899924345111744e+18,4.71672837226633,1.4899924345111746,0.20080382296348542,0.0874626127814047,0.5600922624439301,0.14065043117364917,0.7847073518528348,0.0,0.0,0.1560641309503552,0.13089729686155824,0.0067191741315367065,23.226683502346233,113.9606001661056,35.99962064346378,13,0.001,40,2.08498215675354,0.4910386309779044
S2,4,40,1,MG,hyb,sample,5000,10,1004,1e-18,1.0,2.0,7.07e-06,14864.530614946021,3.16e-11,5,0.01,0.4931098475861062,0.02120563778716016,0.5022252101403508,0.02020869367095721,0.4313873567911509,0.7014364959311103,0.688398675272196,0.6942740478794229,0.6814569533082817,0.6456523724345955,0.6353403928593038,0.5420418729896715,0.5438851024476351,0.4931098475861062,0.5022252101403508,0.4981928303652248,0.506894085513848,0.5755671665228979,0.5839008274715942,0.6566135639418043,0.6640995934164078,0.7695066139893271,0.7609166536391568,0.9468240613959644,0.9345312812276532,1.6605390671738465,0.13181671940928272,0.4705516107728963,2.0,4.134752564586848e+18,1.3069511595635927e+18,4.134752564586849,1.306951159563593,0.21673627459654815,0.09737567559698584,0.5308780706190364,0.13894710865799828,0.7579988880567691,0.0,0.0,0.151899135081326,0.12954167882485731,0.006764604743447117,22.454990475012,99.89951648885314,31.57717103393224,13,0.001,40,2.057668924331665,0.4910386309779044
S2,4,41,1,MG,hyb,sample,5000,10,1004,1e-18,1.0,2.0,7.07e-06,9230.033560474096,3.16e-11,5,0.01,0.5032447177238617,0.017482565673328048,0.5138843458286143,0.01813109337322892,0.446356240835064,0.6994379302204695,0.6842284593139747,0.6910800041852068,0.6763602467539036,0.6383786976082023,0.6276880360877273,0.5425487368309632,0.5451627482987398,0.5032447177238617,0.5138843458286143,0.507749068456681,0.5182529175312447,0.5585530807650343,0.5685404026337288,0.6125063801011117,0.6183834240355806,0.7678850961510082,0.7556981228006514,0.9673779182484148,0.9528476743857613,1.6605390671738465,0.13181671940928272,0.4705516107728963,2.0,2.567561504577168e+18,8.140429562923492e+17,2.567561504577168,0.8140429562923492,0.27562743112871496,0.14015175333585753,0.42366828350598335,0.12597477000409793,0.645118685240934,0.0,0.0,0.12995968472896824,0.11823925227308298,0.006728768021264471,19.314038516154135,62.03470433986685,19.668044572066957,13,0.001,40,1.9087879657745361,0.4910386309779044
S2,4,42,1,MG,hyb,sample,5000,10,1004,1e-18,1.0,2.0,7.07e-06,13075.320479067745,3.16e-11,4,0.01,0.514328383016929,0.021276542271512617,0.5216668949712135,0.01832464439257345,0.4659954111451333,0.6501091488587208,0.6351667908567984,0.6464803254651481,0.6318174892288784,0.6194049728701605,0.6072588761985256,0.5496087767531205,0.5481181751346635,0.514328383016929,0.5216668949712135,0.5235986534158329,0.5326875154092099,0.5852587911685245,0.594470133091484,0.6414326696784649,0.6450297644605824,0.7966695793405696,0.7838937439505307,0.944980166749653,0.9322572417646334,1.6605390671738465,0.13181671940928272,0.4705516107728963,2.0,3.6370978311973504e+18,1.1504302944669446e+18,3.6370978311973508,1.150430294466945,0.23251160536870205,0.10782606237809185,0.5020836005879302,0.13646612433808789,0.7297757167583157,0.0,0.0,0.14693804760182985,0.12745829366682868,0.006786253393113415,21.652307847941593,87.87570938856838,27.795479506005325,13,0.001,40,2.0781280994415283,0.4910386309779044
S2,4,43,1,MG,hyb,sample,5000,10,1004,1e-18,1.0,2.0,7.07e-06,18884.96249201632,3.16e-11,5,0.01,0.49180247385739195,0.019484080196997124,0.5030576186518819,0.017581969406972316,0.4302126504128543,0.7006865664383942,0.6967479770985426,0.6945965472067696,0.6908113649066256,0.6507443910313878,0.648409178370092,0.5450381679014729,0.5498677015335366,0.49180247385739195,0.5030576186518819,0.49764547364458994,0.5075042606351088,0.5826668915563968,0.5907044124725402,0.6805130900153372,0.6890685487437287,0.7792800697752856,0.7726727710447817,0.9409576197233609,0.9301205554201589,1.6605390671738465,0.13181671940928272,0.4705516107728963,2.0,5.253004084502324e+18,1.6586602533376916e+18,5.253004084502325,1.658660253337692,0.18806464623386843,0.07996156619171549,0.583587838377445,0.14139522667123902,0.8052576238811249,0.00128,0.0,0.1586780166574658,0.13141203697899348,0.006665272976260733,23.80667936971508,126.91752649246835,40.074794014734714,13,0.001,40,2.1212990283966064,0.4910386309779044
S2,4,44,1,MG,hyb,sample,5000,10,1004,1e-18,1.0,2.0,7.07e-06,6656.997918829575,3.16e-11,5,0.01,0.5112820872093449,0.017442159440964514,0.5214404957264724,0.018308499936277676,0.4582821628156452,0.7185327295375548,0.7074977336019367,0.7077549937556675,0.6968481844544151,0.6451203195327546,0.6363146107607155,0.5480635894319279,0.5502513923998974,0.5112820872093449,0.5214404957264724,0.5130224002157748,0.5239314001227924,0.5455434688609028,0.55438688616972,0.5896136668325962,0.5923107295690725,0.7841238813470383,0.7691693130425363,0.9870157191665682,0.9713494424461009,1.6605390671738465,0.13181671940928272,0.4705516107728963,2.0,1.8518918688159524e+18,5.889527019511414e+17,1.8518918688159527,0.5889527019511415,0.31467267678013894,0.1753222152169429,0.3525100217026269,0.11214521261900856,0.5583915929872391,0.0,0.0,0.1113751299390496,0.10569429974226754,0.00652365728101202,17.072498621781047,44.743451849781515,14.22965201440093,13,0.001,40,1.7830159664154053,0.4910386309779044
S2,4,45,1,MG,hyb,sample,5000,10,1004,1e-18,1.0,1.9967726013967293,7.07e-06,15381.034167189722,3.16e-11,5,0.01,0.49199961248023366,0.020397596977099766,0.5003170026727641,0.016836930662338326,0.4319034740891943,0.7016751500963903,0.6935862874745441,0.6944799684874327,0.6862952347594884,0.6458058449747589,0.6379743869728285,0.5418300955671058,0.5425506449128097,0.49199961248023366,0.5003170026727641,0.49731557479312516,0.5059545431143652,0.57661806305435,0.5849765017999168,0.6601752565225034,0.6678846343009301,0.7707174526400868,0.7624799745053306,0.9458151416464817,0.9337910015707752,1.6605390671738465,0.13202977576623176,0.47088416637015956,1.9967726013967293,4.280654349363999e+18,1.3541467896441219e+18,4.280654349364,1.354146789644122,0.21273446327605436,0.09483827583380948,0.5388609937410523,0.1394529129012275,0.765316090711587,0.0,0.0,0.15279972083173657,0.12998634811395052,0.006754739233780656,22.62111319820912,103.42464103413641,32.7174619102988,13,0.0009983863006983646,40,2.0617501735687256,0.4910386309779044
S2,4,46,1,MG,hyb,sample,5000,10,1004,1e-18,1.0,1.978868352991997,7.07e-06,5154.69517328108,3.16e-11,1,0.01,0.5536868265292455,0.013907874288600911,0.547958877827593,0.01598188554119552,0.5448018438510649,0.5819230761338032,0.5712967716338762,0.5813126126263851,0.570787177500592,0.5763938129661519,0.5667103792088509,0.5612887937386629,0.5546051025107028,0.5536868265292455,0.547958877827593,0.5755340597178967,0.5644587869050331,0.7044351267141562,0.6878297747975077,0.8353819499831883,0.8168267152822418,0.8645045277467036,0.8469148071039904,1.0438912300812109,1.0307063697773478,1.6605390671738465,0.1332243443177807,0.4727418354382718,1.978868352991997,1.439016695613914e+18,4.620252926214138e+17,1.4390166956139143,0.4620252926214139,0.34564335424282655,0.2071897773550577,0.30244904851734816,0.09995091196085755,0.49070734427242,0.0,0.0,0.09549105167070773,0.09460054601807698,0.006284910154902409,15.193701949139559,34.76799877759593,11.16296625191455,13,0.0009894341764959986,40,1.7336349487304688,0.4910386309779044
S2,4,47,1,MG,hyb,sample,5000,10,1004,1e-18,1.0,0.516309024022026,7.07e-06,6005.926804188399,3.16e-11,1,0.01,0.7262385289869713,0.008417802319577226,0.7228068587345879,0.017435984106921543,0.7228870987268393,0.7689152542287319,0.7582512912211404,0.7674586332503488,0.7569869756416601,0.7570896185125271,0.7480968894478106,0.735085371398059,0.7300271908043945,0.7262385289869713,0.7228068587345879,0.7297436253196266,0.7251970202291016,0.817421223083012,0.8075235119042283,0.9362223393033068,0.9252852341515441,0.9597014692369958,0.9489307974555334,0.9801718108893919,0.9706108582912749,1.6605390671738465,0.5106117200216099,0.784162771232792,0.516309024022026,3.6069866585067873e+18,2.062271767889047e+18,3.606986658506788,2.0622717678890474,0.6324796458791141,0.42041028266572733,0.6560795488723749,0.08479659851425639,0.7687631619178504,0.0,0.0,0.015915422708433026,0.08458707916181821,0.006602629223888673,2.410467431799768,87.14819509461445,49.826428368468534,51,0.0009387436800400474,11,0.6078910827636719,0.4910386309779044
S2,4,48,1,MG,hyb,sample,5000,10,1004,1e-18,1.0,1.490003863634126,7.07e-06,8928.37698358674,3.16e-11,5,0.01,0.5406940878163508,0.02022022554788558,0.5360637253546947,0.017366402881224416,0.4803965402922444,0.7610778446487092,0.7481265400438557,0.7509811489482457,0.7383345645382857,0.689179794501157,0.678252115906159,0.5847783796880967,0.5757558695990601,0.5406940878163508,0.5360637253546947,0.5413497118295238,0.5458823094814859,0.5933568522837949,0.6028782736411661,0.6472378150842546,0.6525636867475424,0.7910872217880451,0.7787042749677313,0.9765302998936777,0.9619076626413905,1.6605390671738465,0.1769347350385806,0.5337310489029992,1.490003863634126,2.804685258297974e+18,1.0598556981430822e+18,2.804685258297974,1.0598556981430824,0.3258185512264309,0.1763980865015682,0.48906855486772166,0.12272820623687634,0.682504703300357,0.0,0.0,0.08973505318225906,0.11900192177842996,0.006841105083272593,13.117040608201318,67.76383757691157,25.607111946499128,18,0.0009933359090894174,30,1.5413460731506348,0.4910386309779044
S2,4,49,1,MG,hyb,sample,5000,10,1004,1e-18,1.0,1.6469947956902378,7.07e-06,17760.45078318211,3.16e-11,5,0.01,0.5268968753702257,0.021739776614550687,0.5379004062844781,0.024360400956464568,0.46381894931637546,0.7338180003365439,0.7248194438959091,0.7273067063411653,0.7184924644319867,0.6822430557858608,0.6749187646056422,0.5828814986001214,0.5813783367352371,0.5268968753702257,0.5379004062844781,0.5278921370214106,0.5477017503535934,0.6141075143754913,0.6292198603879153,0.7016472556214085,0.7112589254897045,0.797759523644953,0.7900380650470262,0.9505064844844909,0.9387316445719989,1.6605390671738465,0.16006938182708677,0.5116719495961012,1.6469947956902378,5.335364116247076e+18,1.8967486343124867e+18,5.335364116247076,1.8967486343124869,0.2096027432160629,0.09583765810747946,0.6179702383798619,0.13272550044922773,0.8127650733781245,0.00648,0.0,0.12212938616689557,0.12649984459834843,0.006598310248106572,18.509191228457528,128.90742243443495,45.82723355481939,16,0.0009981786640546894,33,1.7713851928710938,0.4910386309779044
S2,4,50,1,MG,hyb,sample,5000,10,1004,1e-18,1.0,1.9703082090018853,7.07e-06,1024.6923805467832,3.16e-11,1,0.001,0.6830439399793964,0.01409018682804001,0.6582394024039353,0.01413457894957018,0.643682004378545,0.7117797048129229,0.684999311192104,0.7097333734030041,0.6831237414053707,0.6983883495155144,0.6726792901694126,0.6830439399793964,0.6582394024039353,0.6836608923330528,0.6603988626218259,0.7507756055527095,0.7290597395741117,0.839735301496815,0.8161190685274647,0.8672554246911794,0.8478226926444441,0.9437488822429685,0.9315134499914681,1.6352802179130062,1.6025256832545487,1.6605390671738465,0.1338031469462924,0.47363774074750087,1.9703082090018853,2.8671288929677827e+17,9.756996073240667e+16,0.2867128892967783,0.09756996073240669,0.4624168179620192,0.39444293513680334,0.08791116210011891,0.030200381149531302,0.152120321680021,0.0,0.0,0.02848382469396409,0.028604332006284403,0.003922767310400367,7.261155821923316,6.927253460626908,2.357382152558812,13,0.0009851541045009426,40,1.2683889865875244,0.4910386309779044
S2,4,51,1,MG,hyb,sample,5000,10,1004,1e-18,1.0,1.9939153850099571,7.07e-06,18235.891253472095,3.16e-11,5,0.01,0.49202429914742485,0.018790338989765783,0.5014745830451625,0.016710685833372756,0.42946098971158786,0.7010288619788976,0.6922121282713005,0.6945233714460257,0.6860509263971933,0.6485778692325834,0.6428247003723989,0.5432417850706187,0.5465580348764314,0.49202429914742485,0.5014745830451625,0.4977457458859423,0.506876345075874,0.5817076694893917,0.589898191306198,0.6772777774909178,0.6857821225645901,0.7777506951926083,0.7709102405140033,0.9416333179546046,0.9306304957554635,1.6605390671738465,0.13221897017322473,0.47117916243630226,1.9939153850099571,5.077495514970973e+18,1.606378380137038e+18,5.077495514970974,1.6063783801370384,0.1924224815204293,0.0825217878732669,0.5766806443181535,0.14115642172043585,0.7990215788185214,0.0,0.0,0.15736740384440367,0.13131165361354677,0.006683115975552154,23.547010768641062,122.67707414085729,38.811614713847405,13,0.0009969576925049786,40,2.134497880935669,0.4910386309779044
S2,4,52,1,MG,hyb,sample,5000,10,1004,1e-18,1.0,1.9991699080644805,7.07e-06,15424.330124966495,3.16e-11,4,0.01,0.5166272555791332,0.016777993295465234,0.5020812519395413,0.02344932221675255,0.4562936255679856,0.6420334175618578,0.6236236073186687,0.6385439379786991,0.6202562323591145,0.6127710567108411,0.5953226427566385,0.5490794297616075,0.5332049747660743,0.5166272555791332,0.5020812519395413,0.5212409333144352,0.5123887877014179,0.5943474116643017,0.5971497141591248,0.6600620657655896,0.6617410866284802,0.7992153605677442,0.7852033228350479,0.9418077188457851,0.9278518731447152,1.6605390671738465,0.13187145212374932,0.47063707780416547,1.9991699080644805,4.2910346377895885e+18,1.3564409332878205e+18,4.291034637789589,1.3564409332878207,0.21227250048373042,0.09453871376661227,0.5392164722830176,0.13950772385465118,0.765775658170744,0.0,0.0,0.15309666561448176,0.13000707076738957,0.006754107450569249,22.66719425696707,103.67543857970486,32.77289058158723,13,0.0009995849540322403,40,2.0581188201904297,0.4910386309779044
S2,4,53,1,MG,hyb,sample,5000,10,1004,1e-18,1.0,1.558064717192071,7.07e-06,19905.06468495885,3.16e-11,5,0.01,0.5325917780843429,0.019441721949897506,0.5078276798883105,0.022715388231695954,0.46070527165186137,0.7269607029367804,0.7227695097513431,0.7204379636726935,0.7157161526032196,0.6751190121210149,0.6660525490947398,0.5771117702389723,0.5553535505599547,0.5325917780843429,0.5078276798883105,0.5377023273778188,0.5243303633990718,0.6275401584502024,0.6330274466489024,0.7197270867039436,0.7294279026454853,0.8103358375709787,0.8032425847938043,0.9516947416289172,0.9404039274607605,1.6605390671738465,0.16920570494252835,0.5238277877700384,1.558064717192071,6.126022477879588e+18,2.2470057105455793e+18,6.126022477879588,2.2470057105455794,0.19766576364811972,0.09006733634887121,0.6550069629243869,0.12862132609043558,0.8365961899443022,0.04856,0.0,0.11387981347915209,0.12304938247693048,0.0064561145504277405,17.639063339049205,148.01047317354227,54.28977442417408,17,0.0009737904482450444,32,1.772139072418213,0.4910386309779044
S2,4,54,1,MG,hyb,sample,5000,10,1004,1e-18,1.0,1.9677484911338214,7.07e-06,12777.243583294992,3.16e-11,5,0.01,0.4973471684762483,0.021618966613548115,0.5059297138974449,0.018816353251554868,0.43777202956998496,0.7062734872949872,0.6988817208100621,0.6981187159523133,0.6910959418728495,0.644579474663062,0.6403509106225196,0.54096128889999,0.544926482622737,0.4973471684762483,0.5059297138974449,0.5035124741495887,0.5119888014712862,0.5731808300778782,0.5820845933914642,0.6436921407256031,0.6507537809750189,0.7669147586297039,0.7572560476209257,0.9522446943638305,0.939318596998476,1.6605390671738465,0.1339772028825997,0.4739066238822171,1.9677484911338214,3.5731360214612475e+18,1.1413012197167732e+18,3.5731360214612478,1.1413012197167733,0.23733000455515618,0.11112615628409854,0.5005503663905897,0.13588493737900678,0.7264132118348661,0.0,0.0,0.14339254588900474,0.12728572816634323,0.0067886054456244085,21.1225334919749,86.33033181963829,27.57491246135465,13,0.0009838742455669108,40,2.0601420402526855,0.4910386309779044
S2,4,55,1,MG,hyb,sample,5000,10,1004,1e-18,1.0,0.5444114990174973,7.07e-06,3816.0641217281504,3.16e-11,5,0.1,0.6450674602803548,0.009349326401794483,0.6619970682269952,0.006846973844360638,0.6411184932340026,0.9240892143988996,0.8691291435046038,0.8954350846217867,0.8455215901821956,0.7808301753541339,0.756128263156292,0.6762811166497538,0.6846897071132393,0.6476471606089648,0.6626541858772066,0.6450674602803548,0.6619970682269952,0.6579858284752044,0.6758849589329425,0.6997340072421891,0.7061185133951418,0.8903708654216805,0.8792593950284335,1.0223343403992817,1.0104340186409457,1.6605390671738465,0.48425398672575115,0.7719147107947554,0.5444114990174973,2.2018069112847752e+18,1.2508004827566828e+18,2.2018069112847756,1.250800482756683,0.8160855922954052,0.5736903867111113,0.5408100663037199,0.08826487362242248,0.6661843216711504,0.0,0.0,0.015820863535791933,0.08807170998486338,0.006934875786507001,2.2813477880273147,53.19772886122943,30.220517793886984,48,0.0009898390891227224,11,0.6142258644104004,0.4910386309779044
S2,4,56,1,MG,hyb,sample,5000,10,1004,1e-18,1.0,1.9645314659222295,7.07e-06,10707.984709406339,3.16e-11,1,0.01,0.5604287974118545,0.013088573544588821,0.5597660620374638,0.0157337271165407,0.5504678275954258,0.5891569164869451,0.5841388463109823,0.5886924089134966,0.5837358886513838,0.584712431769866,0.5802839414978245,0.5694832246180309,0.5671792755241659,0.5604287974118545,0.5597660620374638,0.5883164610133527,0.5842703472725828,0.688053623666644,0.6756352349581414,0.8279233234112497,0.8115502406212964,0.8669934380788054,0.8510560023365332,0.9298244355224135,0.9185462324495672,1.6605390671738465,0.13419659770875972,0.47424519830438083,1.9645314659222295,2.9961306565324974e+18,9.589953516980744e+17,2.9961306565324977,0.9589953516980745,0.25984095587172124,0.12738002545071356,0.46099822017981756,0.1311613026993416,0.684899489492288,0.0,0.0,0.1351118416953205,0.12319822606815593,0.006779451185812195,19.929613473444277,72.3893387209095,23.170230975905596,13,0.0009822657329611147,40,1.9033317565917969,0.4910386309779044
S2,4,57,1,MG,hyb,sample,5000,10,1004,1e-18,1.0,1.9696964511843305,7.07e-06,7608.017777136971,3.16e-11,3,0.01,0.5267258355579878,0.012667921498283422,0.5360674568105275,0.014692331745312167,0.4915261543960165,0.6306002825231503,0.6209873987223272,0.6278688053443255,0.6185533986337717,0.6072797493013035,0.6004635670552532,0.5534702293869888,0.5558712551987609,0.5267258355579878,0.5360674568105275,0.5300677985438712,0.5403915746133124,0.5533625468069552,0.5602391049622156,0.6250452599231935,0.6180402747183079,0.854171691184936,0.8374717873137911,0.9512093610450771,0.9372409143983449,1.6605390671738465,0.13384470417258917,0.47370196098049794,1.9696964511843305,2.1270007780828083e+18,6.816585571810932e+17,2.1270007780828086,0.6816585571810934,0.3018998352381176,0.1623576319194309,0.3843311195378724,0.1184379596015169,0.5966935453694833,0.0,0.0,0.11729914065570403,0.1117072743982256,0.006635613320450558,17.67721158407395,51.39034222308269,16.469512796513584,13,0.0009848482255921651,40,1.82265305519104,0.4910386309779044
S2,4,58,1,MG,hyb,sample,5000,10,1004,1e-18,1.0,0.5082141674050161,7.07e-06,13582.962969724085,3.16e-11,1,0.01,0.7686126025813086,0.013160574752917063,0.7721900272371902,0.03262991424271321,0.7454590062424252,0.8118424203440615,0.8105407972366606,0.810619472412274,0.809464461256956,0.8015211992451052,0.8015119759097649,0.7795350964974629,0.7825277399649238,0.7686126025813086,0.7721900272371902,0.7722062758594666,0.77109855820529,0.8530130921093246,0.8435351770764189,0.9442479009783982,0.9358608347396151,0.9622094925988016,0.9547286013944241,0.9729119743533848,0.9660178283006191,1.6605390671738465,0.5187447649574582,0.7877825551831452,0.5082141674050161,8.25275654250284e+18,4.706841520914956e+18,8.25275654250284,4.706841520914957,0.3447921900708221,0.2126581821692587,0.8087890513508911,0.06389632277897458,0.8864603111947597,0.6712,0.0,0.015169881435136002,0.06363846771011404,0.005454592904031446,2.7811207366042043,199.39437134822438,113.72172452501921,52,0.0009240257589182111,11,0.6795411109924316,0.4910386309779044
S2,4,59,1,MG,hyb,sample,5000,10,1004,1e-18,1.0,1.9951805954301176,7.07e-06,18820.346593974,3.16e-11,1,0.01,0.5675630219763409,0.013414343358135737,0.5640318572447267,0.022460110675757743,0.5558251052370169,0.594377620552709,0.5861735388773517,0.594040797561809,0.5858693245411593,0.5910440372207518,0.5831696916932751,0.5774667243501956,0.5712718205589637,0.5675630219763409,0.5640318572447267,0.6080661088107113,0.6040491182718426,0.7271637491198855,0.7193327605562462,0.8387024926390609,0.8253429075107539,0.8746509534930743,0.861245392605851,0.9067815279452912,0.8966082936245989,1.6605390671738465,0.13213512572366,0.4710484667208686,1.9951805954301176,5.239131576696839e+18,1.6566828066623488e+18,5.23913157669684,1.656682806662349,0.18865924085147628,0.08033293661574624,0.5833816399596581,0.1413286244817461,0.8048285100750372,0.00112,0.0,0.1581724884655305,0.13140729999866038,0.006666111928609794,23.727847680847013,126.58235363735598,40.02701704049902,13,0.0009975902977150588,40,2.0941100120544434,0.4910386309779044
S2,4,60,1,MG,hyb,sample,5000,10,1004,1e-18,1.0,1.3474034476699943,7.07e-06,19942.797120883868,3.16e-11,1,0.01,0.6323113281607867,0.01025574962752412,0.6289678063655159,0.018388310101448483,0.6171854972625817,0.6569929467653332,0.6473388123941397,0.6566501701910246,0.6470341239708686,0.6536514264226484,0.6443838837040099,0.6409961282837704,0.6337255272524122,0.6323113281607867,0.6289678063655159,0.6618107328488847,0.6613391188816208,0.749849828817579,0.741153912047894,0.8685295186962536,0.8549539563587508,0.9085041955711668,0.8957955177813071,0.9291315699003266,0.9186127640554448,1.6605390671738465,0.1956603564243918,0.5564110993341786,1.3474034476699943,6.566511897257138e+18,2.606739214729927e+18,6.566511897257139,2.6067392147299273,0.20577262789851797,0.09808591018387883,0.688869468352426,0.11865094758412832,0.8492662528856356,0.12136,0.0,0.09131719610840389,0.11474627624026282,0.006308574983127769,14.475090864835714,158.65311244322007,62.98127471869003,20,0.0009980766279036994,27,1.4541120529174805,0.4910386309779044
S2,4,61,1,MG,hyb,sample,5000,10,1004,1e-18,1.0,1.9436914373497844,7.07e-06,12788.666099246308,3.16e-11,1,0.01,0.5700538504597854,0.01055385455874429,0.5658693824395591,0.02228115639984442,0.5527032227348354,0.5884286688499355,0.5972245624664982,0.5881446804810282,0.5968573388934665,0.5856843018330207,0.5936110212763136,0.5758344265264733,0.5788793447358014,0.5700538504597854,0.5658693824395591,0.599452027674551,0.5974939679899418,0.6965000236822534,0.6885263783495416,0.8314640320641903,0.8149848568998641,0.8721932747379096,0.8553308233913404,0.9209722897177455,0.9083249398556719,1.6605390671738465,0.1356354376793616,0.47645607006070445,1.9436914373497844,3.600267113718131e+18,1.1621039711666135e+18,3.6002671137181315,1.1621039711666137,0.23795569546948558,0.11183806101217014,0.5052904011910573,0.13487176784599975,0.7288478125584618,0.0,0.0,0.14098031661767613,0.12650724425777415,0.006793630300389323,20.75183817547401,86.98584456337316,28.07752653051951,14,0.0009967648396665561,39,1.9358251094818115,0.4910386309779044
S2,4,62,1,MG,hyb,sample,5000,10,1004,1e-18,1.0,1.9806469683558747,7.07e-06,11270.381955057575,3.16e-11,5,0.01,0.49853733767225583,0.020606301569744065,0.5092817613229935,0.021191513396300238,0.4412697224910872,0.7146249992249463,0.7013215513631165,0.7058546352508256,0.6925787882585921,0.649543394905201,0.63749089532484,0.5434485795739448,0.5432548948476649,0.49853733767225583,0.5092817613229935,0.5040583593307337,0.514931408202543,0.5674135955154574,0.5772944545722589,0.6309841506082656,0.6377346260746865,0.7655698997541772,0.7550619595698727,0.9574705862669323,0.9440072561253965,1.6605390671738465,0.1331047092341783,0.47255631743503546,1.9806469683558747,3.145021704549875e+18,1.001455765882522e+18,3.1450217045498756,1.001455765882522,0.2522591512904606,0.12180528084876488,0.4707317396911472,0.13265080915626665,0.6963219556137289,0.0,0.0,0.1387728628980412,0.1243496628653797,0.006784882790278931,20.453243952403806,75.98668668166732,24.196114576117257,13,0.0009903234841779373,40,2.0470919609069824,0.4910386309779044
S2,4,63,1,MG,hyb,sample,5000,10,1004,1e-18,1.0,0.5787738137040043,7.07e-06,521.6201352892332,3.16e-11,1,0.001,0.8032593920816715,0.008990533077847664,0.7956970998549173,0.017876335297349225,0.7843124985836,0.8385090976006122,0.8268487633085252,0.8340899957503349,0.822838453147552,0.8164926086744385,0.807007428157946,0.8032593920816715,0.7956970998549173,0.8044155237648235,0.7958073480812328,0.845131351192238,0.8342480134165495,0.9439942653393899,0.9327241375003169,0.9711756576593891,0.9597387130452442,0.9933207321500737,0.982907899789182,1.4655337138182076,1.4414414034375798,1.6605390671738465,0.4555033980051359,0.7575876132473554,0.5787738137040043,2.918788049047479e+17,1.8078074251129718e+17,0.29187880490474793,0.1807807425112972,1.4632612269281706,1.337424742522678,0.15206462162941828,0.03004819923418563,0.2050498883230742,0.0,0.0,0.005188617804588043,0.029991109785967463,0.005041599922278818,1.0291609577466774,7.0520668474976045,4.367833016672673,46,0.0009646230228400071,12,0.4645810127258301,0.4910386309779044
S2,4,64,1,MG,hyb,sample,5000,10,1004,1e-18,1.0,1.9974587590268482,7.07e-06,17526.558335384776,3.16e-11,4,0.01,0.5120160344077952,0.01811688857956245,0.5197757528102188,0.018080444016347945,0.46197813095629464,0.6529988761735918,0.6428330494516078,0.6495685803797031,0.6396680502475679,0.6234832095093926,0.615826295963144,0.5518114633313418,0.5530591883898452,0.5120160344077952,0.5197757528102188,0.521449633582464,0.5293562378461599,0.6004789719134885,0.6087815213603517,0.6719900766016516,0.6773114267358371,0.8007617982821873,0.7898524628121939,0.9383085395910005,0.9271310621582799,1.6605390671738465,0.13198442151917386,0.4708134051876299,1.9974587590268482,4.877185098640527e+18,1.541629762775199e+18,4.877185098640528,1.5416297627751991,0.19697444759297023,0.08518297622178016,0.5676281751067942,0.14091808691003824,0.7912981638065807,0.0,0.0,0.15672079270141073,0.13111765215730503,0.006703740950030613,23.378109904544427,117.83738580969062,37.247227131584474,13,0.000998729379513424,40,2.0849359035491943,0.4910386309779044
S2,4,65,1,MG,hyb,sample,5000,10,1004,1e-18,1.0,1.9986775957444827,7.07e-06,11169.804241807567,3.16e-11,4,0.01,0.5164322265469328,0.018535436436869737,0.5295867568682288,0.01912716081945959,0.47085276000049026,0.6634316329838625,0.649793994540701,0.6590819003804498,0.6458502292987773,0.6273589066132663,0.617659391730491,0.5514983370189726,0.555461294722874,0.5164322265469328,0.5295867568682288,0.52475850722363,0.537261212893977,0.576305476278886,0.5866255178181519,0.6264506413977176,0.629308855283821,0.7983433096896468,0.7846993279426255,0.9501013840968072,0.9366741867747953,1.6605390671738465,0.1319039345714811,0.4706877885689139,1.9986775957444827,3.107760549668464e+18,9.843340789301213e+17,3.1077605496684644,0.9843340789301215,0.2521404158277604,0.12180135958582548,0.46667538256460095,0.13236415037370186,0.6930309284117325,0.0,0.0,0.13968994290210243,0.12391850395947394,0.006781584625059487,20.59842214250583,75.08642208340564,23.782438492409636,13,0.0009993387978722414,40,1.986274242401123,0.4910386309779044
S2,4,66,1,MG,hyb,sample,5000,10,1004,1e-18,1.0,1.9957893149772115,7.07e-06,19140.747875628433,3.16e-11,5,0.01,0.49274290793601916,0.01912905625213509,0.5036347205032461,0.017477658154836827,0.4310206795844415,0.7043475017339746,0.6982236526974844,0.6980454294106111,0.6922068783094661,0.6530518902448021,0.6494559381666773,0.5466815834908312,0.5510026719526868,0.49274290793601916,0.5036347205032461,0.4980192417641417,0.5083908402373003,0.5834185855775349,0.5918617890471721,0.6821072779430288,0.690804205527192,0.7801224702093682,0.7736275680689974,0.9407601374492447,0.9299971421805937,1.6605390671738465,0.13209482425832894,0.47098562467700344,1.9957893149772115,5.327786487109759e+18,1.6843009644829512e+18,5.327786487109759,1.6843009644829514,0.18666121973455016,0.07918328047030483,0.5869596025924199,0.14140022282375303,0.8078795763517118,0.00224,0.0,0.15856981670478928,0.13144056719910813,0.006656511571304409,23.82175934138968,128.72433977709932,40.69429774702098,13,0.0009978946574886057,40,2.1633059978485107,0.4910386309779044
S2,4,67,1,MG,hyb,sample,5000,10,1004,1e-18,1.0,1.9849648473154144,7.07e-06,16428.260569703336,3.16e-11,5,0.01,0.4924376210702796,0.01975064720788626,0.5021278834597754,0.017785074144658776,0.4320636274087777,0.7047673704568773,0.693246894960798,0.6977883972666482,0.6865380083194194,0.6492888318462099,0.6406497426048225,0.5427390214523213,0.5449754052774494,0.4924376210702796,0.5021278834597754,0.4974924609633291,0.5077102478417648,0.5789422249478305,0.588060697215756,0.6673143842729067,0.6756083454681889,0.7734994903215242,0.7660030797343853,0.9440555745574469,0.9325762153104623,1.6605390671738465,0.13281516757091144,0.47210684217848614,1.9849648473154144,4.5809394495115453e+18,1.453809175142875e+18,4.580939449511546,1.453809175142875,0.20530824657619737,0.09026925730671764,0.5548023335441842,0.14020641855916047,0.7792422908089988,0.0,0.0,0.15384713809664602,0.13069821034473655,0.0067300718860266,22.859657474992677,110.67981189259967,35.125399016069956,13,0.0009924824236577073,40,2.1038239002227783,0.4910386309779044
S2,4,68,1,MG,hyb,sample,5000,10,1004,1e-18,1.0,1.987254091602566,7.07e-06,2547.382509068732,3.16e-11,3,0.01,0.5094784577759399,0.007355463937170761,0.5155443853896735,0.008699598175518288,0.4835910170495034,0.6156260732903486,0.6081044274207306,0.6097002633065038,0.6030288104513912,0.5757052387525671,0.5741662674771939,0.5268803391368291,0.5327032841589295,0.5094784577759399,0.5155443853896735,0.509552962635781,0.5116487763981175,0.5305344699230845,0.5278305246145842,0.7267246330709174,0.7130081281174132,0.9043728556755228,0.8851603656165261,1.083453790045997,1.0691276437180945,1.6605390671738465,0.13266216933837863,0.4718690558422127,1.987254091602566,7.103126180107868e+17,2.3079594886942794e+17,0.7103126180107869,0.23079594886942797,0.40884674269652693,0.2942192610404825,0.18254971741322645,0.06456462140038136,0.3126882742275261,0.0,0.0,0.05946444213614804,0.06130936915461625,0.005312690729066286,11.192904908018052,17.16182189545349,5.576247511668393,13,0.000993627045801283,40,1.5241358280181885,0.4910386309779044
S2,4,69,1,MG,hyb,sample,5000,10,1004,1e-18,1.0,1.9853169473387564,7.07e-06,19997.300604459586,3.16e-11,5,0.01,0.5002329027862267,0.015346090338944284,0.4846551464068286,0.01735275582241291,0.4267202337865239,0.6778319475365656,0.6486135249044827,0.6720449448808434,0.6433125925802948,0.6311891159052186,0.6059646944202596,0.5415028072537236,0.5232019808161793,0.5002329027862267,0.4846551464068286,0.5018500416009968,0.492602249315533,0.5878143866331906,0.5896578753627654,0.6886742244991294,0.6951018732483576,0.7841217596529957,0.7759661645834262,0.9410820258008907,0.9288276316442161,1.6605390671738465,0.1327916125291512,0.47207024595067687,1.9853169473387564,5.575758867096561e+18,1.7679177740966848e+18,5.575758867096561,1.767917774096685,0.18197719462392298,0.07659920651898984,0.597516782028278,0.14137397771546573,0.8160862545129564,0.0074,0.0,0.15840841771996897,0.13146048679457412,0.006626803232288749,23.904198173280946,134.7155860430647,42.71455862606276,13,0.0009926584736693782,40,2.3089380264282227,0.4910386309779044
S2,4,70,1,MG,hyb,sample,5000,10,1004,1e-18,1.0,1.987402631276997,7.07e-06,13909.65333025556,3.16e-11,5,0.01,0.4992793439633513,0.014802714480404615,0.48046069734900787,0.02136027964980777,0.42338483255042875,0.6780110510184536,0.6497890648914539,0.6712401047515479,0.6432338145698479,0.626520447371123,0.600142203937112,0.5395177012677684,0.5171570687338012,0.4992793439633513,0.48046069734900787,0.5000470793598297,0.48939422277878836,0.5754957419925241,0.5776063576406366,0.6523429814852131,0.6566083714433253,0.7694318506501427,0.7580044683266716,0.9500474281263788,0.9356268986421273,1.6605390671738465,0.13265225408762235,0.4718536391741978,1.987402631276997,3.877123981258852e+18,1.2305540447077757e+18,3.8771239812588525,1.2305540447077759,0.22558041389944544,0.10316926667514967,0.5174290334599341,0.13771738742143289,0.7443142562687811,0.0,0.0,0.14840549523732244,0.12864537860508438,0.006778297301022904,21.894214527138956,93.67496725497492,29.73134478048094,13,0.0009937013156384985,40,2.3447329998016357,0.4910386309779044
S2,4,71,1,MG,hyb,sample,5000,10,1004,1e-18,1.0,1.9945964770100624,7.07e-06,12023.869964489282,3.16e-11,5,0.01,0.49471670411086405,0.021751651272739533,0.505992599086194,0.019682060428333478,0.43734228847051854,0.6937652394624501,0.6836528339614576,0.686038493805426,0.6761848522255474,0.6353969428810167,0.6280107555101526,0.5366157293080802,0.5398364037208644,0.49471670411086405,0.505992599086194,0.5014151208143642,0.5126729574170059,0.568829564692697,0.5788996131227794,0.6362415884108583,0.6432615043805578,0.765508591281966,0.7553776288798923,0.9546282858755776,0.9413554364145952,1.6605390671738465,0.13217382155099205,0.47110879250262083,1.9945964770100624,3.34758543539798e+18,1.0610881776258534e+18,3.3475854353979804,1.0610881776258536,0.2432474970430744,0.11531792712123347,0.48377528919079776,0.13442118088255003,0.7108053020585351,0.0,0.0,0.14284589845235024,0.12575329929624818,0.006788431282635089,21.042549081663715,80.8808172139803,25.636889811676795,13,0.0009972982385050312,40,2.184394121170044,0.4910386309779044
S2,4,72,1,MG,hyb,sample,5000,10,1004,1e-18,1.0,1.9981130444310615,7.07e-06,15847.092185908752,3.16e-11,5,0.01,0.49108903416843264,0.01932434831597465,0.5001037661348112,0.017929511324388556,0.4314600836014,0.7006462636135823,0.6857620354471408,0.6936777681193249,0.678767057537043,0.6459498428312717,0.6321907795367078,0.5413647914944159,0.5403679510125908,0.49108903416843264,0.5001037661348112,0.4966555671411597,0.5059379682503083,0.5771564584215482,0.585724761203643,0.6630431081284722,0.670819794915884,0.771727118044717,0.7637057114264746,0.9449536820015357,0.933131902581545,1.6605390671738465,0.13194120300317236,0.470745960354793,1.9981130444310615,4.409394406597996e+18,1.3941169324749243e+18,4.409394406597997,1.3941169324749245,0.20904249813326797,0.09251907824973422,0.5453456273158054,0.1398707766684795,0.7713678832108007,0.0,0.0,0.15388526940301067,0.13030879567205259,0.0067451885419650475,22.814079761539166,106.53512207732518,33.6831782090168,13,0.0009990565222155307,40,2.28288197517395,0.4910386309779044
S2,4,73,1,MG,hyb,sample,5000,10,1004,1e-18,1.0,1.9851483073725238,7.07e-06,16974.912052202482,3.16e-11,5,0.01,0.4933319997227207,0.01818839031065162,0.5015904627875712,0.01909872110816006,0.4311343458160401,0.7077227758271788,0.6971811373222728,0.7007795089926188,0.6903746055914752,0.6522515641733607,0.6434421704977668,0.5443142397886168,0.5449651450658628,0.4933319997227207,0.5015904627875712,0.4983043462136515,0.506898240841376,0.5801517229795887,0.5886133851403117,0.6705209165479158,0.6789301763636169,0.7747689362238372,0.7675397972326556,0.9431993928289037,0.9319302048235226,1.6605390671738465,0.13280289328483566,0.4720877728329687,1.9851483073725238,4.733217175679439e+18,1.5018360376534986e+18,4.73321717567944,1.5018360376534987,0.2013484071083537,0.08786353029930517,0.5619942281081145,0.14053659177361552,0.7856304833769678,0.0,0.0,0.15478904903713622,0.13094775967069572,0.006716292296915367,23.04680055515558,114.35898518739019,36.285773250886436,13,0.0009925741536862618,40,2.236116886138916,0.4910386309779044
S2,4,74,1,MG,hyb,sample,5000,10,1004,1e-18,1.0,1.9890223692276285,7.07e-06,19314.228202699913,3.16e-11,5,0.01,0.49323237374508144,0.019241084532952125,0.5043982458851684,0.017799563572285838,0.43132136782379354,0.7068305189575455,0.6987289126766503,0.7003638831591207,0.6925333330575912,0.6544657978079196,0.6488998942646469,0.5474381891961191,0.5508561344012481,0.49323237374508144,0.5043982458851684,0.4985704115107789,0.5092306915861979,0.5843122663177839,0.5928115479104663,0.683470698612094,0.692210006980285,0.7808790912513972,0.7744647206033157,0.9406896015666645,0.9299963485317246,1.6605390671738465,0.13254423021946143,0.47168562670325187,1.9890223692276285,5.382028825224239e+18,1.7048276056954516e+18,5.38202882522424,1.7048276056954519,0.18587489765298837,0.07877738696361258,0.5896538855887483,0.14135180347103976,0.8097834262739176,0.0032,0.0,0.15813046523592206,0.13145384260381615,0.006649487792644557,23.78084901679807,130.03488575686896,41.190240732783145,13,0.0009945111846138143,40,2.1862268447875977,0.4910386309779044
S2,4,75,1,MG,hyb,sample,5000,10,1004,1e-18,1.0,1.980465551279912,7.07e-06,14721.066713757968,3.16e-11,5,0.01,0.4940348152043389,0.01966690703751621,0.5028010579852927,0.019870622679886242,0.4336087261261836,0.6938765388445614,0.6768853143166575,0.6870478926425274,0.6704818073905127,0.6404491126667402,0.6277769854387281,0.5403888856627053,0.5418527511859883,0.4940348152043389,0.5028010579852927,0.5000144072682786,0.5087782415719736,0.5769338957549642,0.5854783973120303,0.6569196735546753,0.6644777957299863,0.7698748702101224,0.7612867425201146,0.9472402788126644,0.9349631269106269,1.6605390671738465,0.1331169020577952,0.4725752301725906,1.980465551279912,4.107971250504313e+18,1.3061468276713446e+18,4.107971250504313,1.3061468276713448,0.21895040504042135,0.09885172747428277,0.5309235887181831,0.13869108812471126,0.7569479306177636,0.0,0.0,0.1499192170056168,0.1295250847140961,0.006765705221290972,22.15869774134359,99.25245471526699,31.557737617814343,13,0.000990232775639956,40,2.1934430599212646,0.4910386309779044
S2,4,76,1,MG,hyb,sample,5000,10,1004,1e-18,1.0,1.9856329005871007,7.07e-06,18504.655147664853,3.16e-11,5,0.01,0.4920444936483035,0.018917193445620834,0.5027827130286595,0.016486170393479584,0.42982077390221696,0.6968776447720699,0.6895259021115142,0.6905836663404609,0.6834284316949528,0.6462345357095262,0.6407712048882577,0.5437158366751838,0.5468367027904549,0.4920444936483035,0.5027827130286595,0.4980995713606834,0.5083709945115534,0.5827568702545481,0.5913796816583792,0.679265668872374,0.6878602944568118,0.7787960677067074,0.7720774881036926,0.9414393350587424,0.9305118614765784,1.6605390671738465,0.13277048277182343,0.47203741389746323,1.9856329005871007,5.159324795595767e+18,1.6362122818947018e+18,5.159324795595768,1.636212281894702,0.19103839500864878,0.08176509275746652,0.5807822475443881,0.14114973550806575,0.8021005932058376,0.00036,0.0,0.15695005162628,0.13137016717368907,0.006673417615647592,23.518691720756262,124.65414663585055,39.532429880900665,13,0.0009928164502935504,40,2.234941005706787,0.4910386309779044
S2,4,77,1,MG,hyb,sample,5000,10,1004,1e-18,1.0,1.9939365351269267,7.07e-06,13151.593615008496,3.16e-11,5,0.01,0.49368256989049797,0.02197048395119954,0.5018935230417203,0.01775811047513605,0.43462493092736204,0.7001057234224899,0.686851372884481,0.6923380271466819,0.6792473610711166,0.6409482486390666,0.62989078657792,0.5384123435640329,0.5386378469509713,0.49368256989049797,0.5018935230417203,0.500260268062293,0.5086722515241264,0.5721828447221952,0.5809862791359094,0.6448801502039568,0.6519917864158288,0.7666525012567054,0.7571806882182562,0.9510410797517007,0.9382622324875254,1.6605390671738465,0.1322175676979526,0.47117697675078013,1.9939365351269267,3.6619246209984036e+18,1.160341293873386e+18,3.661924620998404,1.1603412938733861,0.23214872451711302,0.10757798906387078,0.5040798712187468,0.13658233750122203,0.7314260209695254,0.0,0.0,0.1466960209932325,0.127618804240606,0.006785838824903126,21.6179642308741,88.47554801454513,28.03493858684726,13,0.0009969682675634633,40,2.094212055206299,0.4910386309779044
S2,4,78,1,MG,hyb,sample,5000,10,1004,1e-18,1.0,1.5952071188098085,7.07e-06,10324.684370451057,3.16e-11,5,0.01,0.5223011398833386,0.019901509099498376,0.5088812367067322,0.023919926859591503,0.4657178898030069,0.7236687729368271,0.724374148077925,0.714569151373319,0.7152413474648471,0.6580696953844816,0.6570497459718151,0.5600965159997786,0.5495654276680683,0.5223011398833386,0.5088812367067322,0.5295994114719277,0.5264357976712482,0.5918001343111599,0.600255692951455,0.6521931293191735,0.6590179422810174,0.7857375695077543,0.7733839121234426,0.9684780849593795,0.9530726847358215,1.6605390671738465,0.16526596183651912,0.5186476630964642,1.5952071188098085,3.147535929617795e+18,1.1444652123187625e+18,3.1475359296177956,1.1444652123187626,0.29232362492616887,0.15114464468324817,0.505747248434784,0.1268040521935042,0.7064230133547053,0.0,0.0,0.1030300400013548,0.1220543741041176,0.006828087240724527,15.089151085659283,76.04743272745989,27.651357502787164,17,0.0009970044492561302,32,1.7736780643463135,0.4910386309779044
S2,4,79,1,MG,hyb,sample,5000,10,1004,1e-18,1.0,1.6711161191725783,7.07e-06,7292.9601850993595,3.16e-11,5,0.01,0.5267229087969594,0.01802363480630698,0.5237110316443618,0.02399638128798164,0.47109890809367283,0.7196172973525989,0.7011349316084124,0.709792860451077,0.6914052378700097,0.6530702863117583,0.6352911508873683,0.5648664147408137,0.5526436481960388,0.5267229087969594,0.5237110316443618,0.5280415397922196,0.5300113084545128,0.5693619727624525,0.5768906848093664,0.6164454800543334,0.6205639519836617,0.7869019942817422,0.7728965360840707,0.9846678072191445,0.9690106937737208,1.6605390671738465,0.1577588988544366,0.5085164154010282,1.6711161191725783,2.1787659878370017e+18,7.731573106654173e+17,2.178765987837002,0.7731573106654175,0.3374784957883875,0.1882499260056358,0.41480840660556867,0.11746319679939857,0.6133720067222387,0.0,0.0,0.09522457863440746,0.11303095193668151,0.006741290698513908,14.125570739057338,52.6410384484576,18.680208863481283,16,0.0009830094818662225,34,1.7311251163482666,0.4910386309779044
S2,4,80,1,MG,hyb,sample,5000,10,1004,1e-18,1.0,1.804402168024037,7.07e-06,15985.315827529153,3.16e-11,5,0.01,0.5055780743788933,0.013688962015650835,0.5077436975466041,0.017526041941013207,0.43619272321629554,0.6868540635317196,0.7081167533610307,0.6804411889521773,0.7014202066339055,0.6370654621615761,0.6556784525384709,0.5476827566181744,0.5593278910677838,0.5055780743788933,0.5077436975466041,0.5111109983843294,0.5089384897246564,0.5921790764651467,0.5975065795871333,0.6784196545872555,0.6850437037167395,0.7834794556474929,0.774282224458634,0.949212440593322,0.9366061326964494,1.6605390671738465,0.14610569832514939,0.4920641576786601,1.804402168024037,4.629732671425426e+18,1.5622362752399875e+18,4.629732671425427,1.5622362752399876,0.21629550009019435,0.09844165058053256,0.5735823563928747,0.13597852535122762,0.7843056873500471,0.0,0.0,0.1356718472016629,0.128425172174257,0.006713835799297735,20.207799424563543,111.85870209243369,37.74509988203275,15,0.0009753525232562362,37,2.0764060020446777,0.4910386309779044
S2,4,81,1,MG,hyb,sample,5000,10,1004,1e-18,1.0,1.682918042780948,7.07e-06,5736.411748387511,3.16e-11,5,0.01,0.5261620812839614,0.01950801443880736,0.528006967139028,0.022104414939944868,0.47831496084593683,0.7202823971576631,0.7064196797543771,0.7092884724400569,0.6960852739400192,0.6483629863933322,0.6392281334747929,0.5591069202608524,0.5573900174706204,0.5261620812839614,0.528006967139028,0.5274731782548704,0.5320050584836882,0.5567533277407728,0.565096518312007,0.599123444501093,0.602084381726672,0.800180958677317,0.784758255291103,0.9993944232258745,0.9830120782104246,1.6605390671738465,0.15665257137710806,0.5069933773364599,1.682918042780948,1.709193761729703e+18,6.058855678287909e+17,1.709193761729703,0.605885567828791,0.3700176480679401,0.21932945855260008,0.36059508450606687,0.10767486649272227,0.5487806087485448,0.0,0.0,0.08515519946283227,0.10377770396862396,0.006581461189287717,12.938646451556187,41.2957311750583,14.638766003091765,16,0.000989951789871146,34,1.6712918281555176,0.4910386309779044
S2,4,82,1,MG,hyb,sample,5000,10,1004,1e-18,1.0,1.7109785984527817,7.07e-06,14262.668118878253,3.16e-11,5,0.01,0.5194287996213321,0.017374867141752064,0.511484549711235,0.024812973527377245,0.4505082714751148,0.7224363204752551,0.6884806355033717,0.7156812141248807,0.6827566095471613,0.6698046595827182,0.6441099645206646,0.5715930477823983,0.5610900883749921,0.5194287996213321,0.511484549711235,0.5236162576275292,0.5133410378687258,0.5986041133732243,0.5999709391078749,0.674749172392793,0.6803150434819766,0.7838557051342596,0.7740412623200107,0.9532827402444539,0.9405268798921874,1.6605390671738465,0.1540834228183603,0.5034258191545945,1.7109785984527817,4.2129775781512694e+18,1.4646754976774042e+18,4.2129775781512695,1.4646754976774043,0.2371350090726486,0.11211650879767243,0.5601081192794206,0.13428122736086756,0.7671020938676656,0.0,0.0,0.12407330489325841,0.12787303209362036,0.006747910093905166,18.386923234991475,101.78950649680431,35.3879396035065,15,0.0009777020562587325,35,2.0615339279174805,0.4910386309779044
S2,4,83,1,MG,hyb,sample,5000,10,1004,1e-18,1.0,1.991103998948525,7.07e-06,17611.540779921874,3.16e-11,5,0.01,0.4921412121619066,0.017951209848842367,0.5017606539149284,0.017519081373176097,0.4307901102167729,0.7016847638510668,0.6852453728126146,0.6948422257131259,0.6788140051983762,0.6472699086813735,0.6348399648177462,0.5418922872160503,0.5432078620179026,0.4921412121619066,0.5017606539149284,0.49803254889733745,0.507382475807582,0.5809018424866812,0.5893780611773044,0.6738615955098263,0.6823768857033915,0.7761740792977704,0.7691677287884303,0.9423333098551833,0.931194769718336,1.6605390671738465,0.13240565985392358,0.47146996427297466,1.991103998948525,4.905922291212604e+18,1.5536228700281603e+18,4.9059222912126055,1.5536228700281605,0.1966750622066045,0.08503903574252374,0.5693978178403917,0.14089713729646178,0.7925025354383307,0.0,0.0,0.15628004083670335,0.13115798693085853,0.006700237009736144,23.324554132878006,118.5317034498284,37.53699189913823,13,0.0009955519994742626,40,2.267030954360962,0.4910386309779044
S2,4,84,1,MG,hyb,sample,5000,10,1004,1e-18,1.0,1.993118381399784,7.07e-06,6242.890117636115,3.16e-11,3,0.01,0.521346053343785,0.012352977040532141,0.5202569850762816,0.014018580721768897,0.481502456867287,0.6046715344995698,0.6034816085140142,0.602175605602199,0.6011050873849552,0.5841164927518263,0.5838166282253913,0.5424392189732481,0.5425702991088506,0.521346053343785,0.5202569850762816,0.5221432152090505,0.5219178480476779,0.5412083703392258,0.5419054109811741,0.6284282523909863,0.6158493628107364,0.8647873002439443,0.843934503292164,0.9633649309990935,0.9460454990542347,1.6605390671738465,0.1322718415919748,0.4712615480134474,1.993118381399784,1.7386593598738767e+18,5.5448280306362246e+17,1.7386593598738769,0.5544828030636225,0.3227609489690345,0.1832014422910798,0.3397684083147034,0.10918931138949015,0.5414782562643611,0.0,0.0,0.10725845088710137,0.10303650283078054,0.006470849228098023,16.575637463682313,42.007647779904026,13.396826790039075,13,0.000996559190699892,40,1.9368529319763184,0.4910386309779044
S2,4,85,1,MG,hyb,sample,5000,10,1004,1e-18,1.0,1.9930851421413818,7.07e-06,15685.293751422927,3.16e-11,5,0.01,0.49159359072942593,0.02013405478960467,0.5011573192903888,0.01814492095048126,0.4315556909196279,0.6983911965158582,0.68741670450922,0.6915069978642716,0.6804789604279469,0.6444285489770613,0.6341697711100476,0.5414588278425956,0.5420387272891571,0.49159359072942593,0.5011573192903888,0.4970851281400083,0.5064848454834652,0.5772671303761425,0.5857867932911058,0.6622849470095217,0.6700850537982432,0.7715034305159215,0.7634503638813481,0.945283685684412,0.9334060777705477,1.6605390671738465,0.13227404752780214,0.4712649848584131,1.9930851421413818,4.3679581113243423e+18,1.3831544424046671e+18,4.367958111324342,1.3831544424046673,0.21053386351336026,0.0934684477231694,0.5436338026503726,0.1397025528388663,0.7695318511676409,0.0,0.0,0.15312681188790128,0.13022340116086645,0.0067481029237974385,22.691831114177855,105.53398215461715,33.41831412333675,13,0.000996542571070691,40,2.187878131866455,0.4910386309779044
S2,4,86,1,MG,hyb,sample,5000,10,1004,1e-18,1.0,1.9827866780697394,7.07e-06,19619.737769356285,3.16e-11,5,0.01,0.49380944954845657,0.019178651648096682,0.5051744688648592,0.017737721764689553,0.4322281866007189,0.705027132900854,0.6957773164408375,0.6987084946498947,0.689758557151562,0.6536980014888017,0.6472819151634138,0.5478186152527933,0.5513127007384193,0.49380944954845657,0.5051744688648592,0.4994768995282873,0.5099420198147071,0.5855557223288631,0.5939726646544943,0.6854930256506032,0.6943221162706058,0.7819777052150292,0.775694949783247,0.9405183862442321,0.9298943508301566,1.6605390671738465,0.13296107026259374,0.4723334224415745,1.9827866780697394,5.472772551976584e+18,1.7367005643625846e+18,5.472772551976585,1.7367005643625848,0.18428785958225538,0.07791725806430834,0.593717436523917,0.14131593725665859,0.8128371780121809,0.00496,0.0,0.1578499557053899,0.13146266966461592,0.00663825505849171,23.77883258695626,132.22733966683145,41.96032143535935,13,0.0009913933390348698,40,2.1948750019073486,0.4910386309779044
S2,4,87,1,MG,hyb,sample,5000,10,1004,1e-18,1.0,1.990720642203571,7.07e-06,9755.307091556479,3.16e-11,5,0.01,0.502548274720952,0.019374246839363042,0.5133146930644206,0.016715211052648647,0.44592151091733684,0.7029156139864969,0.6859093154097394,0.6944906411696595,0.6778464025053442,0.6408313454712868,0.6273076048584962,0.5431025158222271,0.5429309540361527,0.502548274720952,0.5133146930644206,0.5071965534860107,0.5176997965212629,0.5614643518065089,0.5712780535182447,0.6176399823867718,0.6237467887233492,0.7667628393043808,0.7550423063268867,0.9644642432017456,0.9501917833159108,1.6605390671738465,0.13243115745599743,0.4715096590141403,1.990720642203571,2.717772001462188e+18,8.636833129665322e+17,2.7177720014621882,0.8636833129665323,0.26953648693175153,0.13511604604391073,0.437076086626912,0.1280167303699517,0.659915477074427,0.0,0.0,0.13227614520968506,0.12015260924419865,0.0067512975341217805,19.592699705670984,65.6639314280574,20.86740234562713,13,0.0009953603211017856,40,2.024167060852051,0.4910386309779044
S2,4,88,1,MG,hyb,sample,5000,10,1004,1e-18,1.0,1.9370081618295718,7.07e-06,19943.943922069393,3.16e-11,4,0.01,0.5160402338567028,0.01416284439122415,0.5171624351518809,0.025739495391605274,0.4628546413513807,0.6435035130772817,0.6417405145814242,0.6404326954074082,0.638827552771276,0.6168182680675784,0.6164192228109692,0.5516899982764034,0.5542090919261161,0.5160402338567028,0.5171624351518809,0.526267469999073,0.5287577738989444,0.6109708571598162,0.6181476884693169,0.6907182956154454,0.6952479272817037,0.809746744016163,0.79885991911067,0.9390499042849493,0.9277395807468185,1.6605390671738465,0.13610342176852494,0.4771716037775583,1.9370081618295718,5.62100703748506e+18,1.814247667020484e+18,5.621007037485061,1.8142476670204843,0.1834451501700146,0.07797304593838393,0.6041836338317773,0.13940920132145487,0.8181366291656821,0.00956,0.0,0.1531243721680053,0.1300433697128883,0.006615263527611506,23.14713110503885,135.8088244589572,43.83393247728386,14,0.0009933375188869598,39,2.095283269882202,0.4910386309779044
S2,4,89,1,MG,hyb,sample,5000,10,1004,1e-18,1.0,1.986889080082804,7.07e-06,4018.663496525525,3.16e-11,2,0.01,0.5203216379877725,0.010876144464999335,0.5111728049424749,0.012545713047355878,0.491265942809804,0.5771319544570233,0.5611368598783983,0.5754404715561532,0.5596559672534054,0.5631728703983364,0.5489138009164737,0.5348339655259794,0.5239084959539977,0.5203216379877725,0.5111728049424749,0.5223380324395961,0.514467545766226,0.5639752788912051,0.5512785256917245,0.7707570212420665,0.7506452215712135,0.8863539561295507,0.8643400871293277,1.0150936147858476,0.9989460866936062,1.6605390671738465,0.1326865407139781,0.4719069461064287,1.986889080082804,1.1204575275429876e+18,3.6032478067108e+17,1.1204575275429878,0.36032478067108004,0.36998470214258034,0.23735413336806727,0.2551003661729986,0.08714243576240911,0.4237782381312887,0.0,0.0,0.08198627319435305,0.08259023292695147,0.005975546522571067,13.720297028007614,27.071309225737156,8.705786091359437,13,0.000993444540041402,40,1.7117249965667725,0.4910386309779044
S2,4,90,1,MG,hyb,sample,5000,10,1004,1e-18,1.0,1.1299923995164038,7.07e-06,2215.4204870896983,3.16e-11,3,0.01,0.540458638399627,0.014388074370555767,0.5497267735633549,0.01623974751859735,0.5143189765565824,0.6405066909827902,0.6527618150822858,0.6337491785667724,0.6455303030941842,0.5983620762349361,0.6074983691184288,0.5559575107399676,0.5627290654715772,0.540458638399627,0.5497267735633549,0.5413845614820422,0.5490901881261622,0.5624373898681322,0.563183301423475,0.7302813650911422,0.7175191587951213,0.9456768694093196,0.9241818325191493,1.051095105118725,1.033661528655273,1.6605390671738465,0.23330549739218695,0.5971882444939323,1.1299923995164038,7.979167280405316e+17,3.54685165615343e+17,0.7979167280405317,0.354685165615343,0.6532600540760823,0.4922150679972957,0.25510204355099797,0.07257445833939123,0.38011036241730717,0.0,0.0,0.02992616038312,0.0718424525099011,0.006038252377860792,4.956096319001843,19.278419708189176,8.569527679652598,23,0.0009826020865360034,23,0.9269490242004395,0.4910386309779044
S2,4,91,1,MG,hyb,sample,5000,10,1004,1e-18,1.0,1.997056981664353,7.07e-06,14326.01042050887,3.16e-11,3,0.01,0.5289586682753049,0.01941088076984147,0.534870051717481,0.01924502776071639,0.48972547567820757,0.6251083898856019,0.6166566765737393,0.6231646123554119,0.614887218766168,0.6075198704714232,0.600740690039719,0.5581377068389317,0.5576843650709611,0.5289586682753049,0.534870051717481,0.539211319761445,0.5470245839200952,0.5959787183181279,0.6034298181053703,0.6583763687885028,0.6552651287813882,0.8383595531785748,0.8242077457358608,0.9305990804800139,0.9184315441400337,1.6605390671738465,0.13201097476890847,0.4708548353263237,1.997056981664353,3.986870442199407e+18,1.2615501630808916e+18,3.9868704421994074,1.2615501630808919,0.22141310284574167,0.10041103827597905,0.5229525443589075,0.13830273891392464,0.7502492966258063,0.0,0.0,0.15031657866940537,0.12903797478223025,0.006773018448407022,22.193440017095927,96.32654512162286,30.48024019565675,13,0.0009985284908321766,40,2.010974168777466,0.4910386309779044
S2,4,92,1,MG,hyb,sample,5000,10,1004,1e-18,1.0,1.9943500497881956,7.07e-06,16339.224915030796,3.16e-11,3,0.01,0.5280376938134883,0.018377110240989983,0.5352970208129361,0.018386020554215527,0.4905279489731095,0.6276806206744283,0.6199983663734271,0.6258194708391779,0.6183082203709553,0.6105984019203611,0.60457663278712,0.5598973950878204,0.5604118520020774,0.5280376938134883,0.5352970208129361,0.5389142872988171,0.5475140904607608,0.6047300161750905,0.6125205147747246,0.6706042496357327,0.6685651221040547,0.838930278827374,0.825604289830785,0.9286795917227522,0.9172909050743382,1.6605390671738465,0.13219015330160513,0.47113424957355643,1.9943500497881956,4.549106094371638e+18,1.4397023039393626e+18,4.549106094371639,1.4397023039393628,0.20552363634274665,0.09035986707984782,0.5525433694378755,0.14021661001139338,0.7776978317004158,0.0,0.0,0.15450349757668494,0.13061751501466026,0.006733532722878352,22.94538453072818,109.91068804854385,34.78456372051407,13,0.0009971750248940977,40,2.087212085723877,0.4910386309779044
S2,4,93,1,MG,hyb,sample,5000,10,1004,1e-18,1.0,1.9546138209597592,7.07e-06,8767.651203521611,3.16e-11,4,0.01,0.5232279411583849,0.0178280366341003,0.5314687376059976,0.019523675034592243,0.4772278288809835,0.6709918885828009,0.6562063388702624,0.666389800651385,0.6518077120432653,0.6338473301461849,0.6213624506091113,0.5589683607673569,0.5575032136618205,0.5232279411583849,0.5314687376059976,0.5279177424868715,0.538350958305898,0.5647501269287091,0.5745408558553693,0.6091224516824477,0.6105677225849787,0.8067083299847143,0.7918158315533279,0.9603508950900279,0.945976095601063,1.6605390671738465,0.1348775067440767,0.4752935240394585,1.9546138209597592,2.457383448285095e+18,7.901052091720671e+17,2.4573834482850954,0.7901052091720672,0.2857988509143123,0.14797606902724844,0.4172379891649796,0.12431349105092777,0.6351648012894583,0.0,0.0,0.1241491783277256,0.11717300949804349,0.006718703552112478,18.478144982106098,59.37269872300607,19.089686054648013,13,0.0009773069104798797,40,1.8855257034301758,0.4910386309779044
S2,4,94,1,MG,hyb,sample,5000,10,1004,1e-18,1.0,1.993070991625212,7.07e-06,4949.163874623925,3.16e-11,3,0.1,0.5169740845369213,0.005262851079514285,0.5271646573695379,0.006416351087383964,0.5081648709254324,0.6093974345794801,0.6084588583262975,0.6064165658000926,0.6058713136528148,0.58539712079243,0.587777850557091,0.5387513734902283,0.548929943312311,0.5171260473534877,0.5303539458520972,0.5169740845369213,0.5271646573695379,0.5298615246657434,0.5342651469909897,0.6393514592194887,0.6292951350753297,0.8754654179566759,0.8570267314100525,0.9794729632756167,0.964981924494983,1.6605390671738465,0.1322749866544345,0.4712664480042577,1.993070991625212,1.3784268262559421e+18,4.409570843648094e+17,1.3784268262559423,0.44095708436480946,0.3481979302483127,0.2109538409227806,0.29318289478428816,0.09769735416580343,0.4785914671411935,0.0,0.0,0.09381628139756404,0.09240291366313406,0.00623047532956304,15.057644310445191,33.30409046423619,10.653938496264184,13,0.000996535495812606,40,1.6958730220794678,0.4910386309779044
S2,4,95,1,MG,hyb,sample,5000,10,1004,1e-18,1.0,1.4432209466254693,7.07e-06,8047.04690131265,3.16e-11,2,0.01,0.5740111618692165,0.007092527127311736,0.5737110887243921,0.014885676519051287,0.5403613413516776,0.642312028003704,0.6249749709742074,0.6407711309354409,0.6238056406702446,0.6286170813790529,0.6147100425157748,0.593351109583302,0.5893348921291834,0.5740111618692165,0.5737110887243921,0.5768216230071781,0.5778709309718159,0.6024547122520706,0.6036883480544696,0.7360106869618708,0.7225750908690692,0.8974720161417787,0.880443706619217,0.9460795007321859,0.9318959017610826,1.6605390671738465,0.1826701860411544,0.5408682797466768,1.4432209466254693,2.56274499571944e+18,9.846284123098895e+17,2.56274499571944,0.9846284123098896,0.34913064598863347,0.19448335496075228,0.47225868082530503,0.1203577379181842,0.6622172237086965,0.0,0.0,0.08291322020823252,0.11711300384572282,0.006838294638939095,12.1248388064624,61.91833294918863,23.7895498640978,18,0.0009953247907761858,29,1.4783155918121338,0.4910386309779044
S2,4,96,1,MG,hyb,sample,5000,10,1004,1e-18,1.0,1.9807129758189999,7.07e-06,19995.023641664386,3.16e-11,1,0.01,0.5694942630508413,0.014061567831027568,0.5669961132885855,0.022370702981250302,0.5573531671293052,0.5970539398698851,0.5893002527095612,0.5967237398160934,0.5890115411737193,0.5937738385654738,0.5864382825681564,0.5801187056184676,0.5748044387034243,0.5694942630508413,0.5669961132885855,0.6108074714272718,0.6074119202742498,0.7326312030874731,0.7254335018597403,0.8412108203334387,0.8282810258249376,0.876431859505401,0.8633776172522214,0.90631943659579,0.8963352498639473,1.6605390671738465,0.13310027350608755,0.47254943671320576,1.9807129758189999,5.579353495734808e+18,1.771497843847448e+18,5.579353495734808,1.7714978438474482,0.18216456801708192,0.07673530656348455,0.598002450423157,0.1413171251001299,0.8162521290622435,0.0076,0.0,0.15798379094724532,0.13145686094843928,0.006625615579538752,23.844394388821982,134.8024356567498,42.801056483313225,13,0.0009903564879094999,40,2.1396920680999756,0.4910386309779044
S2,4,97,1,MG,hyb,sample,5000,10,1004,1e-18,1.0,1.9917482887220535,7.07e-06,1567.3506146771217,3.16e-11,3,0.01,0.5178146396966392,0.011865758995718704,0.5181364753856422,0.011667111332757819,0.4879664628307803,0.6097549540723106,0.6140011314365088,0.6029979841647041,0.6076977285955691,0.5693812065298053,0.5753022544045943,0.5314552708111794,0.5349992561659541,0.5178146396966392,0.5181364753856422,0.5204703387919919,0.5163715100794187,0.5758999059176884,0.5643096295460093,0.8073192336393497,0.7879679666744466,0.9168659431284099,0.8960281336252338,1.247917370705618,1.2275325919838034,1.6605390671738465,0.13236282933508534,0.4714032735755337,1.9917482887220535,4.3683488243310483e+17,1.4425612333471766e+17,0.43683488243310487,0.14425612333471768,0.43877543164088767,0.34942879001776644,0.12390069068840764,0.043973059905176,0.21556460086209117,0.0,0.0,0.040781620576854784,0.04171865418436913,0.004547609608804354,8.967704813073649,10.554342214887221,3.485363814783592,13,0.0009958741443610267,40,1.3985822200775146,0.4910386309779044
S2,4,98,1,MG,hyb,sample,5000,10,1004,1e-18,1.0,1.9784987344260319,7.07e-06,12360.564606373528,3.16e-11,3,0.01,0.5286796924032631,0.01900579733712805,0.538292690315182,0.018546419867856174,0.4928150809457252,0.6206811355623434,0.6163323019808628,0.6186661237457386,0.6145308485110104,0.6027110794727795,0.6003403796951122,0.5549180175630446,0.5589675968193855,0.5286796924032631,0.538292690315182,0.5385728153920469,0.5490751540162874,0.586517197310355,0.5946936646902359,0.6470440212136699,0.6430401803645134,0.8397594505836622,0.8248765898448424,0.9339354982503105,0.9211369420514475,1.6605390671738465,0.13324923298222188,0.47278041561429646,1.9784987344260319,3.45043809111252e+18,1.098779317320911e+18,3.4504380911125208,1.098779317320911,0.24082271455818058,0.11356943341491098,0.4918381677923227,0.13511404468362578,0.7181962510719931,0.0,0.0,0.14282476609391978,0.1265146921107515,0.006789658453197366,21.03563339429263,83.36583425308423,26.54754324803939,13,0.0009892493672130158,40,1.999743938446045,0.4910386309779044
S2,4,99,1,MG,hyb,sample,5000,10,1004,1e-18,1.0,1.9783183216522757,7.07e-06,7149.565499976275,3.16e-11,4,0.01,0.5237345890801961,0.013862456756221324,0.5338227138124803,0.014699030245779673,0.4769452771548613,0.6678272920781432,0.6644920022965205,0.6626842536979385,0.6594517361965294,0.6278116669776496,0.6256455200255912,0.5560657050533063,0.5596082722354119,0.5237345890801961,0.5338227138124803,0.525144676507009,0.5363403933032107,0.5516949396186239,0.5606304553311658,0.5955407727483737,0.594820055611844,0.818018123186139,0.801951473741126,0.9703776272424018,0.9554376332584242,1.6605390671738465,0.13326138464834156,0.4727992502052901,1.9783183216522757,1.9959818186773688e+18,6.384150438897128e+17,1.995981818677369,0.6384150438897128,0.30851756847505835,0.16871925668659885,0.36996723415405003,0.11563375634441292,0.5793571102028776,0.0,0.0,0.11428162404371378,0.10907254330034613,0.006589160127704074,17.343883261118144,48.22480075693115,15.424708784276431,13,0.0009891591608261379,40,1.9593918323516846,0.4910386309779044
S2,4,100,1,MG,hyb,sample,5000,10,1004,1e-18,1.0,1.9925507914016518,7.07e-06,15396.397906140528,3.16e-11,2,0.01,0.5330342764630015,0.017963311862283275,0.537763409070567,0.01775466552760065,0.5076164027686335,0.5902661053347804,0.5894305145377097,0.5893801699975287,0.5886080398065769,0.5818437728722703,0.5815931224450577,0.5532172636381277,0.5548735206824587,0.5330342764630015,0.537763409070567,0.5480142706630052,0.5529288871377102,0.6098721128396603,0.6116384427304478,0.7226583500088934,0.7109878185337652,0.8702511073854853,0.8560042983053606,0.9137211980235789,0.9022366871412872,1.6605390671738465,0.1323095200163573,0.4713202454497586,1.9925507914016518,4.2878885701836897e+18,1.358136155159792e+18,4.28788857018369,1.3581361551597924,0.2128245493042254,0.09490919820998568,0.5395599780339303,0.13944202827433191,0.7657374560076767,0.0,0.0,0.15247447071242864,0.13001904168292686,0.006754026082850038,22.575345259562287,103.59942662306146,32.81384873874559,13,0.0009962753957008259,40,2.153970241546631,0.4910386309779044
