set,search_seed,eval_index,is_finite,task,mode,node,N_R,R,seed,k_on,k_off,T,distance,N_max,D,L,lam_best,objective,opt_sd,held,held_sd,train,opt_lam_1e-06,held_lam_1e-06,opt_lam_1e-05,held_lam_1e-05,opt_lam_1e-04,held_lam_1e-04,opt_lam_1e-03,held_lam_1e-03,opt_lam_1e-02,held_lam_1e-02,opt_lam_1e-01,held_lam_1e-01,opt_lam_1e+00,held_lam_1e+00,opt_lam_1e+01,held_lam_1e+01,opt_lam_1e+02,held_lam_1e+02,opt_lam_1e+03,held_lam_1e+03,KD_nM,tau_D_over_T,phi_ISI,koff_T,c_peak,c_mean,c_peak_over_KD,c_mean_over_KD,tauR_mean_over_T,tauR_peak_over_T,occ_mean,occ_std,occ_max,occ_frac_above_0p8,occ_frac_above_0p9,contrast_within,contrast_between,binomial_sd_mean,snr_within,shell_molecules_peak,shell_molecules_mean,history_symbols,dt,n_sub,seconds,running_min
S2,3,1,1,SINE,hyb,sample,5000,10,1003,1e-18,1.0,1.1108013482431738,7.07e-06,19543.947129559663,3.16e-11,3,0.1,0.4457138253211448,0.009543715259577243,0.46154022645263587,0.00845899552291853,0.441581906667901,0.48433593342027875,0.4966406951697723,0.4839390809219206,0.4962325753865341,0.4804195044000821,0.4926167052983379,0.4646040501391557,0.4765738266992548,0.449680642715461,0.4629179054637147,0.4457138253211448,0.46154022645263587,0.4574303886382885,0.48068413917160707,0.5443968972724251,0.5846715527420064,0.6270163785313628,0.6738016881248584,0.6856874759165656,0.7327337312812814,1.6605390671738465,0.23733626110152278,0.6012222499411012,1.1108013482431738,7.318043027572041e+18,2.718830459335302e+18,7.318043027572042,2.7188304593353023,0.24207905892359693,0.10822869933567446,0.6130079286224199,0.253504037854844,0.867931295807581,0.31555,0.0,0.055444267064102944,0.2527754138797383,0.005807931939708467,9.546301099886168,176.8108124197075,65.68950476723458,24,0.0009256677902026448,12,3.052943229675293,0.4457138253211448
S2,3,2,1,SINE,hyb,sample,5000,10,1003,1e-18,1.0,1.7069347919367182,7.07e-06,2822.4318635367736,3.16e-11,3,1.0,0.45165937862860994,0.0013025711916063933,0.4756409266302752,0.0030679014403659512,0.45266032212266083,0.49508238379054825,0.5084985794627629,0.4941348445519235,0.5076377023038946,0.48677931450486644,0.5009149853204169,0.46668034421515614,0.4824771532363147,0.45552629583750937,0.4744323405073894,0.45212412349844167,0.47319675673376,0.45165937862860994,0.4756409266302752,0.45370288296584677,0.4793088658722045,0.45956046529833,0.4862147871123659,0.5032053103814902,0.5326764877442349,1.6605390671738465,0.15444845348746,0.5039353492746057,1.7069347919367182,8.451237208615437e+17,2.6237709643308314e+17,0.8451237208615437,0.26237709643308316,0.46408118668264436,0.3175101237547948,0.1922619474165835,0.11267293357621504,0.3679136607739036,0.0,0.0,0.04695843542446352,0.11128997837530881,0.005102601964456622,9.202841168400667,20.418985119068385,6.33927778312734,15,0.0009482971066315101,18,3.152961015701294,0.4457138253211448
S2,3,3,1,SINE,hyb,sample,5000,10,1003,1e-18,1.0,0.877951679238669,7.07e-06,7977.583730618891,3.16e-11,5,0.1,0.5178083070853818,0.014900939541852511,0.539756549870126,0.014713201885079352,0.5014383780861287,0.6128929897128811,0.6166274704390005,0.6111144254841647,0.6150004387434936,0.597047145361486,0.6021796727635472,0.5551311759964257,0.5648270820845684,0.5271857942552833,0.5432335979670818,0.5178083070853818,0.539756549870126,0.5238334267482372,0.5589123453196965,0.5507242642368656,0.5959825168089538,0.5659604185942906,0.6117595874975645,0.6189179042187409,0.665898114996732,1.6605390671738465,0.3002824017002618,0.6574453541224401,0.877951679238669,3.4645343363780823e+18,1.4131460844652173e+18,3.4645343363780827,1.4131460844652175,0.47200410164328344,0.25512511807806004,0.49852276585676103,0.22921303714775773,0.7516393961385596,0.0,0.0,0.031752605761484205,0.2289266840699328,0.00620392212295148,5.118150281741139,83.70641281597065,34.142940444683525,30,0.0009755018658207434,9,2.1899232864379883,0.4457138253211448
S2,3,4,1,SINE,hyb,sample,5000,10,1003,1e-18,1.0,1.534868996239263,7.07e-06,9984.566663734366,3.16e-11,4,0.1,0.447789973030396,0.005431670193846302,0.4553435809462295,0.013320038910485834,0.43838267879797577,0.503462359376724,0.5104294576035803,0.5028157498265949,0.5097701097063181,0.497223652720532,0.5040621653493764,0.4743904235829267,0.4808336668280238,0.45383836395072824,0.4609384064033361,0.447789973030396,0.4553435809462295,0.45335797005709566,0.46790677402660014,0.4932134013731865,0.527199109526711,0.5286719887421196,0.5706765593117826,0.5743845836329108,0.6190952215743524,1.6605390671738465,0.17176282761885234,0.5271415695124335,1.534868996239263,3.1408808479028777e+18,1.008416085334034e+18,3.1408808479028782,1.0084160853340343,0.3243956302439544,0.15733884304446685,0.42699557804520843,0.21927340062938636,0.7105486055404132,0.0,0.0,0.07985223060583303,0.21737817904932324,0.006118226705722776,13.051531832114367,75.88663968479798,24.364282449999088,17,0.0009592931226495393,16,3.5251657962799072,0.4457138253211448
S2,3,5,1,SINE,hyb,sample,5000,10,1003,1e-18,1.0,0.9587253642929477,7.07e-06,12064.152791269371,3.16e-11,3,0.1,0.5037431046788607,0.008711770505560209,0.5226463086658175,0.012955016437874492,0.49751838796291026,0.5522009231266642,0.5612114874234597,0.551636810768185,0.5606803666327673,0.5467332553977642,0.5560843611924301,0.5263154287248595,0.5375936709188851,0.5082822761780432,0.5231315701713235,0.5037431046788607,0.5226463086658175,0.5190172014565587,0.5496617610832102,0.5726432239764379,0.6174124157448928,0.6001187068028566,0.6467322798832538,0.6505388314926345,0.6975326219455169,1.6605390671738465,0.27498327324738403,0.6362630817368351,0.9587253642929477,4.940035470299637e+18,1.9461039287184568e+18,4.940035470299637,1.9461039287184572,0.35404439183619346,0.1755968594707282,0.556822174777786,0.24367530409938298,0.8134391600963257,0.0584,0.0,0.040917726585430955,0.24324426263828572,0.006051926474164505,6.761107683661974,119.35590998781568,47.019703955479045,27,0.0009587253642929477,10,2.4564361572265625,0.4457138253211448
S2,3,6,1,SINE,hyb,sample,5000,10,1003,1e-18,1.0,1.9562609156315725,7.07e-06,6089.160344676396,3.16e-11,2,0.1,0.45839312094145657,0.0057987191678186825,0.47635186749069003,0.007339548480704425,0.45432442642444626,0.48925091639605445,0.49380427279979466,0.48893180082332427,0.49356870691861854,0.4861264745574124,0.49150784949141696,0.4738820861947812,0.48283181086258775,0.4619031694473822,0.4757112151443697,0.45839312094145657,0.47635186749069003,0.4628333233223304,0.4886340308780793,0.4730815737846794,0.5054998702095141,0.4792698335265597,0.5131233214191224,0.5188691799270384,0.5544899416514711,1.6605390671738465,0.13476394519360535,0.47511894349538175,1.9562609156315725,1.7232325820244948e+18,4.8458197372998266e+17,1.7232325820244951,0.48458197372998274,0.34432538273735674,0.1877104657471225,0.28854883618606875,0.1660279148226524,0.5435922458789458,0.0,0.0,0.08672894807253334,0.16288805143047722,0.005726309402251762,15.145697163766393,41.634922296562266,11.707956913662755,13,0.0009781304578157862,20,3.867687225341797,0.4457138253211448
S2,3,7,1,SINE,hyb,sample,5000,10,1003,1e-18,1.0,0.651902710256542,7.07e-06,1479.604991019467,3.16e-11,3,0.1,0.4693235935014132,0.0018378951872622066,0.4938065420826219,0.0055294937121215864,0.46757961375934104,0.509822766043229,0.5272884140653739,0.5081925612153616,0.5258293319708321,0.4975360705065223,0.5163987960538892,0.4789644791529769,0.5005991909927939,0.4717664617332158,0.49517903490206194,0.4693235935014132,0.4938065420826219,0.4695093057173948,0.49442957026897194,0.4754988602355922,0.50120785031818,0.4941006979521786,0.5216529547977181,0.5560150076964783,0.5892998351111373,1.6605390671738465,0.40440610948651873,0.7293043244417474,0.651902710256542,7.945172807861116e+17,3.718754428768592e+17,0.7945172807861117,0.37187544287685925,1.1181563417058464,0.8548099496769965,0.2509250049158521,0.12450282954361962,0.41288594093750763,0.0,0.0,0.008775938410313114,0.12445810281676946,0.005733967631533331,1.5305176056542062,19.196285860578914,8.984860969833745,40,0.0009312895860807743,7,1.3922719955444336,0.4457138253211448
S2,3,8,1,SINE,hyb,sample,5000,10,1003,1e-18,1.0,1.6614397387167477,7.07e-06,15515.941390237764,3.16e-11,2,0.1,0.4315391980084919,0.005065261747201059,0.4411951777769406,0.008225896112295353,0.4295058518823308,0.4549262525302293,0.4609465963592819,0.4547480143639343,0.4607790439673824,0.45311635342132756,0.4592472093758294,0.4445209844876613,0.45127014735592513,0.4343139232805268,0.4424656204038232,0.4315391980084919,0.4411951777769406,0.4413356029122955,0.4575880371635922,0.49825990778844725,0.5332811919891257,0.5570078957491174,0.6015438523824912,0.6095960818885977,0.6556115426970257,1.6605390671738465,0.1586777014387467,0.5097753268377557,1.6614397387167477,4.709876718090949e+18,1.4446938079283292e+18,4.709876718090949,1.4446938079283294,0.24620163554354418,0.10541166537066077,0.49398197636331126,0.24026289916970114,0.7920964017267014,0.0,0.0,0.09945883906845152,0.23767937651142518,0.006075809291242436,16.369644651587357,113.79505774764706,34.90516315839114,16,0.0009773174933627928,17,3.9312732219696045,0.4315391980084919
S2,3,9,1,SINE,hyb,sample,5000,10,1003,1e-18,1.0,0.5617210838099942,7.07e-06,12391.928026262969,3.16e-11,1,0.1,0.63992044273483,0.003543525836322326,0.68378299455893,0.002883887349584377,0.638585695591928,0.6595070329366128,0.6967452490694708,0.6592397895884872,0.6965197419585506,0.65695009704815,0.6945998199400407,0.6482183189262855,0.6876226177889333,0.6416951227484435,0.6834195629905243,0.63992044273483,0.68378299455893,0.6446798709203941,0.6927296251601882,0.6511802170033991,0.7006881191483189,0.6651272556812229,0.7112026457128015,0.7313646030632521,0.7755450998027781,1.6605390671738465,0.4693315711605747,0.7646104323841816,0.5617210838099942,7.456859972247072e+18,3.4163782262152207e+18,7.456859972247073,3.416378226215221,0.4031002011206387,0.2105087416670489,0.6667756549302042,0.22847824377768003,0.8760538318639415,0.44155,0.0,0.016597088234380563,0.22840056057082614,0.005776229724429426,2.8733428250241584,180.16476055490412,82.5429158361376,47,0.0009362018063499904,6,1.482269048690796,0.4315391980084919
S2,3,10,1,SINE,hyb,sample,5000,10,1003,1e-18,1.0,1.3181672637140358,7.07e-06,16415.6687114817,3.16e-11,5,0.1,0.4267497469690693,0.00942886389461032,0.43300101199019175,0.014383857717948773,0.4130427282836225,0.5022151055405406,0.49474469559304257,0.5013267886997227,0.49394633215509864,0.4936382296229227,0.4870815839378704,0.46204829862103036,0.4598079228401765,0.4344673759492772,0.43742512303133607,0.4267497469690693,0.43300101199019175,0.4330202577188661,0.4454623224788232,0.4864665961590733,0.5177809863042455,0.5772804932865233,0.6223448783298726,0.6425902238782246,0.6901851887274816,1.6605390671738465,0.1999999894366655,0.5614219618278282,1.3181672637140358,5.578387961454682e+18,1.924571644915392e+18,5.578387961454683,1.9245716449153922,0.25939835231620423,0.11532142378449627,0.5501252570501719,0.24886796766086652,0.8268521026264606,0.0834,0.0,0.0717546565109237,0.24759576951158915,0.0060001592086083915,11.958792094712711,134.77910743910405,46.49946369751287,20,0.0009415480455100256,14,3.4089109897613525,0.4267497469690693
S2,3,11,1,SINE,hyb,sample,5000,10,1003,1e-18,1.0,2.0,7.07e-06,20000.0,3.16e-11,5,0.1,0.3942419374245668,0.011462323152619167,0.3966432643690295,0.010192026706764161,0.3807670467893748,0.4666508629657069,0.4583522069653654,0.46602995333843555,0.45774641713986497,0.4604980508760378,0.45238773857638825,0.43446013341408696,0.42834453897981273,0.40508277146254834,0.4048630808408996,0.3942419374245668,0.3966432643690295,0.3974026945658492,0.4009999734503311,0.42408405175209607,0.4359999848404512,0.5109073294197606,0.5469403600750499,0.6054690952165447,0.6511192599514348,1.6605390671738465,0.13181671940928272,0.4705516107728963,2.0,5.617716205807263e+18,1.5420448623924582e+18,5.617716205807263,1.5420448623924585,0.19669204403002646,0.07555476609305693,0.5025209820536842,0.24508147935797514,0.8189308429243617,0.0346,0.0,0.13197007083884596,0.24067418594987422,0.0060307919538783806,21.882709907440347,135.72931486598327,37.257256329320285,13,0.001,20,4.771513938903809,0.3942419374245668
S2,3,12,1,SINE,hyb,sample,5000,10,1003,1e-18,1.0,1.1721044057393017,7.07e-06,200.0,3.16e-11,1,0.01,0.4940128276987181,0.01827211660103354,0.5032177534875886,0.018961101268480794,0.4978137512917386,0.5065442667431791,0.513801758048616,0.5051911686453339,0.5125159664307419,0.49947046682830676,0.5073090187905894,0.49473896509382154,0.5034351099687783,0.4940128276987181,0.5032177534875886,0.494675039148496,0.5045127056968036,0.49953296676524445,0.5101596250029681,0.6127801485409666,0.6274801293755321,0.8913823259305346,0.9048698421002458,1.0154447631869314,0.9766136876454954,1.6605390671738465,0.22492317026338565,0.5886063358676128,1.1721044057393017,7.256567783215757e+16,3.9246426545718024e+16,0.07256567783215757,0.03924642654571803,0.8209470786467237,0.7954443587931623,0.03768697769513073,0.008625606557045246,0.05197514506032087,0.0,0.0,0.0044838641383856005,0.008490544038731047,0.002673717252990322,1.6770150745636192,1.7532551261245277,0.948230631601116,22,0.0009767536714494181,12,1.4623942375183105,0.3942419374245668
S2,3,13,1,SINE,hyb,sample,5000,10,1003,1e-18,1.0,1.7755848194682216,7.07e-06,20000.0,3.16e-11,5,0.1,0.3940192879061687,0.005921950114176441,0.40972335997386,0.013404986330291984,0.3887362436894681,0.46593015132957943,0.46117681219248857,0.46527393712888665,0.4606399421731381,0.4594315802888226,0.45590863799998943,0.43209115219633976,0.4350885656397246,0.4028864365776255,0.416007092877417,0.3940192879061687,0.40972335997386,0.39883210045279005,0.4128330472341575,0.430988067677044,0.45034860344762906,0.5300735277963852,0.5698803314276747,0.6216207210814357,0.6683497529393857,1.6605390671738465,0.148476961465306,0.4954872208744333,1.7755848194682216,5.898652114546886e+18,1.7402509890954365e+18,5.898652114546886,1.7402509890954367,0.20552669260000975,0.08163837128344338,0.5269904110396836,0.24879073554357306,0.8297980285753137,0.06525,0.0,0.11283049698233405,0.24565262698334925,0.0060052054110567325,18.78878227455659,142.51699103500434,42.046103041054394,15,0.0009864360108156787,18,4.33752703666687,0.3940192879061687
S2,3,14,1,SINE,hyb,sample,5000,10,1003,1e-18,1.0,0.5,7.07e-06,19853.072222564064,3.16e-11,1,0.1,0.684833765764962,0.006022772824846822,0.7338574397326163,0.0035639603880366338,0.6854130591860967,0.7027645526912801,0.7489799391747709,0.7025116549998789,0.7487476319500335,0.7003371575408103,0.7467573658922289,0.691928299072748,0.7392118564927445,0.6856072278344468,0.7339400864510173,0.684833765764962,0.7338574397326163,0.6948789826173151,0.7446355375157586,0.7043566272744012,0.7528790917004395,0.7292485466737209,0.771750693678552,0.8010969626033424,0.8416424357558663,1.6605390671738465,0.5272668776371309,0.7914984825837854,0.5,1.3098315123149914e+19,6.1323254682397e+18,13.098315123149916,6.132325468239701,0.2804134512517713,0.14186092327557154,0.7593938059818491,0.20322383909362077,0.9271484301379498,0.6195,0.33275,0.013803559630392922,0.2031601069032042,0.005186336624613798,2.661524044714473,316.46763069413765,148.1627593574368,53,0.001,5,1.3673908710479736,0.3940192879061687
S2,3,15,1,SINE,hyb,sample,5000,10,1003,1e-18,1.0,1.107636811601537,7.07e-06,20000.0,3.16e-11,4,0.1,0.43654195162516024,0.010748748882952337,0.4486816257541091,0.009066048509110353,0.42856458109336526,0.4911832688883867,0.4966091072691749,0.49056105154304663,0.4960074775520461,0.48511795843717626,0.49076006031310426,0.46204562020004963,0.46901948830393464,0.4417314576504485,0.4516112189315285,0.43654195162516024,0.4486816257541091,0.4450631169988594,0.4631887028053014,0.5236548107970513,0.5599746152801062,0.623645528931391,0.6697191518612199,0.6880538584430206,0.7351612230492239,1.6605390671738465,0.2380143347144419,0.6018951089787304,1.107636811601537,7.500382453660067e+18,2.789274101775192e+18,7.500382453660068,2.7892741017751925,0.23825750936390855,0.10620969288239313,0.61730515332397,0.253779308837188,0.8710198576357627,0.3324,0.0,0.05525319671828794,0.2530580251831585,0.005788539346273555,9.545274448874203,181.2163046997199,67.39148951953422,24,0.0009230306763346141,12,3.0509631633758545,0.3940192879061687
S2,3,16,1,SINE,hyb,sample,5000,10,1003,1e-18,1.0,1.5116638553051676,7.07e-06,20000.0,3.16e-11,5,0.1,0.406410406561558,0.006534291204135824,0.41404301492976553,0.014760317568676361,0.394959930673308,0.47861600346558336,0.48526498182057853,0.4778604373516435,0.484532383533024,0.4712350307656029,0.4780987130228809,0.4425417230295114,0.45001996895549423,0.4155235207395297,0.4232101850824189,0.406410406561558,0.41404301492976553,0.4102210595078376,0.41896919896317736,0.4499872663603616,0.46983311091795477,0.5595991764764405,0.6005189366940142,0.6435725423186874,0.6905209980433991,1.6605390671738465,0.17439951209612295,0.5305195424981197,1.5116638553051676,6.33266818313991e+18,2.0382957536715459e+18,6.33266818313991,2.0382957536715463,0.21772822113629933,0.09021582774656631,0.5580610341294029,0.25252201824270953,0.8438280281237369,0.1219,0.0,0.09011806343037845,0.25057010449995676,0.005948446807646748,15.149847740847475,153.00322805247103,49.24714528193695,17,0.0009447899095657297,16,3.8963749408721924,0.3940192879061687
S2,3,17,1,SINE,hyb,sample,5000,10,1003,1e-18,1.0,1.9251969552679422,7.07e-06,20000.0,3.16e-11,1,0.1,0.4306000436848918,0.004643590964348468,0.44120407589062494,0.009311007597028334,0.428436677149098,0.4409075031799551,0.45022311270866666,0.4408388771224897,0.4501540818510971,0.4401979158630988,0.4495093209141385,0.4364193945138178,0.44571562032704215,0.43116470064246915,0.4406336015265581,0.4306000436848918,0.44120407589062494,0.4461235751832242,0.46252771710562185,0.49698989692047657,0.5298293017991791,0.5647729153277241,0.6090638910731522,0.6229454422618711,0.6677103488870763,1.6605390671738465,0.13693842497370554,0.4784440061682089,1.9251969552679422,5.710085768021979e+18,1.6065065191729577e+18,5.71008576802198,1.606506519172958,0.19928105713398506,0.07740994564373939,0.5108909854627993,0.2463673332438931,0.8227001540162324,0.04415,0.0,0.12539219357771383,0.24242291602583885,0.006024655430563893,20.813172640809007,137.96105049209302,38.814710673649536,14,0.0009625984776339711,20,4.546903848648071,0.3940192879061687
S2,3,18,1,SINE,hyb,sample,5000,10,1003,1e-18,1.0,1.9335817289639987,7.07e-06,15641.902805287786,3.16e-11,5,0.1,0.4083721880869445,0.013220584170501886,0.4057568317682242,0.011565604566185878,0.3947301264631112,0.4901603398166638,0.4733765499691633,0.4893916999936912,0.4726914729427629,0.48259813837650445,0.466661123957304,0.45173868361507064,0.4400472135022424,0.4193233783445061,0.4143616537842657,0.4083721880869445,0.4057568317682242,0.411542263782965,0.41231094810207675,0.44093719358271277,0.45708847188677104,0.5192962306543233,0.5579094823278798,0.5900922903496735,0.6354810418830342,1.6605390671738465,0.1363446059038935,0.4775396909174369,1.9335817289639987,4.4590625593171645e+18,1.2531504778902003e+18,4.459062559317165,1.2531504778902005,0.2295341289861053,0.09473694921016694,0.464833140665445,0.23456681617532144,0.7769757742289862,0.0,0.0,0.12120538079312604,0.23058215496797008,0.006078642905234555,19.93954615902036,107.73515142951334,30.277295889776024,14,0.0009667908644819994,20,4.683740854263306,0.3940192879061687
S2,3,19,1,SINE,hyb,sample,5000,10,1003,1e-18,1.0,2.0,7.07e-06,200.0,3.16e-11,5,0.1,0.47014834129822314,0.00834709609175445,0.48102504477367775,0.01561204696235986,0.4688857885348111,0.5501365566737334,0.5512944662226097,0.5389917379136138,0.5402626010864606,0.5046250760991892,0.5073462135647285,0.48198950346998204,0.4876430057404389,0.4736700959823656,0.48224485385076027,0.47014834129822314,0.48102504477367775,0.47171564020514667,0.48408937820832304,0.5369738889114007,0.5533296526117084,0.8294681829113779,0.8460507030323374,0.9880024699346703,0.9551308918927124,1.6605390671738465,0.13181671940928272,0.4705516107728963,2.0,5.620289669709124e+16,2.3015594961081492e+16,0.05620289669709125,0.023015594961081496,0.4887511025860964,0.47339389199137477,0.02246426036903385,0.005722437508014487,0.03374432372419144,0.0,0.0,0.007365553639688978,0.005165121283084229,0.0020776317591526977,3.5451680054663814,1.3579149217780098,0.5560784526764229,13,0.001,20,2.3367578983306885,0.3940192879061687
S2,3,20,1,SINE,hyb,sample,5000,10,1003,1e-18,1.0,0.5,7.07e-06,200.0,3.16e-11,5,0.1,0.516280726313792,0.009808995389012299,0.5242227359232738,0.007352164542074575,0.5148631934500834,0.5858633060624454,0.6053607868430635,0.5751855026832955,0.5940007866090392,0.5432322129694495,0.5583618002202014,0.5237118378486201,0.5344494434815628,0.5177913836028327,0.5262667609135395,0.516280726313792,0.5242227359232738,0.5191077467339278,0.5274647414826587,0.5346864526297722,0.5455168136625128,0.6680417694553015,0.6908127223348087,0.8329251230248973,0.8479036212030009,1.6605390671738465,0.5272668776371309,0.7914984825837854,0.5,1.3337413403528466e+17,9.220122194473266e+16,0.13337413403528467,0.09220122194473267,1.8311644043383095,1.7646423541352276,0.08408791983826491,0.017385087136352315,0.10909625546261856,0.0,0.0,0.0013824740795441337,0.017377473468337748,0.003899185849226117,0.35455454882165144,3.2224447035504253,2.227668366627059,53,0.001,5,0.9831609725952148,0.3940192879061687
S2,3,21,1,SINE,hyb,sample,5000,10,1003,1e-18,1.0,2.0,7.07e-06,20000.0,3.16e-11,3,0.1,0.40019203014290816,0.009898555356201311,0.40163206553311637,0.010327391465421104,0.3920472592694066,0.4406594234262811,0.43301830024850874,0.44039231964631825,0.4327858507202108,0.4379383657649701,0.43066036968514687,0.4246053581276657,0.41950044933508046,0.40677365765879114,0.40619562728742115,0.40019203014290816,0.40163206553311637,0.4049219547433978,0.40793883894291455,0.43766224289503786,0.4544963422683052,0.5320213858069675,0.5717113362807376,0.6101207481922974,0.655932924736145,1.6605390671738465,0.13181671940928272,0.4705516107728963,2.0,5.617716205807263e+18,1.5420448623924582e+18,5.617716205807263,1.5420448623924585,0.19669204403002646,0.07555476609305693,0.5025209820536842,0.24508147935797514,0.8189308429243617,0.0346,0.0,0.13197007083884596,0.24067418594987422,0.0060307919538783806,21.882709907440347,135.72931486598327,37.257256329320285,13,0.001,20,4.626219987869263,0.3940192879061687
S2,3,22,1,SINE,hyb,sample,5000,10,1003,1e-18,1.0,1.6828730443499311,7.07e-06,20000.0,3.16e-11,4,0.1,0.4006577100024634,0.006886153181411264,0.41316156178586044,0.011321650993844246,0.3923847081573148,0.45362830746656646,0.4639361287608247,0.4531548434303153,0.4634924265411143,0.44892033585716246,0.45952248282788116,0.4289590859141338,0.4407451734445053,0.4077688457529355,0.420654955059032,0.4006577100024634,0.41316156178586044,0.4051497252202328,0.41772377164510416,0.44367334634320504,0.46542933793379415,0.5493138148775163,0.5906704347230685,0.6307820594441255,0.6776906425619071,1.6605390671738465,0.15665676011846938,0.5069991587120688,1.6828730443499311,6.040107381577119e+18,1.8376916886113802e+18,6.040107381577119,1.8376916886113805,0.20940325961577946,0.08440523093934844,0.5378494000083057,0.25016995253073443,0.8346848290410487,0.0821,0.0,0.10477062390448921,0.24749088735210026,0.005989195808761642,17.493270757856912,145.93468352334165,44.40036212087217,16,0.0009899253202058419,17,4.207762956619263,0.3940192879061687
S2,3,23,1,SINE,hyb,sample,5000,10,1003,1e-18,1.0,1.8899060091298447,7.07e-06,20000.0,3.16e-11,4,0.1,0.3995734228115051,0.010862829038871709,0.40080973365110556,0.010796786408137674,0.38842673517809395,0.45401155606091487,0.4427605728589702,0.4535748390950897,0.4423844365277933,0.44961383534305954,0.4389886617528802,0.4295302141181758,0.4222876721278025,0.4064607285126057,0.4050630480440832,0.3995734228115051,0.40080973365110556,0.4038853459849651,0.4055350539420484,0.4348781575139043,0.44709204247817275,0.5303428716420868,0.5685279620928513,0.6151351111536543,0.6614917079721276,1.6605390671738465,0.13949552916652622,0.48230682475486886,1.8899060091298447,5.747475621365729e+18,1.6341349844480392e+18,5.74747562136573,1.6341349844480393,0.20087309345572474,0.07841848901692311,0.5143275372038291,0.24695149776677175,0.8241461744924228,0.0484,0.0,0.12256158270826037,0.24319740111683427,0.006020517484287879,20.357316962888486,138.86442456642607,39.48224041798032,14,0.0009946873732262342,19,5.089910984039307,0.3940192879061687
S2,3,24,1,SINE,hyb,sample,5000,10,1003,1e-18,1.0,1.425715934733065,7.07e-06,20000.0,3.16e-11,1,0.01,0.46565488388648557,0.007496023610191228,0.47806203720234863,0.01107116599261393,0.45882332963940725,0.4751937454375364,0.4905251778126668,0.4751043246509859,0.49041917419882725,0.47428136739497984,0.48943990468090776,0.46990347122964093,0.4840677285764934,0.46565488388648557,0.47806203720234863,0.46729468338579555,0.4812439195503152,0.49239505833480973,0.5183075710550444,0.5544384447821582,0.5961190996336124,0.6052468139821705,0.6518306303504564,0.658768614333616,0.7042495612560742,1.6605390671738465,0.1849130197649963,0.543612243615428,1.425715934733065,6.51719524288295e+18,2.16093388264147e+18,6.517195242882951,2.16093388264147,0.22189707864595554,0.09330634255046466,0.5693189476596088,0.25343637993193235,0.8490067746890463,0.1494,0.0,0.08264479615823922,0.2518072911535705,0.005922786445141173,13.953701846879493,157.46157562212335,52.21019799085213,18,0.0009504772898220433,15,3.9007833003997803,0.3940192879061687
S2,3,25,1,SINE,hyb,sample,5000,10,1003,1e-18,1.0,1.6969014443748103,7.07e-06,20000.0,3.16e-11,3,0.1,0.40482723775572726,0.005319087094411284,0.4156221412004165,0.01026184909091984,0.39923645972985183,0.4437215245831828,0.4465171615086855,0.4434275720760512,0.4462792672065584,0.44074465191352363,0.4441162305429631,0.4267596218574602,0.4331249109537597,0.4101048344548717,0.42056141527598234,0.40482723775572726,0.4156221412004165,0.4106763408501348,0.42229913740788466,0.45594946191574304,0.4803061790181872,0.5584775034707951,0.6011199253046717,0.6315552178583841,0.6783981166326598,1.6605390671738465,0.15536166799345025,0.5052062151650525,1.6969014443748103,6.020337264470321e+18,1.823676902777865e+18,6.020337264470322,1.8236769027778652,0.208702849782562,0.0839431774107795,0.5363457556774767,0.2499549138472999,0.8340107451153059,0.07975,0.0,0.10592621742416546,0.24721250196196481,0.005992027684764234,17.677858480777914,145.45701887254424,44.06175169459073,16,0.0009981773202204767,17,4.191632032394409,0.3940192879061687
S2,3,26,1,SINE,hyb,sample,5000,10,1003,1e-18,1.0,2.0,7.07e-06,200.0,3.16e-11,1,0.01,0.5065236227535318,0.00913430131218804,0.5163766553697634,0.013990666264479427,0.509612004585137,0.5189701365791141,0.5270021421377871,0.5174678217352263,0.5255162732222189,0.5115095038784686,0.5196276957832207,0.5071373866388985,0.5159488181007041,0.5065236227535318,0.5163766553697634,0.507611547198611,0.5182737765170524,0.5243010039141197,0.5370050677655092,0.7436908455162913,0.7610379701320064,0.9521629550952586,0.9636529410877841,1.0394684942286667,0.9956773858908189,1.6605390671738465,0.13181671940928272,0.4705516107728963,2.0,5.620289669709124e+16,2.3015594961081492e+16,0.05620289669709125,0.023015594961081496,0.4887511025860964,0.47339389199137477,0.02246426036903385,0.005722437508014487,0.03374432372419144,0.0,0.0,0.007365553639688978,0.005165121283084229,0.0020776317591526977,3.5451680054663814,1.3579149217780098,0.5560784526764229,13,0.001,20,2.262192964553833,0.3940192879061687
S2,3,27,1,SINE,hyb,sample,5000,10,1003,1e-18,1.0,1.9965781802843579,7.07e-06,15559.768306842152,3.16e-11,3,0.1,0.41559853774502875,0.011166515211404087,0.4126240691766432,0.01206805847949257,0.406065357229629,0.46129926779101205,0.44726697963021467,0.46097994263148906,0.44698893053875377,0.45806157625093624,0.4444606925970144,0.44262110273809263,0.431567084833234,0.42283055689477295,0.4170307459483997,0.41559853774502875,0.4126240691766432,0.41983344163702707,0.4214446540811022,0.45518821462560466,0.4766347611327502,0.5279870339127465,0.5685723663465808,0.5873233840764066,0.6323602797440531,1.6605390671738465,0.13204263245079542,0.4709042221371166,1.9965781802843579,4.373034333498793e+18,1.203291299356842e+18,4.373034333498794,1.203291299356842,0.22732215263128183,0.09321677286164391,0.4565416363588824,0.2327663928908384,0.7718492186614334,0.0,0.0,0.12625584738980059,0.2283908907247623,0.0060752670902997465,20.781941849337077,105.65662846365167,29.072651173989602,13,0.000998289090142179,20,4.666702032089233,0.3940192879061687
S2,3,28,1,SINE,hyb,sample,5000,10,1003,1e-18,1.0,1.1740812315963889,7.07e-06,200.0,3.16e-11,4,0.01,0.4731146691301292,0.018686397903853225,0.48772035540971614,0.020067024872226252,0.47514602468867795,0.5209381438311043,0.5442179037826073,0.5136024551009434,0.5366544214102886,0.4897584833405778,0.5114452284176035,0.475691158881291,0.4939545342806052,0.4731146691301292,0.48772035540971614,0.473456176339423,0.48667987977151395,0.4755907987223774,0.48880373969823426,0.5067371402145623,0.521899547714039,0.7495446394808786,0.7688820172246194,0.9379013391873569,0.9167913160661947,1.6605390671738465,0.22454446227720135,0.5882122961304875,1.1740812315963889,7.250187032014874e+16,3.918562058547486e+16,0.07250187032014875,0.03918562058547487,0.819612787638401,0.794152296543367,0.03763088386007838,0.008614156006261347,0.05190643086038781,0.0,0.0,0.0044923045459317155,0.008478425900718045,0.002671800772636537,1.6813770667109669,1.7517134765340219,0.9467615023284338,22,0.000978401026330324,12,1.6178951263427734,0.3940192879061687
S2,3,29,1,SINE,hyb,sample,5000,10,1003,1e-18,1.0,0.5092460782672557,7.07e-06,19760.37935976856,3.16e-11,5,0.1,0.6107599644228291,0.020458187844412376,0.6655185300696862,0.02417599599947205,0.6089543468908645,0.7169660339161217,0.7576438106420573,0.7149288876401386,0.7557128006605687,0.6987825437424385,0.7404985510310762,0.6499549100616002,0.696559244303945,0.6176121422303782,0.6716219061380903,0.6107599644228291,0.6655185300696862,0.6366613782241846,0.6886730484434549,0.6881748775994805,0.7369414507816318,0.7253517458665181,0.7682494696059362,0.7972005633533772,0.8392655312454937,1.6605390671738465,0.5176936064301096,0.7873187957817814,0.5092460782672557,1.2847872845874794e+19,5.992670451396545e+18,12.847872845874797,5.992670451396545,0.2808207826699325,0.14180424755265278,0.7553762783922682,0.20581051695298413,0.9257563901925078,0.614,0.3188,0.014262167362029746,0.20574381471941974,0.005209647271665308,2.7376454908185606,310.4167093832873,144.78856260927714,52,0.0008487434637787594,6,1.8117220401763916,0.3940192879061687
S2,3,30,1,SINE,hyb,sample,5000,10,1003,1e-18,1.0,0.6246822721800545,7.07e-06,471.56148184851605,3.16e-11,1,0.1,0.4755042431411306,0.0033927994641789233,0.488109574749411,0.007942049916234031,0.4758889117717632,0.48708563740125044,0.4967460922696841,0.4863046461451107,0.49606388145147795,0.4820962553950065,0.4924838639112357,0.47722763952103014,0.48891036846595304,0.47578067717889694,0.4881256495540093,0.4755042431411306,0.488109574749411,0.47693790362935495,0.4900506169837368,0.4797676518077174,0.49326724593707283,0.5265228184944313,0.5429940584323918,0.7319093257847135,0.7329520262643543,1.6605390671738465,0.4220280461914203,0.7394974197314902,0.6246822721800545,2.621164449572756e+17,1.4049046575809838e+17,0.2621164449572756,0.1404904657580984,1.403618745607361,1.2683566586272683,0.12052582929213622,0.04842364395632618,0.1886130001414483,0.0,0.0,0.003574226248139189,0.04840412016880658,0.0044728512715002154,0.799093471073626,6.33298019796389,3.3943819808550506,42,0.0008924032459715063,7,1.2447240352630615,0.3940192879061687
S2,3,31,1,SINE,hyb,sample,5000,10,1003,1e-18,1.0,1.9909694732459202,7.07e-06,8986.436096779784,3.16e-11,5,0.1,0.4388171646951866,0.011906250332486124,0.43927900848449275,0.011965521556116118,0.424464415135773,0.5223864275217198,0.5021348072162571,0.5213591111660734,0.5012212497363373,0.5125880634614386,0.49350230482968255,0.47827858196563094,0.4651193873016215,0.4488616263683897,0.4446412286339078,0.4388171646951866,0.43927900848449275,0.43938019375979814,0.4480264794457135,0.46472370510998573,0.4924758617657615,0.4974961323962469,0.5351283790450927,0.5412478496472739,0.582877081851997,1.6605390671738465,0.13241460623138446,0.4714838926275733,1.9909694732459202,2.528020412527139e+18,7.000086245501097e+17,2.5280204125271393,0.7000086245501098,0.2954501903539409,0.14236535308674536,0.35475057489891126,0.1962259008437871,0.6444104080337465,0.0,0.0,0.10599473648504706,0.19236039441704617,0.0059648622302724595,17.769854925920978,61.079354312135784,16.912867708099643,13,0.0009954847366229602,20,4.573399066925049,0.3940192879061687
S2,3,32,1,SINE,hyb,sample,5000,10,1003,1e-18,1.0,1.4656189759810236,7.07e-06,19929.42954552796,3.16e-11,3,0.1,0.42026934115601255,0.00851316775621088,0.425988325206073,0.012422286307590617,0.4130408367252323,0.4593674878629658,0.46385438991512784,0.4590252422492823,0.46354170134632805,0.4559252971138498,0.4607061145963306,0.4404881461929303,0.44645125137084474,0.42422734002575757,0.4304866219234107,0.42026934115601255,0.425988325206073,0.4274156275382618,0.4364595478946029,0.482204864855203,0.5107331407143574,0.5830358595169282,0.6274553204541535,0.6503887387024596,0.6973978980835555,1.6605390671738465,0.17987856539732663,0.5374162550296058,1.4656189759810236,6.41443366392689e+18,2.0993221632609477e+18,6.414433663926891,2.099322163260948,0.2201467096124042,0.09202396395968673,0.5638867103486792,0.2528445806665931,0.8462838741213298,0.13525,0.0,0.08593939891974878,0.251075363456789,0.00593774449131387,14.473408050054475,154.97875908328962,50.72160081846581,18,0.0009770793173206824,15,3.9281179904937744,0.3940192879061687
S2,3,33,1,SINE,hyb,sample,5000,10,1003,1e-18,1.0,1.614163545959718,7.07e-06,232.52231317188847,3.16e-11,5,0.1,0.46694313682776445,0.004243796455761789,0.475542087015372,0.01422704235337253,0.46226439563140004,0.5282884907244071,0.5317597691575545,0.5201948059656554,0.5235923304140186,0.49287536061454357,0.4969604473440346,0.47339970375891366,0.4801141152628314,0.46777293926187546,0.47609009415623127,0.46694313682776445,0.475542087015372,0.46825533120124935,0.4764860261827607,0.48806798040593885,0.4975895086199952,0.71121516759342,0.7270403665751788,0.9298127639568593,0.9059349059511981,1.6605390671738465,0.16332511007230027,0.5160616907234561,1.614163545959718,7.145772285333257e+16,3.159167132911924e+16,0.07145772285333257,0.03159167132911925,0.6005437310298856,0.5781991188131533,0.03054715008061621,0.008639364101932178,0.04603627244979763,0.0,0.0,0.006811437161767894,0.008325282154431065,0.0024069940169783215,2.829852136615943,1.726485890251983,0.7632845355449048,16,0.0009495079682115987,17,2.290437936782837,0.3940192879061687
S2,3,34,1,SINE,hyb,sample,5000,10,1003,1e-18,1.0,1.8666382633915386,7.07e-06,19962.393967812906,3.16e-11,5,0.1,0.39738900091249,0.01123568372331538,0.4006233078322901,0.01139926293442429,0.38438059355824505,0.47419606790024416,0.4721318008273564,0.47345475066112525,0.47143506036022975,0.4668569354856388,0.4652372570453046,0.43631841028817836,0.4367033182171096,0.40588915085172583,0.40878039666004923,0.39738900091249,0.4006233078322901,0.4011231712470953,0.40392393781415825,0.4307047156862014,0.4412607893820037,0.5227116374638253,0.5593559550122786,0.6145015295350424,0.660808959149661,1.6605390671738465,0.14123434839461807,0.48490494364102904,1.8666382633915386,5.762114067402229e+18,1.6497929498260733e+18,5.762114067402229,1.6497929498260735,0.2021752066793054,0.07922410535352871,0.5162792732016502,0.24726033240247913,0.8248489110092191,0.0503,0.0,0.12066821230058968,0.24362891321572533,0.006018232676282519,20.05043985356957,139.21810321063788,39.86055160977013,14,0.0009824411912587045,19,4.743567943572998,0.3940192879061687
S2,3,35,1,SINE,hyb,sample,5000,10,1003,1e-18,1.0,1.6975226699841621,7.07e-06,16278.088074992917,3.16e-11,5,0.1,0.4141445890691874,0.008397464944996663,0.413218983756798,0.013431627282043697,0.39846020051851977,0.4885640504534911,0.4752508575084094,0.48782186425398366,0.4745561820238267,0.4812796648757292,0.4684598434280399,0.4520495902829994,0.4421079676520919,0.4224875668208775,0.41900310203257735,0.4141445890691874,0.413218983756798,0.4180945229722871,0.4191798698232743,0.45199730307008734,0.46982071975031997,0.5386047949377609,0.5790152352792373,0.6096892861480525,0.655959325592898,1.6605390671738465,0.155304811817933,0.5051272518113921,1.6975226699841621,4.899282375100233e+18,1.4854855007360942e+18,4.899282375100233,1.4854855007360943,0.23701355431462426,0.09985854469577178,0.49885475803575113,0.2417007259587766,0.7988512390572853,0.0,0.0,0.10315251229210019,0.23894891891668396,0.006066351367230191,17.004045108451763,118.37127682240849,35.89072887837147,16,0.0009985427470495072,17,4.13737416267395,0.3940192879061687
S2,3,36,1,SINE,hyb,sample,5000,10,1003,1e-18,1.0,1.9926202137741145,7.07e-06,19778.579900284112,3.16e-11,4,0.1,0.3980622464433966,0.01082701305262079,0.4054332764133319,0.012965662965098256,0.3847693859053029,0.45127890465604753,0.4543300517998568,0.4508387238856841,0.4539249715113667,0.44685118955800335,0.4502661946567546,0.4268070593396834,0.4322800578940854,0.40441025614822834,0.4129829300885911,0.3980622464433966,0.4054332764133319,0.4007658622256485,0.40596196613681723,0.4294083137116923,0.4425575100138337,0.5215938685299109,0.5590624381753979,0.6071098040664485,0.6531561740775319,1.6605390671738465,0.13230491038692796,0.47131306495280395,1.9926202137741145,5.562428097872681e+18,1.5302554527378642e+18,5.562428097872682,1.5302554527378645,0.19834036080490922,0.0764734899857113,0.5011847846213845,0.24472379923375764,0.817318946353431,0.0318,0.0,0.1312061555047186,0.24035646925803167,0.006033339934185375,21.74685281054599,134.39350210234812,36.9724130876061,13,0.0009963101068870572,20,4.608857154846191,0.3940192879061687
S2,3,37,1,SINE,hyb,sample,5000,10,1003,1e-18,1.0,1.9991081680449971,7.07e-06,14096.011621801461,3.16e-11,1,0.1,0.44846508300728355,0.007127960483254299,0.45576920440152857,0.01093785979054118,0.44511383928077,0.4620371591931008,0.4599113783285659,0.4619530522450413,0.4598475272570881,0.46116984326672916,0.45925767475580087,0.45659881575802075,0.45602375156049113,0.4499594727235423,0.4526408601971122,0.44846508300728355,0.45576920440152857,0.4611662523693833,0.48018892863768947,0.5000032321558914,0.5361628381008029,0.5347564056288914,0.5773789389756459,0.5835369574232362,0.6257094596760147,1.6605390671738465,0.13187552481283815,0.47064343645987056,1.9991081680449971,3.959970429940696e+18,1.0895460489812054e+18,3.9599704299406966,1.0895460489812054,0.23939317235795102,0.10085202412378375,0.43785486642968763,0.22701074222684348,0.7510465255653045,0.0,0.0,0.1235650076377126,0.22266449386925355,0.006076682990831708,20.334285633155993,95.67661548829835,26.3244587881255,13,0.0009995540840224985,20,4.378457069396973,0.3940192879061687
S2,3,38,1,SINE,hyb,sample,5000,10,1003,1e-18,1.0,1.2912862936225449,7.07e-06,19970.867260737825,3.16e-11,5,0.1,0.41577064678487174,0.009199749904886062,0.4216006601713852,0.021925840489327972,0.4065162134439374,0.4849486935001104,0.49957480151036615,0.484110479963488,0.49863116972503346,0.47685414874666704,0.49043450073567685,0.4472827115937834,0.456571573902428,0.4224552779200866,0.42829002474963557,0.41577064678487174,0.4216006601713852,0.4218457282518765,0.4297988049272015,0.47524938426520896,0.5000993382076374,0.5891251897875961,0.632771545587628,0.6654264453250461,0.7128514280626629,1.6605390671738465,0.2041634300004643,0.5661482902511055,1.2912862936225449,6.85458622021324e+18,2.3836460955059814e+18,6.854586220213241,2.383646095505982,0.2288719269175593,0.0985948311182337,0.5879902375862344,0.25430653437836503,0.857531365225689,0.20685,0.0,0.07089595550245258,0.253116054369019,0.005875149509406877,12.067089593028902,165.61325942339224,57.59113482656103,20,0.0009932971489404192,13,3.3638229370117188,0.3940192879061687
S2,3,39,1,SINE,hyb,sample,5000,10,1003,1e-18,1.0,1.9962905875496177,7.07e-06,19701.11877108826,3.16e-11,5,0.1,0.3963105210669766,0.01231060087110507,0.4045697750531293,0.012786963219880139,0.37998617427172243,0.46581130834753487,0.47440410779737857,0.46514953116185087,0.47376289364078017,0.4592614379648713,0.46804589433546917,0.43205495914157377,0.44145758594846296,0.4044356964892398,0.4146158736595484,0.3963105210669766,0.4045697750531293,0.39812616361770814,0.40358811048726684,0.42509973475622226,0.43615720232630534,0.5119458632532203,0.547460349519939,0.6044917026475226,0.6503399082263231,1.6605390671738465,0.13206165498288852,0.4709338938088132,1.9962905875496177,5.537210597707523e+18,1.5217130085220183e+18,5.537210597707523,1.5217130085220185,0.19864634658396127,0.07662734262405665,0.5001244109656078,0.24448958040993873,0.8164880413727267,0.03025,0.0,0.13143120578413534,0.24010036495672846,0.006034736064613844,21.77911417780381,133.78422354596404,36.76601958921274,13,0.000998145293774809,20,4.783738136291504,0.3940192879061687
S2,3,40,1,SINE,hyb,sample,5000,10,1003,1e-18,1.0,1.616061070574334,7.07e-06,5985.781842481013,3.16e-11,1,0.1,0.47604664422821497,0.0020024409161845387,0.5063633373881627,0.002284199936279798,0.4765506301944888,0.4857201967942498,0.514918880682605,0.4855972404841575,0.5147916954163969,0.48451299999140696,0.5136652575342313,0.47983856517969975,0.5086835138313172,0.4761721822902546,0.5047451042424466,0.47604664422821497,0.5063633373881627,0.4805345121603155,0.5145349958791053,0.4849312745886226,0.520616177809248,0.4894396670015829,0.5251043361816107,0.5370532838866182,0.5718240291267607,1.6605390671738465,0.16313333921525158,0.5158049350537377,1.616061070574334,1.8374678086812436e+18,5.775620924962816e+17,1.837467808681244,0.5775620924962817,0.3922435125523367,0.21807771511520588,0.3214591983377364,0.17825615297447603,0.5742140363939778,0.0,0.0,0.06904941780267965,0.176433337340818,0.005896225949467989,11.710782184137619,44.39495297088729,13.954444161142714,16,0.0009506241591613728,17,3.4381887912750244,0.3940192879061687
S2,3,41,1,SINE,hyb,sample,5000,10,1003,1e-18,1.0,1.8596434886211366,7.07e-06,19656.22151079545,3.16e-11,3,0.1,0.4013695817418618,0.007965002814748708,0.41228326775395663,0.009523876289109015,0.3953078006149983,0.4359872342597647,0.44904556715198557,0.43572301493189053,0.4487754201096349,0.43332031491462103,0.44631683847482284,0.421028543064379,0.4336965117593229,0.4065116390458421,0.41851788014021957,0.4013695817418618,0.41228326775395663,0.4060840027638096,0.41687707639691707,0.4438817476157527,0.46685295182469033,0.5426534870311098,0.5840384740819616,0.6177570904264109,0.6638281796110374,1.6605390671738465,0.1417655805705215,0.48569416381064406,1.8596434886211366,5.681400266740572e+18,1.6302401709967432e+18,5.681400266740573,1.6302401709967433,0.20444424968160532,0.08048275163496144,0.5141728560419241,0.2467557618670157,0.822567920247449,0.0456,0.0,0.11989811575943662,0.2431580259701693,0.006022734404892572,19.907588098528358,137.26798176222593,39.38813805646752,14,0.0009787597308532298,19,4.736939191818237,0.3940192879061687
S2,3,42,1,SINE,hyb,sample,5000,10,1003,1e-18,1.0,0.8501793106285045,7.07e-06,326.52465197051237,3.16e-11,5,0.1,0.46694051111218204,0.005794364326540433,0.4770312791105876,0.010566425565749714,0.46580572222311334,0.5383132567140901,0.5472308406321865,0.5305395549434191,0.5388940744069007,0.5011326047628597,0.5068145594500044,0.47749855867213,0.4828630215929528,0.4691784148848913,0.47772318278056625,0.46694051111218204,0.4770312791105876,0.46850968007511173,0.4789127194629989,0.4769535385411485,0.48896038762223465,0.5321680056878979,0.5501669266258883,0.7212096010275694,0.7331753343163533,1.6605390671738465,0.3100915718869605,0.6652084494378128,0.8501793106285045,1.4522467075096934e+17,7.706051792721102e+16,0.14522467075096937,0.07706051792721104,1.092067196040044,1.027066993768927,0.07089596555130143,0.024601716928478776,0.10750703102348226,0.0,0.0,0.004206084362186278,0.024554810378229056,0.003562208600774504,1.1807518406619368,3.508764832636214,1.861854696516334,31,0.0009446436784761161,9,1.600355625152588,0.3940192879061687
S2,3,43,1,SINE,hyb,sample,5000,10,1003,1e-18,1.0,0.9138617825086404,7.07e-06,244.6483681926819,3.16e-11,2,0.1,0.4737186551827426,0.009743816133546239,0.48488403246652584,0.009810326264451039,0.4751452044257304,0.5036240677845119,0.5111279792806003,0.5008330891027903,0.5084273917720187,0.48906063779183134,0.4974660990973831,0.47839205958722053,0.48849496278824445,0.474528802856056,0.4853897805356361,0.4737186551827426,0.48488403246652584,0.47489654424175615,0.48622347182396686,0.489289069185329,0.5020543417805635,0.681839307734334,0.7001164491393725,0.9071348802625886,0.8880902710120481,1.6605390671738465,0.2884828360967955,0.6477815565352962,0.9138617825086404,1.0373672429591808e+17,5.7954031196468696e+16,0.1037367242959181,0.057954031196468705,1.0343146752513868,0.9914115894856229,0.05453488254144287,0.015203556512651671,0.07784298443719562,0.0,0.0,0.0038003792644699485,0.015145298134783644,0.0031749958145123078,1.1969714250012964,2.506376968735297,1.4002239806786694,29,0.0009138617825086403,10,1.4289629459381104,0.3940192879061687
S2,3,44,1,SINE,hyb,sample,5000,10,1003,1e-18,1.0,1.8302734823749858,7.07e-06,11987.80070745623,3.16e-11,4,0.1,0.4306227063600206,0.010935562231729049,0.42995241715804056,0.011277074671241574,0.41981058651041014,0.4939485761805832,0.480859308085522,0.493279192262818,0.48028028655076244,0.4873655435415477,0.47518391553262,0.461027426254147,0.4529550312267731,0.43668821110416756,0.4338062157634998,0.4306227063600206,0.42995241715804056,0.4345410959914503,0.4391771421610568,0.4687135739957822,0.49453797818416956,0.5218010039991371,0.5629190221874548,0.5718551740796188,0.6169575950711476,1.6605390671738465,0.14404046245398877,0.48905015245059547,1.8302734823749858,3.48499439859413e+18,1.0121775738193348e+18,3.4849943985941305,1.0121775738193348,0.2715299302596943,0.12182098520804155,0.4253357070307833,0.22153160632347962,0.7263776348274706,0.0,0.0,0.10631268460629212,0.21821375946750185,0.0060866998139234565,17.466391945779808,84.20074719046768,24.455163554754503,14,0.0009633018328289399,19,4.3213887214660645,0.3940192879061687
S2,3,45,1,SINE,hyb,sample,5000,10,1003,1e-18,1.0,1.308713514314369,7.07e-06,12205.61072063127,3.16e-11,2,0.1,0.4729556967593349,0.006013437145462579,0.4899994781015792,0.009579922282071175,0.4686123984864041,0.502222290894789,0.5085149612129302,0.501935761932124,0.5082665567956476,0.4993603483459987,0.5060520441425309,0.48704534818073314,0.49605709001708187,0.47496322009369313,0.4880137892262063,0.4729556967593349,0.4899994781015792,0.48762097828433043,0.5164530289342024,0.5375740062041311,0.5807731720842837,0.5657543289232339,0.6115445348200058,0.6125322246105483,0.6585744136275374,1.6605390671738465,0.2014447286858516,0.5630709002560292,1.308713514314369,4.162174297500071e+18,1.4435100805674204e+18,4.162174297500071,1.4435100805674206,0.31270964594068695,0.148020800560101,0.49723921693584844,0.2374329724022777,0.7755744794777493,0.0,0.0,0.0672879488313895,0.2362259551346361,0.006113926916814005,11.00568419395722,100.56205138459995,34.876563190397356,20,0.0009347953673674066,14,3.092682123184204,0.3940192879061687
S2,3,46,1,SINE,hyb,sample,5000,10,1003,1e-18,1.0,1.6704678154423465,7.07e-06,19929.23726718941,3.16e-11,5,0.1,0.3984159390767487,0.007900784189752381,0.4122647422336084,0.012871990304232018,0.3876568921714976,0.4669207541272053,0.4813686663494936,0.4662049786651816,0.48069143731269304,0.4599258313801208,0.47473117127679965,0.43278343271597075,0.4484344155497609,0.4068290000280162,0.4221863156101537,0.3984159390767487,0.4122647422336084,0.40225798646308275,0.4155635443102514,0.4377703180171931,0.4580040120885257,0.5412201533277132,0.5814092078858001,0.6297426424576378,0.6766016432206298,1.6605390671738465,0.15782012462703704,0.5086004726616773,1.6704678154423465,6.036455875410791e+18,1.8437546499912532e+18,6.036455875410792,1.8437546499912534,0.21050856137221463,0.08507616772772783,0.5385536264235873,0.2502382027406877,0.8347340694892352,0.083,0.0,0.10371235731005776,0.24761394900217898,0.005988242926004335,17.319330326376722,145.8464596950051,44.54684897852054,16,0.000982628126730792,17,4.1276819705963135,0.3940192879061687
S2,3,47,1,SINE,hyb,sample,5000,10,1003,1e-18,1.0,1.291387746969531,7.07e-06,7682.7830421846875,3.16e-11,5,0.1,0.46681909290221607,0.0076543473144971,0.48348746491126837,0.02558177172222607,0.45652024159983007,0.5477191078875614,0.5405371399704842,0.5464432599677407,0.539434815401137,0.5359499401562292,0.5304663396521543,0.5001083467036664,0.5017505655356351,0.4736162473478025,0.4847797719614414,0.46681909290221607,0.48348746491126837,0.47381180726745875,0.5003745464030314,0.5043812739750483,0.5431432428268326,0.5236320566956798,0.5650724516902276,0.5698806188515051,0.6137947258265285,1.6605390671738465,0.20414739061697604,0.5661302317140191,1.291387746969531,2.636912016765653e+18,9.242280916382477e+17,2.6369120167656535,0.9242280916382478,0.40242670062595004,0.21291710071622685,0.4121219850918479,0.21132206576101709,0.6779947140331268,0.0,0.0,0.05716478161991784,0.2103008720999224,0.006138440110962232,9.312590916677847,63.71027803567185,22.330221225535936,20,0.0009933751899765624,13,2.9559407234191895,0.3940192879061687
S2,3,48,1,SINE,hyb,sample,5000,10,1003,1e-18,1.0,0.9427472212718717,7.07e-06,19963.97392054613,3.16e-11,5,0.1,0.45743436037937346,0.008680120261611312,0.47594701311644094,0.018840298499066408,0.4453226048826779,0.5264574413139715,0.552880844953884,0.5254877805913892,0.5518912437356787,0.51729435422047,0.5434580103697082,0.4871601991727303,0.5106581858773838,0.4642316619549443,0.4822057835708556,0.45743436037937346,0.47594701311644094,0.46910600761576554,0.4937954972482423,0.5553163786846007,0.595292342415785,0.6460229909171681,0.6924986570818727,0.7095558876095109,0.7564170991393456,1.6605390671738465,0.27964382484510997,0.6402974514682938,0.9427472212718717,8.272487170990633e+18,3.2694428186553216e+18,8.272487170990633,3.269442818655322,0.24844687450889508,0.11439538331289363,0.6461612230841655,0.25090604063353855,0.8839047708399816,0.419,0.0,0.042102864457276096,0.2504822297902365,0.0056870320169280925,7.403310607704013,199.87108191679224,78.99281799085257,28,0.0009427472212718717,10,2.6492321491241455,0.3940192879061687
S2,3,49,1,SINE,hyb,sample,5000,10,1003,1e-18,1.0,1.9951880338517625,7.07e-06,17842.741735334064,3.16e-11,5,0.1,0.4006533848983736,0.012927143323170114,0.4077628339357287,0.013001280373454814,0.3844059028390835,0.47237079901264456,0.47662105715417546,0.47165437216212897,0.47595128741577264,0.4653105015646652,0.4700280271205733,0.4366564221676466,0.44353837936480883,0.4085267612315068,0.4176381862608055,0.4006533848983736,0.4077628339357287,0.4028768520940863,0.4076027992360067,0.4308997409153649,0.4437442333642615,0.514242534729769,0.5510556109072109,0.5966980374170863,0.6424974462484137,1.6605390671738465,0.13213463310002627,0.47104769865400886,1.9951880338517625,5.015822691876805e+18,1.3795983007511025e+18,5.015822691876806,1.3795983007511026,0.2106262610528642,0.0833146052611781,0.4820551680442152,0.23992350563225096,0.7986357054211437,0.0,0.0,0.12946330199653958,0.23553175381265593,0.006057838757702884,21.371203027138957,121.18700064519561,33.3323943914525,13,0.0009975940169258811,20,4.7073822021484375,0.3940192879061687
S2,3,50,1,SINE,hyb,sample,5000,10,1003,1e-18,1.0,1.567215969053862,7.07e-06,241.80580068522622,3.16e-11,1,0.01,0.47547361475741223,0.007538773522564715,0.4878865845649513,0.008023983061463054,0.4764936585943067,0.4874962388971629,0.4978577084785372,0.4863540473728164,0.496874975409806,0.48132781868634866,0.4926347669195679,0.4766872310077769,0.4889024860900319,0.47547361475741223,0.4878865845649513,0.4759363625094547,0.48793755819165224,0.4792450473919203,0.490744596601676,0.578609953507887,0.5909206090161793,0.8761651977667521,0.888098572124058,1.0164627407843043,0.9759887209476936,1.6605390671738465,0.1682176828364776,0.5225372830788448,1.567215969053862,7.544996991321315e+16,3.3528892997535604e+16,0.07544996991321316,0.03352889299753561,0.6173742756809999,0.5933090051239024,0.03234887091313014,0.009447336274508613,0.04903359043222421,0.0,0.0,0.006814366029457661,0.009159133304912236,0.002472621929074563,2.7559271999209756,1.8229423395210258,0.8100896357252736,17,0.0009795099806586638,16,1.7659940719604492,0.3940192879061687
S2,3,51,1,SINE,hyb,sample,5000,10,1003,1e-18,1.0,1.744877551878514,7.07e-06,6434.724179938459,3.16e-11,5,0.1,0.44853552497781546,0.005172913955037491,0.46692878611054905,0.009153625729918504,0.4438637375097674,0.5296613648099953,0.5259705328736621,0.5283063578517111,0.5248852596704603,0.5172019237228042,0.5160529762600168,0.47999459696572133,0.48729200427385855,0.4544519725557132,0.4695104893147256,0.44853552497781546,0.46692878611054905,0.4534226330278832,0.4774830940947118,0.4740004780754966,0.5072802364906047,0.4888319002474428,0.5250288283796691,0.5295967271953728,0.5694620201873469,1.6605390671738465,0.15108993667477746,0.49921375005816304,1.744877551878514,1.9104464650303199e+18,5.749394498172314e+17,1.9104464650303201,0.5749394498172316,0.3638908898909575,0.19691347180041568,0.3199924761670545,0.1788103583105474,0.57940418538012,0.0,0.0,0.078330536422633,0.1764642739584659,0.005878539086537329,13.32483041611832,46.15818604696553,13.891078643746553,15,0.0009693764177102856,18,3.769943952560425,0.3940192879061687
S2,3,52,1,SINE,hyb,sample,5000,10,1003,1e-18,1.0,0.5086511291170835,7.07e-06,295.88154900891857,3.16e-11,2,0.1,0.4965344330444535,0.005096644559335528,0.5121719490838109,0.006960104031411019,0.49418779624976417,0.5213475159553541,0.5331084168493186,0.5190457413518622,0.5311050781958269,0.5088452235034986,0.5224131586058618,0.4994624624686944,0.5147987667139821,0.496656656088396,0.5125455768781528,0.4965344330444535,0.5121719490838109,0.49940008823903986,0.5147248579725587,0.5061784677721322,0.521711303068014,0.5803488237473085,0.6009557182686491,0.7734272028967559,0.7828614916685239,1.6605390671738465,0.5182991322091043,0.7875860937008655,0.5086511291170835,1.9389034707829654e+17,1.1958200117739882e+17,0.19389034707829658,0.11958200117739883,1.7559982515335548,1.6467040221299483,0.10566925435785901,0.031953473873576554,0.15082277598503438,0.0,0.0,0.001922520909867969,0.031945170811390616,0.004282322451168751,0.4489435188009408,4.684573410963754,2.8892137828773055,52,0.0008477518818618059,6,0.935136079788208,0.3940192879061687
S2,3,53,1,SINE,hyb,sample,5000,10,1003,1e-18,1.0,0.9292417524099839,7.07e-06,19811.174158422138,3.16e-11,1,0.01,0.5529305159754251,0.0056770296492718595,0.5757063724583074,0.00921995443251407,0.5441737106591477,0.5660831912925749,0.5860304119529828,0.5659517584107887,0.5859118612322616,0.5647595174600915,0.5848414116455898,0.5588095956261067,0.5796850679797464,0.5529305159754251,0.5757063724583074,0.5555129483121337,0.5833321233801473,0.5904083509891087,0.6313314289267434,0.6368217248042409,0.68473466393152,0.6605675209865612,0.707641728564438,0.7128050696356356,0.7577968276978144,1.6605390671738465,0.2837081288425035,0.6437655512113886,0.9292417524099839,8.280189293960711e+18,3.287940719657804e+18,8.280189293960712,3.2879407196578043,0.2509704053966759,0.11596166701359846,0.6472051632329685,0.25075095848849277,0.8841060146382211,0.42175,0.0,0.04109864376811568,0.2503465277998888,0.005683141010047011,7.2316776401393055,200.05717246238825,79.43974470226783,28,0.0009292417524099838,10,2.543818712234497,0.3940192879061687
S2,3,54,1,SINE,hyb,sample,5000,10,1003,1e-18,1.0,1.6990206462693611,7.07e-06,19816.41194678604,3.16e-11,1,0.01,0.4447500785839541,0.006466186831325577,0.45345055920723043,0.006881394281842908,0.43552155748588295,0.453462633588984,0.46180261648014104,0.4533935631730774,0.4617350018753479,0.4527522115310731,0.46110684915193667,0.4491214664516547,0.457546198562652,0.4447500785839541,0.45345055920723043,0.4453891059139302,0.45611201352104197,0.4644042314235203,0.48421631050301495,0.5204595789994866,0.5572056667173719,0.5812191253570473,0.6264412360278852,0.6370521384114449,0.681957951567965,1.6605390671738465,0.15516788415575808,0.5049369960756602,1.6990206462693611,5.962146698674161e+18,1.8049408091803476e+18,5.962146698674162,1.8049408091803478,0.20983486148829347,0.08453920775460037,0.5344676837244255,0.24959935366970995,0.8324401984547762,0.0754,0.0,0.10600785433594641,0.24684576525703752,0.00599651070445154,17.678256499609173,144.05107999314478,43.60907002572552,16,0.0009994239095702125,17,3.9663848876953125,0.3940192879061687
S2,3,55,1,SINE,hyb,sample,5000,10,1003,1e-18,1.0,1.7835127087084799,7.07e-06,18047.881965034525,3.16e-11,4,0.1,0.40168394851152234,0.007214482199740969,0.41461142229517345,0.01252300345621272,0.39792410725566807,0.457243479398448,0.4552469301009845,0.4567581943086389,0.4548394665941499,0.45239269346824573,0.4512042807719284,0.4311368427726737,0.4344804878968197,0.4081924562214959,0.4191936032008018,0.40168394851152234,0.41461142229517345,0.4072100655576375,0.4192085686822088,0.44348412864273756,0.46602308505124856,0.5386165185683555,0.580212654720721,0.6135033520122648,0.6600955829073681,1.6605390671738465,0.14781696678207246,0.4945384616630879,1.7835127087084799,5.313992662837092e+18,1.5647992281878812e+18,5.313992662837093,1.5647992281878813,0.21861019788139127,0.08880138079670409,0.5075427506307,0.24455605880893544,0.8120959106244522,0.02505,0.0,0.11209194230878211,0.24136776358245635,0.00604314691461685,18.548604542057372,128.39106799025197,37.80702323930233,15,0.0009908403937269332,18,4.179864168167114,0.3940192879061687
S2,3,56,1,SINE,hyb,sample,5000,10,1003,1e-18,1.0,1.1075751739645263,7.07e-06,15940.626755590587,3.16e-11,5,0.1,0.4465864853634658,0.013641445485220316,0.4558926710960221,0.010668891709112619,0.43342346021477585,0.5204547220363402,0.5234552741575398,0.5194552481201724,0.5224773629598429,0.5109491372262208,0.5141593020827535,0.4785615524210258,0.48273719710658114,0.45332695971965487,0.4599182914214527,0.4465864853634658,0.4558926710960221,0.4533647154043991,0.47021203928963573,0.5230858930620924,0.5599067670046931,0.6029560088052999,0.6489531126958957,0.6629951939335896,0.7103898620004919,1.6605390671738465,0.238027580443952,0.6019082364837691,1.1075751739645263,5.978249904167102e+18,2.2260696072620367e+18,5.978249904167103,2.226069607262037,0.27986787722539846,0.1293839093132284,0.5787267276724145,0.2499312699756745,0.8404779009349357,0.16325,0.0,0.05424771208703055,0.24921036589655135,0.0059472661108597455,9.121453635305453,144.44014860548296,53.78393844910272,24,0.0009229793116371052,12,3.0973010063171387,0.3940192879061687
S2,3,57,1,SINE,hyb,sample,5000,10,1003,1e-18,1.0,1.5771113231483551,7.07e-06,17501.385936709,3.16e-11,4,0.1,0.4131804627031811,0.007908159662686801,0.41817913076278546,0.013375175679864931,0.4038972217683524,0.4643870510589359,0.4711508593575687,0.4638851361242663,0.47066387167431545,0.4594175240462629,0.4663138807912361,0.4388989379655147,0.44576738860698306,0.4192617072141818,0.42447957820931437,0.4131804627031811,0.41817913076278546,0.41866325562483064,0.4247810160872444,0.46220540783935604,0.4865745567970075,0.5575077314904793,0.6006081248987676,0.6264784715682176,0.6734053898789694,1.6605390671738465,0.1671622256140292,0.5211523833289543,1.5771113231483551,5.442608001000952e+18,1.7165925577099766e+18,5.442608001000952,1.7165925577099768,0.23340660603107233,0.09841831891150969,0.5266405199145604,0.24701615212777195,0.8190892975182368,0.0468,0.0,0.09422243823227228,0.2447983825945009,0.006027068874321059,15.63321080230501,131.49853570323316,41.47449305487658,17,0.000985694576967722,16,3.911824941635132,0.3940192879061687
S2,3,58,1,SINE,hyb,sample,5000,10,1003,1e-18,1.0,1.4318627122160064,7.07e-06,2659.305842193338,3.16e-11,3,1.0,0.45540429545445366,0.00099578405625616,0.4817960472507224,0.001406617321394812,0.4558417455548172,0.498892153241688,0.5164063972847286,0.49788515023602403,0.5155481081291688,0.4901808451756833,0.5089916285566238,0.4699221608672257,0.4918690032199381,0.4589903263588221,0.48284340899370537,0.4556182099993623,0.4806496503772434,0.45540429545445366,0.4817960472507224,0.4576763824269806,0.48491109499684415,0.46459068727895547,0.49294037468161217,0.5089699770031795,0.540549540099922,1.6605390671738465,0.18411921517989394,0.5426440415283258,1.4318627122160064,8.64939086286314e+17,2.954788623164034e+17,0.8649390862863141,0.2954788623164034,0.5390987057779971,0.3744846055150484,0.21014642579700124,0.12000728730064439,0.38695460502946094,0.0,0.0,0.0370911821021387,0.11920218657735657,0.005282690783560564,7.021266930399252,20.897743011847464,7.139047625461625,18,0.0009545751414773376,15,2.7087299823760986,0.3940192879061687
S2,3,59,1,SINE,hyb,sample,5000,10,1003,1e-18,1.0,0.960379790035211,7.07e-06,6373.480153993993,3.16e-11,1,0.1,0.5220568698157646,0.0018435591011027647,0.5619244303767623,0.002401393128000219,0.523652902776209,0.535953746066277,0.572686044879395,0.5357910875271701,0.572535942680591,0.5343716852168546,0.5712248265284655,0.5284617669355728,0.5657476965974515,0.5232708110807387,0.5612892283890887,0.5220568698157646,0.5619244303767623,0.5258672430054819,0.5685471447852288,0.5303686650299188,0.5737946065444355,0.5360678210335966,0.5785638338910323,0.5871671025143569,0.6289299340072508,1.6605390671738465,0.2745095654385852,0.6358495260403323,0.960379790035211,2.607272332387273e+18,1.0340293569996347e+18,2.6072723323872737,1.0340293569996348,0.5119172579730301,0.2886543169261639,0.43695257768505813,0.21396297953409468,0.6884330556268728,0.0,0.0,0.03391447182707633,0.2136050934949287,0.006214629284099183,5.457199500837526,62.99415534343568,24.983123218611517,27,0.000960379790035211,10,2.224637031555176,0.3940192879061687
S2,3,60,1,SINE,hyb,sample,5000,10,1003,1e-18,1.0,1.8893228006373428,7.07e-06,18587.368727488836,3.16e-11,5,0.1,0.40076460838628714,0.011721708389960167,0.4023930947055595,0.011695022137283597,0.38679588904104517,0.47697898910975267,0.46600167569074824,0.47625749287521657,0.4653675954743998,0.46983615347617314,0.45974610678738,0.4400185718193731,0.43418569002911545,0.40952127026321516,0.4094104607928838,0.40076460838628714,0.4023930947055595,0.40460653886599607,0.4062006437275515,0.4344216042154477,0.44561475488078006,0.5222858782156392,0.5594937914064733,0.6071382905367775,0.6533582522497033,1.6605390671738465,0.13953858955686743,0.48237144190005604,1.8893228006373428,5.342113295317583e+18,1.5197197490519214e+18,5.342113295317583,1.5197197490519216,0.21005914543961418,0.0834564367722575,0.501048062229697,0.2438725458104143,0.8115968938871553,0.02255,0.0,0.12140365593573327,0.24011084255956305,0.006043404285816431,20.08862061746582,129.0704889578383,36.7178605629617,14,0.0009943804213880753,19,4.549633026123047,0.3940192879061687
S2,3,61,1,SINE,hyb,sample,5000,10,1003,1e-18,1.0,1.8529194337896175,7.07e-06,16780.730190842143,3.16e-11,2,0.1,0.41895243580294717,0.006622519692527956,0.42938671236852805,0.007626527902969572,0.4163624848747789,0.44267122431615713,0.44820227112420685,0.4425048711005518,0.44805386205945885,0.44097899608295343,0.44669769325254577,0.43281492827972984,0.4396508835871237,0.42250499342091397,0.4315945361533145,0.41895243580294717,0.42938671236852805,0.4263291118316778,0.44088330386146585,0.47678212815005966,0.508534804428006,0.5476474625873144,0.5908999547029954,0.6048256644092069,0.6501358286083865,1.6605390671738465,0.14228003334142733,0.48645644958544865,1.8529194337896175,4.856615291447771e+18,1.3976129761851402e+18,4.856615291447771,1.3976129761851404,0.22509424074309162,0.0921503027966117,0.4858829432469292,0.23985553537899854,0.7946991926392498,0.0,0.0,0.116704748970845,0.23628780596093715,0.006066102352224548,19.238836108336894,117.34039989318738,33.76764591798341,14,0.0009752207546261145,19,4.308921813964844,0.3940192879061687
S2,3,62,1,SINE,hyb,sample,5000,10,1003,1e-18,1.0,0.506656430590946,7.07e-06,9349.655733017968,3.16e-11,5,0.1,0.6030159700408693,0.01041674660366261,0.6570196288287324,0.011652592774746926,0.6003050130735851,0.7163101405348129,0.7381804398858423,0.7136830732299992,0.7359734865356151,0.6935601590743594,0.7194710361722492,0.6390382777743434,0.6794139342890085,0.6087565688502566,0.6618378186861802,0.6030159700408693,0.6570196288287324,0.6120534977268398,0.6638023491673104,0.6270383602598995,0.6768388995680034,0.6449224653489477,0.6907652377078494,0.71700233354592,0.7625711291314405,1.6605390671738465,0.5203396678713281,0.788483919087358,0.506656430590946,6.103160983849193e+18,2.8647611554864256e+18,6.103160983849194,2.864761155486426,0.5106975582281236,0.27786559951683093,0.6407659537380567,0.2236169600212221,0.8526306029382893,0.3597,0.0,0.013530269790249292,0.22356346882185552,0.005962947122902457,2.26905748304933,147.4581179444991,69.2153278385447,52,0.0008444273843182434,6,1.6693251132965088,0.3940192879061687
S2,3,63,1,SINE,hyb,sample,5000,10,1003,1e-18,1.0,1.3480918546107619,7.07e-06,416.5738264349069,3.16e-11,5,0.1,0.45252408047845866,0.006694880350176889,0.4620503094007482,0.007944871228773022,0.4485899617510996,0.5316944072962145,0.5306375808348159,0.5239146745232589,0.5236887433743467,0.49143998390716837,0.49529238718921276,0.46269844117708486,0.47184893956221635,0.45435219221110057,0.46441067301595595,0.45252408047845866,0.4620503094007482,0.4538993830107244,0.4625128470970868,0.46032627553082356,0.469275210278858,0.5074002536884104,0.5215301613449886,0.7145152642263823,0.7168721112444093,1.6605390671738465,0.19556044190674604,0.5562946935530404,1.3480918546107619,1.4013530420533398e+17,5.89638611209031e+16,0.140135304205334,0.05896386112090311,0.7004858648041609,0.650615074647347,0.05512798746835794,0.02284879082114575,0.09203671096632474,0.0,0.0,0.008672168503813594,0.02263954070165163,0.0031428716390502474,2.7593136149951896,3.3858009432131673,1.4246224228130302,20,0.0009629227532934014,14,1.9156599044799805,0.3940192879061687
S2,3,64,1,SINE,hyb,sample,5000,10,1003,1e-18,1.0,1.3075617682977994,7.07e-06,19917.049906338314,3.16e-11,3,0.1,0.4272856729935003,0.0085622451035819,0.4370289423009332,0.010073566767145404,0.4193735459097324,0.46662828355006897,0.47292791313211335,0.4662775408585108,0.4725935205251369,0.4631149994183857,0.4695799126896271,0.44765024078180493,0.4548949258544919,0.43141783964212116,0.439656388900044,0.4272856729935003,0.4370289423009332,0.4366862205565316,0.4518749126933953,0.5048667941955619,0.5392910156915097,0.601863885483979,0.6478801223229576,0.6654746260198707,0.7128261905881479,1.6605390671738465,0.2016221682297784,0.5632727648984401,1.3075617682977994,6.794649911103684e+18,2.3500049987560253e+18,6.794649911103685,2.3500049987560256,0.22829286118785205,0.09811630219211866,0.5853989540430805,0.254101582131263,0.8561666697750816,0.19755,0.0,0.07223007589110961,0.2528640529393084,0.00588374207279035,12.276213844441124,164.1651417412234,56.778334242492434,20,0.0009339726916412853,14,3.326840877532959,0.3940192879061687
S2,3,65,1,SINE,hyb,sample,5000,10,1003,1e-18,1.0,1.8028515147285429,7.07e-06,10207.668126660541,3.16e-11,1,0.01,0.4707872000901192,0.006682783213266625,0.4837745106727116,0.00927379305053763,0.4630344145555056,0.4825758453306925,0.4930030338571069,0.48246709134327687,0.4929084505731563,0.48147323085541094,0.4920454012427532,0.4763090264477149,0.4876318570914992,0.4707872000901192,0.4837745106727116,0.47095964004016355,0.48777209852695325,0.4829966060352181,0.5107019783896296,0.5052423616810813,0.5442690852545834,0.5187591160744445,0.5603403394762678,0.5644095966034277,0.6052312217502125,1.6605390671738465,0.1462313655144589,0.49224656631040875,1.8028515147285429,2.993440191512969e+18,8.799840846062043e+17,2.9934401915129696,0.8799840846062044,0.2950433756229631,0.13889699703490835,0.39908189139073313,0.21185217714220367,0.6919041720490124,0.0,0.0,0.09883625120878713,0.20881119877046586,0.006067911964190036,16.28834627003032,72.32433455188544,21.261244342158104,15,0.0009488692182781804,19,4.054203987121582,0.3940192879061687
S2,3,66,1,SINE,hyb,sample,5000,10,1003,1e-18,1.0,1.8958824371779337,7.07e-06,285.7272969473446,3.16e-11,3,0.1,0.4543048829941395,0.006281018318586567,0.4681618632879596,0.01016492559045384,0.457169781247943,0.4963429518600321,0.5003397410561098,0.49201995856168124,0.49674549881107677,0.4737812190469234,0.4825105597597035,0.4585605128868453,0.4723232223284023,0.4548951633696027,0.46929327690719924,0.4543048829941395,0.4681618632879596,0.4550595823017686,0.46877330616603174,0.4761109428075786,0.4909664923245387,0.7153462285028058,0.7315438312731553,0.9499419751043592,0.919566603616307,1.6605390671738465,0.13905579462563622,0.48164614064472716,1.8958824371779337,8.204939141461282e+16,3.12686368030805e+16,0.08204939141461283,0.03126863680308051,0.5114660205637585,0.48746283670869434,0.030208024323637384,0.010439172430229642,0.0495791890393832,0.0,0.0,0.008992434057808417,0.0099709772268766,0.002380422655192674,3.7776627768989868,1.982390578997925,0.7554797171291986,14,0.0009978328616725967,19,2.2156119346618652,0.3940192879061687
S2,3,67,1,SINE,hyb,sample,5000,10,1003,1e-18,1.0,1.4882240040593482,7.07e-06,15618.293784441203,3.16e-11,5,0.1,0.41985688614420635,0.010199756506795606,0.41990762442897556,0.010046811213586429,0.40495790281410304,0.4936983095328212,0.4857501667276073,0.4929199040657905,0.48497959786369005,0.48612575284244564,0.47826605588254073,0.457062275264588,0.44992472972671027,0.42949874107066977,0.4252609372390144,0.41985688614420635,0.41990762442897556,0.422509453434876,0.428713470334145,0.467714440649305,0.49313606561655376,0.556172536794961,0.5992125826976036,0.6219896781831735,0.6690871030849694,1.6605390671738465,0.1771463422841365,0.5339975096865883,1.4882240040593482,4.993032955590948e+18,1.6243920018325302e+18,4.993032955590948,1.6243920018325304,0.2560371529530943,0.11212050081506944,0.5174556238603213,0.24416676114768482,0.8056271457755052,0.0139,0.0,0.08529937593787197,0.24231392533791915,0.006056848839388179,14.083127745101251,120.63637915084917,39.24684078106253,18,0.0009921493360395654,15,3.641879081726074,0.3940192879061687
S2,3,68,1,SINE,hyb,sample,5000,10,1003,1e-18,1.0,1.776673576492809,7.07e-06,19967.281101817745,3.16e-11,4,0.1,0.3969426877965808,0.0062701048757713256,0.41131071633079486,0.012093312249515955,0.39341281948221757,0.4504497209669124,0.4543396786260446,0.44999630942634344,0.45394000521725486,0.44590562960288754,0.4503564278093547,0.42574320894072654,0.43341795239977954,0.40353192147385064,0.4167089583811886,0.3969426877965808,0.41131071633079486,0.40222968509919993,0.41536816695411716,0.43696549194967343,0.45851127168708894,0.5395977116248815,0.5808817587324387,0.6232187222041975,0.6700413593876552,1.6605390671738465,0.1483859738258636,0.49535660509202273,1.776673576492809,5.887639137348952e+18,1.736437005367824e+18,5.887639137348953,1.7364370053678242,0.2056870274085488,0.0817187982849954,0.5265835166744223,0.2487123522138309,0.8294830834342573,0.0643,0.0,0.11290050107517315,0.2455686248730975,0.006006043600347791,18.7978157648798,142.25090713276572,41.95395360179939,15,0.0009870408758293383,18,4.210105895996094,0.3940192879061687
S2,3,69,1,SINE,hyb,sample,5000,10,1003,1e-18,1.0,1.5183287936436536,7.07e-06,4810.203420753598,3.16e-11,5,0.1,0.460596992874516,0.005791951455039364,0.4834154096682742,0.010814892870878006,0.4527847537941342,0.5452143822556001,0.564763873818195,0.5435275494791282,0.5631130719116582,0.5303553884845736,0.5502391237013529,0.49212131691731786,0.513175870169035,0.4674945296298665,0.48961848670089203,0.460596992874516,0.4834154096682742,0.4634440058701165,0.4913975061756141,0.47268071174366444,0.5060571866262203,0.4818826480878425,0.5164394109078053,0.5235452774672992,0.5618936734322053,1.6605390671738465,0.17363395854853245,0.5295427791063633,1.5183287936436536,1.5202304861477558e+18,4.959213617029446e+17,1.520230486147756,0.49592136170294465,0.44027640127160894,0.2613327937011884,0.2945523370050454,0.16471207461835477,0.5283656226596765,0.0,0.0,0.05703639122697739,0.16335162878312115,0.005796343490294002,9.840064054603566,36.730200452260945,11.981927207672744,17,0.0009489554960272835,16,3.317512035369873,0.3940192879061687
S2,3,70,1,SINE,hyb,sample,5000,10,1003,1e-18,1.0,1.7731960366733426,7.07e-06,458.42286045382616,3.16e-11,1,1.0,0.44983863880921815,0.003780156223528818,0.4637672822321524,0.007890905263830364,0.4527878392811502,0.4608906338317701,0.47123920886505066,0.4602615592712497,0.47068576297087816,0.456807022218106,0.46766174451563625,0.45247741249726403,0.46419486185727044,0.4507251605965469,0.4631963242804703,0.4499623903800531,0.46329682959707547,0.44983863880921815,0.4637672822321524,0.46180870021495685,0.47577573872648726,0.6650396902391705,0.6786215643722157,0.9388333476877643,0.9060956137607056,1.6605390671738465,0.14867698402550167,0.49577415666096436,1.7731960366733426,1.3530952109469523e+17,4.8408073141103384e+16,0.13530952109469524,0.04840807314110339,0.5379140544703573,0.4967398113767311,0.04573750608660892,0.02036784752403611,0.08134066844877066,0.0,0.0,0.012085578215727477,0.01990851074753779,0.0028661328677843335,4.21668456182572,3.269205477849194,1.1695846427116205,15,0.000985108909262968,18,2.2111480236053467,0.3940192879061687
S2,3,71,1,SINE,hyb,sample,5000,10,1003,1e-18,1.0,1.852338558865799,7.07e-06,623.3870019186332,3.16e-11,5,0.1,0.44318952612355983,0.004223516646948919,0.45840451635996826,0.005132810988421944,0.44215537199681626,0.5204615504040643,0.5303602924102947,0.5144766363701867,0.5245385806984342,0.48576159395648777,0.49758792632057525,0.4544012802280434,0.4716179168202639,0.4449696508416334,0.46194052190140733,0.44318952612355983,0.45840451635996826,0.4435164271262635,0.45846724825498014,0.44784908070778295,0.4637990278496179,0.4747061637006354,0.49340447710116503,0.6537960247339868,0.6596885860332737,1.6605390671738465,0.14232465094285474,0.48652246862585846,1.852338558865799,1.804697062477367e+17,5.990895161570808e+16,0.18046970624773673,0.05990895161570809,0.5093438570385115,0.45732483490965053,0.055702270053610406,0.027804890913758866,0.10425119444895381,0.0,0.0,0.015913071106857496,0.027197270483045433,0.0031148249519459157,5.108817141366537,4.3603180875796195,1.4474566993493971,14,0.0009749150309819994,19,2.7898950576782227,0.3940192879061687
S2,3,72,1,SINE,hyb,sample,5000,10,1003,1e-18,1.0,0.7013551988692591,7.07e-06,201.31976560790054,3.16e-11,5,0.1,0.4982899942522533,0.011048872237437564,0.5119703230513426,0.012649223906058963,0.4939561650095093,0.5738190599481062,0.5885488154570668,0.5641461844312678,0.5790696351864207,0.5323376450805422,0.5482015136092774,0.5082859105039567,0.5252055855421427,0.5003006555629412,0.515964255783735,0.4982899942522533,0.5119703230513426,0.499420341712566,0.5129432963877344,0.5121928100773165,0.5284436109470503,0.6663286768415421,0.6920922936916772,0.852242003221631,0.8574833288820412,1.6605390671738465,0.37589147302764886,0.711728066388619,0.7013551988692591,1.0298102634960845e+17,6.604948765891388e+16,0.10298102634960846,0.06604948765891389,1.337471737632275,1.2926886561049773,0.061762881765215744,0.013504912407242916,0.08189605752056815,0.0,0.0,0.002337344068238568,0.013479630528096875,0.0033806972912658897,0.6913792826932925,2.488118594559648,1.5958178339315654,38,0.0008766939985865739,8,1.2905128002166748,0.3940192879061687
S2,3,73,1,SINE,hyb,sample,5000,10,1003,1e-18,1.0,1.2131211905533101,7.07e-06,19753.200040165524,3.16e-11,1,0.01,0.49128353356213017,0.007147990767940969,0.506068201407325,0.015567540628361286,0.48386200661315576,0.5024381627409837,0.5153506215413549,0.5023342335456158,0.5152586329829815,0.5013822968048164,0.5144175339113322,0.49640983977974623,0.5100831706149977,0.49128353356213017,0.506068201407325,0.4928944649255347,0.5107822410001963,0.5253163024798246,0.5559968021860283,0.58758562563864,0.6319038617797947,0.6263174875096295,0.6735293987992657,0.6783435039775136,0.7240702670045727,1.6605390671738465,0.217318303291958,0.5805853857761154,1.2131211905533101,7.029403950351288e+18,2.5162493453250995e+18,7.0294039503512895,2.5162493453251,0.23443159735078595,0.10266265787663534,0.598452472216577,0.2540255950762305,0.8617371217527847,0.24625,0.0,0.06404904487036807,0.2530547656269858,0.005850218635262928,10.948145507640415,169.83702044455865,60.7949542413521,22,0.0009331701465794694,13,3.1061148643493652,0.3940192879061687
S2,3,74,1,SINE,hyb,sample,5000,10,1003,1e-18,1.0,1.3986584670010758,7.07e-06,19902.963160586307,3.16e-11,5,0.1,0.4102841801442196,0.006660263047920697,0.41497222880668516,0.018444832149114597,0.4009943411504103,0.48508925046230367,0.4914385295525846,0.4842548536773676,0.4906217793834851,0.47697743092409767,0.48349458254021815,0.44611659186874847,0.4531302049753708,0.4180489321613564,0.42420205577442294,0.4102841801442196,0.41497222880668516,0.41524725487841385,0.4214947166008239,0.46225835580498753,0.48311571070352705,0.5747786171348567,0.6166544896688324,0.6545455336064269,0.7014805581971318,1.6605390671738465,0.18849021761819618,0.5479356071251773,1.3986584670010758,6.560295650514139e+18,2.1981835935494912e+18,6.56029565051414,2.1981835935494916,0.22355527926533583,0.09456916229845459,0.5727689620411396,0.25340159097679354,0.8502955936533467,0.15835,0.0,0.08006819900727215,0.251873194643521,0.005917588534380008,13.530545177666866,158.50292206681888,53.11018609193762,19,0.0009990417621436255,14,3.500131130218506,0.3940192879061687
S2,3,75,1,SINE,hyb,sample,5000,10,1003,1e-18,1.0,1.0367616169696985,7.07e-06,230.91274350902043,3.16e-11,5,0.1,0.47175514793592155,0.006966062422147263,0.48568809689892634,0.012935264641432152,0.47032253408975555,0.5419217956963929,0.5564950640613078,0.5316723987989065,0.5464108467797406,0.49833597149105524,0.5130233442572036,0.4782123444960261,0.4916712544320433,0.4734449372572267,0.48760862166480046,0.47175514793592155,0.48568809689892634,0.4729257149038662,0.4869094899920955,0.4836432881841862,0.49840688052606386,0.6377608107508068,0.657472217033118,0.8591445409592595,0.8515768400873158,1.6605390671738465,0.25428549292664515,0.6175639293405482,1.0367616169696985,9.01840743857435e+16,4.89618324602313e+16,0.09018407438574351,0.0489618324602313,0.9195204734605211,0.8847513951892132,0.04651520622930484,0.012399368911743685,0.06611462120023384,0.0,0.0,0.00427595902081168,0.012311332528560889,0.002948209043280859,1.4503581523694327,2.178932181648159,1.1829639894483226,25,0.000942510560881544,11,1.4964170455932617,0.3940192879061687
S2,3,76,1,SINE,hyb,sample,5000,10,1003,1e-18,1.0,1.4417148008595972,7.07e-06,15155.728961739436,3.16e-11,3,0.1,0.43447484477626414,0.007885896635552182,0.43877759116057663,0.012124041817026388,0.4254695355659205,0.47696259276532293,0.46756931127878465,0.47659875771442106,0.46727603621592567,0.47333253876016296,0.4646579982296487,0.4576565392207244,0.45253928983699804,0.44078735488731224,0.4410734670630048,0.43447484477626414,0.43877759116057663,0.4403554616619586,0.4524466572789674,0.49973834154897456,0.5334078961989173,0.5688740069757686,0.6139387593484875,0.6232721874320688,0.6702405157338757,1.6605390671738465,0.18286101985037442,0.5411027661488683,1.4417148008595972,4.913910291643134e+18,1.623376115512292e+18,4.913910291643135,1.6233761155122923,0.2643991671442448,0.1172859285721153,0.5177198103741393,0.24391418456946223,0.8035364772030718,0.0091,0.0,0.08119690479105796,0.24223145830501885,0.006060011400663533,13.39880396630399,118.72470106413725,39.22229601070103,18,0.0009611432005730648,15,3.4688827991485596,0.3940192879061687
S2,3,77,1,SINE,hyb,sample,5000,10,1003,1e-18,1.0,1.3710470873852487,7.07e-06,4808.660655242688,3.16e-11,1,0.1,0.4788643381275877,0.0021120489093186864,0.5112553827777904,0.003675883610868644,0.47934728593601034,0.4903296433396756,0.5199601073933542,0.49017434744842747,0.5198248650813329,0.4888348758938082,0.5186597052250979,0.48360745376526004,0.5141288866730689,0.4796943806351914,0.5108551740384303,0.4788643381275877,0.5112553827777904,0.481097979538849,0.5155469763824192,0.4831827120144265,0.5183154899862584,0.4873523294135276,0.522311616272565,0.5374531341486039,0.571644315759222,1.6605390671738465,0.19228620318310585,0.5524537132968375,1.3710470873852487,1.5997753614075412e+18,5.494241740047959e+17,1.5997753614075414,0.5494241740047959,0.4707358800204226,0.2805509902517796,0.3136307266142557,0.1719760955059631,0.548882917689845,0.0,0.0,0.050096718326318256,0.17097689886723855,0.005894873084530223,8.498354011689564,38.652079561951446,13.274605547249005,19,0.0009793193481323205,14,2.819709062576294,0.3940192879061687
S2,3,78,1,SINE,hyb,sample,5000,10,1003,1e-18,1.0,0.7294744718552544,7.07e-06,19977.76480100109,3.16e-11,5,0.1,0.5171388923340656,0.014136130679493715,0.5292421576378747,0.013868838396286233,0.502742501933366,0.602335254600461,0.6083584727433737,0.6010430589417717,0.6071007290259485,0.5903225432597509,0.5967466695870652,0.5528139943247337,0.5618305865235187,0.5244619254943894,0.5364255663471857,0.5171388923340656,0.5292421576378747,0.5369127278938415,0.556762868006061,0.625977837809969,0.6670666123836103,0.6837366825391904,0.7291668011054615,0.7450513450643305,0.7903528557009001,1.6605390671738465,0.3614018707852422,0.7022413667034307,0.7294744718552544,9.870242781596836e+18,4.226494705908531e+18,9.870242781596836,4.226494705908531,0.2622885830411126,0.12611032874127281,0.6919478159760953,0.23962551598181048,0.9032823020885794,0.51525,0.02565,0.026890282493315848,0.23944069103046392,0.0055027676766561786,4.886683224405368,238.47436239697763,102.11609303521873,36,0.0009118430898190679,8,2.195855140686035,0.3940192879061687
S2,3,79,1,SINE,hyb,sample,5000,10,1003,1e-18,1.0,1.9474066606244766,7.07e-06,18217.20742806379,3.16e-11,3,0.1,0.4068736938603834,0.010198332718095329,0.406015905063492,0.011027931528624564,0.3979107299120887,0.4506149704805136,0.44103485583780877,0.450321367408595,0.44077287444037205,0.4476271148958819,0.4383771086992537,0.43310706593516873,0.42580346620969517,0.4140176761856651,0.4109038706339557,0.4068736938603834,0.406015905063492,0.41157052634399865,0.41362329761083805,0.4472066896648559,0.4664538960297751,0.5355896233074489,0.5762471291076263,0.6053968031954635,0.6511697609172895,1.6605390671738465,0.13537667511829596,0.476059683841204,1.9474066606244766,5.180346309801507e+18,1.4486092083744205e+18,5.180346309801507,1.4486092083744206,0.20971228415226278,0.08308651398224896,0.4916905601456845,0.24189409242892276,0.8053658048008681,0.01005,0.0,0.1255993032338583,0.23781507948585157,0.006052908861464999,20.75023862220506,125.16204621925085,34.999762921089115,14,0.0009737033303122383,20,4.586852073669434,0.3940192879061687
S2,3,80,1,SINE,hyb,sample,5000,10,1003,1e-18,1.0,1.9963051026168361,7.07e-06,19973.004475167974,3.16e-11,1,0.1,0.4287607962602225,0.0069216117795195715,0.43352959156106524,0.010277570465507231,0.4254557313804745,0.44105079830337013,0.43884357561990683,0.44098582838210393,0.43879306706668214,0.44037464253288333,0.43832031177808384,0.43657807807099813,0.4355027347508346,0.43031263070490483,0.4317546100042298,0.4287607962602225,0.43352959156106524,0.4424771099127969,0.45610352145627964,0.4906376834065915,0.5227250193346755,0.559728013142462,0.6035049910061421,0.6184492373514767,0.662625870764648,1.6605390671738465,0.1320606947670395,0.47093239611917326,1.9963051026168361,5.613612973399343e+18,1.5425970609618644e+18,5.613612973399344,1.5425970609618647,0.19701329861845782,0.0757415706138942,0.5026212496074853,0.24508540843365573,0.8188512463226992,0.0346,0.0,0.1316560561795924,0.24069906185480247,0.0060308622620105275,21.830386843506155,135.63017690616837,37.270597966873645,13,0.0009981525513084182,20,4.534839153289795,0.3940192879061687
S2,3,81,1,SINE,hyb,sample,5000,10,1003,1e-18,1.0,1.1413225195662609,7.07e-06,7084.878408792594,3.16e-11,3,0.1,0.48900847345232157,0.007387570369483142,0.5177636443639908,0.005707461951069107,0.4874834129560906,0.5334550025170025,0.5537789397094076,0.5327915090200214,0.5531630837360055,0.5271890405460586,0.5479848338880959,0.5067570732744748,0.5296162370821029,0.49207086565145264,0.5178434623591259,0.48900847345232157,0.5177636443639908,0.4979664621260492,0.5338639697896104,0.5181097339530408,0.5598514481557763,0.530150202150183,0.5724767557747933,0.5750349747362564,0.6190586549678652,1.6605390671738465,0.2309894305062469,0.5948434139035572,1.1413225195662609,2.6088188309379983e+18,9.666564995229705e+17,2.6088188309379987,0.9666564995229706,0.4455157908882415,0.2427876174550836,0.42207495121529975,0.212482993672103,0.6812556463201264,0.0,0.0,0.04614997437456492,0.21181941868541626,0.006171290972206947,7.478171841581631,63.031520205070045,23.355331523399474,23,0.0009511020996385507,12,2.641366958618164,0.3940192879061687
S2,3,82,1,SINE,hyb,sample,5000,10,1003,1e-18,1.0,1.8124959777393879,7.07e-06,16921.95185194051,3.16e-11,5,0.1,0.4063865265047877,0.011245629635816778,0.4066419211532625,0.011726326233632643,0.39316195374800267,0.4873526663358261,0.4813859435676339,0.48656309689343213,0.4805899919799314,0.47956498229772143,0.47356642494708556,0.44751839502022417,0.44240148840629595,0.4150029304060635,0.4138310489458221,0.4063865265047877,0.4066419211532625,0.41094189734246606,0.4117023740663468,0.4436184357617375,0.4573135899093555,0.5292534741331241,0.567995823396455,0.6046445273696599,0.6509536682734909,1.6605390671738465,0.14545325454866875,0.491115304256854,1.8124959777393879,4.952579016763593e+18,1.4460611253486034e+18,4.952579016763593,1.4460611253486035,0.22555665375260764,0.09268677673227108,0.4927226757359448,0.24112274477638468,0.7990385800769532,0.0,0.0,0.11327288093450139,0.23779198373370433,0.006063671433988264,18.680576968531145,119.65897388516642,34.9381988351429,15,0.0009539452514417831,19,4.4918341636657715,0.3940192879061687
S2,3,83,1,SINE,hyb,sample,5000,10,1003,1e-18,1.0,0.7881331322088758,7.07e-06,238.46698532508134,3.16e-11,1,0.1,0.4843721160031566,0.008242650424710169,0.49683909737331866,0.012487269679144295,0.4836564835616062,0.49792627037163967,0.5079250034295847,0.49679084227749487,0.5069443774670689,0.49154080406645956,0.50248408836318,0.48617820989624266,0.4979726830420116,0.4844943360548159,0.49661992070699296,0.4843721160031566,0.49683909737331866,0.48492702684210204,0.4978662492058862,0.5087107944421901,0.5235923683599802,0.7464737005397374,0.7640680514913247,0.9500331735378331,0.9229465969816646,1.6605390671738465,0.3345036873144621,0.6835375774984773,0.7881331322088758,1.1182475533517872e+17,6.5895963737954616e+16,0.11182475533517873,0.06589596373795463,1.1903799333652352,1.1412060760476153,0.061532045616014504,0.016501257347093425,0.08625361057941339,0.0,0.0,0.0030705621711709097,0.016465395436516143,0.003362456354926572,0.913190194029437,2.7017914167700394,1.592108551396823,33,0.0009851664152610948,8,1.0612788200378418,0.3940192879061687
S2,3,84,1,SINE,hyb,sample,5000,10,1003,1e-18,1.0,1.8834822070733224,7.07e-06,5197.847951293367,3.16e-11,4,0.1,0.45406431361258387,0.007965676390256296,0.4706269219519369,0.007306955790559117,0.44705283648629496,0.523799175492275,0.5249117747418187,0.5226776088845831,0.5239573184741237,0.5134002185458079,0.516117363246193,0.4814526238701653,0.4902577932849786,0.4590476299235665,0.4739238647173038,0.45406431361258387,0.4706269219519369,0.456284946835573,0.47964523245846047,0.4657059193053139,0.49695983143107575,0.47458658695859635,0.5081345637393989,0.5120729251802121,0.5492345958979751,1.6605390671738465,0.13997129244359377,0.48301997907388716,1.8834822070733224,1.495559632742182e+18,4.320693594693405e+17,1.495559632742182,0.43206935946934055,0.3707442511377292,0.21275046898813135,0.2692035622307224,0.1557199619787265,0.5082675210491349,0.0,0.0,0.07631957720843605,0.1531138211542992,0.005634401860025109,13.545284682284969,36.13412939647566,10.43920269143084,14,0.0009913064247754329,19,3.6426830291748047,0.3940192879061687
S2,3,85,1,SINE,hyb,sample,5000,10,1003,1e-18,1.0,1.4989167459734856,7.07e-06,13696.222296404663,3.16e-11,1,0.01,0.4809256983599791,0.0061050083337841655,0.49487034000756075,0.010279536517221926,0.4725539024074562,0.4921542740068377,0.5068678338973128,0.49204385955856156,0.506754930790284,0.49103585049763926,0.5057204304124729,0.48589089696907106,0.5002978500549186,0.4809256983599791,0.49487034000756075,0.48167279178735106,0.4985844433664077,0.5008819030841092,0.530421462779145,0.5395019960109401,0.5818554473645573,0.5635782857959734,0.6086618785049482,0.6117257732560536,0.6557808294074323,1.6605390671738465,0.1758826429331445,0.5324025989841945,1.4989167459734856,4.364873288919921e+18,1.4163778027196974e+18,4.364873288919922,1.4163778027196976,0.2760944336133048,0.12435493345490924,0.4919006936075216,0.2381060730578832,0.7807148450061693,0.0,0.0,0.08403909784171529,0.23623567461966685,0.006097704919879592,13.782086694246722,105.45944993972839,34.22102180167109,18,0.0009992778306489904,15,3.382699966430664,0.3940192879061687
S2,3,86,1,SINE,hyb,sample,5000,10,1003,1e-18,1.0,1.2233728477084023,7.07e-06,16626.085269791314,3.16e-11,4,0.1,0.4349141099402103,0.01136302337136639,0.44027774801433023,0.02428224262433254,0.42914532607204753,0.49592231129259456,0.4909511424181795,0.49521320224676596,0.49034295316437887,0.4890223929993689,0.48506038037737487,0.4628566822761829,0.46331690555364025,0.440316499340687,0.4446337224232931,0.4349141099402103,0.44027774801433023,0.4435597792394736,0.45426589198460804,0.511414851092261,0.5442409211184842,0.5947450629422644,0.6403334673779563,0.6545505463933576,0.7021521091917335,1.6605390671738465,0.21549721273641012,0.5786301898138015,1.2233728477084023,5.891279030270838e+18,2.103529374889748e+18,5.891279030270838,2.103529374889748,0.2633815216383593,0.11861546827769101,0.5672414837361759,0.25017701507857865,0.8366890799847053,0.12925,0.0,0.06392381295953095,0.24917800712444604,0.005965292154284142,10.71595678907734,142.33885037417804,50.823251014195336,22,0.000941056036698771,13,3.161999225616455,0.3940192879061687
S2,3,87,1,SINE,hyb,sample,5000,10,1003,1e-18,1.0,1.586081251169074,7.07e-06,19768.748973709928,3.16e-11,3,0.1,0.4111472810015065,0.007190566485450881,0.41725503995948865,0.012682227636083787,0.40524255954336974,0.4485781969357638,0.4543873722518554,0.4482609145353774,0.4540695462472698,0.445384072643774,0.4511861559046116,0.4309989385916773,0.4367385164617641,0.4157525127583389,0.4216251485687369,0.4111472810015065,0.41725503995948865,0.4179779141665957,0.42513617037061346,0.46772408466573,0.4935888746088085,0.5694237732635857,0.6132101646727594,0.6393284244887538,0.686222018138485,1.6605390671738465,0.1662168559298243,0.5199063482001098,1.586081251169074,6.133162136920892e+18,1.9276138983847375e+18,6.133162136920893,1.9276138983847377,0.21535788049797924,0.08838783024560817,0.5474753098531357,0.25111700506573453,0.8382054037217925,0.0987,0.0,0.09623934486792401,0.24887049667705766,0.0059742046035154385,16.109147787019765,148.18297406083366,46.57296740683448,17,0.0009913007819806713,16,3.878469944000244,0.3940192879061687
S2,3,88,1,SINE,hyb,sample,5000,10,1003,1e-18,1.0,1.9969209324590995,7.07e-06,12263.018067987114,3.16e-11,4,0.1,0.4258799468145642,0.01088798205682549,0.42355269530973966,0.01221263919313931,0.414018539529964,0.49083290993870843,0.4717535038757289,0.4902670980601056,0.4712260444592874,0.4852333465789972,0.46659251187105866,0.46168038703058195,0.4465896662782162,0.4354952663368593,0.4286788720232392,0.4258799468145642,0.42355269530973966,0.42812296586447307,0.43214418509313857,0.4582963156615021,0.4824747565415679,0.514067455151498,0.553821288060166,0.5654199418098735,0.6094156538841929,1.6605390671738465,0.13201996860933057,0.4708688667929831,1.9969209324590995,3.446298329710833e+18,9.498200535198368e+17,3.4462983297108334,0.9498200535198369,0.2568293176032476,0.11262648537287763,0.4119770122647045,0.2182948100713704,0.7200987488158564,0.0,0.0,0.11874613569107816,0.21405757639986478,0.006063068989989253,19.58515330885071,83.26581371837321,22.948547129694937,13,0.0009984604662295498,20,4.442707061767578,0.3940192879061687
S2,3,89,1,SINE,hyb,sample,5000,10,1003,1e-18,1.0,1.6996794005079376,7.07e-06,11777.843193020692,3.16e-11,3,0.1,0.4414266815702952,0.007736165562025605,0.44412169441228216,0.009318436756202905,0.4308568126170271,0.48199758794991043,0.4796407026044814,0.48161540548918075,0.47928881275857443,0.4781956877196345,0.47613591481635587,0.46208416485354675,0.46121577223495364,0.44567653303464294,0.4467762806160058,0.4414266815702952,0.44412169441228216,0.44661005014769517,0.45640885209533294,0.48805513518171884,0.5198842256001485,0.5323851225103768,0.5745409198672007,0.5793099452122196,0.6239800928059781,1.6605390671738465,0.1551077448722273,0.5048533959623406,1.6996794005079376,3.543066463410115e+18,1.076054218966834e+18,3.5430664634101157,1.0760542189668343,0.28339637941417367,0.12950421347811333,0.4381408945828247,0.22440355679035154,0.7333019596511479,0.0,0.0,0.0959450204441957,0.22174868466715936,0.006106157105011846,15.712831948828407,85.60382297456988,25.998483467007304,16,0.0009998114120634927,17,3.738463878631592,0.3940192879061687
S2,3,90,1,SINE,hyb,sample,5000,10,1003,1e-18,1.0,1.3440857249777713,7.07e-06,348.18200009720704,3.16e-11,2,0.1,0.4568175637781594,0.006516157850944527,0.4651537924064213,0.007815076845124749,0.4544833167303569,0.47797608897574717,0.48780973116604576,0.4762255767714472,0.48604412346429804,0.4677563775451775,0.47745432078700717,0.45921106585817767,0.46852728529382387,0.45697642606896194,0.4656825696380749,0.4568175637781594,0.4651537924064213,0.45763052293096307,0.46570694679471514,0.4647180595747956,0.47338591288634346,0.6108511968107758,0.6245055700898522,0.8802394188458292,0.8580734294666647,1.6605390671738465,0.1961433217534733,0.5569731155990019,1.3440857249777713,1.1730872730805285e+17,5.129790552073326e+16,0.11730872730805286,0.051297905520733274,0.7076968005279335,0.6658859328265253,0.04844478841464547,0.01824672587211515,0.07822400397184978,0.0,0.0,0.0075797136230282775,0.018051629505628983,0.0029726135868596458,2.549848273766287,2.8342893449945032,1.2394057149400874,20,0.0009600612321269795,14,1.7359349727630615,0.3940192879061687
S2,3,91,1,SINE,hyb,sample,5000,10,1003,1e-18,1.0,1.937718793278374,7.07e-06,19931.36187262677,3.16e-11,5,0.1,0.3972756057423906,0.012115404532195161,0.4059334239451884,0.011915369575913043,0.3808234221817428,0.46777542176286707,0.47077590191245366,0.4670985602260308,0.470138981945191,0.46107909422068644,0.46449824850174837,0.4333616677107791,0.4392156840669343,0.4053340802836729,0.4150338594414996,0.3972756057423906,0.4059334239451884,0.3992110690234572,0.4050958200286622,0.4269292331076703,0.4387200289891525,0.516757040531816,0.5528781756591417,0.6098799784941755,0.655933652537484,1.6605390671738465,0.13605350772932906,0.4770953692836786,1.937718793278374,5.677629522854453e+18,1.591477069741364e+18,5.6776295228544535,1.5914770697413643,0.19914154776952495,0.07728352597448775,0.5090586241515711,0.24601693803787184,0.8216036209701053,0.0415,0.0,0.12634370711270548,0.2420031708600456,0.006027128033046846,20.962505926530973,137.17687703826908,38.45158501912566,14,0.000968859396639187,20,4.698155879974365,0.3940192879061687
S2,3,92,1,SINE,hyb,sample,5000,10,1003,1e-18,1.0,0.7737359513017773,7.07e-06,281.06568393610485,3.16e-11,3,0.1,0.47660774118416677,0.007544975449871769,0.4888764913985562,0.010134529701922565,0.4740916859584809,0.5219339063004591,0.524733577490847,0.5172318354507197,0.5214346946547366,0.49769728611638603,0.5082424677911737,0.48142934428341766,0.49641992528692863,0.47718425443949875,0.4910207731526729,0.47660774118416677,0.4888764913985562,0.47775057986824854,0.4897238625430734,0.4833699696964042,0.4965477845217757,0.5774242176588604,0.5983284188419444,0.7984308583676221,0.8001579613480532,1.6605390671738465,0.3407279167718827,0.6879984230852203,0.7737359513017773,1.3355806437807453e+17,7.563837251855667e+16,0.13355806437807455,0.07563837251855668,1.2015474786440465,1.1401538351205223,0.06981930526529878,0.02157499031204221,0.10174050789251259,0.0,0.0,0.0033368845684473517,0.021541464045110485,0.0035518097734291354,0.9394885371988034,3.226888633876441,1.8274943239227668,34,0.0009671699391272217,8,1.1688358783721924,0.3940192879061687
S2,3,93,1,SINE,hyb,sample,5000,10,1003,1e-18,1.0,1.596709144060047,7.07e-06,19682.612298180626,3.16e-11,5,0.1,0.4038571609188968,0.006440388814379263,0.4117579907556498,0.01499724449181907,0.3928334973177698,0.47734707117692066,0.4832654784905655,0.4765938558289283,0.4825528230187769,0.46997107263716575,0.47627861734458554,0.44093640779540655,0.4485344000216422,0.41317619105696624,0.4211354757926128,0.4038571609188968,0.4117579907556498,0.4077160556523235,0.4164854492358572,0.444733560374069,0.46351255415563664,0.5499927388398848,0.590223698879224,0.6352008566063957,0.6820064651257611,1.6605390671738465,0.16511049604701897,0.5184413601199799,1.596709144060047,6.089497481267716e+18,1.907472910635047e+18,6.089497481267717,1.9074729106350472,0.21540635434219452,0.08834027259102631,0.5455032246281932,0.25082007520240646,0.8369831651157019,0.09415,0.0,0.09708515301173097,0.2485293319633034,0.005978902384665302,16.2379558597135,147.12799485246103,46.086342171981265,17,0.0009979432150375293,16,3.9355502128601074,0.3940192879061687
S2,3,94,1,SINE,hyb,sample,5000,10,1003,1e-18,1.0,1.781980932814237,7.07e-06,19940.65879088024,3.16e-11,2,0.1,0.4167319171430551,0.006972642708952232,0.41666326924718194,0.012631166167478333,0.4052040963063831,0.44088500851519274,0.43947251344952143,0.440722316095722,0.43930962475744817,0.4392177660553093,0.4378039624535324,0.4308257782536306,0.42945471932345897,0.41991671279814363,0.41921551119676187,0.4167319171430551,0.41666326924718194,0.4239264415339834,0.4270497871932144,0.47499641528763387,0.4987736454479729,0.5622422966425242,0.6049139726091808,0.6273931781226421,0.6735490916967869,1.6605390671738465,0.14794402900945514,0.49472135428782327,1.781980932814237,5.873193448055294e+18,1.72937275174265e+18,5.873193448055295,1.7293727517426503,0.20560520066807164,0.08164665181638284,0.525797030515628,0.24857726507761516,0.8290213857266503,0.0631,0.0,0.11331572930522725,0.24540734311743492,0.0060074425048172305,18.862557438437733,141.90188567301877,41.78327458038617,15,0.0009899894071190205,18,4.1360859870910645,0.3940192879061687
S2,3,95,1,SINE,hyb,sample,5000,10,1003,1e-18,1.0,1.4176678309693755,7.07e-06,11651.296665413462,3.16e-11,5,0.1,0.4455469849655252,0.009716706321515065,0.44939559381477706,0.013814242554210637,0.43441375654018016,0.5293464356146678,0.5212496700221911,0.5282343093390341,0.5202771580121877,0.518817154954113,0.5120618065236004,0.4831486302715827,0.4811813961471314,0.4537780320858357,0.45556009599871167,0.4455469849655252,0.44939559381477706,0.45046537212212173,0.46197294099292757,0.4943650350993942,0.5273501749344351,0.5466086947721697,0.5899485814652762,0.598705651007444,0.6448212551102583,1.6605390671738465,0.1859627714330639,0.5448876737692985,1.4176678309693755,3.8167769411286856e+18,1.275414788638647e+18,3.816776941128686,1.275414788638647,0.3100023163778726,0.14644312240731658,0.4728843041664725,0.2320977980707501,0.755908172510007,0.0,0.0,0.07468062518062664,0.23056262024282703,0.006127426256017135,12.187927207983979,92.21692592448011,30.815222608239683,19,0.000945111887312917,15,3.5003979206085205,0.3940192879061687
S2,3,96,1,SINE,hyb,sample,5000,10,1003,1e-18,1.0,1.6145903937294523,7.07e-06,12285.600131095776,3.16e-11,5,0.1,0.4332675728022827,0.009179913190406206,0.4326701615070757,0.01250712895042747,0.4172133127399425,0.5095920464503332,0.4985699106630438,0.508699976680902,0.4977077810596936,0.5010328760086783,0.49034041376484294,0.4700032567758491,0.4615586881767948,0.4412357810094657,0.4382287388053279,0.4332675728022827,0.4326701615070757,0.43649129966823114,0.44070732960560255,0.4737349060589847,0.4998999989534344,0.5341807707465644,0.5758866127169889,0.5883880250517689,0.6339555895648875,1.6605390671738465,0.16328193196394117,0.5160039005756869,1.6145903937294523,3.772684423384606e+18,1.1764221762914819e+18,3.772684423384607,1.176422176291482,0.2845735248875183,0.12977018285893913,0.4556976427499293,0.22930132691225008,0.748712565088615,0.0,0.0,0.0909223507744556,0.22698689478303538,0.006111266246549732,14.87782516852184,91.15160916498743,28.42346785267103,16,0.000949759055134972,17,3.9485602378845215,0.3940192879061687
S2,3,97,1,SINE,hyb,sample,5000,10,1003,1e-18,1.0,1.1172025993666588,7.07e-06,13555.935564608058,3.16e-11,1,0.01,0.5210523887557849,0.004981928254711801,0.5514953049574733,0.00669245079248137,0.5182829485233788,0.5316927334007182,0.5619779293777966,0.5315806848268056,0.5618609998180267,0.5305709665763769,0.5608067465443142,0.5257224624864743,0.555763059209793,0.5210523887557849,0.5514953049574733,0.522458880736808,0.5560128814484002,0.5471906754024317,0.5895384185603005,0.5806892515093692,0.6280336734550386,0.5967102190598579,0.6435889624954501,0.6461003127297611,0.6912739443496573,1.6605390671738465,0.23597639225689146,0.5998678666481903,1.1172025993666588,5.060206266076666e+18,1.8800729056110275e+18,5.0602062660766665,1.8800729056110277,0.3107882427973003,0.14770005477758147,0.5484488768642592,0.24532507840766596,0.8143642844427619,0.05205,0.0,0.05367370130646606,0.24459431994688224,0.006042320323263191,8.882961914451974,122.2593496028064,45.42433224250313,24,0.0009310021661388823,12,2.741401195526123,0.3940192879061687
S2,3,98,1,SINE,hyb,sample,5000,10,1003,1e-18,1.0,1.9992880802550985,7.07e-06,13927.933147109596,3.16e-11,5,0.1,0.414583626242033,0.012801627919798275,0.4113928943015539,0.011329634058751337,0.40101113086955553,0.4955590562643987,0.47657577410248175,0.4947826353668766,0.47585331753334037,0.4879464105400901,0.4695422093545239,0.4573482380077397,0.44275442781323504,0.42555767915850395,0.41875548362128046,0.414583626242033,0.4113928943015539,0.41712617308125155,0.41862180578493274,0.4446818681132637,0.4632829416972656,0.5133272860995851,0.5521492025616446,0.5758979458730937,0.6206647207844421,1.6605390671738465,0.13186365758001578,0.4706249078655534,1.9992880802550985,3.9126345148162294e+18,1.0765568230398276e+18,3.91263451481623,1.0765568230398277,0.2408689412025336,0.10181462549350889,0.4355935514696136,0.22628409695479873,0.7484419216726074,0.0,0.0,0.12320191011322165,0.22194359197774594,0.006076211304634474,20.276106925256627,94.53293519313561,26.01062685481421,13,0.0009996440401275493,20,4.5121989250183105,0.3940192879061687
S2,3,99,1,SINE,hyb,sample,5000,10,1003,1e-18,1.0,0.7463305373410979,7.07e-06,6935.109624142268,3.16e-11,2,0.1,0.5506429484846496,0.004177709489099661,0.5896049174308421,0.005511302561806814,0.5495254618199308,0.5830671941922569,0.6234575561100191,0.5825927404594288,0.622955812114556,0.5785912008688785,0.6187231823196676,0.5640140653146865,0.6032759356071316,0.5532839228179037,0.5915718361862983,0.5506429484846496,0.5896049174308421,0.5544455781800287,0.5978887251869227,0.5614043730567069,0.607686128778145,0.5713964811946554,0.616777444393451,0.6249347142776257,0.6705657342344654,1.6605390671738465,0.3532395173830013,0.6967206145506442,0.7463305373410979,3.3699097600380974e+18,1.4468765909217155e+18,3.369909760038098,1.4468765909217156,0.5475915300895166,0.306617063037787,0.5055193726679698,0.2261888681280976,0.750615982508799,0.0,0.0,0.02325321128162544,0.22603197212319018,0.0062393974918941095,3.726836014508575,81.42019392459387,34.957901251477296,35,0.0009329131716763724,8,1.9215519428253174,0.3940192879061687
S2,3,100,1,SINE,hyb,sample,5000,10,1003,1e-18,1.0,1.1878928834873106,7.07e-06,19677.918086815786,3.16e-11,5,0.1,0.4240899451936178,0.016944800666206856,0.4365402698262645,0.01004038634427662,0.4149990139881191,0.4964388629103148,0.49424960395306916,0.4955998233288197,0.49344664645714165,0.4883321078952224,0.48655378326789256,0.45834011658781415,0.45992417701787486,0.4315646415409864,0.44130342030999914,0.4240899451936178,0.4365402698262645,0.4326928675752543,0.4455525597270237,0.4957506476857647,0.5244859674682915,0.6043007075642122,0.6488627271625035,0.6757340621015321,0.723091221409798,1.6605390671738465,0.2219336797814747,0.5854806024392781,1.1878928834873106,7.078672177024352e+18,2.5557071265883694e+18,7.0786721770243535,2.5557071265883695,0.23675367948995882,0.10420360264185625,0.6013226476400062,0.2541158562713631,0.8628914792962112,0.2591,0.0,0.06198481004396126,0.253206981062324,0.005840545878349167,10.612845329019365,171.0273872067821,61.74829140200453,22,0.0009899107362394254,12,3.0748980045318604,0.3940192879061687
