set,search_seed,eval_index,is_finite,task,mode,node,N_R,R,seed,k_on,k_off,T,distance,N_max,D,L,lam_best,objective,opt_sd,held,held_sd,train,opt_lam_1e-06,held_lam_1e-06,opt_lam_1e-05,held_lam_1e-05,opt_lam_1e-04,held_lam_1e-04,opt_lam_1e-03,held_lam_1e-03,opt_lam_1e-02,held_lam_1e-02,opt_lam_1e-01,held_lam_1e-01,opt_lam_1e+00,held_lam_1e+00,opt_lam_1e+01,held_lam_1e+01,opt_lam_1e+02,held_lam_1e+02,opt_lam_1e+03,held_lam_1e+03,KD_nM,tau_D_over_T,phi_ISI,koff_T,c_peak,c_mean,c_peak_over_KD,c_mean_over_KD,tauR_mean_over_T,tauR_peak_over_T,occ_mean,occ_std,occ_max,occ_frac_above_0p8,occ_frac_above_0p9,contrast_within,contrast_between,binomial_sd_mean,snr_within,shell_molecules_peak,shell_molecules_mean,history_symbols,dt,n_sub,seconds,running_min
S4,4,1,1,MGCUBED,hyb,sample,5000,10,1004,4.9106887611525165e-18,5.498624502947607,1.9798810387808183,3.367613985350215e-05,13391.95457218852,9.032325503440939e-12,4,0.1,0.7387710715459116,0.007592081336589419,0.753675268327628,0.012910979553881584,0.6721476373196325,0.9638867497870663,0.9780405091911286,0.9625749776942586,0.9767958521890975,0.9503909653395969,0.9652244033239235,0.879925990654912,0.8974796725523893,0.7768782862423669,0.791654859187027,0.7387710715459116,0.753675268327628,0.8212672080788991,0.8248043294984304,0.9888379701460499,0.9885955663986916,1.0257958721116278,1.0258209685611808,1.030560427771255,1.0314033749294609,1.8593483006080282,10.569505811872563,0.9999999820865152,10.886622392761568,9.998569572305466e+17,8.727392239439721e+17,0.8929481036575853,0.7794223257364097,0.05162116544300389,0.04852528925242514,0.43751529792453425,0.01683012920920264,0.4705942777310396,0.0,0.0,0.0017943260170500937,0.01681943476518864,0.007011530386391421,0.2559107524560794,24.15748585316573,21.086201684615567,1057,0.000989940519390409,40,4.236670970916748,0.7387710715459116
S4,4,2,1,MGCUBED,hyb,sample,5000,10,1004,2.893529530941554e-19,0.11707332356846956,1.687108574911143,1.2324627651356667e-05,7151.733546766221,2.5588994680941536e-11,5,0.1,0.7496078285824476,0.005812387613872188,0.8147532777119482,0.008789727879428211,0.7454963181240812,1.066783956771244,1.0536796722075037,1.0064315040374403,1.0055945743546104,0.8625871844395732,0.8988963102384483,0.7757150736736708,0.8388465097259671,0.7520028034543335,0.8185457289395318,0.7496078285824476,0.8147532777119482,0.7566619314196925,0.8129598892116288,0.8091492464323922,0.8298831361800035,0.9780109059064707,0.9699303665781397,1.0539925087797903,1.0436882212869296,0.6718605268426933,0.5864082984461781,0.8152787753700345,0.1975154080857118,9.041795966303244e+17,5.316121257365121e+17,2.2347280186289047,1.313907675923786,2.1880285920298173,1.565169042058907,0.5543947279026766,0.08155330459433686,0.6704614781681819,0.0,0.0,0.010069384870816442,0.08146896448083364,0.006932862210894875,1.4524138176282482,21.845830702442846,12.84424968389749,59,0.0009924168087712606,34,1.0332870483398438,0.7387710715459116
S4,4,3,1,MGCUBED,hyb,sample,5000,10,1004,4.88651307811404e-19,7.505334297395033,1.0259654231072757,4.8233736955040575e-05,18964.8508672429,4.611084804928654e-11,5,0.01,0.6890834369490061,0.02199854137970173,0.7232026747346405,0.03209590126540161,0.6575305032070762,0.9522312654042404,1.0223230842245594,0.9101951479766637,0.9806582869922392,0.786289636349778,0.856556098604697,0.7092900058801035,0.7622124319077603,0.6890834369490061,0.7232026747346405,0.7023357999892472,0.7220683982989006,0.8705448541778076,0.8704260805795446,0.9870073027033834,0.9859341636889154,1.0187686070966382,1.020213893623192,1.2400090625375122,1.249581234397234,25.50469141041225,8.196241318790028,0.9999992903421688,7.700213477988443,3.844955557558102e+17,3.257287636014113e+17,0.025033429388076758,0.021207288045898977,0.12716960691222204,0.1266949210370835,0.020763484207208076,0.0017671802778146195,0.024302053517952824,0.0,0.0,0.00019183915667928575,0.0017660347139170523,0.0020146370293608186,0.09522268968725861,9.289774783888765,7.869913732925976,820,0.000977109926768834,21,0.8407528400421143,0.6890834369490061
S4,4,4,1,MGCUBED,hyb,sample,5000,10,1004,2.907041169713344e-18,0.1767265530272927,1.1278690798361213,9.976038163306061e-06,15022.341163719011,6.715626248296608e-12,3,0.001,0.8929932796500788,0.01560657153112423,0.9141496192707868,0.022997749934272983,0.8042828894471977,1.0193902452978012,1.0603570464497514,1.0062878121258783,1.0473810697471957,0.9451242877296393,0.9835477030091294,0.8929932796500788,0.9141496192707868,0.9412882518904503,0.9449706630115209,0.9896934015817672,0.9887180174983751,0.9986671961987789,0.9971850278015658,0.9996420932789933,0.9981115229078927,0.9997440785553909,0.9982290176159525,0.9998903844118446,0.9985786150932352,0.10094846559662844,2.1898771129448082,0.9896266563760274,0.1993244147455021,1.085817752816898e+19,7.809853262375651e+18,178.61022331810398,128.46719734096703,0.03875071817187518,0.027932412665491478,0.9919230282576902,0.0018109072354975549,0.994391315645123,1.0,1.0,0.0002146415269898494,0.001809321655588407,0.0012582709207445604,0.17058450882965565,262.3437964110918,188.69341092921695,219,0.000980755721596627,23,0.9790627956390381,0.6890834369490061
S4,4,5,1,MGCUBED,hyb,sample,5000,10,1004,1.2253166626576873e-19,3.37476108667834,0.7763831132663619,2.009131658370602e-05,8773.614430183294,1.7830901076859653e-11,2,0.01,0.7393124836257782,0.011397267100251457,0.8171161450203235,0.027165845718410995,0.7429656288522637,0.8028788550252017,0.8758946458403398,0.7955065907749213,0.8694794362846923,0.765517751395818,0.8431916456242383,0.7429531898581304,0.8222690592797008,0.7393124836257782,0.8171161450203235,0.7457693565376436,0.8148584010270248,0.8093280022026548,0.8436305580141583,0.9645559600398628,0.9677052480002761,1.0214658995294414,1.0220852419319555,1.2332811968223887,1.2423164801043352,45.73448478740714,4.859775108845536,0.9998656191543707,2.6201075190055003,1.5588390358092175e+18,1.2426036883087818e+18,0.05659871605483914,0.0451167642762906,0.3651876419205917,0.36121918461419794,0.04313895199303866,0.005264574264218769,0.05327289406197114,0.0,0.0,0.0005879208397403254,0.005260981599427178,0.002867324537197935,0.20504161008396535,37.66301937752142,30.022475519455107,486,0.0009704788915829523,16,0.6457400321960449,0.6890834369490061
S4,4,6,1,MGCUBED,hyb,sample,5000,10,1004,6.494754876190747e-20,0.4941735576821756,1.7339359110208954,2.280810099490616e-05,5805.1814516968025,1.4104445099318779e-11,1,0.01,0.8274967177700138,0.010188973398702422,0.8540488441348224,0.01810538240055452,0.8167763696835,0.8615213432391519,0.8860928670134793,0.8539666019858092,0.8790861001892697,0.8354330350015322,0.8618702356982224,0.8277274132885184,0.8545981227755721,0.8274967177700138,0.8540488441348224,0.8324463587959603,0.85671584977433,0.8665216670335825,0.8788524395671186,0.9726443056309841,0.9733302937644677,1.020190522340156,1.0213600965569218,1.2386280917986963,1.2480977744670447,12.634726238918962,3.5451772885773423,0.9988906462538092,0.8568652779420801,5.364935420734198e+17,4.1193688979682586e+17,0.07050952027399154,0.05413946339499349,1.1071064557577215,1.0901767645138534,0.05129668430790535,0.0074162869943015415,0.06529418217777998,0.0,0.0,0.0008340623765247777,0.007411169630958233,0.0031105114135673256,0.2681431654250784,12.962189300409122,9.952783261345385,355,0.0009908205205833688,35,0.908879280090332,0.6890834369490061
S4,4,7,1,MGCUBED,hyb,sample,5000,10,1004,1.5505618003042783e-17,0.3027597204587248,1.361835212520616,3.214780297192335e-05,17238.538814682473,7.893134791031398e-11,1,0.01,0.9441108340170384,0.005877395005008152,0.9579522031060291,0.005056048257772495,0.9304051528327392,0.9959806644448814,1.009478645420943,0.9943773501132187,1.0078458872184897,0.9825563453993192,0.9958544817770656,0.9553788907175201,0.9688362229230647,0.9441108340170384,0.9579522031060291,0.9536001686334279,0.9651736670661724,0.9878292497483239,0.9888817099197116,1.0030690682629027,1.0002369643755948,1.0051727871540213,1.0019467519009624,1.0067490869910387,1.0043402023886892,0.03242336704604022,1.602423357668229,0.9716600937877307,0.4123088482535897,2.8366020887826787e+17,1.958656788549343e+17,14.527450464234954,10.031117718135501,0.2198658736624325,0.15619861999608062,0.9047411701667728,0.022709261039820128,0.9350028431930154,1.0,0.65936,0.002856409500748455,0.02268684327655202,0.0041181200289797815,0.6936197781141651,6.8534978263923225,4.732299287254709,160,0.0009727394375147256,28,1.2760961055755615,0.6890834369490061
S4,4,8,1,MGCUBED,hyb,sample,5000,10,1004,6.653384204647785e-18,0.6670954306902716,0.5765112745073686,1.495217822918842e-05,3217.208132537632,1.9270378328360144e-10,3,0.1,0.7865722416223668,0.005390255021370895,0.8308212712269318,0.009777685536569202,0.786708634472249,0.9526601255723335,0.9970171713148741,0.9359868112504792,0.9810069040565939,0.8680889855357042,0.9158776930122079,0.8084005941320728,0.8580247508646055,0.7893065241230992,0.8352762204755265,0.7865722416223668,0.8308212712269318,0.7923682148557037,0.8309234928991802,0.8555770783040286,0.8673401487222805,1.0080985087453986,0.9989330234519767,1.0548706321777601,1.0448339433358134,0.16649241801195516,0.3353973554156264,0.6841831664207001,0.3845880369652904,1.517186782698606e+17,7.763733697336614e+16,1.5131907836727605,0.7743285409330638,1.4654472513265215,1.0346150002431025,0.4239995271702932,0.0885703572555639,0.5555019680154488,0.0,0.0,0.015452896490771768,0.0883971153661289,0.0068679584617847836,2.249998536938735,3.665666171006153,1.875791187977998,34,0.0009608521241789477,12,0.5460102558135986,0.6890834369490061
S4,4,9,1,MGCUBED,hyb,sample,5000,10,1004,5.909633617755205e-19,1.1677468189898543,0.8687703408511904,6.843789294594979e-06,1792.2043606267125,3.368889157719527e-11,4,0.1,0.7468341723340314,0.005878693766481078,0.7918823725358315,0.011963867056165926,0.746300492931505,0.9706215753952752,0.9760547303410692,0.942912142910116,0.9512579784523109,0.8487616592492309,0.86850014633635,0.7766956689250172,0.8110167721228747,0.7521082741213811,0.793820550775848,0.7468341723340314,0.7918823725358315,0.7575061226744338,0.7958935520465321,0.8615746503930349,0.872645885187336,1.0164053576116934,1.0067188939310596,1.0974442104887927,1.0920340787073468,3.2812342336667726,0.266716756790386,0.6289515550474981,1.0145038019617092,7.674589070677375e+17,3.6519328408886394e+17,0.3883890654805178,0.1848139060226143,0.8319479927558434,0.7099620527215655,0.15363621096811964,0.04526434002591933,0.2343438934775059,0.0,0.0,0.014466791892082203,0.04498135360982488,0.005011965952595008,2.8864505523210586,18.542530065228107,8.823413719582346,27,0.0009653003787235449,18,0.7709908485412598,0.6890834369490061
S4,4,10,1,MGCUBED,hyb,sample,5000,10,1004,1.7820960683227118e-18,1.7259188046059457,1.4956053671365204,9.131695608660678e-06,11036.186437908667,1.1124550767859033e-10,2,0.1,0.7761680726075262,0.006564745682082971,0.8048598599779148,0.01006856603471865,0.76703007159919,0.8770987649744821,0.9148179326744753,0.8740853874921631,0.9120978378905216,0.8520132687388051,0.8919297088178488,0.8000248784445991,0.840090212977968,0.7768454370365757,0.8101990055754488,0.7761680726075262,0.8048598599779148,0.805339616144645,0.8188974991622627,0.9248507185686343,0.916747895589088,0.9896331465720752,0.9744106829862721,1.0395813895701664,1.0322428872476812,1.6081936618128347,0.08353185103649866,0.3833439579215477,2.5812934274105,1.2469525895279683e+18,2.8518896203537443e+17,1.2875398896241688,0.29447163251014796,0.2992747569797593,0.16935341105693907,0.21755858533846975,0.08837376441223209,0.4116107354746281,0.0,0.0,0.12217133488093465,0.07774992258501788,0.005601673023946351,21.809794030938555,30.127549069145964,6.890433942602463,8,0.0009970702447576803,30,1.4414520263671875,0.6890834369490061
S4,4,11,1,MGCUBED,hyb,sample,5000,10,1004,5e-20,10.0,0.5,6.000000000000003e-06,20000.0,2e-10,1,0.001,0.9674024075323404,0.0037166344161867226,0.9498446847035005,0.010079784630116608,0.9436288030589844,1.006522031453565,0.9927456771170794,0.9934837498812931,0.9776670373281021,0.9723784757813483,0.9533846561772833,0.9674024075323404,0.9498446847035005,0.9743125726405084,0.9608516500788538,0.9788886723022555,0.9693781254383579,0.9912987532110776,0.9876600853332638,0.9980582718208634,0.9966839894340808,1.0165435210881648,1.0180014225212664,1.2519022210284398,1.261653537648741,332.10781343476935,0.06000000000000005,0.3286267594591275,5.0,7.499703283058753e+18,1.309194931226177e+18,0.03749851641529376,0.006545974656130885,0.1986993192917259,0.19277135999290745,0.006488297072058242,0.003879914083049054,0.017900986665552857,0.0,0.0,0.007440824638073894,0.0027737638964252477,0.0010782967868304607,6.900534925959866,181.19989529828052,31.631382670711513,6,0.001,10,0.3018481731414795,0.6890834369490061
S4,4,12,1,MGCUBED,hyb,sample,5000,10,1004,2.280541910712261e-18,8.387869161484982,1.1767881291246265,6.213431067413955e-06,20000.0,5e-12,5,0.1,0.8283638209878863,0.00867996581025581,0.8682187014880949,0.011289052459508486,0.7843467532435854,1.1603790908510492,1.2072784491220534,1.1584693358517923,1.2052679791476688,1.140750896624632,1.18660314678823,1.037399117327923,1.0773556621977636,0.8717353450706252,0.9049768290496635,0.8283638209878863,0.8682187014880949,0.8478771267644485,0.8753528351314521,0.913388343917952,0.9157606387821927,0.9929068751720138,0.9880761952181933,1.0119967911303465,1.0070378153361623,6.107488911983389,1.0935620630997578,0.9299003851363954,9.870744857886061,3.277326889478982e+19,2.146829143231513e+19,8.910584062136065,5.836922038267927,0.014817995074211422,0.010222351826153227,0.8447495441818852,0.0412634590844034,0.8984183601345135,0.85528,0.0,0.00844156603192875,0.04113287547281953,0.005062853160170441,1.6673535188297985,791.8330456796804,518.6941420143648,109,0.0009806567742705222,24,0.6122052669525146,0.6890834369490061
S4,4,13,1,MGCUBED,hyb,sample,5000,10,1004,1.8467562332806622e-19,2.3158238334828245,1.5571132521450104,2.4507551622932863e-05,20000.0,1.5586561264210598e-10,5,0.01,0.7820249802617406,0.009240828937476079,0.8255008438521074,0.01785993345706788,0.7723270896037133,1.0758388325816566,1.121925891538159,0.9490375392885347,0.9986832935084962,0.8234178142241841,0.8804450464738329,0.7855714629253944,0.8387144619917788,0.7820249802617406,0.8255008438521074,0.8474938246363098,0.8739833401743073,0.9558884187160597,0.9663759762949354,0.993207638495527,0.9937462820647299,1.0172843141366144,1.0183858162940604,1.2491686631639114,1.2587619965917989,20.823083625710474,0.41245644103577334,0.7340213476152664,3.605999980749366,2.4588757523634483e+17,1.3198308673486363e+17,0.019608331414875536,0.010525005598058131,0.27442723839595706,0.27198246431697237,0.010403612981839451,0.003481867206774882,0.017621048868627927,0.0,0.0,0.0016246956133266761,0.003429294025584271,0.0014111682435790417,1.151312482206998,5.940875419514209,3.188835690543121,41,0.0009731957825906315,32,0.9261190891265869,0.6890834369490061
S4,4,14,1,MGCUBED,hyb,sample,5000,10,1004,5e-20,10.0,0.5,6.000000000000003e-06,7175.091211027902,1.7730125046256125e-11,5,0.01,0.7266929764437376,0.012644352379502384,0.7769021783842252,0.019808480228926784,0.7009018952038577,1.0211452690932181,1.078196333159824,0.9599052253275289,1.016782320295778,0.8149533809678629,0.8701148772944103,0.7429666475853995,0.797546777527554,0.7266929764437376,0.7769021783842252,0.7390555794503569,0.7826831616013797,0.8675693241687673,0.8932208358266707,0.968251805115363,0.9746177563566668,1.019621916190764,1.0192795392413085,1.2348539484805925,1.2435186508433982,332.10781343476935,0.6768141774913154,0.8458242906296618,5.0,8.818146617488735e+18,5.334171471600138e+18,0.04409073308744368,0.02667085735800069,0.19480439964437396,0.19155423342240296,0.02591892102587005,0.007634121642028812,0.04093309852410325,0.0,0.0,0.0023594769475416273,0.007581116930102651,0.0022183449358996704,1.0636204087822436,213.05472810147813,128.8786070164115,68,0.001,10,0.4713001251220703,0.6890834369490061
S4,4,15,1,MGCUBED,hyb,sample,5000,10,1004,3.430354955896005e-19,10.0,0.792296978109154,4.9999999999999996e-05,7900.301062924946,1.3094733955311874e-10,5,0.001,0.7978477160123976,0.01182708284218872,0.8071331171129581,0.03315969919747624,0.7580652371464932,1.0757740278657388,1.0897544231595444,0.9301559517567805,0.9327088387755719,0.8337271934474655,0.8289127581491605,0.7978477160123976,0.8071331171129581,0.838247396433942,0.8441273928885105,0.9596236876504228,0.958602685171404,0.994573303109811,0.9932490591061078,0.9989382653141696,0.9978992070061856,1.0169817371573937,1.0185150490600468,1.252273295611189,1.2620377456005512,48.40720824880688,4.016095943759203,0.9994816002775249,7.92296978109154,7.715505207112371e+16,6.006583318323935e+16,0.0026466921524459356,0.0020604712854014784,0.12595577076518916,0.1258821277743678,0.0020561285925031862,0.00029468214722186414,0.0026238663636680513,0.0,0.0,3.313680050941447e-05,0.0002944793193195154,0.0006389206231398004,0.051863720326591964,1.864138730475089,1.4512471057878906,402,0.0009903712226364426,16,0.468883752822876,0.6890834369490061
S4,4,16,1,MGCUBED,hyb,sample,5000,10,1004,1.502194672903486e-18,10.0,1.3160662678298207,4.9999999999999996e-05,16940.300186220906,9.075457717531078e-12,5,100.0,0.9971663823345492,0.0004780614775489129,0.9965385020485444,0.00035084617160236164,0.9967995474966683,1.4817870140473768,1.4113983836057882,1.4717624749081688,1.4021041590590388,1.3949085477355296,1.3309573260366943,1.184749548097662,1.1377976407710904,1.0516604668042875,1.0198999316045698,1.0080162627465525,0.9890134211023888,1.003058157417468,0.9955832953038397,1.000164803589962,0.9970417471503346,0.9971663823345492,0.9965385020485444,1.0354673151232698,1.0462354620727583,11.0540870442864,34.88530004841075,1.0,13.160662678298207,1.0683288706887223e+18,1.0143187154117147e+18,0.16048379384575956,0.15237041709177848,0.06593714538803991,0.0654761541140107,0.1322160699746307,0.002376146638186807,0.13829031144493154,0.0,0.0,0.00017629426679803195,0.00237539312747255,0.004790046031257365,0.03680429491650533,25.81183177609325,24.506895552370253,3489,0.0009748639020961635,27,2.085801124572754,0.6890834369490061
S4,4,17,1,MGCUBED,hyb,sample,5000,10,1004,7.57012673844214e-18,1.36874826315987,1.2765718556423202,6.000000000000003e-06,7710.720803988865,1.4618866321316615e-10,1,0.01,0.8237302747948603,0.010849317761686869,0.8372217545350693,0.024610475905400542,0.8007326712080707,0.853768025971944,0.8791562257553828,0.8532251792973125,0.8784921566113593,0.8487005346337495,0.8729384981828806,0.8327079837845494,0.8527892356794746,0.8237302747948603,0.8372217545350693,0.8590447029654505,0.8616895841321724,0.9377146010081552,0.9289840944301497,0.9684984106015317,0.9558258453938899,0.9737325512321732,0.9605507868868288,0.9822510590413011,0.9728884604536688,0.3002406753061899,0.03215083748504674,0.2438709792499288,1.747305510209198,2.711726404464296e+18,2.70547753647351e+17,14.997726838669273,1.4963166266842254,0.229261687194622,0.03577444266783211,0.533703638724337,0.16943213194478815,0.8556400920113469,0.03968,0.0,0.33291618910966214,0.129688525402504,0.006607194739769608,50.38691944491875,65.5178641102332,6.536688557375951,3,0.0009819783504940924,26,1.59023118019104,0.6890834369490061
S4,4,18,1,MGCUBED,hyb,sample,5000,10,1004,6.652580017786803e-18,1.3046501361897576,1.9645661934339516,4.9999999999999996e-05,19289.477441149495,9.291349868571818e-11,5,0.1,0.6844170152082734,0.005543041618628636,0.7427984679543549,0.010688900823448219,0.6714648939271463,0.9933757641457552,1.0622280939672983,0.9800704378396554,1.049411217739117,0.8975926383401267,0.9686003594177311,0.7593815336407816,0.820856774934053,0.7009734377654891,0.7559760711210901,0.6844170152082734,0.7427984679543549,0.6889434532705196,0.7399462870867121,0.8170542257820852,0.8280210343584674,1.0321371157121066,1.0268404050279978,1.0822688575165653,1.0778782266155034,0.3256514787262195,2.282670772150826,0.9911260053822902,2.5630715518173983,1.1476417302626898e+17,8.29233662159061e+16,0.5851973820829299,0.42283698425592137,0.27421052753507,0.24612511000779158,0.29470699072592177,0.04213544846576138,0.36709668227055015,0.0,0.0,0.004826351796733,0.04210615212634552,0.006413557449436264,0.7525233592718851,2.7728105168278536,2.0035066333950917,228,0.0009822830967169758,40,2.014802932739258,0.6844170152082734
S4,4,19,1,MGCUBED,hyb,sample,5000,10,1004,1.291561671544893e-17,9.436773673955289,0.9803475582171726,2.5104353821767033e-05,11902.154488624592,2.6200234337911904e-11,4,0.1,0.6724053850444915,0.008724667536552703,0.7351727708098099,0.020235516840382158,0.6434599007149424,0.8651535963257209,0.9140023673012336,0.8640835126885651,0.9128999137318357,0.8541218846191709,0.9026664604687029,0.7955353325567682,0.8440009853545251,0.7055741749306342,0.763472366417554,0.6724053850444915,0.7351727708098099,0.7055366305936002,0.7410943867043159,0.9246143549273611,0.9242979991146771,1.0348183383504028,1.0307207268542402,1.05045850601012,1.0469745997549273,1.2132700821739861,4.089418872756896,0.9995392715112729,9.251318028710164,9.319719863600983e+17,7.256148999997345e+17,1.275541131031226,0.9931110202717549,0.05423315857637257,0.04750197856178875,0.49565420335644483,0.036675426824310305,0.5590653317467548,0.0,0.0,0.004126134553916507,0.03664970818709318,0.007051716518302335,0.5851248477171986,22.51732101599964,17.531539441544354,409,0.0009803475582171725,20,3.1483449935913086,0.6724053850444915
S4,4,20,1,MGCUBED,hyb,sample,5000,10,1004,7.791453538635689e-20,0.10617292708297968,1.3940413722490383,6.000000000000003e-06,11140.271354108312,5.082851242593725e-11,4,0.01,0.7472527074333956,0.00935094644725588,0.804751843575821,0.013569800376869938,0.7370402203989197,0.9712315155899228,1.0043940555942654,0.9111285496953083,0.948809440453615,0.8042715680337394,0.8563758521969387,0.758071797349489,0.8174031852574943,0.7472527074333956,0.804751843575821,0.7477819738290358,0.8019299431835488,0.7520240503973354,0.8009982014602967,0.7833533539364571,0.8082824881890774,0.9750940733717272,0.9665689689624493,1.074096204469725,1.0622946354393463,2.2627907927993554,0.08467753126551497,0.38575019099664587,0.14800945296645407,4.4492158928660756e+18,1.0275878421990225e+18,3.265037506739581,0.7540908166827843,3.851753373646408,1.584118594540799,0.4139105948940073,0.10173771054170902,0.5637020991775235,0.0,0.0,0.021089678103813916,0.10153761934300497,0.006801594226479698,3.1006963075963005,107.49724669346801,24.827490153758156,8,0.0009957438373207417,28,0.8250570297241211,0.6724053850444915
S4,4,21,1,MGCUBED,hyb,sample,5000,10,1004,8.653384611818993e-20,9.266406813140632,0.7143563024156114,1.1276674748334541e-05,11090.191866603565,1.5268088622921887e-11,4,0.01,0.7383183017480343,0.00955586726336748,0.7821212502570245,0.015112037426779483,0.7131971093396418,0.9490814765922545,0.9908358849295311,0.927710760806054,0.9704725541109864,0.8372357788034075,0.8846320220976885,0.7588803839195795,0.8064520833840694,0.7383183017480343,0.7821212502570245,0.7656690714003458,0.8052939751259107,0.8599828385762971,0.8881371075739691,0.9565396887804656,0.9618538393857732,1.0217162757126221,1.022191011000213,1.2323585835681237,1.2414156767023088,177.81748085633092,1.943172275448001,0.9842405486494297,6.619516107713972,4.989870090592134e+18,3.5482620085492465e+18,0.04659763587723515,0.03313525564185266,0.14622329788178196,0.14434242832133606,0.03202872030668567,0.006513097907264003,0.04418303973507298,0.0,0.0,0.0007851954955642655,0.006508032167016946,0.002475620524379746,0.3171711850954993,120.55996135337146,85.72935223882153,194,0.0009524750698874819,15,0.734760046005249,0.6724053850444915
S4,4,22,1,MGCUBED,hyb,sample,5000,10,1004,2e-17,1.4434012345796237,1.1693492803737877,4.1402735861703854e-05,13278.517367930617,2.93203320247928e-11,4,0.01,0.7030130083252268,0.012908733673335853,0.7395462558197903,0.026380586532105406,0.627679663172523,0.8673093956464826,0.8953548174482406,0.8642405224791183,0.8921728256049187,0.8392910882445884,0.8664752116221693,0.7566516863350842,0.785849197550254,0.7030130083252268,0.7395462558197903,0.7793123130307984,0.7929712590960363,0.959584914537845,0.9591836808586407,1.005071229205243,1.003792890876421,1.0102655560209481,1.0089572345018418,1.0109065053308035,1.0098158517352123,0.11984120698132134,8.332852468059224,0.9999994262677483,1.6878401949463198,4.322275349088253e+17,3.672036204471822e+17,5.989014344091333,5.088032511682403,0.0973176721120678,0.08477206121066365,0.8349017316999647,0.01183421586022505,0.8563092561578663,1.0,0.0,0.0012821837317936924,0.01182648819047542,0.005245716936552616,0.2444248798213498,10.44302435903443,8.871985339537561,833,0.0009744577336448231,24,1.8089649677276611,0.6724053850444915
S4,4,23,1,MGCUBED,hyb,sample,5000,10,1004,3.5416677885557e-18,0.17782450849058773,1.63130459207287,3.513839595454798e-05,17696.424761676997,7.328199179182854e-11,5,0.1,0.7589781594049669,0.006266145030432256,0.8115477848445876,0.013785557948151263,0.7545874235396743,1.1030541301753127,1.0894089491432557,1.0606132467761016,1.051562560886409,0.9146339593436213,0.9282479548822462,0.7995969172209904,0.8387487800963684,0.7642539446750594,0.8166641799015265,0.7589781594049669,0.8115477848445876,0.788169365191891,0.8168282058682717,0.9093816734962303,0.90766474146768,1.0060677319648623,1.0005832994766284,1.0270777741038644,1.0221021074567669,0.08337443291654015,1.7213940231640585,0.9769426873077485,0.29008593728379684,2.373335570057546e+17,1.6538976810938205e+17,4.726888442574381,3.294009466083801,0.8028054771649173,0.6019419363476284,0.7596264092628289,0.0446942809840246,0.823413991783518,0.18608,0.0,0.005139201716460704,0.04465827407530017,0.005999257275083313,0.8566396606802189,5.734202282023046,3.995972578345024,172,0.0009886694497411332,33,1.3305530548095703,0.6724053850444915
S4,4,24,1,MGCUBED,hyb,sample,5000,10,1004,1.9335956244773781e-19,0.5179711396580003,1.3049899878729876,4.9999999999999996e-05,18612.341745230067,2e-10,5,0.01,0.7625689671507333,0.019311542254431695,0.8177878650372656,0.02493591585543154,0.7611349099336338,1.0682472340255351,1.0782338181698725,0.8922279767264036,0.9239046138571441,0.7927532844813026,0.8462201927050748,0.7659618737656482,0.8238916733497976,0.7625689671507333,0.8177878650372656,0.7781506750632877,0.8306598365950568,0.8410782630802691,0.8766445896472044,0.9554405299275309,0.9615591714004591,1.019609921092774,1.0205293569032243,1.2427320214681934,1.2520436339573076,4.448248135145348,1.596436258280397,0.9713630834837343,0.6759471512608515,8.114951703748958e+16,5.599721628842892e+16,0.030293261353469454,0.020903862031716798,1.449113529411962,1.4359072840635947,0.020453697645089943,0.004535379708343643,0.028783724766560395,0.0,0.0,0.0005179319873395486,0.004532178917486079,0.0019881355536066694,0.260511405472313,1.960648766453865,1.3529454893741029,160,0.0009666592502762871,27,0.7135767936706543,0.6724053850444915
S4,4,25,1,MGCUBED,hyb,sample,5000,10,1004,2e-17,2.156427751618569,1.4119574613774168,1.3511789614865196e-05,19773.654231034423,4.669743688543204e-11,5,0.01,0.8028613279304103,0.0258043808482847,0.8435196314413187,0.04463757411163826,0.6756748145973294,1.1195461499489439,1.1341270341801293,1.114885160213394,1.1296565544661923,1.0756754092161689,1.0921250817314867,0.9284259932509704,0.9535674365777156,0.8028613279304103,0.8435196314413187,0.8041124177725136,0.8439183903650701,0.877907101773045,0.9073018049661478,0.9206293180880515,0.9296876412485972,0.9815490424293569,0.9773954462280905,1.0040391996813842,0.9987195296700883,0.1790416263550247,0.46148739360267127,0.760657464469021,3.0447842538191656,1.5741753663594378e+18,8.713930990916157e+17,14.599843330507086,8.081820487030614,0.036163508801341976,0.021053448304359575,0.8761473866644445,0.049286625925678576,0.9353456055684591,0.91348,0.4086,0.02725005103136265,0.0483670421352169,0.0045553585927563525,5.981977154267061,38.03355956892301,21.05367804026601,46,0.000973763766467184,29,2.72031307220459,0.6724053850444915
S4,4,26,1,MGCUBED,hyb,sample,5000,10,1004,1.2405451776844264e-17,5.334399057901346,1.6962050525838328,4.9999999999999996e-05,10982.180549767949,4.3097686300189596e-11,4,0.1,0.6549648417561169,0.004862125684748255,0.7108692577117005,0.0077881135996169856,0.6358509517173401,0.8450280272315368,0.8851443879072868,0.8427543712595827,0.8828915684962755,0.8232049595183915,0.8635609783501655,0.7445903951081521,0.7874040392588466,0.6754269854725153,0.7280775736121358,0.6549648417561169,0.7108692577117005,0.6854091984408641,0.7224529216396617,0.906603361342464,0.9096501326885538,1.0436780787804842,1.0421029382609128,1.0775620639401624,1.078815277492803,0.7140391333489885,5.699758436505697,0.9999645241609649,9.0482346345107,1.4558581416931507e+17,1.1813523630962853e+17,0.33856818311987813,0.27473028569440433,0.08669974934383366,0.08256493591017963,0.2150350652705932,0.01951864286639318,0.25187098055488605,0.0,0.0,0.0021637370739587785,0.01950547632109744,0.0058004572028194186,0.3730287110655785,3.517490397784869,2.854258580962399,570,0.0009977676779904898,34,2.428992986679077,0.6549648417561169
S4,4,27,1,MGCUBED,hyb,sample,5000,10,1004,6.388982194338074e-20,3.5493901080633607,0.5489740962872852,4.564686056560122e-05,11418.771669573724,1.3451142047668705e-10,4,0.001,0.8711324309389733,0.020532177450375697,0.8921505736553828,0.05211104978651478,0.8561568378722143,1.0265420029453596,1.0908473854948437,0.9187138220362566,0.9578573513722592,0.8815910984117836,0.9027522749276221,0.8711324309389733,0.8921505736553828,0.8859169579803089,0.8997558907395657,0.9628290865895961,0.9642885720133402,0.9946213503397416,0.9935814788410878,0.9989457060816734,0.9979273814658794,1.0169850305168067,1.0185136699922264,1.2522611294517723,1.2620233779787857,92.2510152603461,4.702833091019414,0.9998274376986832,1.9485232269451132,1.6811077972999133e+17,1.3318104137654963e+17,0.003026031925685503,0.002397288762497978,0.5119818079103452,0.5116608740051882,0.0023913575119400786,0.0003132588716829181,0.0029976757922695043,0.0,0.0,3.5000260560518945e-05,0.0003130454936767917,0.000689230123906234,0.05078167559211405,4.061714782023076,3.217779403041179,470,0.0009981347205223368,11,0.2844400405883789,0.6549648417561169
S4,4,28,1,MGCUBED,hyb,sample,5000,10,1004,6.367609861262705e-18,0.15030562603283645,1.3600134595473894,4.9999999999999996e-05,10062.338307045497,2.808467151760813e-11,4,0.01,0.7990411854537729,0.015118515163661913,0.8066191791299089,0.020671077405366427,0.7347922288271397,0.9885667178852051,1.0159669276249144,0.9661378848986859,0.9908691283486919,0.8813904145138259,0.8935465895703756,0.8114360308718501,0.8182085558325657,0.7990411854537729,0.8066191791299089,0.910950624667662,0.9137526961473073,0.9898044289127931,0.9897869122725693,1.0028996283652394,1.001786822392538,1.0043747884749912,1.0031311182459974,1.0045926019755214,1.0035197685309942,0.03919655404171599,10.908780498726994,0.9999999893910274,0.20441767445035405,2.3631067979579296e+17,2.0716513569758224e+17,10.011163618457326,8.776429703899202,0.500381534790995,0.44427138398100763,0.8973527251726735,0.006066368616544771,0.9088021062304833,1.0,0.39644,0.0006449677389420212,0.0060625333784375705,0.004289779354172991,0.1503498631729421,5.709488605181093,5.005304807545132,1091,0.0009714381853909924,28,1.27876615524292,0.6549648417561169
S4,4,29,1,MGCUBED,hyb,sample,5000,10,1004,2e-17,0.6872137509308083,1.7799600620855123,1.3547260989416177e-05,11287.145431188137,3.1561931603031374e-11,4,0.01,0.8819219649447219,0.016940821762818414,0.9203991805405058,0.025540610190694642,0.8006097098588251,1.1427287792599903,1.2086059665855042,1.1367680673720941,1.2023357969191637,1.0910671815102873,1.1538944256228956,0.9624279743349584,1.0129828646468468,0.8819219649447219,0.9203991805405058,0.889183720940923,0.9209264429592035,0.9153180617037332,0.9311538270676272,0.968346053561266,0.967454088900219,0.9973866424515778,0.994017764871634,1.0015558189004317,0.9982102636475254,0.05705726404598423,0.5444749611348763,0.7987700072433317,1.2232130307728193,1.0119457129588717e+18,5.83665180126156e+17,29.450682894171567,16.986423200513695,0.0454520099846957,0.02684731537023062,0.9371056342112969,0.02594906899374102,0.9668670410575017,1.0,0.9074,0.011229177876385136,0.025625332271085603,0.003363804721561307,3.3382371468856027,24.449561577975686,14.10190050678609,54,0.0009888667011586178,36,2.2503559589385986,0.6549648417561169
S4,4,30,1,MGCUBED,hyb,sample,5000,10,1004,4.4276148872631275e-18,6.249286467530867,1.0337474921094507,3.0250291023383787e-05,6116.6899231730495,3.116072974075903e-11,4,0.1,0.6604880596640816,0.00761407233865501,0.724864227962287,0.008168516866136045,0.6479189797441129,0.8401392949426958,0.9357128827358444,0.8354036032871164,0.9309482554663218,0.8005601663850188,0.8952673214375315,0.7166534795719525,0.8014477765843446,0.6719179656395664,0.742737120940626,0.6604880596640816,0.724864227962287,0.6927172416469259,0.7402519964059937,0.8888447393391349,0.8962622318702316,1.0430670112427152,1.0411537987670705,1.1045478757009741,1.1071283567055354,2.3437414015269904,4.73462705289836,0.9998359681638544,6.460184213283562,3.121501549971549e+17,2.481802542986867e+17,0.22115815629635627,0.17583552848262615,0.131646258125813,0.12676027809993132,0.14922109637078468,0.016482387327629765,0.1802301411919291,0.0,0.0,0.0018430194745249172,0.01647108128283489,0.0050281747103377746,0.36653847185057536,7.541841759339294,5.996268705137567,473,0.0009845214210566198,21,1.405884027481079,0.6549648417561169
S4,4,31,1,MGCUBED,hyb,sample,5000,10,1004,6.580860115547671e-18,6.481971508199004,1.9271947862989267,1.3862990073882391e-05,6069.9513548439945,3.901148754606697e-11,2,0.1,0.7363258900712857,0.009059063960788453,0.7640979327733813,0.012082916810055492,0.7289396799485081,0.8255288710526907,0.8606943728131572,0.8249336014413,0.8600773100770928,0.8194162743182714,0.8543545629583649,0.788022648288752,0.8216211833673686,0.7448401710808659,0.7754474025466369,0.7363258900712857,0.7640979327733813,0.7960139252767926,0.8088399504496451,0.9527800927655651,0.9502561321496039,1.0167883451167985,1.0066019808632325,1.0835243711582023,1.0813925935980566,1.6355866456183534,0.42603418802304305,0.7417478703138434,12.492021695539313,4.2271069390463686e+17,2.308407798287737e+17,0.42915954542747126,0.23436247430207913,0.06485217707637772,0.05601270622023545,0.18644106556553522,0.053316143751384555,0.29634136510771864,0.0,0.0,0.04197401842685464,0.05122021171361813,0.005413566813298746,7.7534867259314115,10.2130885164492,5.577330669872522,43,0.0009883050186148342,39,2.851332187652588,0.6549648417561169
S4,4,32,1,MGCUBED,hyb,sample,5000,10,1004,9.589428300854528e-18,5.317074835136392,1.7117565418993914,6.5586932557257905e-06,8935.175897884734,3.630287579143767e-11,5,0.1,0.616469038273469,0.009941070679127605,0.6611858125000117,0.016990809428683733,0.5783069013574226,0.8415606386850609,0.8810967536718988,0.8399177687398591,0.8796443459573702,0.8250143233416403,0.8664589683060113,0.7475340650239523,0.7973077254489542,0.6436969422503214,0.6971498653008078,0.616469038273469,0.6611858125000117,0.6859019437707978,0.7189587360982925,0.8153393909569108,0.8443596362393624,0.8952494020288595,0.8993942058445119,0.9980634032437076,0.9865210463197108,0.920723343438955,0.11537198456412338,0.4436799275716641,9.101537632813347,2.9812912172397076e+18,8.677709507915804e+17,5.376805717076981,1.5650385921203167,0.04283426579331481,0.017229871772752533,0.5563047610806245,0.1566378962352862,0.83834458457023,0.02528,0.0,0.2821120792039477,0.12831401752820704,0.006648051054935001,42.43530575694503,72.03080389030991,20.9661635256313,12,0.0009781465953710808,35,4.30056095123291,0.616469038273469
S4,4,33,1,MGCUBED,hyb,sample,5000,10,1004,3.802376601130012e-19,4.4534348329041205,1.2223306117010255,4.2276267611079665e-05,7662.134741442269,2.9732842704972473e-11,5,0.01,0.6972541184282899,0.020977801516658744,0.736104482963266,0.027596514814343415,0.6782810834577104,0.9768712319826152,0.9912799502117877,0.9081138689130203,0.9263559332911588,0.7775150530939262,0.8061933023436977,0.7173276419765611,0.7538915776100016,0.6972541184282899,0.736104482963266,0.7232477118116383,0.7443267689116299,0.9022700622641494,0.9023854089881412,0.9907992614845078,0.9897950155451163,1.0181598395760871,1.019610308137372,1.2444582484998647,1.2540823073158802,19.44863252354437,8.196282235593207,0.9999992903873729,5.443569723474348,2.31577199207561e+17,1.965917485344645e+17,0.01977223775940702,0.016785153317607257,0.18067040324823352,0.18014118924273925,0.01650586837527126,0.0013914233629707068,0.019293373471281662,0.0,0.0,0.00015104111426387072,0.0013905207924132389,0.001800194090828565,0.08390268306810846,5.595123255698326,4.749841814598067,820,0.0009778644893608205,25,0.9001457691192627,0.616469038273469
S4,4,34,1,MGCUBED,hyb,sample,5000,10,1004,2.194427305072754e-18,6.002963303792821,1.216012044405964,7.613701539331719e-06,6443.219163596752,3.7697219550592076e-11,5,0.1,0.6897719911657085,0.014275298393581177,0.721023294974418,0.016129548421773783,0.6543562191358921,0.9471599340811497,1.0071190832174188,0.9410149501341932,1.0003816975167452,0.8958966281279824,0.9506367357584281,0.7806433415563581,0.8226547739377036,0.7053916514384888,0.7369540014947621,0.6897719911657085,0.721023294974418,0.724540829803008,0.7626646494458941,0.773282777697326,0.7944889971429963,0.9605251772325802,0.9506691878845631,1.0692406548689628,1.058253577065142,4.542485896760422,0.21076245594547474,0.5734824682908239,7.29967567953909,1.76147473723519e+18,7.306637801382683e+17,0.6439200216570509,0.26709950882925276,0.10811494017570335,0.08333275694011631,0.2041122868302776,0.07316221182654531,0.36887593535029367,0.0,0.0,0.09414323132439006,0.06539573942326454,0.005536509050486123,17.004077924540553,42.55888878678485,17.65352514123763,21,0.0009728096355247713,25,1.8756837844848633,0.616469038273469
S4,4,35,1,MGCUBED,hyb,sample,5000,10,1004,7.584775125364702e-20,8.995255180872864,1.7036449057615835,7.83573554573042e-06,8317.930218282614,3.539862442426578e-11,5,0.01,0.7639993120160885,0.007747529433542916,0.7798104340915304,0.010362506810219847,0.7457504128951358,1.0782247946691093,1.0513920646826325,0.9948199624079453,0.9776216705360878,0.8473815981849908,0.8486146322836168,0.7686066620247779,0.7788986886302827,0.7639993120160885,0.7798104340915304,0.8969506486653301,0.9037886591341888,0.9836977877071501,0.9847005311912914,0.9978082509139897,0.9968658382180001,1.0167912408159547,1.0181301402369693,1.2511305493752942,1.2608318737602675,196.93362558747074,0.16968475482180095,0.5244514554187816,15.324720664919544,1.8828058983083832e+18,6.951569001790659e+17,0.015875769009583148,0.005861544401669969,0.06487378366127594,0.06423427570118101,0.00581910785234933,0.002879800804055928,0.01430956767523815,0.0,0.0,0.004892884921023026,0.002290717426677915,0.0010388051939958377,4.710108256392325,45.490363920280366,16.79564547745018,17,0.0009735113747209048,35,0.9763591289520264,0.616469038273469
S4,4,36,1,MGCUBED,hyb,sample,5000,10,1004,1.234476981499162e-19,5.688657775369201,1.3067554546234028,7.187371178704579e-06,13491.184378016016,3.168456490278992e-11,4,0.01,0.7287148195052664,0.010150587374841497,0.7747520715853534,0.01316358106548182,0.6942498435529889,0.9562327601655584,1.0152667695055124,0.9362993123698031,0.9927676547203648,0.8491409629010755,0.8957518893822002,0.7600478667518645,0.8052807861653661,0.7287148195052664,0.7747520715853534,0.7351916764153138,0.7715000351549822,0.8478391442229564,0.8608227654204239,0.9746131846004799,0.974487940944505,1.0151715151506662,1.0119340589499608,1.2180199127443536,1.2257615767768282,76.52016698044228,0.20794420785241818,0.5703733854503732,7.433684577449536,4.3552547030487086e+18,1.7853505988243597e+18,0.09451195504779085,0.038743308266797186,0.12950532664193629,0.12290664420229495,0.037046498428485154,0.015587250014672314,0.0762490747466869,0.0,0.0,0.01977774922047592,0.01387522718186546,0.0025972044803505797,7.615014285593043,105.22705584532224,43.135752091482054,21,0.0009679670034247428,27,1.1572577953338623,0.616469038273469
S4,4,37,1,MGCUBED,hyb,sample,5000,10,1004,2e-17,5.421545684598473,1.7054581237144704,1.4317889175594794e-05,14612.615666592757,3.090695236932074e-11,5,0.1,0.7719442843859138,0.011667652556508925,0.8222837773035053,0.022581206698869025,0.7278187637439493,1.074933158930118,1.1612497401218609,1.073050434911678,1.1593845973415742,1.055601280010894,1.1420519334865555,0.9549334659810024,1.0399094367198702,0.8022547272340355,0.8716230525636373,0.7719442843859138,0.8222837773035053,0.8240988861294232,0.8634995499923068,0.8675214483374505,0.8831014071451897,0.9618305242450808,0.9558691130267889,1.0164193938001946,1.0079073452350464,0.45013442068717713,0.648200706040944,0.8368302866436734,9.246219130887596,1.2750486562005855e+18,7.614800841593708e+17,4.703635200650411,2.8090885089194524,0.02839322696593631,0.01896199717589877,0.7207524287728256,0.07555343227795433,0.8234210419265899,0.06924,0.0,0.030166712299406255,0.0747745133148319,0.006238516119934794,4.8355589245029575,30.80637650367553,18.398076072301446,65,0.0009745474992654117,35,5.4842689037323,0.616469038273469
S4,4,38,1,MGCUBED,hyb,sample,5000,10,1004,1.7964184335712362e-17,5.786324911577164,1.7217370457008683,9.639032500582607e-06,8706.5374270424,2.9073451494965325e-11,4,0.1,0.7093956958248742,0.011002669984281196,0.7375935818634701,0.01854726765357055,0.6731167315926445,0.8844627590714822,0.8679804369721482,0.8835625904997857,0.867206888115511,0.8750379282099955,0.8599050396864337,0.8196443084327967,0.813496079468053,0.7202295073768187,0.7348986171653913,0.7093956958248742,0.7375935818634701,0.7946955861248796,0.8290350286277512,0.8548802069358947,0.8742076884593587,0.9510842476574585,0.9449141993034701,1.0117072823540054,1.0015411760411599,0.5348652848063818,0.30935149708076337,0.664631024907293,9.962529958724206,1.454361980311344e+18,7.122765488411949e+17,4.515202154115373,2.2113288515457086,0.03125687661948178,0.01819989673858953,0.6621046044078057,0.10450740406595958,0.8170082414970966,0.01512,0.0,0.09951244224005205,0.09922597420473124,0.00651161641805758,15.282294879055035,35.13875530962803,17.209272314144968,31,0.000983849740400496,35,5.267125844955444,0.616469038273469
S4,4,39,1,MGCUBED,hyb,sample,5000,10,1004,1.1284551970945465e-19,4.483796901500144,0.6105104705330917,1.3457852113867236e-05,7894.111068150672,3.763422459666635e-11,4,0.01,0.7834307269407682,0.009622850489260495,0.8289800566284148,0.014668003753650218,0.7713337486123308,1.0053955849143803,1.0409258845081593,0.9476097783719082,0.9836720645077113,0.8369493644490916,0.8767210468334964,0.7914064382115412,0.8374565535179272,0.7834307269407682,0.8289800566284148,0.8117451786228385,0.8476616007811643,0.8978391079062618,0.9185351446465262,0.9714405058941074,0.9750287761748542,1.0198045392639392,1.0206245577856112,1.2398696321795906,1.2493152833024952,65.97975660340032,1.313784590636129,0.9528871507768764,2.7374049561096716,1.4915323626763459e+18,1.0075942442774153e+18,0.037537994768088334,0.02535852953413182,0.3562748798537843,0.3520926354108894,0.024696183965473757,0.005883925643969738,0.035584400629438094,0.0,0.0,0.0007919429721498332,0.005878128377217242,0.002177200900034392,0.3637436362153458,36.03682675839452,24.344425995978096,131,0.000939246877743218,13,0.4995861053466797,0.616469038273469
S4,4,40,1,MGCUBED,hyb,sample,5000,10,1004,6.293434389460888e-18,8.595708844555974,0.9474325453798043,8.106187680546775e-06,4727.797308625426,4.354696641639432e-11,5,0.1,0.6751055639513475,0.022630575610847296,0.717810387428282,0.02250300469833777,0.6482772955463721,0.9378821755619539,0.9880966889502358,0.9338664672639714,0.9842157738380799,0.9007444755532085,0.952139460158433,0.7845383326103809,0.8376060183174221,0.6938070689232437,0.740262488608374,0.6751055639513475,0.717810387428282,0.7209652707361276,0.7619807815676416,0.7722151822302262,0.795737455303939,0.9446130350821484,0.9356771086425452,1.0561426271185532,1.0436713113044649,2.2680001829112046,0.2654457970471667,0.6278093096292637,8.143854309941363,1.213301592115904e+18,5.6272415493624634e+17,0.8883309221724017,0.4120041304911172,0.08696290463669495,0.06502672762740878,0.28200178505935664,0.08490827918278136,0.4579729970011294,0.0,0.0,0.09670921250397271,0.07813397318184895,0.006209292372147167,15.57491686778646,29.31450927575538,13.59594561382095,27,0.0009972974161892676,19,2.1153810024261475,0.616469038273469
S4,4,41,1,MGCUBED,hyb,sample,5000,10,1004,7.952506675063948e-18,10.0,1.9818688954385648,4.9999999999999996e-05,10981.61015192602,3.0294636777081476e-11,5,0.1,0.6496549990673033,0.005339847043549081,0.7046970995311825,0.007403935069001858,0.6348920695000296,0.9271149963473402,0.9714767730071436,0.9227080974577919,0.9671157688868854,0.8872642422379247,0.9319693306949594,0.7704026963542214,0.8148792268284406,0.6759186176269714,0.7260127498149295,0.6496549990673033,0.7046970995311825,0.6864050618287675,0.7195793598867909,0.9184539326288803,0.9202656067286175,1.037272810639791,1.0370879945504612,1.119528392273227,1.124998694531526,2.08807000738606,6.9398180925423025,0.9999949532287495,19.81868895438565,1.7282462432622333e+17,1.4379989478766638e+17,0.137438897856971,0.11435696231724103,0.04527940877588963,0.04436055819269673,0.1025292717172596,0.009080388401801545,0.12027551631606885,0.0,0.0,0.0009959421439085737,0.009074363443385974,0.004284663091181345,0.2324435136938568,4.17560570744396,3.474340903364614,694,0.0009909344477192824,40,2.770735025405884,0.616469038273469
S4,4,42,1,MGCUBED,hyb,sample,5000,10,1004,4.615354844011974e-18,10.0,1.4439152355166078,4.9999999999999996e-05,679.1767801999324,8.337192308745827e-11,5,0.001,0.7964002464180282,0.020093283397512488,0.8326474918293039,0.02973967457376255,0.7375538732501091,1.099628938677311,1.1384487818593483,0.965177282388583,1.006861736352261,0.8380598661303902,0.8756384399875088,0.7964002464180282,0.8326474918293039,0.8454556740455468,0.8611966756949874,0.9642643952622804,0.9653032625772443,0.9951826305873551,0.9940897452180215,0.9990012205942224,0.9979811089573994,1.0169825012939702,1.018513228606374,1.252241616370498,1.2620038593973315,3.597857853396155,3.4612043446372422,0.9987286134303188,14.439152355166078,6083893606267272.0,4899487504114321.0,0.0028079327826139133,0.0022612873385290167,0.06909988827620467,0.06906222090453945,0.002256100623020802,0.0002768447818334567,0.0027847041947443463,0.0,0.0,3.124015458080533e-05,0.0002766575378563587,0.000669678637880726,0.04664947157291494,0.14699259995415367,0.11837623293260013,346,0.0009958036107011088,29,0.7698650360107422,0.616469038273469
S4,4,43,1,MGCUBED,hyb,sample,5000,10,1004,6.788365530025928e-18,3.793544727020617,1.1950781786546194,4.207033168109797e-05,8176.61163139221,3.009589015286889e-11,5,0.1,0.6610008110502735,0.004931111661345218,0.7036766909835397,0.010562897586537756,0.6474035438624164,0.9326985351202575,0.9447363878054565,0.9258370691548002,0.9382574201648506,0.8753354104606854,0.8907521179445462,0.7496080461409582,0.7765077685475238,0.6796798457033477,0.7216148788890366,0.6610008110502735,0.7036766909835397,0.7194425972265786,0.7363155383963099,0.952650181792929,0.9522429730018894,1.0376864153479992,1.0377143316762845,1.0523331947953953,1.0539683550631724,0.9279596383586345,8.201572191804052,0.9999992962073627,4.533582523012634,2.5080569782964614e+17,2.128829799074384e+17,0.44880471337371836,0.3809438366284493,0.1597285166471862,0.15224695817291903,0.27544918158396237,0.01715939846321804,0.3087033863735609,0.0,0.0,0.001862618885363654,0.017148263284849977,0.006312007557208761,0.29509135857044577,6.059701893753981,5.143453309299624,820,0.0009958984822121828,24,1.6667790412902832,0.616469038273469
S4,4,44,1,MGCUBED,hyb,sample,5000,10,1004,2e-17,9.033090499176803,1.2721502484072382,6.000000000000003e-06,8741.453067120572,3.5899459403310944e-11,5,0.1,0.6391814645840779,0.010286014378801183,0.6780007614067651,0.007283607881394504,0.597211979563283,0.8583704416479453,0.8941011871903342,0.8571270760640474,0.8928743051922222,0.8454867198589096,0.8814098560179324,0.7744438119102675,0.8121252781667998,0.6564736399987358,0.6963797844635884,0.6391814645840779,0.6780007614067651,0.7265275623730505,0.7569115001066046,0.8501839768163544,0.876160244977535,0.9161719710486527,0.9210423588969597,0.9941240294568813,0.9845609285429375,0.7499899835599992,0.1313786922512054,0.46986672280971375,11.491448322412833,3.9741054928762675e+18,1.2580511522078897e+18,8.798994083450028,2.785427982422046,0.02298847930338969,0.008880629183699126,0.6812012076568489,0.14390502630957444,0.8969442622782063,0.20748,0.0,0.23207564744657658,0.12371019626087984,0.006231303790819368,37.243513594778605,96.01813192265462,30.39570079724246,13,0.000978577114159414,26,1.27103590965271,0.616469038273469
S4,4,45,1,MGCUBED,hyb,sample,5000,10,1004,2e-17,3.702601124261083,1.4139073842760665,6.000000000000003e-06,4812.47974842376,4.6046687688711036e-11,5,0.1,0.6542500603874564,0.0037831264341009275,0.6926625316297882,0.013911582877578483,0.6299442665841768,0.9387912934767453,0.9721629914119406,0.9356016964244711,0.9690774835956324,0.9078639236896505,0.942195410949042,0.7885685840288901,0.8253253347671439,0.6708080321922403,0.7063393428685905,0.6542500603874564,0.6926625316297882,0.7180263480271124,0.7484272680024178,0.8432909820571621,0.8672080601697634,0.9139141741868297,0.918192599336655,0.9905850893051504,0.9807873735289814,0.30741569084986664,0.09215775625392131,0.40097786632993215,5.23513507062161,1.9636271223343967e+18,4.887020271118519e+17,10.606744050650459,2.639776798584432,0.05248042656979624,0.01645741804721312,0.6604221348496164,0.15362828218798655,0.9089476423294852,0.1888,0.00336,0.28437261560043353,0.1246313516055284,0.006293704749685297,45.18366000798702,47.44308081835738,11.807501284051973,9,0.0009751085408800459,29,3.0903940200805664,0.616469038273469
S4,4,46,1,MGCUBED,hyb,sample,5000,10,1004,2e-17,10.0,1.9174552032036938,3.92069389649943e-05,20000.0,3.448935951466325e-11,4,0.1,0.6665704429667604,0.007203710628704371,0.7295738043615029,0.010127985242428758,0.6305217366091947,0.851182198493847,0.9277609315817715,0.8505339636632072,0.9270904637132373,0.8443387825704107,0.9206846963091897,0.8013565458938924,0.8763667241009232,0.7077940071007817,0.7792265867913806,0.6665704429667604,0.7295738043615029,0.6871134899361875,0.7278548421632892,0.8956663566413979,0.8983693302109858,1.0404441337651256,1.0362810461925236,1.0643476160292682,1.0611314483517555,0.8302695335869232,3.8740414844562636,0.999348280810558,19.17455203203694,3.9113493238211674e+17,3.024438262042811e+17,0.7822698647642335,0.6048876524085622,0.032496017340363434,0.02926181832115686,0.3749142031520816,0.03549396382707209,0.4374761708597315,0.0,0.0,0.003999619958609725,0.035469373406351125,0.006826400977381323,0.5859046328895874,9.450188376817197,7.30732771330065,387,0.000983310360617279,39,5.527521133422852,0.616469038273469
S4,4,47,1,MGCUBED,hyb,sample,5000,10,1004,1.2682558200604707e-17,9.458384312370512,1.8693611581421086,4.9999999999999996e-05,6781.37333049351,1.855392477573031e-11,3,0.1,0.8236371467848782,0.00795826636178703,0.8036021641125319,0.006482836909187554,0.7075532135210748,0.9719385280076164,0.9584205017308831,0.971095366151515,0.9575513634060975,0.9633314419126439,0.9495426670385758,0.9201460423103376,0.904845383894507,0.8565062813760955,0.8388245744740532,0.8236371467848782,0.8036021641125319,0.8355408698645563,0.823964788890468,0.9804283670966945,0.9790115340043174,1.026069200320403,1.026855245842344,1.0709253055118932,1.0769328455497762,1.2383950000155812,12.013228899945874,0.9999999980666063,17.68113625232609,1.7325874147104768e+17,1.54292481074297e+17,0.23231917840303648,0.2068876994753919,0.046862231823294166,0.04589513183653511,0.1713366277542615,0.008409716210498294,0.1885216414192313,0.0,0.0,0.0008880246953172018,0.008404422417573843,0.00532645999538973,0.1667194902591634,4.18609438655838,3.7278516710293066,1201,0.0009838742937590046,38,3.2276501655578613,0.616469038273469
S4,4,48,1,MGCUBED,hyb,sample,5000,10,1004,2e-17,4.091896358186763,1.248115533622574,6.007004854843647e-06,15089.471133688043,2.7145222330539133e-11,5,0.01,0.7552191133657659,0.02050345539982357,0.794670528837568,0.027541760471063773,0.6384875514813886,1.053963656741199,1.1058464010102695,1.0503573580771295,1.1020944770415162,1.0187413774311804,1.0692193670088328,0.879837552119875,0.9248833016791173,0.7552191133657659,0.794670528837568,0.7981888223888918,0.826162425291345,0.8973251650332376,0.9161712066754658,0.9472421390856407,0.9590308765165885,0.9800020131624034,0.9773158696332775,0.998852249961298,0.9936511544021354,0.3397376880797754,0.17750742506665415,0.5344516312597436,5.107159406626539,7.73797331086339e+18,2.919033424562878e+18,37.82096433298867,14.267386898608477,0.012824955744637488,0.0050437583062439536,0.9118867153273932,0.06061865824663976,0.9740274703052952,0.94216,0.744,0.06693863415765701,0.056289046162035374,0.00379601789921511,17.633908989601363,186.95672359686756,70.52659697854757,18,0.0009984924268980591,25,3.536190986633301,0.616469038273469
S4,4,49,1,MGCUBED,hyb,sample,5000,10,1004,8.867851686927802e-18,10.0,1.741386764791637,6.3037310918106475e-06,7738.80966260892,4.08854941847185e-11,5,0.1,0.5994622170535427,0.007654663762441415,0.6400632926112773,0.010444764698872087,0.5590876532547476,0.838199029443228,0.8937981045912137,0.8364805102149833,0.8920733527457125,0.8208659264624536,0.8764639297517359,0.7390517886044863,0.7962761124627281,0.6284489677059181,0.6842367899977485,0.5994622170535427,0.6400632926112773,0.6900518688276922,0.7254646122844461,0.7868123412545855,0.814559020363497,0.8937022917802316,0.8907081008573771,1.016368977412529,1.0027748051266427,1.872538158956431,0.0930207026711643,0.4026833958023252,17.41386764791637,2.7283811575680573e+18,6.79505004120532e+17,2.4194879450721927,0.6025749597066142,0.035833267206012175,0.016793595319318757,0.3384875589253319,0.1476531260314774,0.6970976637150818,0.0,0.0,0.3272991158075115,0.10387937034142929,0.006291369345258051,52.0235099619774,65.92025863235214,16.417480926136196,9,0.000995078151309507,35,3.7271728515625,0.5994622170535427
S4,4,50,1,MGCUBED,hyb,sample,5000,10,1004,4.147729292526654e-18,10.0,2.0,2.373751668438472e-05,15547.931575096223,4.903981934394889e-11,5,0.1,0.6944948414882015,0.005986967393924451,0.745224495929752,0.008539486749242266,0.6761188559109764,0.9943218346480329,1.027412917552588,0.9883798406779751,1.022075730295716,0.9418349493405481,0.9799530638853419,0.8057036140852352,0.8513777720489303,0.7160026985933313,0.7630061188540808,0.6944948414882015,0.745224495929752,0.7137125389227944,0.7563856956614875,0.8715163126985465,0.8857196310218457,1.0279506504837788,1.0230011397621646,1.1377251123376557,1.139417071038224,4.00348950006403,0.9575036944118392,0.9098958159041732,20.0,4.074688560679773e+17,2.6249978141625898e+17,0.16900705101054764,0.10887780326620611,0.04509063113421939,0.04277134167563619,0.09753890461045937,0.024307157662087055,0.14344819741115203,0.0,0.0,0.0066427552561190185,0.02417826404627781,0.004152298899373447,1.5997777176208015,9.844831358010037,6.342241967878002,96,0.001,40,2.85617995262146,0.5994622170535427
S4,4,51,1,MGCUBED,hyb,sample,5000,10,1004,2e-17,2.0803680166949134,0.7741510960906003,3.201585358530674e-05,8823.450094181742,3.2837344124188003e-11,5,0.01,0.6798719377783122,0.018199024953529392,0.724794173498531,0.027988520039520348,0.595800530909461,0.957032626226771,0.9878355395292824,0.9494794526582343,0.9800122928872789,0.894098954223909,0.9233207228367002,0.7557700443434745,0.791146959420927,0.6798719377783122,0.724794173498531,0.7136694382103379,0.734249020347135,0.9177823520858294,0.9143579324472203,1.0031062856715298,1.000702548058748,1.0145605419087511,1.0128022542926107,1.015854090453138,1.0143709791211895,0.17272661829104383,6.720245871116235,0.9999928800564093,1.6105191803961956,5.1518164552811014e+17,4.268982549350704e+17,4.9527933653448555,4.104064776128263,0.12165162686477239,0.1043069607041891,0.802757861562434,0.01625056377593376,0.8312739296366783,0.57184,0.0,0.0017861175483959819,0.016239633590115477,0.0056200197963295695,0.31781339089988503,12.447273806173342,10.314263935213267,672,0.0009676888701132504,16,1.4256031513214111,0.5994622170535427
S4,4,52,1,MGCUBED,hyb,sample,5000,10,1004,8.718858555408438e-18,10.0,1.5995367708055912,7.101088981866834e-06,7170.708138827249,3.7492520719911474e-11,5,0.1,0.5968105633355336,0.007432484980940462,0.6396071090888859,0.01195868464593813,0.5684393276686432,0.8400047131994312,0.900425817688998,0.8381824292446373,0.8985632330653457,0.8216243171709736,0.8816567263148498,0.7348393444390333,0.7936705955217576,0.619152518034341,0.6729676451563225,0.5968105633355336,0.6396071090888859,0.6945753996953743,0.7357628809456565,0.7765670471466649,0.8062655869919872,0.8993791785498464,0.8952382945540183,1.0277487535757421,1.014134407947947,1.9045372242491416,0.14013925055340526,0.4832713321013667,15.995367708055912,2.0149395448036316e+18,6.65783768139735e+17,1.7567972888841925,0.5804874502897196,0.039556214204209274,0.022677800933281086,0.34169015730618457,0.1273418019791751,0.6288695415876702,0.0,0.0,0.23358174352950675,0.10165773050034668,0.006409680570741548,36.44202561290558,48.682837276446804,16.085962940791397,14,0.0009997104817534945,32,3.6341638565063477,0.5968105633355336
S4,4,53,1,MGCUBED,hyb,sample,5000,10,1004,2e-17,10.0,0.9595344980690224,2.7523507703246463e-05,6542.461548627239,3.481192378507577e-11,1,0.1,0.8096996609382072,0.0070082275068928815,0.8622441458247755,0.008855289404854697,0.8039435686304657,0.8468269021459823,0.8972976683929443,0.8466744213223152,0.8971687790718598,0.8452065606770086,0.895928086389759,0.8345878160169363,0.8869498170787782,0.8114365859143973,0.8669903034125392,0.8096996609382072,0.8622441458247755,0.8431889471786651,0.8798354827969985,0.9541592076696764,0.9594983779256356,1.037843213718352,1.0340510416700244,1.0753028877921442,1.0753099440140197,0.8302695335869232,3.7797901995318757,0.9992411896280302,9.595344980690223,3.635423003989042e+17,2.8121739597153782e+17,0.7270846007978085,0.5624347919430758,0.06670179254865972,0.06034284673423255,0.3581097990259249,0.03479285970510138,0.4195983961763112,0.0,0.0,0.003924150830355353,0.034768797447533806,0.006760753141905766,0.5804310182591856,8.783524398569387,6.794477165677297,378,0.0009595344980690224,20,2.692366123199463,0.5968105633355336
S4,4,54,1,MGCUBED,hyb,sample,5000,10,1004,1.7579098719736118e-17,10.0,1.7272806555756295,3.20529507987946e-05,4676.206655299069,3.642189632641483e-11,5,0.1,0.6573475669447828,0.004783758267983245,0.7221922076822687,0.008240423322285726,0.6400331068124328,0.9342110684252358,1.0134669387107083,0.9297755151999846,1.0092683864175132,0.893352588407927,0.9745650614195938,0.7698081986284472,0.8515579569507634,0.6784323061435614,0.7498213503200211,0.6573475669447828,0.7221922076822687,0.6797237957644594,0.7312957674477162,0.8543328353505751,0.868091371181254,1.0410941101399995,1.0375289538658792,1.1118232996179342,1.1124623756009928,0.9446098993172803,2.721819494834948,0.9957304320382252,17.272806555756294,1.2373531329747466e+17,9.208445996770565e+16,0.21751552875737842,0.16187618123258862,0.04982843442147722,0.04755132048419352,0.13879867051734715,0.021304398977311276,0.17776772870506052,0.0,0.0,0.002432839413825927,0.02129010851034406,0.00486945445262121,0.4996123154034921,2.9895617157080405,2.2248472872838394,272,0.0009870175174717883,35,2.7633509635925293,0.5968105633355336
S4,4,55,1,MGCUBED,hyb,sample,5000,10,1004,2e-17,10.0,2.0,6.961612405033644e-06,4260.271718279062,3.711277678769691e-11,5,0.1,0.5882658195875452,0.009393263880045966,0.6311707472623733,0.01235035486919644,0.5564570245659989,0.8219577703080342,0.8660343157402334,0.8205893210091373,0.8647549924649611,0.8079458429236037,0.852925013317169,0.7358343921318553,0.7848485548492279,0.6211278933033613,0.6707662958296364,0.5882658195875452,0.6311707472623733,0.6874488170687949,0.7264763247368256,0.7832460219584344,0.8133465546271129,0.892064499192738,0.8899115216187852,1.016375181422296,1.0028773464125316,0.8302695335869232,0.10882156917539067,0.43225175075024974,20.0,1.1664080296735163e+18,3.28608731059987e+17,2.332816059347033,0.6572174621199741,0.030171055484799283,0.015002328094217124,0.36148082555174055,0.14276786762393753,0.6928551703025694,0.0,0.0,0.30293388028674123,0.10476757441700286,0.006438156102431198,47.05289456593734,28.181516638044187,7.939496459369993,11,0.001,40,4.280279874801636,0.5882658195875452
S4,4,56,1,MGCUBED,hyb,sample,5000,10,1004,1.5968775798154096e-17,10.0,2.0,7.039386703429367e-06,8454.01152433701,4.1536263062732907e-11,4,0.1,0.65161020056998,0.00983220581175531,0.6760271779043154,0.010425098816252034,0.6111390730661139,0.8238510528516848,0.8142249352122377,0.8232325721621612,0.8136239224027291,0.8173175908955523,0.8078912931033253,0.7761015348154583,0.7688613902565488,0.683874497964602,0.6910953732471837,0.65161020056998,0.6760271779043154,0.7364959087426513,0.7668723669599177,0.815543716144164,0.8391621210751203,0.9136085161074119,0.9092726432174121,1.0074660166614566,0.9944111992742757,1.0398662290479377,0.09941707459651485,0.41501917101698105,20.0,2.180902544907009e+18,5.710070147874254e+17,3.482634377724372,0.9118282998313656,0.026152976187459036,0.01115415529949661,0.42762753978263085,0.15990433258711947,0.7727810897217585,0.0,0.0,0.3392322626602178,0.11859725287969707,0.006583675573853566,51.526272650409155,52.692659679694664,13.796067309461137,10,0.001,40,3.9461560249328613,0.5882658195875452
S4,4,57,1,MGCUBED,hyb,sample,5000,10,1004,2.3802042559836233e-18,10.0,2.0,2.182474703002436e-05,200.0,1.4180806634201049e-11,5,0.001,0.8423530769663975,0.021603850697446608,0.8672146246832255,0.04665265725088499,0.7526303613067418,1.1885748557793037,1.2050182780692098,1.0888003811622782,1.1157249090281502,0.91241594915291,0.9527848281220509,0.8423530769663975,0.8672146246832255,0.8746744757603377,0.8843078004488276,0.970553835140243,0.9709574232233908,0.9959477359175757,0.9947939066790454,0.9991443847741707,0.9981161071867568,1.0169728754210263,1.0184962891193063,1.2518224896502275,1.2615775313513387,6.976456171773487,2.7990860887500393,0.9962421263060599,20.0,1.9639367247298484e+16,1.7401929780441464e+16,0.004674570550684523,0.0041420147325734935,0.04979375353925029,0.04976735896937641,0.004124853491196867,0.0002688142581141821,0.004640153178024056,0.0,0.0,3.157288778916828e-05,0.00026860603191155007,0.0009059146034689855,0.034851947046959375,0.47450561103846367,0.42044701439414545,280,0.001,40,1.0472559928894043,0.5882658195875452
S4,4,58,1,MGCUBED,hyb,sample,5000,10,1004,5e-20,10.0,0.5,6.000000000000003e-06,200.0,2.2489431157780927e-11,1,0.1,0.9990073037586689,2.9153020635258737e-05,0.997628676952394,3.4127298207944185e-05,0.9989377567688568,1.0396738002963037,1.044158731950733,1.0155361348129883,1.0139164573057475,1.0037983377894886,0.9997963464772285,0.9997949789766876,0.9974146230484321,0.9990654478583056,0.997565042446691,0.9990073037586689,0.997628676952394,0.9990085450496851,0.9976721125287764,0.999288777756586,0.9982490509376462,1.0169507030123288,1.0184850704456907,1.252382051831623,1.2621478079758934,332.10781343476935,0.5335839717692563,0.794203314077902,5.0,2.1278904952168982e+17,1.5962664999463914e+17,0.001063945247608449,0.0007981332499731957,0.19984050065173856,0.19978743710575947,0.0007974957786286671,9.936341311272666e-05,0.0010191943352393707,0.0,0.0,0.00010162591273817043,9.284075936557355e-05,0.000398420008555385,0.2550723120223096,5.141183862706795,3.8567302164049218,53,0.001,10,0.2301480770111084,0.5882658195875452
S4,4,59,1,MGCUBED,hyb,sample,5000,10,1004,2e-17,10.0,2.0,4.2352034187284036e-05,15093.600842903912,4.898955396843365e-11,5,0.1,0.6649731735469414,0.005352926338469618,0.7238284317804762,0.007580597049856236,0.6319936549769594,0.9400980357372216,1.0027858037936683,0.9377296510160871,1.0003325548053095,0.9166456341245016,0.9784777797793975,0.817252084889313,0.8753975064259867,0.7030844672021337,0.7591920135864714,0.6649731735469414,0.7238284317804762,0.6724738613980373,0.7217741603367782,0.842094890667822,0.8519776098248564,1.0415425817959858,1.0370357021462473,1.088359391081682,1.0857252877875903,0.8302695335869232,3.051151817924015,0.9975175116961721,20.0,1.9027923346014803e+17,1.4283273348001053e+17,0.3805584669202961,0.2856654669600211,0.0388903655615997,0.03621722744675808,0.22107051673974362,0.029695320660692838,0.27435826452163864,0.0,0.0,0.0033685334189988937,0.02967536423554231,0.005846214044676637,0.5761905727803732,4.597325504637007,3.4509733752012446,305,0.001,40,3.9329659938812256,0.5882658195875452
S4,4,60,1,MGCUBED,hyb,sample,5000,10,1004,2e-17,10.0,2.0,2.9108123825361158e-05,19853.768874625646,5e-12,2,0.1,0.9113569242539894,0.0030361636064671353,0.8935851580014257,0.004940750251500356,0.8617406155789945,1.0271826171223926,0.922111297332245,1.0269910294509805,0.9219331226339911,1.0251016052167112,0.9201813243454305,1.0084628388916304,0.905197443157628,0.9317619226530087,0.8500271704046544,0.9113569242539894,0.8935851580014257,0.9878586159399522,0.9858393272149335,1.0034496864118645,1.0024920054781286,1.005122494611681,1.0043092205388366,1.0055335688203357,1.0052309802864035,0.8302695335869232,14.121381210542632,0.9999999999242335,20.0,2.958697988016993e+18,2.6638229836389417e+18,5.917395976033986,5.327645967277884,0.007901832728721659,0.007228153509388507,0.8416728487772953,0.006769682842665171,0.8554368324345898,1.0,0.0,0.0007062425360765829,0.0067655192319771434,0.005160883292675654,0.13684528326360046,71.48493019169922,64.36047234280271,1412,0.001,40,1.050217866897583,0.5882658195875452
S4,4,61,1,MGCUBED,hyb,sample,5000,10,1004,3.0221062687608602e-18,10.0,2.0,6.000000000000003e-06,200.0,4.4860150944543315e-11,3,0.001,0.9447793393464223,0.01830473247102085,0.9457687885775394,0.021297444632087083,0.8679806414385919,1.0941067293608566,1.1051270331245078,1.0682895398258627,1.080293003804821,0.9951951861554902,1.0044176050593399,0.9447793393464223,0.9457687885775394,0.9586604847767267,0.955159697850893,0.9876307200536731,0.9835123718570864,0.9969979966547815,0.9950684913350882,0.9989256883223894,0.9977580084924338,1.0165598808118501,1.018023522201775,1.2511796828582757,1.2609183640905801,5.494641549632567,0.06687449633659594,0.34578194634149234,20.0,7.65075753489517e+16,2.0089807429576464e+16,0.02312140230697608,0.006071353297112154,0.049698264279307076,0.04887005577955651,0.006019306967947278,0.0038725866607684724,0.01791746781067952,0.0,0.0,0.011875008609401078,0.0009371967178600427,0.001042742537675442,11.38824607258635,1.8484950830083064,0.4853886701124514,7,0.001,40,1.0947933197021484,0.5882658195875452
S4,4,62,1,MGCUBED,hyb,sample,5000,10,1004,1.4231081672412173e-17,10.0,2.0,6.818234240772549e-06,200.0,3.542175000615056e-11,5,0.01,0.7665152931588147,0.015304891093028928,0.7914344821773109,0.016180531818241178,0.7046667836597058,1.0647202098321458,1.081960299853463,1.0469696090481486,1.0636956130279054,0.9532181992489643,0.9687585215099725,0.8222072672760061,0.843378569498771,0.7665152931588147,0.7914344821773109,0.805494230298083,0.819590605879808,0.9487694749900173,0.9494877740796808,0.9941155470678467,0.9910731438841882,1.0114368095395814,1.0102469168688604,1.2156887074854166,1.224107928315588,1.166839672062949,0.10936858040133318,0.43322336909179776,20.0,5.8569060750353096e+16,2.2320582379132836e+16,0.08335010870147452,0.031764603081324345,0.0484606661739286,0.04615313147467259,0.030590901592633307,0.013711176926907025,0.06904199976593854,0.0,0.0,0.03983470498684028,0.004536084157414687,0.002373540422378677,16.782821396788922,1.415083673997596,0.5392862940633528,11,0.001,40,1.7345771789550781,0.5882658195875452
S4,4,63,1,MGCUBED,hyb,sample,5000,10,1004,2e-17,10.0,2.0,7.823137364227199e-06,6356.415427545208,3.4847444213113197e-11,5,0.1,0.5888822737870039,0.011639411376746314,0.6312381420094733,0.014423362132529035,0.5493203045139677,0.8573515350515588,0.8964608601953719,0.8560360285595247,0.8951292182051933,0.8436892365862596,0.8826246713345318,0.7668905975578049,0.8047838464025958,0.6313185732321811,0.6712346990771243,0.5888822737870039,0.6312381420094733,0.6837696798527862,0.7218675885591057,0.7898272669775694,0.8214527038525326,0.889951089422298,0.8899607614619935,1.0136188873052214,1.0004642348945216,0.8302695335869232,0.14635573139234073,0.4924269750772651,20.0,1.3598398814584748e+18,4.6250392948006803e+17,2.71967976291695,0.9250078589601362,0.0259739199335058,0.013442017374310286,0.4445428411776304,0.14111043986656321,0.7282655759490563,0.0,0.0,0.2497497037403458,0.11581566066403007,0.0067147580644425905,37.19414777769483,32.855012370863626,11.174530569248272,15,0.001,40,3.861502170562744,0.5882658195875452
S4,4,64,1,MGCUBED,hyb,sample,5000,10,1004,6.999695165974321e-18,10.0,1.2822332018032772,1.6667807762430567e-05,8379.588765554432,4.4962712320450546e-11,5,0.1,0.7093197171872523,0.008162656623661743,0.7609986838935537,0.011097642017063116,0.6832685239042661,1.0006769276815466,1.0675690913908658,0.9968315138546842,1.0636625348030788,0.9643669773073322,1.0305252150919282,0.8415076353242386,0.9027407239903249,0.7388801198015245,0.7920905011057142,0.7093197171872523,0.7609986838935537,0.7127973628579204,0.759858115509787,0.7934430863959474,0.8115165201141361,1.0092310804813571,1.0016265469396255,1.0914331363498808,1.0851688727226898,2.3723019757285506,0.8031306413130549,0.8793907927207814,12.822332018032771,5.503778548815344e+17,3.44049134958176e+17,0.3852477210273593,0.24082390668243914,0.06285253947202153,0.05629962958159283,0.19153603836512106,0.045883848851367995,0.27611512882767425,0.0,0.0,0.0152497984726985,0.04552714493578812,0.005498986617083691,2.7732015977856683,13.297647375504177,8.31255116088532,80,0.000986333232156367,26,2.4134140014648438,0.5882658195875452
S4,4,65,1,MGCUBED,hyb,sample,5000,10,1004,2e-17,10.0,2.0,6.000000000000003e-06,6381.520418594043,2.8931223174098638e-11,5,0.1,0.6140450141658349,0.005296972392987637,0.6432644232102686,0.017551485841212376,0.5714860072854657,0.8425844343516268,0.8563882199426013,0.8415800978136938,0.8554600102018277,0.8320392238598033,0.8466437687373094,0.7684646998024347,0.7878644562462951,0.6453578481866428,0.6718658626386604,0.6140450141658349,0.6432644232102686,0.6845442768268536,0.7123835461691416,0.8110466425166998,0.8386629352646097,0.8899898870228548,0.8944960806477258,0.9956421246104545,0.9842859644143511,0.8302695335869232,0.1036941985462206,0.4229833799717199,20.0,2.6864340150092974e+18,7.25667677947728e+17,5.372868030018595,1.4513353558954563,0.020397045993625518,0.007845761086606732,0.5322278752353709,0.16432612871339558,0.8409583600520089,0.02724,0.0,0.3304865942959128,0.1275255822667082,0.006639140981791153,49.77851731155013,64.90677615806825,17.53281460647949,10,0.001,40,2.789957046508789,0.5882658195875452
S4,4,66,1,MGCUBED,hyb,sample,5000,10,1004,5e-20,0.1,0.5,6.000000000000003e-06,1443.0260352387938,1.214714281188408e-11,5,0.1,0.6781158954517323,0.030442906154469148,0.7171606219347224,0.03501617856178069,0.6717876225119424,0.9164722516974642,0.9577883093630153,0.7974972579144692,0.841960354472552,0.7115912367781208,0.7557945864514777,0.6874542519436546,0.7286577402810439,0.6792746511451918,0.7209726044820494,0.6781158954517323,0.7171606219347224,0.7071871487181645,0.7218470732369312,0.920948116128222,0.9159842568075047,1.0428576627149726,1.0433538809470135,1.0606969774637574,1.062942794988326,3.321078134347694,0.9878866319295997,0.9148450095963585,0.05,2.428257140890507e+18,1.6299261341804685e+18,1.2141285704452531,0.8149630670902341,11.019507979335462,9.03289911298063,0.4465192293784411,0.035416351830027205,0.5106740059569099,0.0,0.0,0.0038101517363855033,0.03539353436366468,0.007012381320060226,0.5433463416323143,58.6689797022487,39.380550631194666,99,0.001,10,0.3154122829437256,0.5882658195875452
S4,4,67,1,MGCUBED,hyb,sample,5000,10,1004,2e-17,0.1,2.0,6.000000000000003e-06,200.0,5e-12,5,0.01,0.8682882257256719,0.015718162494957715,0.8812992675485829,0.02109025516212835,0.8307464733781937,1.2175566504711643,1.2133493594310243,1.1710500512175168,1.1695127903098002,1.0152536420137748,1.023911471758778,0.895714756734422,0.9162653342031252,0.8682882257256719,0.8812992675485829,0.9091653344098163,0.9091894453732344,0.9810367450289922,0.9791996144515785,0.9977030551195849,0.9959861234648205,0.9995749403514559,0.9978912812502994,0.999824348590016,0.998272805457518,0.008302695335869234,0.6000000000000005,0.8202875051210003,0.2,2.344950590366176e+17,1.795892144730164e+17,46.89901180732352,35.917842894603275,0.13543586536934177,0.10438628713495765,0.9725059835247631,0.003437262835352009,0.9787396273642633,1.0,1.0,0.0034314510404999197,0.003227478345075203,0.0023078350776034916,1.4868701294128939,5.665621497504031,4.339044576966111,60,0.001,40,1.365900993347168,0.5882658195875452
S4,4,68,1,MGCUBED,hyb,sample,5000,10,1004,2e-17,10.0,2.0,7.0474868617216225e-06,6632.208284481735,4.631673779826587e-11,5,0.1,0.6006721490092152,0.005829730483612397,0.6339181990289271,0.01418832465878252,0.5574122358309108,0.8444525032711641,0.8550330348248949,0.8431512983155903,0.8537299570755378,0.8310398169133796,0.8416238008465504,0.7592253308871204,0.7711300691111431,0.6400247962116684,0.6640831061516654,0.6006721490092152,0.6339181990289271,0.6790273712471994,0.7118568649943148,0.7921631680704826,0.8208862114973773,0.8867322777972753,0.8870075899921928,1.0069239729558233,0.9939278028663434,0.8302695335869232,0.08936127166105966,0.3953799287377441,20.0,1.6587697252042483e+18,4.022712682944971e+17,3.317539450408497,0.8045425365889943,0.02770785336792983,0.011580670095618775,0.3967806494331994,0.16051825394960914,0.7622956993544235,0.0,0.0,0.35917833236247776,0.11339990945577898,0.006489239808959005,55.349831865760045,40.07743895814241,9.719252741788553,9,0.001,40,3.939091920852661,0.5882658195875452
S4,4,69,1,MGCUBED,hyb,sample,5000,10,1004,5e-20,0.1,0.5,6.000000000000003e-06,200.0,3.810248098258467e-11,5,0.1,0.8690764303825971,0.031013140236139596,0.9424712088770381,0.05654589773150098,0.8644001092373992,1.0469504813764066,1.118942503888948,0.9278428786356733,1.0160408586350393,0.8887283685911191,0.9729638144656745,0.8753681505829745,0.9548816124331369,0.8719118806698216,0.9507282813922753,0.8690764303825971,0.9424712088770381,0.9027035189315615,0.9411296008387794,0.9899068709746859,0.9919248973695078,1.0205356367401082,1.0180849589980547,1.198460170382238,1.2049834139166875,3.321078134347694,0.31494012175965125,0.668958757490462,0.05,1.437982575458982e+17,9.415628625243342e+16,0.0718991287729491,0.04707814312621671,19.100771161440587,18.658472110985755,0.044928604715647504,0.002187889407340032,0.04935356906949149,0.0,0.0,0.00028471505965128467,0.002185680040302562,0.00292855277464613,0.09722039572453602,3.4743013460613748,2.2749045617785426,31,0.001,10,0.2569880485534668,0.5882658195875452
S4,4,70,1,MGCUBED,hyb,sample,5000,10,1004,2.9770902271376834e-18,10.0,1.4992892350312075,6.000000000000003e-06,10830.40259005512,2.3207974583435873e-11,5,0.1,0.6045158076188576,0.009157041377758156,0.6483903952525514,0.012137149752168664,0.5649620087751651,0.8648300884480882,0.9303883985295057,0.8630405748133023,0.9285207351227258,0.8466878640663337,0.9114306133571575,0.7585222018263698,0.8186403599074328,0.6348584936088509,0.6863466982387395,0.6045158076188576,0.6483903952525514,0.6964543287899344,0.7389335968873616,0.7765044375887408,0.8066424287487994,0.9034376278451026,0.899052250797108,1.0324160890503986,1.018682691538968,5.577725028409261,0.17243625708906443,0.528008053274986,14.992892350312076,5.496462182879738e+18,2.0418565042244434e+18,1.6363463848483124,0.6078791043944104,0.04148214316246833,0.025299509798773243,0.3552611018596298,0.12123481838368462,0.6140983216680655,0.0,0.0,0.19481754487701383,0.10260617132927805,0.006505496996264403,29.94660438531941,132.7997034627436,49.333176369170204,17,0.0009995261566874717,30,3.4274587631225586,0.5882658195875452
S4,4,71,1,MGCUBED,hyb,sample,5000,10,1004,5e-20,0.1,0.9280814311251074,6.000000000000003e-06,4454.979918340425,5e-12,5,0.1,0.7219611171361399,0.006794010780423463,0.7868622638006774,0.00960121210149699,0.7256372696045056,1.0008707401467938,1.0388179135125946,0.9266706047805601,0.9699948877627493,0.797275503137285,0.8537974949195604,0.7391368463285006,0.8080383950973011,0.7220009955562634,0.7936475262400738,0.7219611171361399,0.7868622638006774,0.7584654702035527,0.7932578208621924,0.9073855011544415,0.905968840249584,1.0119909429603147,1.0067093364180975,1.0331763257676552,1.028492272267043,3.321078134347694,1.2929899896232688,0.9511054541903625,0.09280814311251075,9.390204997518524e+18,6.361550156619776e+18,4.695102498759262,3.1807750783098876,2.5772533509623154,1.891961836076054,0.752925680607776,0.04618490695464604,0.8195226146345077,0.13476,0.0,0.005196431601011075,0.04614978509930478,0.0060539281883605365,0.8583569938939629,226.87619738547698,153.70104373571033,129,0.0009769278222369552,19,0.6057569980621338,0.5882658195875452
S4,4,72,1,MGCUBED,hyb,sample,5000,10,1004,9.032444397255772e-19,2.839307425012901,1.9567015584058616,6.000000000000003e-06,8627.481477629508,1.65475528079078e-11,5,0.1,0.6510488126624283,0.013009924982274245,0.7140427727343275,0.016755460811947984,0.6374416923227979,0.9383957725316506,1.0077838627718303,0.9320357050648932,1.0020444496618088,0.882448705275927,0.9567389806536453,0.7399994079107374,0.8164813589275118,0.6587553216040712,0.728340734290544,0.6510488126624283,0.7140427727343275,0.7155751645331664,0.7651925061017568,0.7815706696034218,0.811614466895267,0.9157699109676309,0.9103705273161522,1.0397244744300014,1.0264973720552233,5.219828316223169,0.18530745168788867,0.5440921307345132,5.555677263316078,4.5304600979919176e+18,1.7564431039384115e+18,1.441236287715903,0.5587621309867479,0.11547371672482311,0.07373151778083524,0.34086238164079213,0.10930441200860001,0.5632138973499213,0.0,0.0,0.14261109096036195,0.09794697045065805,0.006482476044697763,21.99947828222341,109.46018321332329,42.437319787033196,19,0.0009783507792029307,40,2.593816041946411,0.5882658195875452
S4,4,73,1,MGCUBED,hyb,sample,5000,10,1004,2.5966173242705044e-18,10.0,1.406735539173892,1.4087255810205586e-05,9693.756538416585,1.7340589974619048e-11,5,0.1,0.6979044191426418,0.007303159159965548,0.7561474555561543,0.01282888511007178,0.6691009198071083,1.0088365836920892,1.0040840075104418,1.005580171865259,1.0011304797321656,0.9774798579121711,0.9758454612582289,0.8593902655383004,0.8752557108692152,0.7375036768543232,0.7852825126963341,0.6979044191426418,0.7561474555561543,0.6989560386861771,0.7515206843374774,0.7990075639841174,0.8169344585402047,1.021157086296134,1.0144008489295036,1.0896443084851777,1.0836262032964659,6.395008812630332,1.3558923890417287,0.9562886559174125,14.067355391738921,1.6394684516427822e+18,1.1118598539156796e+18,0.4257072184130588,0.2887074558838326,0.055161135728672595,0.049860564616966876,0.22171444241089536,0.04286997382444134,0.2969098385513941,0.0,0.0,0.007664581678534221,0.042787487543378834,0.005826917530449691,1.3153750054778464,39.611102009004505,26.863581332742218,136,0.0009701624408095807,29,2.7507777214050293,0.5882658195875452
S4,4,74,1,MGCUBED,hyb,sample,5000,10,1004,1.9571005032188968e-18,10.0,1.5996506940453643,6.000000000000003e-06,13217.144294892629,3.7770714445934846e-11,5,0.1,0.6479791088760176,0.006516744508769881,0.6826368019152089,0.01637128576317528,0.6144552043493278,0.919371152398187,0.9338284857802416,0.9157569624438553,0.9305692735133991,0.8852301730789602,0.9030852085711372,0.7659771422831427,0.7954196974430143,0.6549048722846218,0.6904994638158695,0.6479791088760176,0.6826368019152089,0.7254724811890952,0.7617943746375929,0.7788834112674425,0.8010615885029834,0.9343563570981475,0.9249484176219674,1.0457901631014441,1.0334379443029917,8.484689797190857,0.09930494881084509,0.414807412784894,15.996506940453642,5.504699993780184e+18,1.4355879910066115e+18,1.0773251127896257,0.28095899796140444,0.04880222383609836,0.030093338475761063,0.2043805316297685,0.10410553792510623,0.4933944969988056,0.0,0.0,0.2256592347549167,0.07213630121702383,0.005386356912594704,41.89459377028408,132.99873673330242,34.68515804478248,10,0.0009997816837783527,32,3.0723938941955566,0.5882658195875452
S4,4,75,1,MGCUBED,hyb,sample,5000,10,1004,2.3364446363094633e-18,10.0,0.7319419001390595,4.9999999999999996e-05,20000.0,8.35476064651515e-11,5,0.1,0.6554641349806101,0.002976887367701568,0.7034778193645168,0.01735669125379855,0.6487582715856997,0.935182206828402,0.961177153857123,0.9176826968462717,0.9433016059670358,0.8278082556777482,0.8510239466749707,0.7131725483812315,0.741690199413526,0.664573509024678,0.7107480536143042,0.6554641349806101,0.7034778193645168,0.709273533809528,0.730709244503656,0.9359472254109802,0.9356719935079185,1.028728913423207,1.0296942808931198,1.1849597378204548,1.1933993668948646,7.107119258758706,6.813623572723215,0.9999938497773359,7.319419001390594,3.0942465495133446e+17,2.5632974267611565e+17,0.07229535754029517,0.05989002524021953,0.12890286968628575,0.12741159872101754,0.056474514921672436,0.005391215513061388,0.0670873443617274,0.0,0.0,0.0005919629695051833,0.005387654341040634,0.003260303035412922,0.18156685531233457,7.475991111080488,6.193168020349197,681,0.0009759225335187459,15,0.8144378662109375,0.5882658195875452
S4,4,76,1,MGCUBED,hyb,sample,5000,10,1004,5e-20,0.1,1.1574484237707696,6.000000000000003e-06,20000.0,1.6184758755313393e-11,5,0.1,0.8271429619440875,0.004328467195504757,0.8749046529285973,0.006346315625754095,0.8247428270323971,1.1697689596549379,1.1484529680152367,1.0903351074341017,1.0780988563099734,0.9295268796310736,0.9443600813694608,0.8494906817300689,0.8864636604785435,0.8274021759973975,0.8704937720634771,0.8271429619440875,0.8749046529285973,0.8389995437836525,0.8795503492512312,0.8794844772855199,0.8933938908978135,0.9734828165975247,0.9675096533143839,1.0235497911837244,1.0156023222185984,3.321078134347694,0.3202899946532244,0.6730322167407459,0.11574484237707697,1.414755414812323e+19,6.987970119667949e+18,7.073777074061614,3.4939850598339737,1.9225016795355343,1.0700931851456372,0.7580335243541194,0.07743616664835874,0.8517858095474313,0.3992,0.0,0.011322368213750867,0.07731592953652304,0.005931111275935731,1.9089792261509333,341.818233816998,168.835940068674,32,0.000964540353142308,24,0.7851107120513916,0.5882658195875452
S4,4,77,1,MGCUBED,hyb,sample,5000,10,1004,2e-17,10.0,1.097591768437962,4.9999999999999996e-05,20000.0,2e-10,5,0.1,0.6764413730382144,0.0062650395069959175,0.7334361605661118,0.010233615184588382,0.6609389731692611,0.9551114469215456,0.9834208830665434,0.9484309526573842,0.9771473054593418,0.898479826409687,0.9305593862636019,0.7683326430880815,0.8112125035538587,0.6950087205089375,0.7452431552390881,0.6764413730382144,0.7334361605661118,0.694152297804205,0.7436509397040698,0.8520990305856649,0.8678581619159343,1.0366383181055685,1.0328378260547937,1.1225916768305129,1.1234598566662366,0.8302695335869232,1.8980948957901074,0.982979751654002,10.975917684379619,1.0111645116855443e+17,7.150504199664426e+16,0.2022329023371089,0.14301008399328852,0.07970931864364911,0.07578278287078365,0.12448981912370168,0.02352029425857394,0.1672408853847534,0.0,0.0,0.0030210094994253343,0.0234994776970497,0.004640391462676811,0.6510247085237642,2.4430687019397674,1.7276291653243516,190,0.0009978106985799654,22,1.5821959972381592,0.5882658195875452
S4,4,78,1,MGCUBED,hyb,sample,5000,10,1004,1.1486675179638854e-17,10.0,2.0,6.000000000000003e-06,6831.944965491544,3.6673539911717155e-11,5,0.1,0.6007664809732539,0.007332488843994315,0.6384950852155484,0.011384925124777333,0.5599047673787505,0.8300715990406842,0.9033757705675614,0.8286291008415676,0.9018613821603141,0.8153634953871404,0.8879409737245485,0.7413740889346168,0.8105204670005438,0.6300756340434057,0.6883907146395357,0.6007664809732539,0.6384950852155484,0.6825060584468273,0.714233404758826,0.7912970016887695,0.8185752317695896,0.8894977627904774,0.8884121081614504,1.0089560443392045,0.9957520642561886,1.445622028310941,0.08180284769950734,0.3796732181422093,20.0,2.710424590250929e+18,6.130751720051855e+17,3.113376686711816,0.7042195361524787,0.029338943099362778,0.012155463456951085,0.36536074893218046,0.16018010370798322,0.7497514474908406,0.0,0.0,0.372555890896061,0.10844714312279412,0.006362763668442096,58.55252690648499,65.48641105265789,14.812473611890317,8,0.001,40,3.9989991188049316,0.5882658195875452
S4,4,79,1,MGCUBED,hyb,sample,5000,10,1004,2e-17,10.0,1.7083847379117252,4.9999999999999996e-05,9894.195260194429,2e-10,5,0.1,0.6916067834060227,0.0041420765624078665,0.7458039605306372,0.0077716130308843785,0.6857402579586782,0.9646119943508055,1.0617665222561896,0.9522083277462545,1.049070586367186,0.8779697307462649,0.9720152655198193,0.7518672165353071,0.8350248961272737,0.693941900033163,0.7613718100859234,0.6916067834060227,0.7458039605306372,0.794521618146586,0.8301904767679164,0.9338607395565239,0.9449764569066872,1.0248379320101138,1.0235774066568084,1.2112957448113033,1.2189393201494627,0.8302695335869232,1.219475500512802,0.9442137053046264,17.083847379117252,3.424248826356456e+16,2.2820807535315716e+16,0.06848497652712913,0.045641615070631435,0.055979814862916075,0.054783010814872496,0.043532563617719816,0.010594491704037586,0.06360731313542368,0.0,0.0,0.002144615073145057,0.010566762263593344,0.0028604981503131365,0.7497348225553958,0.8273307694887762,0.5513722049994101,122,0.0009762198502352716,35,1.6876909732818604,0.5882658195875452
S4,4,80,1,MGCUBED,hyb,sample,5000,10,1004,5e-20,0.1,1.457658614641176,4.9999999999999996e-05,200.0,5e-12,5,10.0,0.9993877535528553,0.0005910827643788872,0.9979104136358469,0.0009843603875825473,0.9985617732104133,1.213591342174488,1.234784514904813,1.0899347443615184,1.0979525594515076,1.047694143657989,1.0476504858032198,1.034809422961397,1.0241736438654354,1.0302258180053823,1.0151072777793997,1.0158510974837802,1.0045750214995877,1.0010169100754875,0.9975917980166867,0.9993877535528553,0.9979104136358469,1.0154791161557237,1.016941867288299,1.2472326988201938,1.257170924450739,3.321078134347694,57.169307337333606,1.0,0.1457658614641176,2.5693591207610136e+16,2.4996307785017292e+16,0.012846795603805066,0.012498153892508645,6.7756339644727435,6.773301658510238,0.012333541261752698,0.00022378051969970068,0.01267500782969656,0.0,0.0,2.4285601601652386e-06,0.00022377886439651216,0.0015607943646962386,0.0015559770172785601,0.6207813644004542,0.6039343401385131,5717,0.0009717724097607841,30,0.8067989349365234,0.5882658195875452
S4,4,81,1,MGCUBED,hyb,sample,5000,10,1004,1.4747535428480965e-18,10.0,1.6113897797030186,3.6040884214915425e-05,11282.298277278112,3.825225894388572e-11,3,0.01,0.7382261316112908,0.007199541615592718,0.7895280442234954,0.010291107239783567,0.7077051307026491,0.8803242625874024,0.9186126700544838,0.8740894482679554,0.9127426092255047,0.8336995014904716,0.8751684151059784,0.7630017805234431,0.8109570818398015,0.7382261316112908,0.7895280442234954,0.7763829041394013,0.8246779629786951,0.8474008072838132,0.8712379199649345,0.9708816957064368,0.9728250492489595,1.0200643184177245,1.0210682555626824,1.2396817260877746,1.2490418018038199,11.259773371806618,3.5122217851561603,0.9988297061831432,16.113897797030184,2.6126114537838998e+17,1.997337318230301e+17,0.038529579975533225,0.029455802863228527,0.060282560296778594,0.059755863198844295,0.028593350935545568,0.00435602937977541,0.036864891059666,0.0,0.0,0.000491036492965514,0.004353092069408764,0.002349497984948755,0.20899634564965336,6.312315354530306,4.825755090287666,351,0.0009765998664866779,33,1.4085981845855713,0.5882658195875452
S4,4,82,1,MGCUBED,hyb,sample,5000,10,1004,2e-17,0.1,2.0,4.9999999999999996e-05,200.0,2e-10,1,0.001,0.8817490869377949,0.024748849960915673,0.9207687400856855,0.03671611878688628,0.863652970769482,0.9134358718689588,0.947640902791194,0.9017241065193262,0.9368780634922184,0.8859719343007528,0.9236972762243093,0.8817490869377949,0.9207687400856855,0.8838412454092313,0.9250240856291038,0.8931420735039154,0.9334102826357527,0.9205401772263256,0.9397311856045197,0.9909340655188315,0.9914123090805453,1.0196921410204913,1.019331952488362,1.2011983417867418,1.2092705148332363,0.008302695335869234,1.0416666666666665,0.9229001282564582,0.2,652738833893401.5,538640335707777.9,0.1305477667786803,0.10772806714155557,4.513743172457734,4.42263489162136,0.09717946841332592,0.007404951716835005,0.11067549871474365,0.0,0.0,0.0008470367987619286,0.007399530253665514,0.004185158416480657,0.20239061810095366,0.015770785042360656,0.01301405785668273,104,0.001,40,0.9151821136474609,0.5882658195875452
S4,4,83,1,MGCUBED,hyb,sample,5000,10,1004,2e-17,10.0,2.0,6.000000000000003e-06,12225.096168902208,2e-10,5,0.1,0.6401050284261582,0.009333602222967901,0.6617388763195435,0.010163509099053575,0.6103338603352833,0.9473848290157022,1.0070214740899357,0.9420565169394017,1.0014359659630587,0.900560657551871,0.9574644781495779,0.7733071046473328,0.816227658764346,0.6659595832987957,0.6910595617832747,0.6401050284261582,0.6617388763195435,0.704669809940932,0.726776177767307,0.8206711510589726,0.8361173856811212,0.9342146844116881,0.9265216595953607,1.0085010054906038,0.9974763680748187,0.8302695335869232,0.015000000000000013,0.16799597142736353,20.0,4.1990918540501053e+18,2.0476351511711027e+17,8.398183708100213,0.4095270302342206,0.03547289191871086,0.005320176914280304,0.20128413989787353,0.19360742937929223,0.8492126840574079,0.008,0.0,0.6505162296202989,0.06317078272744969,0.004728027804441715,137.58722590615386,101.45401432353988,4.947279392231604,2,0.001,40,2.885694980621338,0.5882658195875452
S4,4,84,1,MGCUBED,hyb,sample,5000,10,1004,2e-17,10.0,2.0,6.000000000000003e-06,7370.699848123652,2e-10,5,0.1,0.6550020003939736,0.004231462665445282,0.6663331909172572,0.009795938483799272,0.6324074507155569,0.9211891794372538,0.8958898582430119,0.913342849385557,0.887979778410438,0.8597062395231522,0.8344859590044582,0.7394357667441672,0.7203668142360841,0.6610755490383807,0.6555743769673936,0.6550020003939736,0.6663331909172572,0.743009228374943,0.7660764712537343,0.8277435174150402,0.8402668406176905,0.9488099679796191,0.9384343976358023,1.0206428766326723,1.0105248062309764,0.8302695335869232,0.015000000000000013,0.16799597142736353,20.0,2.5316981628162135e+18,1.2395372525693568e+17,5.063396325632428,0.2479074505138714,0.04006707386786631,0.008246203499617829,0.14759957300343762,0.16179113520178148,0.7633561850366216,0.0,0.0,0.5515148888759472,0.049168725919555234,0.004147932096354721,132.96140729030463,61.16821222319727,2.994838754371107,2,0.001,40,2.66064190864563,0.5882658195875452
S4,4,85,1,MGCUBED,hyb,sample,5000,10,1004,2e-17,10.0,2.0,1.3074730047998322e-05,8988.086404917307,2e-10,5,0.01,0.6901269620870183,0.025290799561414282,0.7357341234137353,0.02370370122501885,0.5781166310085986,0.9648670872044738,1.0078899520419122,0.9582883652222707,1.001917218694641,0.9095526882777399,0.9573918259945347,0.7791348709785793,0.8332016853308707,0.6901269620870183,0.7357341234137353,0.7008836721541948,0.7401356647796088,0.745711955233214,0.7807684617415133,0.8124177082878369,0.8242964522545876,0.9744336333544725,0.9633919141922787,1.0733998606098807,1.0678983030013476,0.8302695335869232,0.07122856909501259,0.3561062048718087,20.0,3.3509325661186746e+17,6.77174685315798e+16,0.670186513223735,0.13543493706315962,0.0440359886488315,0.02993677628463887,0.11220155061613614,0.07525313582580044,0.364429074899011,0.0,0.0,0.18778183351892272,0.04298699819129577,0.004148718863084458,45.26260749789927,8.096168704485875,1.6361178228883726,7,0.001,40,2.821682929992676,0.5882658195875452
S4,4,86,1,MGCUBED,hyb,sample,5000,10,1004,5e-20,10.0,2.0,6.000000000000003e-06,11890.81302662916,5e-12,1,0.01,0.8833208209356957,0.00919845946554904,0.8925972737550012,0.018458588306905936,0.8661340202871433,0.9143537825259852,0.9319630731585201,0.9136696249739611,0.9312164186345411,0.9078924897730889,0.9248663567639138,0.8870993501446292,0.9012687685847093,0.8833208209356957,0.8925972737550012,0.952599592136897,0.955871634337791,0.9921744125713883,0.9928157821682214,0.9990466086185608,0.9974555346142845,1.0160603734332372,1.016399042212264,1.2425719359900607,1.2519512681170986,332.10781343476935,0.6000000000000005,0.8202875051210003,20.0,1.3255687184356573e+19,7.801748806128652e+18,0.06627843592178287,0.039008744030643264,0.04812279038772494,0.04689206713326777,0.0374081240712164,0.011474859058947897,0.06151048897550616,0.0,0.0,0.006138400644552843,0.011252506006149174,0.0026452778910760542,2.3205125878309314,320.26988792182505,188.49759963269233,60,0.001,40,1.766979694366455,0.5882658195875452
S4,4,87,1,MGCUBED,hyb,sample,5000,10,1004,2e-17,0.1,2.0,6.000000000000003e-06,10149.24452289427,2e-10,5,0.01,0.7945351370884586,0.010952374122961246,0.8195964552329702,0.014221261983314384,0.7581075355219743,1.0939380534508798,1.1266278255513835,1.0388184619918104,1.0698561035826883,0.8905319532513797,0.9206536564755199,0.7984908996706142,0.8277673225265569,0.7945351370884586,0.8195964552329702,0.8461720521304319,0.8597359320830071,0.9446773902576517,0.9488314552601007,0.979244214420152,0.9799831352164569,0.9909202094965848,0.9873694068147112,0.9960693581161607,0.992350021234318,0.008302695335869234,0.015000000000000013,0.16799597142736353,0.2,3.486075917614161e+18,1.7020738821482733e+17,697.2151835228321,34.04147764296547,0.1426880467469026,0.007161116111472382,0.9412495719458145,0.049970022190887566,0.9967836621907522,0.97408,0.88688,0.08589949231402438,0.04253046274159219,0.0030535879769060144,28.130675442683753,84.2268777086757,4.112370817814778,2,0.001,40,1.2754607200622559,0.5882658195875452
S4,4,88,1,MGCUBED,hyb,sample,5000,10,1004,1.3547983310984788e-19,10.0,2.0,6.000000000000003e-06,14816.98606867046,2e-10,5,0.001,0.782335383787619,0.01627980595582238,0.8123777338967191,0.02505299939918386,0.7234365091706215,1.1010288807532376,1.143893049445174,0.9583221989615118,1.0002664077464671,0.8373591056917353,0.8686117424005777,0.782335383787619,0.8123777338967191,0.7929847208596326,0.8129706313191516,0.9084790292293183,0.9095408607483142,0.9851374168823173,0.982490409314793,0.9975249149305556,0.9960338904242197,1.0163532112457427,1.0176749093305841,1.2511260873891765,1.2608412701394374,122.56725071601406,0.015000000000000013,0.16799597142736353,20.0,5.089357209754171e+18,2.479099877782855e+17,0.06895052654138961,0.0033586803770466545,0.0498326281297639,0.04677484949820455,0.003329848020906594,0.004966868508055314,0.02853230052133978,0.0,0.0,0.016150494646949592,0.0014345570668031849,0.0006632482386690034,24.35060314575454,122.96366385936399,5.989738811440312,2,0.001,40,0.9770219326019287,0.5882658195875452
S4,4,89,1,MGCUBED,hyb,sample,5000,10,1004,2e-17,10.0,2.0,4.9999999999999996e-05,20000.0,9.593279124842587e-11,4,0.1,0.6788117668902074,0.004083758359628714,0.7350168316627966,0.004902048269685407,0.6623155225730295,0.8712955695304897,0.9320679684714299,0.8694636398413623,0.9300854960677805,0.8532137871480735,0.9125399986481095,0.778363841172119,0.8329907241650065,0.7003254052848294,0.7544595277206818,0.6788117668902074,0.7350168316627966,0.7154885447548278,0.7616514671360853,0.8815833376060984,0.896660943541643,1.03933314168919,1.034754243032784,1.1177017000180927,1.1178507564147446,0.8302695335869232,2.1716592483360246,0.9893030339400116,20.0,1.1391027953737003e+17,8.179069471081214e+16,0.22782055907474008,0.1635813894216243,0.04297078008857915,0.04072256294330089,0.1398806108826831,0.024696195955271772,0.1844211167846963,0.0,0.0,0.0029632653584592537,0.024677151971468067,0.0048784771754446735,0.6074160546193704,2.7521796458527463,1.976140222967363,217,0.001,40,3.064695119857788,0.5882658195875452
S4,4,90,1,MGCUBED,hyb,sample,5000,10,1004,5e-20,0.1,0.5,6.000000000000003e-06,5852.229380580467,1.3579379198075174e-11,3,0.01,0.7076933726159462,0.015601400852654783,0.7648856827525724,0.026017669270297857,0.7016557845418155,0.8319218497953139,0.8822791816595215,0.7935302521419889,0.8485682472641981,0.7325503626630134,0.7923824404929929,0.7113026516086449,0.768868361235056,0.7076933726159462,0.7648856827525724,0.7095808900865349,0.7629036051779037,0.752110313441402,0.7742165059891393,0.9471395551875637,0.94393906527441,1.0274212945081636,1.0239964731864426,1.0379523612494341,1.035221309186398,3.321078134347694,0.8836928275558403,0.8965203299712707,0.05,8.896618221758112e+18,5.689185562132585e+18,4.448309110879055,2.8445927810662925,5.202111416973796,3.6708636740276845,0.7320993866855887,0.04704811395079172,0.8032549637933433,0.016,0.0,0.005226059768764578,0.04701385082055644,0.006218788942416874,0.8403661576482959,214.95067597312513,137.4560818318761,88,0.001,10,0.3961191177368164,0.5882658195875452
S4,4,91,1,MGCUBED,hyb,sample,5000,10,1004,2e-17,10.0,2.0,6.000000000000003e-06,8585.261914297367,8.535061212330512e-12,5,0.01,0.7446964728667422,0.025153349560378863,0.8074130827191143,0.036339548421456876,0.581525065995491,1.0095792429253845,1.085406215831942,1.007810422552341,1.08369271125079,0.9912998544029061,1.0676655025222432,0.8926624681553422,0.9701572279689167,0.7446964728667422,0.8074130827191143,0.7550870402758477,0.7921117637903987,0.8565568234857908,0.8864027127790445,0.9084087984319307,0.9214630313400866,0.9713138870352582,0.967175959206269,1.0035327760073234,0.99735530803752,0.8302695335869232,0.35149132799023564,0.6955210663947307,20.0,6.44825745704801e+18,3.3073265225337395e+18,12.896514914096022,6.61465304506748,0.006566287354666586,0.0035980244190061046,0.8503176469442484,0.06259738238504556,0.9274486090287435,0.83156,0.1812,0.05019890435017913,0.06035780649989445,0.004913229595392769,10.21708906037113,155.79597378376744,79.90812395926159,35,0.001,40,0.9286298751831055,0.5882658195875452
S4,4,92,1,MGCUBED,hyb,sample,5000,10,1004,2e-17,10.0,0.5,4.9999999999999996e-05,9680.181318151932,5.8128226090472124e-11,5,1.0,0.8844394495808157,0.0032345269120803515,0.8658407888446241,0.0050881425216213185,0.8481469982647584,1.200251887976463,1.1608854704344769,1.194498474000954,1.1546714104829008,1.1505324194789792,1.1063482980736263,1.0290656986604154,0.9630444050537189,0.9505655559398208,0.8604608507422349,0.9003693185631402,0.821964806038291,0.8844394495808157,0.8658407888446241,0.9915757998932092,0.9918997534672916,1.0181734395157809,1.0195450029668498,1.021181116975561,1.0244070994168373,0.8302695335869232,14.336121870230718,0.9999999999454937,5.0,2.8934709127062317e+17,2.6104942898272886e+17,0.5786941825412464,0.5220988579654577,0.13139751005879724,0.12668698105801415,0.3428193788770149,0.011177873218482692,0.3665625089128475,0.0,0.0,0.0011633334623184343,0.011171008301109198,0.006710524392429038,0.173359546033531,6.990898261473021,6.307200086995206,1434,0.001,10,1.255518913269043,0.5882658195875452
S4,4,93,1,MGCUBED,hyb,sample,5000,10,1004,2e-17,10.0,0.5,1.2641187766138016e-05,3790.9563011716523,1.4266941329704107e-11,5,0.1,0.6979244509873808,0.008305500463986518,0.7389757299029881,0.019545189554788723,0.6589318188678803,0.9735933332172163,0.9877425026945579,0.9709957602322821,0.9853124219580417,0.9480948789915866,0.9639397107395731,0.8450010675928443,0.8690305684151867,0.7336608666497387,0.7699384215706024,0.6979244509873808,0.7389757299029881,0.8031146626639922,0.8088703371768624,0.9671858457173117,0.961827585381245,1.0166064587886645,1.0131462248873848,1.0231501507083478,1.0202951761463661,0.8302695335869232,3.733564292580145,0.999182332050184,5.0,2.1600632619460257e+18,1.6749964943104558e+18,4.320126523892052,3.349992988620912,0.04597708560063828,0.03759309089771153,0.7670311281722465,0.02736225534034495,0.8111792787612435,0.09344,0.0,0.003090483711373657,0.027342649560011794,0.005960906263069012,0.5184586998995184,52.18916297481151,40.4694929837618,373,0.001,10,0.26479506492614746,0.5882658195875452
S4,4,94,1,MGCUBED,hyb,sample,5000,10,1004,2e-17,10.0,1.783119345080892,3.121751843654302e-05,9563.47614825445,2.8123855948554454e-11,5,0.1,0.6652571338969985,0.007010814662564161,0.7252890799816244,0.016747758996665616,0.6276038073307294,0.9331795448513185,0.9708148867671692,0.9315888131641545,0.9693194807147993,0.9169085504166443,0.9555646511005811,0.8339610303978897,0.8795659244657312,0.7092786305707515,0.768709895995161,0.6652571338969985,0.7252890799816244,0.6752420958103404,0.7204708176928956,0.8511776204733627,0.8553779241040838,1.038243484182668,1.0335646749813427,1.0734577818190187,1.069974796496982,0.8302695335869232,3.238845463948445,0.9981738264896409,17.831193450808918,3.1796533680670086e+17,2.405803928101981e+17,0.6359306736134018,0.48116078562039627,0.03786320587856346,0.034281095568266653,0.3229027134005358,0.03659780898933586,0.38717166863909075,0.0,0.0,0.00414187916641267,0.03657310533740587,0.006589145926741309,0.6285912032397581,7.682342029184696,5.812648893256967,324,0.0009906218583782733,36,4.575225114822388,0.5882658195875452
S4,4,95,1,MGCUBED,hyb,sample,5000,10,1004,2e-17,10.0,1.7831009241086266,9.090807572048641e-06,4630.876743634232,3.687416942777105e-11,5,0.1,0.6155574445151942,0.010153764202744888,0.6628021808184109,0.016627619979324788,0.5776216861564408,0.8723164968583312,0.8728519148647443,0.8708166958305531,0.8714600996907903,0.8569793700472882,0.8586637134396877,0.7782628803530728,0.7878624779420184,0.6525506389962166,0.6849650826609814,0.6155574445151942,0.6628021808184109,0.7000156290215186,0.7500512565854502,0.7746822816479956,0.8062692939035621,0.9124669077075435,0.9074657956285594,1.0358192153148307,1.0224675675695656,0.8302695335869232,0.20948624285201664,0.5720787734377968,17.831009241086267,7.416957864101757e+17,3.081693554315014e+17,1.4833915728203517,0.6163387108630028,0.03469698198685984,0.022582856344231798,0.3622191884439506,0.1113880311687358,0.5928502945195352,0.0,0.0,0.1645492655222251,0.09711617048134007,0.006581611366945712,25.00136461241504,17.920068803826947,7.445661892313186,21,0.0009906116245047927,36,4.433568000793457,0.5882658195875452
S4,4,96,1,MGCUBED,hyb,sample,5000,10,1004,2.428276874473913e-18,0.25369768594504183,0.5,6.000000000000003e-06,5231.759862869773,1.29242870317399e-11,5,0.01,0.8936990703534373,0.015201436030717021,0.9128141496268516,0.01832730423641171,0.8539391251172477,1.2180117564764643,1.2507170217591468,1.162116488223429,1.1945027160344235,1.015057793699321,1.044812747113894,0.9196015852943645,0.9463681543457538,0.8936990703534373,0.9128141496268516,0.908722443423039,0.9173429412621811,0.9623341160330506,0.9611165014780434,0.9953220502010394,0.9933531144149675,1.000208838900425,0.9982875952611744,1.0007776041497736,0.9989950148724589,0.1734871847571388,0.9284844858776353,0.9048762350204841,0.12684884297252091,8.288368725299255e+18,5.354098552805339e+18,79.33243075428355,51.2469542282222,0.15088723900951317,0.09813469598929686,0.9791505350851547,0.006859349218223414,0.987392866516772,1.0,1.0,0.0013533215489517248,0.006839568863034351,0.001995675596337054,0.6781270219647259,200.25479522774376,129.360064067671,93,0.001,10,0.47794365882873535,0.5882658195875452
S4,4,97,1,MGCUBED,hyb,sample,5000,10,1004,4.673299399539446e-18,2.522879042690036,2.0,4.006987511466633e-05,9624.085214993465,4.2762513440434475e-11,5,0.1,0.6706322078299446,0.008312276929511751,0.7256914592165813,0.006373118213466085,0.6522390220920153,0.9481217867469424,0.9678902171478792,0.9387044368740565,0.9593580151241122,0.8763177668716662,0.9036746546665848,0.7530251303653828,0.7957037584278834,0.6914426480387528,0.7423421389927343,0.6706322078299446,0.7256914592165813,0.6806816145927893,0.7296261867340057,0.8491437867533881,0.8612924697989957,1.0431047583614208,1.0392300081476304,1.1003844881936125,1.099520518962782,0.8964414333380437,3.1288987373279835,0.9978143426817694,5.045758085380072,1.4674686324183712e+17,1.1059513925496622e+17,0.271829134995368,0.20486285276726013,0.1644886591410592,0.15582775205199229,0.16935305416084112,0.02376453388529524,0.21257468959969872,0.0,0.0,0.0026925453643374436,0.023748313472095384,0.0052848047355536065,0.5094881455549914,3.5455424369705253,2.672082734095234,313,0.001,40,1.9374580383300781,0.5882658195875452
S4,4,98,1,MGCUBED,hyb,sample,5000,10,1004,5.189170332882449e-18,10.0,2.0,4.9999999999999996e-05,20000.0,2e-10,5,0.01,0.7022314235318706,0.010734155628680337,0.7509569621005258,0.013388209182631613,0.666134550399803,1.013082141076756,1.0492639895936762,0.9875179677798187,1.024513208583221,0.8695334622038571,0.9096368933476103,0.7408325384789574,0.7847806124160162,0.7022314235318706,0.7509569621005258,0.7448526871965244,0.7843283617990935,0.8923690957608175,0.9137017584338281,0.9747435824726651,0.9784043045274269,1.0190451603351494,1.0197503255365952,1.2419840125653063,1.251291243460371,3.2000087887873603,1.0416666666666665,0.9229001282564582,20.0,6.0264044416685816e+16,3.924956056436589e+16,0.031272039142657616,0.020367265525928036,0.04900196398816116,0.048483812323242295,0.019932912001038666,0.005233224770477758,0.030078152927745253,0.0,0.0,0.001286694445963853,0.005211136580938339,0.0019572351411051357,0.6574041202005663,1.4560360758833573,0.9483063524435843,104,0.001,40,1.5900468826293945,0.5882658195875452
S4,4,99,1,MGCUBED,hyb,sample,5000,10,1004,2e-17,10.0,0.5,6.000000000000003e-06,10377.724822223341,2e-10,5,0.1,0.6425087721561129,0.013447225387924852,0.6663289908684422,0.011646964158375258,0.6113055692543261,0.9400741037333512,0.9389467392100281,0.9355500356497666,0.9345654460782411,0.8984087068673666,0.8987509791468357,0.7677691832370749,0.7761643546986785,0.6627476622462177,0.6834341351494244,0.6425087721561129,0.6663289908684422,0.6896791000258268,0.7098428369956922,0.8179336993201364,0.8393619981459516,0.8992603390868389,0.9007918105370762,0.9936676044309307,0.9818612706707459,0.8302695335869232,0.06000000000000005,0.3286267594591275,5.0,3.8915259651479813e+18,6.816893047745111e+17,7.783051930295963,1.3633786095490223,0.08462461291302108,0.022771128030124328,0.5042768878877121,0.17757477701080326,0.8599859544386834,0.03976,0.0,0.38226204057184554,0.1275757691023159,0.006575898508689661,58.13076951639519,94.0229327509823,16.470255687331758,6,0.001,10,0.948693037033081,0.5882658195875452
S4,4,100,1,MGCUBED,hyb,sample,5000,10,1004,1.9323102191997174e-17,2.603152748223814,1.2027762924553924,9.890648701530784e-06,9703.617708104839,7.529280730172236e-12,5,0.01,0.8104689163565494,0.015355766740291998,0.8564836734195505,0.021947363487814557,0.7277698677507305,1.1088325581526497,1.1874640084319017,1.1020403706207142,1.1804884240936107,1.0487373633484576,1.1253965705251676,0.8909055730294817,0.9579570969384947,0.8104689163565494,0.8564836734195505,0.8605546250812287,0.8735239855336829,0.9512351028604289,0.9498162106148971,0.9953841561290779,0.993338764024713,1.0016815167910567,0.9997079173971987,1.0023976950238698,1.000568506765609,0.22370304691742843,1.8003624805873308,0.9798757909513807,3.1310104112037047,6.073881741461895e+18,4.268083768831216e+18,45.08618930351106,31.681820778823997,0.009772580222113086,0.0069301827769354665,0.9678248553183986,0.0077119892403631615,0.9781673992274225,1.0,1.0,0.0010366087680585229,0.00770271878957911,0.002477814870037653,0.4183560202957255,146.7507038702682,103.12092396821939,180,0.000962221033964314,25,2.5102598667144775,0.5882658195875452
