set,search_seed,eval_index,is_finite,task,mode,node,N_R,R,seed,k_on,k_off,T,distance,N_max,D,L,lam_best,objective,opt_sd,held,held_sd,train,opt_lam_1e-06,held_lam_1e-06,opt_lam_1e-05,held_lam_1e-05,opt_lam_1e-04,held_lam_1e-04,opt_lam_1e-03,held_lam_1e-03,opt_lam_1e-02,held_lam_1e-02,opt_lam_1e-01,held_lam_1e-01,opt_lam_1e+00,held_lam_1e+00,opt_lam_1e+01,held_lam_1e+01,opt_lam_1e+02,held_lam_1e+02,opt_lam_1e+03,held_lam_1e+03,KD_nM,tau_D_over_T,phi_ISI,koff_T,c_peak,c_mean,c_peak_over_KD,c_mean_over_KD,tauR_mean_over_T,tauR_peak_over_T,occ_mean,occ_std,occ_max,occ_frac_above_0p8,occ_frac_above_0p9,contrast_within,contrast_between,binomial_sd_mean,snr_within,shell_molecules_peak,shell_molecules_mean,history_symbols,dt,n_sub,seconds,running_min
S4,2,1,1,MG,hyb,sample,5000,10,1002,2.777069147643155e-18,3.2260917405434824,1.7828597569360838,3.460691897479208e-05,17425.92018007808,4.358914454094554e-11,1,0.01,0.9146622585335903,0.011336496439271187,0.9198875703748393,0.016937770149441162,0.8931513122001503,0.9616881361239112,0.945095150899062,0.9610778600034248,0.9446676959063973,0.9556940472464955,0.9409470763202739,0.9322911118487296,0.9261754561658966,0.9146622585335903,0.9198875703748393,0.929624702327879,0.9381444224853446,0.9740980838404255,0.9773987030828313,1.0085590999134664,1.004823863044892,1.0556009132708988,1.048014610255565,1.4339132938227652,1.4126272589713702,1.9290306019228047,2.5684971841026467,0.9944946920696602,5.751669136398861,3.4644151390510816e+17,2.5433096145348144e+17,0.29822215767694954,0.21893198431607472,0.1426351725027983,0.13392359144694682,0.17868249381072962,0.027700610909832633,0.22846726409387144,0.0,0.0,0.0031613984585757635,0.027681869378843586,0.005392772269290609,0.5862288078765153,8.370353289627822,6.144875583355907,257,0.0009904776427422687,36,1.9398980140686035,0.9146622585335903
S4,2,2,1,MG,hyb,sample,5000,10,1002,1.1098838514940727e-19,1.128322416617507,1.5541566063899968,1.1857755591045073e-05,2797.760328848833,7.462437484380695e-12,2,0.01,0.8618930242645174,0.007762588829276025,0.8664010669158919,0.01284832054410366,0.8512208300643321,0.9525357933515466,0.9532971632796494,0.9430296058375107,0.9446905435010031,0.9015551262156405,0.9065333536051308,0.8650628497507699,0.8705351098952028,0.8618930242645174,0.8664010669158919,0.8881321208217161,0.8924295663227412,0.9580959776790312,0.9607540391099054,1.002235044262386,0.9990170451810609,1.0590618558946938,1.0515744247133365,1.6371912899574252,1.6069910993583112,16.881256994947652,2.0205902540983773,0.9861860894771098,1.7535897379240248,1.1279764606812146e+18,8.166710311793682e+17,0.11095435490225766,0.08033253404698237,0.5278548906360846,0.5133053478692611,0.07416001593133438,0.013566195962344867,0.098839626461254,0.0,0.0,0.0015553520323959126,0.013556762235728015,0.003686788216123133,0.42187181395286477,27.252973732448925,19.731541336724245,202,0.000971347878993748,32,0.9884178638458252,0.8618930242645174
S4,2,3,1,MG,hyb,sample,5000,10,1002,4.128563240647059e-18,0.7720702575648364,1.2433958738295532,6.211453095176939e-06,4807.790497804913,6.337294415504051e-12,4,0.1,0.765845330440433,0.006357796874461675,0.7814519920069559,0.005191684780840471,0.7546082050612294,0.9806233437225631,0.9818045840536918,0.9744377232256275,0.9762222573747064,0.9292788336530977,0.9353579635471189,0.8231631788075312,0.8364365189289391,0.7696283029538883,0.7840295307010935,0.765845330440433,0.7814519920069559,0.8292856961522652,0.8294847807062776,0.9601309401783616,0.9562434485475148,0.993154465575247,0.9899007397959426,0.9973169496181786,0.9940775763729859,0.3105324420532437,0.8160595735104855,0.8823386825822737,0.9599889725626379,6.18629759351983e+18,3.9039068242090373e+18,33.08056564808742,20.875724782063795,0.04761801689850908,0.030565180258324318,0.9500379512173935,0.01678788226114219,0.9704266698332825,1.0,0.98012,0.004651359243219751,0.01668926568815308,0.0030388744700962237,1.5306190791989078,149.46677674061476,94.32206596744352,82,0.0009947166990636426,25,1.4085068702697754,0.765845330440433
S4,2,4,1,MG,hyb,sample,5000,10,1002,1.818290919470749e-18,5.967978184281204,0.8457958270228302,1.7532852378284557e-05,11285.725706988133,1.9834219802018024e-11,2,0.1,0.7257418897063048,0.012347881143234516,0.7379718888061435,0.016494274118835868,0.7062218964878467,0.7995814411817886,0.7998850596348567,0.7988828287030769,0.79928490531693,0.7925765651488794,0.7938722446195251,0.7615773551578707,0.7673977861503589,0.7284138840890775,0.7394046155304265,0.7257418897063048,0.7379718888061435,0.8250438385779264,0.83238880476549,0.9887493946479969,0.9856156501702642,1.0726954817067953,1.064893597868823,1.1408960976709248,1.1319916871649716,5.450206466369366,3.054029601087991,0.9975291961910766,5.04769104402833,2.008323271099064e+18,1.5091640372202092e+18,0.6118849389931275,0.4598038364310521,0.13571027618070428,0.12290603195005993,0.31299675279402095,0.03713537868943377,0.3780203573308895,0.0,0.0,0.004214359051294199,0.03710982709566114,0.006533019819751462,0.6450859124218189,48.522981871868254,36.46282462266981,305,0.000995053914144506,17,1.4777491092681885,0.7257418897063048
S4,2,5,1,MG,hyb,sample,5000,10,1002,2.3816304795587745e-19,0.5416736106484747,1.5497684122892,1.6138755671695967e-05,14400.050847232871,3.0991546346011565e-11,5,0.1,0.6069091890809781,0.009081288049917001,0.6035343582727364,0.01671083001525092,0.588571831190393,0.8590881196623436,0.8254175293732698,0.8288327534256125,0.7940780278224258,0.7272717692475086,0.6926123110644822,0.6458671247436014,0.6268173464042132,0.6157593930972723,0.6080783657642017,0.6069091890809781,0.6035343582727364,0.6153069209950764,0.6117209988759598,0.719352674764137,0.7091113401463385,1.0242340521717783,1.0105858040439244,1.1461420664869466,1.1344714166787795,3.776699197709064,0.9038134337627352,0.9003689988140497,0.8394686515536449,1.1439703295847524e+18,7.301446073563319e+17,0.5029808635846666,0.3210299739881209,0.9017431363620095,0.7925780965242256,0.239586186024294,0.05184770406965497,0.3258517977419309,0.0,0.0,0.006809106088384869,0.0517943172533765,0.0059710289397576265,1.1403572411191933,27.639400669802836,17.640981437816578,90,0.0009998505885736775,31,1.1389579772949219,0.6069091890809781
S4,2,6,1,MG,hyb,sample,5000,10,1002,1.55622943262001e-17,1.6008299806539443,1.0381249186505601,1.0088213545180695e-05,19964.392385127274,7.387898460191217e-11,3,0.01,0.6898237216642715,0.024370838948960503,0.6900113841972217,0.03554355782239131,0.6298438269572283,0.7892448257491445,0.7885805728280777,0.7879249602101529,0.7872188400683182,0.7765116325295972,0.7754314328458427,0.7297636141352497,0.7274870006192572,0.6898237216642715,0.6900113841972217,0.71912851069597,0.7226734709576924,0.7979896438360006,0.8062669662256914,0.8659669241023504,0.8602765261338146,0.9475350376380023,0.9394932087921809,0.9679193072550198,0.9610229631030519,0.17081290631444443,0.22116008564637146,0.5846660361740225,1.6618614934397538,2.403819062741954e+18,1.0131082880564468e+18,23.368465242035935,9.848821894631532,0.05546545698691285,0.024693178588750964,0.8852737008462663,0.0655911520118644,0.9581730735878391,0.90648,0.55412,0.05955287906657688,0.06254092863057024,0.0043198605821159995,13.785833578315637,58.07853271592434,24.47765048736399,22,0.0009886903987148192,21,1.539757251739502,0.6069091890809781
S4,2,7,1,MG,hyb,sample,5000,10,1002,1.0371040898523375e-17,0.3751935385403683,1.3796652484514906,2.443789501259392e-05,6279.316159917024,5.333048615256207e-11,4,0.1,0.7231760014407976,0.011835713967225358,0.7388388959384183,0.015238717735734004,0.7079115576214219,0.9110057576337797,0.890704345915218,0.9018035303861266,0.8827934670548225,0.8494375938435917,0.8379144729032267,0.7712383757467308,0.7700619088913434,0.7358078058859402,0.7425829362668523,0.7231760014407976,0.7388388959384183,0.7358933887418951,0.7474866323625374,0.8601534173722571,0.8565943972386985,0.992741359533785,0.9867259597962482,1.0176725495771295,1.0117119904021372,0.06007338459017974,1.3527796799295309,0.9560462876969968,0.5176414865676912,2.032186675312959e+17,1.3816854601379478e+17,5.617338508839302,3.8192332607145856,0.4008602349695943,0.291935945952111,0.7840169992573454,0.045836878930973005,0.8468775726308444,0.46492,0.0,0.00579664483740595,0.045791300223663095,0.005768621645743483,1.0048578661218222,4.909954419464521,3.338282212813664,135,0.0009854751774653506,28,1.2655231952667236,0.6069091890809781
S4,2,8,1,MG,hyb,sample,5000,10,1002,6.838523459034265e-19,8.051391684286184,1.8622221154154903,8.36005862879806e-06,8922.231473152,9.919988003366067e-11,4,0.01,0.4846661544572929,0.00861931871381459,0.484466745500701,0.009913187140966444,0.46333195269735894,0.6246365766715039,0.6164444965766946,0.6089314405258806,0.6013585280462503,0.5523447227256595,0.5484389942379464,0.49914709334653146,0.49852549754824266,0.4846661544572929,0.484466745500701,0.5326570294695431,0.5281372314325781,0.7704203332184643,0.7562846909022644,0.8974464040141514,0.8872390633845286,1.0161509149537322,1.0078652737619718,1.7649758243197102,1.7279909574690542,19.550492905326536,0.06305576064986969,0.3363894130404532,14.993479654350105,1.244844158710601e+18,2.270589928447522e+17,0.1057319816994961,0.01928546405441948,0.06543373857001565,0.06031810573177379,0.01870413129615448,0.014416976002222338,0.071137605921854,0.0,0.0,0.03512997536802671,0.007822871460221592,0.0017767854806936688,19.771647027592625,30.076607394664833,5.4859591342688345,6,0.0009801169028502582,38,1.3030130863189697,0.4846661544572929
S4,2,9,1,MG,hyb,sample,5000,10,1002,3.4408130719801745e-19,0.15130101012078592,0.784536547546681,3.226002770370702e-05,1555.2638700071143,1.4462093918697307e-11,2,1.0,0.9646319854713579,0.008545011106826313,0.9380648620670204,0.018070197232007052,0.9456146168909856,1.1370346277328767,0.9810555794693464,1.1145758569537931,0.9558055431877968,1.07715140359357,0.9123524630072269,1.064038941622281,0.8959626180814952,1.0551751605673236,0.8900867914017152,1.0155436961276783,0.8868529994289325,0.9646319854713579,0.9380648620670204,1.0193945215789726,1.0217556637125937,1.0314456683175206,1.0367556966584384,1.0951155042561795,1.104390691488657,0.7301798527051114,15.287408269359089,0.999999999987313,0.11870117212048682,1.8939000961758378e+17,1.727535436708556e+17,0.43070143436214114,0.39286760268093995,6.0483255021315525,5.888382048169209,0.28189793213252423,0.007044499843522275,0.2982360671143551,0.0,0.0,0.000693211155682422,0.007040591175820924,0.006361922683406384,0.10896252440956321,4.575841019039644,4.173888331859321,1529,0.0009806706844333512,16,0.43323588371276855,0.4846661544572929
S4,2,10,1,MG,hyb,sample,5000,10,1002,6.127833627948805e-20,0.19253795132177132,0.6482738871549778,4.1611286357776465e-05,13532.521169298881,1.6776013356333705e-10,3,0.001,0.7144322226093143,0.04387955986162773,0.7067134549024162,0.0763448174476318,0.6869697804698089,0.7953336794363116,0.8060230346321425,0.7365148343049273,0.7387311309618446,0.7172638823556772,0.7131053392694395,0.7144322226093143,0.7067134549024162,0.7197708556189039,0.7115423506348784,0.7412954498477443,0.7334285739196863,0.7965232817924663,0.7913667031118798,0.9675033899835646,0.9651413729816246,1.0772428121573028,1.0718577479128402,1.7516037998509462,1.7162954482162587,5.217452194282855,2.6535284074502754,0.9952193045915534,0.1248173261282206,1.5934115423586173e+17,1.1750206311587923e+17,0.05071291537796071,0.03739694375949401,7.72289554765141,7.62502118404571,0.03599829948251367,0.004590461703962725,0.0448613957954543,0.0,0.0,0.0004938410184098184,0.0045875377311783445,0.002628642334452404,0.18786923269753047,3.8498323699640595,2.83896052021482,265,0.000997344441776889,13,0.29597997665405273,0.4846661544572929
S4,2,11,1,MG,hyb,sample,5000,10,1002,5e-20,10.0,0.5,6.000000000000003e-06,20000.0,2e-10,5,0.001,0.5971504504817637,0.015223259573455692,0.6028740896600274,0.025681714302620437,0.559474129316013,0.8425390059698616,0.8222668178380784,0.73271713526161,0.7222318998596288,0.6325065936634775,0.6329272748693405,0.5971504504817637,0.6028740896600274,0.6022164084907441,0.6061704442852938,0.7401756482998596,0.7350850825387795,0.9047302176039922,0.8986550831709461,0.9783385697869493,0.9756507070630663,1.062459981020909,1.0554581828267735,1.8096927211271072,1.771158390229651,332.10781343476935,0.06000000000000005,0.3286267594591275,5.0,7.499703283058753e+18,1.309194931226177e+18,0.03749851641529376,0.006545974656130885,0.1986993192917259,0.19277135999290745,0.006488297072058242,0.003879914083049054,0.017900986665552857,0.0,0.0,0.007440824638073894,0.0027737638964252477,0.0010782967868304607,6.900534925959866,181.19989529828052,31.631382670711513,6,0.001,10,0.31098008155822754,0.4846661544572929
S4,2,12,1,MG,hyb,sample,5000,10,1002,5e-20,10.0,2.0,3.644768213194282e-05,19129.59094263738,2e-10,4,0.0001,0.9457096536024536,0.014025119609644697,0.9450625301853055,0.016340626522829495,0.895668356286561,1.1174916995540383,1.1005140791169379,0.9822438616669672,0.9751588903740711,0.9457096536024536,0.9450625301853055,0.97721158479223,0.9755369541505695,0.9955980343891386,0.9940161107577243,0.9986470204204622,0.997123390518122,0.9990047010761651,0.9974608415441908,1.0002091853467578,0.9983546811536217,1.06983974484424,1.0626638817765128,1.8163083884169264,1.7773819921937761,332.10781343476935,0.5535139719963099,0.802469828661156,20.0,8.920031121807797e+16,5.15062587399007e+16,0.00044600155609038984,0.00025753129369950354,0.0499871267505796,0.04997770986363099,0.0002574602552837523,8.346272942481086e-05,0.00044036097769512624,0.0,0.0,5.0141273535677114e-05,8.14187603021385e-05,0.00022350327566039222,0.22434245488135734,2.1551635369096434,1.2444397249633217,55,0.001,40,0.8469429016113281,0.4846661544572929
S4,2,13,1,MG,hyb,sample,5000,10,1002,6.54847147590913e-20,0.682051225793644,1.1201850932117547,8.113120665990188e-06,17444.473788345895,2e-10,4,0.001,0.5810367705717806,0.015535551742023807,0.5732233556092691,0.015206842636813335,0.5578574392779702,0.7513359211992892,0.7297525765699936,0.6752827217015719,0.6601220120709835,0.6035094122035308,0.5946627053120266,0.5810367705717806,0.5732233556092691,0.5837419578066381,0.5743692263561682,0.6042913579204237,0.5938100891699785,0.7388754518211178,0.7261237659070154,0.903433349042935,0.8900587290869397,0.9941043597558039,0.984193610531659,1.7011570856591813,1.6676013932771838,17.29522241046213,0.04896715086030448,0.29848579656416374,0.7640236159408447,2.5770836932763587e+18,3.777556132945583e+17,0.24742949529654018,0.03626885730826916,1.263050661287567,1.0492457252534158,0.034786242329538634,0.014730447527140405,0.06427328395480117,0.0,0.0,0.00939752723037531,0.014403254418213465,0.0025098130402859548,3.7443136518665177,62.264769387800335,9.126931425664974,5,0.000974073994097178,23,0.5375070571899414,0.4846661544572929
S4,2,14,1,MG,hyb,sample,5000,10,1002,6.325083311702763e-18,0.213608616982349,1.6336039185496105,8.360770002830631e-06,11137.817363039681,6.003454067567845e-11,3,0.01,0.6801904142657602,0.02348287194364244,0.6740718343114251,0.011106815332842135,0.659170163134064,0.7929597644618158,0.7549838589581528,0.7860629332210698,0.7495392143470901,0.7460358910330317,0.7188275536552788,0.6885840373950437,0.6762305513356541,0.6801904142657602,0.6740718343114251,0.7498840371492157,0.7480245258194586,0.8462122369523817,0.8510731092593007,0.9005946150948733,0.8948255855021735,0.9538510330050165,0.9467470862091577,0.967976649953185,0.9622396371688466,0.05607917494586736,0.11879368215619626,0.4494769882496149,0.3489518737383282,1.8091930468095757e+18,5.3555307402868256e+17,53.57132549090709,15.85805787670937,0.16999138989812967,0.052513378842565184,0.9183853545290291,0.06136330622421282,0.9775404099140129,0.94732,0.78796,0.048572463959967255,0.05934227435231589,0.00364580084064191,13.322851708875897,43.71180809203543,12.939466706620284,12,0.000990062980939158,33,1.2925219535827637,0.4846661544572929
S4,2,15,1,MG,hyb,sample,5000,10,1002,6.33934647192609e-20,10.0,2.0,8.352245291889455e-06,7159.226479013149,1.333080630175744e-10,5,0.0001,0.7056974230560675,0.014355293716114164,0.6763708938398489,0.02624274248299988,0.6014299939366797,0.916678672376921,0.8740179334231556,0.7798897455473901,0.7482577625476353,0.7056974230560675,0.6763708938398489,0.7264179919126621,0.707970655203406,0.8588039942696442,0.8480798776308077,0.9601957436479497,0.9562656759377518,0.9940609825894228,0.9922298126052421,0.9996044218351745,0.997717246315444,1.069666153577446,1.0624898783411578,1.816165960061669,1.7772462132134295,261.9416803494767,0.04360826584478795,0.28242161115666964,20.0,9.554347795202162e+17,1.2622883290739688e+17,0.006056832098706964,0.0008002083065468544,0.04996002157573983,0.049698981612893975,0.0007989327572651953,0.0007872321956288249,0.004128080730596357,0.0,0.0,0.0021793300856134843,0.0003401132389889574,0.00035966613877351755,6.059314043421287,23.084204198381308,3.0498074981328935,4,0.001,40,0.8182899951934814,0.4846661544572929
S4,2,16,1,MG,hyb,sample,5000,10,1002,1.916297808202184e-18,10.0,1.6872254865244298,6.000000000000003e-06,13394.75272430496,2e-10,2,0.01,0.4877078597809811,0.007630520227421323,0.4832886457860063,0.010353492459636912,0.47796085909184616,0.5256130208070682,0.5263188381450895,0.5231089486713909,0.523880836206523,0.5094670227582397,0.510551226186629,0.4907719651257657,0.4906695731816967,0.4877078597809811,0.4832886457860063,0.529619539396135,0.5188504878986323,0.7084853816310763,0.6886217730045172,0.7935511747835639,0.7741341176774624,0.883247297955766,0.8715417402811367,1.5959894218725534,1.5649997782305909,8.665349717911106,0.01778067024212513,0.18265326348307032,16.872254865244297,4.610670731822996e+18,2.6263739202891126e+17,0.8835418217734368,0.050329145869694045,0.056428883307820484,0.03146672939349946,0.04423702715791404,0.05610583266238382,0.29403380082990926,0.0,0.0,0.17576381737453534,0.01788374422133889,0.0024268584144614227,72.42442176567663,111.39814767717503,6.345566769895283,2,0.000992485580308488,34,1.4625170230865479,0.4846661544572929
S4,2,17,1,MG,hyb,sample,5000,10,1002,2.7342581306695096e-19,0.8729560960078713,0.5219799967364117,6.000000000000003e-06,5946.270612479653,2e-10,1,0.001,0.6177089128434554,0.007048832134526527,0.6024534226238571,0.01691135566452354,0.6042059239089314,0.6421684194966675,0.6293229239754423,0.6356567281082763,0.6223450046214315,0.6211247093453535,0.6066452119753751,0.6177089128434554,0.6024534226238571,0.6380647127808873,0.6189957468976892,0.740020566143373,0.7175953220273448,0.8694498171313858,0.8461550138612821,0.8975916640131313,0.8760988617634122,0.9422299465859979,0.9263480533595994,1.5823035699101884,1.5512161995536113,5.301539328306543,0.0574734667756806,0.3220303807894027,0.45566562014521933,2.217720660394579e+18,3.7742321668375597e+17,0.6946306664181833,0.11821585342496936,1.9625832702440311,1.2950265623907564,0.10404706833685026,0.039485866554640696,0.17509806186037485,0.0,0.0,0.016495877294790042,0.03914938037830877,0.004197105506261989,3.93029845691955,53.5822200289018,9.118900410463223,6,0.0009490545395207486,11,0.35086894035339355,0.4846661544572929
S4,2,18,1,MG,hyb,sample,5000,10,1002,5.00491269340266e-19,0.7924587561870512,1.7779659815485949,6.978939660664035e-06,16492.166852014696,2e-10,1,0.001,0.5917719182195664,0.011844395239768586,0.5749507491573953,0.011990286990542618,0.5706306102221582,0.6138097349086638,0.5912402395778547,0.6118053838668309,0.589463421393398,0.6022272292735895,0.5813971960428084,0.5917719182195664,0.5749507491573953,0.6116622893519951,0.5952905625664623,0.7031393131988921,0.6827891344075909,0.7774751699961051,0.7534908728538245,0.7930231910954879,0.769638503626577,0.8287048994811936,0.811616263100108,1.416684167664482,1.3905690182506507,2.62923412331885,0.02282833271870179,0.2064444725565288,1.408964710280889,3.6230384360406e+18,2.583732949809264e+17,2.2881936650524217,0.1631802000533486,0.6101728554537273,0.21584525011925493,0.13595418262980055,0.061292188128136894,0.27971451025870525,0.0,0.0,0.08840603828780377,0.05327933066751117,0.004645996103300688,19.028435737386186,87.53602115902001,6.242542168857809,2,0.0009877588786381083,36,1.1198399066925049,0.4846661544572929
S4,2,19,1,MG,hyb,sample,5000,10,1002,2.972110608802066e-19,10.0,0.5465494432317498,6.000000000000003e-06,443.1081217639125,2e-10,1,0.0001,0.8917559988842205,0.016328044952595024,0.8665910589288129,0.026034747690091627,0.8682060761054773,0.919034296104449,0.8948417438278691,0.9002318900546399,0.8760195700829385,0.8917559988842205,0.8665910589288129,0.8955144249803446,0.8733560475951995,0.9490027173998599,0.9409761660187204,0.9916041926683306,0.9892832929952424,0.9982497149265901,0.9966228983074312,1.0001174699823598,0.9982533331849718,1.0698127326386722,1.0626354501283066,1.8162874041060948,1.7773614976276455,55.87070219580895,0.05488981897522366,0.3151066539498787,5.465494432317498,1.637516481611405e+17,3.0701312816935436e+16,0.00486688010708549,0.0009124769752736465,0.1827992631320404,0.18207990219684347,0.0009114015197028275,0.00048602798822457036,0.0023072064858189753,0.0,0.0,0.001169569689441153,0.00026203967260135747,0.0004115240360270457,2.8420446609448784,3.9563940574483505,0.741772635260786,5,0.0009937262604213632,11,0.2357478141784668,0.4846661544572929
S4,2,20,1,MG,hyb,sample,5000,10,1002,5e-20,1.8521684065108956,0.5,6.000000000000003e-06,13143.252123690343,2e-10,5,0.01,0.5964457133910053,0.019617886511158377,0.6003094666822054,0.032489747318215,0.5918349542583196,0.8441094575528993,0.8309264522181022,0.7209595042510012,0.7051032131472865,0.6341505937261391,0.6256923597409946,0.6008166361872351,0.6015491258714639,0.5964457133910053,0.6003094666822054,0.6199888749792952,0.6218719385296335,0.7730487035609198,0.7658184477823287,0.928420427357303,0.9202407466475563,1.0252137879135894,1.0175402855909659,1.7539519537195876,1.7182790852218832,61.51195995992945,0.06000000000000005,0.3286267594591275,0.9260842032554478,4.928548155519581e+18,8.620399920822522e+17,0.13304805702857098,0.023271101835338998,1.0552583913868365,0.9530181973986359,0.02265206577619842,0.009680505366009335,0.04239964796896404,0.0,0.0,0.006584463436829013,0.009431886043323841,0.002038499885211722,3.230053376306734,119.07836564281388,20.827698165216997,6,0.001,10,0.2841911315917969,0.4846661544572929
S4,2,21,1,MG,hyb,sample,5000,10,1002,3.4316759501280555e-19,6.4295041829837265,0.9601292475522095,6.000000000000003e-06,14480.627140319199,5e-12,4,0.1,0.6084032613224205,0.0067747302331379175,0.6297830898367907,0.013350762442544564,0.5833026048170378,0.7821124986953054,0.8028180833209257,0.7807352853857883,0.8015447656053076,0.7682491851413351,0.789969456863953,0.7045160177535369,0.7298148869158265,0.6300216348402403,0.6551984596052222,0.6084032613224205,0.6297830898367907,0.6156781002752576,0.6311200608247026,0.7305530776375091,0.7261697763716735,0.980585278295971,0.9688066687284899,1.0478188093718255,1.0367212051909778,31.11145409287186,1.249831731570856,0.947176537668907,6.173155013341949,2.958653578379659e+19,1.976118895457571e+19,1.5791482578947542,1.0547313595475931,0.07883839388557183,0.06280822351223671,0.5045896207021043,0.06818580987173214,0.6102926245366835,0.0,0.0,0.012341097022226627,0.06804561063561938,0.00700422726363383,1.761949827970602,714.8385721303174,477.44893823029463,125,0.0009601292475522095,20,2.3948750495910645,0.4846661544572929
S4,2,22,1,MG,hyb,sample,5000,10,1002,1.472109300546911e-17,0.15335154421401592,0.5864603208446866,6.000000000000003e-06,12168.608836760253,2e-10,2,0.001,0.7392697270107893,0.012120382689490287,0.7353590158657488,0.020224029599364417,0.7090795340104157,0.8101808609673622,0.805854524930014,0.7983919475227909,0.79373664314055,0.7600799229814806,0.754142109068253,0.7392697270107893,0.7353590158657488,0.7810007559159838,0.7824319820039702,0.8582823457030679,0.8620130428272919,0.9312656828536573,0.9239339658235772,0.9746480514657918,0.9687612252969025,0.9824172261997852,0.9776748778546619,0.9845180329923704,0.9798760887607557,0.017298051855538576,0.05115435594481589,0.304752347102982,0.08993459582177991,4.462708031720011e+18,6.795118897025746e+17,428.40090282703426,65.23023799925588,0.16788693365887244,0.025894662773150466,0.9744947177990021,0.025701928505592185,0.9963566699489077,0.99788,0.9726,0.024449130896104447,0.024527462267035657,0.0020541914061881993,11.902070480117901,107.82322947644097,16.417647288283884,5,0.0009774338680744775,12,0.44342923164367676,0.4846661544572929
S4,2,23,1,MG,hyb,sample,5000,10,1002,1.155903133831882e-17,10.0,1.9362820586606304,6.000000000000003e-06,11169.182503472322,2e-10,2,0.01,0.4275941535102047,0.005361381970710287,0.4255479028252182,0.008124592180373163,0.40345438620076407,0.4650993287137486,0.46394474065634883,0.46452661886375807,0.46337575132804387,0.45973277731461326,0.45859686432273056,0.44177094212324075,0.4404543338245447,0.4275941535102047,0.4255479028252182,0.44155180198668703,0.4359399416993721,0.5455374184399112,0.5268167918877638,0.7556132129293706,0.7345451133612421,0.81437309776639,0.7959186179430275,1.0453018753009826,1.0307527826369642,1.4365728568180873,0.015493610481910728,0.1706958728334637,19.362820586606304,3.8377054165801856e+18,1.929220498310295e+17,4.436015717748624,0.22299920198495748,0.0422284562321987,0.009500592153259099,0.1385647858448813,0.15374078382517098,0.7344321407930279,0.0,0.0,0.517151202754351,0.04748101318569741,0.0040442136394039764,127.87435305484186,92.72257760394466,4.661178437429436,2,0.0009929651582875028,39,2.386324167251587,0.4275941535102047
S4,2,24,1,MG,hyb,sample,5000,10,1002,8.336673270800581e-19,10.0,0.5,6.000000000000003e-06,10307.89327291286,2e-10,2,0.01,0.5566479505269697,0.006435926928360065,0.5499544224468786,0.015847395104426613,0.5426667871479132,0.609649415471923,0.5972755747875081,0.6057587167606756,0.5937442201783169,0.58571464949855,0.5760205174498654,0.5584212181481416,0.5525720805713064,0.5566479505269697,0.5499544224468786,0.6018105274832941,0.5900754557063455,0.7517488518220311,0.7328545439326194,0.8261225872624525,0.8087828710006955,0.9233662094729,0.9130066018126209,1.6537682717030413,1.6210472501151454,19.918485626513977,0.06000000000000005,0.3286267594591275,5.0,3.865340410521714e+18,6.771353204738574e+17,0.32224080082941725,0.05645055926909393,0.18931316590751787,0.1512583788630208,0.052445946809813425,0.03031054852346779,0.13942629095084136,0.0,0.0,0.05927301932370584,0.02147262779383567,0.002990830273148915,19.818249084826824,93.39026508700616,16.360227137224648,6,0.001,10,0.5024392604827881,0.4275941535102047
S4,2,25,1,MG,hyb,sample,5000,10,1002,2.3563689767704123e-18,10.0,2.0,6.000000000000003e-06,11212.880135047815,2e-10,5,0.01,0.44492641128698673,0.008286035172790633,0.44594287897399854,0.009862371628313696,0.41341045419319855,0.6451374622168953,0.625999179860365,0.6202485749632123,0.6040356172653665,0.5376482534267477,0.5299832293674364,0.4686736597208697,0.46534988504786795,0.44492641128698673,0.44594287897399854,0.46060397037182543,0.46364658432127637,0.5126134945514026,0.5093640902583405,0.7468916060000578,0.7306784667004711,0.8992747633139626,0.8832148458168912,1.453920385252816,1.428579633878297,7.047024823123182,0.015000000000000013,0.16799597142736353,20.0,3.851414714095467e+18,1.8791343539890675e+17,0.9075354148971646,0.044279338949233485,0.047879909268635536,0.02621183313794229,0.0389377583857196,0.05444440399901767,0.29430374522056274,0.0,0.0,0.1788674382800102,0.015701456240553517,0.002230502756185917,80.19153430048542,93.05380714471775,4.540165595129367,2,0.001,40,1.660902976989746,0.4275941535102047
S4,2,26,1,MG,hyb,sample,5000,10,1002,7.5396486359088e-18,5.978323710944341,2.0,8.020170311722342e-06,9865.272262960369,2e-10,5,0.01,0.42494792799086867,0.009636284272017985,0.4217544795856944,0.00897183821953361,0.3708544307702004,0.5962278939897503,0.594063495751205,0.5888198267439437,0.5871538224937322,0.5453367674631794,0.5452853958313725,0.46772234361552545,0.46568592763412964,0.42494792799086867,0.4217544795856944,0.4335414907912344,0.43233847832524547,0.48576745770613616,0.4855915921766033,0.5850684153644236,0.5740177111495839,0.8387128057453582,0.8184970092235464,1.0520788289292142,1.0369146124346096,1.3166714468569152,0.026801304928763526,0.22324921744910506,11.956647421888682,1.4423496590920082e+18,1.2228274890104934e+17,1.8190399458912518,0.15421864146619454,0.07246069460745842,0.0296680735622126,0.11768237433862645,0.10677977802719636,0.49801897236280007,0.0,0.0,0.3014541302075399,0.043982376141640946,0.004013119639778263,75.11715504803544,34.848526314549005,2.9544663917182454,3,0.001,40,2.1891980171203613,0.42494792799086867
S4,2,27,1,MG,hyb,sample,5000,10,1002,1.0444192205500809e-17,10.0,2.0,7.2033282078835516e-06,9925.93664190232,5.825370795817143e-11,2,0.1,0.43769852472245485,0.003091043035441003,0.4361791035023709,0.005774355202169584,0.42910203905001404,0.4733009397641303,0.46851584046995687,0.47316975054244603,0.4683740196258814,0.4719088991999299,0.46701409126084714,0.462810430509527,0.45741366369786485,0.4409883916711503,0.43711248931670654,0.43769852472245485,0.4361791035023709,0.5003536578300946,0.49156749179379056,0.7189891241676497,0.7014717049614327,0.8334056499896926,0.8140354869065686,0.92091448261528,0.9069528639651958,1.5899162276037626,0.07422694492933757,0.36299519501195876,20.0,2.2278190637349527e+18,4.6411656669176256e+17,2.3267770500726703,0.4847322628285903,0.033676105282944485,0.015029561418583129,0.2890658678455919,0.14828161997760242,0.6854729746844397,0.0,0.0,0.36086683636995964,0.09392681680019624,0.005960212801989462,60.54596511210233,53.826206965303534,11.21349340322775,7,0.001,40,3.930664300918579,0.42494792799086867
S4,2,28,1,MG,hyb,sample,5000,10,1002,2.416912499561872e-18,4.1207729416790775,2.0,7.2251765725365285e-06,10205.247482245171,2e-10,1,0.001,0.7004547767231795,0.0076041491675191,0.674567314708104,0.014303638607499065,0.6710673902438631,0.7141376530771788,0.6805826842351621,0.7126981569933287,0.6796125162938826,0.7043349598361953,0.6741020327379539,0.7004547767231795,0.674567314708104,0.7373952525479963,0.7127266173691297,0.7574815078708967,0.7338523598600611,0.7612995651015441,0.7382885504966383,0.7714062836353648,0.7518466112697114,0.8728097446382215,0.861163563217695,1.6084563885942802,1.5763903524088714,2.831175914664441,0.021751323543471125,0.20162333675637376,8.241545883358155,2.0183156928162194e+18,1.382306408213891e+17,1.1837809301964937,0.0810749265616008,0.11223686418570304,0.055562560341684816,0.06984204259486282,0.06589890597989222,0.3029219011749318,0.0,0.0,0.1743970961297899,0.027798651130383198,0.003179947492292656,54.84275968470609,48.76440819242881,3.3397824818523167,2,0.001,40,1.6327381134033203,0.42494792799086867
S4,2,29,1,MG,hyb,sample,5000,10,1002,1.5681869541759848e-17,10.0,1.0735862368919329,6.000000000000003e-06,19864.697018671708,1.7869086724784512e-10,3,0.01,0.41300199777824753,0.006468169918894966,0.3992876688492932,0.009507522260892654,0.3566678629889932,0.4791274530672279,0.4578557286630918,0.4786066949915502,0.4573703767521744,0.47382692929471215,0.45292176189265787,0.4477260317685571,0.4288891514030972,0.41300199777824753,0.3992876688492932,0.4142901945338712,0.40668428845922044,0.46665837105951474,0.45887395614985216,0.601469008911329,0.5857138262681696,0.8058873931715681,0.7896963701489005,0.8809433266913219,0.8689947228127698,1.0588910096158712,0.03127605429947504,0.24063429037926481,10.735862368919328,6.977291020414619e+18,6.755301960043608e+17,10.94169675370345,1.0593576405259846,0.04523048965110348,0.007800043525543751,0.39903686259503046,0.20961614240396043,0.8999732016982573,0.05244,0.0,0.5828307216593754,0.11033550159783907,0.006182709394634184,94.26784997612849,168.57792297205705,16.321445818172936,3,0.0009759874880835754,22,2.0640881061553955,0.41300199777824753
S4,2,30,1,MG,hyb,sample,5000,10,1002,2e-17,10.0,2.0,6.337691728307856e-06,10240.065440024837,1.19547582612139e-10,4,0.1,0.38045973102388553,0.004079364654353415,0.37266958476694656,0.005153352515423939,0.35972442649598907,0.4763426766108645,0.46032368642709864,0.4755339274006626,0.4595521910722703,0.46827266098819403,0.45261371317185767,0.43213458943002603,0.41781941600778866,0.3844975594243954,0.3726126886762561,0.38045973102388553,0.37266958476694656,0.4518065128775608,0.44737888686559213,0.5751021866636303,0.5648248996491951,0.7959046797604576,0.7791355737846991,0.9098658971120193,0.8965970219361316,0.8302695335869232,0.02799884891397718,0.22804726039876072,20.0,3.038887826354161e+18,2.677669028821029e+17,6.077775652708323,0.5355338057642058,0.032561966276682494,0.007064366328264081,0.26663511338998813,0.19089421524114814,0.8359608511355593,0.00556,0.0,0.5835415873527962,0.08316280338202252,0.0054946585695558065,106.201610157548,73.4223922168308,6.469500583600862,3,0.001,40,3.502847909927368,0.38045973102388553
S4,2,31,1,MG,hyb,sample,5000,10,1002,2e-17,8.101918018711318,2.0,7.141750977283857e-06,12336.424440312912,1.9856246569532203e-10,5,0.1,0.36636747753309945,0.003946665342672111,0.3591902510096604,0.00948797286130587,0.3506376169610562,0.5178507880549617,0.5017492555694733,0.5148615866379191,0.4989253441983344,0.49151621726729644,0.47706868343492986,0.42176663096240113,0.4132745916607391,0.3714639927517375,0.3654017909151552,0.36636747753309945,0.3591902510096604,0.43901795107591024,0.43455860162141474,0.5719179788747581,0.5655866874159285,0.7818602085721744,0.7657685757020268,0.9310001530432513,0.9176498237307339,0.6726775694554936,0.02140577728815633,0.2000496720019283,16.203836037422636,2.525747473371889e+18,1.7028196062651536e+17,6.234937128563125,0.4203497498573806,0.043449707870455816,0.008529967933174657,0.22078923348242865,0.18669447312881673,0.8187507812352606,0.00136,0.0,0.5837170087507803,0.07058103118101698,0.005031334870876978,116.01633040359256,61.024437961260816,4.114172557521006,2,0.001,40,2.9087040424346924,0.36636747753309945
S4,2,32,1,MG,hyb,sample,5000,10,1002,2e-17,8.281590573883815,0.9478676158171998,6.000000000000003e-06,13119.406543428504,5.46400939056615e-11,5,0.01,0.47428945630225217,0.01593795196180367,0.45789588531126874,0.026567638384808124,0.3700462828071215,0.6403695131346046,0.6146788729807175,0.6391337757291805,0.6135031937418601,0.6277718393013054,0.6026810921073603,0.5643273143461998,0.5419773480507264,0.47428945630225217,0.45789588531126874,0.48100239982028625,0.4713401761222353,0.5801212917304965,0.5758709684882484,0.730444376647363,0.7361940493048502,0.8243395740185656,0.8200034775588263,0.9363481000619831,0.9275477447351246,0.6875952343136376,0.11584895685501745,0.44449491717377854,7.849851512441447,5.724183348362062e+18,1.6661266185575388e+18,13.82387428427917,4.023687487791795,0.02535805521724362,0.008593633638994042,0.7437402839163647,0.1371548506215763,0.9316529719851426,0.39036,0.06196,0.21814917420049584,0.11848856047646597,0.005795676843519479,37.63998236796493,138.3016613116374,40.25518843102464,12,0.0009977553850707367,19,0.8357319831848145,0.36636747753309945
S4,2,33,1,MG,hyb,sample,5000,10,1002,2e-17,10.0,2.0,9.04572278031649e-06,12547.16015343215,2e-10,4,0.01,0.40057443071779747,0.010110536874928596,0.38537177504495956,0.014037829807362701,0.33630500579087164,0.510544391882455,0.4869995837211857,0.509160798971851,0.4857243440758334,0.49735065177104676,0.47480432550706764,0.44906305436627403,0.4291990776340363,0.40057443071779747,0.38537177504495956,0.4068128046341329,0.40235598399673717,0.47344077960406405,0.4722597748439819,0.5890847691422593,0.5770073178106232,0.8204863373495203,0.8012633950388122,0.9594852363009869,0.9452577269575928,0.8302695335869232,0.03409379192430695,0.2508911176772782,20.0,1.2911970440508608e+18,1.3506703950514808e+17,2.5823940881017218,0.2701340790102962,0.03936592272129302,0.013957146748892315,0.17712542642676898,0.14477972523643798,0.6709011324803872,0.0,0.0,0.43158376894773587,0.06216673585949572,0.004773442347038756,90.41352918307945,31.196536764324204,3.2633468942520327,3,0.001,40,3.093306064605713,0.36636747753309945
S4,2,34,1,MG,hyb,sample,5000,10,1002,6.152577664837586e-19,0.1,1.9496834755172192,6.000000000000003e-06,20000.0,2e-10,5,0.01,0.6585195851009613,0.014110074318047882,0.6526613355084537,0.011292853162694958,0.6239653837391673,0.9297456351520402,0.8909104818183456,0.8657813989358265,0.8277073657542375,0.7394036488714886,0.7046937744083166,0.6731314137424278,0.6550349380283945,0.6585195851009613,0.6526613355084537,0.66873242618541,0.6744124730624004,0.6880979666207232,0.6988133376994334,0.7220010914208054,0.7316134125234819,0.8107291764386128,0.8054631857383991,0.9538648029760802,0.9442088219607987,0.26989323136283905,0.015387113024611094,0.17011721296154264,0.19496834755172193,6.871640837191227e+18,3.422245271004055e+17,42.2783039356886,2.10556298179756,1.65156453272172,0.11851290851166651,0.6413689697324181,0.13188720388988717,0.8136099990837865,0.00996,0.0,0.07369795833316402,0.13005429776010471,0.006508697300323671,11.322996743065481,166.02531503334475,8.26846691644124,2,0.00099983767975242,39,1.1505441665649414,0.36636747753309945
S4,2,35,1,MG,hyb,sample,5000,10,1002,2e-17,0.486455681568552,0.5,6.000000000000003e-06,20000.0,1.362400940243519e-11,1,0.0001,0.9633157376978652,0.01119096258426571,0.9612762201372378,0.007384951506679928,0.9133131259379207,0.9836090587211052,0.9819722606342175,0.9776082798220681,0.9759030662484349,0.9633157376978652,0.9612762201372378,0.9849977077255554,0.9831974887960662,0.9970262045811225,0.995434593624133,0.9986013526515437,0.9970368207656316,0.9987639493717978,0.9972016848134313,0.9987844704872069,0.9972172726255,0.9988636461877205,0.9972428027124931,1.0028729536270675,1.0005754283619341,0.04038893318466306,0.8807979828504154,0.8959533463154793,0.243227840784276,3.0271545453458088e+19,1.920954075651982e+19,1244.5756766926436,789.7755739877317,0.0051991634332292655,0.0033007801333153476,0.9986027625801528,0.000504853898919072,0.9991909929503691,1.0,1.0,0.0001294425972837232,0.0005022143636047227,0.0005208709968063864,0.24851181593402955,731.3890509607745,464.1205981671603,88,0.001,10,0.5218360424041748,0.36636747753309945
S4,2,36,1,MG,hyb,sample,5000,10,1002,2e-17,10.0,2.0,6.000000000000003e-06,200.0,2e-10,5,0.001,0.6309742277862945,0.009140400091696248,0.6378810738849926,0.020332066949622772,0.5689528083309328,0.8661546402672071,0.8762931686536242,0.7887721585669228,0.7991662297578521,0.6813746210626104,0.6911436341400106,0.6309742277862945,0.6378810738849926,0.6423015682998005,0.6392968701952482,0.7809710669336105,0.7662832881060931,0.9170816960235152,0.9086919813352953,0.9803669062275618,0.9771183478862209,1.0556676952693427,1.0485502679263456,1.7913547877940004,1.7533362014437515,0.8302695335869232,0.015000000000000013,0.16799597142736353,20.0,6.8697843432396856e+16,4585072681753518.0,0.13739568686479373,0.009170145363507036,0.0495456591038866,0.04396007526441735,0.008960556603204429,0.011908185585524625,0.05590234119289169,0.0,0.0,0.04318621936932516,0.0013948286335039289,0.0011171473828214065,38.65758451696534,1.659804603908416,0.11077967467666217,2,0.001,40,1.2645738124847412,0.36636747753309945
S4,2,37,1,MG,hyb,sample,5000,10,1002,2e-17,7.731930857705094,1.0909197609303758,6.000000000000003e-06,14283.635257154016,2e-10,4,0.1,0.3920428128275345,0.005535273044216159,0.3875972583871691,0.00513265838521238,0.3721676920666613,0.5047143873903349,0.4801523274971379,0.5036350134870065,0.4791549122614079,0.4940835460680197,0.47036901346073445,0.44976936010996627,0.4309658118933285,0.3984588464807007,0.3897884223390575,0.3920428128275345,0.3875972583871691,0.4452953196163496,0.44096513620281874,0.5811276019480837,0.5742894627740701,0.7748700007654199,0.7607043503669202,0.8951765299781215,0.8836838989172433,0.6419586626953148,0.027499731029177566,0.22606127757925087,8.434916162817837,4.992169471237876e+18,4.3202895446602835e+17,12.913124969975732,1.1175189287563247,0.05598760995952919,0.008521078055502868,0.4076219389901764,0.21162307550203338,0.9071013117783013,0.05824,0.00084,0.5868104290522762,0.10957487915509528,0.00619903631785209,94.66155688786168,120.615516555562,10.438226468493298,3,0.0009917452372094325,22,2.164210319519043,0.36636747753309945
S4,2,38,1,MG,hyb,sample,5000,10,1002,2e-17,10.0,1.4080919334136908,6.000000000000003e-06,200.0,5e-12,5,0.1,0.5409355053546163,0.00603385719637831,0.5452237407669126,0.013195290717209538,0.4975498174777484,0.7573819032583848,0.7391467734903251,0.7558265581232412,0.7376901202309494,0.7417209802695071,0.7244992466177074,0.6690322317177153,0.6569353269418484,0.5748437057874736,0.5714798773064838,0.5409355053546163,0.5452237407669126,0.5842499247429306,0.5859170786054128,0.857786094696622,0.8515459644811163,0.9895219263118118,0.9818554823992569,1.0176093788746248,1.009960288750436,0.8302695335869232,0.852217082936336,0.8901689921576177,14.080919334136908,3.1595225711503174e+17,2.5501532636929757e+17,0.6319045142300636,0.5100306527385952,0.04703089312517996,0.04351853287090214,0.336882116930913,0.024289880139597417,0.3860972746406814,0.0,0.0,0.019076673247831664,0.023357762720282574,0.006674236493132877,2.8582555124409597,7.633704127711777,6.161410484326165,85,0.0009710978851128902,29,3.906464099884033,0.36636747753309945
S4,2,39,1,MG,hyb,sample,5000,10,1002,2e-17,8.716638852837123,1.3663019823893359,8.682701989590527e-06,9927.63632579059,1.1007643934968452e-10,5,0.1,0.376493705080743,0.003797065965734806,0.3726580245484658,0.008003127305132349,0.35230007180510103,0.5311624631702689,0.5000590229860905,0.5296205696236883,0.4988218168940389,0.516146461361135,0.4880623258388622,0.45657982815103193,0.44083025060548725,0.39180626737793645,0.38503651146835743,0.376493705080743,0.3726580245484658,0.4581227560952471,0.4567319332833847,0.5794483174270165,0.5799084477802874,0.7453605150881383,0.7319425169675962,0.9395048777972864,0.9239844781099886,0.7237159674790732,0.08354442393423872,0.38337047608569064,11.909560944403268,1.304914656799962e+18,2.987021096633402e+17,2.9940775999345983,0.6853607559205407,0.049820877415271345,0.021022664062060593,0.3627289335816566,0.1560905549703689,0.7313880784294502,0.0,0.0,0.3444704973469505,0.10946314454319621,0.00637014727841439,54.07575088792822,31.52796720897851,7.216924317344189,8,0.0009759299874209542,28,2.953042984008789,0.36636747753309945
S4,2,40,1,MG,hyb,sample,5000,10,1002,2e-17,10.0,1.9175993104196616,4.9999999999999996e-05,200.0,5e-12,5,10.0,0.9988627170241908,0.0006900077190860698,0.9964468377817903,0.000683832074043622,0.997063577950286,1.565338238678888,1.4572869461319478,1.5451220929142984,1.4393328094738183,1.41905674559721,1.329051638676924,1.1807011126683586,1.1292068854680402,1.0602812393662282,1.0287195469076986,1.0251689336918643,1.006040903318724,1.0034862313726465,0.9981182573610796,0.9988627170241908,0.9964468377817903,1.0297612081355088,1.0297136931803126,1.686707262040939,1.6595146953729827,0.8302695335869232,43.457114779153756,1.0,19.175993104196614,2.041597378042743e+16,1.9872657909301412e+16,0.04083194756085487,0.03974531581860283,0.050155107160956426,0.050102745075410474,0.03822542779445058,0.000578222553975858,0.0392301004120578,0.0,0.0,1.4441993635726056e-05,0.0005782015566766683,0.002711529743807871,0.005326142436278347,0.4932691563654906,0.4801421331692107,4346,0.0009833842617536727,39,1.892117977142334,0.36636747753309945
S4,2,41,1,MG,hyb,sample,5000,10,1002,5e-20,0.1,1.0140465401046117,6.000000000000003e-06,200.0,2e-10,5,0.0001,0.9553712393350722,0.036986189370961785,0.9758824988414935,0.053977354610953744,0.9279330758055758,1.0223016716564794,1.045562429027486,0.963901566626107,0.9892968948775538,0.9553712393350722,0.9758824988414935,0.958755289984936,0.9729311176299893,0.968837896556486,0.9773605605332518,0.9869754879972547,0.9891003167935126,0.9967955006965612,0.9957502607220414,1.0002568342882971,0.9983612592328557,1.0695374410747573,1.0623133988042783,1.8142972752640874,1.7754205016266773,3.321078134347694,0.02958444096353324,0.23423192967086987,0.10140465401046117,7.0104359898678856e+16,8865356726168362.0,0.03505217994933942,0.004432678363084181,9.817960460275856,9.527519976490852,0.004412457952269438,0.00043700511162123403,0.005283951747728414,0.0,0.0,0.0002127169428428183,0.00043259344646335906,0.0009361573871348271,0.22722348374972812,1.6937873665333476,0.21419536879443632,3,0.0009657586096234397,21,0.4659759998321533,0.36636747753309945
S4,2,42,1,MG,hyb,sample,5000,10,1002,2e-17,0.1,1.5878285378976973,4.9999999999999996e-05,20000.0,5e-12,5,10.0,0.9989760422589627,1.7556713440858084e-05,0.9974751672345846,3.092859353414082e-05,0.9989272398743838,1.4188292290247921,1.3977754271154408,1.3160759706969927,1.309876479794822,1.1187591454244643,1.1247502801630287,1.0135713055729876,1.01547188900519,0.9997068470028824,0.9986359473661857,0.9990281894247863,0.9975720451237082,0.9989800090067265,0.9974841296463968,0.9989760422589627,0.9974751672345846,0.9989833726375414,0.9974718276545884,0.9992058925922571,0.9975851462600815,0.008302695335869234,52.482576893137086,1.0,0.15878285378976975,1.762356929961503e+18,1.6937480317044718e+18,352.4713859923006,338.7496063408944,0.018536913979106482,0.017817309906136596,0.9970555561549036,5.670804020315033e-05,0.9971709165780728,1.0,1.0,2.1547523930018907e-06,5.670329436406881e-05,0.0007662245815772976,0.0028121681877737,42.58020339399096,40.92254778929695,5248,0.0009923928361860609,32,1.2184932231903076,0.36636747753309945
S4,2,43,1,MG,hyb,sample,5000,10,1002,2e-17,0.7906685115899259,1.4137679244085022,6.000000000000003e-06,9628.022962098068,2e-10,5,0.01,0.44643932189472074,0.009468914305083122,0.4337476735755693,0.01355008639872897,0.4014292248544665,0.6297481366118667,0.6064014211283355,0.6208642113548353,0.5973860606894099,0.5678013392910269,0.5432278465926221,0.4805543586539784,0.45834702454753834,0.44643932189472074,0.4337476735755693,0.4710008330007298,0.4647888215990438,0.5470876445946862,0.5445691181242143,0.730582486090878,0.7321749833930769,0.8404388872666676,0.8344178736249992,0.9260386100237319,0.9188092466581033,0.06564679763396347,0.02121989011212823,0.1991975210499384,1.1178217805256494,3.3236547141136655e+18,2.2271131044522973e+17,84.0720141347289,5.633493864511888,0.13486060409189343,0.01051576125129899,0.7552425975231066,0.14624464960653674,0.9773795921271526,0.41868,0.16984,0.31821406708298083,0.10747967949680307,0.005582894397965742,56.998045171502724,80.30262844737597,5.380915032409068,2,0.000975012361661036,29,1.688307762145996,0.36636747753309945
S4,2,44,1,MG,hyb,sample,5000,10,1002,2e-17,0.4564456300664946,1.8088359580246296,1.7374484746788835e-05,20000.0,2e-10,5,0.01,0.5871170777072006,0.015234448285639171,0.5800826596804158,0.024259837784169937,0.5193264337651042,0.8066977601854954,0.7760495249781308,0.7954856417021615,0.765362327709256,0.7298708066588151,0.7026699362678197,0.625841554093232,0.6065136169273082,0.5871170777072006,0.5800826596804158,0.6108214407488143,0.6109703771852215,0.7193782953224596,0.7264736227676463,0.8103018610462162,0.8183824783992011,0.8708391970732599,0.8654272204438055,0.9549113233794051,0.9475725803860723,0.03789729003830978,0.1390731973589538,0.4816723157001895,0.8256352685474834,3.82622664745353e+17,1.2504786997294638e+17,16.765311771726807,5.479201102428323,0.18693486288593722,0.06817716374786273,0.8089914944686559,0.10647430400123212,0.93210796785591,0.68748,0.115,0.0896838814778096,0.10248098857440983,0.005282243141494297,16.978370566342175,9.244523972997817,3.0212743212861555,14,0.0009777491664997998,37,1.8187410831451416,0.36636747753309945
S4,2,45,1,MG,hyb,sample,5000,10,1002,2e-17,1.3138507724142774,1.9881532219107574,6.000000000000003e-06,200.0,8.121570082198379e-11,5,0.1,0.5596697157143772,0.011447345437307703,0.5473685672801645,0.01216256893013323,0.5418915398860309,0.7908064675515645,0.7580393679335582,0.7657724389072903,0.7348204143572992,0.6724938948873701,0.6480120436732804,0.5898279192878163,0.5692242338833949,0.5625987419812022,0.5462610712074428,0.5596697157143772,0.5473685672801645,0.6002233134398317,0.5892611363332669,0.8112921519083806,0.7992539023414451,0.9128046424982248,0.9017716343787064,1.068428112445022,1.0559290623637734,0.1090850268015221,0.03715877623922614,0.2615304237085011,2.612136646285383,7.124326572877493e+16,1.1186469713363834e+16,1.084495548879745,0.1702852401237021,0.3271239791103367,0.18365516042915125,0.14296326732068892,0.046387326506496594,0.24869328215992326,0.0,0.0,0.12640858529415827,0.019334550071372848,0.004859339924185538,26.013530081525488,1.7213044041252457,0.2702756448242052,4,0.0009940766109553787,40,1.6846857070922852,0.36636747753309945
S4,2,46,1,MG,hyb,sample,5000,10,1002,2e-17,1.0696223067424704,1.9108979247405413,1.3688665328507372e-05,7374.47179591185,2e-10,5,0.1,0.486104392053461,0.009081579682716693,0.48385207860847235,0.013853092953450687,0.46553083817539764,0.6734099047186487,0.6385791396981059,0.6657618093076989,0.6315971638775146,0.6180569570000933,0.5883138133875224,0.5319415099608852,0.5114131769882555,0.487025173710915,0.47520676668432316,0.486104392053461,0.48385207860847235,0.5530713351006865,0.5560732527325593,0.6259429615512706,0.6276209902233164,0.7459585088426038,0.7328300003699599,0.9309903691649426,0.9157466297197094,0.08880748137332398,0.0817153182498929,0.3794861087338615,2.0439390462103773,2.463231031811196e+17,5.562806831486002e+16,4.605795926812624,1.0401441324512957,0.2398121645965201,0.0872759884375984,0.4726912621626827,0.14433108574327957,0.7363205081916929,0.0,0.0,0.2049030778673187,0.1274182483625896,0.00673430063417231,30.42677911163713,5.951398184884265,1.344026526631756,8,0.000979947653713098,39,2.280867099761963,0.36636747753309945
S4,2,47,1,MG,hyb,sample,5000,10,1002,5e-20,10.0,1.8272284433610304,6.000000000000003e-06,200.0,5e-12,5,0.001,0.9776901344223712,0.010034432734943047,0.9765310470601758,0.01437729897365848,0.9399126880916315,1.2551292982842992,1.232289076159516,1.0980960446474146,1.0774481157179765,0.9894051973421376,0.9807907599831711,0.9776901344223712,0.9765310470601758,0.9944031788067029,0.9930174040036237,0.9984873400300753,0.9969818426032988,0.9989855155049548,0.9974404720277867,1.0002040471580285,0.9983466583098034,1.0698111072905832,1.0626349878992734,1.8162110455233336,1.7772881023935816,332.10781343476935,0.656732333803158,0.8395730470694789,18.272284433610302,2.5305817081352147e+17,1.9664506225580842e+17,0.0012652908540676073,0.0009832253112790422,0.05467393768419806,0.054658535538482884,0.000982248571169639,0.0001196571363141226,0.0012543295152706473,0.0,0.0,0.00013677206808603481,0.0001099841925598555,0.00044216906710200425,0.3093207514095118,6.114123762651433,4.751129924321995,66,0.000987691050465422,37,0.9728050231933594,0.36636747753309945
S4,2,48,1,MG,hyb,sample,5000,10,1002,5.713794066376963e-18,10.0,2.0,6.000000000000003e-06,17715.56083786963,2e-10,5,0.01,0.38857373054241906,0.00844311516023459,0.37836976816131723,0.01883749082232657,0.33145851206688315,0.5500214229235371,0.5275917116704891,0.5439536562065614,0.5214416710248942,0.5061242032912006,0.4835177733293675,0.43201251129345364,0.4133838688831818,0.38857373054241906,0.37836976816131723,0.40145643196479835,0.3959434774967027,0.48779058043699675,0.4870779858212854,0.5966209311756379,0.5853535395165413,0.833098455236961,0.8134833135438179,1.013967992124717,0.9993659389322648,2.9061934117390607,0.015000000000000013,0.16799597142736353,20.0,6.084963040914922e+18,2.961617584444725e+17,3.4768225717302808,0.16922072980877945,0.04276352507723436,0.011168635611278007,0.11371650042982932,0.13547058502669188,0.6711028517532502,0.0,0.0,0.4581953349830553,0.040619941671508536,0.0036875292007605594,124.2553780695626,147.0184385025427,7.155547039136463,2,0.001,40,2.6561689376831055,0.36636747753309945
S4,2,49,1,MG,hyb,sample,5000,10,1002,6.022148246535838e-19,10.0,0.5803809776448836,6.000000000000003e-06,14161.13910597092,6.276006594141026e-11,5,0.1,0.47846169452927023,0.004665434584117396,0.4834791563579534,0.00928179305786393,0.46221543462673964,0.6748173435402587,0.6824431502258378,0.6656436440230532,0.6730478693956908,0.6107591250464577,0.6159276762980558,0.5226867140535344,0.5216700944810053,0.4846361827443116,0.4864593704135215,0.47846169452927023,0.4834791563579534,0.49837390331151354,0.50246875755038,0.6253091151887811,0.6151097007801437,0.9193434007529744,0.8977357378635711,1.1658508701931893,1.147478806182856,27.573865657144033,0.1647231692440692,0.5179267454625638,5.803809776448836,7.039472223640426e+18,2.543216886178124e+18,0.4239274530813393,0.1531562911165792,0.14941653390027088,0.12100378828364974,0.12949072636868228,0.053739744720859045,0.2582008949859963,0.0,0.0,0.0734708129132485,0.04707970109430958,0.004591040042224584,16.00308693401164,170.080279410543,61.44651542912047,16,0.0009673016294081394,12,0.9588308334350586,0.36636747753309945
S4,2,50,1,MG,hyb,sample,5000,10,1002,5e-20,0.1,1.0565304698731977,6.000000000000003e-06,14738.057685759182,4.079385751278764e-11,1,0.01,0.6307473618321755,0.0059523975812815514,0.6438625298254137,0.009607783001038154,0.6296584113294676,0.6620483495518166,0.6773781402404904,0.6565434816512553,0.6716794484221945,0.640349591759038,0.6543771572929745,0.6311239997665228,0.6438626798694104,0.6307473618321755,0.6438625298254137,0.6483053980746815,0.6576749229962374,0.8199778645810042,0.8163731285375541,0.9742206473335189,0.9629635859753648,1.025323429731556,1.0090327858209573,1.0736772973704778,1.0595659419696886,3.321078134347694,0.13921128725876103,0.48187993133928797,0.10565304698731977,6.848878493736357e+18,2.2425811764269276e+18,3.424439246868178,1.1212905882134636,4.461879203914591,2.139241118003627,0.5108688382353617,0.0982554629354967,0.6513370828444897,0.0,0.0,0.015374939104420022,0.09812536879060922,0.006929441816260162,2.2187846455889457,165.47535537559628,54.18287351239342,14,0.0009604822453392706,22,0.6734650135040283,0.36636747753309945
S4,2,51,1,MG,hyb,sample,5000,10,1002,2e-17,10.0,2.0,6.000000000000003e-06,13164.268236886453,2e-10,4,0.01,0.37764224863946094,0.010627101060926536,0.3742072215133242,0.014766062650309778,0.317440249399783,0.4749533725186952,0.4697461184070577,0.4736907927018022,0.46853207294792315,0.46303001561141705,0.4582551559304121,0.42096097050566367,0.41703995508629116,0.37764224863946094,0.3742072215133242,0.3797572484041614,0.3772748616871055,0.4574512600644125,0.4555206558252989,0.5977783501684015,0.5858886290817871,0.8147185741009398,0.7984830967144616,0.9186727078113661,0.9070417245456956,0.8302695335869232,0.015000000000000013,0.16799597142736353,20.0,4.5216797676980106e+18,2.2039765218406086e+17,9.043359535396023,0.4407953043681218,0.034703055908367295,0.004978413828936817,0.2100978732473989,0.19776580205363264,0.8584802876381785,0.01104,0.0,0.6619342502703024,0.06533223570269404,0.0048104592087558785,137.60313133213273,109.24804216321878,5.325014869581717,2,0.001,40,3.109868049621582,0.36636747753309945
S4,2,52,1,MG,hyb,sample,5000,10,1002,3.3795419091001036e-18,10.0,0.5,6.000000000000003e-06,20000.0,2e-10,3,0.01,0.46902912765615545,0.010486086882016103,0.46481793624257034,0.014566116478222613,0.4284055374715539,0.5517529280895441,0.5528026450539627,0.5502421618933699,0.5513613003527094,0.538081490169778,0.5396464797627881,0.498283901076425,0.4988825413101514,0.46902912765615545,0.46481793624257034,0.469242727798331,0.46573922864497835,0.4976724085328392,0.4946641934333306,0.6089592732148076,0.595318022992733,0.8241353287934949,0.8044022690878478,0.926993110313256,0.9122768931228465,4.913503403234941,0.06000000000000005,0.3286267594591275,5.0,7.499703283058753e+18,1.309194931226177e+18,2.534556155091269,0.44244791372602926,0.1386531867784218,0.05658419083593131,0.2790847213415671,0.13396168179265375,0.6098617787618072,0.0,0.0,0.2781245923674503,0.09391839950887483,0.005952628599163635,46.722987623741176,181.19989529828052,31.631382670711513,6,0.001,10,1.0367650985717773,0.36636747753309945
S4,2,53,1,MG,hyb,sample,5000,10,1002,1.1145072144790431e-17,10.0,2.0,6.000000000000003e-06,13211.935143078399,2e-10,5,0.01,0.37680910042297805,0.008891805649888132,0.36446951783863596,0.008771475273347507,0.3177635418300397,0.5284635846075323,0.493690407190882,0.5241337195306746,0.4896653399295186,0.49394966706396237,0.4618909309250081,0.42359738059680635,0.4002542078674172,0.37680910042297805,0.36446951783863596,0.37926530243951473,0.37361048617595655,0.47128462104264346,0.4709458375141347,0.590180476707115,0.5819164699170573,0.8158167389916645,0.7985224964112638,0.9668772147863104,0.9538385712733517,1.4899311961385882,0.015000000000000013,0.16799597142736353,20.0,4.5380524520470164e+18,2.2119114995764966e+17,5.057692197490712,0.24651913240671644,0.04011169880999942,0.008253968404124526,0.14690566866980512,0.1615446745997476,0.7631038814247997,0.0,0.0,0.5492688295178632,0.04966381599612267,0.004135175365313395,132.828424672199,109.64362163854193,5.344186523188134,2,0.001,40,2.6149070262908936,0.36636747753309945
S4,2,54,1,MG,hyb,sample,5000,10,1002,5e-20,10.0,2.0,6.000000000000003e-06,20000.0,1.4907622501205743e-11,1,0.001,0.6850478096337099,0.018729528579257037,0.6644487733050836,0.028751435218627584,0.6578559784965543,0.7070367704788306,0.6789083754805176,0.7060658558424315,0.6782521151742229,0.6989662785673735,0.6734862032324912,0.6850478096337099,0.6644487733050836,0.7255122725437249,0.7051783052120587,0.8318405113309284,0.8106750731257188,0.8791284573636313,0.8639444201714609,0.9571655732308331,0.9519256632914797,1.054148747409743,1.0466732693468228,1.8028418495032692,1.7644201113024582,332.10781343476935,0.2012393324124863,0.5628370523674493,20.0,1.0914620797686407e+19,4.389278392185688e+18,0.054573103988432035,0.02194639196092844,0.04892624544038864,0.04741254997960622,0.02137482803812567,0.009900299503911213,0.04951961553173213,0.0,0.0,0.01565554467362,0.008205589175089342,0.0019811848585536236,7.9021120144484795,263.70751896661653,106.04910022182555,20,0.001,40,1.5358648300170898,0.36636747753309945
S4,2,55,1,MG,hyb,sample,5000,10,1002,2e-17,10.0,2.0,6.000000000000003e-06,20000.0,2e-10,5,0.1,0.3658900031756512,0.004226697471048214,0.35752013244989556,0.004168941691063171,0.34595818495817277,0.5000781470020216,0.49026953929498485,0.498516407735598,0.48863619445609874,0.485226968951883,0.4746796123161417,0.4311907929648967,0.41750453037291174,0.37436047475055745,0.36079590629611696,0.3658900031756512,0.35752013244989556,0.41984287048003727,0.4132681356591137,0.5678936881381054,0.5627289926663328,0.7766014923468911,0.7635931174587214,0.9166040720588166,0.9057499779847203,0.8302695335869232,0.015000000000000013,0.16799597142736353,20.0,6.869624859860295e+18,3.341901839049016e+17,13.739249719720592,0.6683803678098034,0.02996918506397819,0.003392302929307303,0.26464136101700625,0.21806744996657076,0.9106266960748369,0.03692,0.00108,0.7103689898833866,0.07799057374950707,0.005253359407616066,135.2218522976989,165.9766071221779,8.074349617280307,2,0.001,40,3.289159059524536,0.3658900031756512
S4,2,56,1,MG,hyb,sample,5000,10,1002,6.459659957958514e-19,6.537039766145007,1.7472544740738254,2.3074255420063544e-05,11168.573283171469,5.060705773225031e-11,4,0.01,0.6124711104032095,0.01114257159984195,0.6149426119185066,0.02299451064618069,0.5874433154800796,0.7840054500299457,0.7939469227559667,0.7686016878963984,0.7770195992977729,0.6994298567532884,0.700847212935121,0.6275967664602872,0.6255665322928995,0.6124711104032095,0.6149426119185066,0.7353723007466837,0.7365139393121405,0.9469226577278682,0.9446941196429753,0.9939660118658233,0.9906222052003353,1.0599980068029349,1.0527424267855074,1.7806600120995764,1.7434954602996044,16.80430546809053,1.0035450924471452,0.917280134309835,11.421871978595377,3.315149933879571e+17,2.1546217043398038e+17,0.03275908063679913,0.02129117160974514,0.08572611335842034,0.08477419796240068,0.020816986596422934,0.005466947376152749,0.031401618876891746,0.0,0.0,0.0013442644288957303,0.0054440545722363514,0.0019992077017496517,0.6723985845589066,8.009714494625747,5.205768981763551,100,0.000998431128042186,35,1.4394350051879883,0.3658900031756512
S4,2,57,1,MG,hyb,sample,5000,10,1002,1.8891763292885613e-19,4.936955301191231,0.9207761341492751,1.0268151252948763e-05,8892.213755115043,1.2744199969738768e-10,3,0.001,0.6736871517402498,0.021694813162839128,0.6595677898325666,0.02137690749576229,0.6235355113821496,0.7969059514224103,0.7698090334510376,0.7618641622022698,0.7388554151083205,0.6974945746438496,0.6817325551003993,0.6736871517402498,0.6595677898325666,0.6915791929503404,0.6781505128445706,0.8086257152313099,0.7936614721901041,0.9101987542137868,0.8988871489298889,0.973131372381648,0.9689252390905063,1.0594565308062596,1.0520757000635212,1.806248225546518,1.7677270565055678,43.39461078048933,0.14974993161577932,0.49730856973604154,4.545830616698632,8.483455041356252e+17,2.912752717108136e+17,0.03246280648084229,0.01114594552821633,0.21755692205509136,0.21306510827970018,0.010999051452994789,0.004920229803416032,0.023295667440420238,0.0,0.0,0.006249492429980383,0.004384129324706813,0.0014299589265340928,4.370399956261529,20.49682643757175,7.037484917063507,15,0.0009692380359466054,19,0.5679988861083984,0.3658900031756512
S4,2,58,1,MG,hyb,sample,5000,10,1002,5.441102778131257e-20,0.16508616419795025,0.8909256693320657,2.0925064924257086e-05,14815.594608119014,1.5428978316016435e-10,3,0.001,0.6238150436000123,0.021984545042101185,0.623992375074655,0.028988922681276987,0.6091011619532669,0.714881693702954,0.7356934667223107,0.6613659106079045,0.6712008137289486,0.6299330586137855,0.6304055053560313,0.6238150436000123,0.623992375074655,0.6288160973543788,0.6322236988850921,0.6638866713852266,0.6711909060829433,0.843241010538263,0.8546693303540323,0.9670768312229207,0.9678512819966281,1.0873128122184752,1.0788479255825014,1.6467240539061812,1.6164533944423625,5.038170317281219,0.5308890126827583,0.7930544980077974,0.14707950133552214,3.534324543908905e+17,2.0249754570604608e+17,0.11648839978873896,0.06674150822141453,6.373656542159742,6.089668279540817,0.06231675212409705,0.014474224634732406,0.08866967957097156,0.0,0.0,0.001648962937145964,0.014462802272061625,0.0033907398363321765,0.48631361199615847,8.53926099653961,4.892531436940967,53,0.000989917410368962,18,0.44037580490112305,0.3658900031756512
S4,2,59,1,MG,hyb,sample,5000,10,1002,2.4784168616180227e-18,2.8884408920352715,1.697216630700572,4.9249078657613486e-05,3839.364683572341,1.5507098602061288e-11,4,1.0,0.8924273037437247,0.005729467580462487,0.8416494292173512,0.011856833016087918,0.8339554655504189,1.274814757800828,1.0067180769216597,1.26509070581156,0.9984411656907957,1.2094084202117412,0.9510479528903426,1.1323245149048229,0.8824679771465018,1.098752914797344,0.8500403957918667,1.0244226420917775,0.8103779447769167,0.8924273037437247,0.8416494292173512,1.0089744878802953,1.0079692180628608,1.0480103481756384,1.050126270502624,1.4221554470437643,1.4108590895379116,1.935255129484455,15.359502288820892,0.9999999999886392,4.902309918757858,1.2903925514478477e+17,1.1705973512128213e+17,0.11072169302246515,0.10044270670074086,0.18536673487283908,0.18365128973097308,0.09125807755623716,0.003731280567330917,0.0996825878677038,0.0,0.0,0.0003843336643345605,0.0037290234012327264,0.0040715642792833505,0.09439459577983338,3.117709946528285,2.8282734592360814,1536,0.0009983627239415129,34,1.5973260402679443,0.3658900031756512
S4,2,60,1,MG,hyb,sample,5000,10,1002,5.964100657355659e-18,1.9690486807071772,0.9374840501647808,6.627511598322843e-06,8630.006089106928,1.182757985285147e-10,2,0.01,0.5156600701559081,0.012296291066607384,0.5065233062221858,0.013594879920028084,0.4807584994337941,0.5686639159762391,0.5649268988194884,0.567679999958129,0.5639892889040026,0.559516377560163,0.556152316514315,0.5314749922811469,0.5275718037224627,0.5156600701559081,0.5065233062221858,0.530406557865668,0.5211457862929518,0.5931847499887836,0.5870775280504572,0.7147751040822721,0.6993842705441446,0.8453243250319211,0.829623971403009,0.8838105995827263,0.8714122363955144,0.5482272093192823,0.06602219607541301,0.3437140128808082,1.8459517321609826,2.441864595264897e+18,4.6563664495590336e+17,7.396224573057503,1.4103784469528702,0.22474726931420405,0.06452018633527318,0.5370869230660906,0.15398152948333801,0.8089347966968505,0.002,0.0,0.23625447007464806,0.13303861558698274,0.006686337494326281,35.33391341300417,58.99774861681168,11.250219925852944,7,0.000986825315962927,19,1.3675761222839355,0.3658900031756512
S4,2,61,1,MG,hyb,sample,5000,10,1002,2e-17,2.6977309856326155,2.0,6.000000000000003e-06,9751.609173815394,1.0883717354538102e-10,5,0.01,0.3957170522295917,0.009051882348950805,0.391226405512778,0.0147087801371518,0.3129590582441106,0.52508918100141,0.5225201180456966,0.522949892717862,0.5205631588978209,0.5053588011438418,0.5043116033186523,0.44405131754952415,0.44454063142242956,0.3957170522295917,0.391226405512778,0.39651855974523664,0.38867605131287764,0.4392514711196962,0.4308482942358419,0.5773605317278685,0.5717211571829263,0.7511656543123559,0.7422349434483275,0.8989937394909943,0.8887771896597745,0.22398438471841828,0.02756411161990636,0.22631853743793262,5.395461971265231,3.4086423410023163e+18,2.963100148429055e+17,25.270439188753972,2.1967350815998508,0.057978198529382546,0.007055113920066479,0.5489175908394274,0.20619505958619577,0.9506957081096039,0.14356,0.04368,0.539615747253455,0.12092979458266243,0.006334314451288337,85.18928944926351,82.3560095629542,7.1591290533654846,3,0.001,40,3.0748329162597656,0.3658900031756512
S4,2,62,1,MG,hyb,sample,5000,10,1002,2e-17,10.0,2.0,6.000000000000003e-06,11406.309946907635,1.1473149225283428e-10,3,0.01,0.40210194126904375,0.009094225203025979,0.3942052169166307,0.010746032294009356,0.33916857512227444,0.4679206151578937,0.45175173043668454,0.4675225828174573,0.45139532194404264,0.4637924736831536,0.44805989675017893,0.44083642573701365,0.42767979675577966,0.40210194126904375,0.3942052169166307,0.4030560160943765,0.4002522042713371,0.45904434199423266,0.45409578729901706,0.609902762330289,0.5929406201405245,0.8147589650694484,0.797648317786021,0.8894022933976415,0.8769187911089613,0.8302695335869232,0.026148008198035894,0.2205828006662653,20.0,3.9797165752350956e+18,3.2970353404484006e+17,7.9594331504701925,0.6594070680896802,0.030131244443571226,0.00558071020345478,0.2966353111123603,0.2023780278561227,0.8756443842348852,0.02056,0.0,0.6210862021291663,0.08931479819571017,0.005664590202543214,109.64362467920789,96.15370095752915,7.965947930680296,3,0.001,40,3.61653995513916,0.3658900031756512
S4,2,63,1,MG,hyb,sample,5000,10,1002,4.622645377844925e-18,10.0,2.0,6.000000000000003e-06,9267.170475247054,7.853063856421499e-11,3,0.01,0.43319053148842945,0.010167530608049069,0.4323270740882406,0.012745693409624611,0.3876795606958524,0.5145573022563107,0.5086373321048403,0.5134580864112849,0.507531352189975,0.5041599209638358,0.4981742869283787,0.46835524813593105,0.46260999267402436,0.43319053148842945,0.4323270740882406,0.4332067967441648,0.43603545720794423,0.4809254758085711,0.47682950118572986,0.6914771794990067,0.6739408229685645,0.8359399739949728,0.816286617146004,1.0594047215912612,1.0444423022537823,3.592183547395516,0.038201650398485984,0.26503883649244175,20.0,3.3058397553833615e+18,3.8928257232722534e+17,1.5281724865118893,0.1799515283644031,0.042374622006132574,0.0197771316105828,0.13403516554869802,0.11247299032100166,0.5382547516600183,0.0,0.0,0.327755906272532,0.04944789579321655,0.004303724386858548,76.15634199841814,79.87220226452068,9.405433613150848,4,0.001,40,2.874079942703247,0.3658900031756512
S4,2,64,1,MG,hyb,sample,5000,10,1002,2.2823159763494005e-18,1.1286833873336357,2.0,6.000000000000003e-06,9887.26388638131,7.820927016729433e-11,5,0.01,0.45104775028873656,0.010836529052567916,0.42944089851398815,0.01701339822779895,0.393272224985986,0.6290500183057685,0.5772617639356992,0.6215261393156325,0.5707926539474639,0.5756059822631439,0.5323879440506174,0.492274979084526,0.46426447952372996,0.45104775028873656,0.42944089851398815,0.45753390768538027,0.44301399667811914,0.5286216334840639,0.5247064530936242,0.6029642083626282,0.6023635373001163,0.7313146224428848,0.7179111489114801,0.916024284945615,0.9014609833790903,0.8211934186849366,0.03835862415776061,0.265562285013485,2.2573667746672714,3.5279323451863844e+18,4.1669458983165805e+17,7.133848557760854,0.8426000863517911,0.2404178916521859,0.05446302875852707,0.4124540025435801,0.15688392518614447,0.7430944047165805,0.0,0.0,0.3007227446615442,0.12009021104208449,0.006553855371048326,45.88486129706001,85.23816842344031,10.067733775470339,4,0.001,40,2.151503086090088,0.3658900031756512
S4,2,65,1,MG,hyb,sample,5000,10,1002,2e-17,4.933089153582324,2.0,6.000000000000003e-06,5173.73909261418,5.3139340392026345e-11,5,0.1,0.38417627517943453,0.0062735967629833096,0.37817832492449355,0.00876518025196277,0.35935938809760837,0.5257033190080198,0.4824782798309336,0.5245539378901372,0.48148387637744294,0.5142312217293186,0.47262253914497565,0.4629683970527315,0.4306590578376161,0.3978026752572219,0.3838399032633636,0.38417627517943453,0.37817832492449355,0.4398344551716161,0.43164594930235767,0.5921401102701587,0.5905093555310432,0.740915253375483,0.7308043404716142,0.908703410792995,0.8953720938654086,0.4095793630687506,0.056455348859583476,0.3193241622853843,9.866178307164647,1.9258367031500035e+18,3.2361465814378694e+17,7.807832549515123,1.3120162562186155,0.04383895130621757,0.011507526682160991,0.4835911748171882,0.18558633208020095,0.8769077269170258,0.05188,0.0,0.44880080144030887,0.12128083211357028,0.006523494989862372,68.79760038717794,46.53002869602096,7.818834953791287,6,0.001,40,4.14843487739563,0.3658900031756512
S4,2,66,1,MG,hyb,sample,5000,10,1002,2e-17,6.556621750768459,2.0,6.000000000000003e-06,8395.205533621756,1.127731704329335e-10,5,0.1,0.3691349329545276,0.00611590040608471,0.3597845852702276,0.010007816736773888,0.34814648782797636,0.5123448844490974,0.49692948246411495,0.5106628652579708,0.49533579432483343,0.4963245753055768,0.48176253224536714,0.43788107862076375,0.4263036145989404,0.3788924626923963,0.368682559182573,0.3691349329545276,0.3597845852702276,0.42156661227651293,0.41306067767465243,0.564205135447715,0.5594913009295148,0.7534107291690115,0.7403370778082671,0.9115615973663587,0.8988284365267571,0.5443763282916405,0.026602072004210525,0.22243980730210441,13.113243501536918,2.930862823164653e+18,2.47149698382968e+17,8.940161365328558,0.7538934157792501,0.043479713778501634,0.007671785287316582,0.3262159883176495,0.2048310403255471,0.8730999665478288,0.02716,0.0,0.602498205844842,0.09452767956681808,0.005858795116029229,102.83653787387985,70.8124063908913,5.971369503531942,3,0.001,40,3.7547357082366943,0.3658900031756512
S4,2,67,1,MG,hyb,sample,5000,10,1002,2e-17,10.0,1.3044076521172885,6.000000000000003e-06,2813.856629208679,2.604466012481035e-11,1,0.01,0.584219554590783,0.013584635638001826,0.5843267919343722,0.016597456338483703,0.5492358139021756,0.6049624820800213,0.6029579617921723,0.6048961431410934,0.602894746690402,0.6042484604328906,0.6022780374345392,0.5990317490688067,0.5973475309410418,0.584219554590783,0.5843267919343722,0.6068890419202168,0.611705614639775,0.7077418782960048,0.707114076800092,0.8287125176221115,0.8136553068274408,0.8750768269384899,0.8580193507932323,0.9276845438817384,0.9145493832712489,0.8302695335869232,0.17661159720137912,0.5333236752039507,13.044076521172885,1.445725426768175e+18,5.5549496017300365e+17,2.891450853536351,1.1109899203460074,0.03631620864123534,0.019700403081581472,0.4942832169062239,0.13002010383723675,0.7394147032476538,0.0,0.0,0.20715854694063074,0.11127323555266556,0.006817270215463244,30.387316388126184,34.93008804124485,13.421281459153729,18,0.0009662278904572507,27,2.516709804534912,0.3658900031756512
S4,2,68,1,MG,hyb,sample,5000,10,1002,2e-17,4.542951185654844,2.0,9.176937006741045e-06,6859.514572319647,8.021977387762798e-11,5,0.1,0.3871492628584492,0.006060914391339613,0.379206852929941,0.01171532467285778,0.36346627310572166,0.5250131686887957,0.5238975868348603,0.5232412181926982,0.5221545456317748,0.5080231475589925,0.507102410443725,0.446678675988241,0.4448016548050163,0.392721399148703,0.3880570084708995,0.3871492628584492,0.379206852929941,0.466371190989668,0.4631689589594252,0.5908533524403718,0.5920563127982967,0.7435386657434951,0.730897086596776,0.9350817992569465,0.9199558713999807,0.3771873962021807,0.08748484398431246,0.3915611488588783,9.085902371309688,7.735398175074861e+17,1.8471607333192058e+17,3.405450712083688,0.8131985829616379,0.06069970257216143,0.024982827384301753,0.4026309082652777,0.15685583640013037,0.7518988320204356,0.0,0.0,0.3304132815363879,0.11458864857949035,0.006528006132151885,50.61473210158747,18.68945058906932,4.462914315991788,9,0.001,40,3.7550389766693115,0.3658900031756512
S4,2,69,1,MG,hyb,sample,5000,10,1002,2e-17,10.0,0.9544250480722875,6.000000000000003e-06,20000.0,5e-12,5,0.01,0.7648033850974781,0.006003370653437048,0.7842094981421698,0.01318350823757195,0.7052050975592439,1.0753102994253847,1.0816806978398517,1.064620644382926,1.071418738812866,0.9897599386138612,0.999670719614595,0.8251094703841184,0.8416518722194486,0.7648033850974781,0.7842094981421698,0.7978661048016595,0.806060620767958,0.9351038931613427,0.9332995978518447,0.9920255455748231,0.9899428233858233,0.9992760784933934,0.9972195703607987,1.0002705255381894,0.9981191829171638,0.8302695335869232,1.2573014532924476,0.9478797391751507,9.544250480722875,4.105354180606239e+19,2.7421317633560654e+19,82.10708361212478,54.84263526712132,0.001876256745522766,0.0012607243155915275,0.9807241597075543,0.005778955112640082,0.9878805342779065,1.0,1.0,0.0010184136792745994,0.0057647792454853285,0.0019241469227527404,0.5292806215741713,991.8922384150823,662.5248621990262,126,0.0009544250480722874,20,0.5438580513000488,0.3658900031756512
S4,2,70,1,MG,hyb,sample,5000,10,1002,2e-17,2.6824494847930413,2.0,6.000000000000003e-06,6709.375417673682,5.0540625970604787e-11,5,0.1,0.42453096385609584,0.006394101716789523,0.42255306970904905,0.011003538692542012,0.40736342348669285,0.5713290104272205,0.5343359957841585,0.569738459936023,0.5329407247997638,0.5557867714503211,0.5207706968366311,0.49347153797991467,0.4684101264746775,0.4273561024561138,0.418157562358219,0.42453096385609584,0.42255306970904905,0.4935065855853371,0.48942934018485823,0.6489142520306462,0.6477836797914496,0.783002457324768,0.776059848027735,0.9130148531699461,0.9029162105871006,0.22271560826096012,0.059358188435276786,0.3269668230844628,5.364898969586083,2.512599873207944e+18,4.38094987477872e+17,18.73362303709364,3.2663801496464884,0.0436896838571859,0.009445645110492644,0.6764153820006016,0.16723692666965978,0.9461915859144838,0.254,0.06524,0.3527315707732445,0.1254447677846018,0.0061065853332769,57.76248943105534,60.706779557559436,10.58478753966326,6,0.001,40,3.6064751148223877,0.3658900031756512
S4,2,71,1,MG,hyb,sample,5000,10,1002,5e-20,0.1,1.5783442916737696,6.000000000000003e-06,20000.0,5e-12,5,0.01,0.7744487271737791,0.010069928308373107,0.7862637076335378,0.02166539645124818,0.7508420206793766,1.0787296880637676,1.0256591126768022,1.0297314419844386,0.9839306991166639,0.8922860237817632,0.875809656586776,0.8003326261834436,0.8062752779535185,0.7744487271737791,0.7862637076335378,0.7758647302321219,0.7905232455313367,0.7921405646670172,0.802789071758672,0.8621926908154179,0.8596859472506901,0.9766271504663498,0.9712470466518199,1.0036932974943578,0.9985826847408992,3.321078134347694,0.760290391855791,0.8690217159362302,0.15783442916737697,2.69551467759479e+19,1.6583503197635031e+19,13.477573387973948,8.291751598817514,0.6818685581598218,0.4376253599741945,0.8830316576505598,0.03765444116185329,0.92812727399288,0.95052,0.4406,0.005307396712700778,0.03759788694574993,0.0044773040819922815,1.1854001013795623,651.2617351922081,400.67305727655514,76,0.000986465182296106,32,1.1565141677856445,0.3658900031756512
S4,2,72,1,MG,hyb,sample,5000,10,1002,5e-20,1.8454505846861649,1.9023792694766573,6.000000000000003e-06,20000.0,5e-12,5,0.1,0.5446951546781446,0.004895571527665018,0.5538579445872462,0.009873159096882862,0.5279151260194974,0.7757751376132073,0.767342877493149,0.767952091176808,0.7599776308541998,0.7160087759141734,0.7109510988279129,0.6132395932124364,0.6124700021685061,0.5593492075058986,0.5636487875635082,0.5446951546781446,0.5538579445872462,0.5549938363531155,0.5653211314578392,0.6332744364413123,0.6298043334104243,0.9459935003351221,0.9280807434702748,1.0877353909956762,1.0713119771916892,61.28885584820389,0.6307890436222636,0.8310648257879834,3.5107469351505363,2.319165102171918e+19,1.3758878481354324e+19,0.6283465733021273,0.3727782958678935,0.2074913853864966,0.1749257038448002,0.2661371335518889,0.06433316096530743,0.37784967641185746,0.0,0.0,0.01971594270073385,0.06390756582389732,0.006157907496560038,3.20172765046368,560.3321329288456,332.4274636137812,63,0.000975579112552132,39,2.0807509422302246,0.3658900031756512
S4,2,73,1,MG,hyb,sample,5000,10,1002,5e-20,1.9114887290522178,1.367708295668534,6.000000000000003e-06,14200.390749280477,2.6215630359402504e-11,5,0.01,0.5073168429777712,0.008190917346718292,0.5135295190853617,0.015959599890846676,0.48215375376561037,0.7284922920233868,0.7333176297195669,0.6933694282900749,0.6999206818595562,0.5917803210298781,0.600605488143731,0.5257731797996524,0.52866861677198,0.5073168429777712,0.5135295190853617,0.5091879065552657,0.5183068353238103,0.553382835613766,0.5565270908742568,0.8095214005328206,0.7985768428464156,0.9730077069239691,0.9584131100110671,1.4861602137052934,1.4618593205089552,63.482034221073825,0.16733911369482532,0.5213849413309719,2.614358991801621,7.118189883770837e+18,2.599939334328816e+18,0.18619492167500987,0.06800823083110608,0.35814605986759185,0.3224621289376209,0.06301310639098187,0.025112127971420286,0.1172110110143075,0.0,0.0,0.021331079323477883,0.023967513896832607,0.003341281087783811,6.3841020144839895,171.98217222355288,62.81698320338362,17,0.0009769344969060957,28,1.0196280479431152,0.3658900031756512
S4,2,74,1,MG,hyb,sample,5000,10,1002,2e-17,5.592666180276843,2.0,6.000000000000003e-06,20000.0,2e-10,5,0.1,0.3718355032058548,0.003735796502011827,0.36143380892979815,0.005740877432443152,0.3483417154416647,0.5120774974421531,0.46675130085928285,0.5102651927676346,0.46508945516691724,0.49501873293426935,0.4512394474999427,0.4364557993206838,0.4012818777967081,0.3804115778276138,0.35950836495998856,0.3718355032058548,0.36143380892979815,0.41454510919231013,0.4075886795355134,0.5542363913854715,0.5495040412434519,0.7558676806248065,0.7447634343039515,0.9037776826308376,0.8936031777437675,0.4643420341005814,0.015000000000000013,0.16799597142736353,11.185332360553685,6.869624859860295e+18,3.341901839049016e+17,24.56654711159693,1.1951014887441713,0.04072832058141741,0.0034968663054920834,0.36749009961535906,0.2342163266072824,0.9417670574259969,0.07452,0.02232,0.7112094508843456,0.09682896568419122,0.005851358699441259,121.54603527421047,165.9766071221779,8.074349617280307,2,0.001,40,3.584684133529663,0.3658900031756512
S4,2,75,1,MG,hyb,sample,5000,10,1002,2e-17,10.0,2.0,7.597913463049387e-06,6584.894679377981,6.07760775035225e-11,5,0.1,0.3605122814717158,0.0027805363058466684,0.3594764557642372,0.0069591697298208854,0.3341327151584158,0.49381484687474425,0.4871234416181977,0.4928271309150924,0.48618298391834774,0.48386490544093724,0.47763113772728893,0.4371450642596251,0.43253774290858954,0.37296407602201886,0.3710655791869167,0.3605122814717158,0.3594764557642372,0.45495595698570346,0.4548842879149263,0.5700507406488465,0.5693430166466772,0.7544950640713672,0.7394658776678015,0.9449544006416518,0.9289902481716521,0.8302695335869232,0.07915434735078848,0.3739555260611668,20.0,1.2786196070300393e+18,2.8242524606881258e+17,2.557239214060079,0.5648504921376252,0.03195193422708309,0.014055844150816097,0.3204318906381814,0.15189526429480318,0.7081375011050652,0.0,0.0,0.36119780544497077,0.09950180133277668,0.006162528117677333,58.61195252137962,30.892654039198035,6.823659961702921,8,0.001,40,4.0361528396606445,0.3605122814717158
S4,2,76,1,MG,hyb,sample,5000,10,1002,2e-17,2.0805847856716277,2.0,6.000000000000003e-06,15397.155917406293,2e-10,5,0.01,0.39986763278734905,0.0076690412978925844,0.39115053672806704,0.017542848408428673,0.32818954899227704,0.5437098423423388,0.5301938729681333,0.5406594784806055,0.5273676566702924,0.5172415438180421,0.5055903319418592,0.4482576353494684,0.4401445258070266,0.39986763278734905,0.39115053672806704,0.4020236054687696,0.3949151171021173,0.43881622929554603,0.4323108505971395,0.5737271650073159,0.569285540598948,0.7627051183337828,0.7540694989699261,0.901028230594223,0.89233776937849,0.17274461595876311,0.015000000000000013,0.16799597142736353,4.1611695713432555,5.28863462381399e+18,2.575679144207549e+17,50.83796305957108,2.4759184647946,0.06913771235168932,0.004635927740847522,0.5353359516867123,0.22047743198814215,0.9705611364707963,0.15872,0.0616,0.6102366584062822,0.1119167261678519,0.0062390911959260345,97.80858128901065,127.77839388268623,6.223083415935143,2,0.001,40,2.7468039989471436,0.3605122814717158
S4,2,77,1,MG,hyb,sample,5000,10,1002,2e-17,2.2209029719034645,0.5,6.000000000000003e-06,9545.061618547872,2e-10,5,0.01,0.5093966679988257,0.0095169855088537,0.5111179560251484,0.019082819689795884,0.44901909006087665,0.7034409146105334,0.6862909500445543,0.695199629159186,0.6786104321426721,0.6433775100665429,0.6306914669751476,0.5490603984737585,0.5468833765389415,0.5093966679988257,0.5111179560251484,0.533114706954013,0.5339909497389075,0.6277153159949573,0.6281428525782641,0.7765131335353941,0.7814024349682096,0.852902812246499,0.8477279485393041,0.9349511177825294,0.9275983707503339,0.18439480746241013,0.06000000000000005,0.3286267594591275,1.1104514859517323,3.5792924829981865e+18,6.273881300947037e+17,32.2327677370839,5.649847274120126,0.13542184904967888,0.027097791579797387,0.7918163442950784,0.12669385277507234,0.9582521416733263,0.56568,0.17508,0.18985845834333784,0.11147926111131908,0.0053563368129650795,35.44557875520133,86.47907772914928,15.15828816072559,6,0.001,10,0.8961429595947266,0.3605122814717158
S4,2,78,1,MG,hyb,sample,5000,10,1002,5.318841726659937e-18,9.84801263497686,1.8710484150154518,6.541539244971707e-06,9762.14465660187,3.9519342923914666e-11,5,0.1,0.3717498278687208,0.0060468080711405005,0.3729841098856411,0.008573604150184605,0.3530041133828009,0.5082111544787609,0.5057608480860533,0.5068678265159883,0.5044951555681703,0.49491795352160317,0.4932385653228454,0.4383899226137574,0.43970682221370955,0.37488469985334666,0.3772283340876125,0.3717498278687208,0.3729841098856411,0.4738081070116372,0.4780155052908345,0.5627627902184206,0.5623479175693193,0.7771618018710384,0.76025906497531,0.9729790762466433,0.9563151521805817,3.0745433977539878,0.09645259388864982,0.4093676269513543,18.426108431725595,3.115642535190712e+18,7.980877799679094e+17,1.682736419597196,0.4310415454336676,0.037923999770275524,0.020229650160126327,0.2751198463980296,0.12960512838231636,0.6116967151480265,0.0,0.0,0.2868643588327477,0.09018108470972118,0.005951567491348872,48.1997993385323,75.27685827767482,19.28255248386864,10,0.000984762323692343,38,4.012591123580933,0.3605122814717158
S4,2,79,1,MG,hyb,sample,5000,10,1002,2e-17,10.0,1.1803219787908343,6.000000000000003e-06,15644.705845438973,2e-10,1,0.01,0.5068419455877533,0.013473244734805394,0.4938156603630608,0.02651777830916577,0.49072435557195415,0.5170090371025328,0.5063043075792977,0.51689258210279,0.5061889294533989,0.5157916707867078,0.5050968625757546,0.5088126130564679,0.49807842611358827,0.5068419455877533,0.4938156603630608,0.6237694817820472,0.6020387002318343,0.755755782805099,0.7315126797633418,0.7909207130176453,0.7705651826690195,0.8060989958936338,0.7896285957083796,0.9095635775741402,0.8980798706283968,0.8302695335869232,0.025416793501323375,0.21755540143021526,11.803219787908343,5.452526269185316e+18,4.396919367439863e+17,10.905052538370633,0.8793838734879728,0.04508001063517339,0.007116528442973728,0.3520827051681118,0.21092505983532503,0.895160327054429,0.04024,0.0,0.6126060956860108,0.10023317876319873,0.005964096221510307,102.71566268105556,131.7381704045962,10.623371338101025,3,0.000983601648992362,24,2.2381908893585205,0.3605122814717158
S4,2,80,1,MG,hyb,sample,5000,10,1002,2e-17,10.0,1.9528100555106622,6.2107688100739765e-06,9877.001930429959,7.680548571688965e-11,5,0.1,0.36265606592834865,0.005457507368962791,0.35759995115984966,0.005431489959554983,0.33970410073227075,0.5019350304455776,0.49173660207280995,0.5009646376310081,0.49079190987355475,0.49211810443940945,0.48218652556478786,0.4449440698867158,0.4366233985270419,0.3780179039898438,0.372992994255623,0.36265606592834865,0.35759995115984966,0.42042171811607504,0.41518505712606046,0.5644132164002992,0.5624301866029305,0.7409000381918529,0.7294124231462449,0.9123434334569607,0.8992707393383043,0.8302695335869232,0.04286346085296017,0.2801019211195481,19.528100555106622,3.201640687785383e+18,4.156986824591128e+17,6.403281375570766,0.8313973649182258,0.02796130342506449,0.006916967600518101,0.36563630331190566,0.19462496782064756,0.8572013573429585,0.01872,0.0,0.5391929407131938,0.10649910478814811,0.006152193033047892,87.6423964295004,77.35465464612588,10.04367171530329,4,0.0009764050277553311,40,3.8523080348968506,0.3605122814717158
S4,2,81,1,MG,hyb,sample,5000,10,1002,2e-17,10.0,1.5626188308811924,6.000000000000003e-06,5659.334616372207,4.953238753609513e-11,4,0.1,0.3952374761442461,0.003369850314535885,0.39063105387413954,0.006125763906251442,0.3770539054037133,0.49422941727255576,0.4840000975249886,0.49373290810902243,0.4835316414366915,0.48904230229129286,0.47910854479298115,0.4587625104236138,0.4506509843658141,0.4025280922900437,0.39767799864883846,0.3952374761442461,0.39063105387413954,0.47996603093395673,0.4775576891112377,0.5946132985325437,0.591739802491748,0.7755298106626813,0.761048396002562,0.9147600151415647,0.900217456245503,0.8302695335869232,0.07751913797082155,0.3703660055862239,15.626188308811923,2.223022334204471e+18,4.8438794902339654e+17,4.446044668408943,0.9687758980467932,0.03250503682046037,0.011750754346262472,0.431724635085228,0.17043263660153918,0.8098737449676224,0.00104,0.0,0.3922006926230291,0.11751001272223736,0.006537661860437558,59.99097246011123,53.71031346180176,11.703269093999529,8,0.0009766367693007452,32,3.211035966873169,0.3605122814717158
S4,2,82,1,MG,hyb,sample,5000,10,1002,5.563155449312313e-19,10.0,2.0,6.000000000000003e-06,15123.522987427134,3.3420387880556454e-11,5,0.01,0.4511375348260535,0.009499038624375402,0.44247427012049323,0.016263022241230007,0.38567285299018017,0.6276706802598393,0.5963189282441537,0.6220650144068981,0.5912327718215906,0.5841213277999694,0.5569560391447756,0.4997645212540907,0.4816875507313888,0.4511375348260535,0.44247427012049323,0.45781266489020966,0.4583281441292863,0.49612338892422325,0.4963448246670337,0.7042957691746579,0.6911219227067499,0.9116040466856237,0.8938115543537546,1.3394677838608817,1.3185049585895976,29.848870525074283,0.08976556498152924,0.3961960541748616,20.0,6.135240000157809e+18,1.4832674374247744e+18,0.34131293839716786,0.08251647327297143,0.04618867355323083,0.03727690874267464,0.0737307830198941,0.04684269446190125,0.22993733679460918,0.0,0.0,0.10799951887996356,0.02931331528531154,0.0034755121889888767,31.07441810220888,148.23317719377945,35.837138379573474,9,0.001,40,2.37813401222229,0.3605122814717158
S4,2,83,1,MG,hyb,sample,5000,10,1002,5e-20,0.18753518093537466,0.5,6.000000000000003e-06,20000.0,2e-10,1,0.001,0.5624726480570772,0.012609989071813802,0.5693896606774402,0.019345059866204228,0.5530215716927593,0.5873315833195931,0.5893596736201084,0.5790324613437559,0.5824897963617578,0.5662243787400492,0.5721181636132481,0.5624726480570772,0.5693896606774402,0.5751016097386834,0.5816949309418965,0.6783732783633886,0.6817497810656777,0.9238587364605589,0.9227760213713839,1.000231031555214,0.9916464621847313,1.0618492298502267,1.043919464029046,1.2887925935333393,1.269576872137576,6.2281898882541125,0.06000000000000005,0.3286267594591275,0.09376759046768733,7.499703283058753e+18,1.309194931226177e+18,1.9995456974132173,0.34905315490572686,7.905296836539214,3.5554269591547167,0.25416847559574945,0.059024149356472294,0.3547818462063369,0.0,0.0,0.010919594185383123,0.05893977921138396,0.006078068781123617,1.7965565344202112,181.19989529828052,31.631382670711513,6,0.001,10,0.29043102264404297,0.3605122814717158
S4,2,84,1,MG,hyb,sample,5000,10,1002,2e-17,10.0,1.6403980106194136,6.000000000000003e-06,16705.502632961507,2e-10,5,0.1,0.36258842691575194,0.003784175250494545,0.35570740574654414,0.005652336575120039,0.34390720422145526,0.5040024216987573,0.48923929597484533,0.5021831439377413,0.48750903376884763,0.4868700890197856,0.4729675821336531,0.42694190330995385,0.4158182235406807,0.36864390340903325,0.3595573306146337,0.36258842691575194,0.35570740574654414,0.41768908657178844,0.41072841799783716,0.5653794013567197,0.5594586819841275,0.7684693541950018,0.7548552053780483,0.9147798069654461,0.9032122963590107,0.8302695335869232,0.018288244563691002,0.1851952986088949,16.403980106194137,5.752747097781829e+18,3.358251728566131e+17,11.505494195563658,0.6716503457132263,0.03646744390573721,0.004874722602640464,0.27961893500652546,0.21448945486984308,0.8977073450493209,0.0288,0.0,0.678039497673187,0.08266642746947281,0.0054220147209387325,125.05305362870644,138.99178840184902,8.113852490351723,2,0.0009941806124966143,33,2.8528411388397217,0.3605122814717158
S4,2,85,1,MG,hyb,sample,5000,10,1002,2e-17,10.0,2.0,6.000000000000003e-06,20000.0,2e-10,4,0.1,0.3764715161214257,0.0032588921549437148,0.36919361316613475,0.004696166605665973,0.35997548096306053,0.4678071070794891,0.4586805371222229,0.46697578945294776,0.4577840418669763,0.4595780641963171,0.4498047456647523,0.4241650949275074,0.4118471412672993,0.3797403625964965,0.3677387275858107,0.3764715161214257,0.36919361316613475,0.44128669359727946,0.43586636343450974,0.5856541321761933,0.5749977455292387,0.8023724332487214,0.7873137336442327,0.9042418072617172,0.893430567106345,0.8302695335869232,0.015000000000000013,0.16799597142736353,20.0,6.869624859860295e+18,3.341901839049016e+17,13.739249719720592,0.6683803678098034,0.02996918506397819,0.003392302929307303,0.26464136101700625,0.21806744996657076,0.9106266960748369,0.03692,0.00108,0.7103689898833866,0.07799057374950707,0.005253359407616066,135.2218522976989,165.9766071221779,8.074349617280307,2,0.001,40,3.2792229652404785,0.3605122814717158
S4,2,86,1,MG,hyb,sample,5000,10,1002,9.346957077078937e-18,10.0,1.6741897723311279,6.000000000000003e-06,7199.084305989173,5.4865511227875205e-11,5,0.1,0.370202515015431,0.007320098424878895,0.36610426951458686,0.0075345894452010075,0.3420875078338399,0.5162594191443051,0.5150288477379178,0.5148482941733982,0.5136655267325693,0.5024693422240694,0.5016728991949091,0.44675896503372653,0.4468192295209513,0.38257587581643476,0.38047151113361755,0.370202515015431,0.36610426951458686,0.45811300800637184,0.4580378736108329,0.565553193549006,0.5637433347859382,0.76194715225985,0.746146363191612,0.9470167290479159,0.9310990200363047,1.776555785460812,0.06532014432787203,0.3419985817983204,16.74189772331128,2.7410819910458936e+18,5.1923898191584877e+17,2.5620775715060042,0.4853304476713605,0.04021353315290724,0.01676841225420072,0.2868538556114917,0.15156223497387702,0.6979451085037653,0.0,0.0,0.37912176089363403,0.09206724736532303,0.005927075091739116,63.96439306497677,66.22712273210706,12.545302874911153,7,0.0009848175131359576,34,3.3412790298461914,0.3605122814717158
S4,2,87,1,MG,hyb,sample,5000,10,1002,2e-17,10.0,2.0,9.275206677798086e-06,17336.116014947478,2e-10,5,0.1,0.36838595400296503,0.005962175035946661,0.3622474761239654,0.005046868369464216,0.34729427609446983,0.5142208609567097,0.5028818628087547,0.512382632186924,0.5010504965830778,0.4968928903769763,0.48563058239449985,0.4371145788426974,0.4264767842977942,0.3785786599323133,0.36916007504172066,0.36838595400296503,0.3622474761239654,0.45117925559253214,0.4508107291870186,0.5652461093507883,0.5609463473086164,0.7806902266743366,0.7640251513182761,0.9473626851374026,0.932766957182198,0.8302695335869232,0.03584560788161258,0.25703395580194766,20.0,1.6675955393235996e+18,1.851648810843377e+17,3.3351910786472,0.3703297621686754,0.03648756772302041,0.011533516999117498,0.2216733632935726,0.16172507779670284,0.7363930274400065,0.0,0.0,0.4753622703691344,0.07487567495579907,0.005236836370112763,90.77279425457752,40.29067894031092,4.47375793402275,4,0.001,40,3.5808019638061523,0.3605122814717158
S4,2,88,1,MG,hyb,sample,5000,10,1002,5e-20,0.1,2.0,6.000000000000003e-06,9101.826090895353,2e-10,1,0.0001,0.6293223522577305,0.017495384897996933,0.6211070174269055,0.01650301950722259,0.6128166526612459,0.6543118494535096,0.6391086017418643,0.6418557812891008,0.6283899983003237,0.6293223522577305,0.6211070174269055,0.6379511682976022,0.6339024340649403,0.7247887990536956,0.7190226960510485,0.898254779896088,0.8854187787082262,0.9569097727319761,0.9423578802574573,0.9657445694384277,0.9534486972845594,1.0188295305250163,1.0089319894649782,1.7082708369441737,1.6744562953417628,3.321078134347694,0.015000000000000013,0.16799597142736353,0.2,3.1263074170239596e+18,1.5277130393320227e+17,1.5631537085119795,0.07638565196660113,4.645175259317878,1.9507218718079586,0.07035945802923309,0.02441492179797227,0.11577898164775956,0.0,0.0,0.008825064717202982,0.02427845947840664,0.0035427289930147193,2.4910357903761664,75.53453186803117,3.6910985985018714,2,0.001,40,0.9094700813293457,0.3605122814717158
S4,2,89,1,MG,hyb,sample,5000,10,1002,2e-17,10.0,0.5,6.000000000000003e-06,11681.401949910165,2e-10,2,0.01,0.4803944828665642,0.006585924437868533,0.4782213495887541,0.01649183752574849,0.4411443123787402,0.5181280529503144,0.5169212305725361,0.5178471465186245,0.5166420718022875,0.5152415533591718,0.5140527484754697,0.5003008791648149,0.4991418976605203,0.4803944828665642,0.4782213495887541,0.4891818644080944,0.48431026602177196,0.5466649401059966,0.5359833132755383,0.7040972467338046,0.6866687002191001,0.8417254235879439,0.8266114951936817,0.8778483582534344,0.865878103200977,0.8302695335869232,0.06000000000000005,0.3286267594591275,5.0,4.380381059716744e+18,7.667071116430164e+17,8.76076211943349,1.533414223286033,0.07894484769276483,0.020490203280520876,0.5284834500715184,0.1788025681729781,0.8758059550392867,0.06272,0.0,0.3834872550970038,0.12954564079305483,0.006556359509291801,58.490882715250464,105.83413228896768,18.524365979649826,6,0.001,10,0.8879830837249756,0.3605122814717158
S4,2,90,1,MG,hyb,sample,5000,10,1002,2e-17,8.126475332030239,2.0,7.99011582975455e-06,8252.16813162613,4.900997644656795e-11,5,0.1,0.37536171651355915,0.007287545552809357,0.36840871647197326,0.007337023155934698,0.3500997023664175,0.5221180998647432,0.5025143317404557,0.5212832121369932,0.5017512566465443,0.5134850114447045,0.49462811882564883,0.4665304057340318,0.45182141028720685,0.39151301071757716,0.38316592772719194,0.37536171651355915,0.36840871647197326,0.46238080159875106,0.45833973627132085,0.6061592910003748,0.6091440187721098,0.7456747321174649,0.7355809018396751,0.9352195536791857,0.9208758678739594,0.6747164883630384,0.1085526451308278,0.4317728912582497,16.252950664060478,1.4932392525679122e+18,4.165055433415255e+17,3.6749985487123995,1.0250582849858227,0.03038297214003071,0.013160921616031008,0.45749065476433387,0.15775994212605374,0.7813954521280684,0.0,0.0,0.3160264706517094,0.12169362330746593,0.0066538914840839425,47.49498416192123,36.07806682589641,10.06316623420562,11,0.001,40,4.517502069473267,0.3605122814717158
S4,2,91,1,MG,hyb,sample,5000,10,1002,9.030210391829464e-18,10.0,2.0,6.000000000000003e-06,5234.501440262488,2.850855755076468e-11,5,0.1,0.3617469098724693,0.005661970059386693,0.36138848914162996,0.005180598875866137,0.340354496998575,0.48483802231586653,0.48139295303163127,0.48392623442260196,0.48044464724488456,0.4756234111262902,0.47178565177153164,0.4316177417406452,0.4255728922988746,0.3696059781573645,0.36508365768713436,0.3617469098724693,0.36138848914162996,0.4695148345591991,0.4736336555408765,0.5714038277690852,0.5725710812540585,0.7636632105281825,0.7483966907388228,0.9601396303562467,0.9437640509904852,1.8388708514214716,0.10523156054661678,0.425793455613843,20.0,2.218764349286423e+18,6.094618179968119e+17,2.0035908883946996,0.5503568442298088,0.032250639706653574,0.016646741136814084,0.3241095274350107,0.13708973186930298,0.6577878397693299,0.0,0.0,0.29569302886210963,0.098715183758247,0.006264344842435987,47.202546523145244,53.60743653558058,14.725171575625506,11,0.001,40,4.349045991897583,0.3605122814717158
S4,2,92,1,MG,hyb,sample,5000,10,1002,2e-17,10.0,0.5,4.9999999999999996e-05,20000.0,2e-10,5,0.1,0.5597135707839737,0.005731577403159894,0.5855159621298376,0.013918803318352952,0.5394318569373364,0.7987251886907462,0.8112382680730137,0.7926103320089297,0.8055952772535285,0.7482360919758586,0.7644235094168326,0.640684077058608,0.6630316592272312,0.5786471362591554,0.6049231396333862,0.5597135707839737,0.5855159621298376,0.5909639394395642,0.6045452126433433,0.8866904043346174,0.8820244699663101,1.1016634587086167,1.0964608991672504,1.1640758028950562,1.1584306971375582,0.8302695335869232,4.166666666666666,0.999593047982555,5.0,2.0130525844121302e+17,1.5684752916349555e+17,0.4026105168824261,0.3136950583269911,0.15224233259635062,0.14259125936438777,0.23789150275340845,0.02619729326906011,0.2857847347584263,0.0,0.0,0.00294363519986298,0.02617911939559968,0.006005673289956779,0.4901424133053639,4.863724653605786,3.789584039467225,417,0.001,10,1.1466660499572754,0.3605122814717158
S4,2,93,1,MG,hyb,sample,5000,10,1002,2e-17,10.0,2.0,6.000000000000003e-06,4637.292685555173,3.0789428726934843e-11,5,0.1,0.3672904416258372,0.005912089232615644,0.3611782384989056,0.011291964350407016,0.3388979220669217,0.49634268909169743,0.4980982861670979,0.49565376173752196,0.49744523165570537,0.48919801957137954,0.4913039843314707,0.449603538087006,0.452523266274551,0.3825396781078244,0.38002073961218086,0.3672904416258372,0.3611782384989056,0.4549611298490482,0.4506975469783624,0.5987241953377349,0.6012130517820494,0.7429194219372879,0.732480715836957,0.9294241816813864,0.9149116903392966,0.8302695335869232,0.09743603970721217,0.4112547841942212,20.0,1.9227397680812198e+18,5.001308816776784e+17,3.8454795361624403,1.000261763355357,0.024996728386252335,0.0103188961230449,0.448142404156539,0.1608751395141508,0.7895289935462577,0.0,0.0,0.3468099131694101,0.11811022057193821,0.006624556293703558,52.352172401198025,46.45520382775227,12.083633175214262,10,0.001,40,3.881216049194336,0.3605122814717158
S4,2,94,1,MG,hyb,sample,5000,10,1002,6.956207735044899e-18,10.0,2.0,6.000000000000003e-06,6899.980448564433,4.2534730103694396e-11,5,0.1,0.37449828454383566,0.004361194483445447,0.3683691483351539,0.006708295916454936,0.3504033971654502,0.5102440002812583,0.5010276760331532,0.5088746066297104,0.49978857353929607,0.4968503510230158,0.4888667923091338,0.44223561144250356,0.4379610326308949,0.38003901101667487,0.37482158517570086,0.37449828454383566,0.3683691483351539,0.4688758649093773,0.46881805452874803,0.5599703852594573,0.55702943831352,0.7817340568840828,0.7646724104939837,0.9649400784503964,0.948975154985939,2.3871326596647835,0.07053059917592928,0.3544773798858156,20.0,2.6577812919815496e+18,5.34417595162888e+17,1.8488078781339679,0.37175198092161743,0.03644973777723819,0.017551201112498714,0.24203660406639266,0.1349221366791268,0.6283185156345567,0.0,0.0,0.3371201735185186,0.08140406179417223,0.005626326438076177,59.918345874326995,64.21449938168344,12.912032467713772,7,0.001,40,3.784526824951172,0.3605122814717158
S4,2,95,1,MG,hyb,sample,5000,10,1002,2e-17,10.0,1.4021454227738492,8.249759221145532e-06,20000.0,2e-10,5,0.1,0.36703997337951905,0.005834391611652719,0.35890504732777095,0.005660149288036248,0.3443890058406426,0.5179098174721088,0.5143949755222644,0.5162664886594499,0.5128039246765786,0.5019766949723674,0.4990266242791271,0.4402246922486869,0.4406601620087204,0.37738528969623264,0.3787570377992621,0.36703997337951905,0.35890504732777095,0.4273793455728717,0.4186703507739035,0.5664273989164801,0.5627174337097678,0.7474839936117683,0.7345592421854588,0.9202950689855959,0.9067897809436722,0.8302695335869232,0.040449042173431315,0.27242200978623154,14.021454227738491,2.7548952811751204e+18,3.3921893607930515e+17,5.509790562350242,0.6784378721586104,0.042491461704521755,0.010955694793120661,0.32820005118017426,0.18772672929287845,0.8234678686266858,0.00316,0.0,0.5131491957446151,0.1004596640578249,0.005989728429169019,85.67152948799159,66.56086483238384,8.195849006401643,4,0.0009669968432923098,29,2.6980440616607666,0.3605122814717158
S4,2,96,1,MG,hyb,sample,5000,10,1002,8.027723856012083e-18,10.0,1.3844532336832232,6.000000000000003e-06,15263.640343381852,2e-10,4,0.01,0.40174824281111104,0.01192294323767689,0.3984798277246037,0.011909664879075296,0.3390820561164526,0.5016206973281608,0.4993019636363775,0.49955988308652277,0.49734921775092433,0.4837696432356956,0.4822229499057575,0.4374909536856337,0.43579018015476895,0.40174824281111104,0.3984798277246037,0.40681323560089944,0.40606361957150633,0.475754716455726,0.47546555263542256,0.5919493150506592,0.5798095133407134,0.8165596992373034,0.7983021829297096,0.9460090165466143,0.9328209068809337,2.0685054655065693,0.021669204325658234,0.20125056742324823,13.84453233683223,5.27093092956422e+18,3.588956508703795e+17,4.231357796665464,0.28811151783111294,0.05607486625625973,0.013807253086678217,0.17659420026116615,0.16080402677194275,0.7226268111863473,0.0,0.0,0.49069681208028776,0.06020193951803997,0.004629207218264288,106.00018295665613,127.35065595448079,8.671256969275428,2,0.000988895166916588,28,2.0117011070251465,0.3605122814717158
S4,2,97,1,MG,hyb,sample,5000,10,1002,2e-17,10.0,2.0,8.950894032477365e-06,10817.911476755948,1.023134326154262e-10,5,0.1,0.36277023524914664,0.0036565375366026985,0.35666755113271026,0.007620328948567344,0.33643565098709444,0.49714616055388,0.4839420088930825,0.49600985167484357,0.4829282183023693,0.48587176542996524,0.47387295799490026,0.43708539521429374,0.42965766590542176,0.37539264806941347,0.3697367484376648,0.36277023524914664,0.35666755113271026,0.45449231374066307,0.4531487116908594,0.5642602939560477,0.5613099632579748,0.7638245040873864,0.7473904660354512,0.9502364253281469,0.9340493858022624,0.8302695335869232,0.06525577167840939,0.34184073918963037,20.0,1.2404563311252495e+18,2.339824949257905e+17,2.4809126622504993,0.467964989851581,0.034060757814840845,0.014364048986990017,0.2791966522304467,0.15121526994678486,0.6944922854913768,0.0,0.0,0.3829039593669645,0.09118279323423913,0.005866231615883709,65.27256072368402,29.970593347302643,5.653237465801692,7,0.001,40,3.9424068927764893,0.3605122814717158
S4,2,98,1,MG,hyb,sample,5000,10,1002,8.259687141838979e-19,0.44725950254644226,1.5188439329388121,4.845900387659031e-05,8101.483984991406,6.477323946257326e-11,3,0.01,0.7177304214041427,0.011889587331263754,0.7436610930660063,0.033859509225702515,0.7043692637411334,0.8600966322225224,0.8879831020187836,0.8339831331401989,0.8613212674284979,0.7669115524402221,0.7914395716353854,0.7276654017027768,0.751658243415648,0.7177304214041427,0.7436610930660063,0.729499262399287,0.7528197276438842,0.7947566248586146,0.8092659367503711,0.9582917188533429,0.9583491272061476,1.0975126228370806,1.0912934742478808,1.4417051295872816,1.4206892294803302,0.8991767658862576,3.9782213726541924,0.9994490093918229,0.6793173818918951,8.614797109034173e+16,6.700449757660058e+16,0.15909226859557346,0.12373939154514921,1.3099709594828517,1.2700162090932756,0.10988404481620336,0.013974854010275487,0.13613441243016783,0.0,0.0,0.0015653825139115836,0.013965281300324756,0.004411390289697994,0.35485015179165896,2.081416124420683,1.618891773067871,398,0.0009798993115734272,31,0.937852144241333,0.3605122814717158
S4,2,99,1,MG,hyb,sample,5000,10,1002,5e-20,0.1,2.0,4.9999999999999996e-05,20000.0,2e-10,1,0.0001,0.9048417880807762,0.013093737963005858,0.8977330029055247,0.025172693830854957,0.8919807402422265,0.9411262895597684,0.9338877340768349,0.916579559912598,0.9097719575482062,0.9048417880807762,0.8977330029055247,0.9075040078943124,0.9022037422801628,0.9345636894354865,0.9328210988440606,0.959676188857593,0.9585268284148235,0.9802270779108634,0.9790213503740424,0.999341675740452,0.9974874960800186,1.069891086139289,1.0628818133562459,1.8093771431712753,1.7708213573012421,3.321078134347694,1.0416666666666665,0.9229001282564582,0.2,6.0264044416685816e+16,3.924956056436589e+16,0.030132022208342903,0.01962478028218294,4.903764695299227,4.85374679381509,0.019220938956886233,0.004251815678046277,0.026995206366032115,0.0,0.0,0.0004776113644513808,0.004248852543589845,0.001928680819280197,0.24763629091807435,1.4560360758833573,0.9483063524435843,104,0.001,40,0.8980319499969482,0.3605122814717158
S4,2,100,1,MG,hyb,sample,5000,10,1002,2e-17,10.0,2.0,6.000000000000003e-06,5181.417615062287,1.540456618911359e-11,4,0.1,0.4911433307470359,0.005946060083704621,0.48841220037720207,0.005631558586736664,0.46228860991472953,0.5940158410015104,0.5868678678813137,0.5936224982117777,0.5865033115597951,0.5898237812607638,0.5829844078469429,0.5615766738532686,0.5569113216822348,0.492785429860088,0.49302456739069517,0.4911433307470359,0.48841220037720207,0.6159460659873898,0.6203619299015141,0.6996425116125166,0.7048251688005289,0.8271607012590746,0.8159441870741512,0.9450873157299297,0.9330768768430499,0.8302695335869232,0.194747451059031,0.5553457582325846,20.0,2.7824358205450644e+18,1.1106368997257385e+18,5.5648716410901296,2.221273799451477,0.015521810039405552,0.007616295143844922,0.6505141868984609,0.12752952232593706,0.8464728020803018,0.075,0.0,0.17603041165166264,0.1142653136067055,0.006479814704633245,27.165963793038102,67.22627020402898,26.834033607611214,19,0.001,40,1.7670481204986572,0.3605122814717158
