group,set,search_seed,eval_index,is_finite,task,mode,node,N_R,R,seed,k_on,k_off,T,distance,N_max,D,L,lam_best,objective,opt_sd,held,held_sd,train,opt_lam_1e-06,held_lam_1e-06,opt_lam_1e-05,held_lam_1e-05,opt_lam_1e-04,held_lam_1e-04,opt_lam_1e-03,held_lam_1e-03,opt_lam_1e-02,held_lam_1e-02,opt_lam_1e-01,held_lam_1e-01,opt_lam_1e+00,held_lam_1e+00,opt_lam_1e+01,held_lam_1e+01,opt_lam_1e+02,held_lam_1e+02,opt_lam_1e+03,held_lam_1e+03,KD_nM,tau_D_over_T,phi_ISI,koff_T,c_peak,c_mean,c_peak_over_KD,c_mean_over_KD,tauR_mean_over_T,tauR_peak_over_T,occ_mean,occ_std,occ_max,occ_frac_above_0p8,occ_frac_above_0p9,contrast_within,contrast_between,binomial_sd_mean,snr_within,shell_molecules_peak,shell_molecules_mean,history_symbols,dt,n_sub,seconds,running_min
case,S1,3,1,1,GLUF,hyb,sample,500,10,1003,5.734970279826652e-19,8.993610054866611,1.25,7.07e-06,10100.0,3.16e-11,3,0.1,0.6114340832413603,0.007818949490518468,0.586410204643643,0.008735782830543602,0.5850018285444621,0.7001677509096039,0.6769582211192493,0.6994694901638916,0.676273430689151,0.6930856569567156,0.6699992963796013,0.6590968682837226,0.6361785980528547,0.6154392324596717,0.5915986631348036,0.6114340832413603,0.586410204643643,0.6994672790423604,0.6728678380291672,0.8115064992893505,0.7856586949244917,0.9046891423217451,0.8906182581261224,1.1706553724757491,1.1516971098123703,26.040659536748183,0.21090675105485235,0.5736407405901451,11.242012568583263,3.254342618629908e+18,5.855267780293005e+17,0.20752020695089576,0.037337383426176346,0.08575035057954551,0.07366505652329866,0.0350075839936493,0.030056522939176072,0.1616426978051388,0.0,0.0,0.0210629835326112,0.028630021067016773,0.007518931945844112,2.801326529395335,78.62798293534193,14.146878465567374,21,0.001,25,0.751662015914917,0.6114340832413603
case,S1,3,2,1,GLUF,hyb,sample,500,10,1003,6.203657706876314e-18,0.1840314751915665,1.25,7.07e-06,10100.0,3.16e-11,3,1.0,0.8347517377327964,0.006956828961234776,0.8505122622559016,0.0092047230906026,0.794511029835404,0.9784935895038862,1.2251454926804535,0.9778537083466583,1.2246237472994406,0.9721076010874166,1.2199265414953975,0.9443232078540484,1.197034665165532,0.9122899989884015,1.170332265205078,0.8749042634323972,1.0898164087393374,0.8347517377327964,0.8505122622559016,0.9329155386287,0.9013828118883869,0.9707264615856109,0.9505908197052559,0.9769592822965473,0.9588214154987309,0.04925988321478542,0.21090675105485235,0.5736407405901451,0.23003934398945813,3.254342618629908e+18,5.855267780293005e+17,109.70312358722349,19.737969851748417,0.20961948071699155,0.03926792967158731,0.9127276688862362,0.07019319824314375,0.9906239522260742,0.96524,0.64816,0.019730331546591862,0.06986170496504679,0.011610991663345303,1.6992804851353458,78.62798293534193,14.146878465567374,21,0.001,25,0.5890100002288818,0.6114340832413603
case,S1,3,3,1,GLUF,hyb,sample,500,10,1003,2.2625870641089135e-19,0.610399990579662,1.25,7.07e-06,10100.0,3.16e-11,5,0.1,0.607470192060201,0.019522119884954323,0.5754716713390896,0.010884153610938445,0.5790400435399714,0.8228739382836812,0.7640302888852475,0.8152573457154431,0.7567674761088828,0.7646509067061803,0.7090021677072096,0.6641737175350743,0.6175716700044839,0.617731361365712,0.5794311947080206,0.607470192060201,0.5754716713390896,0.6117834068999498,0.5843715486349353,0.6526025023270704,0.6269673800809317,0.8181413598846659,0.7856316033181324,0.9372428734120734,0.8996763226999616,4.47979680887668,0.21090675105485235,0.5736407405901451,0.7629999882245775,3.254342618629908e+18,5.855267780293005e+17,1.2062964653878705,0.217038881733988,1.076889185228471,0.5940344057576483,0.1615331289466454,0.10949724127686228,0.465444410282744,0.0,0.0,0.01571887581206506,0.1092881985259138,0.015157056528533427,1.0370665163433281,78.62798293534193,14.146878465567374,21,0.001,25,0.5625832080841064,0.607470192060201
case,S1,3,4,1,GLUF,hyb,sample,500,10,1003,3.12006861747038e-18,0.9735092155448841,1.25,7.07e-06,10100.0,3.16e-11,4,0.1,0.5874665756489499,0.010829818955479263,0.5356444692883442,0.014839337874668096,0.48649195862148564,0.6802526961808596,0.606434731103337,0.6798481541474003,0.6061094070662001,0.6760104255869337,0.6030318972299886,0.6507981492622188,0.5831665752371966,0.6046649345745501,0.547682943473887,0.5874665756489499,0.5356444692883442,0.5877311864062602,0.5421912671188172,0.6104742141957116,0.5670429041610066,0.7757239587207592,0.7351933255212512,0.8844305400349424,0.8437445322977704,0.5181136323779558,0.21090675105485235,0.5736407405901451,1.2168865194311052,3.254342618629908e+18,5.855267780293005e+17,10.430073093042443,1.8765962310847133,0.28567419538502353,0.07189536821623063,0.5584456940033284,0.18230072660471927,0.9046309503391827,0.12324,0.0012,0.06537888926895784,0.18087629070756547,0.020536898971644995,3.1834839991775556,78.62798293534193,14.146878465567374,21,0.001,25,0.6844830513000488,0.5874665756489499
case,S1,3,5,1,GLUF,hyb,sample,500,10,1003,3.124092967904303e-19,1.579062325210392,1.25,7.07e-06,10100.0,3.16e-11,3,0.1,0.6245285047788195,0.01226932712196801,0.6013834878818731,0.013631979758784635,0.6092963741522351,0.7178186054041896,0.7025676842134181,0.7165958755408011,0.7012208551820152,0.7060929380285745,0.6896487169632814,0.6643544183184937,0.6438089452892978,0.6301021855005706,0.6070743738276342,0.6245285047788195,0.6013834878818731,0.6471144943020534,0.623363051978662,0.7554180941454997,0.7275383331052577,0.8435405823648496,0.8141081812150844,0.9984200018380747,0.9725874098128985,8.393139088537358,0.21090675105485235,0.5736407405901451,1.97382790651299,3.254342618629908e+18,5.855267780293005e+17,0.6438548198949875,0.11584343825803559,0.45403303333187284,0.30819618305960056,0.0972007574947448,0.07314217359518166,0.331025364074593,0.0,0.0,0.020664355000912137,0.07260713550658368,0.012182468532581595,1.6962370923139285,78.62798293534193,14.146878465567374,21,0.001,25,0.5703270435333252,0.5874665756489499
case,S1,3,6,1,GLUF,hyb,sample,500,10,1003,1.6794052815785857e-17,0.393427471096875,1.25,7.07e-06,10100.0,3.16e-11,2,1.0,0.878192333402065,0.0029248669048192242,0.8553040296258254,0.006339251582598008,0.8451029896139646,1.1328552174085096,1.617205424975707,1.1326903015669736,1.6170734655317045,1.1310933855871097,1.6157826215467452,1.1188101271902096,1.6048889660574872,1.0720987233138612,1.5378736702136089,0.9351744619211765,1.1996992524564387,0.878192333402065,0.8553040296258254,0.953846914844922,0.9263545344405717,0.9764106111306663,0.9580701841862845,0.9813135243105122,0.9645741959690648,0.03890077594859581,0.21090675105485235,0.5736407405901451,0.49178433887109374,3.254342618629908e+18,5.855267780293005e+17,138.91658776536218,24.994105286714184,0.07822587542612305,0.01453302767347377,0.9283351412251318,0.05946485069784336,0.9928267211654722,0.97048,0.7678,0.02977789247176623,0.05853996572876753,0.010603041005509807,2.8084294360733235,78.62798293534193,14.146878465567374,21,0.001,25,0.6055388450622559,0.5874665756489499
case,S1,3,7,1,GLUF,hyb,sample,500,10,1003,9.172266140260158e-20,0.13466447099929293,1.25,7.07e-06,10100.0,3.16e-11,3,0.1,0.6573619328766291,0.015041934013607936,0.626432839051821,0.0189728692265,0.6475286806442923,0.7484793630454819,0.7129774229236239,0.7438177002112186,0.7081902197752732,0.7159089326874841,0.6791961782832916,0.6734822431325804,0.6353146551985672,0.6593737302852015,0.6235855787259962,0.6573619328766291,0.626432839051821,0.67051724914963,0.6432835773514121,0.7587483373293857,0.7321045319244047,0.9147662844375685,0.8796081815317782,0.9740448169943979,0.9348225693091845,2.437953845158301,0.21090675105485235,0.5736407405901451,0.16833058874911616,3.254342618629908e+18,5.855267780293005e+17,2.2165977698617634,0.39881398564005627,4.246948472172484,1.8468864757755665,0.2516672801957723,0.14223160311372074,0.590240585070295,0.0,0.0,0.01030374293876287,0.1421522035264287,0.01797792469779346,0.5731330568999163,78.62798293534193,14.146878465567374,21,0.001,25,0.5494241714477539,0.5874665756489499
case,S1,3,8,1,GLUF,hyb,sample,500,10,1003,5.172818676632333e-18,3.5242344071038705,1.25,7.07e-06,10100.0,3.16e-11,2,0.1,0.5782423279458672,0.009349326370416071,0.5404739698899127,0.01607417142288626,0.4869761386062724,0.609743660656098,0.5699461359175428,0.6097116617873442,0.5699136229509405,0.6093952229661688,0.5695922619388228,0.6065474681508728,0.5667139678516437,0.5926267705263337,0.5530755335425843,0.5782423279458672,0.5404739698899127,0.5849856668338924,0.5497101536265925,0.6787285617804597,0.6390925677561221,0.8041084834123311,0.7599713824320691,0.847584391821251,0.8082466282716705,1.131323033090376,0.21090675105485235,0.5736407405901451,4.405293008879838,3.254342618629908e+18,5.855267780293005e+17,4.776675536643215,0.8594274679780263,0.12208040402500553,0.039295898671480235,0.3905901142844039,0.18257282961484128,0.8219209639006732,0.00504,0.0,0.11325646304707647,0.17832325859848566,0.020106052521613675,5.63295370512574,78.62798293534193,14.146878465567374,21,0.001,25,0.8522801399230957,0.5782423279458672
case,S1,3,9,1,GLUF,hyb,sample,500,10,1003,6.397907834559836e-20,1.7041502454216657,1.25,7.07e-06,10100.0,3.16e-11,1,0.01,0.7983795940029962,0.010127268781894424,0.7668789274050454,0.020817126008612224,0.7721672312219553,0.8342231407819656,0.7987167222248845,0.8330971882537831,0.7975925056891999,0.8250251623912451,0.7896257272142251,0.8068985033279684,0.7731144394899041,0.7983795940029962,0.7668789274050454,0.8008309885402711,0.7688845700577,0.8126916330996747,0.7843612814515806,0.887801566626728,0.8763160778962484,1.0004942750132886,0.9957788352938512,1.2229123425110822,1.2053241187211554,44.2302098128186,0.21090675105485235,0.5736407405901451,2.1301878067770823,3.254342618629908e+18,5.855267780293005e+17,0.12217810132652024,0.021982488753926232,0.4593446379888569,0.41833125755412476,0.0211679163547704,0.01781144688444388,0.08418087214083332,0.0,0.0,0.004895538559489231,0.0176757568282908,0.005914962665345953,0.8276533321454027,78.62798293534193,14.146878465567374,21,0.001,25,0.49826622009277344,0.5782423279458672
case,S1,3,10,1,GLUF,hyb,sample,500,10,1003,1.3129561034980458e-18,4.344565353227482,1.25,7.07e-06,10100.0,3.16e-11,5,0.1,0.5292977163564095,0.009539795509360474,0.4948457581786282,0.006758120347864815,0.472923879876263,0.6968704603872531,0.6623173755741684,0.6957113692027209,0.6611833738653394,0.6850831523029005,0.6508043341857137,0.6276547558378096,0.595326625296794,0.5539281598073159,0.5228281108471486,0.5292977163564095,0.4948457581786282,0.52957164870741,0.49728455292824714,0.5861787227511597,0.5586115693392708,0.7926012138533345,0.75948729557682,0.9181754098113688,0.8824784307750674,5.494715687526346,0.21090675105485235,0.5736407405901451,5.430706691534352,3.254342618629908e+18,5.855267780293005e+17,0.9834836529342975,0.17695002709626925,0.15645362469191915,0.09283570224945198,0.13714435436498312,0.09879106034516315,0.46835704369213327,0.0,0.0,0.05655825801771949,0.09613165292381803,0.014122259027577744,4.004901617175648,78.62798293534193,14.146878465567374,21,0.001,25,0.719261884689331,0.5292977163564095
case,S1,3,11,1,GLUF,hyb,sample,500,10,1003,2.6896623615258133e-18,10.0,1.25,7.07e-06,10100.0,3.16e-11,5,0.1,0.5066837804164956,0.007681352538427179,0.4773488814707796,0.01603618648101333,0.4313404312253547,0.6759097200797158,0.6560379042290259,0.6753535404275237,0.6554804274809712,0.6700479225041927,0.6501487044651989,0.6335197341605431,0.6127375635826742,0.550985560527767,0.5240689496014165,0.5066837804164956,0.4773488814707796,0.5109833027210905,0.4818685354152913,0.5844447431140998,0.5575319922604918,0.7979214522899826,0.7648711162184368,0.9255480858535521,0.8907690534816363,6.173782594153724,0.21090675105485235,0.5736407405901451,12.5,3.254342618629908e+18,5.855267780293005e+17,0.8753082852838218,0.1574869336530889,0.06911525104436025,0.04265965261700545,0.12459104430986931,0.09284113334761235,0.45819876113272084,0.0,0.0,0.06842912961866199,0.08884832005144255,0.013525997139916701,5.05908207068299,78.62798293534193,14.146878465567374,21,0.001,25,0.8577578067779541,0.5066837804164956
case,S1,3,12,1,GLUF,hyb,sample,500,10,1003,5.260855154611169e-19,0.1,1.25,7.07e-06,10100.0,3.16e-11,5,0.1,0.6629751120059572,0.024821374543057224,0.6063615315853165,0.020071924086923064,0.5878355185706855,0.8630675411016847,0.797202916995752,0.8552281828540613,0.7890635832722063,0.8058077997205462,0.7384111966565133,0.7167811291142121,0.6511095432954976,0.674793739512282,0.6139033846607813,0.6629751120059572,0.6063615315853165,0.6650300209436637,0.609101175017097,0.6853627958253614,0.6299149295175602,0.8178633622060687,0.7814456655095685,0.9312718182832983,0.8968686340776004,0.31564052200113796,0.21090675105485235,0.5736407405901451,0.125,3.254342618629908e+18,5.855267780293005e+17,17.12062514008996,3.080371568358315,1.9606057600334412,0.4414858724879666,0.6621954736801485,0.16741014273141716,0.9258087545184943,0.26632,0.04228,0.013732236540964447,0.16730114347776262,0.01954917248142883,0.7024459247065158,78.62798293534193,14.146878465567374,21,0.001,25,0.603754997253418,0.5066837804164956
case,S1,3,13,1,GLUF,hyb,sample,500,10,1003,2.532292886531359e-18,0.1695099712394773,1.25,7.07e-06,10100.0,3.16e-11,1,1.0,0.8777631969618677,0.005555825096333932,0.8729315312432722,0.007145187932080408,0.7882537955286522,0.9025618020878928,0.9460964166004555,0.9024151561389306,0.9459528499524901,0.9010635603635366,0.9446354895970405,0.8937243596471367,0.937768182394283,0.88519442667211,0.9312547712424193,0.8845020115739365,0.9262068529481841,0.8777631969618677,0.8729315312432722,0.8993414544107617,0.8541097865146712,0.9409688623388606,0.9106468618012556,0.9546423837762715,0.9291732651452996,0.11115536082566865,0.21090675105485235,0.5736407405901451,0.21188746404934664,3.254342618629908e+18,5.855267780293005e+17,48.616306186789735,8.74712728717584,0.48419254594429795,0.09511966406877267,0.8316181389814489,0.11300652932982885,0.9769691440009131,0.656,0.33524,0.01989936413344024,0.11277970497380405,0.015430419887004962,1.2896190952132736,78.62798293534193,14.146878465567374,21,0.001,25,0.624262809753418,0.5066837804164956
case,S1,3,14,1,GLUF,hyb,sample,500,10,1003,5.272983531706733e-19,0.3486057408419927,1.25,7.07e-06,10100.0,3.16e-11,4,0.1,0.5925452984451324,0.015945404440906426,0.5379303810670533,0.010388062963498798,0.5464381442264734,0.7150919337054331,0.6657711331402316,0.7131202514837214,0.6636933239742879,0.6968675048640942,0.6465183238313257,0.6406212538601878,0.5869743171356727,0.600130077995639,0.5456771140487348,0.5925452984451324,0.5379303810670533,0.5976509050343612,0.5448337859180772,0.6285011491811391,0.5823498750246261,0.7815890262317542,0.7408943004878268,0.8936485163599596,0.8510198324495857,1.097810088403298,0.21090675105485235,0.5736407405901451,0.43575717605249087,3.254342618629908e+18,5.855267780293005e+17,4.922493528970531,0.8856632855398724,1.2170020418954746,0.3874813974221858,0.3998609136250406,0.18151944201201478,0.7845309064462676,0.0,0.0,0.02306938200914936,0.18127448454373976,0.020229438735667914,1.1403866568217806,78.62798293534193,14.146878465567374,21,0.001,25,0.6058931350708008,0.5066837804164956
case,S1,3,15,1,GLUF,hyb,sample,500,10,1003,8.197815576735119e-18,3.854582813600503,1.25,7.07e-06,10100.0,3.16e-11,2,0.1,0.5927434996508858,0.011621233684466034,0.5618656099710851,0.017257170226430422,0.4960506189241153,0.6283746452239974,0.5854819889548475,0.6283442158374519,0.5854576352148192,0.6280425258383093,0.5852163236741361,0.6252643808763472,0.5830069297839674,0.6101095419870501,0.5715275656036841,0.5927434996508858,0.5618656099710851,0.5999476607403225,0.5725158639746948,0.6927443060478667,0.6515944235092022,0.816372706760165,0.7713196998213718,0.8564376880284261,0.8169409824834635,0.7807793783267412,0.21090675105485235,0.5736407405901451,4.8182285170006285,3.254342618629908e+18,5.855267780293005e+17,6.92124203867273,1.2452814671895673,0.09243614276134836,0.02620108781265324,0.46782104307863986,0.18833016078571424,0.8721112565388203,0.0364,0.0,0.12720706749072616,0.18340751861881824,0.020573707388043143,6.182991965981557,78.62798293534193,14.146878465567374,21,0.001,25,1.0177669525146484,0.5066837804164956
case,S1,3,16,1,GLUF,hyb,sample,500,10,1003,6.8285531726856965e-18,0.7037454559584003,1.25,7.07e-06,10100.0,3.16e-11,3,1.0,0.7123566096306411,0.012233010391992784,0.8001428335751551,0.020121515490934824,0.6068413182058384,0.7976487519884298,0.9116308240221181,0.7974585171546138,0.9115109654827792,0.7956218019242858,0.910355510253624,0.7820049925511835,0.9018940395382884,0.7485698413219135,0.8821010539817756,0.7301186092965576,0.8702531782146972,0.7123566096306411,0.8001428335751551,0.77557620704495,0.7463444393595988,0.9056485990634412,0.8684978997160279,0.9354645851992215,0.9024349955160436,0.17113388347613642,0.21090675105485235,0.5736407405901451,0.8796818199480004,3.254342618629908e+18,5.855267780293005e+17,31.5773997903656,5.681458692133651,0.17013869431167788,0.03489457922646173,0.7693288478784198,0.13531206577754865,0.9684195606618016,0.44232,0.2078,0.05729728601820265,0.1339155478420872,0.017418246853831445,3.2894978753616138,78.62798293534193,14.146878465567374,21,0.001,25,0.7271449565887451,0.5066837804164956
case,S1,3,17,1,GLUF,hyb,sample,500,10,1003,2.66666532708327e-19,0.20728174662687207,1.25,7.07e-06,10100.0,3.16e-11,5,0.1,0.6172507845493098,0.010015902178781665,0.5629636730741971,0.019750055849985123,0.569451423007713,0.8199605685511724,0.768988515075033,0.8120145289467017,0.7609801317419653,0.7607261584897772,0.7089121098911069,0.6661163856375731,0.6116664781282608,0.624722807217756,0.5704085251641601,0.6172507845493098,0.5629636730741971,0.6246287524453888,0.5685142560636551,0.6514169700195184,0.600911629466067,0.7789530122120236,0.7395683820267113,0.9242878246561366,0.879579681891623,1.2907485415968125,0.21090675105485235,0.5736407405901451,0.2591021832835901,3.254342618629908e+18,5.855267780293005e+17,4.186689259798383,0.7532761482660612,2.201296802850161,0.7441126673244255,0.3676591165853538,0.17589313859598987,0.7466458573624042,0.0,0.0,0.015690125104075563,0.17575360036745272,0.0199207265458842,0.787628155425751,78.62798293534193,14.146878465567374,21,0.001,25,0.5943140983581543,0.5066837804164956
case,S1,3,18,1,GLUF,hyb,sample,500,10,1003,1.9189602395530735e-19,0.765326225999478,1.25,7.07e-06,10100.0,3.16e-11,1,0.01,0.7416436926530758,0.007702049401013093,0.7057158634645189,0.014176668375057828,0.7123979569507817,0.7709840581447199,0.7348009615037019,0.7706006163244824,0.7343866902726097,0.7672403642739613,0.7307699534314477,0.7529268312014301,0.7158414443505372,0.7416436926530758,0.7057158634645189,0.7453926110200925,0.7103514279140019,0.7773026847737758,0.742518222553089,0.8154734892699457,0.7811526385024687,0.846901529704701,0.8187965546431915,1.0689631385769758,1.04512870902404,6.622618182546795,0.21090675105485235,0.5736407405901451,0.9566577824993474,3.254342618629908e+18,5.855267780293005e+17,0.8159858997224648,0.14681355062208623,0.9114872020855647,0.575613431101029,0.11849563856503388,0.08584512008084928,0.3718396969400538,0.0,0.0,0.013924755225934445,0.0856329821903992,0.013302777456768477,1.0467554817922256,78.62798293534193,14.146878465567374,21,0.001,25,0.5547041893005371,0.5066837804164956
case,S1,3,19,1,GLUF,hyb,sample,500,10,1003,4.8309279128006395e-18,10.0,1.25,7.07e-06,10100.0,3.16e-11,4,1.0,0.4881953705076235,0.00612241467642312,0.4481956282586463,0.008079215021982854,0.4391674654252856,0.5871737998859,0.5304723283094829,0.5870188193614796,0.5303363504577847,0.5854981067616396,0.5290033583312101,0.5726947775869949,0.517874617471252,0.5250994038014054,0.47810380194630914,0.4886080630483386,0.4483197569706604,0.4881953705076235,0.4481956282586463,0.5552363601388454,0.5210072522192161,0.7734132576004512,0.7368815552550902,0.8770802904075385,0.8393076206390319,3.437308726495114,0.21090675105485235,0.5736407405901451,12.5,3.254342618629908e+18,5.855267780293005e+17,1.572149459415595,0.2828637655673972,0.06236047984769204,0.031102391700899214,0.19482156188507085,0.12949105035587832,0.6065058766117628,0.0,0.0,0.09718917747850114,0.12439283202274543,0.01623961698211621,5.984696411592108,78.62798293534193,14.146878465567374,21,0.001,25,0.9467110633850098,0.4881953705076235
case,S1,3,20,1,GLUF,hyb,sample,500,10,1003,1.8270100728751525e-17,2.638273887861566,1.25,7.07e-06,10100.0,3.16e-11,2,1.0,0.6977099466845644,0.008160018532248871,0.7669419669229647,0.014211657185215719,0.601412662263727,0.7629385463994928,0.9033757571396546,0.7629058648821452,0.9033486820024889,0.7625816086969849,0.9030801083376758,0.7595752344720431,0.9005948364838071,0.742462067828116,0.8865276118702505,0.7169302441498854,0.8585353958204915,0.6977099466845644,0.7669419669229647,0.7893661543021947,0.7540138053816473,0.8860425862887537,0.8450617283599684,0.9139007122080152,0.8784991995493266,0.2397883255128683,0.21090675105485235,0.5736407405901451,3.2978423598269573,3.254342618629908e+18,5.855267780293005e+17,22.536389311888314,4.05478493464814,0.059988420276992485,0.012883393414822586,0.709143233071326,0.15613453890655069,0.9573926757707275,0.34168,0.1134,0.11215096397337737,0.15148137519300015,0.018745127494794497,5.9829395134560475,78.62798293534193,14.146878465567374,21,0.001,25,0.9575250148773193,0.4881953705076235
case,S1,3,21,1,GLUF,hyb,sample,500,10,1003,1.842557040235016e-17,6.766121404935658,1.25,7.07e-06,10100.0,3.16e-11,1,0.1,0.7198119637293188,0.011572810519284082,0.7606431416659264,0.024496402395322896,0.5854450507630109,0.7331753054582827,0.7762669309726907,0.7331697761644442,0.7762619418877763,0.7331146768377681,0.7762122147432083,0.7325823808460383,0.775730745165313,0.7286401569537253,0.7720779294800616,0.7198119637293188,0.7606431416659264,0.7239197557245206,0.7283229025814046,0.7851707080416814,0.7404452246546998,0.8283726244618667,0.7837361701974419,0.8674215824185667,0.8315357932097112,0.6097726518525468,0.21090675105485235,0.5736407405901451,8.457651756169573,3.254342618629908e+18,5.855267780293005e+17,8.86225881037146,1.594512457782706,0.04557161718880179,0.011988747283057502,0.5194653671281357,0.18896197793415473,0.8983597537302778,0.08352,0.0,0.14895599838537987,0.18244662227391406,0.020581453511764866,7.237389638211556,78.62798293534193,14.146878465567374,21,0.001,25,1.1343510150909424,0.4881953705076235
case,S1,3,22,1,GLUF,hyb,sample,500,10,1003,3.2165224325925656e-19,0.34829401186855163,1.25,7.07e-06,10100.0,3.16e-11,4,0.1,0.6035425752013593,0.0058659488768217265,0.5512410201809381,0.018176617043161772,0.56092092690803,0.732498569380892,0.6797934933684642,0.7296986578333989,0.6769434863573367,0.7080517706000811,0.654992823652241,0.6469013265005482,0.5936138737159264,0.6104718306209161,0.5572958340661971,0.6035425752013593,0.5512410201809381,0.6104672155684904,0.5589318954834523,0.6465335600806238,0.6031344996476091,0.8046848851120909,0.7654947262380633,0.909065514359904,0.8658801739449666,1.7980779729997962,0.21090675105485235,0.5736407405901451,0.43536751483568953,3.254342618629908e+18,5.855267780293005e+17,3.005410853895385,0.5407385577233768,1.4907850471636566,0.5734517849045855,0.3030438594023457,0.16315289764222468,0.6837160460776801,0.0,0.0,0.01848566404108216,0.162961272275723,0.018962978556977924,0.974829138024832,78.62798293534193,14.146878465567374,21,0.001,25,0.5876932144165039,0.4881953705076235
case,S1,3,23,1,GLUF,hyb,sample,500,10,1003,8.564980640926346e-18,0.3603193185334854,1.25,7.07e-06,10100.0,3.16e-11,4,1.0,0.7526990331105061,0.013468730036699749,0.839310503921156,0.02067232828174715,0.6779790308830826,0.9207426015301398,1.188172384361394,0.9200482716488392,1.187699653362922,0.9136312699629837,1.183328006818562,0.877440882149201,1.1583840053403898,0.825825560371953,1.1199886116556306,0.7905137893705545,1.0586548909363833,0.7526990331105061,0.839310503921156,0.8595434408753194,0.8219882028414409,0.9529541166985526,0.92689098774902,0.9693068744886588,0.9466404300364086,0.06985705282546888,0.21090675105485235,0.5736407405901451,0.4503991481668568,3.254342618629908e+18,5.855267780293005e+17,77.35744406087504,13.918280981925417,0.14882766115370472,0.02833493222735626,0.882905457458296,0.08657859043509505,0.9869979875762406,0.89868,0.46476,0.033267632513548084,0.08582582766228465,0.013254296161939015,2.5099508949467486,78.62798293534193,14.146878465567374,21,0.001,25,0.681373119354248,0.4881953705076235
case,S1,3,24,1,GLUF,hyb,sample,500,10,1003,1.894014806243033e-17,5.751389015629594,1.25,7.07e-06,10100.0,3.16e-11,1,1.0,0.7417314472267376,0.0073095232387201305,0.757029396649927,0.011385291520947936,0.6376391541363657,0.7572852647283778,0.8238982616195841,0.7572796378043981,0.8238928286158588,0.7572235740104208,0.8238386791276099,0.7566827268388086,0.8233145692632643,0.7527091643111135,0.8193287280687027,0.7433077294428635,0.8053753509448599,0.7417314472267376,0.757029396649927,0.7952459123894121,0.751028543180508,0.8388571702339573,0.7942418841615838,0.8756176728967804,0.8396274599008908,0.5042413670414571,0.21090675105485235,0.5736407405901451,7.189236269536993,3.254342618629908e+18,5.855267780293005e+17,10.717016511181052,1.9282235717763792,0.04750212203343647,0.011871352516655805,0.5600678820761508,0.18571119221417876,0.9144474413217223,0.13052,0.00604,0.14512117631697288,0.17938875856231035,0.02045855978285078,7.093420937607716,78.62798293534193,14.146878465567374,21,0.001,25,1.0957419872283936,0.4881953705076235
case,S1,3,25,1,GLUF,hyb,sample,500,10,1003,1.1995440571281194e-17,0.10653422910735624,1.25,7.07e-06,10100.0,3.16e-11,3,0.1,0.8863450569714407,0.01122505791144039,0.927244333681313,0.023016324640210854,0.8262765028328435,1.1960985482687527,1.6043360718079072,1.19480756949485,1.6036527450514746,1.1837885137470978,1.5974881609890876,1.1367392805885186,1.5586922340973952,1.030516656444926,1.3658273601144435,0.8863450569714407,0.927244333681313,0.9467498221660909,0.9158114932555861,0.9867297380274771,0.9742827429120877,0.9926675808152254,0.9835541938472975,0.994511585862397,0.9858595332416226,0.014747624180436387,0.21090675105485235,0.5736407405901451,0.1331677863841953,3.254342618629908e+18,5.855267780293005e+17,366.4293983957419,65.92859147332247,0.11219903821035719,0.02043745988989356,0.9705954805292786,0.028036264408087506,0.9972522308232543,0.99868,0.97268,0.010113151471668008,0.02781005433255895,0.006923003203733632,1.4608041010603465,78.62798293534193,14.146878465567374,21,0.001,25,0.5818710327148438,0.4881953705076235
case,S1,3,26,1,GLUF,hyb,sample,500,10,1003,4.434347057976702e-18,2.3767215244439317,1.25,7.07e-06,10100.0,3.16e-11,3,1.0,0.5577645376808585,0.006833507158811533,0.5117947910300795,0.01627419002525743,0.47978734045651866,0.6158644460077538,0.5633000730117781,0.6157727365036163,0.5632072469619139,0.6148740038176321,0.5622982810492743,0.6073823855069194,0.5547709327477469,0.5802229137712323,0.5281993580864807,0.5594803306324112,0.5097798847200407,0.5577645376808585,0.5117947910300795,0.604217010959419,0.5634287935874451,0.7863069251472619,0.7434353200244275,0.8599717355516354,0.8183703780951831,0.8900157997405139,0.21090675105485235,0.5736407405901451,2.9709019055549146,3.254342618629908e+18,5.855267780293005e+17,6.0717608134365015,1.092441381464864,0.16086382361273546,0.047597498018938734,0.4412436428885506,0.18620362720487535,0.852471378133769,0.018,0.0,0.10080666750036839,0.18291953708313194,0.020492563614018057,4.9191828508664965,78.62798293534193,14.146878465567374,21,0.001,25,0.834693193435669,0.4881953705076235
case,S1,3,27,1,GLUF,hyb,sample,500,10,1003,5.373737913424765e-18,0.2970603128082601,1.25,7.07e-06,10100.0,3.16e-11,5,1.0,0.7258691523312204,0.015268049776309968,0.8359299913621271,0.021372553279372028,0.6174920818997016,0.9072341338336465,1.098146575585585,0.9055621251937088,1.0969224469433818,0.8910549486153396,1.0863279173282745,0.830654915916743,1.0426294899848432,0.7750619089338503,1.0030685989819252,0.7534081825515357,0.9753904626575854,0.7258691523312204,0.8359299913621271,0.7868912672598408,0.7471803127193966,0.9235329432939103,0.8936843236443408,0.9619723921245302,0.9368377121150895,0.0917946246490135,0.21090675105485235,0.5736407405901451,0.37132539101032513,3.254342618629908e+18,5.855267780293005e+17,58.870147101384504,10.592015529359557,0.23231989283540502,0.04498161330665723,0.8546137576004863,0.10119968758797528,0.9824891502361929,0.74656,0.39108,0.030210792204823585,0.10066787298316905,0.01454266450511685,2.0773904392963125,78.62798293534193,14.146878465567374,21,0.001,25,0.653613805770874,0.4881953705076235
case,S1,3,28,1,GLUF,hyb,sample,500,10,1003,1.484779389946008e-19,0.23729845661907864,1.25,7.07e-06,10100.0,3.16e-11,3,0.1,0.6423362699002806,0.008511956095239439,0.6063147490507845,0.01608345896009743,0.618257433337382,0.727050786389684,0.6995031364852771,0.7243017162649086,0.696454348027129,0.7048553928576118,0.6747491908739544,0.6629074058443282,0.6277074914624964,0.6439560386149256,0.6072953393673,0.6423362699002806,0.6063147490507845,0.6567350086481565,0.621975709798922,0.7325596731722432,0.7010731305506045,0.8796664825178901,0.8404711082275981,0.9417894475244571,0.9003565673200136,2.653884883264491,0.21090675105485235,0.5736407405901451,0.2966230707738483,3.254342618629908e+18,5.855267780293005e+17,2.0362462178677823,0.366364832146784,2.467336582199159,1.1103453715798026,0.23636928176621877,0.1405542065893567,0.583704582831279,0.0,0.0,0.01217184899297465,0.14044332460124395,0.017539272046249225,0.6939768629438415,78.62798293534193,14.146878465567374,21,0.001,25,0.5862710475921631,0.4881953705076235
case,S1,3,29,1,GLUF,hyb,sample,500,10,1003,5.543253697019821e-20,3.5949017209641654,1.25,7.07e-06,10100.0,3.16e-11,4,0.01,0.7588188130035668,0.012295947257079725,0.7326977972074139,0.023333952367856507,0.7069178534177555,0.9530262594383316,0.9468524575775199,0.9372155452272946,0.930229901210524,0.8625330034401377,0.8496905737957651,0.7807071595905906,0.758485529808886,0.7588188130035668,0.7326977972074139,0.7746400768896343,0.7487604299674375,0.8393872776198767,0.8180544330343723,0.9286692795857345,0.9200219722802705,1.012272714478485,1.0078297693442868,1.2260912134093793,1.208413054993215,107.689004988547,0.21090675105485235,0.5736407405901451,4.493627151205207,3.254342618629908e+18,5.855267780293005e+17,0.05018119590554789,0.009028684868037254,0.22054613556657215,0.21190379145150962,0.008885142068328366,0.007731322948036798,0.039317412771076615,0.0,0.0,0.0036266248636700623,0.007556861345143092,0.003849358479368674,0.9421374712455615,78.62798293534193,14.146878465567374,21,0.001,25,0.5104408264160156,0.4881953705076235
case,S1,3,30,1,GLUF,hyb,sample,500,10,1003,1.8767415082294822e-19,0.1038294328462424,1.25,7.07e-06,10100.0,3.16e-11,2,0.01,0.6533177533700869,0.014483359490303565,0.6048808328542759,0.01579799028297798,0.6227166923568986,0.6968344526609702,0.6418591079597479,0.6956189720979078,0.6407286998956672,0.686506728100775,0.6323359524984373,0.664051915414537,0.6123505847163526,0.6533177533700869,0.6048808328542759,0.6534469178125226,0.6096805441677396,0.6750037262298738,0.6360751783332322,0.7989282484459943,0.7603958723859161,0.9100729504758206,0.8688016535613027,0.9376636075541727,0.8979799050388314,0.9186818153041394,0.21090675105485235,0.5736407405901451,0.129786791057803,3.254342618629908e+18,5.855267780293005e+17,5.88230110379921,1.0583534729836748,3.7432561667045405,1.119530258092096,0.44048987530672995,0.18143827567756593,0.7998822035414358,0.0,0.0,0.012990335480997203,0.18134078620083074,0.020566426905037356,0.6316282133487887,78.62798293534193,14.146878465567374,21,0.001,25,0.5358059406280518,0.4881953705076235
case,S1,3,31,1,GLUF,hyb,sample,500,10,1003,4.234200662766032e-18,7.094104203198703,1.25,7.07e-06,10100.0,3.16e-11,1,0.1,0.6312493717910359,0.011018946415742097,0.5833014534494418,0.015296324841177862,0.5718026468372277,0.6430228203168156,0.5971120869530429,0.643010139180735,0.5970983610231773,0.6428844042070454,0.5969622215758268,0.6417261488343632,0.5957041080841885,0.6354897185654195,0.5887663992518062,0.6312493717910359,0.5833014534494418,0.666489338759126,0.6207511487481765,0.7539647870878713,0.7111973065941618,0.7894134335075431,0.7514605271943983,0.90772343273232,0.8787435467965532,2.782115944481058,0.21090675105485235,0.5736407405901451,8.867630253998378,3.254342618629908e+18,5.855267780293005e+17,1.9423931870717885,0.34947863755385,0.08356538330600825,0.0383258430946421,0.2262014003191077,0.14223632342785547,0.6532849664813783,0.0,0.0,0.10053800050967514,0.13736912044191607,0.01717443310323428,5.8539341534796785,78.62798293534193,14.146878465567374,21,0.001,25,0.903641939163208,0.4881953705076235
case,S1,3,32,1,GLUF,hyb,sample,500,10,1003,5.189114190343816e-19,3.6075357473156173,1.25,7.07e-06,10100.0,3.16e-11,3,0.1,0.598435926506973,0.008130949566506174,0.5755772654695827,0.013757326275931885,0.5785839516206652,0.6844020188448416,0.6629276398492653,0.6836946643689926,0.6622193137899732,0.6772730931119273,0.655793635161844,0.6445754306592911,0.6233552116110412,0.6067164726815375,0.5864632854842952,0.598435926506973,0.5755772654695827,0.6315657266173009,0.6058711336591048,0.7657740277872557,0.7361162110771712,0.8431858842749274,0.8162897668313029,1.0509436338229836,1.0273890922630438,11.544270996755365,0.21090675105485235,0.5736407405901451,4.509419684144522,3.254342618629908e+18,5.855267780293005e+17,0.46810777897735073,0.0842227361145069,0.20453179677627728,0.15105023452546723,0.07366782788138407,0.05824512361923475,0.28341100611150866,0.0,0.0,0.028941491265300757,0.0569219138216461,0.010722181703779,2.699216639380437,78.62798293534193,14.146878465567374,21,0.001,25,0.6399960517883301,0.4881953705076235
case,S1,3,33,1,GLUF,hyb,sample,500,10,1003,1.4099604860222746e-18,0.8896618174672742,1.25,7.07e-06,10100.0,3.16e-11,1,0.1,0.6926309751721976,0.009129926658468438,0.6452960224997258,0.01887016541123793,0.6556017686109462,0.7157251565304144,0.6582777576917834,0.7156546195886192,0.6582254859471217,0.7149707746394434,0.657720177781552,0.7097564176107765,0.6539688975431209,0.6964598972522429,0.645813154736892,0.6926309751721976,0.6452960224997258,0.7187287232963662,0.6708625059297313,0.7860304754832563,0.736003057576802,0.819985133419601,0.7738724847986711,0.8654087728154096,0.8286612893162502,1.047772770317166,0.21090675105485235,0.5736407405901451,1.1120772718340928,3.254342618629908e+18,5.855267780293005e+17,5.157571574004537,0.9279589213792657,0.46640936160454266,0.1460345330806257,0.40884399331430193,0.18282239151511218,0.810047415631951,0.00268,0.0,0.04881062783978925,0.18192016026733338,0.020301345528035645,2.404305063050279,78.62798293534193,14.146878465567374,21,0.001,25,0.6673080921173096,0.4881953705076235
case,S1,3,34,1,GLUF,hyb,sample,500,10,1003,9.627091635989189e-19,4.620458677989695,1.25,7.07e-06,10100.0,3.16e-11,4,0.1,0.5459184666769434,0.008348373080708035,0.5186124651538238,0.01602551548963843,0.5029237720165826,0.6796273829652895,0.6387902723974546,0.6787725692503617,0.6380224552293123,0.6708936661597773,0.6309570108565226,0.6270235305569308,0.5920389194112989,0.5657823820346376,0.5383145716928948,0.5459184666769434,0.5186124651538238,0.5526046985861137,0.5257957556169506,0.6664548362966951,0.64175849308676,0.8281006765498361,0.7978178163773826,0.9633221360489077,0.934671007975691,7.969646943405212,0.21090675105485235,0.5736407405901451,5.775573347487119,3.254342618629908e+18,5.855267780293005e+17,0.6780680618073698,0.12199914208227769,0.15431650245199252,0.10317995276889362,0.10124277912597139,0.07720542846702319,0.3755779923051543,0.0,0.0,0.04441559902245701,0.07498104816717542,0.012375792975687739,3.588909341786139,78.62798293534193,14.146878465567374,21,0.001,25,0.6650722026824951,0.4881953705076235
case,S1,3,35,1,GLUF,hyb,sample,500,10,1003,2.5418408603219925e-19,1.2108437423051266,1.25,7.07e-06,10100.0,3.16e-11,4,0.1,0.6126912609795807,0.018402969882630328,0.5851961040973374,0.0172665954104304,0.5954874549175662,0.7681555476012876,0.7363845607052428,0.7648152101731314,0.7329183955522981,0.7387134813269329,0.705754219914117,0.6634879929886968,0.6277658373638991,0.6197035278484935,0.5881394626160044,0.6126912609795807,0.5851961040973374,0.624647641470438,0.5996625144344694,0.7134266316197586,0.6887220475301546,0.850341978905049,0.8198721608892667,0.97812846694402,0.9493983891187142,7.910225103887665,0.21090675105485235,0.5736407405901451,1.5135546778814082,3.254342618629908e+18,5.855267780293005e+17,0.6831617286779736,0.12291560316232061,0.5883757553200001,0.3925328772120922,0.10221579197345486,0.07614834326924722,0.3387176245158704,0.0,0.0,0.0174609369907255,0.07577931224821574,0.012462083744249354,1.4011249923419007,78.62798293534193,14.146878465567374,21,0.001,25,0.5668489933013916,0.4881953705076235
case,S1,3,36,1,GLUF,hyb,sample,500,10,1003,1.3826093432155109e-17,2.5809263717272617,1.25,7.07e-06,10100.0,3.16e-11,3,1.0,0.6190414844633841,0.011297491571030329,0.6539523028827526,0.02237051016136914,0.501110134694513,0.6952063153556214,0.7410937338558361,0.6951522855071627,0.7410520876319815,0.6946180638196113,0.7406407262567984,0.6898173388317043,0.7369785588659512,0.6664832229252962,0.7200752578927267,0.6385721972014715,0.6986108925017218,0.6190414844633841,0.6539523028827526,0.6747605239043037,0.6500557529972137,0.8527826858245173,0.8114911353435342,0.9042802985152101,0.8661239904984879,0.30997396992740706,0.21090675105485235,0.5736407405901451,3.2261579646590772,3.254342618629908e+18,5.855267780293005e+17,17.43360275531961,3.1366830254223723,0.07493110334341632,0.01681528171086519,0.661056953773242,0.1677534276334438,0.9454831039826994,0.26888,0.05572,0.11520304786422739,0.163260617122934,0.019547021227485965,5.893637016275149,78.62798293534193,14.146878465567374,21,0.001,25,0.965817928314209,0.4881953705076235
case,S1,3,37,1,GLUF,hyb,sample,500,10,1003,5.419083295914435e-19,1.4422694580824265,1.25,7.07e-06,10100.0,3.16e-11,4,0.1,0.568241276737419,0.01430250056303652,0.5331039939193427,0.013619705917520264,0.5354817037753067,0.7040150878156883,0.6463819261064405,0.7024152073684167,0.6449949549892334,0.6885606467423705,0.6330741428853244,0.6308798332852179,0.5854211111427223,0.5801868689479298,0.5440811041293909,0.568241276737419,0.5331039939193427,0.5727882612608176,0.5395551181430065,0.6347330492187118,0.603853013689859,0.8111455510351465,0.7752596941838521,0.9085385394853983,0.8720966911890361,4.4194647872327835,0.21090675105485235,0.5736407405901451,1.8028368226030331,3.254342618629908e+18,5.855267780293005e+17,1.2227641391815351,0.2200017732017897,0.454656200453113,0.24954576195125702,0.16303063026407774,0.1109746927463507,0.4887791866131296,0.0,0.0,0.03153774026170332,0.11021275684744988,0.015203585323729459,2.074362039622314,78.62798293534193,14.146878465567374,21,0.001,25,0.5910727977752686,0.4881953705076235
case,S1,3,38,1,GLUF,hyb,sample,500,10,1003,6.688120599797444e-20,0.2854847791484238,1.25,7.07e-06,10100.0,3.16e-11,4,0.1,0.6789815127293201,0.01710876315626186,0.6664494161078519,0.015057008274972743,0.6702863211983976,0.8406310262502978,0.8424021854740651,0.8291501455709523,0.8307724451939862,0.7715435538918156,0.7705641493632813,0.7026146789550013,0.692109293188788,0.6805580564995707,0.6672409176165497,0.6789815127293201,0.6664494161078519,0.6957316628733136,0.6824069104752352,0.7762141604942238,0.7590598083360485,0.9053967805964744,0.8763740413189172,1.0104521618731561,0.9801337316732079,7.088069387890711,0.21090675105485235,0.5736407405901451,0.35685597393552976,3.254342618629908e+18,5.855267780293005e+17,0.7624026741944647,0.1371727668827773,2.4642262408133204,1.590017431045742,0.11220339494688222,0.08041881097854366,0.33942750954904305,0.0,0.0,0.007002010787910182,0.08035113462527875,0.013017852179978945,0.5378775769691915,78.62798293534193,14.146878465567374,21,0.001,25,0.561621904373169,0.4881953705076235
case,S1,3,39,1,GLUF,hyb,sample,500,10,1003,7.662571347363342e-20,0.2312392228903054,1.25,7.07e-06,10100.0,3.16e-11,2,0.01,0.6961464048576063,0.018134984709445256,0.6717347705982435,0.017669519155749967,0.6784658524657153,0.7555164671825852,0.7322631331500873,0.7529357783019222,0.7296900941040219,0.7359824594259168,0.7127366743677223,0.7061853359868858,0.6822790528425804,0.6961464048576063,0.6717347705982435,0.6993881922410237,0.676226204953815,0.73568455592112,0.7116734627272628,0.8500519576974769,0.8216565466576385,0.9065038116301338,0.8758742275348945,1.0034184587850727,0.9744073521567014,5.0111345926247,0.21090675105485235,0.5736407405901451,0.28904902861288173,3.254342618629908e+18,5.855267780293005e+17,1.078391122073883,0.19402593800315845,2.897441823107173,1.6645667188921625,0.14853152828394156,0.1002735718303919,0.4189938358923998,0.0,0.0,0.008213102199486401,0.10019965033943022,0.014683258562181407,0.5593514658006695,78.62798293534193,14.146878465567374,21,0.001,25,0.5490689277648926,0.4881953705076235
case,S1,3,40,1,GLUF,hyb,sample,500,10,1003,1.1930799784672762e-18,1.7239374386591686,1.25,7.07e-06,10100.0,3.16e-11,3,0.1,0.5549610357998425,0.015676112030693936,0.509409283504349,0.014115583202122917,0.5133181266272933,0.6238193262403875,0.5744280345653789,0.6235434045402097,0.5741576152270281,0.6209232529069949,0.571592780658411,0.60354091125689,0.5547387762818364,0.5696384838068098,0.5227982274426798,0.5549610357998425,0.509409283504349,0.5590816494841002,0.5148884065491287,0.6307059087116762,0.5914213950725618,0.7962686537476746,0.7551366206624731,0.8653201277213214,0.8259110441500411,2.399391086869776,0.21090675105485235,0.5736407405901451,2.1549217983239606,3.254342618629908e+18,5.855267780293005e+17,2.252222693405835,0.4052236815893667,0.3302349432784064,0.14268824940064767,0.2515314008588289,0.14895454040099404,0.6532835369530603,0.0,0.0,0.05396034591575081,0.14747862204765208,0.017874120730877175,3.018909110451258,78.62798293534193,14.146878465567374,21,0.001,25,0.665640115737915,0.4881953705076235
case,S1,3,41,1,GLUF,hyb,sample,500,10,1003,1.0369277570615679e-19,2.366434873347109,1.25,7.07e-06,10100.0,3.16e-11,3,0.01,0.7304521726755687,0.010799904788151788,0.7152665587847657,0.014527752392121248,0.6761270454473634,0.8469369636475973,0.8268786159883856,0.843198799030213,0.8233277797770526,0.8171030570980801,0.7985480309128786,0.759513352972879,0.7438547403937243,0.7304521726755687,0.7152665587847657,0.7329227234559004,0.7117945395857568,0.7839714775314719,0.7577678541838702,0.8485794900303055,0.8274992866813371,0.9543566204160037,0.9454639952237185,1.2015741273338647,1.1834590547601889,37.89615554559939,0.21090675105485235,0.5736407405901451,2.958043591683886,3.254342618629908e+18,5.855267780293005e+17,0.14259924201813456,0.02565669461178332,0.32960471159155996,0.295870386210272,0.024555943799205757,0.020673722793942854,0.1000458866051337,0.0,0.0,0.00737558045039614,0.020410345819318616,0.006356340638038065,1.1603500929856823,78.62798293534193,14.146878465567374,21,0.001,25,0.5471758842468262,0.4881953705076235
case,S1,3,42,1,GLUF,hyb,sample,500,10,1003,4.73413250332069e-19,0.2767293056916066,1.25,7.07e-06,10100.0,3.16e-11,3,0.1,0.6132135283378923,0.01564111609912474,0.5576709565682784,0.015220842152155158,0.5753406156375147,0.6872916366542438,0.6392691198062339,0.6862356027023278,0.6380860072022858,0.6772709097308364,0.6280524001633813,0.6432232544299825,0.590398138958011,0.617354491881503,0.5620251895037806,0.6132135283378923,0.5576709565682784,0.6216627477158084,0.5700957064483759,0.6738051477552742,0.6300769957937794,0.8294570071504808,0.7867108634799952,0.8950059410258329,0.8531979292607101,0.9706526439859531,0.21090675105485235,0.5736407405901451,0.34591163211450826,3.254342618629908e+18,5.855267780293005e+17,5.56735006048364,1.0016869534310497,1.4442376916181618,0.4401945561513977,0.4257172146570307,0.18384423296183072,0.8028709437500774,0.00124,0.0,0.020602492835108507,0.18364249470499616,0.020425296397752223,1.008675342276834,78.62798293534193,14.146878465567374,21,0.001,25,0.573004961013794,0.4881953705076235
case,S1,3,43,1,GLUF,hyb,sample,500,10,1003,2.849619110933959e-19,0.406084695866497,1.25,7.07e-06,10100.0,3.16e-11,2,0.1,0.6454640080929657,0.007971337215496746,0.6039148367293523,0.017360270579761323,0.6216600301427929,0.6951100021377961,0.6511615286147374,0.6943625301401928,0.6504001008880298,0.6879515638973003,0.6438710635213344,0.6632254223859532,0.6188715739845428,0.6457344857041251,0.6020523471229239,0.6454640080929657,0.6039148367293523,0.6674391069964184,0.6301205816937766,0.7635507055249098,0.7267140462073951,0.8539950841251145,0.8132014717276232,0.903767597141323,0.8662808457859328,2.366349592057307,0.21090675105485235,0.5736407405901451,0.5076058698331212,3.254342618629908e+18,5.855267780293005e+17,2.283670626834807,0.4108818464767805,1.3963127991308224,0.5999482299464999,0.2546172243196464,0.14866657723661933,0.6212098804223694,0.0,0.0,0.017710578843512025,0.14847256640617904,0.017965066717122564,0.985834292874182,78.62798293534193,14.146878465567374,21,0.001,25,0.5822598934173584,0.4881953705076235
case,S1,3,44,1,GLUF,hyb,sample,500,10,1003,1.752493565579412e-19,0.3952845794375577,1.25,7.07e-06,10100.0,3.16e-11,2,0.01,0.6644114896064316,0.01665433653404152,0.6280427594379804,0.016661453906034466,0.6394163472054971,0.7108345477863727,0.6833586237503226,0.7098189623481537,0.6821731278690427,0.7016643980879319,0.6725529530223687,0.6772734012415914,0.642645021590516,0.6644114896064316,0.6280427594379804,0.6651693011351696,0.6320510527029362,0.6909258961313048,0.6619903345280576,0.7920648704343447,0.7610141412530443,0.8639187234579138,0.8301602947012743,0.9405330572606546,0.9087266411795486,3.7454373568009833,0.21090675105485235,0.5736407405901451,0.4941057242969471,3.254342618629908e+18,5.855267780293005e+17,1.4428122917050685,0.2595932055914895,1.6067555376698492,0.8284952409842352,0.184875698907298,0.12031006925400159,0.5037347984500625,0.0,0.0,0.013125633554255771,0.12016832892310081,0.016000254750046305,0.8203390358030259,78.62798293534193,14.146878465567374,21,0.001,25,0.555483341217041,0.4881953705076235
case,S1,3,45,1,GLUF,hyb,sample,500,10,1003,2.3450767241336844e-18,7.3115067414847426,1.25,7.07e-06,10100.0,3.16e-11,4,0.1,0.5079639058856933,0.007014705499257755,0.4711684375177656,0.011096105043756875,0.44743530339293675,0.6115582833783543,0.5667242661308876,0.6112788608289831,0.5664552160378062,0.608575692074245,0.5638542422944833,0.5882188991341282,0.5443687125997234,0.5360307594439827,0.49521574010917,0.5079639058856933,0.4711684375177656,0.5083300985530882,0.4763515753901218,0.5986263517480008,0.5705360734020765,0.8009075899887517,0.76684995345969,0.9066138578527431,0.8729873931910388,5.1772474901116485,0.21090675105485235,0.5736407405901451,9.139383426855929,3.254342618629908e+18,5.855267780293005e+17,1.043790753006336,0.18780058161235688,0.09211695395083164,0.053536092830544925,0.14340874275417023,0.10323466640996902,0.49781153925297217,0.0,0.0,0.07127493751982479,0.09938236514829137,0.014369013333788358,4.960322317484642,78.62798293534193,14.146878465567374,21,0.001,25,0.812777042388916,0.4881953705076235
case,S1,3,46,1,GLUF,hyb,sample,500,10,1003,1.3227499343010257e-17,0.5509263236377331,1.25,7.07e-06,10100.0,3.16e-11,3,1.0,0.7747990906952149,0.006650608895221911,0.8515460001247304,0.017392152774717628,0.7107825683737528,0.985803885918845,1.400435377736311,0.9856030864715544,1.4003149061000275,0.9836683247618627,1.3991537357672268,0.9695085521526181,1.3905695135561356,0.9319203475867253,1.360576283040404,0.8566668760690754,1.2084068378020276,0.7747990906952149,0.8515460001247304,0.8897886887827606,0.8542827601613459,0.9569138386020665,0.931448599920474,0.967877237677311,0.9452306864622007,0.06916157467196092,0.21090675105485235,0.5736407405901451,0.6886579045471664,3.254342618629908e+18,5.855267780293005e+17,78.13533861591851,14.058241073974024,0.09643223168868668,0.018349574507001136,0.8833697183148508,0.08617223884430332,0.9872782924851932,0.89428,0.47024,0.0427899498264101,0.08490002489665237,0.013227839861454652,3.234840327262968,78.62798293534193,14.146878465567374,21,0.001,25,0.7147367000579834,0.4881953705076235
case,S1,3,47,1,GLUF,hyb,sample,500,10,1003,4.105804790387044e-18,0.22099239879103488,1.25,7.07e-06,10100.0,3.16e-11,2,1.0,0.8454906004897669,0.006131229793427913,0.8795760747901327,0.012393321965413446,0.7601276723675683,0.9166093504421665,1.035975113185382,0.9162928613235112,1.0357526899598701,0.9133576105465359,1.0336968421921182,0.8966590184941821,1.0223363948385147,0.8747139011601928,1.009714599659233,0.8672710068075837,0.9950309719510564,0.8454906004897669,0.8795760747901327,0.9024804580170759,0.8617360502973328,0.9508035374528312,0.9226607774334958,0.9605135527485773,0.9357817955649903,0.08937748638224535,0.21090675105485235,0.5736407405901451,0.2762404984887936,3.254342618629908e+18,5.855267780293005e+17,60.462240268118414,10.878467600172138,0.3047559781087041,0.058898504124341014,0.8576883206891535,0.10026689255623794,0.9824969637653139,0.76092,0.40164,0.024193290126715204,0.09991411272738657,0.014405510324624886,1.6794469325643406,78.62798293534193,14.146878465567374,21,0.001,25,0.5837841033935547,0.4881953705076235
case,S1,3,48,1,GLUF,hyb,sample,500,10,1003,3.9719573414736025e-18,0.10891146181608974,1.25,7.07e-06,10100.0,3.16e-11,4,1.0,0.8200063396880086,0.011360056068420166,0.8367100441069224,0.012726840696355492,0.7868025867064337,0.9884806433390683,1.2043295736466626,0.9861861402829636,1.2027699722305902,0.9683220730909656,1.190713536228874,0.9186629523508119,1.1588256974346038,0.8891169315781392,1.1395244895164127,0.8524467331479426,1.0620544682507553,0.8200063396880086,0.8367100441069224,0.9207651697283843,0.8875603951596565,0.9713177713270644,0.9522027579392904,0.979740618609703,0.9630012849230754,0.04553214490000877,0.21090675105485235,0.5736407405901451,0.1361393272701122,3.254342618629908e+18,5.855267780293005e+17,118.68457038584977,21.353926812129938,0.32859622897223756,0.06137312461837381,0.918372195654579,0.06756826989552907,0.9909610979642193,0.96552,0.697,0.013200315505429388,0.0674067045094033,0.011246657476835138,1.173710102989997,78.62798293534193,14.146878465567374,21,0.001,25,0.5953159332275391,0.4881953705076235
case,S1,3,49,1,GLUF,hyb,sample,500,10,1003,7.192055981115116e-19,1.6934008239136502,1.25,7.07e-06,10100.0,3.16e-11,5,0.1,0.5516789671763113,0.011761344864077528,0.5122181246518588,0.010667487331938251,0.5066587549055594,0.7367215966963051,0.7128788124398246,0.734282529964793,0.7103667700334542,0.7134530925357196,0.6888726901947497,0.6318876206505455,0.6036246477848385,0.5660244812266215,0.5300589551521959,0.5516789671763113,0.5122181246518588,0.5532883794776604,0.5154114134416568,0.589125275478011,0.5562124856127004,0.7729998967657166,0.738545853668396,0.9029603211145186,0.8642810266135775,3.909811369484094,0.21090675105485235,0.5736407405901451,2.116751029892063,3.254342618629908e+18,5.855267780293005e+17,1.3821544175715215,0.24867953921837868,0.37833735629119475,0.19831716711479921,0.1786732520579239,0.11888830282320825,0.5261705278523233,0.0,0.0,0.039053061113362444,0.11782953466349362,0.015766876690353954,2.4769053427845216,78.62798293534193,14.146878465567374,21,0.001,25,0.6708271503448486,0.4881953705076235
case,S1,3,50,1,GLUF,hyb,sample,500,10,1003,6.377336997174186e-18,0.1439820090519784,1.25,7.07e-06,10100.0,3.16e-11,1,1.0,0.9122160874530362,0.00307344522992821,0.8786513565584892,0.005447972752555991,0.8815876595463102,1.059364222268586,1.271497840192346,1.0592055809867258,1.2713166440697972,1.0577268181258366,1.2696239643803167,1.0489621072180038,1.2594077847062235,1.0319666669692686,1.234600075774788,0.9784345005976981,1.1092043471726893,0.9122160874530362,0.8786513565584892,0.9639934863735252,0.9390402216635424,0.9779703632465395,0.960914755767407,0.9841900659675569,0.9688269200301332,0.03749021748528091,0.21090675105485235,0.5736407405901451,0.17997751131497297,3.254342618629908e+18,5.855267780293005e+17,144.14328373329545,25.934501184897496,0.2062874563504819,0.0382811356790804,0.9311295630215815,0.05846597667987738,0.9928618655735623,0.96956,0.79084,0.01576718543626671,0.058209736358267296,0.01040435754201555,1.5154405615718838,78.62798293534193,14.146878465567374,21,0.001,25,0.5627870559692383,0.4881953705076235
case,S1,3,51,1,GLUF,hyb,sample,500,10,1003,5.782986699344249e-19,8.713645650360142,1.25,7.07e-06,10100.0,3.16e-11,2,0.01,0.6614546749602714,0.014638025667016018,0.6354515765789529,0.016431018669276796,0.6017822645997005,0.7111888801759635,0.6855366177174871,0.7108649677272952,0.685213865946548,0.7078251243708092,0.6821854531082772,0.6892415486161703,0.6636652494366891,0.6614546749602714,0.6354515765789529,0.6680389380734224,0.6398767204186422,0.7450619752588319,0.7139781573194035,0.8045433996628129,0.7784791719539754,0.9141098985363383,0.9019207415027861,1.1836950323727071,1.1650881684543088,25.020546946049873,0.21090675105485235,0.5736407405901451,10.892057062950178,3.254342618629908e+18,5.855267780293005e+17,0.21598101223990043,0.038859665693582415,0.08837576928117612,0.07550284190847432,0.03634618682174917,0.03111747608555684,0.16677069932388897,0.0,0.0,0.02163674868615876,0.02966537634757614,0.007656831408899114,2.825809728683794,78.62798293534193,14.146878465567374,21,0.001,25,0.6422111988067627,0.4881953705076235
case,S1,3,52,1,GLUF,hyb,sample,500,10,1003,1.1979731625996874e-18,0.8396296770739841,1.25,7.07e-06,10100.0,3.16e-11,3,0.1,0.5791842519633316,0.015615289246182109,0.5235844095494444,0.01811156519474687,0.5278070864252646,0.6507073385887636,0.5948616736017953,0.6503304696662711,0.5944886198825959,0.6468020735469242,0.5909941328062175,0.6254056021574022,0.5697369856553096,0.5908988196905103,0.5351591295992617,0.5791842519633316,0.5235844095494444,0.5844421955824163,0.5324105443631397,0.6366353811140155,0.5918825386044378,0.7962961086134126,0.7520498668614958,0.866005641262217,0.8232794801963002,1.1638306468521513,0.21090675105485235,0.5736407405901451,1.0495370963424802,3.254342618629908e+18,5.855267780293005e+17,4.643255503556352,0.8354223120209676,0.5191181335152634,0.16883889170499963,0.38726732939292213,0.18034559741892126,0.7901570042508065,0.0,0.0,0.044552046042273176,0.17956244444908045,0.0201106803485668,2.2153425577891106,78.62798293534193,14.146878465567374,21,0.001,25,0.6725938320159912,0.4881953705076235
case,S1,3,53,1,GLUF,hyb,sample,500,10,1003,1.2029931657771878e-17,0.47986693555965737,1.25,7.07e-06,10100.0,3.16e-11,3,1.0,0.7817221134808184,0.0069259089443682855,0.8519845839748748,0.01871066960657953,0.7226508044864235,0.9780574622621832,1.40570434499278,0.9778345529362035,1.4054885890081885,0.975701187072643,1.403417679165469,0.9607661156543601,1.3885592114861978,0.9246806691015326,1.3452862065176512,0.8564683932343744,1.1951861310912957,0.7817221134808184,0.8519845839748748,0.8964625474829425,0.8617119820765208,0.9590256409132225,0.934410251211576,0.9691416438335235,0.9471745245403353,0.06623793186946433,0.21090675105485235,0.5736407405901451,0.5998336694495717,3.254342618629908e+18,5.855267780293005e+17,81.58411507855405,14.678750715076417,0.10633046308265456,0.020187039874506173,0.8875655864279004,0.08391084120444371,0.9877808922923994,0.91592,0.48856,0.03918715867099371,0.08281921925784229,0.013017740748638394,3.0102887611348796,78.62798293534193,14.146878465567374,21,0.001,25,0.7079770565032959,0.4881953705076235
case,S1,3,54,1,GLUF,hyb,sample,500,10,1003,1.9711980538015465e-19,5.50481215096583,1.25,7.07e-06,10100.0,3.16e-11,5,0.1,0.6428758001419805,0.00899702986976367,0.6203152069699847,0.019300908812094394,0.6134487908052677,0.881819492570577,0.8603082493184413,0.8731376521257497,0.8514825607704083,0.8151025630975692,0.7919882889195577,0.6995219765643336,0.6717648780996084,0.6488478550271497,0.621526955147454,0.6428758001419805,0.6203152069699847,0.7183350882852808,0.6979170364662963,0.853072632842113,0.8344306849466765,0.9565916718563855,0.9474732087091432,1.1995440361165568,1.1813927658680687,46.37258857121587,0.21090675105485235,0.5736407405901451,6.881015188707288,3.254342618629908e+18,5.855267780293005e+17,0.11653356482148418,0.020966914286031403,0.14234290178708026,0.13015944866047127,0.020211788422610767,0.017522564865343676,0.092033314575356,0.0,0.0,0.010349699588937248,0.016905277300127624,0.0057646912092424556,1.7953606209372859,78.62798293534193,14.146878465567374,21,0.001,25,0.6533281803131104,0.4881953705076235
case,S1,3,55,1,GLUF,hyb,sample,500,10,1003,6.025046689408523e-20,1.880373732652053,1.25,7.07e-06,10100.0,3.16e-11,3,0.01,0.7645999835585393,0.017176118120713735,0.7372783069855415,0.026569253106226102,0.7118714760027525,0.8717036629448582,0.8683030512727106,0.8651817440624194,0.8610560823658492,0.8291378448851001,0.8198387713823413,0.7816502166791788,0.7598674597623015,0.7645999835585393,0.7372783069855415,0.7720780109485761,0.7444488476764836,0.8148592853581172,0.7892192072925812,0.8722466536809262,0.8576095317742611,0.98138082907769,0.9757480484464788,1.2146063170773975,1.1970201453939744,51.824229834520544,0.21090675105485235,0.5736407405901451,2.350467165815066,3.254342618629908e+18,5.855267780293005e+17,0.1042748357951318,0.018761303214706572,0.4176123859320887,0.38527305408026874,0.018162618515174707,0.015370812616939792,0.07330796029243976,0.0,0.0,0.004554364753504466,0.01523426935852469,0.005486486790344853,0.8301058450590385,78.62798293534193,14.146878465567374,21,0.001,25,0.5631842613220215,0.4881953705076235
case,S1,3,56,1,GLUF,hyb,sample,500,10,1003,1.0157071346508912e-17,1.4072003499834704,1.25,7.07e-06,10100.0,3.16e-11,3,1.0,0.6554045388349405,0.009680762097175229,0.7045695880434708,0.018627173575219248,0.5625352891851889,0.7294239287187482,0.7825289162913259,0.7293247037567673,0.7824509747557638,0.7283504574172883,0.7816862100458066,0.7201037785824616,0.7752514777482629,0.6887466943068051,0.7516042729451058,0.6644820552794387,0.7352491277896591,0.6554045388349405,0.7045695880434708,0.7223265415009295,0.6966053510823875,0.8791295980386156,0.8397940788951482,0.9199163533293009,0.8843987517958745,0.23005757041289404,0.21090675105485235,0.5736407405901451,1.759000437479338,3.254342618629908e+18,5.855267780293005e+17,23.489611954542855,4.226290350059216,0.10877786208191305,0.02321411592613316,0.7181891422995214,0.15203860962799257,0.9586908919592113,0.35468,0.12348,0.0871308420783418,0.14918950591431443,0.018597067962604685,4.685192432137478,78.62798293534193,14.146878465567374,21,0.001,25,0.8873109817504883,0.4881953705076235
case,S1,3,57,1,GLUF,hyb,sample,500,10,1003,6.130215921405383e-20,0.37545743902369993,1.25,7.07e-06,10100.0,3.16e-11,5,0.1,0.6861141215419571,0.01276146293116127,0.6643532394116527,0.014655303092915795,0.6774226565487572,0.9657050435339641,0.9393982570964627,0.9372111446146141,0.9100787870251021,0.8231112268361762,0.7935127979301879,0.7228314611286547,0.6914388391646235,0.6933050181523546,0.6649668474669986,0.6861141215419571,0.6643532394116527,0.6986516184024871,0.6793269143906021,0.7714478487789342,0.7511850510353125,0.9054063824856428,0.8793802913013353,1.0401092196435502,1.01267421704731,10.170306454996195,0.21090675105485235,0.5736407405901451,0.46932179877962493,3.254342618629908e+18,5.855267780293005e+17,0.5313471211626163,0.09560086454587041,1.944808783056866,1.3914116235617608,0.08249300363284533,0.06221129027769375,0.2668777328035329,0.0,0.0,0.006039517446762629,0.06214669452273083,0.011334917749577714,0.5328241086696578,78.62798293534193,14.146878465567374,21,0.001,25,0.5838310718536377,0.4881953705076235
case,S1,3,58,1,GLUF,hyb,sample,500,10,1003,1.1310271081986564e-17,0.326460828095019,1.25,7.07e-06,10100.0,3.16e-11,3,1.0,0.8212439354203273,0.007406059066692697,0.8415963327154674,0.013945871997970979,0.780277101934834,1.020922479318965,1.4300110071631837,1.0204674940346428,1.429596539932446,1.0161791696124671,1.4256635645466802,0.9889215808997515,1.39932958643589,0.9357673666352309,1.331706440332345,0.8628734177328777,1.1481622353549261,0.8212439354203273,0.8415963327154674,0.9303752996524995,0.8984517873051129,0.9709808832571382,0.9502808975097075,0.9774836904706292,0.9588315056739198,0.04792997046879697,0.21090675105485235,0.5736407405901451,0.4080760351187737,3.254342618629908e+18,5.855267780293005e+17,112.74705582641347,20.28563924167356,0.1151256809016213,0.021543623202552348,0.9144613514589246,0.06843328173876892,0.9911134119116001,0.96656,0.65256,0.02873042838614178,0.06770892303559763,0.011510413403952533,2.49603792477828,78.62798293534193,14.146878465567374,21,0.001,25,0.6768488883972168,0.4881953705076235
case,S1,3,59,1,GLUF,hyb,sample,500,10,1003,1.2060049224453687e-17,0.2746334870957404,1.25,7.07e-06,10100.0,3.16e-11,3,1.0,0.8473490126963125,0.003757498350269145,0.8372679629510748,0.007744211093977209,0.8191463031767121,1.0464393023878997,1.4886422168045663,1.0460364106233808,1.4883164106881341,1.0422916680723935,1.4852722347691663,1.020427787761042,1.466550108992203,0.9774584614769795,1.4089961277128857,0.8747983948220192,1.1434775855782564,0.8473490126963125,0.8372679629510748,0.948375065559615,0.9202855062529025,0.9773668560826966,0.959438880350888,0.982191148187549,0.965881067784834,0.037814077371422984,0.21090675105485235,0.5736407405901451,0.3432918588696755,3.254342618629908e+18,5.855267780293005e+17,142.908763927365,25.712384312432434,0.10904954086457568,0.020241805746723775,0.9303731053315628,0.05823369270813429,0.9929868336856323,0.9708,0.78488,0.024236187319283183,0.05762185511773553,0.010464341267557941,2.3160738645270857,78.62798293534193,14.146878465567374,21,0.001,25,0.627065896987915,0.4881953705076235
case,S1,3,60,1,GLUF,hyb,sample,500,10,1003,1.7578337499736426e-19,4.584381885631959,1.25,7.07e-06,10100.0,3.16e-11,2,0.01,0.7437383221112932,0.01316001964033994,0.7138300355032754,0.01786543264561223,0.6879962531621232,0.8107966708593114,0.775321577748145,0.8096069397873704,0.7741947377068332,0.7998335812900341,0.7648653136872432,0.7667039676016342,0.7326341080272819,0.7437383221112932,0.7138300355032754,0.7521103043567607,0.7243598231138286,0.7925399897624812,0.7637293103542573,0.8478080130885448,0.8303119521970302,0.9755719160541177,0.9689435631421528,1.2138887465073174,1.1960538447755358,43.306400392244825,0.21090675105485235,0.5736407405901451,5.730477357039949,3.254342618629908e+18,5.855267780293005e+17,0.12478439693111797,0.022451417827102464,0.17067366624129954,0.15514576172134892,0.02159237637522178,0.01857519252616336,0.09579786713102455,0.0,0.0,0.010089793938913214,0.018024069772501608,0.00595803278799271,1.6934774107398818,78.62798293534193,14.146878465567374,21,0.001,25,0.5784668922424316,0.4881953705076235
case,S1,3,61,1,GLUF,hyb,sample,500,10,1003,2.0434731813884536e-19,1.1271852784465606,1.25,7.07e-06,10100.0,3.16e-11,4,0.1,0.6349484573956058,0.007223341280333121,0.6014646326460409,0.014674648618567114,0.6063080832151665,0.7865808342568549,0.7390184571521996,0.7823252771413935,0.7347343971775604,0.7515271747421813,0.7037645884275996,0.6807268261466872,0.6337209068406076,0.6445593125208506,0.6034335257245901,0.6349484573956058,0.6014646326460409,0.64491659766936,0.6165195338702274,0.735891063747738,0.7079322766304952,0.8585489085095187,0.8281452104848954,1.002159292063546,0.9728838160678508,9.159577957034795,0.21090675105485235,0.5736407405901451,1.4089815980582008,3.254342618629908e+18,5.855267780293005e+17,0.5899794817569533,0.10615009712836587,0.6416240247141451,0.44637838752056014,0.09025006341288508,0.0683884409754698,0.304464069283768,0.0,0.0,0.014589029388774405,0.06809647026058142,0.01178711301871049,1.237710147142582,78.62798293534193,14.146878465567374,21,0.001,25,0.5804619789123535,0.4881953705076235
case,S1,3,62,1,GLUF,hyb,sample,500,10,1003,1.2239142687560529e-17,4.417892613691799,1.25,7.07e-06,10100.0,3.16e-11,2,1.0,0.6175639167232878,0.008613460693531548,0.6245212380265567,0.015673355001091006,0.5123667881500962,0.6539554876224978,0.6503339011995196,0.6539348853605332,0.6503188855015073,0.653730190212775,0.6501697721781223,0.6518073169285398,0.6487759135720229,0.6399352329528256,0.6404938929940552,0.6206500015823279,0.6296474354267443,0.6175639167232878,0.6245212380265567,0.704129991086678,0.6700033270925744,0.828607997003853,0.7834805037096594,0.8668327249910659,0.8270853551341826,0.5993951918764838,0.21090675105485235,0.5736407405901451,5.522365767114748,3.254342618629908e+18,5.855267780293005e+17,9.015693034316806,1.6221186005016213,0.06905935224718238,0.018079808501068176,0.5238763985389577,0.18775842300788265,0.8995875237249009,0.08748,0.0,0.1364302702057977,0.182192155593358,0.020593640396864257,6.624873872546187,78.62798293534193,14.146878465567374,21,0.001,25,1.1180510520935059,0.4881953705076235
case,S1,3,63,1,GLUF,hyb,sample,500,10,1003,1.9335621737560906e-18,0.8274529595189911,1.25,7.07e-06,10100.0,3.16e-11,3,0.1,0.5956139924239815,0.014731836019172806,0.5388117571213111,0.01764843685200663,0.5251752725764474,0.6598871237261682,0.5953720272763026,0.6596142218872192,0.5950934763138699,0.6570248413058966,0.592457005410574,0.6400002246824414,0.5754825361531701,0.6083288969588408,0.5467045616856769,0.5956139924239815,0.5388117571213111,0.5995147322302576,0.5486065324701983,0.6474637966022907,0.6023213614625474,0.8040666379479534,0.759539952292014,0.8728219605032145,0.8306634833570798,0.7106148352399606,0.21090675105485235,0.5736407405901451,1.0343161993987389,3.254342618629908e+18,5.855267780293005e+17,7.604630227539494,1.368237815448589,0.40824545818951596,0.11236070656182187,0.4911517371301692,0.18618587117293997,0.8669580022490818,0.04628,0.0,0.053158570265542965,0.18519691677020628,0.020663298193619645,2.5726081948503805,78.62798293534193,14.146878465567374,21,0.001,25,0.7304730415344238,0.4881953705076235
case,S1,3,64,1,GLUF,hyb,sample,500,10,1003,5.3537770149413395e-18,3.7071772989926393,1.25,7.07e-06,10100.0,3.16e-11,2,0.1,0.5771619401557677,0.00952095898321291,0.5380937565153541,0.014979981049005713,0.48393652744002297,0.6090621334337759,0.5669393840847048,0.6090307711410748,0.5669085118220183,0.6087205093983645,0.5666032362048181,0.6059187594221865,0.5638583659305578,0.5919817691880016,0.5505973951449756,0.5771619401557677,0.5380937565153541,0.5833313499022681,0.5470881100245533,0.6778214938572346,0.6375852403519069,0.803680776001847,0.7594680187140647,0.8472644599333401,0.8079297231640507,1.1498261352195573,0.21090675105485235,0.5736407405901451,4.633971623740799,3.254342618629908e+18,5.855267780293005e+17,4.699808858642723,0.8455974864481799,0.11692560881947762,0.037860499376471755,0.3871861580438071,0.18225608275328925,0.8198958739614092,0.00436,0.0,0.11500681757686804,0.17787247905608294,0.020070733363404775,5.730075503198176,78.62798293534193,14.146878465567374,21,0.001,25,0.9761900901794434,0.4881953705076235
case,S1,3,65,1,GLUF,hyb,sample,500,10,1003,8.955108913811743e-18,5.034837365321354,1.25,7.07e-06,10100.0,3.16e-11,2,0.1,0.580543238540075,0.011888483707412347,0.5520880539737643,0.021982972035143353,0.4649391022754504,0.6146204945664028,0.5811241949344372,0.614598380284795,0.5811028554449628,0.6143787549691422,0.5808909919399938,0.6123234986900054,0.578914475826249,0.5998740397906215,0.5672476058961858,0.580543238540075,0.5520880539737643,0.5827696319628883,0.5582611286385215,0.678927401469039,0.6402830227891034,0.8089005368640722,0.7641954385402021,0.8507846742813188,0.8111620989131794,0.933606081450112,0.21090675105485235,0.5736407405901451,6.293546706651693,3.254342618629908e+18,5.855267780293005e+17,5.78826891081318,1.041435043229244,0.07783393275313846,0.02340698637048708,0.42957311061264375,0.18725985882750276,0.8511883758100016,0.0158,0.0,0.13337676600481138,0.1817903840236752,0.02039000380101946,6.541282056952967,78.62798293534193,14.146878465567374,21,0.001,25,1.0854318141937256,0.4881953705076235
case,S1,3,66,1,GLUF,hyb,sample,500,10,1003,4.486929258869535e-18,1.460907196806403,1.25,7.07e-06,10100.0,3.16e-11,2,0.1,0.6429440099987997,0.011993644853957125,0.628480486156515,0.022389350326581733,0.5423434643401986,0.6830908691912405,0.6650762049072229,0.6830250189486239,0.6650074823545984,0.6823781823790275,0.664332721486964,0.6768875531431999,0.6586295607068504,0.6562599247153811,0.6380022830424503,0.6429440099987997,0.628480486156515,0.6526727720098997,0.6391219389059031,0.726644361317593,0.6900922796862801,0.8366122398085972,0.7915749629178515,0.8741473035049918,0.8344567530261218,0.5406578383238558,0.21090675105485235,0.5736407405901451,1.8261339960080036,3.254342618629908e+18,5.855267780293005e+17,9.9951626946853,1.7983464233282371,0.1956887599422073,0.049804169040127806,0.5485691715406296,0.1834802752434259,0.9044184969232946,0.11212,0.001,0.08509823900344418,0.1811602490139031,0.020573395820152572,4.136324394249325,78.62798293534193,14.146878465567374,21,0.001,25,0.8028860092163086,0.4881953705076235
case,S1,3,67,1,GLUF,hyb,sample,500,10,1003,6.473683318462913e-20,0.5271415158850159,1.25,7.07e-06,10100.0,3.16e-11,3,0.01,0.7227431828145323,0.017453008226619812,0.6967508926366807,0.016704244779105013,0.6819733395905108,0.8340748092624356,0.815222347914547,0.8282306173557197,0.8085686129157719,0.7947426022275139,0.7704772480620493,0.7438966506991325,0.7143577135738282,0.7227431828145323,0.6967508926366807,0.7240226958600148,0.7012149110595701,0.7565134418641352,0.7328555312219812,0.8441323305239455,0.8165476614364715,0.9011902476636349,0.8763587437387542,1.1028248713587365,1.079804683552819,13.521499863298056,0.21090675105485235,0.5736407405901451,0.6589268948562699,3.254342618629908e+18,5.855267780293005e+17,0.3996570728719225,0.07190697035269056,1.4158122668700452,1.0842791902268458,0.06412324497383456,0.050022647526435884,0.21805436453976138,0.0,0.0,0.005866836464815693,0.049950201124306724,0.010083799792217914,0.5818081066368824,78.62798293534193,14.146878465567374,21,0.001,25,0.5776510238647461,0.4881953705076235
case,S1,3,68,1,GLUF,hyb,sample,500,10,1003,1.5260953147978278e-17,2.3897259128591117,1.25,7.07e-06,10100.0,3.16e-11,4,1.0,0.6067083468677243,0.011247654914306262,0.6217375717330811,0.026115806165429873,0.47609894755191196,0.7168482551736626,0.7604628845101724,0.716729049587663,0.7603576517624624,0.7155562279719491,0.759322782958211,0.7054609239532422,0.7504532059292797,0.6648073622034774,0.7155243801710542,0.6276076068487566,0.6792828692158468,0.6067083468677243,0.6217375717330811,0.6330064056046638,0.6041325439940116,0.8354301267516366,0.7969365324344388,0.9149131804968145,0.8777793748139654,0.2600252552813805,0.21090675105485235,0.5736407405901451,2.9871573910738896,3.254342618629908e+18,5.855267780293005e+17,20.78245457486821,3.7392140572727857,0.07063754046823913,0.01536862724114183,0.6945955336874715,0.1596727785257224,0.9539094078838908,0.31944,0.09324,0.11009590644209048,0.1553246875451389,0.019018527076123722,5.788876604451,78.62798293534193,14.146878465567374,21,0.001,25,1.0874271392822266,0.4881953705076235
case,S1,3,69,1,GLUF,hyb,sample,500,10,1003,2.786489540877551e-19,0.1195751209993572,1.25,7.07e-06,10100.0,3.16e-11,5,0.1,0.638195619253691,0.012952955851481615,0.5679553071761546,0.02218902915739729,0.5767888957306979,0.8338282469860789,0.7832012584117404,0.825438797583183,0.7745503285214005,0.7735799769230817,0.7204989234646059,0.683959503076279,0.6207224362462312,0.6459707648733679,0.5764948071234638,0.638195619253691,0.5679553071761546,0.6457288074214849,0.5738785614452013,0.6706231044867127,0.6076703034907742,0.7934727907495157,0.751918374182439,0.931753406879037,0.888492759565221,0.7125781632000674,0.21090675105485235,0.5736407405901451,0.1494689012491965,3.254342618629908e+18,5.855267780293005e+17,7.583677602377712,1.364467984014123,2.8295392337145784,0.7794275644482175,0.4934143138792811,0.18469107590341954,0.8415238949770352,0.04048,0.0,0.014205766501247876,0.18457861245161516,0.020687309212114334,0.6866899100115488,78.62798293534193,14.146878465567374,21,0.001,25,0.6879222393035889,0.4881953705076235
case,S1,3,70,1,GLUF,hyb,sample,500,10,1003,6.770719453266474e-20,0.8002937196058912,1.25,7.07e-06,10100.0,3.16e-11,3,0.01,0.7341788861863605,0.012787628727338385,0.7140719967373912,0.024268931162763248,0.7022516682885287,0.8480706530114117,0.843110740203624,0.8409845669473913,0.8353397798925306,0.8015480934405808,0.7920293285536871,0.7507541483219333,0.7348814578253486,0.7341788861863605,0.7140719967373912,0.7370059212593868,0.7148713109838383,0.7713789113050837,0.746959073877102,0.8455033097527757,0.8195686049567978,0.907342396421579,0.8881227856746717,1.1489651319873153,1.1279075154920997,19.627441305049636,0.21090675105485235,0.5736407405901451,1.000367149507364,3.254342618629908e+18,5.855267780293005e+17,0.2753269247995917,0.04953728174155525,0.9524511445493173,0.7838248889781798,0.045662367498002725,0.03678853554376271,0.1642716108613954,0.0,0.0,0.005696007284579325,0.03669915272989414,0.008586695712160844,0.6633526417516341,78.62798293534193,14.146878465567374,21,0.001,25,0.5607089996337891,0.4881953705076235
case,S1,3,71,1,GLUF,hyb,sample,500,10,1003,3.576325051729848e-18,0.11605537437873681,1.25,7.07e-06,10100.0,3.16e-11,4,1.0,0.8049080563069726,0.008425561645535717,0.8378014769953568,0.01685970932775337,0.7587267920142879,0.9627303169140646,1.216783299041704,0.9607053384424054,1.2149826257036818,0.944656770802289,1.2003134605722257,0.8970775063585499,1.1499056606221028,0.8657748026328166,1.1043004772923948,0.8385946483720994,1.0384411870304215,0.8049080563069726,0.8378014769953568,0.9031260775437688,0.867612719306684,0.965286733117958,0.9447634960683651,0.9760955956611722,0.958292791865286,0.05388617654263956,0.21090675105485235,0.5736407405901451,0.145069217973421,3.254342618629908e+18,5.855267780293005e+17,100.28477436931719,18.04340467586747,0.3619762977035692,0.06805821667831609,0.9057482047014294,0.0754236023902379,0.9891868736598823,0.9624,0.59508,0.014141626753763084,0.07525613378258819,0.012009548550064685,1.1775319192732616,78.62798293534193,14.146878465567374,21,0.001,25,0.6008119583129883,0.4881953705076235
case,S1,3,72,1,GLUF,hyb,sample,500,10,1003,8.479124467488926e-18,0.1007052372724284,1.25,7.07e-06,10100.0,3.16e-11,2,0.1,0.9327230885405777,0.01602801383054536,1.0132960295799711,0.018118539121919103,0.8147363195444187,1.1559454668803641,1.5041516306573732,1.155484648630992,1.503685880123846,1.1513875655215315,1.4994850438807603,1.1308890363549948,1.4757362871484376,1.0754462375599165,1.3753379511504167,0.9327230885405777,1.0132960295799711,0.943002235847157,0.9088142770838467,0.9832975729858097,0.9685162304641839,0.9893431650297542,0.978187450575404,0.9919233665440684,0.9813751921496829,0.019721963205170695,0.21090675105485235,0.5736407405901451,0.1258815465905355,3.254342618629908e+18,5.855267780293005e+17,274.0073592058519,49.299863288415835,0.15793236005319405,0.02888641286703242,0.9614715988902305,0.03587917632384259,0.9962907524783448,0.982,0.96736,0.010630025448793231,0.03568699751920897,0.007890833674972996,1.347135915753491,78.62798293534193,14.146878465567374,21,0.001,25,0.6208269596099854,0.4881953705076235
case,S1,3,73,1,GLUF,hyb,sample,500,10,1003,3.0435171631360926e-18,0.16157969676557288,1.25,7.07e-06,10100.0,3.16e-11,4,1.0,0.7635481860862607,0.011876297679633887,0.8292924643996527,0.016474918222951093,0.6903075989590608,0.9183646827366226,1.0235747944098146,0.9162609799541379,1.0222674989204141,0.898804996449934,1.011530722289218,0.838878655133325,0.9765309683462939,0.7975647106110672,0.9530304847081205,0.7837263935936972,0.9353690255804306,0.7635481860862607,0.8292924643996527,0.8373026875070148,0.7976111564843306,0.9409232700062928,0.912932493291011,0.9634547003439631,0.9392948816062929,0.08815767566260962,0.21090675105485235,0.5736407405901451,0.2019746209569661,3.254342618629908e+18,5.855267780293005e+17,61.29883774256298,11.028989619862001,0.41159875089378445,0.07947366726982874,0.8591716768777818,0.10025167279526659,0.9820836456449904,0.7684,0.40728,0.01900874066950099,0.10002372702857926,0.014331797275329761,1.3263333484504383,78.62798293534193,14.146878465567374,21,0.001,25,0.6318802833557129,0.4881953705076235
case,S1,3,74,1,GLUF,hyb,sample,500,10,1003,2.0031251627330835e-19,0.34474056954165555,1.25,7.07e-06,10100.0,3.16e-11,3,0.1,0.625723974284754,0.020171885495973128,0.5885731963304812,0.013461805839853184,0.6099381873205449,0.7068992853719649,0.6577256053271034,0.7046762543600331,0.6555643403831256,0.6880275770772968,0.6395240106502261,0.6472438201716252,0.6017694815848402,0.628226339900163,0.5870196174695843,0.625723974284754,0.5885731963304812,0.6374611620069289,0.6049750986790314,0.7116302396937104,0.6809003097207892,0.8567169542277824,0.820263347046169,0.9217983600235392,0.8842540777785315,2.857810357604504,0.21090675105485235,0.5736407405901451,0.4309257119270694,3.254342618629908e+18,5.855267780293005e+17,1.8909452972707235,0.34022204699722736,1.7314933753680362,0.8027082346001844,0.22430993210686004,0.13708856238981884,0.5709316191915709,0.0,0.0,0.014258267798089273,0.1369421551802703,0.0172017256200405,0.8288858986029859,78.62798293534193,14.146878465567374,21,0.001,25,0.6168129444122314,0.4881953705076235
case,S1,3,75,1,GLUF,hyb,sample,500,10,1003,1.042748381766391e-19,1.4524151174619344,1.25,7.07e-06,10100.0,3.16e-11,1,0.01,0.7815573571114077,0.0073923230545127104,0.752004465859435,0.01681925658574395,0.7498418170756608,0.8152460959215853,0.779017723581843,0.8144776156810865,0.7783840561930941,0.8083658876571258,0.7733908542955169,0.7904245260443026,0.7592388206676223,0.7815573571114077,0.752004465859435,0.7859135723291234,0.756585075704902,0.8018845425127369,0.7730174631843989,0.8306269216623745,0.8090869458589399,0.9519499385213201,0.9427792483005083,1.2035480774836285,1.1853346814829102,23.129185203950307,0.21090675105485235,0.5736407405901451,1.815518896827418,3.254342618629908e+18,5.855267780293005e+17,0.2336426038596829,0.04203736885759478,0.5285863364325728,0.4464880780762363,0.03920109326609934,0.03207613504134442,0.14842969355216706,0.0,0.0,0.007912890423081851,0.03188329748615276,0.007977691648014996,0.9918771960872581,78.62798293534193,14.146878465567374,21,0.001,25,0.6002340316772461,0.4881953705076235
case,S1,3,76,1,GLUF,hyb,sample,500,10,1003,1.8350057615442718e-19,0.7522894663546617,1.25,7.07e-06,10100.0,3.16e-11,4,0.1,0.6252331288879625,0.017588869515467488,0.6027875622671793,0.014535870237446716,0.6099928912076897,0.7696511760984437,0.7224547096896432,0.7653156567234992,0.7185795281446873,0.7344492715658596,0.6911857628059274,0.6642346348306432,0.6305183944810651,0.6307797797675707,0.6043738087036609,0.6252331288879625,0.6027875622671793,0.6363308540285788,0.6156448384157635,0.7143666590207802,0.6900140083955468,0.855801064721262,0.8246374631122164,0.9673222101555842,0.9358242079692612,6.807641016091394,0.21090675105485235,0.5736407405901451,0.9403618329433271,3.254342618629908e+18,5.855267780293005e+17,0.7938084636705014,0.1428233491595482,0.9305204054549702,0.5928283134796748,0.11584689542562672,0.08424291285563387,0.36496452054360873,0.0,0.0,0.013445482852386701,0.08404037728304559,0.01317288628849837,1.0206937612546116,78.62798293534193,14.146878465567374,21,0.001,25,0.6271591186523438,0.4881953705076235
case,S1,3,77,1,GLUF,hyb,sample,500,10,1003,6.543205387628646e-18,0.44799310076274457,1.25,7.07e-06,10100.0,3.16e-11,3,1.0,0.753790686213944,0.00834969063589412,0.8317349080085972,0.016963697717620328,0.6730011370694257,0.8529050344786511,0.9705244991973316,0.8525848894729924,0.9703086149274253,0.8495370113637095,0.9682571942012524,0.829000123250623,0.954647182041198,0.7886154710247386,0.9303831889288936,0.7712047969389373,0.9208009039060958,0.753790686213944,0.8317349080085972,0.8359179774491992,0.7989653640972675,0.9334931466863143,0.9014779492263891,0.9521558979573731,0.9240049892558085,0.11369199063312468,0.21090675105485235,0.5736407405901451,0.5599913759534307,3.254342618629908e+18,5.855267780293005e+17,47.531607337600185,8.551966452338652,0.18695017357908375,0.03679543877177092,0.8284590656839084,0.1125958675366031,0.9787261218157095,0.63012,0.32624,0.041166912127455824,0.11172039436251079,0.015569375822366187,2.6440952159634747,78.62798293534193,14.146878465567374,21,0.001,25,0.657677173614502,0.4881953705076235
case,S1,3,78,1,GLUF,hyb,sample,500,10,1003,5.498298189937567e-19,3.4431114396709503,1.25,7.07e-06,10100.0,3.16e-11,3,0.1,0.5921454692972047,0.008402841285847888,0.5712161493130398,0.015033426997664844,0.5745178104495231,0.6759888139376177,0.6526182737930831,0.6753206127442615,0.6519866580264152,0.6692112800592861,0.646220960883468,0.6371271024167899,0.6161002459656061,0.6000686298455018,0.5804039083684841,0.5921454692972047,0.5712161493130398,0.6224148594689141,0.598376000216408,0.7567387962829446,0.7275264986917399,0.8388195443262336,0.8109897900807199,1.0310122561858337,1.0067863782220852,10.398528527736545,0.21090675105485235,0.5736407405901451,4.303889299588688,3.254342618629908e+18,5.855267780293005e+17,0.5196853614229672,0.09350266118909438,0.21248049205027755,0.152892164000439,0.08073122410226309,0.06308747935441088,0.30455176113324706,0.0,0.0,0.030686614636326708,0.06172803169299529,0.011183933567750314,2.743812313479203,78.62798293534193,14.146878465567374,21,0.001,25,0.6403462886810303,0.4881953705076235
case,S1,3,79,1,GLUF,hyb,sample,500,10,1003,2.8104065439541136e-18,0.2335105589100214,1.25,7.07e-06,10100.0,3.16e-11,4,1.0,0.7237364382483477,0.014599751934694262,0.7792316726491954,0.019882472968478282,0.6290212365221011,0.8452919717371694,0.9243670871055544,0.8439858842388338,0.9232816552197411,0.8325561422257353,0.9137481218837149,0.7833164878422391,0.8714693426737762,0.7383056674721954,0.8292974904961475,0.7284183478005217,0.8190797778320918,0.7237364382483477,0.7792316726491954,0.7715904561036433,0.7350421335531842,0.9087274776851977,0.8751267251297372,0.9482970943384925,0.9184958460754954,0.13797057457820291,0.21090675105485235,0.5736407405901451,0.29188819863752674,3.254342618629908e+18,5.855267780293005e+17,39.16750417778965,7.047082994084223,0.42574051698024606,0.08529206243236616,0.8025360680923732,0.12440719673986668,0.972006683099911,0.50996,0.27204,0.02555306531533776,0.12407808429020997,0.01643573674006187,1.5547258829628572,78.62798293534193,14.146878465567374,21,0.001,25,0.6210360527038574,0.4881953705076235
case,S1,3,80,1,GLUF,hyb,sample,500,10,1003,8.572547910821905e-20,0.8465157962043313,1.25,7.07e-06,10100.0,3.16e-11,1,0.01,0.7822845033127609,0.008313143588534652,0.7538379764015672,0.01841487147163835,0.751446771020634,0.8134400052665699,0.7910018348749916,0.8126224557495275,0.7900863382440579,0.806381156472917,0.7830401670527977,0.7902295638145983,0.7638076704130247,0.7822845033127609,0.7538379764015672,0.7870156872442139,0.7579694859106213,0.810851302492896,0.7788043163759356,0.832404687055272,0.8054102430986511,0.9226848173689592,0.9101815678855137,1.1838989824905548,1.1652622355861397,16.397371763913483,0.21090675105485235,0.5736407405901451,1.058144745255414,3.254342618629908e+18,5.855267780293005e+17,0.3295627576180576,0.059295483678295936,0.8921498355331359,0.7107978063688132,0.05386172501408606,0.042914792014510955,0.19140671692924457,0.0,0.0,0.0069970378848020175,0.04280085062276754,0.009285703862522646,0.7535280026581779,78.62798293534193,14.146878465567374,21,0.001,25,0.5581159591674805,0.4881953705076235
case,S1,3,81,1,GLUF,hyb,sample,500,10,1003,1.2268465722748815e-19,0.2464944081439266,1.25,7.07e-06,10100.0,3.16e-11,2,0.01,0.6727010999663172,0.01607964681130476,0.634831181262912,0.014433223439633616,0.6500477495890287,0.7241371129851101,0.6789762633083984,0.7225769271415744,0.6775637394417899,0.7110753811782689,0.6671616272769743,0.6845635249802335,0.6433005951743349,0.6727010999663172,0.634831181262912,0.6730262500321389,0.6403333447774051,0.699796367565879,0.6709900992734377,0.8135629782508316,0.7825733439691372,0.8903496145639569,0.8561658840850439,0.953942354745007,0.9207378313056902,3.336306297892777,0.21090675105485235,0.5736407405901451,0.30811801017990825,3.254342618629908e+18,5.855267780293005e+17,1.6197442841554937,0.291427106200706,2.5131187926355536,1.2388650867724575,0.20145741328620975,0.12640387272435405,0.5255524589291247,0.0,0.0,0.010894356441957844,0.1263036333820344,0.01655484624901405,0.6580765703339996,78.62798293534193,14.146878465567374,21,0.001,25,0.5889050960540771,0.4881953705076235
case,S1,3,82,1,GLUF,hyb,sample,500,10,1003,2.202293250579609e-18,2.9824451447708116,1.25,7.07e-06,10100.0,3.16e-11,3,1.0,0.5320958532026056,0.008760889552558222,0.4867781230808763,0.01039296688682317,0.4974107611507172,0.6051172910275944,0.5358239554817357,0.6049402041921694,0.5356719712424256,0.6032204927457971,0.5341993882206929,0.5898998911323284,0.5230194536743065,0.5529910219062986,0.49489627887988175,0.5321824997249159,0.4814811036485384,0.5320958532026056,0.4867781230808763,0.6070343527030075,0.5689275490446339,0.7875263531001926,0.7473140689977519,0.8582372119834302,0.8196444860109995,2.2487771223434843,0.21090675105485235,0.5736407405901451,3.7280564309635142,3.254342618629908e+18,5.855267780293005e+17,2.403067428297318,0.4323639190978804,0.18726824898493075,0.0788219124923016,0.26170262877431016,0.1532992528322618,0.685520617268808,0.0,0.0,0.0798070822112854,0.15036784653687474,0.01809259806606724,4.411034939253085,78.62798293534193,14.146878465567374,21,0.001,25,0.8438818454742432,0.4881953705076235
case,S1,3,83,1,GLUF,hyb,sample,500,10,1003,7.934332176559663e-19,4.916415699257862,1.25,7.07e-06,10100.0,3.16e-11,3,0.1,0.5752146185460602,0.007131559892975,0.5449671686879876,0.012323482175641763,0.549852833083284,0.6531865085171258,0.6177861249499343,0.6527318964323466,0.6173628318927282,0.648487751841201,0.6134128404668753,0.6233050839517496,0.5900009553269722,0.5863462830390205,0.5550054654968959,0.5752146185460602,0.5449671686879876,0.6024021435612865,0.5743687636713536,0.7485946812512384,0.7181222506832494,0.8347869187684666,0.8058222320394318,1.0264753712785037,1.0020236024131692,10.28933520479903,0.21090675105485235,0.5736407405901451,6.145519624072327,3.254342618629908e+18,5.855267780293005e+17,0.5252004088352908,0.09449493776241234,0.14867146911013845,0.10668773060125758,0.08138659126360938,0.06407924510595842,0.3173847501165853,0.0,0.0,0.03742598009408232,0.06211231654805402,0.011213021216059842,3.337724897949804,78.62798293534193,14.146878465567374,21,0.001,25,0.6864221096038818,0.4881953705076235
case,S1,3,84,1,GLUF,hyb,sample,500,10,1003,4.5440733003370356e-18,4.943416084560804,1.25,7.07e-06,10100.0,3.16e-11,1,0.1,0.6397113266772891,0.00859750350538048,0.59729189334649,0.014663120277013877,0.5724936140906817,0.6533902415733346,0.6114101420303274,0.6533773110067316,0.6113967104920488,0.6532490801011475,0.6112634875035695,0.6520657337589864,0.610031998775613,0.6455833673895743,0.60322341121903,0.6397113266772891,0.59729189334649,0.6665295617557349,0.6243790077847869,0.7534574140687788,0.708731612613736,0.7934906852800869,0.7519460366025699,0.8698714488542698,0.8374421735402358,1.806470756776732,0.21090675105485235,0.5736407405901451,6.179270105701004,3.254342618629908e+18,5.855267780293005e+17,2.991447847097198,0.5382263101390748,0.10520650304061514,0.0405445385168927,0.2993907490002396,0.1655874217408185,0.7428013482474733,0.0,0.0,0.10944914356745584,0.16094018401275753,0.018836672633003326,5.810428715297221,78.62798293534193,14.146878465567374,21,0.001,25,0.9506270885467529,0.4881953705076235
case,S1,3,85,1,GLUF,hyb,sample,500,10,1003,6.938156007742889e-20,1.0736062466923735,1.25,7.07e-06,10100.0,3.16e-11,3,0.01,0.7401028347566518,0.012270917913675163,0.7147884473236462,0.032343081984354885,0.7020728427124687,0.8667322135397375,0.836783171872861,0.859676488192545,0.8304022570020784,0.8174802365285341,0.7925562314333605,0.7572322051422009,0.7366352201755421,0.7401028347566518,0.7147884473236462,0.743925100391585,0.7166095043318546,0.7820149345555777,0.7557876701430529,0.8473875793347263,0.8233539952385946,0.9236049986662312,0.908581501957415,1.175291480394828,1.155563287231366,25.695085457937623,0.21090675105485235,0.5736407405901451,1.3420078083654667,3.254342618629908e+18,5.855267780293005e+17,0.21031115327676136,0.03783953516658676,0.7179839676354131,0.6156699004304765,0.03551853133170062,0.029123964548523777,0.13263415437861525,0.0,0.0,0.005605230020398626,0.029015744591636083,0.007610404557147713,0.7365219520602461,78.62798293534193,14.146878465567374,21,0.001,25,0.5613770484924316,0.4881953705076235
case,S1,3,86,1,GLUF,hyb,sample,500,10,1003,6.698034759806575e-18,0.1942702517403383,1.25,7.07e-06,10100.0,3.16e-11,2,1.0,0.8768066464401747,0.004165235721694201,0.869402590738693,0.005908301622593033,0.8330114508299724,0.9994357530821887,1.2458925741203513,0.9991628077529675,1.2456454992741022,0.9966489164697837,1.2433680562410183,0.9827725943078315,1.2306441373066488,0.9622489576986822,1.2059164814573664,0.9276013635483796,1.1108507053462997,0.8768066464401747,0.869402590738693,0.9478700898545164,0.9172888251711877,0.9720363607555133,0.9517349743312815,0.9771981782420853,0.9587638473962116,0.04816238705423582,0.21090675105485235,0.5736407405901451,0.24283781467542287,3.254342618629908e+18,5.855267780293005e+17,112.20297387084202,20.187747104378023,0.19435642563958466,0.036376913554062126,0.9143810504855917,0.06906513178428962,0.9908807974923229,0.96632,0.66112,0.020429116684340734,0.06870468553619746,0.011511167721270168,1.774721486039345,78.62798293534193,14.146878465567374,21,0.001,25,0.6212139129638672,0.4881953705076235
case,S1,3,87,1,GLUF,hyb,sample,500,10,1003,5.273012914672602e-20,0.10333578478840337,1.25,7.07e-06,10100.0,3.16e-11,3,0.1,0.7005408007148778,0.015741507482976383,0.6794804200930796,0.018080791454983876,0.6892924590021162,0.8111474586517191,0.7729897378067158,0.8035970450271991,0.7652259369446188,0.7653410174312507,0.727300228706061,0.7189607800528294,0.6863152180313206,0.7023616352148079,0.6765563186070012,0.7005408007148778,0.6794804200930796,0.7190773214765809,0.7002369668153552,0.825362696514612,0.8025040920422466,0.9561535244890059,0.9184618651627112,1.0160083457722284,0.9718163884877233,3.254175752172737,0.21090675105485235,0.5736407405901451,0.12916973098550422,3.254342618629908e+18,5.855267780293005e+17,1.6606242157006121,0.29878229199664685,5.960777158823879,2.909750191227186,0.20723512241403572,0.12093194242001029,0.501085717892952,0.0,0.0,0.008157032314606955,0.12087452001859166,0.016860792680501554,0.48378700036090533,78.62798293534193,14.146878465567374,21,0.001,25,0.6161060333251953,0.4881953705076235
case,S1,3,88,1,GLUF,hyb,sample,500,10,1003,9.643602544997481e-20,4.427930537465488,1.25,7.07e-06,10100.0,3.16e-11,3,0.01,0.7518742888420908,0.014857792598617444,0.7219403216064706,0.0128528753964813,0.6988321698179334,0.8862351822050292,0.8564626346478788,0.8811813403167754,0.8514276191967834,0.8467387636314061,0.8172183801658441,0.777915763931202,0.7500092892523668,0.7518742888420908,0.7219403216064706,0.7646420385352314,0.734292255387,0.817147307797598,0.7904594360787349,0.8975397120219389,0.8855925936362121,1.002108935694635,0.9970897653753793,1.2229655926584828,1.2052725390431518,76.24486399024912,0.21090675105485235,0.5736407405901451,5.53491317183186,3.254342618629908e+18,5.855267780293005e+17,0.07087642069759491,0.012752204396592902,0.17839636070719572,0.1687134986545399,0.012468245515055043,0.010860975593986888,0.05625372495544878,0.0,0.0,0.0057563138861352735,0.010549130202123887,0.004548674196344567,1.2654926771324262,78.62798293534193,14.146878465567374,21,0.001,25,0.5915040969848633,0.4881953705076235
case,S1,3,89,1,GLUF,hyb,sample,500,10,1003,7.6879651093709565e-19,0.12320463159836503,1.25,7.07e-06,10100.0,3.16e-11,2,0.1,0.7212414079642497,0.01717968260001187,0.7026350524261731,0.018285228836792476,0.6683614149904679,0.7683739457787678,0.747826332651363,0.7677043854759137,0.7472123481390569,0.7619692976828053,0.7419315752510133,0.7394937503463911,0.7207264277186558,0.7219511268175781,0.7032078588654753,0.7212414079642497,0.7026350524261731,0.7391914870434193,0.7148546828068014,0.8181756841075615,0.7742903359757821,0.9037580846057797,0.8654100745646097,0.9270983300505089,0.8939641078009934,0.2661121650727498,0.21090675105485235,0.5736407405901451,0.1540057894979563,3.254342618629908e+18,5.855267780293005e+17,20.307087632489345,3.65368524031315,1.3952947072195396,0.30474659403820226,0.6941612723182592,0.1602100512698794,0.9385692047704626,0.31228,0.08456,0.015557242555479552,0.1600789336306096,0.019034267977104252,0.8173281249477464,78.62798293534193,14.146878465567374,21,0.001,25,0.5916168689727783,0.4881953705076235
case,S1,3,90,1,GLUF,hyb,sample,500,10,1003,8.380181931426199e-20,0.1683512859010926,1.25,7.07e-06,10100.0,3.16e-11,2,0.01,0.6801072208840245,0.0188450433683417,0.6544743126966633,0.018580686716000726,0.662658792011,0.7354153698270104,0.7046253598456245,0.7331930739314745,0.7025184322275161,0.7182510030283015,0.6884150699720072,0.6902289935697847,0.6625471959677157,0.6801072208840245,0.6544743126966633,0.68250999518889,0.6587579637608385,0.7152334606157015,0.6910077080446284,0.8441848093729117,0.8148664578148693,0.9192690138272981,0.88532097544686,0.9798007718251128,0.94607463909446,3.3358928187390964,0.21090675105485235,0.5736407405901451,0.21043910737636576,3.254342618629908e+18,5.855267780293005e+17,1.6199450491477108,0.29146322817457593,3.6795228478554973,1.8137664592543357,0.2021067542602699,0.12437868102277852,0.5156633443700087,0.0,0.0,0.009420433062381882,0.12430161899980416,0.01661149726379851,0.5671031883990291,78.62798293534193,14.146878465567374,21,0.001,25,0.5717082023620605,0.4881953705076235
case,S1,3,91,1,GLUF,hyb,sample,500,10,1003,3.991440299057192e-19,5.137161908301844,1.25,7.07e-06,10100.0,3.16e-11,4,0.1,0.6026219594808032,0.011529787607832801,0.5865102966291117,0.015495858103068397,0.5808420857804945,0.7684509033484381,0.7493813612545129,0.7660275703171788,0.7470051239324654,0.7459088500863262,0.7271790478512804,0.6748740867323011,0.655586758708744,0.6169093191290903,0.5986794352926668,0.6026219594808032,0.5865102966291117,0.6444245760646785,0.6265785801031571,0.7951117745937465,0.7719421458287232,0.8856666218042213,0.8678777309971644,1.1340048940234264,1.1140169828389141,21.37187933174779,0.21090675105485235,0.5736407405901451,6.421452385377306,3.254342618629908e+18,5.855267780293005e+17,0.2528539007880438,0.04549389759794085,0.14895162005034032,0.12429861909836823,0.04213736439501155,0.03526383909938524,0.18065735867658922,0.0,0.0,0.02049164780354466,0.03411173070165436,0.008233844436783084,2.4887096132156983,78.62798293534193,14.146878465567374,21,0.001,25,0.6295511722564697,0.4881953705076235
case,S1,3,92,1,GLUF,hyb,sample,500,10,1003,2.867069898054552e-18,4.341396420393846,1.25,7.07e-06,10100.0,3.16e-11,2,0.1,0.5551379072986407,0.01098308724498785,0.51579405267078,0.019113519883544115,0.5013870240755695,0.593824643458878,0.5552489113265693,0.5937665796284286,0.5551877250797645,0.593195691725909,0.5545860839203852,0.5883123639947752,0.5494366796592044,0.5693688045056485,0.5295575228747555,0.5551379072986407,0.51579405267078,0.5685263622594945,0.5315060721207598,0.6892390264935114,0.6523637386570946,0.7975756006950601,0.7578979960165348,0.8593951920523001,0.8245340903595724,2.51443411513768,0.21090675105485235,0.5736407405901451,5.426745525492308,3.254342618629908e+18,5.855267780293005e+17,2.1491766372681047,0.3866834624699817,0.13288721720935132,0.05851450321875858,0.242721487305776,0.14752561927082342,0.6683020153830989,0.0,0.0,0.09013911868479335,0.14367760268939955,0.017625546689785703,5.114117608450152,78.62798293534193,14.146878465567374,21,0.001,25,0.8408887386322021,0.4881953705076235
case,S1,3,93,1,GLUF,hyb,sample,500,10,1003,7.422549890744307e-20,6.852011425654373,1.25,7.07e-06,10100.0,3.16e-11,3,0.01,0.7755180661517711,0.019851239274599267,0.7596468034700704,0.024296071169802428,0.7129198204175337,0.922245968761388,0.9043770862372618,0.9153012698353814,0.8977251880990776,0.872192331201239,0.8565646740847821,0.8017584407395631,0.7886068964938736,0.7755180661517711,0.7596468034700704,0.7955385478627057,0.7720000063162755,0.8519831776875074,0.8329039909868745,0.9599958803872763,0.9546268446974793,1.021391169848323,1.0176901023684557,1.2292491042809894,1.2116923652651483,153.29007993881876,0.21090675105485235,0.5736407405901451,8.565014282067967,3.254342618629908e+18,5.855267780293005e+17,0.03525318179989621,0.006342811551681255,0.11601815635219695,0.11277824565728287,0.006270471925726705,0.005591400734985472,0.03037326223836371,0.0,0.0,0.0035656688823166647,0.0053548349737692685,0.0032306506109509832,1.103699939024686,78.62798293534193,14.146878465567374,21,0.001,25,0.5205380916595459,0.4881953705076235
case,S1,3,94,1,GLUF,hyb,sample,500,10,1003,1.5929177796880666e-17,2.609197609339389,1.25,7.07e-06,10100.0,3.16e-11,4,1.0,0.6013253912153717,0.010370183839658636,0.6119266677167189,0.02524388277491807,0.47126555417572263,0.7120343382085637,0.7548258567175884,0.7119236092380692,0.7547216562500112,0.7108331023347061,0.7536960993952657,0.7013632603037923,0.7448422969231905,0.6615256927036901,0.7086204970741415,0.62266545903791,0.6687504939815035,0.6013253912153717,0.6119266677167189,0.6264507190321311,0.5970883362670925,0.8302497346239708,0.7915827477176213,0.9125645298505554,0.8750305140005006,0.2719961205488652,0.21090675105485235,0.5736407405901451,3.2614970116742366,3.254342618629908e+18,5.855267780293005e+17,19.867794604198988,3.5746469024340617,0.06702324282164816,0.014692864098990297,0.6859874648986546,0.16206555420767307,0.9519081071699335,0.30724,0.08224,0.11398633200424248,0.15747834551947196,0.019161718005872012,5.948648861720642,78.62798293534193,14.146878465567374,21,0.001,25,1.030440092086792,0.4881953705076235
case,S1,3,95,1,GLUF,hyb,sample,500,10,1003,1.0135133282022592e-18,0.1349726993389197,1.25,7.07e-06,10100.0,3.16e-11,3,0.1,0.7110583394286524,0.017415986487679398,0.6946632293069526,0.018000961950572224,0.6202766184343278,0.7876740064378738,0.7525434684790219,0.7865642823522008,0.7515021730962875,0.7772479463262488,0.7428312587807666,0.7432938586731619,0.7131271174169814,0.7172240047904744,0.6955141326426637,0.7110583394286524,0.6946632293069526,0.7197144356882821,0.6985087431109395,0.7725552277647176,0.7303419309564276,0.8990740075788551,0.8615737212495149,0.9352503661598849,0.90163302144759,0.2211391148173025,0.21090675105485235,0.5736407405901451,0.16871587417364964,3.254342618629908e+18,5.855267780293005e+17,24.436938985978884,4.396735017219161,1.0982797065887235,0.23301249236457444,0.727438478363074,0.1511867754815763,0.9497557050036131,0.37656,0.1416,0.016643646490425316,0.15104004338046262,0.018387608032205002,0.9051556059534649,78.62798293534193,14.146878465567374,21,0.001,25,0.6012728214263916,0.4881953705076235
case,S1,3,96,1,GLUF,hyb,sample,500,10,1003,1.7185460956974005e-18,0.4166346158697853,1.25,7.07e-06,10100.0,3.16e-11,2,0.1,0.6794931353302004,0.013306552373689124,0.6514500290728511,0.018969462216255697,0.6226767211167086,0.7177390477939436,0.6935736333113517,0.7175269267338351,0.6933418953106386,0.7155274142184734,0.6911543299237015,0.7030197235232294,0.6773383070974792,0.6834125885536515,0.6552017288635028,0.6794931353302004,0.6514500290728511,0.6972535770253947,0.66926900165265,0.7676555781006932,0.7242331567310167,0.8628887283840123,0.8172559133531884,0.8954716925731173,0.8558468073019012,0.40257171926947555,0.21090675105485235,0.5736407405901451,0.5207932698372316,3.254342618629908e+18,5.855267780293005e+17,13.423603292377495,2.415197201528322,0.562236259907401,0.13312538223012935,0.6122222341961804,0.17566523344623314,0.9179687089643612,0.20324,0.01372,0.03596393919907794,0.17517824090002837,0.020151578596015633,1.7846710632480538,78.62798293534193,14.146878465567374,21,0.001,25,0.6758630275726318,0.4881953705076235
case,S1,3,97,1,GLUF,hyb,sample,500,10,1003,2.154475093437012e-18,2.583911244447313,1.25,7.07e-06,10100.0,3.16e-11,4,1.0,0.5199119561221862,0.006158986550381063,0.47076267616222695,0.006182125105426266,0.478539523672349,0.6272811872817226,0.5520136593448142,0.6269273447686553,0.5516972230678336,0.6235335248668243,0.5486677411300398,0.5994938531432144,0.527532078523516,0.5467916751829069,0.4843343442273699,0.5228799223111735,0.468075858552332,0.5199119561221862,0.47076267616222695,0.5556316657244406,0.5151569268529131,0.7505179684803851,0.7119036240393093,0.8639970395827117,0.8232303445260495,1.991522473657223,0.21090675105485235,0.5736407405901451,3.2298890555591413,3.254342618629908e+18,5.855267780293005e+17,2.713483341355414,0.4882144704139709,0.2080400129378634,0.08337405320532063,0.28292943597696085,0.15962152136394503,0.7094213121131085,0.0,0.0,0.07813106101218287,0.15695443540175283,0.018550563956414308,4.211788989044032,78.62798293534193,14.146878465567374,21,0.001,25,0.8405709266662598,0.4881953705076235
case,S1,3,98,1,GLUF,hyb,sample,500,10,1003,9.872512320464888e-19,3.318824222641037,1.25,7.07e-06,10100.0,3.16e-11,5,0.1,0.5385420725255198,0.012790061831110014,0.5097557223113676,0.01468522083822408,0.4866130494753082,0.7322949358985472,0.6989244992864136,0.7306464912375796,0.6972738330227936,0.7158849953784501,0.6824722144610039,0.6449734395392434,0.6111607162351576,0.5652414706170459,0.5335656439952776,0.5385420725255198,0.5097557223113676,0.5394908308062073,0.5120571781967096,0.5943227801992037,0.5700790056013638,0.7957957529402744,0.7646372447000299,0.9211645662530106,0.8869925791738054,5.582203495815748,0.21090675105485235,0.5736407405901451,4.148530278301296,3.254342618629908e+18,5.855267780293005e+17,0.9680698778277161,0.17417675484651932,0.2052921095248244,0.1224800123578518,0.13559672716024612,0.09739858995254468,0.45531754665629176,0.0,0.0,0.048536157668315476,0.095375453317425,0.014065336466536663,3.4507640669520816,78.62798293534193,14.146878465567374,21,0.001,25,0.7517721652984619,0.4881953705076235
case,S1,3,99,1,GLUF,hyb,sample,500,10,1003,2.3604301973726316e-18,0.7131349228748969,1.25,7.07e-06,10100.0,3.16e-11,3,0.1,0.6189134032841644,0.01472056955837651,0.571487938871974,0.02064198864330101,0.538696879383735,0.6919007814680279,0.6244887412188846,0.6916010445314332,0.6242212913973317,0.6887498090645858,0.6216868319852813,0.6696701765151819,0.6052393720058453,0.6329637742474933,0.577249276158925,0.6189134032841644,0.571487938871974,0.6230745882558437,0.5834511889722636,0.6703250966267741,0.6295102845420917,0.8226005579677376,0.7785797561168973,0.8857536722816413,0.8445654759034256,0.5016832952390973,0.21090675105485235,0.5736407405901451,0.891418653593621,3.254342618629908e+18,5.855267780293005e+17,10.771662336551044,1.9380555402601136,0.3818196550066956,0.09529727583923407,0.5657378542383987,0.18158809911363202,0.9041473170679886,0.1338,0.00124,0.052209413714934615,0.18064534306776556,0.020500201972366884,2.5467755773972356,78.62798293534193,14.146878465567374,21,0.001,25,0.7160241603851318,0.4881953705076235
case,S1,3,100,1,GLUF,hyb,sample,500,10,1003,3.1684450032186138e-19,0.3942393092607495,1.25,7.07e-06,10100.0,3.16e-11,3,0.1,0.6115192621434804,0.006555724884915473,0.5641472655894512,0.01700252978784021,0.5765410035927522,0.6948205208039001,0.6474648698431895,0.6934234200814126,0.6461280034367263,0.6818619642922241,0.6349910695985076,0.6419488034314013,0.5955705717035591,0.6155354087553246,0.568452395167034,0.6115192621434804,0.5641472655894512,0.6230705443855099,0.5768668354374925,0.6860314678754933,0.647807398111351,0.8377864747182203,0.7970302231852895,0.9020186796403733,0.8606483327186506,2.0661547673325282,0.21090675105485235,0.5736407405901451,0.4927991365759369,3.254342618629908e+18,5.855267780293005e+17,2.6154686675192726,0.4705795060305865,1.3798807383475047,0.5612617674744038,0.2779264032155943,0.15619518371361876,0.6534749458674116,0.0,0.0,0.018705307068966382,0.15599218855683286,0.01847793829816633,1.0123048776942076,78.62798293534193,14.146878465567374,21,0.001,25,0.6314671039581299,0.4881953705076235
