set,search_seed,eval_index,is_finite,task,mode,node,N_R,R,seed,k_on,k_off,T,distance,N_max,D,L,lam_best,objective,opt_sd,held,held_sd,train,opt_lam_1e-06,held_lam_1e-06,opt_lam_1e-05,held_lam_1e-05,opt_lam_1e-04,held_lam_1e-04,opt_lam_1e-03,held_lam_1e-03,opt_lam_1e-02,held_lam_1e-02,opt_lam_1e-01,held_lam_1e-01,opt_lam_1e+00,held_lam_1e+00,opt_lam_1e+01,held_lam_1e+01,opt_lam_1e+02,held_lam_1e+02,opt_lam_1e+03,held_lam_1e+03,KD_nM,tau_D_over_T,phi_ISI,koff_T,c_peak,c_mean,c_peak_over_KD,c_mean_over_KD,tauR_mean_over_T,tauR_peak_over_T,occ_mean,occ_std,occ_max,occ_frac_above_0p8,occ_frac_above_0p9,contrast_within,contrast_between,binomial_sd_mean,snr_within,shell_molecules_peak,shell_molecules_mean,history_symbols,dt,n_sub,seconds,running_min
S1,1,1,1,MGCUBED,hyb,sample,50000,10,1001,1.4109351288299624e-19,1.2197135009308704,1.25,7.07e-06,10100.0,3.16e-11,3,0.001,0.7102894846892396,0.012357097156704732,0.7643507566537493,0.018980593598101995,0.6955126292321914,0.8338017869443464,0.8650503722134164,0.7782282176811757,0.8173042842065049,0.7252712103216574,0.7791621128276585,0.7102894846892396,0.7643507566537493,0.716658286677159,0.7632951120851834,0.7297822781346505,0.7711507920415845,0.7566129073534287,0.7841497921904723,0.9102791438353177,0.912563437076914,1.0156403831715068,1.0050182477609826,1.1043766720093773,1.101716243769995,14.354890438759368,0.21090675105485235,0.5736407405901451,1.524641876163588,3.449056891438664e+18,1.425334035277529e+18,0.39897857371832873,0.16487919984121016,0.5630555782442039,0.46883615215632013,0.13890170340295477,0.048346579598655834,0.22949801263577657,0.0,0.0,0.02386099058258122,0.04763429262816079,0.0015089361596901058,15.813121336744702,83.33246316801024,34.43741281615457,21,0.001,25,2.26859188079834,0.7102894846892396
S1,1,2,1,MGCUBED,hyb,sample,50000,10,1001,1.7657575687011948e-19,4.112816045942971,1.25,7.07e-06,10100.0,3.16e-11,5,0.001,0.6699609043900451,0.013081242927849573,0.731651141230621,0.026783465071043268,0.6261832959658882,0.911224162556806,0.9975517449806596,0.7963294140579891,0.8778126889351014,0.6996919469708598,0.7758327166616243,0.6699609043900451,0.731651141230621,0.6766397390600793,0.7287932224178651,0.705176953340293,0.7510213228056781,0.7428271237499647,0.7737605505929764,0.9115742994971011,0.917430883708019,1.0152331365426321,1.0093460068419966,1.1785148864405366,1.183299930317938,38.677403067348656,0.21090675105485235,0.5736407405901451,5.1410200574287135,3.449056891438664e+18,1.425334035277529e+18,0.1480785486855515,0.06119394430979642,0.18329724553425014,0.16942562614057496,0.05711913280253258,0.022747972348521515,0.110497979066004,0.0,0.0,0.024835518727860873,0.020955152478973994,0.0010106530498920883,24.573733518651792,83.33246316801024,34.43741281615457,21,0.001,25,2.5958499908447266,0.6699609043900451
S1,1,3,1,MGCUBED,hyb,sample,50000,10,1001,6.844534069703503e-19,3.530446517537211,1.25,7.07e-06,10100.0,3.16e-11,2,0.001,0.6938026246732889,0.013974187858293848,0.7405935818299113,0.022314464894799046,0.6682202884592006,0.7714965479704551,0.8111747241630578,0.7598662367613528,0.8005084426427196,0.7200207385491779,0.7638157683882356,0.6938026246732889,0.7405935818299113,0.694058177746238,0.740717370781636,0.7149005647240412,0.7547638890590923,0.7630148448638014,0.783414669775064,0.9267803022429038,0.922922361054267,1.0071877008100691,0.9941808908211194,1.0651992271125714,1.0594734975856555,8.565147469844282,0.21090675105485235,0.5736407405901451,4.4130581469215135,3.449056891438664e+18,1.425334035277529e+18,0.6686742678165716,0.276331827056553,0.1775402189415558,0.1357965640077847,0.2099144114718828,0.07288222051204284,0.36362671563191934,0.0,0.0,0.07727530613842604,0.06771517654036638,0.0017707314308654126,43.640331216495746,83.33246316801024,34.43741281615457,21,0.001,25,1.150566816329956,0.6699609043900451
S1,1,4,1,MGCUBED,hyb,sample,50000,10,1001,8.080197988430527e-20,0.3016791319345933,1.25,7.07e-06,10100.0,3.16e-11,5,0.001,0.7052309135015984,0.009688813811073223,0.7681280039908065,0.013999786892571706,0.6893801904816496,0.9261739448384425,0.9332485246881287,0.7943082443743705,0.8300012371825144,0.7252411235712481,0.7878282386972758,0.7052309135015984,0.7681280039908065,0.7095402399876317,0.7680609357876423,0.7252213934267642,0.7821049297266865,0.7343226655013287,0.7872481320493608,0.7623044057301064,0.7928407162882879,0.9652607626091589,0.9575527057098963,1.092456483050197,1.0811038581879717,6.19972412861369,0.21090675105485235,0.5736407405901451,0.3770989149182416,3.449056891438664e+18,1.425334035277529e+18,0.9237981552607821,0.3817626075372041,1.919160433414693,1.3784315768812279,0.2683098123967158,0.07876116381412097,0.3923812011878847,0.0,0.0,0.01551870884453335,0.07858702082677142,0.0019363561032836787,8.01438785883272,83.33246316801024,34.43741281615457,21,0.001,25,1.5932538509368896,0.6699609043900451
S1,1,5,1,MGCUBED,hyb,sample,50000,10,1001,4.883155060677686e-18,0.6546534809026663,1.25,7.07e-06,10100.0,3.16e-11,2,0.001,0.7345283259432468,0.012294891611618909,0.767390094204606,0.018497549549033206,0.7079766646635587,0.806874698181416,0.8225236042750822,0.7938403942213037,0.8120878559890112,0.7556093793626045,0.7828480559229164,0.7345283259432468,0.767390094204606,0.7510909031951085,0.7787780511559318,0.8368920755651293,0.8556992231339458,0.919042486443501,0.9301878995101642,0.96941609409891,0.9662846580719254,0.9934570592732423,0.9877010509807546,0.9973088094683668,0.9919281839389902,0.22261789089068165,0.21090675105485235,0.5736407405901451,0.8183168511283329,3.449056891438664e+18,1.425334035277529e+18,25.72701452800809,10.631772854739381,0.10505883796785054,0.04572229862577104,0.8932032275060736,0.06144577940111169,0.9605723378627995,0.92224,0.6136,0.04905358254123115,0.05925836226258016,0.0013249739578485608,37.02229938230814,83.33246316801024,34.43741281615457,21,0.001,25,0.9098701477050781,0.6699609043900451
S1,1,6,1,MGCUBED,hyb,sample,50000,10,1001,1.6747288477364972e-18,2.2146545446416606,1.25,7.07e-06,10100.0,3.16e-11,4,0.01,0.5808910472264482,0.01594605023647533,0.6344459994364444,0.015690668923070927,0.5593794224461346,0.7495099743021175,0.7949685895800699,0.7241750787720218,0.7709054122328955,0.6476619215473438,0.6978614721655497,0.5923244527624358,0.6451216269463266,0.5808910472264482,0.6344459994364444,0.6213151735485148,0.6652855878584362,0.7576888652671062,0.794135308019659,0.8268017428626093,0.8480992913225697,0.9397057312257283,0.9317329828294124,1.0240836553347012,1.0109095916795094,2.1958900371495877,0.21090675105485235,0.5736407405901451,2.768318180802076,3.449056891438664e+18,1.425334035277529e+18,2.608187849230145,1.0778421548026045,0.17384869787326976,0.10011400960615036,0.49307254727456523,0.12115337748688448,0.6959101741657507,0.0,0.0,0.1138896507360385,0.11492630201400064,0.0021661519460417617,52.576944541748595,83.33246316801024,34.43741281615457,21,0.001,25,0.7066080570220947,0.5808910472264482
S1,1,7,1,MGCUBED,hyb,sample,50000,10,1001,1.4614421717980488e-17,0.44836725709505715,1.25,7.07e-06,10100.0,3.16e-11,3,0.001,0.7895111077570865,0.009328405189522496,0.8191007828770696,0.021213833241368864,0.7667952470446899,0.8994992902141066,0.9374338655037044,0.8651685630755,0.9019361866930918,0.7987645572863096,0.8317263516422837,0.7895111077570865,0.8191007828770696,0.8499131641427091,0.8691350285945463,0.9281821835071525,0.9421714070278064,0.9645281653807076,0.9689532700169787,0.9907674925697106,0.9885852101424397,0.9976458561058521,0.9948562390311212,0.998589378467839,0.9959997864418701,0.050944974848502356,0.21090675105485235,0.5736407405901451,0.5604590713688214,3.449056891438664e+18,1.425334035277529e+18,112.42117068799483,46.458416289128095,0.03759610515371184,0.015731204310550695,0.9719200177489156,0.019740871251499672,0.9910729389713163,1.0,0.98124,0.017764878274381127,0.018790296899467228,0.0007050077258978209,25.198132760542045,83.33246316801024,34.43741281615457,21,0.001,25,3.669318199157715,0.5808910472264482
S1,1,8,1,MGCUBED,hyb,sample,50000,10,1001,4.54225245945947e-19,0.1828714055113774,1.25,7.07e-06,10100.0,3.16e-11,3,0.001,0.7532527177502322,0.02995026450450623,0.7832368501446269,0.023382974539877366,0.7175689529959581,0.8661621010671915,0.8591264288324988,0.8127418330909115,0.8184116300298607,0.7633734384422752,0.7857513825866096,0.7532527177502322,0.7832368501446269,0.7886519139624074,0.8188926588130199,0.8698330746890555,0.8986459406293298,0.8955550981666095,0.9209571523788224,0.9209578742430239,0.9266779199377883,0.989514448991329,0.9808860500890855,1.012094141746256,1.0026185066526865,0.6685342037478234,0.21090675105485235,0.5736407405901451,0.22858925688922174,3.449056891438664e+18,1.425334035277529e+18,8.566941947071221,3.54031676477045,0.9635140031227714,0.4572682478551721,0.752783977466987,0.09722711663191831,0.8630138434101984,0.4278,0.0,0.02388867184201257,0.09687626989375793,0.0018697132418406925,12.776650080573152,83.33246316801024,34.43741281615457,21,0.001,25,1.975771188735962,0.5808910472264482
S1,1,9,1,MGCUBED,hyb,sample,50000,10,1001,2.478201561867058e-18,0.13018682076874566,1.25,7.07e-06,10100.0,3.16e-11,1,0.0001,0.8136926595664326,0.014919832803330924,0.8372891434163767,0.018963932272705524,0.7939517224983135,0.8507735245126293,0.874275165731856,0.8333626189749896,0.8578224265398757,0.8136926595664326,0.8372891434163767,0.8161150466880459,0.833980196134469,0.8722705057957816,0.8830873211810676,0.9420857475971497,0.944254040774051,0.9838342754569173,0.9799628181318347,0.995198991786402,0.991492019197926,0.9965783717521844,0.9930288409694299,0.9978584527612527,0.995135561832822,0.08723273572420523,0.21090675105485235,0.5736407405901451,0.16273352596093207,3.449056891438664e+18,1.425334035277529e+18,65.65532612947601,27.132278148811285,0.21843290562476664,0.09219091128520575,0.9547936481036569,0.029283679510222253,0.9829105156270325,0.99932,0.94144,0.015223890200765169,0.02883064838511797,0.0008911223014328124,17.083951525269956,83.33246316801024,34.43741281615457,21,0.001,25,1.8476719856262207,0.5808910472264482
S1,1,10,1,MGCUBED,hyb,sample,50000,10,1001,6.995338116323751e-18,7.301770134862843,1.25,7.07e-06,10100.0,3.16e-11,3,0.01,0.6047933860966875,0.010655683651775398,0.6442677052455907,0.013468102987626821,0.5768227378546478,0.7090238470710406,0.7505720557185145,0.7047050098261283,0.7462506732613899,0.6761743823158456,0.7172688911816824,0.6222666560733712,0.6606622249146827,0.6047933860966875,0.6442677052455907,0.6773276318393513,0.7140514785715812,0.7899821524493613,0.8265268181935955,0.8405048163271072,0.8581750278378047,0.9565013434431549,0.9478171631852629,1.0141721289498107,1.0019960615666013,1.7332792735449596,0.21090675105485235,0.5736407405901451,9.127212668578554,3.449056891438664e+18,1.425334035277529e+18,3.3043109673984836,1.3655173089967083,0.04631649639903734,0.02545412605033643,0.5447025723118335,0.12879778477691467,0.7638734040732583,0.0,0.0,0.166110042372301,0.1167853653010091,0.0021489001100168433,77.30002972125075,83.33246316801024,34.43741281615457,21,0.001,25,0.5702362060546875,0.5808910472264482
S1,1,11,1,MGCUBED,hyb,sample,50000,10,1001,3.16965041304617e-18,3.746925360666818,1.25,7.07e-06,10100.0,3.16e-11,5,0.01,0.5419147968844823,0.00581495573820697,0.5885432580853648,0.015713256311395193,0.518313316260281,0.7838580446378084,0.8182629206417076,0.7597126400728519,0.793896949908645,0.6633759971276616,0.7000132821397532,0.5714972680347923,0.615012549934393,0.5419147968844823,0.5885432580853648,0.5633851319331671,0.608090045041706,0.697232021896853,0.7352648502560595,0.8111623275168354,0.8387000648773497,0.9114289794541112,0.9086144135156846,1.0180361674378764,1.0053049755054062,1.9629659843756015,0.21090675105485235,0.5736407405901451,4.683656700833522,3.449056891438664e+18,1.425334035277529e+18,2.9176734384222547,1.2057380862377725,0.09679680058581656,0.054498771537242655,0.5174418129023112,0.12550275701135385,0.732389568155719,0.0,0.0,0.1439738204093511,0.11595443252671317,0.00216048626922306,66.639544282374,83.33246316801024,34.43741281615457,21,0.001,25,0.5820600986480713,0.5419147968844823
S1,1,12,1,MGCUBED,hyb,sample,50000,10,1001,2e-17,10.0,1.25,7.07e-06,10100.0,3.16e-11,5,0.01,0.5406150095852156,0.007978990491440982,0.5819321260372031,0.014309920789157226,0.5142319838955657,0.7655698791430237,0.7876627159332248,0.7544736725025242,0.7772961500920624,0.6856557433181414,0.7141888575661802,0.5666315750112292,0.6089944329636138,0.5406150095852156,0.5819321260372031,0.6121027448122616,0.6522474956575347,0.7446787282858118,0.7773814867958835,0.8554436730459521,0.8821230175670344,0.9269192887158537,0.9275589590219641,1.0021794609601133,0.9924003923477447,0.8302695335869232,0.21090675105485235,0.5736407405901451,12.5,3.449056891438664e+18,1.425334035277529e+18,6.89811378287733,2.8506680705550584,0.020775615694257524,0.010129000695512333,0.7029712307593561,0.11883542188733648,0.8722149749024847,0.20156,0.0,0.14658697473259744,0.1090164487163502,0.0019644575155128587,74.61956981763902,83.33246316801024,34.43741281615457,21,0.001,25,0.6096639633178711,0.5406150095852156
S1,1,13,1,MGCUBED,hyb,sample,50000,10,1001,2e-17,4.282991519266562,1.25,7.07e-06,10100.0,3.16e-11,5,0.001,0.5804652266341511,0.018701614105290212,0.6348661871583277,0.025111882599572467,0.4770253993267901,0.8064393484148583,0.8443705850027513,0.7855629564825802,0.8252762085366783,0.686541729806554,0.7355477836601585,0.5804652266341511,0.6348661871583277,0.5833335204810831,0.6247218013838053,0.6870834477506517,0.7227284173504698,0.8235005008789967,0.8498817861771025,0.908326107897331,0.9270415688552814,0.9602461125051894,0.9584872480610906,0.999927876423586,0.9928567864556893,0.35560373710581966,0.21090675105485235,0.5736407405901451,5.353739399083203,3.449056891438664e+18,1.425334035277529e+18,16.105831057210665,6.655787333996914,0.024397926106577948,0.010919395441111642,0.8400127361436827,0.08469533159255634,0.9409508460400409,0.78348,0.22548,0.09271680086802346,0.0790742787648984,0.0015707193303106859,59.028242079177964,83.33246316801024,34.43741281615457,21,0.001,25,0.6884682178497314,0.5406150095852156
S1,1,14,1,MGCUBED,hyb,sample,50000,10,1001,9.448136077010035e-20,0.3596714141721162,1.25,7.07e-06,10100.0,3.16e-11,3,0.001,0.7386930710746417,0.013936590170908831,0.7868021298988356,0.00857118007414345,0.7132324926563006,0.8591186979481877,0.8816276008809121,0.8005914294434142,0.8299366168150307,0.7547638200757648,0.796106597318318,0.7386930710746417,0.7868021298988356,0.7410906015653375,0.789210721820814,0.7488269903052239,0.7955086189926996,0.7551592336372784,0.7951573877357557,0.8459092816179791,0.8582574004047411,1.0128431775730817,1.001943387794496,1.0808944642833935,1.0703633226680753,6.321336078464587,0.21090675105485235,0.5736407405901451,0.44958926771514524,3.449056891438664e+18,1.425334035277529e+18,0.9060258214478941,0.37441813249166295,1.6183229326107498,1.1669581585823776,0.26445491588317727,0.07892575397232936,0.3894080837120591,0.0,0.0,0.01718601130436163,0.07871342903956584,0.0019261086116478402,8.922659501355177,83.33246316801024,34.43741281615457,21,0.001,25,1.6932649612426758,0.5406150095852156
S1,1,15,1,MGCUBED,hyb,sample,50000,10,1001,2.0975808383736414e-18,1.0420802964721299,1.25,7.07e-06,10100.0,3.16e-11,2,0.001,0.6925709036828707,0.0130218030235612,0.717828060019916,0.013757840306941735,0.6609867722593294,0.7608823928912332,0.78805091457104,0.7511335270601406,0.7779497297480586,0.7164752327640088,0.7417175262725403,0.6925709036828707,0.717828060019916,0.6948614659756126,0.7200257013423446,0.750110276484207,0.775231285951567,0.8512555120922889,0.8732662236152497,0.9195557105087968,0.9194060461609478,0.9880319570615195,0.9781295599259586,1.003256407903423,0.993548077379786,0.824957499500116,0.21090675105485235,0.5736407405901451,1.3026003705901623,3.449056891438664e+18,1.425334035277529e+18,6.942531847530991,2.869023980974853,0.19842088439856218,0.09665622685578795,0.7095850451891343,0.1118685426473012,0.858696459402656,0.18656,0.0,0.08326140095088223,0.10841453707131306,0.001960051222517753,42.47919645892219,83.33246316801024,34.43741281615457,21,0.001,25,0.7711391448974609,0.5406150095852156
S1,1,16,1,MGCUBED,hyb,sample,50000,10,1001,2.498657515263994e-19,1.036982783539538,1.25,7.07e-06,10100.0,3.16e-11,2,0.001,0.7216386067965295,0.010945010248665657,0.7738867949478476,0.012037739937632783,0.7041939820985996,0.8079607600306093,0.848373053666298,0.7818917395101861,0.8247289789502771,0.7378934830021509,0.7873747931132841,0.7216386067965295,0.7738867949478476,0.727305930660828,0.7742165935171704,0.7485508085462186,0.7868861552475928,0.7807526181586835,0.8026396716777542,0.9260263985778469,0.9239930151175588,1.012565451653249,0.9996077509554546,1.061635721725446,1.0538538388616452,6.8915023909235185,0.21090675105485235,0.5736407405901451,1.2962284794244225,3.449056891438664e+18,1.425334035277529e+18,0.8310660561740851,0.3434407644504508,0.5742485652610634,0.4213222832118033,0.2479487433689988,0.07813939663815073,0.38381830307697995,0.0,0.0,0.0365837957485361,0.07712706257284274,0.0018819418427098997,19.439386976941496,83.33246316801024,34.43741281615457,21,0.001,25,2.7475180625915527,0.5406150095852156
S1,1,17,1,MGCUBED,hyb,sample,50000,10,1001,7.474591697570229e-20,0.12778925222208395,1.25,7.07e-06,10100.0,3.16e-11,2,0.001,0.7415717045057832,0.005154724518542983,0.8000786197730376,0.00798601996146063,0.7417280755971697,0.8152271777985363,0.8597208930351649,0.7709412886502091,0.8282776744985301,0.7470808996086873,0.8094536845295648,0.7415717045057832,0.8000786197730376,0.7431386240542434,0.7981890262530094,0.744535011891097,0.797079284647484,0.7622936830443976,0.8018182643730244,0.9000693866401115,0.9090140965206267,1.0308757694074084,1.020930875528712,1.0708220362376946,1.0605147655043128,2.8389382894142887,0.21090675105485235,0.5736407405901451,0.15973656527760494,3.449056891438664e+18,1.425334035277529e+18,2.017406906833718,0.8336999991074798,3.414030317209831,2.0747309139653822,0.4398704703014275,0.09527634642522725,0.5791181752206649,0.0,0.0,0.014205199331344238,0.09514986117848831,0.0021763423477360474,6.5270977914487025,83.33246316801024,34.43741281615457,21,0.001,25,1.3859970569610596,0.5406150095852156
S1,1,18,1,MGCUBED,hyb,sample,50000,10,1001,9.885633415464441e-18,0.2938641273860825,1.25,7.07e-06,10100.0,3.16e-11,4,0.001,0.7453900267280443,0.01128681114748673,0.7925808505346137,0.015579011237953008,0.7173747574527829,0.9048483528540958,0.9708310182703747,0.8332936303935581,0.9031482493387125,0.7477086771984417,0.8122523812756078,0.7453900267280443,0.7925808505346137,0.8086784981265351,0.8394576709200106,0.9045249052339692,0.9215635356619769,0.9566828806593299,0.9649369236353758,0.9862362210397453,0.9846491076624048,0.9974751879890953,0.9947635978854873,0.9990243322334778,0.9964250827030485,0.04936182068032069,0.21090675105485235,0.5736407405901451,0.3673301592326031,3.449056891438664e+18,1.425334035277529e+18,116.02679224963059,47.948451186171006,0.05561660290837787,0.023262592439467503,0.972907918334253,0.01892139294240261,0.9912837702269542,1.0,0.98348,0.015941672402300593,0.01813559561767676,0.000693401162623151,22.990547552578242,83.33246316801024,34.43741281615457,21,0.001,25,2.992424964904785,0.5406150095852156
S1,1,19,1,MGCUBED,hyb,sample,50000,10,1001,9.047004942497948e-18,0.21252730704930556,1.25,7.07e-06,10100.0,3.16e-11,1,0.0001,0.8484781701845492,0.016867803039090065,0.8676355832463682,0.010066309071445758,0.811129162546937,0.8821821928503433,0.9002094501664132,0.8704924687767308,0.8886731936915984,0.8484781701845492,0.8676355832463682,0.8633728700518152,0.881000402747462,0.9261879753838015,0.9388577862343809,0.9692517005284118,0.9698390499460731,0.9931011279297252,0.9907622665840403,0.9971605898875809,0.9946372459037927,0.997612950627726,0.9951441659057159,0.998705539535455,0.9969287878935379,0.0390084783240079,0.21090675105485235,0.5736407405901451,0.265659133811632,3.449056891438664e+18,1.425334035277529e+18,146.8217669391683,60.6745751447119,0.06103361323225134,0.025464599994903477,0.9784425503080066,0.015222147994705181,0.9930837606803564,1.0,0.99632,0.012462470836113975,0.014625203519699731,0.0006202843317117457,20.091545439689504,83.33246316801024,34.43741281615457,21,0.001,25,2.4241530895233154,0.5406150095852156
S1,1,20,1,MGCUBED,hyb,sample,50000,10,1001,5.915645974097591e-19,0.6276730178937143,1.25,7.07e-06,10100.0,3.16e-11,4,0.001,0.6488745912182363,0.028477474401264552,0.6653999623804615,0.024874655306390294,0.6015417562459142,0.821176706235299,0.858515643995081,0.7634793825990347,0.8000062126899561,0.6793616275851514,0.7064287430875038,0.6488745912182363,0.6653999623804615,0.6614954851212187,0.6815729846476518,0.752710951212923,0.7821939312464438,0.831387434840987,0.8646360166269946,0.8565846612114434,0.8759930568660698,0.9528338693108129,0.9447596774554576,1.02619825611259,1.0134549887627962,1.7618964559190287,0.21090675105485235,0.5736407405901451,0.7845912723671429,3.449056891438664e+18,1.425334035277529e+18,3.250641485711857,1.3433382202453643,0.5439031213901535,0.29984861737894863,0.5477190026670254,0.11842919987697105,0.713119268606342,0.0,0.0,0.04987928442376461,0.11724043446588917,0.002160289716118468,23.08916440771932,83.33246316801024,34.43741281615457,21,0.001,25,3.1155548095703125,0.5406150095852156
S1,1,21,1,MGCUBED,hyb,sample,50000,10,1001,1.1012479481541523e-17,0.11079092854481845,1.25,7.07e-06,10100.0,3.16e-11,3,0.0001,0.8237872085909732,0.030489494914836462,0.8486164962295584,0.02005414212101582,0.756918610101422,0.9304178124026103,0.9658514342395282,0.8705929065957232,0.8970015828919893,0.8237872085909732,0.8486164962295584,0.8491824992259265,0.8715174980299679,0.9221171319861087,0.9376862071294765,0.964244022081556,0.9702511330388717,0.9901920110863498,0.9890594342138297,0.9977744865763271,0.995932664491679,0.9986899591910967,0.9968151419082766,0.9989196694604752,0.9972554688911947,0.016705834997967663,0.21090675105485235,0.5736407405901451,0.13848866068102306,3.449056891438664e+18,1.425334035277529e+18,342.8319335032244,141.67641723019636,0.05060967979923879,0.021000980674923612,0.9905638202074436,0.0068891788904752,0.997038116339853,1.0,1.0,0.005745951894168915,0.006603715087374026,0.00041252720079461253,13.92866187514672,83.33246316801024,34.43741281615457,21,0.001,25,1.7335128784179688,0.5406150095852156
S1,1,22,1,MGCUBED,hyb,sample,50000,10,1001,9.454094202995858e-19,0.135883076826891,1.25,7.07e-06,10100.0,3.16e-11,1,0.0001,0.8230183482207195,0.013723904764864302,0.8395926176272539,0.021969000024705036,0.8021549158679646,0.8581339246099071,0.8762422826077305,0.8411902803702528,0.8590394981222073,0.8230183482207195,0.8395926176272539,0.8279642129953155,0.8431733919865291,0.8689225430157815,0.8837105633906299,0.9198582170964045,0.9299285983503367,0.9637182731319625,0.9602851846687386,0.9920287427595607,0.9861068495447942,0.9964256511215324,0.9904509399672673,0.9983370953221493,0.9934976189451084,0.23866819263059186,0.21090675105485235,0.5736407405901451,0.16985384603361375,3.449056891438664e+18,1.425334035277529e+18,23.996887268525693,9.916792109010633,0.5392989501538633,0.23552590609353308,0.8898850484988738,0.05924441666802946,0.9491334743358537,0.91716,0.61128,0.018870227346328584,0.05888350545012301,0.0013495721259148541,13.982377809957173,83.33246316801024,34.43741281615457,21,0.001,25,1.8433921337127686,0.5406150095852156
S1,1,23,1,MGCUBED,hyb,sample,50000,10,1001,1.162852191301962e-18,2.4109826817458,1.25,7.07e-06,10100.0,3.16e-11,4,0.01,0.6023976539883293,0.014007832246958899,0.6381796038932538,0.015500963844143184,0.5757590527944852,0.7595773875165633,0.7909915542847499,0.7333410531460367,0.7671758424967576,0.6564325196409074,0.6955933932477338,0.6088347207780014,0.6466208206560154,0.6023976539883293,0.6381796038932538,0.6472701330146439,0.6849224196185162,0.756135384906778,0.7942994258422523,0.8065991929498564,0.8280787379878056,0.9468484099066584,0.937521001160405,1.0369936795930876,1.0234367727193678,3.4428545289457677,0.21090675105485235,0.5736407405901451,3.01372835218225,3.449056891438664e+18,1.425334035277529e+18,1.6635305572706944,0.6874594408366203,0.1966357835483786,0.12457709878689231,0.3890862076610858,0.10983568308350565,0.5874984953345318,0.0,0.0,0.1027334415644332,0.10410512803009744,0.002116191206525532,48.54638902554844,83.33246316801024,34.43741281615457,21,0.001,25,0.826603889465332,0.5406150095852156
S1,1,24,1,MGCUBED,hyb,sample,50000,10,1001,2.4704598225960306e-19,1.4958487135641654,1.25,7.07e-06,10100.0,3.16e-11,4,0.001,0.68790881369514,0.01892266138777598,0.7445297210910872,0.026583740180509685,0.6477928864117265,0.8570017589225764,0.9214285580558155,0.791480246897634,0.8558174036549226,0.7129882625377411,0.7787000599000915,0.68790881369514,0.7445297210910872,0.6926413519328866,0.7401566813801843,0.7268086048526311,0.7700380012515546,0.7441481979766361,0.781771977130419,0.8166425268775763,0.8294016093354284,0.9954310272224509,0.9844479828694661,1.0793836078228185,1.0706520363980583,10.054465183914095,0.21090675105485235,0.5736407405901451,1.8698108919552068,3.449056891438664e+18,1.425334035277529e+18,0.5696268879922177,0.23540017356045032,0.43290704823611714,0.3407264787688149,0.18588247528356358,0.06266911847890197,0.3037827869002224,0.0,0.0,0.03749628727267171,0.061300663020451535,0.00169577644109316,22.11157459440834,83.33246316801024,34.43741281615457,21,0.001,25,2.781620979309082,0.5406150095852156
S1,1,25,1,MGCUBED,hyb,sample,50000,10,1001,1.8751099657191366e-19,8.369594926923062,1.25,7.07e-06,10100.0,3.16e-11,4,0.001,0.6811097693514685,0.012067344460599991,0.7256830947781583,0.017957682694504686,0.6442315251623837,0.8773843038045825,0.9005909137587853,0.8022615843967792,0.8304476208289202,0.7120792015609073,0.7506434583425758,0.6811097693514685,0.7256830947781583,0.6922458606239796,0.7359869910306797,0.720769773146463,0.7535119099577744,0.872434937093048,0.881804445321648,0.9816763780759414,0.9811157225663732,1.0152494731922301,1.0132835008432803,1.2273662622589054,1.2357994067011178,74.11852961511858,0.21090675105485235,0.5736407405901451,10.461993658653828,3.449056891438664e+18,1.425334035277529e+18,0.07727209029752316,0.031932943916201245,0.09262624752136858,0.08872788699300474,0.03076305638332431,0.0132753469992384,0.06565353474016732,0.0,0.0,0.018401937031154433,0.011519375088754962,0.0007503799077615115,24.523493820683434,83.33246316801024,34.43741281615457,21,0.001,25,2.7530272006988525,0.5406150095852156
S1,1,26,1,MGCUBED,hyb,sample,50000,10,1001,3.2185464597300895e-19,0.2027516653619578,1.25,7.07e-06,10100.0,3.16e-11,2,0.001,0.784396479549911,0.015690292498691586,0.815145543802996,0.023264180220530107,0.780664663546088,0.8593111214384532,0.8712946031856065,0.8217373190245546,0.843018503945852,0.7865113356303305,0.8177844907039498,0.784396479549911,0.815145543802996,0.8176191264731036,0.848241671649623,0.8577508653478482,0.8892622573607278,0.8706081039192416,0.8942677295605399,0.9313321350874062,0.930687905767542,1.003451276641916,0.992783155111014,1.0187419409648353,1.0082319403903477,1.0460531344833326,0.21090675105485235,0.5736407405901451,0.25343958170244724,3.449056891438664e+18,1.425334035277529e+18,5.475146074647458,2.2626220134791777,1.2093688961594675,0.6093628680402733,0.6663965414957607,0.1085340704930333,0.7983282844770013,0.0,0.0,0.024388464957298787,0.10820940821836551,0.0020482718492500574,11.906849652905322,83.33246316801024,34.43741281615457,21,0.001,25,1.9598720073699951,0.5406150095852156
S1,1,27,1,MGCUBED,hyb,sample,50000,10,1001,9.942331181026765e-18,4.191468751802921,1.25,7.07e-06,10100.0,3.16e-11,4,0.001,0.5884858437163578,0.01662211866525733,0.6308269943138334,0.02078836321438634,0.5025683077388555,0.7200249424482799,0.7549221782317161,0.7101516563310103,0.7454011922655626,0.6568120237448506,0.6944886993210936,0.5884858437163578,0.6308269943138334,0.5890268692260705,0.6303924848800679,0.6628301473252283,0.698813876904939,0.8010979423560947,0.8310102109086055,0.8812544384696139,0.9016960378709239,0.9503954108037614,0.9465248645982911,1.0030813671185377,0.993644207193786,0.7000468486192959,0.21090675105485235,0.5736407405901451,5.239335939753651,3.449056891438664e+18,1.425334035277529e+18,8.181300615001755,3.3809492236397793,0.043566787221818164,0.02078832734700379,0.7359285145544323,0.11194611023945215,0.8893735018213026,0.32236,0.0,0.12791085803388508,0.10394334906435629,0.0018953314727273034,67.4873286675426,83.33246316801024,34.43741281615457,21,0.001,25,0.5467939376831055,0.5406150095852156
S1,1,28,1,MGCUBED,hyb,sample,50000,10,1001,2.950944285284386e-19,0.42371044024172055,1.25,7.07e-06,10100.0,3.16e-11,2,0.001,0.7542776772058525,0.018296418666062932,0.7891775682600816,0.01841970518799966,0.7229255527093024,0.820760043966245,0.8478067629176522,0.7972708966503734,0.8249123653317156,0.7631691564892849,0.794464548981648,0.7542776772058525,0.7891775682600816,0.7693832556254533,0.8069293192221656,0.8061393483722336,0.8428192018235144,0.8221373598504178,0.8499356751742448,0.9042516210745504,0.9055907317840053,1.0061389347262506,0.9935259678409457,1.0341227319923134,1.0219532080494076,2.3842799835273776,0.21090675105485235,0.5736407405901451,0.5296380503021507,3.449056891438664e+18,1.425334035277529e+18,2.4021061925227216,0.9926782364918955,0.9475096553960791,0.5549744077134924,0.4771720318862855,0.11298425523677509,0.6367230040652903,0.0,0.0,0.03267212337795189,0.11245039582143114,0.0021728332522297574,15.036645515445706,83.33246316801024,34.43741281615457,21,0.001,25,2.3744609355926514,0.5406150095852156
S1,1,29,1,MGCUBED,hyb,sample,50000,10,1001,4.058640195071284e-18,0.269716222479098,1.25,7.07e-06,10100.0,3.16e-11,3,0.001,0.730699615907377,0.013752647988959458,0.7737006142954669,0.024149743583719487,0.715077830844182,0.8585046876497918,0.9085641069417539,0.8120952546643319,0.8626287646210482,0.7470763618649643,0.7971088835331439,0.730699615907377,0.7737006142954669,0.7592629755032496,0.7866673905092838,0.8665035061033093,0.8808659636176646,0.9418578448383507,0.9509920027272315,0.9776177793839442,0.975423903998298,0.9956510812825066,0.9916364782941531,0.9984858061574032,0.9946767491434103,0.11035083253277365,0.21090675105485235,0.5736407405901451,0.3371452780988725,3.449056891438664e+18,1.425334035277529e+18,51.90077484406934,21.448164866793807,0.13213019477006446,0.05606875144688942,0.9431450374881749,0.03636056236043097,0.9796823880378297,0.98656,0.90636,0.02469446441046383,0.03541424128338019,0.000992299743123521,24.8860937247969,83.33246316801024,34.43741281615457,21,0.001,25,2.7189600467681885,0.5406150095852156
S1,1,30,1,MGCUBED,hyb,sample,50000,10,1001,1.277591094485431e-19,3.7536485066509044,1.25,7.07e-06,10100.0,3.16e-11,2,0.001,0.7000786799189324,0.010759700374466212,0.7473773570398835,0.01592291634040078,0.693331777723726,0.7789472417407279,0.8130167965645244,0.7461454104891764,0.7866252200762043,0.7100829414177355,0.75962584738042,0.7000786799189324,0.7473773570398835,0.7081382083748015,0.744819345159202,0.78143478307051,0.7961118402955848,0.948041272820282,0.9465812481261295,0.9934073142651302,0.9888677437154179,1.0118325645803834,1.0091087976354065,1.2223151422308038,1.2306223909894012,48.787753895882176,0.21090675105485235,0.5736407405901451,4.6920606333136305,3.449056891438664e+18,1.425334035277529e+18,0.11739203500455647,0.04851264221759242,0.20326505089984354,0.19073518417250868,0.045919610271042445,0.018293291752985403,0.08844302890411208,0.0,0.0,0.019008567022034576,0.01699098696490449,0.0009119547126983713,20.843762039224917,83.33246316801024,34.43741281615457,21,0.001,25,2.2046759128570557,0.5406150095852156
S1,1,31,1,MGCUBED,hyb,sample,50000,10,1001,1.5686933550314442e-18,0.19670940115737928,1.25,7.07e-06,10100.0,3.16e-11,2,0.001,0.7492441773020312,0.01887904939963446,0.7822973418810237,0.015711917598658243,0.7228730601318004,0.8263447096269836,0.8410036174053959,0.7990294431988458,0.8177028308180162,0.7599599783366237,0.7879296618233154,0.7492441773020312,0.7822973418810237,0.7753325775755303,0.8011416460180024,0.8868619516601874,0.9042184767187751,0.9387813465670296,0.9457782918563984,0.9782349952355786,0.9738800945885391,0.9955852049754521,0.9899558205252348,0.9982745395588288,0.9931292366363156,0.2082265756111736,0.21090675105485235,0.5736407405901451,0.24588675144672412,3.449056891438664e+18,1.425334035277529e+18,27.50510445810624,11.366574330888998,0.32886333640166693,0.14267314474474146,0.901309103246576,0.055978894141635836,0.9578455452037167,0.93388,0.67988,0.024454541138775928,0.05536626480143584,0.0012830740623196242,19.059337147354867,83.33246316801024,34.43741281615457,21,0.001,25,2.2382824420928955,0.5406150095852156
S1,1,32,1,MGCUBED,hyb,sample,50000,10,1001,8.549081455162257e-20,1.2641417882656842,1.25,7.07e-06,10100.0,3.16e-11,3,0.001,0.710067674798624,0.008969670804026634,0.7624702648316961,0.01430554899339262,0.7002951828422934,0.8319017386732265,0.8580485484515374,0.7674598768078911,0.8077215261554773,0.7222954226730998,0.776829719845348,0.710067674798624,0.7624702648316961,0.715097008021487,0.7606404754718753,0.7248668591730791,0.7639740727690707,0.7938697054177004,0.8125829289298885,0.953723593022756,0.9540327113919128,1.0176509398673705,1.0097386834935707,1.1561036089604402,1.1593865646533579,24.554179731140916,0.21090675105485235,0.5736407405901451,1.5801772353321053,3.449056891438664e+18,1.425334035277529e+18,0.23325127435942927,0.09639185162227808,0.5772027610969018,0.513147983024977,0.0868519776136214,0.031524648852578364,0.14773945867450583,0.0,0.0,0.015483945277463747,0.03106054024216857,0.001229381748683374,12.594904141082722,83.33246316801024,34.43741281615457,21,0.001,25,1.7854893207550049,0.5406150095852156
S1,1,33,1,MGCUBED,hyb,sample,50000,10,1001,1.4776907976412874e-17,0.14003993627258704,1.25,7.07e-06,10100.0,3.16e-11,2,0.0001,0.8672855930191103,0.014379342170760015,0.8932528528928664,0.02147587929191626,0.8214303473917,0.952526420968374,0.9740685758671859,0.9063659466366165,0.9316875068260568,0.8672855930191103,0.8932528528928664,0.8955969299922579,0.911274450836682,0.9461049032643516,0.9552181304678073,0.9783038268857425,0.9790015886579007,0.9954026927934534,0.9937531698664694,0.998253142903106,0.9963985986156386,0.9985641935009358,0.9967224731170313,0.9988782946766627,0.9973542551326219,0.015736836523334474,0.21090675105485235,0.5736407405901451,0.1750499203407338,3.449056891438664e+18,1.425334035277529e+18,363.94187006052294,150.40016752041456,0.03773216516704073,0.015653605672186953,0.9910656464849534,0.006575462700674405,0.9972254524596713,1.0,1.0,0.005744639897615318,0.00627165220007068,0.0004012471960049868,14.316959606974855,83.33246316801024,34.43741281615457,21,0.001,25,2.0396008491516113,0.5406150095852156
S1,1,34,1,MGCUBED,hyb,sample,50000,10,1001,9.549562482298695e-20,0.21166267634875116,1.25,7.07e-06,10100.0,3.16e-11,5,0.001,0.7126877697191712,0.015225032894283091,0.7732913905372205,0.00949130414659379,0.6840037396612452,0.9427677889107308,0.9691093311881236,0.8093188192842563,0.8457617545755778,0.7355940194822611,0.7885766097155293,0.7126877697191712,0.7732913905372205,0.7159079808329673,0.7760361106476668,0.7367980783547267,0.7950170610396456,0.7495082585331516,0.802910273888102,0.7727494727799238,0.8036054355944321,0.952058923331197,0.944145370092647,1.0784978957774467,1.0657597939344359,3.6805261370997497,0.21090675105485235,0.5736407405901451,0.26457834543593894,3.449056891438664e+18,1.425334035277529e+18,1.5561073335162314,0.6430664424559519,2.3003323018441426,1.4786541872082797,0.3779078361514272,0.09576631352943982,0.5197226745896394,0.0,0.0,0.01680785567654582,0.0955949248208518,0.0021195634935660614,7.929866563358963,83.33246316801024,34.43741281615457,21,0.001,25,1.6294748783111572,0.5406150095852156
S1,1,35,1,MGCUBED,hyb,sample,50000,10,1001,7.0234331926484275e-19,0.47676559870083773,1.25,7.07e-06,10100.0,3.16e-11,1,0.0001,0.7618292364005994,0.012925034418313879,0.7926985595132141,0.023869365107423348,0.7362948073576432,0.785245465125399,0.809375846793262,0.7775400115085835,0.8033217424520235,0.7618292364005994,0.7926985595132141,0.7626147997144335,0.7950106590525576,0.7816119319413773,0.8116597824559811,0.8347093202977515,0.8595986274775111,0.8887153855707771,0.8939987058280565,0.9737571926573665,0.9656173554014822,1.0003103366478394,0.9887916903428293,1.008514471884359,0.999207389734291,1.1272092733165677,0.21090675105485235,0.5736407405901451,0.5959569983760472,3.449056891438664e+18,1.425334035277529e+18,5.080949783430873,2.099719107514989,0.5413307971479191,0.2759393639424222,0.6484899844072893,0.11542364803245311,0.7961952904974661,0.0,0.0,0.045518537151814704,0.11441247420164523,0.0020687368560281835,22.003058058919496,83.33246316801024,34.43741281615457,21,0.001,25,3.0723299980163574,0.5406150095852156
S1,1,36,1,MGCUBED,hyb,sample,50000,10,1001,6.038663304730722e-20,3.746564993134247,1.25,7.07e-06,10100.0,3.16e-11,3,0.001,0.7036639515584823,0.009831092562604673,0.7511122496112311,0.012609374600859034,0.698148886094261,0.8186061680605832,0.8460571451131258,0.7508760668091126,0.7919902695860923,0.7116720314000605,0.7635557953763997,0.7036639515584823,0.7511122496112311,0.7150222607864227,0.752138449719461,0.8062668619948111,0.8208774344843546,0.9603669052338579,0.9616146429318067,0.9954672598056874,0.9935483139489486,1.0154461828335783,1.0152958166143518,1.2415515851644037,1.250785205774759,103.0247461210748,0.21090675105485235,0.5736407405901451,4.683206241417809,3.449056891438664e+18,1.425334035277529e+18,0.055591437288361426,0.022973343186591208,0.20873361719822134,0.20228368540883102,0.022374300586818354,0.009064448769812645,0.04369968432746732,0.0,0.0,0.009339097881889481,0.008426623858618339,0.0006445743076423662,14.488783948042744,83.33246316801024,34.43741281615457,21,0.001,25,1.6060097217559814,0.5406150095852156
S1,1,37,1,MGCUBED,hyb,sample,50000,10,1001,1.8838764849545306e-19,0.14988117171074644,1.25,7.07e-06,10100.0,3.16e-11,2,0.001,0.8030786114452602,0.013583105412717136,0.8420692996041119,0.013092352067082695,0.7823779012468532,0.8737650141651967,0.903692160140559,0.84042688931892,0.8722254323154474,0.810142840009038,0.8461027018174667,0.8030786114452602,0.8420692996041119,0.8173371657376244,0.8579972251364291,0.8320531896029237,0.8716352704745717,0.8408120374704018,0.8704844414703633,0.9218957931225727,0.9236947100399062,1.0121397539480903,1.0011218141122364,1.0319277853350086,1.0207537610718436,1.321124516639917,0.21090675105485235,0.5736407405901451,0.18735146463843305,3.449056891438664e+18,1.425334035277529e+18,4.335165717540087,1.7915214043340466,1.9120618887397725,1.0004490903216925,0.617357412052091,0.10699451395860458,0.7533296407539153,0.0,0.0,0.01922401759146148,0.10678394093853212,0.0021185379550411284,9.074190786016988,83.33246316801024,34.43741281615457,21,0.001,25,1.7545490264892578,0.5406150095852156
S1,1,38,1,MGCUBED,hyb,sample,50000,10,1001,3.233360961695074e-19,0.3840010543211724,1.25,7.07e-06,10100.0,3.16e-11,3,0.001,0.7332602583397335,0.027748704052049565,0.7695947015657123,0.02392366635933344,0.6874934777157132,0.8478695090172577,0.8742906417844255,0.8041260317743063,0.8285553755562448,0.750078977133966,0.7795123857800463,0.7332602583397335,0.7695947015657123,0.7510094643902953,0.7897226048790191,0.8099517077140316,0.8475846239631984,0.831948081688657,0.866247715151159,0.862603314261483,0.8752392194011283,0.9846219101699798,0.973733315583296,1.0338751968729976,1.0210675437173056,1.9720926926821338,0.21090675105485235,0.5736407405901451,0.4800013179014655,3.449056891438664e+18,1.425334035277529e+18,2.904170647957583,1.2001580139379242,0.9468990863805175,0.5336159202929464,0.5221383512158024,0.11537941413792797,0.6797310867596373,0.0,0.0,0.032672860361710854,0.11485584819936039,0.0021717208436494834,15.044687008117267,83.33246316801024,34.43741281615457,21,0.001,25,2.543102979660034,0.5406150095852156
S1,1,39,1,MGCUBED,hyb,sample,50000,10,1001,1.7555881863663253e-19,0.13334441851922502,1.25,7.07e-06,10100.0,3.16e-11,4,0.001,0.7692218577931774,0.01209826027256745,0.8175439161334545,0.024945292159552986,0.7569989106370476,0.9403048400484092,0.9535763433093788,0.8387014576317398,0.8712049460396891,0.7812250678890406,0.8300811099013898,0.7692218577931774,0.8175439161334545,0.7889495369736645,0.8361439177619351,0.8161960444242509,0.8634599773626714,0.8262036835585305,0.8689244802299225,0.8523628471630154,0.8710506680857317,0.9740722979827066,0.9655920803867677,1.0370824582633453,1.025742456380058,1.2612503208913148,0.21090675105485235,0.5736407405901451,0.16668052314903126,3.449056891438664e+18,1.425334035277529e+18,4.5409651187177955,1.8765686796244139,2.0856450432072497,1.082753830706697,0.6282342248963357,0.10479682836444264,0.761195979807791,0.0,0.0,0.01804435603061611,0.10460517570331017,0.0021078075832530957,8.560722607690433,83.33246316801024,34.43741281615457,21,0.001,25,1.7523188591003418,0.5406150095852156
S1,1,40,1,MGCUBED,hyb,sample,50000,10,1001,1.2354540651118376e-17,0.38558945870417743,1.25,7.07e-06,10100.0,3.16e-11,2,0.001,0.8158408914865799,0.01859329889636559,0.8505020466456014,0.020323449532537823,0.8018150015405439,0.891171933526244,0.9370512335047956,0.867986965942598,0.9130273447753179,0.81792375589374,0.859748491107571,0.8158408914865799,0.8505020466456014,0.8787653821448085,0.8973959488508678,0.9408165174087998,0.9514950706767333,0.9763612180964181,0.9764325663124437,0.9946498092239462,0.9920316669570965,0.997566435506369,0.994738042538812,0.9981770460796284,0.9957013988072523,0.0518259948426931,0.21090675105485235,0.5736407405901451,0.4819868233802218,3.449056891438664e+18,1.425334035277529e+18,110.51005833121161,45.66864286030351,0.04445694984121971,0.01860590466768314,0.9715167227195957,0.01992995779811379,0.9908970245418677,1.0,0.98064,0.01751532610508105,0.01902136314162582,0.0007101594242651841,24.663935317347228,83.33246316801024,34.43741281615457,21,0.001,25,3.518805980682373,0.5406150095852156
S1,1,41,1,MGCUBED,hyb,sample,50000,10,1001,1.464871827027848e-19,3.322139912041958,1.25,7.07e-06,10100.0,3.16e-11,3,0.001,0.7000118402941322,0.017032595735112736,0.7482383810221329,0.011658113970547812,0.6650995156838521,0.8244745355286766,0.8534216886679055,0.7778630969968383,0.809806487983751,0.7213398847718967,0.7639466755637704,0.7000118402941322,0.7482383810221329,0.7006486398946927,0.7461035322813232,0.7192960276770041,0.7547366678187444,0.8420517527214978,0.8530373047894413,0.9747371933053195,0.972713930856103,1.0139903870185751,1.008379852299891,1.1931364024300017,1.1995486613257698,37.65887915092168,0.21090675105485235,0.5736407405901451,4.152674890052447,3.449056891438664e+18,1.425334035277529e+18,0.15208348846991412,0.06284899876774362,0.22656900655933546,0.2090201310785304,0.05858047332399493,0.022886271346344647,0.11042820740679983,0.0,0.0,0.0223329101414475,0.021465272482117558,0.0010234194118891112,21.82185512801989,83.33246316801024,34.43741281615457,21,0.001,25,2.4956250190734863,0.5406150095852156
S1,1,42,1,MGCUBED,hyb,sample,50000,10,1001,9.469720646950188e-18,0.9146432404154272,1.25,7.07e-06,10100.0,3.16e-11,1,0.001,0.7896659606344014,0.01232046546707113,0.8168678336330236,0.009819286490827993,0.7800555619571088,0.8184277040159369,0.8440673444225644,0.8147323149473424,0.8406936019864201,0.7982563107957101,0.8258790623990514,0.7896659606344014,0.8168678336330236,0.8342991833204026,0.8530567324094906,0.9138297624508429,0.9273543633517841,0.9607615170363879,0.9608479208231209,0.98951500642204,0.9849776151889058,0.9946849679635905,0.98968860211577,0.9965467600794173,0.992502229883323,0.16038496697634286,0.21090675105485235,0.5736407405901451,1.143304050519284,3.449056891438664e+18,1.425334035277529e+18,35.70966669204026,14.757136494594253,0.055508687785376556,0.0238263664284276,0.9189825658793794,0.050045430924797664,0.9722121893057167,0.95816,0.78172,0.04561295846309328,0.047683960405937705,0.0011677381273944413,39.0609481638395,83.33246316801024,34.43741281615457,21,0.001,25,0.556359052658081,0.5406150095852156
S1,1,43,1,MGCUBED,hyb,sample,50000,10,1001,2.327994932027382e-19,0.40462008473203953,1.25,7.07e-06,10100.0,3.16e-11,4,0.001,0.7187223983872,0.020024006425091993,0.7639945499002927,0.03572299150507016,0.6992785276786635,0.8947633923508083,0.8976994740150117,0.8072820898971738,0.8277087990046029,0.7350158000581868,0.7785170948332395,0.7187223983872,0.7639945499002927,0.7395954544631194,0.7825632746026958,0.7851302473430134,0.8279924793799942,0.80278736469538,0.8437377979388693,0.823200954853516,0.845728005652149,0.9621072108629578,0.9530860754075107,1.049515575525413,1.0363191695766454,2.8861207935518007,0.21090675105485235,0.5736407405901451,0.5057751059150494,3.449056891438664e+18,1.425334035277529e+18,1.984426197938445,0.8200706133433021,1.0863113387210288,0.6624936297347657,0.432367008059683,0.1083267889542412,0.589136689107997,0.0,0.0,0.02901010330055711,0.10788730874519667,0.0021571036385238072,13.448636765737362,83.33246316801024,34.43741281615457,21,0.001,25,2.2851529121398926,0.5406150095852156
S1,1,44,1,MGCUBED,hyb,sample,50000,10,1001,6.80569938469771e-18,0.4558105441597102,1.25,7.07e-06,10100.0,3.16e-11,5,0.001,0.65918239063382,0.020371476857132274,0.673138873855704,0.03701244097217944,0.593214626009839,0.8798326589298033,0.9099868335091157,0.8083125123314694,0.8312115501839162,0.7028751219360618,0.7120363412835544,0.65918239063382,0.673138873855704,0.6889753319015661,0.7171380162043353,0.7876742162505244,0.8134741571146087,0.9080605712284637,0.9256182672910389,0.9588782574354692,0.9632852622899908,0.9906126428887289,0.9870812720392136,0.9997409192377299,0.995744933431155,0.11121431803303013,0.21090675105485235,0.5736407405901451,0.5697631801996377,3.449056891438664e+18,1.425334035277529e+18,51.497809045037776,21.281637933057752,0.0787695758155587,0.03343216032038806,0.9421430601237327,0.03734014803052603,0.9803006192408735,0.984,0.90064,0.030372359602290542,0.03593417790035052,0.000999178796920213,30.397321976715094,83.33246316801024,34.43741281615457,21,0.001,25,3.5570921897888184,0.5406150095852156
S1,1,45,1,MGCUBED,hyb,sample,50000,10,1001,3.2523999332326308e-18,0.1742586390432743,1.25,7.07e-06,10100.0,3.16e-11,2,0.001,0.7711846716291014,0.013666248498348344,0.8004946030140744,0.024111692724579047,0.7658776834917681,0.8306903960253902,0.8659619710192169,0.8045777229296529,0.8416446508293431,0.7740896039988132,0.8117660700717702,0.7711846716291014,0.8004946030140744,0.816368930187253,0.8310290905433542,0.9153221926112891,0.9262164727271058,0.962128616339889,0.9628354373391803,0.9908354439584226,0.9873756000671257,0.9968730369356988,0.9932367250464276,0.9978635156287607,0.9946394011907558,0.08896915627356392,0.21090675105485235,0.5736407405901451,0.21782329880409287,3.449056891438664e+18,1.425334035277529e+18,64.37392409936658,26.602734570993736,0.1663196490275344,0.07022489760703153,0.953673950170301,0.03017982896718058,0.9831533895516242,0.99724,0.939,0.01814820315179845,0.029560974361113466,0.000900906507514923,20.144380133138107,83.33246316801024,34.43741281615457,21,0.001,25,2.169757843017578,0.5406150095852156
S1,1,46,1,MGCUBED,hyb,sample,50000,10,1001,1.0572741676952263e-17,2.106546579951798,1.25,7.07e-06,10100.0,3.16e-11,2,0.001,0.7090316861986641,0.012734274545238494,0.7415854684066965,0.02180466369817507,0.6589302536035854,0.7768982798828611,0.7993614777049919,0.7717451841406835,0.7945308728145333,0.7431703739515013,0.7684374626152264,0.7090316861986641,0.7415854684066965,0.7323439157401073,0.7654983791574892,0.822923726382991,0.8433287146237815,0.9042916050438963,0.9211512718886841,0.9526978735038549,0.9525102929569714,0.9900927631636195,0.9834891612137305,0.9974686765542236,0.9908527274709558,0.33085106963852,0.21090675105485235,0.5736407405901451,2.6331832249397475,3.449056891438664e+18,1.425334035277529e+18,17.310790983376876,7.153740962472382,0.04657598091538216,0.020740146277779557,0.8496752352629099,0.08035006980042456,0.944468969006739,0.81376,0.275,0.0818960156333555,0.07571120381242855,0.0015322852624832873,53.446977294966146,83.33246316801024,34.43741281615457,21,0.001,25,0.538179874420166,0.5406150095852156
S1,1,47,1,MGCUBED,hyb,sample,50000,10,1001,5.130768923160485e-19,0.27168415030464127,1.25,7.07e-06,10100.0,3.16e-11,5,0.001,0.670611629598483,0.027547340637430678,0.6957972964841999,0.03404335988629906,0.6456131766426284,0.9124031886002305,0.8883233047566963,0.8022058500045299,0.7848146401982019,0.7004307240671065,0.7112063442811714,0.670611629598483,0.6957972964841999,0.7062084215746757,0.7364580799426079,0.8051335108970685,0.8367708240423205,0.8724865208944756,0.9036221769051366,0.8966708634829825,0.9149309410174993,0.9541366386561219,0.9497499530233984,1.0151000688088196,1.004651184949038,0.8792875926965167,0.21090675105485235,0.5736407405901451,0.3396051878808016,3.449056891438664e+18,1.425334035277529e+18,6.513561388458991,2.6917505364684295,0.7976150451619723,0.3919041342225501,0.7007352828356483,0.10770341776589205,0.8290273738348163,0.08428,0.0,0.030970278397548703,0.10719059120207218,0.001984690033942113,15.604592086369093,83.33246316801024,34.43741281615457,21,0.001,25,2.368112087249756,0.5406150095852156
S1,1,48,1,MGCUBED,hyb,sample,50000,10,1001,5.1477350772143906e-20,2.559125406386896,1.25,7.07e-06,10100.0,3.16e-11,2,0.001,0.7174673217262926,0.010049865868162885,0.7577595846299904,0.01381336267748436,0.7166027113579763,0.7929106830753582,0.8204438071897838,0.7487102463818577,0.7874918422586427,0.721553982424133,0.7680339041873637,0.7174673217262926,0.7577595846299904,0.738432632150722,0.7653041187932398,0.8694854620616385,0.8744762579982964,0.9792303524499324,0.9770859339977603,0.9971308744240017,0.9941747102886309,1.014601555692365,1.0143326120670126,1.2408366411767071,1.2500632639345803,82.55140661593929,0.21090675105485235,0.5736407405901451,3.19890675798362,3.449056891438664e+18,1.425334035277529e+18,0.06937851149871554,0.028670896673659938,0.3038938881355766,0.292325677990252,0.027752119009890813,0.010872004722832491,0.05171489934972676,0.0,0.0,0.00886352444856148,0.01040496314153349,0.0007166446924647134,12.368087759190248,83.33246316801024,34.43741281615457,21,0.001,25,1.4286839962005615,0.5406150095852156
S1,1,49,1,MGCUBED,hyb,sample,50000,10,1001,6.507026818510428e-20,0.23167104022714924,1.25,7.07e-06,10100.0,3.16e-11,4,0.001,0.7159282445013384,0.008374964059981694,0.7801933172865464,0.01213135679633044,0.7072498614152212,0.8764841503652134,0.9023827261893581,0.779870239309648,0.8332693948986669,0.7293212424413502,0.7984606530869458,0.7159282445013384,0.7801933172865464,0.7184934340497077,0.7773049738929323,0.7253784767332216,0.7821593530215805,0.7293969638490659,0.7812870293177447,0.7811151030694008,0.805774506206306,0.9961288828973673,0.9876275589800866,1.094986833188448,1.084434324158797,5.91205205940813,0.21090675105485235,0.5736407405901451,0.2895888002839365,3.449056891438664e+18,1.425334035277529e+18,0.9687488634381984,0.40033863463438973,2.4659551149539936,1.7539932506748415,0.27781405712392193,0.07866345655356687,0.4011561853817546,0.0,0.0,0.013636138115152291,0.07852754369162745,0.0019601435016491898,6.956703988090345,83.33246316801024,34.43741281615457,21,0.001,25,1.4575631618499756,0.5406150095852156
S1,1,50,1,MGCUBED,hyb,sample,50000,10,1001,3.969433000442222e-18,0.5096419733847709,1.25,7.07e-06,10100.0,3.16e-11,3,0.001,0.7067924485896766,0.02070611279505788,0.7389269980098065,0.016708586413561297,0.665257892622207,0.8332729807038197,0.8587943284071906,0.8029377908231927,0.8304072927448942,0.7358334902757968,0.7671680134013761,0.7067924485896766,0.7389269980098065,0.7173070230992786,0.7484251375827224,0.7952977457509369,0.8160320087539794,0.9080592540521527,0.9240715922814854,0.9559852215025332,0.956802763014687,0.9910337373544891,0.985672544631036,0.9988166629144327,0.9933964236976138,0.21319931763118422,0.21090675105485235,0.5736407405901451,0.6370524667309636,3.449056891438664e+18,1.425334035277529e+18,26.86356493432495,11.1014560255079,0.12971409540194967,0.05633627373579506,0.897509493908241,0.05923976856662274,0.9614783452124347,0.92956,0.64616,0.04342090835361381,0.057465255360337475,0.001301644341778243,33.358504285659386,83.33246316801024,34.43741281615457,21,0.001,25,3.5776469707489014,0.5406150095852156
S1,1,51,1,MGCUBED,hyb,sample,50000,10,1001,2.9896873431088236e-19,0.43165901808196183,1.25,7.07e-06,10100.0,3.16e-11,4,0.001,0.7052704096650989,0.022236284095959145,0.7461729129570253,0.0397676448686444,0.682982721314731,0.8833092014444401,0.8982101305643703,0.8067612310672558,0.8300375008347206,0.7287454266371057,0.7689677861214597,0.7052704096650989,0.7461729129570253,0.7273814718541848,0.765875659313451,0.7897619302412976,0.8294106962468675,0.8168050438345379,0.8554243145612748,0.8358479595311522,0.8574542113166684,0.9584310524123234,0.9497203378042445,1.0411381422182617,1.0280166007654252,2.397530513935446,0.21090675105485235,0.5736407405901451,0.5395737726024523,3.449056891438664e+18,1.425334035277529e+18,2.3888303735237866,0.9871919608922275,0.932629926114734,0.5468891881229189,0.47583537358128075,0.11296440736611574,0.6356639613802902,0.0,0.0,0.03305850797452728,0.11241783696901342,0.0021725026662666497,15.216785916003902,83.33246316801024,34.43741281615457,21,0.001,25,2.482135057449341,0.5406150095852156
S1,1,52,1,MGCUBED,hyb,sample,50000,10,1001,6.11925222455879e-20,0.13105363299333067,1.25,7.07e-06,10100.0,3.16e-11,2,0.001,0.7260449633279131,0.005183930220013157,0.7869165100336412,0.00679947176759513,0.725952895768235,0.7979807567990043,0.8439660629338682,0.755229744613914,0.8156689097908657,0.7323571128214815,0.798114640990915,0.7260449633279131,0.7869165100336412,0.7263024116347336,0.7831920540196281,0.7274149175067993,0.7815443536500498,0.7504675138937389,0.7908909406397377,0.899833674851321,0.9106037083886214,1.0340807824454281,1.0247050905349746,1.0811642846046658,1.0716624071347303,3.556311612832396,0.21090675105485235,0.5736407405901451,0.16381704124166335,3.449056891438664e+18,1.425334035277529e+18,1.6104589070521944,0.6655274078937773,3.665127932648699,2.3384283157158365,0.38752103924206377,0.08920358793957363,0.5218261780448611,0.0,0.0,0.013108412955121973,0.08908955564611978,0.0021379118247104568,6.131409538790161,83.33246316801024,34.43741281615457,21,0.001,25,1.3354690074920654,0.5406150095852156
S1,1,53,1,MGCUBED,hyb,sample,50000,10,1001,5.901735765075303e-20,2.5018831345655914,1.25,7.07e-06,10100.0,3.16e-11,1,0.0001,0.7432009790554869,0.015276589582866602,0.7793857280129124,0.01983830708201952,0.7308097608955058,0.7802089769584264,0.8090042106745189,0.7585144302351937,0.792427652037642,0.7432009790554869,0.7793857280129124,0.74421392880469,0.7725074682993902,0.8102812714720267,0.8187118912149216,0.9530847804690532,0.9489086338113157,0.9919246570850329,0.9865785430172526,0.9971283931509275,0.9936939369596498,1.0142330480188038,1.0144186245796163,1.2439496102773164,1.2533478510906308,70.39411542337186,0.21090675105485235,0.5736407405901451,3.1273539182069894,3.449056891438664e+18,1.425334035277529e+18,0.08136040461185401,0.033622453171207316,0.30935777296935596,0.2957008032108797,0.032366557129317755,0.012619547650195068,0.0600168408504577,0.0,0.0,0.010149998261972118,0.012093118087282619,0.0007720964674159287,13.146023444379146,83.33246316801024,34.43741281615457,21,0.001,25,1.525852918624878,0.5406150095852156
S1,1,54,1,MGCUBED,hyb,sample,50000,10,1001,5.435337813228517e-19,0.4399401880070264,1.25,7.07e-06,10100.0,3.16e-11,4,0.001,0.6612946926765899,0.027253969337241245,0.6892630933900427,0.03190102291455957,0.607242021858166,0.8174233472550853,0.8290121136984496,0.7558541189352832,0.7738547490506285,0.6824885030850958,0.7100037245375639,0.6612946926765899,0.6892630933900427,0.6779102669953601,0.7094488953855477,0.7814700138746358,0.8131856193415109,0.8521863293369749,0.8843728396748354,0.874667977222569,0.892673880748885,0.9582656519719144,0.9507149792510317,1.021765469337239,1.0099112571258995,1.3440523744954591,0.21090675105485235,0.5736407405901451,0.549925235008783,3.449056891438664e+18,1.425334035277529e+18,4.261213195124962,1.7609602826968402,0.6586219367862712,0.34562921921976464,0.6102147416342389,0.11692008576144008,0.7625499753834403,0.0,0.0,0.04094509707448688,0.1161113383641601,0.0021155750581301333,19.35412166877998,83.33246316801024,34.43741281615457,21,0.001,25,2.8674259185791016,0.5406150095852156
S1,1,55,1,MGCUBED,hyb,sample,50000,10,1001,7.574006680432224e-19,0.10495162959816752,1.25,7.07e-06,10100.0,3.16e-11,3,0.001,0.7677621941090188,0.03086559951811474,0.7950835465118664,0.021251787815642804,0.7370289474044849,0.8868958302786962,0.8860245382121553,0.8200119358772678,0.8267739935660631,0.7734145751873476,0.7952005457915883,0.7677621941090188,0.7950835465118664,0.8226002612881841,0.8448334218045384,0.9124919765265366,0.9320667486415373,0.9366435872253028,0.9508546906410806,0.963722495888749,0.9625402531879438,0.9952262934985432,0.9895168265040993,1.0015419807037023,0.9959028725547643,0.23009787086875236,0.21090675105485235,0.5736407405901451,0.1311895369977094,3.449056891438664e+18,1.425334035277529e+18,24.890685391895392,10.286157105299408,0.6753901293412924,0.2944131834184821,0.8937590634185185,0.05647409355367008,0.9498089761040067,0.9214,0.63408,0.01552915003190915,0.05620939118616898,0.0013298584076400254,11.677295825400893,83.33246316801024,34.43741281615457,21,0.001,25,1.622082233428955,0.5406150095852156
S1,1,56,1,MGCUBED,hyb,sample,50000,10,1001,2.159584830922529e-18,7.61553738674474,1.25,7.07e-06,10100.0,3.16e-11,1,0.001,0.699594410941029,0.005015978833349365,0.7450215516148901,0.014682231950634414,0.6753967603490605,0.7343318412686018,0.7762357309852244,0.7323929859816873,0.7744735197937912,0.7199110688851211,0.7632169557149014,0.699594410941029,0.7450215516148901,0.7018765352959287,0.7464625941109384,0.7274372843318215,0.7658593154920087,0.8180420824240817,0.8270330696913751,0.9606391493770456,0.9521747784476167,1.000084758687072,0.986829303222353,1.055861979195198,1.0515421996186998,5.855707618954985,0.21090675105485235,0.5736407405901451,9.519421733430924,3.449056891438664e+18,1.425334035277529e+18,0.9780703009487324,0.4041907491571904,0.07481063220909272,0.05310650366482176,0.27577518076832375,0.09401569772435975,0.48033755694546143,0.0,0.0,0.12752010055206703,0.08330207914520155,0.001936657335607639,65.84546383475565,83.33246316801024,34.43741281615457,21,0.001,25,0.5701160430908203,0.5406150095852156
S1,1,57,1,MGCUBED,hyb,sample,50000,10,1001,4.687788211445746e-18,0.40384204055361944,1.25,7.07e-06,10100.0,3.16e-11,1,0.001,0.777248374956394,0.007226743847550252,0.8048800587840622,0.01499049969599759,0.7703716999324582,0.8131389374085238,0.8383917134061474,0.8054827358639663,0.8313981364089724,0.7844427227484563,0.8124287004557313,0.777248374956394,0.8048800587840622,0.8195907803970408,0.839958576607142,0.9082713864401037,0.9197619041793412,0.9653743898261086,0.9633201946875228,0.9913294976569447,0.9867207493138656,0.9952154069111947,0.9905371120892728,0.9968818163479372,0.9931521806684506,0.14305157465713958,0.21090675105485235,0.5736407405901451,0.5048025506920243,3.449056891438664e+18,1.425334035277529e+18,40.03656532174525,16.545241497855518,0.11290654266491448,0.04827335188050293,0.9277496883392978,0.04478357509849541,0.9741863336003869,0.96844,0.83348,0.03314803273882856,0.04340328345845462,0.00110959987169609,29.87386136604342,83.33246316801024,34.43741281615457,21,0.001,25,3.2784879207611084,0.5406150095852156
S1,1,58,1,MGCUBED,hyb,sample,50000,10,1001,2.154450224461424e-19,6.39680156037659,1.25,7.07e-06,10100.0,3.16e-11,1,0.001,0.703878683545739,0.007703571811806032,0.7497366417955573,0.01377766884369692,0.6938284329912268,0.7362228130098235,0.7902719448648783,0.7281300914451457,0.7810118361545143,0.7109491362563265,0.7609901508055965,0.703878683545739,0.7497366417955573,0.7306264812433158,0.7597336279970569,0.8978998047927526,0.8979149940148743,0.9827689042598895,0.9763070911352623,0.9946668919383173,0.989416292343529,1.0113541090802334,1.0102813675241373,1.235505176310276,1.2445399011994391,49.30324579032363,0.21090675105485235,0.5736407405901451,7.996001950470738,3.449056891438664e+18,1.425334035277529e+18,0.11616463827748921,0.048005416507799194,0.11933383052138576,0.11204664300424134,0.04542966597648746,0.018974200997994597,0.09322764356901134,0.0,0.0,0.024506738693540028,0.01681925394780045,0.0009055920105955463,27.06156680581094,83.33246316801024,34.43741281615457,21,0.001,25,2.66093111038208,0.5406150095852156
S1,1,59,1,MGCUBED,hyb,sample,50000,10,1001,5.183866206480977e-19,0.8095480884977594,1.25,7.07e-06,10100.0,3.16e-11,4,0.001,0.6651501610647154,0.020736383720521587,0.6887533153225872,0.029200231464897402,0.5864667745806853,0.8072147887276554,0.8523033625099773,0.7592600489427411,0.8026503369541217,0.6881339991905779,0.7228163258651187,0.6651501610647154,0.6887533153225872,0.6709217115206337,0.6991335707376488,0.7419876507499902,0.7800157994956998,0.8066309112494899,0.8441283056031222,0.8316079034337978,0.8530135845146471,0.9517155598845319,0.9428805115225918,1.0359371865767724,1.0224492372404275,2.59321165740309,0.21090675105485235,0.5736407405901451,1.0119351106221992,3.449056891438664e+18,1.425334035277529e+18,2.208571636175101,0.9126994484210678,0.5166549595608546,0.3079892762980613,0.45651920906229626,0.11353647707860073,0.6281595097399774,0.0,0.0,0.05250363769258301,0.11214467803654518,0.0021647419201621214,24.25399406902552,83.33246316801024,34.43741281615457,21,0.001,25,3.062998056411743,0.5406150095852156
S1,1,60,1,MGCUBED,hyb,sample,50000,10,1001,9.699412356383665e-20,3.734256957987972,1.25,7.07e-06,10100.0,3.16e-11,3,0.001,0.7016149840995856,0.014374164167044406,0.7493558473837328,0.011037381414815155,0.6750124793893599,0.8245830614621973,0.8570167694074652,0.7712362369149522,0.8062853054362099,0.7204770415069153,0.763742383752171,0.7016149840995856,0.7493558473837328,0.7054445167446661,0.7479004857397595,0.7451344842549739,0.7715287267245816,0.9155886230041353,0.9201821427939691,0.9896887129988723,0.9874731375058621,1.014418250878849,1.0122499229532915,1.2267946886664107,1.2352519721826956,63.930466483608015,0.21090675105485235,0.5736407405901451,4.667821197484965,3.449056891438664e+18,1.425334035277529e+18,0.08958629630221115,0.037021829802504944,0.2065845742791344,0.19661839907033776,0.03549151404052742,0.014240050756781083,0.06874826672155762,0.0,0.0,0.014707665592303347,0.013236410149233982,0.0008062345148519591,18.242416221791213,83.33246316801024,34.43741281615457,21,0.001,25,1.8729019165039062,0.5406150095852156
S1,1,61,1,MGCUBED,hyb,sample,50000,10,1001,2.1801823019364725e-19,1.0961423221434758,1.25,7.07e-06,10100.0,3.16e-11,2,0.001,0.7219961349554247,0.012228138286731737,0.7663206594220711,0.021284171023433794,0.6962310750944892,0.7906966232160082,0.8442860042996475,0.7668740221614423,0.8195081771648857,0.7322384065100944,0.7792536197751926,0.7219961349554247,0.7663206594220711,0.7251177319404255,0.7694147499403844,0.742196143871076,0.7809037921304405,0.7831176677619431,0.8037954164701453,0.9363872717318091,0.9341915454354404,1.0140208964703148,1.0015191736265578,1.0723848202761408,1.0664803658872393,8.348784170411722,0.21090675105485235,0.5736407405901451,1.3701779026793448,3.449056891438664e+18,1.425334035277529e+18,0.6860033265007308,0.2834931172060904,0.5686296439321936,0.43287710217101044,0.2149214473271019,0.06991119128075667,0.3393736930646472,0.0,0.0,0.033387564736853906,0.06896210252178316,0.001790809775135146,18.64383654837615,83.33246316801024,34.43741281615457,21,0.001,25,2.6048028469085693,0.5406150095852156
S1,1,62,1,MGCUBED,hyb,sample,50000,10,1001,1.2668328622034632e-19,6.573936812472679,1.25,7.07e-06,10100.0,3.16e-11,1,0.0001,0.7216474666030264,0.017975131243893543,0.7611698031437731,0.022274295234888945,0.701547464937292,0.7557497152853396,0.7895003565503378,0.7408821864857564,0.777301754179836,0.7216474666030264,0.7611698031437731,0.7217426690691124,0.7536835428206661,0.8045446691794373,0.8124672487084738,0.9555793431512066,0.9500536108916593,0.9911046326087398,0.9851042570644498,0.996718228684794,0.9935639009847963,1.0146196524930162,1.0151659703828293,1.2463598418386477,1.255868377115642,86.16984314139108,0.21090675105485235,0.5736407405901451,8.21742101559085,3.449056891438664e+18,1.425334035277529e+18,0.06646517510472316,0.02746695088521051,0.11843950950408386,0.11410844398416589,0.02660186687031093,0.011301621354240175,0.05551245841323844,0.0,0.0,0.01468905197699253,0.009991621481494125,0.0006998704378159542,20.988244656870805,83.33246316801024,34.43741281615457,21,0.001,25,2.137072801589966,0.5406150095852156
S1,1,63,1,MGCUBED,hyb,sample,50000,10,1001,1.9941870289723087e-18,0.13283029121381526,1.25,7.07e-06,10100.0,3.16e-11,3,0.001,0.7384699936297217,0.022044074922237086,0.7731182192995752,0.018923797354848927,0.7081188656170253,0.8692051749015907,0.8631543387452114,0.8059994070365659,0.812443606936041,0.750551973823846,0.7769115899875108,0.7384699936297217,0.7731182192995752,0.7738671167978868,0.7991156091546305,0.9009822642359435,0.9163159765981026,0.9510309270331809,0.9589759414450807,0.9803818969926057,0.9777923039666684,0.9963682807020608,0.992349275810744,0.9988374053021968,0.995045180549854,0.11060641988945663,0.21090675105485235,0.5736407405901451,0.16603786401726908,3.449056891438664e+18,1.425334035277529e+18,51.78084345251492,21.398602827180888,0.2688883172813539,0.11410811631065494,0.9438802469219264,0.03519737380672588,0.9778102806024492,0.9886,0.9104,0.01646800950177962,0.03475328840550952,0.0009881842243517067,16.66491843925496,83.33246316801024,34.43741281615457,21,0.001,25,1.822448968887329,0.5406150095852156
S1,1,64,1,MGCUBED,hyb,sample,50000,10,1001,2.3507418133068073e-19,0.31426709813664666,1.25,7.07e-06,10100.0,3.16e-11,4,0.001,0.7346445179561225,0.02535603606189624,0.7761465050254617,0.024121419831146112,0.6877760088324602,0.9090287133360648,0.9405274816859753,0.832417959655654,0.8602766481353974,0.7581622052887721,0.792250280817421,0.7346445179561225,0.7761465050254617,0.7490335516575393,0.7931819591200446,0.7980934015891081,0.8410710782004089,0.8176553724772037,0.858041366906393,0.8364223513208155,0.8583940364503656,0.9622346974673925,0.9534214446149691,1.0440006041201757,1.0308186676684867,2.2199494263011577,0.21090675105485235,0.5736407405901451,0.3928338726708083,3.449056891438664e+18,1.425334035277529e+18,2.5799208059806156,1.0661607067753986,1.2320461431003804,0.711078671225212,0.49458965488868534,0.11250801364258771,0.6496544699535153,0.0,0.0,0.027008201702590787,0.11213825099340043,0.0021764010865570806,12.409570032569656,83.33246316801024,34.43741281615457,21,0.001,25,2.0786399841308594,0.5406150095852156
S1,1,65,1,MGCUBED,hyb,sample,50000,10,1001,2.1066868277219933e-19,0.20888065271357403,1.25,7.07e-06,10100.0,3.16e-11,4,0.001,0.7533667285152934,0.023973800504628807,0.7999312542651006,0.022155961468785484,0.7162006254503313,0.9256089464278332,0.9698952288550453,0.8419352203226216,0.881485124690036,0.7730550026117375,0.8168444568012114,0.7533667285152934,0.7999312542651006,0.7709046946666136,0.8171949721958113,0.8129631825831882,0.8573395250819615,0.828409489529055,0.8692907528219582,0.8482784237024953,0.8690033416071042,0.9669380244718621,0.9583484305957212,1.0396230684884338,1.027140804892393,1.6464454025315374,0.21090675105485235,0.5736407405901451,0.26110081589196754,3.449056891438664e+18,1.425334035277529e+18,3.478581011148581,1.4375349742613448,1.5712341702579036,0.8551677938222481,0.5659022212662359,0.11169738877525934,0.7120185618117264,0.0,0.0,0.022563154362557146,0.11142906329310852,0.002158497548697904,10.453175810261255,83.33246316801024,34.43741281615457,21,0.001,25,1.904388189315796,0.5406150095852156
S1,1,66,1,MGCUBED,hyb,sample,50000,10,1001,3.366892499929648e-18,0.13163752703448905,1.25,7.07e-06,10100.0,3.16e-11,2,0.0001,0.7869327474881127,0.020455114087516404,0.8228444064252052,0.030959606368129507,0.7493100137510686,0.8495009058040512,0.8877588363649747,0.8168487961344922,0.8562364036876682,0.7869327474881127,0.8228444064252052,0.7878392135502486,0.8124633338916583,0.8464193972022203,0.8587635029865244,0.9321194449053058,0.9410756278251885,0.9723462153106468,0.97147079913953,0.9938350774493298,0.9907780721843468,0.9974200242095985,0.9943135669081133,0.9981095543624783,0.9953900022890443,0.06492314689331184,0.21090675105485235,0.5736407405901451,0.16454690879311132,3.449056891438664e+18,1.425334035277529e+18,88.21651425108435,36.45576289208964,0.1622525850792797,0.06811849136197606,0.9655614338616695,0.023072339975743424,0.9876880738147101,1.0,0.9688,0.013768806447665127,0.022603957283219754,0.0007811891442760558,17.625445192821985,83.33246316801024,34.43741281615457,21,0.001,25,1.867846965789795,0.5406150095852156
S1,1,67,1,MGCUBED,hyb,sample,50000,10,1001,1.0520259234790999e-19,0.18592570587621063,1.25,7.07e-06,10100.0,3.16e-11,2,0.001,0.7652421306958218,0.008125887517185808,0.8132191881671126,0.005975138729528253,0.7498836699888052,0.8381135919755559,0.8731364351737616,0.804330540752361,0.8426971681671335,0.7758339748960544,0.8203430342964128,0.7652421306958218,0.8132191881671126,0.7682377902069115,0.8165494879422066,0.7726843198093017,0.8192632772824677,0.7852358379248731,0.8204720527266419,0.903580397484601,0.909850271628633,1.0240419958428615,1.0126442257513033,1.0616609056495316,1.050159983872552,2.934689072853967,0.21090675105485235,0.5736407405901451,0.23240713234526328,3.449056891438664e+18,1.425334035277529e+18,1.9515845021255793,0.80649867518986,2.381841734079111,1.4577912080874469,0.43034669300637673,0.1010054381366673,0.5756702655213409,0.0,0.0,0.017254578599548893,0.10083214457996714,0.0021642610971834967,7.972503235401438,83.33246316801024,34.43741281615457,21,0.001,25,1.560154914855957,0.5406150095852156
S1,1,68,1,MGCUBED,hyb,sample,50000,10,1001,2.820372922122163e-18,0.5569303014947983,1.25,7.07e-06,10100.0,3.16e-11,4,0.001,0.6440048883771919,0.0060456124808443,0.6852994893129734,0.02691135911149249,0.5925142909699026,0.8344255841106284,0.8692798181741436,0.7854735016772618,0.8226522176168146,0.689513802880328,0.7302540236879451,0.6440048883771919,0.6852994893129734,0.6456806020785864,0.6840527016281995,0.7128633811464586,0.7405676715049181,0.8669324699997668,0.8860761687280325,0.9338605243541126,0.941748128735697,0.9792161917995598,0.9736460732290692,1.0010913881195607,0.9941714567153561,0.3279015041135628,0.21090675105485235,0.5736407405901451,0.6961628768684979,3.449056891438664e+18,1.425334035277529e+18,17.46650637856038,7.218090858562137,0.17479065139608835,0.07778653010772134,0.8536596311134297,0.07644223081567851,0.9400052287742513,0.8336,0.28236,0.051856094572627257,0.07449275357234622,0.001520112567940777,34.11332533279045,83.33246316801024,34.43741281615457,21,0.001,25,3.083050012588501,0.5406150095852156
S1,1,69,1,MGCUBED,hyb,sample,50000,10,1001,1.207918576459678e-18,0.44559614373881834,1.25,7.07e-06,10100.0,3.16e-11,3,0.001,0.6445631957871247,0.014040913875618578,0.6901664324610867,0.033330130218965165,0.6319338768146803,0.7588056093898188,0.8004148545822284,0.7236462687174939,0.7646028401917563,0.66451152311705,0.7072873059036503,0.6445631957871247,0.6901664324610867,0.6594017982835018,0.7018385238911893,0.7682677405952191,0.7955504486867628,0.8857213690177549,0.9078127264762225,0.9225110144760146,0.9282362716856121,0.9826151659313777,0.9743809051367093,1.0052612996438033,0.9962083692010539,0.6125659620443966,0.21090675105485235,0.5736407405901451,0.556995179673523,3.449056891438664e+18,1.425334035277529e+18,9.349676717303455,3.863784467311528,0.3691256645121544,0.17346896164772474,0.7655422096903746,0.09975760737462838,0.8831205656692529,0.50312,0.0,0.04704477873912195,0.09851448236669604,0.0018296576859014701,25.71233903567215,83.33246316801024,34.43741281615457,21,0.001,25,3.076219320297241,0.5406150095852156
S1,1,70,1,MGCUBED,hyb,sample,50000,10,1001,7.978312174055098e-20,0.6924449226609019,1.25,7.07e-06,10100.0,3.16e-11,2,0.001,0.7232738876197061,0.008534189039083009,0.772262366249614,0.00903373899885394,0.7202970130154025,0.8016172985561374,0.8343278752896419,0.7602013032032109,0.8032649672530046,0.7304022496555869,0.7824699702113658,0.7232738876197061,0.772262366249614,0.7277857494256892,0.7712044300689858,0.736506945937939,0.7727906450755914,0.8245041474918237,0.8384986251761053,0.9670607616655097,0.9657829538288023,1.0204055662640663,1.0105566755771465,1.124071065864871,1.1243157622214075,14.41196860764325,0.21090675105485235,0.5736407405901451,0.8655561533261273,3.449056891438664e+18,1.425334035277529e+18,0.39739843105831296,0.16422620072150731,0.9923557330514539,0.8267696021239408,0.13852917520232302,0.047468226982594966,0.22228126415885824,0.0,0.0,0.014971538137573194,0.04719381637150327,0.0015084612601289319,9.925039862338618,83.33246316801024,34.43741281615457,21,0.001,25,1.642704963684082,0.5406150095852156
S1,1,71,1,MGCUBED,hyb,sample,50000,10,1001,1.0737518324607357e-19,0.12384325656175146,1.25,7.07e-06,10100.0,3.16e-11,3,0.001,0.7664672155002835,0.010904345719576063,0.8186217480204542,0.00824099005964105,0.7463513749249537,0.8898883817163687,0.9164745641061602,0.8254875435297631,0.8609419133018775,0.781506055130487,0.8279537191198054,0.7664672155002835,0.8186217480204542,0.7701053732452949,0.8233782862023358,0.7767688160715591,0.8287428760445105,0.7802306141494497,0.825914877848331,0.8391857263725653,0.8538168281139231,1.0060327264781643,0.9959506563461911,1.0569708725602152,1.0451628246158957,1.9152150386140747,0.21090675105485235,0.5736407405901451,0.15480407070218932,3.449056891438664e+18,1.425334035277529e+18,2.990418098055236,1.2358000546317813,2.8892469330164716,1.6188224621954177,0.5331769320792639,0.10216542587529576,0.6736738459074462,0.0,0.0,0.015842935777818843,0.1020159086831007,0.0021831931830737995,7.256772282292023,83.33246316801024,34.43741281615457,21,0.001,25,1.5216081142425537,0.5406150095852156
S1,1,72,1,MGCUBED,hyb,sample,50000,10,1001,1.0972483760370419e-19,0.1633138926956013,1.25,7.07e-06,10100.0,3.16e-11,2,0.001,0.7709054574238714,0.008612083462661877,0.8199826861524665,0.006655115355107204,0.7560131145778721,0.8443714570291718,0.87798573776859,0.8093098596460415,0.8468916666713877,0.7809466241412089,0.8256271042319934,0.7709054574238714,0.8199826861524665,0.7743179437936705,0.8231604430163669,0.7788261692959557,0.8256613637172385,0.7902193961661094,0.8258929988565079,0.9037953685725043,0.9099319696828818,1.023314755900345,1.012026831847572,1.0574034156949936,1.045768025863986,2.4715379394111623,0.21090675105485235,0.5736407405901451,0.2041423658695016,3.449056891438664e+18,1.425334035277529e+18,2.3172995331415387,0.9576316072715326,2.50227990348126,1.4766656373222566,0.47131232556661234,0.10317343240451696,0.6166744009551239,0.0,0.0,0.01710754619417468,0.10300464314745787,0.0021822979871674248,7.839234740064029,83.33246316801024,34.43741281615457,21,0.001,25,1.536750078201294,0.5406150095852156
S1,1,73,1,MGCUBED,hyb,sample,50000,10,1001,5.948176134786823e-20,0.8013039557351063,1.25,7.07e-06,10100.0,3.16e-11,2,0.001,0.719464174496225,0.007096891132724353,0.7663038220091019,0.008688392166064169,0.7176892462160372,0.7967311554346652,0.8274592369880303,0.7538585138238407,0.7955159450793683,0.7262677468779062,0.7761600357987105,0.719464174496225,0.7663038220091019,0.7241246183114844,0.7652672797086907,0.7408570847330651,0.7714441102700571,0.8756750008906244,0.8836107359953695,0.9823577443890418,0.9803474067027954,1.0178500511384503,1.0104955525800439,1.1673061599260703,1.1717657622111886,22.369823842258732,0.21090675105485235,0.5736407405901451,1.0016299446688828,3.449056891438664e+18,1.425334035277529e+18,0.2560276626908292,0.10580426855573752,0.9028475799170412,0.7948652226246633,0.09446348911916928,0.03365421775910248,0.15599623096308773,0.0,0.0,0.011544096806574722,0.03342097936151313,0.0012774379945591661,9.036913615958714,83.33246316801024,34.43741281615457,21,0.001,25,1.530339002609253,0.5406150095852156
S1,1,74,1,MGCUBED,hyb,sample,50000,10,1001,1.0090707556134695e-17,2.3974194678014764,1.25,7.07e-06,10100.0,3.16e-11,1,0.001,0.7589846289075579,0.011609143516864292,0.7904693142698888,0.015691121346146718,0.7370562008136264,0.7893864674813555,0.820066638824518,0.7875894910748322,0.818359815987364,0.7760943821273093,0.807415912864888,0.7589846289075579,0.7904693142698888,0.780031861525687,0.8074284548301032,0.8619911403616095,0.882715990759792,0.9227212940114589,0.9312648582880483,0.9740458603248949,0.969142459371354,0.9918602852444186,0.9842473082122554,0.9960467853800999,0.9895871705526428,0.39452225372116845,0.21090675105485235,0.5736407405901451,2.9967743347518456,3.449056891438664e+18,1.425334035277529e+18,14.517035881040298,5.999212533708308,0.04767566704941929,0.021504888493099762,0.8271268514972571,0.08812985387472186,0.934426232662573,0.743,0.15432,0.0916635433040616,0.08285790320361894,0.001622345550566649,56.500628532587015,83.33246316801024,34.43741281615457,21,0.001,25,0.5462160110473633,0.5406150095852156
S1,1,75,1,MGCUBED,hyb,sample,50000,10,1001,8.388331244822989e-20,0.8115435583431009,1.25,7.07e-06,10100.0,3.16e-11,1,0.001,0.7290011804679681,0.007594553112796335,0.770597384220741,0.008636255711458454,0.7300836863737848,0.7645517439196652,0.8051079996438422,0.747170437000697,0.7910504243851879,0.73236038745674,0.7781947334004582,0.7290011804679681,0.770597384220741,0.7358336572844537,0.7686782982576583,0.8031583782620938,0.8158175992288699,0.9542052103143718,0.9528707571220931,0.9951364085114163,0.9896615710295086,1.0127537400695423,1.0051691216781453,1.1676630914902546,1.1726320815122961,16.06517129582469,0.21090675105485235,0.5736407405901451,1.014429447928876,3.449056891438664e+18,1.425334035277529e+18,0.35650374388647815,0.147326337563921,0.8591939077469503,0.7267033385460665,0.12626819673513515,0.043892658764572774,0.20534827299173633,0.0,0.0,0.015519527331026932,0.04357005974555375,0.0014502106637943877,10.701567516005596,83.33246316801024,34.43741281615457,21,0.001,25,1.701775312423706,0.5406150095852156
S1,1,76,1,MGCUBED,hyb,sample,50000,10,1001,5.925017754171717e-19,9.278045881716876,1.25,7.07e-06,10100.0,3.16e-11,3,0.01,0.6776575140906737,0.006479378381312774,0.7249431127370742,0.007151000054506266,0.6731950080952781,0.799799223148701,0.816514965875939,0.778114859427751,0.7976349271831122,0.715459104619814,0.7462002877471032,0.678080851212149,0.7220002559087983,0.6776575140906737,0.7249431127370742,0.7026720212255743,0.7425205470669632,0.7823987795959921,0.7994625115231431,0.9519581661783642,0.9497885671238804,1.0120154673731723,1.003632009353972,1.154374169925331,1.158058435273175,26.00255103501549,0.21090675105485235,0.5736407405901451,11.597557352146096,3.449056891438664e+18,1.425334035277529e+18,0.22025891634350084,0.09102271720046537,0.07903140041752979,0.07066127694117921,0.08215177850923774,0.03416272694289284,0.1696927440972013,0.0,0.0,0.04848408158666071,0.02954417300808989,0.0011922493584138234,40.6660580225971,83.33246316801024,34.43741281615457,21,0.001,25,1.1817619800567627,0.5406150095852156
S1,1,77,1,MGCUBED,hyb,sample,50000,10,1001,1.2234986342099622e-19,6.094747748079107,1.25,7.07e-06,10100.0,3.16e-11,3,0.001,0.6935362616998662,0.009892662259370345,0.7450112729600153,0.017969787051550477,0.6793633204706648,0.8151319389185625,0.8404217854337827,0.7609579413055758,0.7967341111856909,0.7085521888999403,0.7609567445888039,0.6935362616998662,0.7450112729600153,0.7026697770409905,0.7433335432086356,0.7683335908494959,0.7878857995320552,0.9413342279317481,0.9430891939203349,0.9931690169813381,0.9907745705640302,1.0145973862781483,1.0136314232971133,1.235790458641678,1.2447372341404201,82.7182512287007,0.21090675105485235,0.5736407405901451,7.618434685098884,3.449056891438664e+18,1.425334035277529e+18,0.06923857344740252,0.028613066816500443,0.12760926710829576,0.12276077842128748,0.027677496337484418,0.011672547049150146,0.05721121317696132,0.0,0.0,0.014820856851609644,0.01038669927320026,0.0007136666659477113,20.767197851294252,83.33246316801024,34.43741281615457,21,0.001,25,2.075404167175293,0.5406150095852156
S1,1,78,1,MGCUBED,hyb,sample,50000,10,1001,5.477744242062878e-19,0.5117779340669094,1.25,7.07e-06,10100.0,3.16e-11,4,0.001,0.6622436406976056,0.01574053738768731,0.6770325526140868,0.05111235723205764,0.598811165181888,0.8134306867979827,0.8319451384934456,0.7543492394765738,0.7753077598318256,0.6833294657391014,0.6999950068714682,0.6622436406976056,0.6770325526140868,0.6764599748279144,0.6987324558986032,0.7712155249776501,0.8000055032862482,0.8425041714891149,0.8747790481323989,0.8656168269984382,0.8842862907721349,0.9556400927833094,0.9479548214988565,1.0243725788643054,1.0121808997805128,1.5514182767240436,0.21090675105485235,0.5736407405901451,0.6397224175836368,3.449056891438664e+18,1.425334035277529e+18,3.6916502783715894,1.5255865454599633,0.6189366142743273,0.3331829724628032,0.5774710284262043,0.11804443439340252,0.7363909760372511,0.0,0.0,0.04423050695738327,0.11710999844649578,0.0021435481035033607,20.634249767987036,83.33246316801024,34.43741281615457,21,0.001,25,2.9443750381469727,0.5406150095852156
S1,1,79,1,MGCUBED,hyb,sample,50000,10,1001,8.753332280756013e-18,0.24907866194486705,1.25,7.07e-06,10100.0,3.16e-11,2,0.0001,0.8114815656907031,0.016010135808930726,0.8480794991743522,0.02698702742604603,0.7540551542878613,0.8748643584289578,0.907643776490796,0.849653382359184,0.8841212338412365,0.8114815656907031,0.8480794991743522,0.8156323390325936,0.8430914591048653,0.8796386516860795,0.8933726349236938,0.9425306882230376,0.9510924765586951,0.9789511104934817,0.978219607090715,0.9953109319685925,0.9927124225914289,0.9977137127642468,0.9950055760503032,0.998263972640706,0.9959111819698011,0.04725113084855005,0.21090675105485235,0.5736407405901451,0.3113483274310838,3.449056891438664e+18,1.425334035277529e+18,121.20966440985899,50.09029004907956,0.06286589382467887,0.0262813646138969,0.9740756093007062,0.018105199236577423,0.9916262112838765,1.0,0.98736,0.014828555421520668,0.017397541786841438,0.000678864718373234,21.843167011322063,83.33246316801024,34.43741281615457,21,0.001,25,2.591533899307251,0.5406150095852156
S1,1,80,1,MGCUBED,hyb,sample,50000,10,1001,8.907643491145445e-19,0.39572301879972555,1.25,7.07e-06,10100.0,3.16e-11,2,0.001,0.7279757573077835,0.01169358049819748,0.7540732712860072,0.028494636930199928,0.6836173562486446,0.7829987660543848,0.8241730571648329,0.7664799320326179,0.8054070824996323,0.7367417370490114,0.7682206688167802,0.7279757573077835,0.7540732712860072,0.7447984916611557,0.7681962613907287,0.8320461653237018,0.8556596575928562,0.8882844376609139,0.9066916514038115,0.9381005586986003,0.9358392556589535,0.9939527921783903,0.9842375842208873,1.0055619676398408,0.9962327077911921,0.737696264056944,0.21090675105485235,0.5736407405901451,0.49465377349965695,3.449056891438664e+18,1.425334035277529e+18,7.763755887337648,3.2083974999881306,0.4803766836282259,0.230679181440295,0.733210599821094,0.10518251474586107,0.8585650092852363,0.30444,0.0,0.042276348601393586,0.10422355899114158,0.0019126942730392717,22.103035073251124,83.33246316801024,34.43741281615457,21,0.001,25,2.942490816116333,0.5406150095852156
S1,1,81,1,MGCUBED,hyb,sample,50000,10,1001,1.205089212952073e-17,0.10963961921067132,1.25,7.07e-06,10100.0,3.16e-11,1,0.0001,0.9003342111615747,0.007682656795839651,0.9147903213655886,0.013427103540276602,0.8764922639709282,0.9338728382171151,0.9495413146744551,0.9143230685837078,0.9302893038357174,0.9003342111615747,0.9147903213655886,0.9290847633093267,0.9391801992879916,0.9654436962496554,0.9668640520091516,0.9917523532293876,0.9899600250763537,0.9976704137330848,0.9958108103768014,0.9983393207874375,0.9964870910376185,0.9984242872906195,0.9966360154936676,0.9994324834891298,0.9982651484728227,0.015107667469978804,0.21090675105485235,0.5736407405901451,0.13704952401333914,3.449056891438664e+18,1.425334035277529e+18,379.0984759573294,156.66368445387843,0.046279727921030654,0.019196689492572073,0.991442837097485,0.006273796666789421,0.9973273103448486,1.0,1.0,0.005309011683744203,0.006004675015696374,0.00039292383055903777,13.511554328966849,83.33246316801024,34.43741281615457,21,0.001,25,1.6752979755401611,0.5406150095852156
S1,1,82,1,MGCUBED,hyb,sample,50000,10,1001,6.507751160874569e-18,5.757385529522535,1.25,7.07e-06,10100.0,3.16e-11,1,0.001,0.7069210986800719,0.012392607751300464,0.7468939098049943,0.012025440312835336,0.6728854062392469,0.7327930954751245,0.7753622642345122,0.7317917374746157,0.7743081678801338,0.7243160288383124,0.7663533125836651,0.7069210986800719,0.7468939098049943,0.7093643390669071,0.7457045160396844,0.7797624466770585,0.8112519931708773,0.848793248965773,0.8674632961681539,0.9415864695848368,0.9368353615487489,0.9909953442722992,0.9792413596910923,1.0053590132995305,0.9958777223562404,1.4690733189110978,0.21090675105485235,0.5736407405901451,7.19673191190317,3.449056891438664e+18,1.425334035277529e+18,3.89857581606904,1.6110992003484292,0.053215886750281605,0.028365787232215924,0.5828813682870855,0.12803896137635107,0.7918176100965484,0.0,0.0,0.15883932680575685,0.11703144705733469,0.0021268795392771294,74.68186320497595,83.33246316801024,34.43741281615457,21,0.001,25,0.5575947761535645,0.5406150095852156
S1,1,83,1,MGCUBED,hyb,sample,50000,10,1001,1.1067801444176833e-19,0.8282935674949488,1.25,7.07e-06,10100.0,3.16e-11,2,0.001,0.7259676602543783,0.011402427159379638,0.7716805805275311,0.007723045960589373,0.7058314206911268,0.799680236917993,0.8308583208619298,0.7705172981908207,0.8052534531173249,0.7381323710742353,0.7800389708126504,0.7259676602543783,0.7716805805275311,0.7281944318622804,0.7718358502295082,0.7380041043767953,0.775256871646637,0.8085221978972088,0.8247470828772135,0.9595800856054948,0.957822505548393,1.01888483888674,1.0078048089303133,1.1078076614773955,1.1062077281164735,12.427163920959336,0.21090675105485235,0.5736407405901451,1.035366959368686,3.449056891438664e+18,1.425334035277529e+18,0.46086892790394274,0.19045559102661067,0.8113205927831929,0.6611415420954749,0.156744820860085,0.05318258718208155,0.2512805781266063,0.0,0.0,0.019500977520353784,0.05276274445533655,0.0015867459583869862,12.289917877073146,83.33246316801024,34.43741281615457,21,0.001,25,1.9559519290924072,0.5406150095852156
S1,1,84,1,MGCUBED,hyb,sample,50000,10,1001,1.4061385818678993e-19,1.073341458842275,1.25,7.07e-06,10100.0,3.16e-11,2,0.001,0.7187755227658743,0.010009854277054038,0.7696983148329182,0.014160873435862224,0.7110202182884797,0.8003119897083855,0.8343014219147207,0.765998924079185,0.8078706285899042,0.7290103746135,0.7813671899030419,0.7187755227658743,0.7696983148329182,0.7243741930540477,0.7680484979217633,0.7363346609573197,0.7720911413709236,0.8091223318956289,0.8231315031893967,0.9599376274866191,0.9569136269799104,1.0163079565350182,1.005289302553317,1.105975723745781,1.1047159604958234,12.675318406080184,0.21090675105485235,0.5736407405901451,1.3416768235528438,3.449056891438664e+18,1.425334035277529e+18,0.45184614142645757,0.186726895019501,0.6280602349038749,0.5133711838916978,0.15415417391303873,0.05278969482210875,0.25081873116298675,0.0,0.0,0.023755303575128214,0.052150246585644995,0.0015754776260351105,15.07815990691753,83.33246316801024,34.43741281615457,21,0.001,25,2.0996620655059814,0.5406150095852156
S1,1,85,1,MGCUBED,hyb,sample,50000,10,1001,2.3978474986343934e-19,3.9928273081595376,1.25,7.07e-06,10100.0,3.16e-11,2,0.001,0.6980230123182032,0.00921764882956068,0.7345736804481621,0.0162845022410973,0.6784952645557255,0.7796785202477823,0.8054486163681392,0.7569984026906995,0.7825018618171025,0.7148838479174009,0.7437756515712295,0.6980230123182032,0.7345736804481621,0.6995844987857711,0.7377236426131513,0.7271778649185647,0.7536677760882229,0.8851421788614431,0.8876960288638187,0.9839812768426729,0.9785234965651467,1.0099179592598075,1.003115498443576,1.180505579250035,1.186397618702424,27.65082323814802,0.21090675105485235,0.5736407405901451,4.991034135199422,3.449056891438664e+18,1.425334035277529e+18,0.20712922952823756,0.08559683120340277,0.18456140722060183,0.1659799745876664,0.07784818267042712,0.030443570091832527,0.1481722865582994,0.0,0.0,0.03295704114999568,0.028101479282886713,0.0011666397723985914,28.2495436292529,83.33246316801024,34.43741281615457,21,0.001,25,2.720296859741211,0.5406150095852156
S1,1,86,1,MGCUBED,hyb,sample,50000,10,1001,1.0978756852710517e-17,0.843069442626963,1.25,7.07e-06,10100.0,3.16e-11,2,0.001,0.764162493232707,0.012201306425200908,0.7979064623918806,0.013865983508559084,0.7394402048658708,0.8185451107077542,0.8658742627063727,0.8098049254627643,0.8559899826613039,0.7780773472330474,0.8194421728964022,0.764162493232707,0.7979064623918806,0.8085414140494522,0.8317019941763604,0.8960478889905691,0.9123088381648831,0.9459957619573448,0.95265298236563,0.9830149435120905,0.9800146210222513,0.9954791464911175,0.9910986984679075,0.99738748657757,0.9933555570942227,0.12751441393630303,0.21090675105485235,0.5736407405901451,1.0538368032837038,3.449056891438664e+18,1.425334035277529e+18,44.91487304329399,18.561218110865305,0.048509940619628426,0.020666800670687428,0.9339475957086293,0.04231147687745465,0.9778405088760057,0.97544,0.86176,0.038700822173297074,0.04027950202864231,0.0010620628500019305,36.439295634177135,83.33246316801024,34.43741281615457,21,0.001,25,0.5367202758789062,0.5406150095852156
S1,1,87,1,MGCUBED,hyb,sample,50000,10,1001,1.1428860074078324e-18,0.25420479536779556,1.25,7.07e-06,10100.0,3.16e-11,4,0.001,0.6461186189468535,0.01892106535723428,0.6746993153213353,0.028932203934400085,0.6319962900560975,0.8055997054418006,0.8263799930684756,0.7368367838006874,0.7578275433411005,0.6637990986361038,0.6929731473297827,0.6461186189468535,0.6746993153213353,0.6777817441978863,0.6994754451489659,0.8132572995526018,0.8295152107671531,0.9130186264607822,0.9312907970343058,0.9394364922082277,0.946554292405855,0.9813575658766446,0.9753510246399456,1.0033644025796051,0.9960550867257341,0.36934304124394424,0.21090675105485235,0.5736407405901451,0.31775599420974443,3.449056891438664e+18,1.425334035277529e+18,15.506705348636352,6.408196676399922,0.4248090344946457,0.19065396824981062,0.841034543465663,0.07861401704777579,0.925177967608829,0.79264,0.16616,0.031023361944200863,0.07791316760552848,0.0015768519892951592,19.6742383906736,83.33246316801024,34.43741281615457,21,0.001,25,2.437175750732422,0.5406150095852156
S1,1,88,1,MGCUBED,hyb,sample,50000,10,1001,4.3935359278638324e-18,3.8518013514893163,1.25,7.07e-06,10100.0,3.16e-11,2,0.01,0.6656550620312993,0.009355915447643203,0.6999925422526512,0.01847384299021824,0.6462894141354102,0.7258713331325505,0.7539761485578502,0.7225649316004066,0.7508573897506912,0.70237869805414,0.7317733289259476,0.6711994536415,0.702793612208711,0.6656550620312993,0.6999925422526512,0.7252488126650627,0.7580071841933668,0.8130822188831198,0.8428482989607179,0.8824604111569139,0.887448350930397,0.9815569725489093,0.9707869798419468,1.0084532814186602,0.9971970649034748,1.4557902173001789,0.21090675105485235,0.5736407405901451,4.814751689361645,3.449056891438664e+18,1.425334035277529e+18,3.934147684932642,1.6257993914399633,0.0790978287947712,0.04209339565326933,0.58589483091546,0.12658776116348872,0.7899329643014323,0.0,0.0,0.14632187452825637,0.11702508441993775,0.0021263130153710364,68.81483275063505,83.33246316801024,34.43741281615457,21,0.001,25,0.5307221412658691,0.5406150095852156
S1,1,89,1,MGCUBED,hyb,sample,50000,10,1001,2.925058573378214e-19,0.21749054141900825,1.25,7.07e-06,10100.0,3.16e-11,3,0.001,0.762501941570764,0.027039528161841145,0.7990330531505101,0.021914336185858894,0.7272143993874108,0.8762480054572043,0.8970448715284736,0.8246379421728646,0.8484813910037673,0.7738004683868863,0.8059107479512377,0.762501941570764,0.7990330531505101,0.7893854709499311,0.8265626626577776,0.842156772965857,0.878435254599497,0.8574237486924664,0.8901082961555339,0.8858125426825545,0.896343001747004,0.9887255907619152,0.9786711277580572,1.0265998671993288,1.0149641163489693,1.234681397678656,0.21090675105485235,0.5736407405901451,0.2718631767737603,3.449056891438664e+18,1.425334035277529e+18,4.638681463823026,1.9169502786717159,1.2610159687177696,0.6523370587539592,0.6307075172021166,0.11132048044263934,0.7697138425974178,0.0,0.0,0.02482387022603083,0.11099505826377433,0.002097870191520442,11.83289143740567,83.33246316801024,34.43741281615457,21,0.001,25,2.0535519123077393,0.5406150095852156
S1,1,90,1,MGCUBED,hyb,sample,50000,10,1001,5.337438053448727e-18,2.0767982034427166,1.25,7.07e-06,10100.0,3.16e-11,5,0.01,0.559897983620638,0.012518519974377404,0.6019755846177005,0.01626818238547298,0.5317145135027318,0.7809677133766607,0.7730951722063776,0.7482385491035266,0.7424250551373812,0.6450136827394106,0.6526561577408649,0.5733001413256649,0.6020892533288031,0.559897983620638,0.6019755846177005,0.6113562955332392,0.6571427798363424,0.7439903143002924,0.774890272967507,0.872363406434857,0.8939153534968993,0.943144426086994,0.9417682021361404,1.0023231083836415,0.9932929227779284,0.6461160798343714,0.21090675105485235,0.5736407405901451,2.595997754303396,3.449056891438664e+18,1.425334035277529e+18,8.864186934656153,3.6631542275771967,0.08260682078174651,0.03905120088526999,0.7517026308454314,0.10706994897823076,0.894767146425072,0.3964,0.0,0.10778830238003112,0.10105973263435362,0.0018592657705844304,57.97358510297836,83.33246316801024,34.43741281615457,21,0.001,25,0.5387279987335205,0.5406150095852156
S1,1,91,1,MGCUBED,hyb,sample,50000,10,1001,2.199159646839366e-19,0.23821914027308713,1.25,7.07e-06,10100.0,3.16e-11,2,0.001,0.7788607619277468,0.01383841371803825,0.8176858902254999,0.020241950738737295,0.7754344313592779,0.8492439112799847,0.8715551170657315,0.8125260839112471,0.8438784824896717,0.7814219658200591,0.8213991955631135,0.7788607619277468,0.8176858902254999,0.8010912998357526,0.838733971921944,0.823744133309076,0.8608829884405186,0.8339570559419274,0.8623714000360984,0.9124946195509638,0.9142610347343243,1.0097220526906063,0.9979746253794846,1.0341055397967145,1.022410992741264,1.7987424857515213,0.21090675105485235,0.5736407405901451,0.29777392534135894,3.449056891438664e+18,1.425334035277529e+18,3.1840542815366937,1.3158208404478842,1.4501348045765874,0.8026311744368387,0.544869458338398,0.11263595695515809,0.6943193546442291,0.0,0.0,0.023992776638988356,0.11233873837076477,0.0021681933041796738,11.065792239435918,83.33246316801024,34.43741281615457,21,0.001,25,1.8649590015411377,0.5406150095852156
S1,1,92,1,MGCUBED,hyb,sample,50000,10,1001,6.359671560969936e-19,0.3017687026350546,1.25,7.07e-06,10100.0,3.16e-11,1,0.001,0.7889649166750168,0.01702433992261697,0.8214429455831718,0.016997450589581867,0.7708178864166226,0.8179973261580293,0.8436833822197407,0.8070724933160072,0.8350929279477495,0.7890483370334203,0.8213101150474028,0.7889649166750168,0.8214429455831718,0.8117838781399547,0.8411891830149731,0.8638154956172626,0.88720725755958,0.9112999583920933,0.9151981007245654,0.9806613695149551,0.9729967071797953,0.999974592363877,0.9897668012331214,1.0055062380647604,0.9970914813023098,0.7879317590096605,0.21090675105485235,0.5736407405901451,0.3772108782938183,3.449056891438664e+18,1.425334035277529e+18,7.268768706997717,3.003842429610537,0.6621232127485241,0.32060843721376064,0.7215928563243373,0.10565301047242535,0.8461743485306068,0.22884,0.0,0.0340514518253399,0.10502588016420665,0.0019405990422041207,17.546876549348628,83.33246316801024,34.43741281615457,21,0.001,25,2.494755744934082,0.5406150095852156
S1,1,93,1,MGCUBED,hyb,sample,50000,10,1001,1.4769496046585583e-17,5.65788693632914,1.25,7.07e-06,10100.0,3.16e-11,2,0.001,0.6975635317983382,0.014595338414166659,0.7237754474593389,0.020206809879972927,0.6205703405520661,0.7544939799848278,0.7771664648056852,0.7523572809178045,0.7751082804638255,0.7363562921317383,0.759733202572259,0.6975635317983382,0.7237754474593389,0.702737944946203,0.7318864184876586,0.7929873509210961,0.8177775624549126,0.8744904069920751,0.8980820714606355,0.9226644188770343,0.926558014075711,0.9837574200608712,0.9756448627212453,0.9996523163384557,0.9908587745709421,0.6361180006273169,0.21090675105485235,0.5736407405901451,7.072358670411425,3.449056891438664e+18,1.425334035277529e+18,9.003508323127209,3.72072924680139,0.029952055368222607,0.014134595505027903,0.7524910027426776,0.10915125692767624,0.8989863845183566,0.40012,0.0,0.1273080709812768,0.10105385958093639,0.0018538190970885816,68.67340571753405,83.33246316801024,34.43741281615457,21,0.001,25,0.5987849235534668,0.5406150095852156
S1,1,94,1,MGCUBED,hyb,sample,50000,10,1001,1.6868378983796946e-17,0.4431065536146547,1.25,7.07e-06,10100.0,3.16e-11,1,0.0001,0.8638264489993093,0.009701450133487404,0.8842095834092989,0.016218915777833534,0.8222017057127973,0.893768568855063,0.9120328893072287,0.885547942122636,0.904305186452455,0.8638264489993093,0.8842095834092989,0.8743925858446039,0.8916347846938569,0.9305366964699877,0.9426042745703362,0.9678682133824428,0.9691650217848155,0.9921256219833076,0.9898225738323185,0.9968888297366381,0.9942390832528376,0.9974315930755205,0.9948180889489164,0.9985429904864069,0.9966349234464561,0.043619825230668055,0.21090675105485235,0.5736407405901451,0.5538831920183184,3.449056891438664e+18,1.425334035277529e+18,131.3002443923678,54.260255212733554,0.03267148895883817,0.013646496469734084,0.9757730557452436,0.017241302682167902,0.9923552497690852,1.0,0.99088,0.015693592133142496,0.01638391060122783,0.0006558725005957794,23.927809320998822,83.33246316801024,34.43741281615457,21,0.001,25,3.60864520072937,0.5406150095852156
S1,1,95,1,MGCUBED,hyb,sample,50000,10,1001,6.583322789682642e-20,0.21694882254723655,1.25,7.07e-06,10100.0,3.16e-11,2,0.001,0.7322185908409994,0.006256954946254998,0.7882839258940565,0.007560805915722584,0.7317099461975878,0.8099127326091589,0.847939042457859,0.7652407365890015,0.817681566925215,0.7386113047743217,0.798682000431768,0.7322185908409994,0.7882839258940565,0.7339032568801195,0.7857901868600863,0.735964656265141,0.7847255779080542,0.7648336008382446,0.7984495494105268,0.9169575277041826,0.9244105847951877,1.0308244889096776,1.0206164358190033,1.085703299433011,1.0773086204406268,5.472190972948161,0.21090675105485235,0.5736407405901451,0.2711860281840457,3.449056891438664e+18,1.425334035277529e+18,1.046618025842305,0.43251832055045203,2.5741420239164023,1.8017556585535488,0.29317680353968184,0.0811465504512482,0.4194463798787127,0.0,0.0,0.013764164668013853,0.08101188517849406,0.001992476339371289,6.908069318583243,83.33246316801024,34.43741281615457,21,0.001,25,1.4469208717346191,0.5406150095852156
S1,1,96,1,MGCUBED,hyb,sample,50000,10,1001,2.3096171295820816e-18,0.871694275899235,1.25,7.07e-06,10100.0,3.16e-11,5,0.01,0.5738488697186753,0.00943697622109847,0.6238889193345024,0.022248010832152953,0.5612908905450468,0.7990630522137658,0.8375535242285764,0.7367832390597602,0.7739679450327357,0.6222318855439435,0.6634347264984687,0.5743125415266093,0.6250358614961412,0.5738488697186753,0.6238889193345024,0.6238398937238322,0.6679232611018545,0.784535049337561,0.812293541268408,0.897607402842817,0.9144517215079839,0.9532656678571124,0.9501098516754695,1.0041730512778395,0.9949957176419797,0.6267196329741525,0.21090675105485235,0.5736407405901451,1.0896178448740437,3.449056891438664e+18,1.425334035277529e+18,9.138526083760482,3.7765257777531556,0.19213817751597803,0.09052133911906621,0.7597698795948257,0.10283466008314268,0.8896043577526125,0.45292,0.0,0.07407858425950406,0.09987508540409884,0.0018423940520081192,40.20778517970248,83.33246316801024,34.43741281615457,21,0.001,25,0.8850328922271729,0.5406150095852156
S1,1,97,1,MGCUBED,hyb,sample,50000,10,1001,1.4306569022019836e-19,0.5466762356630221,1.25,7.07e-06,10100.0,3.16e-11,2,0.001,0.7385699856697013,0.010824997859209954,0.7871250706750657,0.014117046247991177,0.7318238217565483,0.8205042451622246,0.8509456722542265,0.7842183770053379,0.8224181016568751,0.7478282239779847,0.7966424273232406,0.7385699856697013,0.7871250706750657,0.7465490096533716,0.7903144559177322,0.7569955221990747,0.7964757723945384,0.7838521431613004,0.8083696436236429,0.9258708987166255,0.9261482578625893,1.01841722779721,1.0061232831304134,1.0676725353817056,1.05943348713083,6.345177834159868,0.21090675105485235,0.5736407405901451,0.6833452945787777,3.449056891438664e+18,1.425334035277529e+18,0.9026214651235868,0.3730112711118776,1.065824476019802,0.7691435450650944,0.2634481739258825,0.08029685529936065,0.39370076372523694,0.0,0.0,0.023161087017417984,0.0799159504785721,0.0019214374376685438,12.054041710315301,83.33246316801024,34.43741281615457,21,0.001,25,2.0190579891204834,0.5406150095852156
S1,1,98,1,MGCUBED,hyb,sample,50000,10,1001,1.1045442524705897e-19,0.6566944212661355,1.25,7.07e-06,10100.0,3.16e-11,4,0.001,0.7190204400749652,0.019769261707692547,0.768752133846505,0.015586285866611024,0.6817830670733828,0.9049597032488361,0.9309465630127637,0.8153145782167567,0.845491105798297,0.743449722387866,0.7860825193554171,0.7190204400749652,0.768752133846505,0.7210696007369772,0.7702340281480522,0.7362318620523898,0.7828963039057907,0.7435801824092826,0.7849988954259183,0.8154224536121252,0.831292430990267,1.0012007213908802,0.9911036067721403,1.090257668651651,1.0815674323313083,9.872549146568243,0.21090675105485235,0.5736407405901451,0.8208680265826694,3.449056891438664e+18,1.425334035277529e+18,0.5801230896004127,0.23973776318688722,0.9826454098512079,0.7709669141806332,0.1888428851653019,0.06194851972748393,0.2948780368265066,0.0,0.0,0.019411940378144265,0.06159736008451548,0.0017081699080061072,11.364174188505176,83.33246316801024,34.43741281615457,21,0.001,25,1.9415380954742432,0.5406150095852156
S1,1,99,1,MGCUBED,hyb,sample,50000,10,1001,5.1536940437991125e-20,0.5513245175084426,1.25,7.07e-06,10100.0,3.16e-11,4,0.001,0.7084438622566827,0.008747553983919893,0.7664903082743646,0.011640936511156576,0.7004805021152009,0.8712673133628946,0.8927779400606066,0.769578590852335,0.8179725509062189,0.721169206608624,0.7840025560297054,0.7084438622566827,0.7664903082743646,0.7123801371781427,0.764452898437803,0.7183351919965195,0.7677368425449566,0.7327423862536395,0.772256557516156,0.8690970304398842,0.8806419362233626,1.0189248541338238,1.010812763509597,1.1286398435511797,1.1268359781690636,17.763877564968343,0.21090675105485235,0.5736407405901451,0.6891556468855532,3.449056891438664e+18,1.425334035277529e+18,0.3224123613885814,0.1332379623026917,1.2804468804914468,1.0972757485125961,0.1158109889582496,0.040100599273329506,0.1860773188378715,0.0,0.0,0.010555040282317426,0.03994092298578626,0.0013982812742305336,7.548581588583318,83.33246316801024,34.43741281615457,21,0.001,25,1.4047770500183105,0.5406150095852156
S1,1,100,1,MGCUBED,hyb,sample,50000,10,1001,4.465055317328824e-19,0.37171950508566937,1.25,7.07e-06,10100.0,3.16e-11,4,0.001,0.6838496640627352,0.025259974213003644,0.7142063667119162,0.03589146899250638,0.6628056167280233,0.8413193068662291,0.8577773875447156,0.7777308022038603,0.7948124144385345,0.7057761365743338,0.7353258919993079,0.6838496640627352,0.7142063667119162,0.71161118849785,0.7399907737317643,0.8039187526249533,0.8358022852829518,0.8531537197046436,0.8860730719479909,0.872616039034504,0.8907748324019613,0.9600456838785879,0.9523122798926588,1.0243650781518796,1.012381482625083,1.382412347344776,0.21090675105485235,0.5736407405901451,0.4646493813570867,3.449056891438664e+18,1.425334035277529e+18,4.142970600732554,1.7120961440317584,0.7935413381604448,0.4184664020922451,0.6042466640271522,0.11624290139874455,0.7545816933569044,0.0,0.0,0.03568085224842835,0.11562272745879476,0.0021225306793656385,16.810523680671746,83.33246316801024,34.43741281615457,21,0.001,25,2.593086004257202,0.5406150095852156
