set,search_seed,eval_index,is_finite,task,mode,node,N_R,R,seed,k_on,k_off,T,distance,N_max,D,L,lam_best,objective,opt_sd,held,held_sd,train,opt_lam_1e-06,held_lam_1e-06,opt_lam_1e-05,held_lam_1e-05,opt_lam_1e-04,held_lam_1e-04,opt_lam_1e-03,held_lam_1e-03,opt_lam_1e-02,held_lam_1e-02,opt_lam_1e-01,held_lam_1e-01,opt_lam_1e+00,held_lam_1e+00,opt_lam_1e+01,held_lam_1e+01,opt_lam_1e+02,held_lam_1e+02,opt_lam_1e+03,held_lam_1e+03,KD_nM,tau_D_over_T,phi_ISI,koff_T,c_peak,c_mean,c_peak_over_KD,c_mean_over_KD,tauR_mean_over_T,tauR_peak_over_T,occ_mean,occ_std,occ_max,occ_frac_above_0p8,occ_frac_above_0p9,contrast_within,contrast_between,binomial_sd_mean,snr_within,shell_molecules_peak,shell_molecules_mean,history_symbols,dt,n_sub,seconds,running_min
S1,1,1,1,SINE,hyb,sample,50000,10,1001,1.4109351288299624e-19,1.2197135009308704,1.25,7.07e-06,10100.0,3.16e-11,3,0.01,0.44065465089830064,0.0012023375041267347,0.4596965611763107,0.0016016336885113745,0.4398071057604286,0.47655275100520156,0.49246960803952994,0.46717981353195015,0.4837055342730867,0.45020114019309876,0.4677814385190627,0.44246792219164527,0.4611628093399018,0.44065465089830064,0.4596965611763107,0.44100888793091403,0.46035533851057303,0.4421620860477494,0.4618276308515682,0.4491224072282686,0.46947402028797025,0.45620600240704867,0.47743007724679554,0.5033571377880508,0.5225078851244985,14.354890438759368,0.21090675105485235,0.5736407405901451,1.524641876163588,3.5317197925357875e+18,1.252999095510113e+18,0.40854081853401014,0.14494391009840818,0.5728592690578739,0.4656533362901625,0.11982344850468118,0.07739670262237663,0.236720376149518,0.0,0.0,0.019708035391322484,0.07701581014775445,0.0013139606519407324,14.99895401145653,85.32967671880311,30.273638348885868,21,0.0009615384615384616,13,5.028244972229004,0.44065465089830064
S1,1,2,1,SINE,hyb,sample,50000,10,1001,1.7657575687011948e-19,4.112816045942971,1.25,7.07e-06,10100.0,3.16e-11,5,0.1,0.43629116864170775,0.0006701549996104493,0.44924186480684386,0.0014258202146490428,0.43614392503394983,0.515232243934737,0.5357598197687241,0.49502766483773347,0.5149945180976224,0.4573019750242839,0.47298785461914605,0.4412151896722379,0.4524737084529765,0.4367022545945317,0.4486150459531408,0.43629116864170775,0.44924186480684386,0.4379690143486511,0.4514109004615457,0.44842739086033373,0.4625451093084621,0.4620565387187396,0.47677231726959146,0.5867102314663002,0.5862732890628654,38.677403067348656,0.21090675105485235,0.5736407405901451,5.1410200574287135,3.5317197925357875e+18,1.252999095510113e+18,0.1516275195520464,0.05379507888895773,0.18458420509487766,0.16890350713855212,0.049797154940684256,0.034404064450518364,0.11419359992517078,0.0,0.0,0.021390048798701496,0.03332839015068351,0.0008824789595215701,24.2385935300916,85.32967671880311,30.273638348885868,21,0.0009615384615384616,13,5.658843994140625,0.43629116864170775
S1,1,3,1,SINE,hyb,sample,50000,10,1001,6.844534069703503e-19,3.530446517537211,1.25,7.07e-06,10100.0,3.16e-11,2,0.01,0.43715360968606387,0.003121775737322961,0.44461381058080407,0.006213622836082267,0.4310747541415135,0.46476605511820146,0.46372951324987427,0.4626810403060896,0.46200723175698205,0.4522271687594833,0.4537588485980815,0.44084575481146543,0.44614383462407836,0.43715360968606387,0.44461381058080407,0.437830522624122,0.45051791692589066,0.4472273515613093,0.4695944655554306,0.4548043626568208,0.4800854733460054,0.45907391971729183,0.4849654449845546,0.5003744527832016,0.5257231259344455,8.565147469844282,0.21090675105485235,0.5736407405901451,4.4130581469215135,3.5317197925357875e+18,1.252999095510113e+18,0.684700258864709,0.24292097206189303,0.1823126627606799,0.1345047766362892,0.1796362953992217,0.11378258283214836,0.3724099668510072,0.0,0.0,0.06490097874716912,0.11100433222877736,0.0015420668046881008,42.087008519903925,85.32967671880311,30.273638348885868,21,0.0009615384615384616,13,3.2936019897460938,0.43629116864170775
S1,1,4,1,SINE,hyb,sample,50000,10,1001,8.080197988430527e-20,0.3016791319345933,1.25,7.07e-06,10100.0,3.16e-11,5,0.01,0.4584825335176076,0.0013859992088909089,0.48525480118656306,0.004101923902509178,0.45744914398206304,0.53808341935709,0.5564513834633165,0.501945043710874,0.5233121525495362,0.4691935008249942,0.493302986646568,0.46007875323580444,0.485172902846157,0.4584825335176076,0.48525480118656306,0.4588026516463836,0.48722572764622846,0.4591906273763858,0.488101938346676,0.46049872612985754,0.4893003956397119,0.4762204881497093,0.5054723240001852,0.5145027911514983,0.5474343478437138,6.19972412861369,0.21090675105485235,0.5736407405901451,0.3770989149182416,3.5317197925357875e+18,1.252999095510113e+18,0.945938652778112,0.3356042794912696,1.9854863940443455,1.3627480604136468,0.22793023585254926,0.13627185768849634,0.40462782456551055,0.0,0.0,0.010815324817242445,0.13621598035047314,0.0016847172291471059,6.419667722349906,85.32967671880311,30.273638348885868,21,0.0009615384615384616,13,3.6310739517211914,0.43629116864170775
S1,1,5,1,SINE,hyb,sample,50000,10,1001,4.883155060677686e-18,0.6546534809026663,1.25,7.07e-06,10100.0,3.16e-11,2,0.001,0.3910781604048368,0.005360521627108482,0.40454413253650545,0.00676508725886468,0.3823510994848056,0.40961051428072837,0.42646940284376045,0.4079687615462403,0.4245949306006843,0.3999100481685738,0.41511535104907304,0.3910781604048368,0.40454413253650545,0.3915732938440871,0.40633038583199543,0.4090379405540808,0.42889490607943415,0.4313248747970266,0.45460559794794636,0.5625672728664103,0.5971343086504531,0.7289699112726947,0.7686320994590135,0.8194240897230202,0.8592306759202772,0.22261789089068165,0.21090675105485235,0.5736407405901451,0.8183168511283329,3.5317197925357875e+18,1.252999095510113e+18,26.343609070919765,9.346301597339986,0.11811182267672209,0.04469126721550958,0.7954294505372568,0.21161321293239935,0.9619166362933842,0.69615,0.4969,0.04687501636721659,0.2110262548638837,0.001473108371683838,31.820480602955268,85.32967671880311,30.273638348885868,21,0.0009615384615384616,13,3.5781428813934326,0.3910781604048368
S1,1,6,1,SINE,hyb,sample,50000,10,1001,1.6747288477364972e-18,2.2146545446416606,1.25,7.07e-06,10100.0,3.16e-11,4,0.1,0.38815935244648997,0.004764596065118811,0.3877762130800556,0.006164584989158888,0.3805105371667022,0.4442919338510859,0.4399457034321809,0.44074280989944203,0.4366041170065792,0.4213361246342453,0.4183460022556349,0.396331685453915,0.39540666441819877,0.3882965438196961,0.38796091536231625,0.38815935244648997,0.3877762130800556,0.40807615414249243,0.4127324156055415,0.45501566176920677,0.47976758260212754,0.5155987269262127,0.5553950718127945,0.5686200148085625,0.6127707317273462,2.1958900371495877,0.21090675105485235,0.5736407405901451,2.768318180802076,3.5317197925357875e+18,1.252999095510113e+18,2.670697799343986,0.9475219223312588,0.18548194444261523,0.09840912348142075,0.41450232576523866,0.21519443516158177,0.7040112080280765,0.0,0.0,0.09347272905321564,0.21253581990079162,0.0019322504406233665,48.37505899238416,85.32967671880311,30.273638348885868,21,0.0009615384615384616,13,2.618727922439575,0.38815935244648997
S1,1,7,1,SINE,hyb,sample,50000,10,1001,1.4614421717980488e-17,0.44836725709505715,1.25,7.07e-06,10100.0,3.16e-11,3,0.001,0.4411989300732845,0.006255838161854876,0.467282754556592,0.012021999364140052,0.421402346637731,0.47620485596313467,0.5016635644080714,0.4723610323951327,0.497598632926728,0.4558362817680545,0.4805507849708978,0.4411989300732845,0.467282754556592,0.4514397252442338,0.48119986218327615,0.4826980676998013,0.5175799442525537,0.5259656518480496,0.5648614204212015,0.65790909943674,0.6923004594676477,0.8445294227603732,0.8733360160409127,0.9245351575444669,0.9537937234647922,0.050944974848502356,0.21090675105485235,0.5736407405901451,0.5604590713688214,3.5317197925357875e+18,1.252999095510113e+18,115.11554784856646,40.84120083316132,0.042643413040396747,0.01536617311199052,0.9225616743875337,0.11297475868517785,0.9913547410842737,0.8762,0.79225,0.02399704380846489,0.11260895138880454,0.0009426340312442691,25.457434182371912,85.32967671880311,30.273638348885868,21,0.0009615384615384616,13,8.616507053375244,0.38815935244648997
S1,1,8,1,SINE,hyb,sample,50000,10,1001,4.54225245945947e-19,0.1828714055113774,1.25,7.07e-06,10100.0,3.16e-11,3,0.001,0.52180644958338,0.006865907316428641,0.5336530398735271,0.02414997255417742,0.5072048268089466,0.5631400577864388,0.5791392008581983,0.5508196422472873,0.5661217045690863,0.5299183263174144,0.5430181710588555,0.52180644958338,0.5336530398735271,0.5243356561050511,0.541047173561221,0.5674558538665957,0.6034930308359361,0.6276172354309079,0.6760883603405107,0.6422449804976168,0.6922578708944732,0.6524461567435849,0.6998634101352034,0.7056934085216144,0.7522376195510884,0.6685342037478234,0.21090675105485235,0.5736407405901451,0.22858925688922174,3.5317197925357875e+18,1.252999095510113e+18,8.772264241589872,3.112262525333523,1.0638082453441131,0.4476607133535394,0.6416057824987852,0.24551765441094006,0.8680080669474444,0.40395,0.0,0.019646229212463496,0.2454299597676761,0.0018239256632174377,10.771397984393285,85.32967671880311,30.273638348885868,21,0.0009615384615384616,13,4.548932075500488,0.38815935244648997
S1,1,9,1,SINE,hyb,sample,50000,10,1001,2.478201561867058e-18,0.13018682076874566,1.25,7.07e-06,10100.0,3.16e-11,1,0.001,0.4617816684309691,0.006047603016584427,0.4840742904736275,0.008356062253917558,0.45896976752221075,0.4707811053630694,0.4952663873403327,0.46787340345540507,0.4919483278849651,0.462665229489474,0.48543077618248215,0.4617816684309691,0.4840742904736275,0.47415808303208945,0.4984328761823207,0.599706153370219,0.6339038354629006,0.7616215117531488,0.8041887012915595,0.8059054070328413,0.8461040599057501,0.8559131970599841,0.8892881951058236,0.9028346306117166,0.934994316006102,0.08723273572420523,0.21090675105485235,0.5736407405901451,0.16273352596093207,3.5317197925357875e+18,1.252999095510113e+18,67.2288750447786,23.851756246717134,0.24726684089784295,0.09006473071490635,0.8884247959906505,0.14606454064743016,0.9835778200022323,0.8266,0.72,0.01613521843369491,0.14595921527190678,0.001126723289085085,14.320480094803875,85.32967671880311,30.273638348885868,21,0.0009615384615384616,13,4.294909954071045,0.38815935244648997
S1,1,10,1,SINE,hyb,sample,50000,10,1001,6.995338116323751e-18,7.301770134862843,1.25,7.07e-06,10100.0,3.16e-11,3,0.01,0.37970177173758934,0.005233378777746394,0.3881674318205779,0.007809784837122845,0.3626056573089588,0.41558715399608187,0.41987014933813765,0.41493917829721305,0.41931937647483464,0.4095685345878711,0.41476662622617494,0.3913586274444919,0.3993180967349378,0.37970177173758934,0.3881674318205779,0.3805436128988077,0.38822181566686126,0.39221585483163557,0.39784823692600707,0.4141732195395858,0.4262863639833114,0.4898168382354348,0.5232156446542418,0.577637600248912,0.6210703806921596,1.7332792735449596,0.21090675105485235,0.5736407405901451,9.127212668578554,3.5317197925357875e+18,1.252999095510113e+18,3.3835047700203558,1.2004147173424713,0.049791738375722885,0.024994263647966277,0.45813940377560813,0.2293417829823824,0.7697528730689732,0.0,0.0,0.13929068106915565,0.2242761913671873,0.0019378697063540066,71.87824888971677,85.32967671880311,30.273638348885868,21,0.0009615384615384616,13,1.9285709857940674,0.37970177173758934
S1,1,11,1,SINE,hyb,sample,50000,10,1001,3.570487073635049e-18,3.4562932975433593,1.25,7.07e-06,10100.0,3.16e-11,5,0.1,0.3752196559482572,0.004226130417648301,0.384670639131238,0.004349258036643395,0.3717441821472532,0.4387695417756704,0.4395844322221928,0.43613832485665566,0.4370260048166754,0.41908653748114755,0.4205800569210577,0.38819477473001773,0.3929327971362282,0.37615698638386497,0.384787358583751,0.3752196559482572,0.384670639131238,0.3858652644002172,0.3940775314413604,0.41605833395182057,0.42823086063021903,0.4921910169482742,0.5259486454358654,0.587789105315809,0.6323563594648518,1.6074305633429389,0.21090675105485235,0.5736407405901451,4.3203666219292,3.5317197925357875e+18,1.252999095510113e+18,3.6484056130053863,1.2943974045764972,0.10088131974699836,0.04979381264624951,0.47416812768144084,0.2320413141292568,0.7768495069717386,0.0,0.0,0.11832843467130505,0.22833526297154297,0.0019406420221175227,60.97385984777941,85.32967671880311,30.273638348885868,21,0.0009615384615384616,13,2.3313708305358887,0.3752196559482572
S1,1,12,1,SINE,hyb,sample,50000,10,1001,2e-17,10.0,1.25,7.07e-06,10100.0,3.16e-11,2,0.01,0.3749290989299431,0.004207100930055205,0.37916361177626673,0.005114833908587396,0.3642992488357356,0.39513780405293025,0.3948892097985456,0.39493970556197944,0.3947072486537687,0.39313545589733023,0.39306048905544444,0.38390610565848915,0.3850496811438887,0.3749290989299431,0.37916361177626673,0.38411757609884606,0.3917106740833459,0.40231834847211045,0.4171957699625115,0.4308271007273997,0.45507374139654067,0.5209622481558791,0.5583486468489445,0.6437234737236002,0.6877969481251874,0.8302695335869232,0.21090675105485235,0.5736407405901451,12.5,3.5317197925357875e+18,1.252999095510113e+18,7.063439585071576,2.5059981910202263,0.02281803801408136,0.009921324411992834,0.5965134269482171,0.24998308103400138,0.8758293581378478,0.22525,0.0,0.13357772317030747,0.24595518599678165,0.0018657132561842608,71.59606264657162,85.32967671880311,30.273638348885868,21,0.0009615384615384616,13,1.4277081489562988,0.3749290989299431
S1,1,13,1,SINE,hyb,sample,50000,10,1001,1.1026535564429604e-17,3.344756116083217,1.25,7.07e-06,10100.0,3.16e-11,1,0.01,0.3826695715185508,0.0035581175401325463,0.3952755010874581,0.006173527408770217,0.3789631584634955,0.3907782610526331,0.40429043944322196,0.39060801779070287,0.4041150986036575,0.3892125263635455,0.4026707613637777,0.3846922525617542,0.39786755343873914,0.3826695715185508,0.3952755010874581,0.3928683581231802,0.4046377803412858,0.41513343429924443,0.43293593913170375,0.4859385462516914,0.5193230940830464,0.6086862478490583,0.6503519579794019,0.7222903228000137,0.765471286278832,0.503702923594765,0.21090675105485235,0.5736407405901451,4.180945145104022,3.5317197925357875e+18,1.252999095510113e+18,11.642891901367829,4.130716443690821,0.04661734301810623,0.01891816921714693,0.6813008393603212,0.24534760584632642,0.9204204880195751,0.49055,0.0823,0.10281796759139496,0.24287168277130045,0.0017451634831401677,58.91595176309155,85.32967671880311,30.273638348885868,21,0.0009615384615384616,13,1.8239316940307617,0.3749290989299431
S1,1,14,1,SINE,hyb,sample,50000,10,1001,9.448136077010035e-20,0.3596714141721162,1.25,7.07e-06,10100.0,3.16e-11,3,0.01,0.4575716927438581,0.0011887238296334462,0.4845056144231358,0.0026281017848352574,0.4577627774916305,0.5006231380156856,0.5208385815525568,0.4845601042594819,0.5065944944172225,0.46511786045140174,0.48958306883174385,0.45873579254447244,0.484416269073119,0.4575716927438581,0.4845056144231358,0.4580376006643797,0.486120332253699,0.4585657075993752,0.48691276582065957,0.4636724076473602,0.49209839055528465,0.4760920924493018,0.5053126296003476,0.5090783117335261,0.5406319209262169,6.321336078464587,0.21090675105485235,0.5736407405901451,0.44958926771514524,3.5317197925357875e+18,1.252999095510113e+18,0.9277403727664567,0.3291478135953522,1.6734424569308686,1.1538132490400268,0.2248459945505837,0.1348561638571107,0.4011664643104652,0.0,0.0,0.012328227090578247,0.13478096509016801,0.001676361872348866,7.3541562200435395,85.32967671880311,30.273638348885868,21,0.0009615384615384616,13,3.7177438735961914,0.3749290989299431
S1,1,15,1,SINE,hyb,sample,50000,10,1001,5e-20,10.0,1.25,7.07e-06,10100.0,3.16e-11,1,0.001,0.4416361281814436,0.0015351210221878815,0.45147595431439064,0.0012248844595496077,0.4385390395706631,0.4536832975540981,0.4642990168342808,0.4491008208649386,0.4593305291875656,0.44354022316442787,0.45337819616690733,0.4416361281814436,0.45147595431439064,0.4417548908065889,0.45155913445299023,0.44267552958257433,0.45244453322992795,0.48011683699349633,0.49033309229433797,0.7851817133916932,0.8000071894056845,0.9695222865115778,0.9790202084202274,1.0502557829519685,1.0036566359437016,332.10781343476935,0.21090675105485235,0.5736407405901451,12.5,3.5317197925357875e+18,1.252999095510113e+18,0.017658598962678938,0.006264995477550565,0.07950192082557121,0.07861182530324581,0.00620518579701733,0.004543712853249384,0.016179377635797264,0.0,0.0,0.003957854362483259,0.004254737474929365,0.00031860878597291637,12.422301382547875,85.32967671880311,30.273638348885868,21,0.0009615384615384616,13,3.228605031967163,0.3749290989299431
S1,1,16,1,SINE,hyb,sample,50000,10,1001,1.713694576129871e-17,2.2025182242667456,1.25,7.07e-06,10100.0,3.16e-11,1,0.001,0.4160970122102764,0.0034414170595010057,0.44092364399909717,0.00524346482857847,0.40666122511423597,0.4245317628901829,0.44887535434175785,0.42424150918196596,0.44859787870097134,0.4219858964748216,0.4464431427660471,0.4160970122102764,0.44092364399909717,0.41810516968561046,0.4440269396907565,0.4332099988360783,0.4600108924628552,0.4524261125799294,0.4827227192923543,0.5533498347475871,0.5915471420425218,0.6995420167248839,0.7385327732229,0.8133396642080497,0.8517505123532277,0.21342003461415684,0.21090675105485235,0.5736407405901451,2.753147780333432,3.5317197925357875e+18,1.252999095510113e+18,27.478951076075653,9.749103231988794,0.03379078201030715,0.012754002180352511,0.7984361182017072,0.21072693224488104,0.9647929670036627,0.6994,0.506,0.07168619378733124,0.2091985043841698,0.0014608836363630027,49.07043381346941,85.32967671880311,30.273638348885868,21,0.0009615384615384616,13,1.614630937576294,0.3749290989299431
S1,1,17,1,SINE,hyb,sample,50000,10,1001,3.863760004892314e-18,1.714787058587563,1.25,7.07e-06,10100.0,3.16e-11,1,0.01,0.38664768565576824,0.00197494426299676,0.3978388879055628,0.0037060650193229197,0.38266472863816203,0.3960691198493517,0.405606826533392,0.39569649682268565,0.40524653947204003,0.3931744649004749,0.40281561840564056,0.3885403355981618,0.398558229757805,0.38664768565576824,0.3978388879055628,0.39091125821357336,0.40356599732370285,0.43325680372321196,0.4523904778110513,0.5150644597058824,0.5508362889560943,0.6125090028489081,0.6573107881143337,0.6902517118747978,0.7351566592976018,0.7369688849885327,0.21090675105485235,0.5736407405901451,2.1434838232344537,3.5317197925357875e+18,1.252999095510113e+18,7.957674752995903,2.823258880543392,0.1220242322281807,0.05208162189097674,0.6202717436473212,0.24865789320896742,0.8830239939514426,0.3076,0.0,0.08950906865781576,0.24678099583738405,0.0018431219148145942,48.56383505527347,85.32967671880311,30.273638348885868,21,0.0009615384615384616,13,2.3028621673583984,0.3749290989299431
S1,1,18,1,SINE,hyb,sample,50000,10,1001,2.405106171705689e-18,10.0,1.25,7.07e-06,10100.0,3.16e-11,5,0.01,0.4154371550397743,0.0030285176149984754,0.4147713627030445,0.007238119412832806,0.3938665095865576,0.4844793365897478,0.48385961766148355,0.4819166339861772,0.4811877918298748,0.46462181422628623,0.4631531192977727,0.4304845785217283,0.4283738796134763,0.4154371550397743,0.4147713627030445,0.41812692357729214,0.41790217293119597,0.4278246111288036,0.4323132049666224,0.4431186867807154,0.4628331217490492,0.465049805837167,0.4931885178105153,0.4999137130923704,0.5325198803212906,6.904223550331672,0.21090675105485235,0.5736407405901451,12.5,3.5317197925357875e+18,1.252999095510113e+18,0.8494161069762958,0.30135958577530186,0.06147416968718831,0.04325689589175043,0.20911505187469073,0.13218593016759825,0.4512311344882934,0.0,0.0,0.10345184830631433,0.1264258431112926,0.0016248367603773621,63.669071767115874,85.32967671880311,30.273638348885868,21,0.0009615384615384616,13,2.4520440101623535,0.3749290989299431
S1,1,19,1,SINE,hyb,sample,50000,10,1001,1.2713550789392348e-17,6.906760332257793,1.25,7.07e-06,10100.0,3.16e-11,5,0.01,0.3628821793677753,0.007555086725515346,0.368688346174312,0.011299549222666058,0.3415532952012905,0.4230282652972034,0.4164319760943539,0.4219039317679784,0.41541478706016655,0.41273954629809334,0.40723524807417927,0.38267315185801765,0.3823504558173513,0.3628821793677753,0.368688346174312,0.3690065166091191,0.37532221228165347,0.39068732673159823,0.4009339686074663,0.41349908222720133,0.431049562030035,0.46959001578512477,0.49943291433611287,0.609026246111469,0.651476031580381,0.9021040265863325,0.21090675105485235,0.5736407405901451,8.63345041532224,3.5317197925357875e+18,1.252999095510113e+18,6.500978287403245,2.3064456957380797,0.035031134839644935,0.015441791799595091,0.5819360704586336,0.24896265471163337,0.8662388779877508,0.18215,0.0,0.13111487334523567,0.2450342499706065,0.0018816147921838988,69.6821017191606,85.32967671880311,30.273638348885868,21,0.0009615384615384616,13,1.9023878574371338,0.3628821793677753
S1,1,20,1,SINE,hyb,sample,50000,10,1001,7.349380441028187e-18,2.9107023528200155,1.25,7.07e-06,10100.0,3.16e-11,5,0.01,0.3644644057113793,0.0055490413613930685,0.3647768665823308,0.008218870404047693,0.3424121394874023,0.420945573164342,0.4233219238143323,0.4187990968627916,0.42119335967643734,0.40430958971212805,0.4067592754756821,0.37650199952654384,0.37822899070273885,0.3644644057113793,0.3647768665823308,0.3676017674801528,0.37003036612089396,0.3906506001438739,0.40085726050899567,0.4196016094475342,0.43862866331518074,0.4977453456729908,0.5301498583835063,0.656615704180234,0.6999107375717758,0.6576520304745961,0.21090675105485235,0.5736407405901451,3.6383779410250194,3.5317197925357875e+18,1.252999095510113e+18,8.917418966356138,3.1637611575935196,0.06600949049244745,0.0277136373362248,0.6383742928051498,0.24880278675423884,0.897752905945899,0.3768,0.0,0.10548955317628844,0.24623769805916781,0.0018163721456869507,58.07705949839501,85.32967671880311,30.273638348885868,21,0.0009615384615384616,13,2.1894237995147705,0.3628821793677753
S1,1,21,1,SINE,hyb,sample,50000,10,1001,3.2701027998731117e-18,1.139952236504326,1.25,7.07e-06,10100.0,3.16e-11,5,0.1,0.37722261130153345,0.0036174912102864038,0.38944843498837184,0.0023730970333247815,0.3748774490041396,0.43868264062004697,0.44720795992979046,0.43385920137357703,0.4423349394512982,0.4108983294612588,0.4188815118343043,0.38644551526213167,0.39349004162088086,0.37742572298950644,0.38480349879350334,0.37722261130153345,0.38944843498837184,0.3960618552115448,0.41217191079693194,0.4423879129846264,0.4638352059360541,0.5865144878585296,0.6261120592639952,0.7073929300367329,0.7527253414523025,0.5788610754075023,0.21090675105485235,0.5736407405901451,1.4249402956304076,3.5317197925357875e+18,1.252999095510113e+18,10.131202354016118,3.5943925712457236,0.15274789393404709,0.0630465395241704,0.661562368903657,0.24667059279637193,0.9041622604922922,0.44525,0.0163,0.07240836633888449,0.24544481376692345,0.001783057098110343,40.60911252680679,85.32967671880311,30.273638348885868,21,0.0009615384615384616,13,2.7642738819122314,0.3628821793677753
S1,1,22,1,SINE,hyb,sample,50000,10,1001,1.3654563377253234e-19,0.2702103217642496,1.25,7.07e-06,10100.0,3.16e-11,2,0.01,0.4869750968289213,0.0013675826663184134,0.5223724658713628,0.0031290879612825436,0.4885749529956165,0.5138316056511149,0.5453340414550703,0.5051257816364968,0.5376345841179854,0.49201917380183524,0.5256901157681249,0.48743041327850295,0.5214552106354478,0.4869750968289213,0.5223724658713628,0.48902930097865466,0.5261468341977862,0.4903710111897068,0.527895232773619,0.4952450916598181,0.532688575332727,0.503837769959821,0.5413397863306944,0.5417442202782519,0.5806765417753976,3.286042792042845,0.21090675105485235,0.5736407405901451,0.33776290220531197,3.5317197925357875e+18,1.252999095510113e+18,1.7846872548397181,0.6331792009119119,1.8128180300407117,1.0631918168027836,0.3390551122187304,0.186122818457823,0.5632729898942208,0.0,0.0,0.014618782268996364,0.18605162615345497,0.0018805066769445537,7.773852892002997,85.32967671880311,30.273638348885868,21,0.0009615384615384616,13,3.9399490356445312,0.3628821793677753
S1,1,23,1,SINE,hyb,sample,50000,10,1001,5e-20,1.7740182217030698,1.25,7.07e-06,10100.0,3.16e-11,5,0.01,0.43688015725662,0.0014176956728035458,0.44770580290253437,0.0024772403945191937,0.4350174095947299,0.515320893212658,0.5220697114049424,0.47747509665322624,0.48490445501993185,0.44643055903585527,0.4559210244560661,0.43821268399873203,0.4483530395440474,0.43688015725662,0.44770580290253437,0.4371477563302141,0.4483523248051224,0.4414101533321887,0.4531213927753316,0.45344347729060736,0.4658032294620811,0.48059268723864224,0.49287932416989655,0.703598382895292,0.6877958244603448,58.91653126032444,0.21090675105485235,0.5736407405901451,2.217522777128837,3.5317197925357875e+18,1.252999095510113e+18,0.09954012166643113,0.03531528256533986,0.4355713297836039,0.4101293308777313,0.03356829037446823,0.022887187640981993,0.07127098749902107,0.0,0.0,0.007779651305964336,0.022677491276361227,0.0007330958125358373,10.612052576120844,85.32967671880311,30.273638348885868,21,0.0009615384615384616,13,3.4120960235595703,0.3628821793677753
S1,1,24,1,SINE,hyb,sample,50000,10,1001,2.679036998261787e-19,3.7369740762287234,1.25,7.07e-06,10100.0,3.16e-11,2,0.1,0.4388113414024106,0.0003597849109836366,0.4547041449346761,0.0009480627287479249,0.43965369437292745,0.46242490702757877,0.4700913131351485,0.45902156920304515,0.46711517357851634,0.4481565993786626,0.45798524895130843,0.4411765103845842,0.4534401734485347,0.438873869371,0.4528028847020142,0.4388113414024106,0.4547041449346761,0.4418682666288299,0.4587208251597993,0.44539629838507927,0.4624250629895026,0.4548334783939983,0.4718821555765068,0.5850333916265432,0.5858584006600331,23.162768750935037,0.21090675105485235,0.5736407405901451,4.6712175952859045,3.5317197925357875e+18,1.252999095510113e+18,0.2531890186737735,0.08982751464649687,0.19643195256730142,0.17082574414044444,0.0792798269724091,0.05364907894379594,0.1765675011324126,0.0,0.0,0.03164787171668386,0.052166570549425674,0.0010940229345763701,28.92797830507878,85.32967671880311,30.273638348885868,21,0.0009615384615384616,13,5.308612108230591,0.3628821793677753
S1,1,25,1,SINE,hyb,sample,50000,10,1001,2e-17,0.1,1.25,7.07e-06,10100.0,3.16e-11,4,0.001,0.5143514091743511,0.006663547899591596,0.5604979505413481,0.013210633639323684,0.5086920287232353,0.5646542426358085,0.6106818174084772,0.5445773555889548,0.5908354616617155,0.515705265153127,0.5630584433272806,0.5143514091743511,0.5604979505413481,0.5370234465746834,0.5814058890603037,0.5941348344795742,0.6353798145129976,0.7276637157395941,0.7575873354791042,0.9077238105819092,0.9291533271319418,0.975802417705981,0.9975777889363044,0.9848396212688384,1.0065375919405284,0.008302695335869234,0.21090675105485235,0.5736407405901451,0.125,3.5317197925357875e+18,1.252999095510113e+18,706.3439585071575,250.5998191020226,0.03179652524613317,0.011309914934290132,0.9836638058875923,0.028090881182134774,0.9985834197262922,1.0,0.95615,0.005362984911288159,0.027999888283121412,0.000440649871685219,12.170626286076036,85.32967671880311,30.273638348885868,21,0.0009615384615384616,13,4.088358163833618,0.3628821793677753
S1,1,26,1,SINE,hyb,sample,50000,10,1001,1.2498542261619531e-17,10.0,1.25,7.07e-06,10100.0,3.16e-11,4,0.01,0.37371590624699513,0.009281785307106239,0.3823637525955635,0.008394734705604909,0.3506331233903853,0.4206721600643295,0.4259231123639946,0.42002951046677756,0.425337381087895,0.41446520783860086,0.4202649742938448,0.39181715382244187,0.3996150604288765,0.37371590624699513,0.3823637525955635,0.3780666305919894,0.3855262968823413,0.39268331138367174,0.4016856010391495,0.40719227618175735,0.41982104871031556,0.47158927213266083,0.5015505142566417,0.5871742983631136,0.6302841240104667,1.3285861922258109,0.21090675105485235,0.5736407405901451,12.5,3.5317197925357875e+18,1.252999095510113e+18,4.41413490832067,1.5660662149004194,0.031176124581455716,0.014776137158505717,0.5093197696013795,0.24045077591286865,0.8147730610101134,0.0282,0.0,0.14287681452441137,0.23555073156790443,0.0019291531616950392,74.06193420063832,85.32967671880311,30.273638348885868,21,0.0009615384615384616,13,1.7899489402770996,0.3628821793677753
S1,1,27,1,SINE,hyb,sample,50000,10,1001,2e-17,6.163931582539522,1.25,7.07e-06,10100.0,3.16e-11,5,0.01,0.36472843645006037,0.0050437625441636345,0.37953145947727807,0.009893509699530434,0.34632446279664675,0.4194206924879523,0.4312347726997787,0.4184002144181367,0.4303076498313184,0.4099660562930641,0.42263849953820765,0.38134510341518657,0.3963098220965212,0.36472843645006037,0.37953145947727807,0.37212643465828615,0.3840281515222674,0.39534666794472534,0.4100961667499129,0.43652821975437534,0.46379270652678306,0.501712980320062,0.5370326457481037,0.6531726759407499,0.6945651480851814,0.5117724600096795,0.21090675105485235,0.5736407405901451,7.704914478174403,3.5317197925357875e+18,1.252999095510113e+18,11.459308868839617,4.065584047232014,0.025621387920702687,0.010416893527990861,0.6780720250798395,0.2463855326362374,0.9196200694934245,0.48385,0.0784,0.11386247163026877,0.24335982089041386,0.001748987228171948,65.10194574106669,85.32967671880311,30.273638348885868,21,0.0009615384615384616,13,1.566951036453247,0.3628821793677753
S1,1,28,1,SINE,hyb,sample,50000,10,1001,1.4258600415347343e-18,0.8380204865906061,1.25,7.07e-06,10100.0,3.16e-11,5,0.01,0.3872661861680923,0.006670690775343026,0.39609531956064814,0.010386340740110956,0.3816382511019549,0.45284585672031874,0.4645018430451328,0.44453467957203047,0.4560425265812486,0.41431237712776614,0.42472188800620236,0.3922580912947114,0.4016373644094967,0.3872661861680923,0.39609531956064814,0.3892367332623291,0.39749174202672516,0.41815771468387186,0.42946367025751586,0.5126694795383464,0.5475599634905809,0.5964874056058029,0.6420474870256401,0.6585715913153223,0.7058459017927158,0.9759483515492282,0.21090675105485235,0.5736407405901451,1.0475256082382576,3.5317197925357875e+18,1.252999095510113e+18,6.009087141248141,2.1319303894772608,0.30480581666034423,0.13619899151631476,0.5723498288688896,0.2462558675228329,0.8361049607320143,0.13425,0.0,0.05915669099929998,0.24539206864304888,0.0018972357821253484,31.180463470402522,85.32967671880311,30.273638348885868,21,0.0009615384615384616,13,4.226835250854492,0.3628821793677753
S1,1,29,1,SINE,hyb,sample,50000,10,1001,9.644521068323347e-18,4.508020528705694,1.25,7.07e-06,10100.0,3.16e-11,5,0.01,0.3629745182366491,0.004250456459033545,0.3712197984795142,0.004376631444184716,0.3407038967834455,0.4229618989145748,0.4261448487251684,0.42150086562730094,0.42483986760244274,0.4103543201623766,0.41498176199374354,0.38030051222441874,0.3887712422960541,0.3629745182366491,0.3712197984795142,0.367200120603023,0.3728217177435348,0.38987959286660845,0.4001553886589647,0.4163446537981585,0.4347684934256228,0.4798738593262307,0.5109359181606393,0.6291239469402081,0.6720090129417662,0.7761654674718715,0.21090675105485235,0.5736407405901451,5.635025660882117,3.5317197925357875e+18,1.252999095510113e+18,7.555809857038405,2.6806834836457605,0.048214273767642854,0.020741634526455742,0.6092202333538883,0.24962476688465843,0.8823041024518935,0.26445,0.0,0.11990236833652622,0.24633349684755942,0.001853407913840642,64.69291915780367,85.32967671880311,30.273638348885868,21,0.0009615384615384616,13,1.97987699508667,0.3628821793677753
S1,1,30,1,SINE,hyb,sample,50000,10,1001,5.1105314194483714e-20,0.1093609453361139,1.25,7.07e-06,10100.0,3.16e-11,1,0.001,0.4825937111054611,0.0011291584075923682,0.5175794701960912,0.0012899102812350914,0.4839704283178955,0.49265783886514686,0.5285938307965086,0.48771539992976454,0.5232922332031047,0.4835817931046023,0.5184968801521722,0.4825937111054611,0.5175794701960912,0.4826979621028106,0.5179422516299438,0.483455610156465,0.5187019572221498,0.49344436911643924,0.5283274094473939,0.508968677690131,0.544002992533152,0.5154405689007444,0.5503578243205532,0.5587114037441426,0.5928725138678074,3.5534097581828825,0.21090675105485235,0.5736407405901451,0.1367011816701424,3.5317197925357875e+18,1.252999095510113e+18,1.6504031589128534,0.5855372982067868,4.613720363112662,2.760042635253973,0.3254993664036399,0.1773024973178372,0.5384154278958262,0.0,0.0,0.0076849183468427175,0.17728350807805585,0.001879075344437076,4.0897340117806324,85.32967671880311,30.273638348885868,21,0.0009615384615384616,13,2.88098406791687,0.3628821793677753
S1,1,31,1,SINE,hyb,sample,50000,10,1001,3.0543682423607598e-18,0.387721851844815,1.25,7.07e-06,10100.0,3.16e-11,5,0.01,0.3817393631896889,0.0031875045113201276,0.4017616470189015,0.006314853091747837,0.3774635949268207,0.43842918898976596,0.46615169753406765,0.4286434832154116,0.4569123578280815,0.40080800628392305,0.4285100345029661,0.3851526440585528,0.40702491674957786,0.3817393631896889,0.4017616470189015,0.3915796463979857,0.41288692307383446,0.43444184401472175,0.4569446815890892,0.5697568191598866,0.6035530678127584,0.738788654400748,0.7782498200508725,0.8258420480202517,0.8658484176050336,0.21078901792394333,0.21090675105485235,0.5736407405901451,0.4846523148060188,3.5317197925357875e+18,1.252999095510113e+18,27.821936586529528,9.870789141295662,0.18980543177891865,0.07158904192806884,0.8026636017520937,0.20795622621753557,0.9622690333503381,0.70715,0.51925,0.03534198164549582,0.20762407741655736,0.0014515045914473281,24.3485152260218,85.32967671880311,30.273638348885868,21,0.0009615384615384616,13,7.365400075912476,0.3628821793677753
S1,1,32,1,SINE,hyb,sample,50000,10,1001,2.5052671988799396e-19,9.843007594495969,1.25,7.07e-06,10100.0,3.16e-11,1,0.01,0.4381853405212256,0.0011092329246175623,0.4501801921396054,0.0015771556363512584,0.43732088209187936,0.4494393741227786,0.4613933670406853,0.44796231790143304,0.4600124914151677,0.44276511165512267,0.45492039564744974,0.43898697652003504,0.4509341153925778,0.4381853405212256,0.4501801921396054,0.43984600020189174,0.45171889526589337,0.44111879307797724,0.4528545875123647,0.45082841669527235,0.46218281143179024,0.6414324676630498,0.650859589880001,0.949821636786598,0.9110587543143472,65.24133895361281,0.21090675105485235,0.5736407405901451,12.303759493119962,3.5317197925357875e+18,1.252999095510113e+18,0.08989022579666157,0.031891650027406716,0.07876405533260403,0.07457262125697255,0.030407972663221764,0.0219004076880866,0.07749922024516016,0.0,0.0,0.018825174929137434,0.020568866077091713,0.0006955640585584519,27.064617122616113,85.32967671880311,30.273638348885868,21,0.0009615384615384616,13,5.088940143585205,0.3628821793677753
S1,1,33,1,SINE,hyb,sample,50000,10,1001,2.22484338164877e-18,0.5468106812715156,1.25,7.07e-06,10100.0,3.16e-11,1,0.01,0.40895982509303713,0.0038775150091693036,0.41806859957641607,0.009654482467892878,0.4060731498443653,0.41874853910210563,0.4282021731898339,0.41768832838648445,0.4271085396186417,0.41310071005331866,0.422296551547683,0.4092597464957318,0.41810771341513897,0.40895982509303713,0.41806859957641607,0.42715510835675286,0.44080910681097024,0.5518416252478698,0.587143610440725,0.6564327366015001,0.70259504934483,0.7039991462606627,0.7492653451440361,0.7637903103229331,0.8069350031698406,0.40811883932540177,0.21090675105485235,0.5736407405901451,0.6835133515893944,3.5317197925357875e+18,1.252999095510113e+18,14.369732844263167,5.098157077647394,0.23991333662392983,0.09518898126464853,0.7167212932874649,0.23830482385585489,0.9272215115939968,0.5657,0.17205,0.04649205421561137,0.23779379761782798,0.0016783878884056224,27.700422850272293,85.32967671880311,30.273638348885868,21,0.0009615384615384616,13,7.706768274307251,0.3628821793677753
S1,1,34,1,SINE,hyb,sample,50000,10,1001,5.037421249461163e-18,1.5499410693885043,1.25,7.07e-06,10100.0,3.16e-11,4,0.01,0.3709174539026605,0.007356191691924786,0.37407256163988456,0.00658790015608614,0.3596692706970782,0.42105775779654947,0.4247020719104223,0.4184747901073167,0.4220927453572917,0.4031249620092157,0.4064269149335929,0.3802079971487464,0.3822604986493086,0.3709174539026605,0.37407256163988456,0.3760658764210629,0.38429725730106384,0.40192295822696444,0.4174868474034515,0.4312700699162929,0.45320477260873415,0.5659782367982195,0.6035014783466457,0.7110072545628288,0.7551832255944058,0.5109236591663097,0.21090675105485235,0.5736407405901451,1.9374263367356304,3.5317197925357875e+18,1.252999095510113e+18,11.478346294211887,4.0723382288130985,0.10175753918945071,0.04136354641319858,0.6806042954052013,0.24473891914838658,0.9171665027070698,0.48905,0.0709,0.08175504493187616,0.24317655526379653,0.001749068939570012,46.74203691020588,85.32967671880311,30.273638348885868,21,0.0009615384615384616,13,2.3391571044921875,0.3628821793677753
S1,1,35,1,SINE,hyb,sample,50000,10,1001,1.8539222113207305e-19,0.16431048878429694,1.25,7.07e-06,10100.0,3.16e-11,2,0.001,0.5438372439678616,0.004256770525238342,0.5868393611826211,0.007229681474067038,0.5408501296898642,0.5703416602516463,0.6100888013089734,0.5611237385570607,0.6014614675586254,0.5485217138232875,0.5898839609541775,0.5438372439678616,0.5868393611826211,0.5444022088746271,0.5894564415842545,0.5517658908760145,0.5986469565983632,0.5560190141559646,0.6032390058296218,0.5584400589237195,0.605376025238265,0.5671987973379121,0.6130438984684022,0.6144681521602384,0.6604629327563758,1.4717121576443153,0.21090675105485235,0.5736407405901451,0.20538811098037119,3.5317197925357875e+18,1.252999095510113e+18,3.9848544155562653,1.4137641918773163,2.017111285250448,0.9767248118972083,0.49687002143717507,0.2322979708734338,0.7424133390007063,0.0,0.0,0.014527676267026831,0.23224640312739683,0.0019523783655157488,7.441014776451457,85.32967671880311,30.273638348885868,21,0.0009615384615384616,13,3.908217191696167,0.3628821793677753
S1,1,36,1,SINE,hyb,sample,50000,10,1001,1.7995681142432826e-17,9.92716890667857,1.25,7.07e-06,10100.0,3.16e-11,5,0.01,0.3727084586396329,0.004647827406583217,0.3748790579230837,0.008788763325734746,0.337701390273781,0.4335156786303612,0.43581487965291216,0.4327644168603869,0.4350354606971206,0.42623481774015615,0.42826270914445985,0.39856040781405755,0.39977835032430853,0.3727084586396329,0.3748790579230837,0.374033323349627,0.3783554543628609,0.3931024459500687,0.40422431499701805,0.41436171850303427,0.4331728761766921,0.46687445393047716,0.4970134144184571,0.6027215837692654,0.6449406414209873,0.9160226648550589,0.21090675105485235,0.5736407405901451,12.408961133348214,3.5317197925357875e+18,1.252999095510113e+18,6.4021982368140735,2.2714000745355527,0.024633771943993292,0.010886890731037258,0.5788601933139451,0.2490362374389142,0.8646948541919584,0.1747,0.0,0.1359980040493992,0.24483697698813775,0.0018836800549556138,72.19803792667105,85.32967671880311,30.273638348885868,21,0.0009615384615384616,13,1.6080701351165771,0.3628821793677753
S1,1,37,1,SINE,hyb,sample,50000,10,1001,8.009266680219523e-18,1.1556232930205206,1.25,7.07e-06,10100.0,3.16e-11,5,0.01,0.3668054562057418,0.004149360200835403,0.37829066397060374,0.009535396384568576,0.3547294614820674,0.4199918189743908,0.4334172219989287,0.4162671225565598,0.42961883382109683,0.3967084085743123,0.4095328048946956,0.37322880333217345,0.3849192568254327,0.3668054562057418,0.37829066397060374,0.37704697418482486,0.3903067957900222,0.4162286008605989,0.4363400939537875,0.4632954405437175,0.49258854546753417,0.6051832959649814,0.6406294836497997,0.7811106751103138,0.8207065480587424,0.2395921751158457,0.21090675105485235,0.5736407405901451,1.4445291162756506,3.5317197925357875e+18,1.252999095510113e+18,24.47725468071402,8.684148170623748,0.07148456427271818,0.027171966564102278,0.7857448527571825,0.21609882295150873,0.9601722872551421,0.6803,0.4672,0.060898674381695335,0.21509773695133735,0.0015012126037554508,40.56632233792236,85.32967671880311,30.273638348885868,21,0.0009615384615384616,13,2.265061855316162,0.3628821793677753
S1,1,38,1,SINE,hyb,sample,50000,10,1001,1.4096968404478083e-17,4.136516677844346,1.25,7.07e-06,10100.0,3.16e-11,5,0.01,0.3679164032396068,0.005530979981907308,0.37565291816081475,0.00675793117163681,0.3445550955378577,0.42538714702550023,0.4347865683138382,0.4240959974525915,0.4334511649307798,0.4140506708814896,0.42304080475131906,0.38523708989504357,0.39302248844584514,0.3679164032396068,0.37565291816081475,0.37210390896755935,0.3801961541076478,0.39452260357202984,0.4074111391725347,0.4340191059541231,0.45971490138197624,0.5051373383241888,0.5396983505668156,0.6668798863554011,0.7083148082745938,0.4872570717683337,0.21090675105485235,0.5736407405901451,5.170645847305433,3.5317197925357875e+18,1.252999095510113e+18,12.035861621327255,4.270135970889066,0.036697238720497065,0.014835953574160714,0.6861517973559501,0.24491321334289998,0.9230363235642198,0.50135,0.09625,0.10620683077726088,0.24225884768224135,0.0017353368108934265,61.20243062358656,85.32967671880311,30.273638348885868,21,0.0009615384615384616,13,1.8318068981170654,0.3628821793677753
S1,1,39,1,SINE,hyb,sample,50000,10,1001,5.4560571694247465e-19,0.9798946059976855,1.25,7.07e-06,10100.0,3.16e-11,5,0.01,0.4371011980232201,0.0052158209978036855,0.44095856959141616,0.007406919768630006,0.42667836592404723,0.5211730090931742,0.4962360542817514,0.5077164376451366,0.4856072935111805,0.4683644897180712,0.45689061849826496,0.44438372841921947,0.4428896799672196,0.4371011980232201,0.44095856959141616,0.43781842112120584,0.4492323384388038,0.4644581281602074,0.4935666669172306,0.49267743095869243,0.5308717391417618,0.5036395501281178,0.5428382539388139,0.5450481466518886,0.5870074821059461,2.9822878031603137,0.21090675105485235,0.5736407405901451,1.2248682574971068,3.5317197925357875e+18,1.252999095510113e+18,1.966463023321273,0.6976704082762164,0.48090272872173834,0.27521473397504775,0.3567805388696131,0.19411746281377307,0.6074193519411433,0.0,0.0,0.04658611656388504,0.19335595332448574,0.001894917876235284,24.584768104272523,85.32967671880311,30.273638348885868,21,0.0009615384615384616,13,5.780503749847412,0.3628821793677753
S1,1,40,1,SINE,hyb,sample,50000,10,1001,6.467919840260083e-18,0.4452166028028461,1.25,7.07e-06,10100.0,3.16e-11,5,0.001,0.3823080509695993,0.00944510214508228,0.40021974660928966,0.013762780720007205,0.35987666492428455,0.42971496652547436,0.4557569690075688,0.42215027038416003,0.4475673585974806,0.39743186760085664,0.41965405257660776,0.3823080509695993,0.40021974660928966,0.3833880996125411,0.4002190208083146,0.41013170730229814,0.43143888462064206,0.45769411641381125,0.4854266190291652,0.5471645319004089,0.5795015683123215,0.7546913506961775,0.7883573642446781,0.8701143539052649,0.9051343369478827,0.11430252392843801,0.21090675105485235,0.5736407405901451,0.5565207535035576,3.5317197925357875e+18,1.252999095510113e+18,51.30734202762175,18.203044672317848,0.09357256690384787,0.03435231293934167,0.8639798638778238,0.16906113977768128,0.9803940123433199,0.79475,0.6678,0.032494586484157664,0.16869178656130426,0.0012291251560149308,26.43716656936028,85.32967671880311,30.273638348885868,21,0.0009615384615384616,13,8.249475955963135,0.3628821793677753
S1,1,41,1,SINE,hyb,sample,50000,10,1001,2.3114116613810156e-18,4.90846108121646,1.25,7.07e-06,10100.0,3.16e-11,1,0.01,0.40433486716697686,0.0026130481804797177,0.40379056773169,0.005864350553897588,0.40336685612622497,0.41393660623872447,0.41120297681665674,0.4136369543622439,0.41094307026182764,0.4114136060727708,0.4090323829823399,0.4062606044692466,0.4047925346969453,0.40433486716697686,0.40379056773169,0.4105014895288669,0.41449983899694026,0.44400593601909416,0.4615597545135023,0.47235205794176566,0.5032987615720461,0.4901159280986673,0.5261079388002232,0.5373859843083166,0.5728821025665437,3.5262828864471767,0.21090675105485235,0.5736407405901451,6.135576351520575,3.5317197925357875e+18,1.252999095510113e+18,1.6630993254558446,0.5900417000646113,0.10250289253764044,0.06120082415033166,0.3224064682563783,0.1838801427631157,0.6101294876528491,0.0,0.0,0.11458454361535132,0.17907990545402963,0.0018497967263574834,61.94439744792111,85.32967671880311,30.273638348885868,21,0.0009615384615384616,13,2.348362922668457,0.3628821793677753
S1,1,42,1,SINE,hyb,sample,50000,10,1001,6.55834672536648e-19,9.740835884768224,1.25,7.07e-06,10100.0,3.16e-11,5,0.1,0.4354702418913333,0.0007315855819303215,0.44785117784635126,0.0013772260064383115,0.4343285891697777,0.5216656686888175,0.51333211348857,0.5135375450689328,0.5061267405656172,0.4791286749122948,0.47675842114020106,0.4466032836380084,0.45202535276415157,0.4367895342943851,0.4459505707585474,0.4354702418913333,0.44785117784635126,0.43763983657236,0.4533752741418134,0.44495354062160286,0.46167418695233986,0.4564694820752945,0.4741177894429601,0.5176216420036168,0.5304741892762236,24.663286664952434,0.21090675105485235,0.5736407405901451,12.17604485596028,3.5317197925357875e+18,1.252999095510113e+18,0.23778496229987758,0.08436239571365536,0.07573895562035585,0.06635116588647169,0.07480593880097082,0.05224855945344763,0.18306601069148407,0.0,0.0,0.04394722864151428,0.04931175898710676,0.0010624234458954803,41.36507793695447,85.32967671880311,30.273638348885868,21,0.0009615384615384616,13,3.203892946243286,0.3628821793677753
S1,1,43,1,SINE,hyb,sample,50000,10,1001,1.2741444679995425e-17,6.931147248216702,1.25,7.07e-06,10100.0,3.16e-11,1,0.01,0.38131202344411963,0.0020086984841192284,0.3904950426560895,0.006448035565809318,0.37545193998805193,0.3890179103899011,0.3989465827778382,0.3889031252007087,0.39883189152838605,0.38789498870350264,0.3978178978701834,0.38369611959117617,0.3934023371720637,0.38131202344411963,0.3904950426560895,0.3887197863830153,0.39809797127697877,0.41257683286694935,0.4285464161197754,0.46095047201784045,0.48980222363164855,0.5529707832412298,0.5937538578725107,0.6543020402686512,0.6983617438387435,0.9033073623172901,0.21090675105485235,0.5736407405901451,8.663934060270877,3.5317197925357875e+18,1.252999095510113e+18,6.4923180463980765,2.3033731773097177,0.03494034779549938,0.015405246680500154,0.581691491662386,0.2489501864775349,0.8660866950528847,0.1816,0.0,0.13119816868553577,0.24501670680761775,0.001881841653780581,69.7179640072061,85.32967671880311,30.273638348885868,21,0.0009615384615384616,13,1.6280498504638672,0.3628821793677753
S1,1,44,1,SINE,hyb,sample,50000,10,1001,6.739895063202754e-18,2.256007552258174,1.25,7.07e-06,10100.0,3.16e-11,5,0.01,0.3583448079214741,0.00786215940352966,0.36581245936233897,0.008062932922226719,0.343652395015014,0.4156700946681758,0.42077273028067125,0.41317843712119123,0.4184655358239942,0.39721515865750556,0.40367376954829853,0.3694699898646656,0.3774354538968389,0.3583448079214741,0.36581245936233897,0.3647061305614205,0.3716862629764038,0.3919284934366258,0.4051070653709002,0.42403191723637346,0.44546987456566,0.5152874213371894,0.5494682944566942,0.6806205198446018,0.724046855734194,0.5558229974256866,0.21090675105485235,0.5736407405901451,2.8200094403227176,3.5317197925357875e+18,1.252999095510113e+18,10.551126378323124,3.743375065199996,0.07475873973786859,0.030699061750708717,0.666467002761755,0.24663159711082802,0.9118547853808344,0.45595,0.0435,0.09486392913391332,0.24454051640479396,0.0017729341117020824,53.506742584382025,85.32967671880311,30.273638348885868,21,0.0009615384615384616,13,2.149973154067993,0.3583448079214741
S1,1,45,1,SINE,hyb,sample,50000,10,1001,8.92286343479674e-18,2.2401054723454257,1.25,7.07e-06,10100.0,3.16e-11,5,0.01,0.35526158238172956,0.0045277996592352834,0.3691389572494367,0.0076238506256110766,0.3461029709073915,0.41612974186491786,0.4222790378950001,0.41354921125683364,0.42003324600482594,0.3966657105915593,0.40543943889719125,0.36570460817589695,0.3789343089723737,0.35526158238172956,0.3691389572494367,0.36450264070265537,0.37628552655039404,0.3949852275535988,0.40997569484667096,0.4355465480369382,0.46051143382747517,0.5274980388696293,0.5618759935481404,0.7035559477943725,0.7452927622683123,0.41688216777064663,0.21090675105485235,0.5736407405901451,2.8001318404317823,3.5317197925357875e+18,1.252999095510113e+18,14.067665021937936,4.990988125864709,0.05961054070716976,0.023701485335190776,0.7106219752981525,0.2400362517092046,0.9329432788828299,0.55125,0.16205,0.0885911317571722,0.23815175313243445,0.001688530780354466,52.46640025038492,85.32967671880311,30.273638348885868,21,0.0009615384615384616,13,2.064262866973877,0.35526158238172956
S1,1,46,1,SINE,hyb,sample,50000,10,1001,1.006302208303198e-17,2.1670422590562217,1.25,7.07e-06,10100.0,3.16e-11,5,0.01,0.3642300940779819,0.0038114826890099274,0.3712222445837751,0.006125042044356171,0.3489872442432704,0.4209477087335354,0.4239626360744039,0.41870410674009484,0.42174736583982364,0.40379445572740214,0.40708800230439196,0.37553888806922175,0.38000544576024253,0.3642300940779819,0.3712222445837751,0.37089976454641127,0.3802052936601724,0.3993693717203308,0.4141845530377938,0.44305065868454463,0.46958886450588117,0.5382855578294791,0.5732702899031479,0.7176902332881393,0.7586464874488196,0.3575922125270058,0.21090675105485235,0.5736407405901451,2.7088028238202773,3.5317197925357875e+18,1.252999095510113e+18,16.40012976897222,5.818510236910999,0.054141852284519454,0.021216323036027836,0.7326434650124032,0.23487079241636086,0.9420712351337387,0.59215,0.2436,0.08419390247721281,0.23311536516081277,0.0016394435461535414,51.3551702800309,85.32967671880311,30.273638348885868,21,0.0009615384615384616,13,2.0659000873565674,0.35526158238172956
S1,1,47,1,SINE,hyb,sample,50000,10,1001,5.242990623884346e-20,0.795638325424976,1.25,7.07e-06,10100.0,3.16e-11,1,0.001,0.4414187314787574,0.0008701086842479651,0.4554225896057008,0.0008580714781152547,0.44037876141794713,0.45240243670867086,0.46622073822646526,0.44825726214726985,0.4621012881221535,0.4430830043093392,0.456815743388281,0.4414187314787574,0.4554225896057008,0.4414387431167415,0.45586138568430357,0.4433171027155436,0.45839348252141887,0.4467419770801239,0.46218415840672566,0.4480736185081141,0.4634281445148556,0.47628143760692127,0.4904779310501148,0.7136729137881106,0.6974419112884208,25.199139527167976,0.21090675105485235,0.5736407405901451,0.9945479067812201,3.5317197925357875e+18,1.252999095510113e+18,0.23272852961880006,0.08256845226738076,0.9287929824548051,0.8156556430180381,0.07370759002227885,0.04877875654365272,0.1460554364148124,0.0,0.0,0.00822201195087978,0.04867371793132548,0.00106129523668227,7.747148641298653,85.32967671880311,30.273638348885868,21,0.0009615384615384616,13,3.2558047771453857,0.35526158238172956
S1,1,48,1,SINE,hyb,sample,50000,10,1001,5.9427413442893095e-18,0.1090279110927227,1.25,7.07e-06,10100.0,3.16e-11,5,0.001,0.42937231364539247,0.009110079097014353,0.45400972182170685,0.012169254636926368,0.42040708339320665,0.4881959217454003,0.5090799348503754,0.4679409949585544,0.4882208722620184,0.4391046207703064,0.4599938165541066,0.42937231364539247,0.45400972182170685,0.4452871754899916,0.47641670624690874,0.48276219271128423,0.5184576886890249,0.5868941980282341,0.6209184477008991,0.7965455681200629,0.8253950841018538,0.9233972136944475,0.9496145185329505,0.9541301424880558,0.9806080433322787,0.030464914303530738,0.21090675105485235,0.5736407405901451,0.13628488886590337,3.5317197925357875e+18,1.252999095510113e+18,192.50205765840985,68.2967274582781,0.1058862505470393,0.03791985849933536,0.9492189761510054,0.07891784403555942,0.9946681645822738,0.91805,0.8501,0.010495510204169363,0.07882406407804758,0.0007714709097841276,13.604544346469536,85.32967671880311,30.273638348885868,21,0.0009615384615384616,13,4.417827129364014,0.35526158238172956
S1,1,49,1,SINE,hyb,sample,50000,10,1001,7.086973729927223e-18,3.8162760606138053,1.25,7.07e-06,10100.0,3.16e-11,5,0.01,0.36312321144967247,0.0054274540458547895,0.37023970077059987,0.009515760907203042,0.3444377167262826,0.4207791617668664,0.4238756578271289,0.4189479667904192,0.42215435409562446,0.40590127069200577,0.409906510692601,0.37704321348162495,0.3828698893893772,0.36312321144967247,0.37023970077059987,0.3682572863855301,0.375501884565489,0.3887680476073617,0.39933444449251243,0.4124493191829103,0.4279784520038369,0.48165948707639916,0.5121674943752796,0.6248963841232527,0.668417827486381,0.8941863948230844,0.21090675105485235,0.5736407405901451,4.770345075767256,3.5317197925357875e+18,1.252999095510113e+18,6.55854162372611,2.3268682696069156,0.06301074276065763,0.027733979803296456,0.5843811754281926,0.24846113241559054,0.8659282005767904,0.1862,0.0,0.11851627981382325,0.24519701590109677,0.001881274207739046,62.99787629377992,85.32967671880311,30.273638348885868,21,0.0009615384615384616,13,2.140897035598755,0.35526158238172956
S1,1,50,1,SINE,hyb,sample,50000,10,1001,7.509919110997107e-18,9.94115386597724,1.25,7.07e-06,10100.0,3.16e-11,5,0.1,0.3791820275209095,0.002447232137764718,0.38387161115155105,0.0020135566500757572,0.3720811885382714,0.4443056358319728,0.4397832624153485,0.44324081758496475,0.438834660292091,0.43457332755468026,0.431144185677903,0.4059573600156051,0.405740814655797,0.38395724790897745,0.3863425930648835,0.3791820275209095,0.38387161115155105,0.3911059772951854,0.39411622056188367,0.41164380477893403,0.4192378745883107,0.46670617398049147,0.49495983368853125,0.5540220859545874,0.5957649158651124,2.1981161345757516,0.21090675105485235,0.5736407405901451,12.42644233247155,3.5317197925357875e+18,1.252999095510113e+18,2.6679931044447205,0.9465623387681535,0.0413413709707897,0.021939396687324128,0.41144387295219226,0.21680590586449855,0.7256660399558365,0.0,0.0,0.1431334182313366,0.21104713472108005,0.001924899447608526,74.3589065959596,85.32967671880311,30.273638348885868,21,0.0009615384615384616,13,2.1305370330810547,0.35526158238172956
S1,1,51,1,SINE,hyb,sample,50000,10,1001,1.986700378475841e-17,2.512481839659039,1.25,7.07e-06,10100.0,3.16e-11,5,0.01,0.37725884399881277,0.00519912415189608,0.3860447163165661,0.009164799955040404,0.3602129135203648,0.4356436792028299,0.4356455688946241,0.4336055187397765,0.4337084788723482,0.4193369010314775,0.4202570241793695,0.38878716533221824,0.3930403603211988,0.37725884399881277,0.3860447163165661,0.3914087409271715,0.4052860858929782,0.4241245726770543,0.44750476080118967,0.48588177334906407,0.5208848506493606,0.588550438577261,0.6257470513180012,0.7598377228448452,0.7975018325095015,0.21000017393258802,0.21090675105485235,0.5736407405901451,3.1406022995737986,3.5317197925357875e+18,1.252999095510113e+18,27.92644682141723,9.907867742509326,0.029190880306179928,0.011007582909611936,0.8001373773626795,0.21003493980855623,0.9653673336707159,0.70215,0.5112,0.0735352447975294,0.20839807312739975,0.0014551092917122475,50.53589116388601,85.32967671880311,30.273638348885868,21,0.0009615384615384616,13,1.6918010711669922,0.35526158238172956
S1,1,52,1,SINE,hyb,sample,50000,10,1001,1.924611515605839e-17,9.798659485233694,1.25,7.07e-06,10100.0,3.16e-11,5,0.01,0.3667727247220959,0.006332002924542824,0.3714615910692899,0.008624977374508722,0.3401322439608204,0.42078510143203063,0.42744816212878184,0.42005836418892406,0.42670195436784714,0.41378062995618264,0.4202459300393368,0.3881555035233852,0.3936958508014966,0.3667727247220959,0.3714615910692899,0.3721362288902691,0.3771067848303858,0.3933672271022864,0.40449482016333843,0.41710177014923655,0.43660630014283724,0.4700487797342524,0.5003553715159792,0.6080615866433983,0.6500063608620631,0.8454203224510083,0.21090675105485235,0.5736407405901451,12.248324356542117,3.5317197925357875e+18,1.252999095510113e+18,6.936855590145382,2.4610881640458904,0.023589061307574915,0.010286670831452653,0.5933040125889136,0.24983925166692808,0.8738345283179139,0.2154,0.0,0.13385951930218132,0.24579000641810295,0.0018692122625176336,71.61279753316326,85.32967671880311,30.273638348885868,21,0.0009615384615384616,13,1.6343791484832764,0.35526158238172956
S1,1,53,1,SINE,hyb,sample,50000,10,1001,5.779560595078464e-18,9.65722879074293,1.25,7.07e-06,10100.0,3.16e-11,1,0.01,0.3895551025156228,0.003122717045696026,0.39263546781245606,0.004596253768976938,0.3849721932797462,0.4006546298407442,0.4016222814942492,0.40052102122211386,0.4015029330551266,0.39934498559297854,0.4004599630482006,0.39419060703299147,0.3960919227255567,0.3895551025156228,0.39263546781245606,0.3954369098795835,0.39892655989287634,0.4282534633185965,0.4393523496259063,0.46021933314141067,0.486102288882975,0.49791939073454705,0.5349515356072612,0.5523284195505432,0.5906187987778682,2.774640982451188,0.21090675105485235,0.5736407405901451,12.071535988428664,3.5317197925357875e+18,1.252999095510113e+18,2.1136279348962432,0.7498822234615501,0.04734004290837344,0.026605458736684344,0.36648416212672774,0.2019115738504132,0.6759374294007785,0.0,0.0,0.13874838368186526,0.19591054630679713,0.00189507972293367,73.21506425443486,85.32967671880311,30.273638348885868,21,0.0009615384615384616,13,2.0758190155029297,0.35526158238172956
S1,1,54,1,SINE,hyb,sample,50000,10,1001,8.405575615559322e-20,9.920949387822434,1.25,7.07e-06,10100.0,3.16e-11,5,0.01,0.43728017648921325,0.0009410095117119438,0.4452477153740174,0.0017599028038854999,0.43393899669007086,0.5189756040639444,0.5138250518984029,0.4883458625023639,0.48491979734253804,0.4541536225849533,0.4551413254749489,0.4415724945985328,0.44621671286318126,0.43728017648921325,0.4452477153740174,0.43989410317693756,0.449425386156324,0.4501952567124958,0.4605401366398101,0.47461945229588,0.48497034547846046,0.7280255368030908,0.7369991924045014,0.9888460271359631,0.9469369242748844,195.99043296260194,0.21090675105485235,0.5736407405901451,12.401186734778042,3.5317197925357875e+18,1.252999095510113e+18,0.029922678373468556,0.010616099560456903,0.07979038129888,0.07829465805924815,0.010445674574510695,0.0076256194952199615,0.027115423835006675,0.0,0.0,0.006619513041611303,0.007145490878674027,0.0004123899336046316,16.05158735023245,85.32967671880311,30.273638348885868,21,0.0009615384615384616,13,4.290254831314087,0.35526158238172956
S1,1,55,1,SINE,hyb,sample,50000,10,1001,5.6859302371225e-18,1.5011165242563107,1.25,7.07e-06,10100.0,3.16e-11,5,0.01,0.36349655601799624,0.0050590327619488085,0.3719212898096659,0.008105009964475005,0.35270451060019514,0.4226846874554761,0.4233310589624616,0.4189349905258816,0.41994311469931783,0.39801838865158484,0.4013815681086446,0.3709177133591683,0.3782797398362695,0.36349655601799624,0.3719212898096659,0.3698203305217701,0.3792820016655665,0.3993810661629435,0.4148987090368948,0.4342544801322236,0.456953761306843,0.5548324945909483,0.590418370810033,0.7193987683523855,0.7624226063008778,0.438391350043945,0.21090675105485235,0.5736407405901451,1.8763956553203884,3.5317197925357875e+18,1.252999095510113e+18,13.377450739456688,4.746110864230028,0.092747365096191,0.0370675338671389,0.7039915240383658,0.2410330807608682,0.9285349148287854,0.53835,0.1372,0.07840199551473126,0.23957712498598244,0.0017036347464381037,46.020425257615365,85.32967671880311,30.273638348885868,21,0.0009615384615384616,13,2.4575018882751465,0.35526158238172956
S1,1,56,1,SINE,hyb,sample,50000,10,1001,1.6407909962768386e-18,0.10090259790313996,1.25,7.07e-06,10100.0,3.16e-11,5,0.001,0.4235566991653047,0.010628805878992256,0.44088715836546877,0.015105613266983732,0.41152381936199023,0.48063141451921404,0.5094923866384574,0.4594558845359569,0.48403779760121524,0.4337123433317552,0.4525835425874211,0.4235566991653047,0.44088715836546877,0.4242873247761622,0.4420955539107185,0.4700065416569008,0.49756172721478975,0.6428286673899744,0.6823954525767711,0.7724277996946309,0.8130907904971287,0.8388583179577956,0.8735811438902399,0.8916119557426623,0.9260526749375766,0.10211703146695464,0.21090675105485235,0.5736407405901451,0.12612824737892495,3.5317197925357875e+18,1.252999095510113e+18,57.429780376200775,20.375190302132335,0.37091777766817036,0.13569173173429402,0.8769274515081391,0.15436698239483004,0.9797906058898562,0.80785,0.694,0.01423924279925903,0.15428780371205736,0.0011839038513584358,12.027364201003847,85.32967671880311,30.273638348885868,21,0.0009615384615384616,13,4.069374084472656,0.35526158238172956
S1,1,57,1,SINE,hyb,sample,50000,10,1001,1.1363231563146003e-17,1.9925768584922194,1.25,7.07e-06,10100.0,3.16e-11,5,0.01,0.36491852684588666,0.003786999775079167,0.37630165446288166,0.006369689297587346,0.352241793990809,0.42326945483099576,0.4336267010391596,0.42068781733077626,0.43097218276428595,0.40403709020008904,0.41398967263238023,0.3747305861416389,0.3851549268342522,0.36491852684588666,0.37630165446288166,0.37472991474124523,0.3870836013373914,0.4050382823127082,0.423009421704614,0.45396482076402955,0.4835370764638097,0.5571379462543274,0.5930812882674059,0.7390909371528378,0.779123295179768,0.2911805237344656,0.21090675105485235,0.5736407405901451,2.4907210731152745,3.5317197925357875e+18,1.252999095510113e+18,20.140628276240125,7.145580763929918,0.0492893227344183,0.018991401479957183,0.7604528404566054,0.22631595903506915,0.9523931458608015,0.63955,0.37655,0.07737056178993663,0.22475117479709056,0.0015703378840169634,49.270009070927344,85.32967671880311,30.273638348885868,21,0.0009615384615384616,13,1.9875049591064453,0.35526158238172956
S1,1,58,1,SINE,hyb,sample,50000,10,1001,9.398372690179109e-20,4.1849930121173005,1.25,7.07e-06,10100.0,3.16e-11,1,0.001,0.4393609471050849,0.0010765554402308536,0.4496493395764632,0.0011933059566506506,0.4371049872307127,0.45101710531404493,0.46043238763842326,0.44767670528026127,0.45735913001064754,0.441637454743537,0.4516840127760803,0.4393609471050849,0.4496493395764632,0.4394577093131347,0.45023726565583777,0.44120460712522086,0.4524029390196994,0.4422684825515473,0.4534910245199213,0.4570109947166737,0.46782809206821474,0.6828755733934793,0.6919213256737079,0.9708543356918218,0.9303501121926698,73.94199635998784,0.21090675105485235,0.5736407405901451,5.231241265146625,3.5317197925357875e+18,1.252999095510113e+18,0.07931296121983353,0.028139001537074253,0.18592740839291388,0.17711194703658445,0.02700011530450894,0.018913854878149557,0.0629388288249707,0.0,0.0,0.011871167242374924,0.018303654542578922,0.0006585924819723529,18.02505732653241,85.32967671880311,30.273638348885868,21,0.0009615384615384616,13,4.087194919586182,0.35526158238172956
S1,1,59,1,SINE,hyb,sample,50000,10,1001,6.504282882790559e-18,2.904421599470482,1.25,7.07e-06,10100.0,3.16e-11,1,0.01,0.38073261419267007,0.0033965536185024603,0.3900220123856945,0.0048080691807717135,0.37877740243110614,0.3896847928815347,0.3982450298054577,0.38944932731706955,0.39801135826658224,0.38760976215435233,0.39619800892183,0.38258804746638686,0.39140648512229526,0.38073261419267007,0.3900220123856945,0.38810461855629985,0.39884204079133434,0.41613013918810315,0.4325165119024046,0.4785824103315476,0.5099563087082086,0.5873042252041709,0.6300452605818309,0.6833100043740256,0.7278315787899585,0.7414968906449368,0.21090675105485235,0.5736407405901451,3.630526999338102,3.5317197925357875e+18,1.252999095510113e+18,7.909080623002923,2.8060184411809628,0.07237014469163056,0.03091700669720048,0.6179571651241818,0.24918194506611124,0.8857652597773503,0.29635,0.0,0.10762901121700225,0.24650503059025228,0.001844266050204113,58.35872281284497,85.32967671880311,30.273638348885868,21,0.0009615384615384616,13,1.9358339309692383,0.35526158238172956
S1,1,60,1,SINE,hyb,sample,50000,10,1001,5.71253671117206e-18,3.0924221881624963,1.25,7.07e-06,10100.0,3.16e-11,5,0.01,0.3675415199966624,0.006582219288780685,0.370790979954284,0.0115918088774547,0.34997594306065105,0.4282856180719462,0.4323048478892515,0.42591923070978066,0.42985258695140605,0.4100015594679153,0.41338094329296426,0.3795701714713431,0.3823358290717758,0.3675415199966624,0.370790979954284,0.37094671583816374,0.3771495116218321,0.3887255475943814,0.4007797308169093,0.41284859834739657,0.4292540481344778,0.4911369020584441,0.5236179065558157,0.6320031641074665,0.6763959870421548,0.8989155107916103,0.21090675105485235,0.5736407405901451,3.8655277352031203,3.5317197925357875e+18,1.252999095510113e+18,6.52403770923064,2.314626818927348,0.0780470632976172,0.034382720972733524,0.5838595129038742,0.24816345508989818,0.8642567925795319,0.18295,0.0,0.1124323050818227,0.24520270872785435,0.001882626178047783,59.72099314926718,85.32967671880311,30.273638348885868,21,0.0009615384615384616,13,2.1486318111419678,0.35526158238172956
S1,1,61,1,SINE,hyb,sample,50000,10,1001,1.075818290730093e-18,9.899113091951198,1.25,7.07e-06,10100.0,3.16e-11,1,0.01,0.441009129417966,0.001630262318964759,0.4533080125541217,0.002381471371311104,0.4382607614682718,0.45048479793656,0.4594280099229852,0.45007735791733106,0.45905132049607245,0.4473904211716346,0.45656106204155805,0.4427839728010242,0.45249646232908597,0.441009129417966,0.4533080125541217,0.44289687982199677,0.4606143599836769,0.44536639134879696,0.46500157066009506,0.44599386391203266,0.4656540752561735,0.45539811203390856,0.47461266164399457,0.5875290738260966,0.5895676134642429,15.279405603340011,0.21090675105485235,0.5736407405901451,12.373891364938999,3.5317197925357875e+18,1.252999095510113e+18,0.38382112773646254,0.13617374937498974,0.07112936804616404,0.05840012062532579,0.1130658544861279,0.07687410820802312,0.26737777812332963,0.0,0.0,0.06364285124337808,0.07281751756231723,0.0012752066794032128,49.907871619024505,85.32967671880311,30.273638348885868,21,0.0009615384615384616,13,2.6036579608917236,0.35526158238172956
S1,1,62,1,SINE,hyb,sample,50000,10,1001,1.0444258162231342e-17,3.8173108772639353,1.25,7.07e-06,10100.0,3.16e-11,5,0.01,0.3593024223051968,0.006917295354696303,0.36309041739055925,0.0062261276854912425,0.3414582078572653,0.41567437591881146,0.4102443685242136,0.4141579981852475,0.4087951871429807,0.4028445308058554,0.3980780356776767,0.37418401944010254,0.37265516904947577,0.3593024223051968,0.36309041739055925,0.3649691572522493,0.371212589647524,0.39021700170019397,0.4015793472557373,0.42338978021337964,0.4452224231536663,0.4924223853258841,0.5251545755012306,0.6520726397635819,0.6944518634583827,0.60691661818231,0.21090675105485235,0.5736407405901451,4.771638596579919,3.5317197925357875e+18,1.252999095510113e+18,9.662873801974476,3.428236905852914,0.04732619731361222,0.019654327477739417,0.6512282188777114,0.24844262673468426,0.9056107439118045,0.4163,0.01875,0.11048438935978111,0.24563358597805082,0.0017959131401762112,61.51989586141155,85.32967671880311,30.273638348885868,21,0.0009615384615384616,13,1.977938175201416,0.35526158238172956
S1,1,63,1,SINE,hyb,sample,50000,10,1001,1.9702874390731133e-17,9.436362967075464,1.25,7.07e-06,10100.0,3.16e-11,1,0.01,0.38430428464933974,0.0037010140521805557,0.3944248349914642,0.0052621540867575905,0.38013623099939015,0.3933691385708525,0.4033677817454163,0.3932784756581073,0.403280310715657,0.39244735051060997,0.4024783821366145,0.3880757723057494,0.39824151835304533,0.38430428464933974,0.3944248349914642,0.39196868306257543,0.4026305541906092,0.41606339255692226,0.43468459150933764,0.4660752178033053,0.4969014828321976,0.5579170648881667,0.5988186788380541,0.6656321402325684,0.7095688630009328,0.7952874818220806,0.21090675105485235,0.5736407405901451,11.795453708844331,3.5317197925357875e+18,1.252999095510113e+18,7.374136804442736,2.616228718275632,0.02344387832083749,0.010123840585765743,0.6041707028732963,0.2501868738586354,0.880427831445209,0.24965,0.0,0.1318613418931293,0.24626311452332023,0.001857223791507953,70.99916687265024,85.32967671880311,30.273638348885868,21,0.0009615384615384616,13,1.381579875946045,0.35526158238172956
S1,1,64,1,SINE,hyb,sample,50000,10,1001,1.9820958844042282e-17,9.726109357232852,1.25,7.07e-06,10100.0,3.16e-11,5,0.01,0.3663600676050275,0.008934535545967973,0.3728164592213116,0.00798245629422713,0.3408464770498176,0.4180700721667886,0.4327931348758322,0.4173277878219526,0.4319868685947611,0.4109202785129769,0.4249816856903805,0.38528727770281346,0.3959576338755012,0.3663600676050275,0.3728164592213116,0.37278529063286875,0.37734759238116505,0.3939071005676923,0.40507360201041437,0.4184886311380566,0.4390023604526303,0.47165547408495134,0.5026568275422916,0.6105615520890372,0.6525852395897648,0.8148235757093433,0.21090675105485235,0.5736407405901451,12.157636696541065,3.5317197925357875e+18,1.252999095510113e+18,7.197335551700755,2.5535023915044763,0.023146974148514167,0.01003409308720708,0.5998639432249238,0.2500837775328437,0.8778528902404223,0.2357,0.0,0.13281239574315487,0.24610266063979558,0.0018620638671668906,71.32537078077104,85.32967671880311,30.273638348885868,21,0.0009615384615384616,13,1.513427972793579,0.35526158238172956
S1,1,65,1,SINE,hyb,sample,50000,10,1001,7.125903771329271e-18,1.4779274562162272,1.25,7.07e-06,10100.0,3.16e-11,5,0.01,0.36370571054857065,0.008217838903746048,0.3702076192581396,0.011407566524508802,0.34987823121768147,0.423161137668388,0.42757451885765807,0.4199675543550798,0.4245302031095231,0.40128707903412836,0.406729483484055,0.3734435836319125,0.38008634210798553,0.36370571054857065,0.3702076192581396,0.3705733329631057,0.3798916455786922,0.403402591004946,0.4203848043180972,0.4434416789811385,0.4697154342993574,0.5637879166835933,0.5992913456780494,0.739567869300015,0.78117685915933,0.3443993012325102,0.21090675105485235,0.5736407405901451,1.847409320270284,3.5317197925357875e+18,1.252999095510113e+18,17.028369885853856,6.0414000312484655,0.07687371190437038,0.030024819816369223,0.7385468656937335,0.2329830131743703,0.9435195273051616,0.6029,0.26735,0.07369069408368767,0.23164389374448555,0.0016265939422005931,45.3036816207447,85.32967671880311,30.273638348885868,21,0.0009615384615384616,13,2.332629919052124,0.35526158238172956
S1,1,66,1,SINE,hyb,sample,50000,10,1001,1.9940100670525737e-17,1.0078490076660669,1.25,7.07e-06,10100.0,3.16e-11,5,0.01,0.3992725043898472,0.00429005158524822,0.42039864337061716,0.00581256795414213,0.3905480751094655,0.44541515138496957,0.45825279514693784,0.44192924315505433,0.4549194198102208,0.4233617434650644,0.4373628001900188,0.399936214407146,0.4168193638980077,0.3992725043898472,0.42039864337061716,0.4232135128017111,0.4498221959843537,0.4815599264943051,0.5171400854517234,0.5632205095161799,0.6029412975723598,0.7140229925094375,0.7468775188159593,0.8694664173035873,0.9017589693621039,0.08393000008849869,0.21090675105485235,0.5736407405901451,1.2598112595825837,3.5317197925357875e+18,1.252999095510113e+18,69.87440347471697,24.7903484693688,0.030777780940692046,0.011199666687247773,0.8883994340731451,0.1485244827953245,0.9858633108907859,0.8268,0.72005,0.03984020850892622,0.1477546953139423,0.001119597447588605,35.58440455070193,85.32967671880311,30.273638348885868,21,0.0009615384615384616,13,1.9324169158935547,0.35526158238172956
S1,1,67,1,SINE,hyb,sample,50000,10,1001,2.4577162360441406e-18,1.1723947104683958,1.25,7.07e-06,10100.0,3.16e-11,5,0.01,0.37717966716998397,0.00300291616946298,0.38955982171252385,0.006372328745263806,0.3663463650116848,0.4495396588088404,0.45228508115759797,0.44361317768879704,0.44686664065588594,0.4159410270370759,0.42175854566154747,0.38654669660999125,0.396431600895396,0.37717966716998397,0.38955982171252385,0.3772155756923296,0.3911027899496642,0.3930850708159643,0.40626914368952816,0.451486830131645,0.47421067656811244,0.5809443528429461,0.62289419445631,0.6764351185231641,0.723116133106287,0.7921204207098616,0.21090675105485235,0.5736407405901451,1.4654933880854948,3.5317197925357875e+18,1.252999095510113e+18,7.403620127052454,2.6266889412640713,0.18815069575420135,0.08119882113498629,0.6087891221491257,0.2483426366713418,0.8702875614244995,0.2667,0.0,0.07447795584236432,0.2470196233243983,0.0018584100450147992,40.076169434271016,85.32967671880311,30.273638348885868,21,0.0009615384615384616,13,2.8114070892333984,0.35526158238172956
S1,1,68,1,SINE,hyb,sample,50000,10,1001,9.644493612742414e-18,9.831164936872613,1.25,7.07e-06,10100.0,3.16e-11,1,0.01,0.38427216513298246,0.003832126466906142,0.39205076691027724,0.003813520342856127,0.3802508292506135,0.39437869109963863,0.4017763353339114,0.3942662058809016,0.401671814571175,0.3932548126088141,0.40073322102301806,0.38843106809106087,0.39627574139355637,0.38427216513298246,0.39205076691027724,0.3889230932001542,0.39536682282463403,0.4158436917034315,0.42716500637048427,0.4529459930898102,0.4774538830358008,0.5184020397263533,0.5576005956914342,0.5920103385442639,0.6343142762714198,1.6926791710388878,0.21090675105485235,0.5736407405901451,12.288956171090765,3.5317197925357875e+18,1.252999095510113e+18,3.4646605158007557,1.229207510098342,0.036503500004602125,0.01822621811157778,0.46245078623978936,0.23067990142326583,0.7750201025351984,0.0,0.0,0.14424461570031702,0.2253489884505976,0.0019372483739297755,74.45850394893445,85.32967671880311,30.273638348885868,21,0.0009615384615384616,13,1.732896089553833,0.35526158238172956
S1,1,69,1,SINE,hyb,sample,50000,10,1001,4.8692012974544e-18,0.8590954211214602,1.25,7.07e-06,10100.0,3.16e-11,5,0.01,0.3704035973970373,0.006099346569584374,0.37837493607811734,0.008924998069452008,0.36099839240202025,0.4249993852868439,0.4291887661374588,0.4201274497914368,0.424402404602802,0.3981121490534589,0.4030076409985829,0.3763818740449489,0.38310485218947143,0.3704035973970373,0.37837493607811734,0.3775805100296637,0.3909752004465717,0.41353570815331303,0.43374051363860555,0.46215768880319896,0.4885128150721946,0.6325898918431351,0.6697139432884538,0.7776167005746674,0.8190753199831443,0.29297649081547594,0.21090675105485235,0.5736407405901451,1.0738692764018252,3.5317197925357875e+18,1.252999095510113e+18,20.01716476804426,7.101777836974932,0.11493922187660895,0.04430721511090423,0.7611710029970766,0.2256929503742337,0.9505181276383875,0.6418,0.38065,0.05672842229114689,0.2248866151689767,0.0015704945052060035,36.12137584888001,85.32967671880311,30.273638348885868,21,0.0009615384615384616,13,2.7627720832824707,0.35526158238172956
S1,1,70,1,SINE,hyb,sample,50000,10,1001,1.7613828575455355e-18,0.3476790886064389,1.25,7.07e-06,10100.0,3.16e-11,5,0.01,0.3908851979789528,0.008071852364035096,0.39674566274204465,0.012069633920360603,0.3875485769292685,0.45771156754591563,0.4673887081390678,0.4452825818779146,0.45361419733939634,0.41308366061683044,0.41750392952632087,0.39502119028296667,0.39905138401111234,0.3908851979789528,0.39674566274204465,0.3969729720817723,0.4044231650563196,0.4538318848958777,0.47095015177711286,0.618829343399376,0.6582526474123351,0.718799787095844,0.7623109178554108,0.7854924677606239,0.8287532762865967,0.32777354849183543,0.21090675105485235,0.5736407405901451,0.43459886075804866,3.5317197925357875e+18,1.252999095510113e+18,17.89210482908406,6.347839716785029,0.3131495141770051,0.12179545150625186,0.7482095666542945,0.22973524450019284,0.9388374737634801,0.6219,0.33665,0.03439734762677223,0.2294505135805283,0.0016057459998665502,21.421412620446144,85.32967671880311,30.273638348885868,21,0.0009615384615384616,13,6.663424968719482,0.35526158238172956
S1,1,71,1,SINE,hyb,sample,50000,10,1001,5.00568700951292e-20,0.11761471175947213,1.25,7.07e-06,10100.0,3.16e-11,5,0.01,0.4768652230226559,0.0013317005524429418,0.5097787936347071,0.0030597940094194984,0.47757339335717014,0.5514560477932555,0.5799134641483039,0.509429678042219,0.5387043464876453,0.48316868206456487,0.5140650154314517,0.47734280745057645,0.5085672222406706,0.4768652230226559,0.5097787936347071,0.4777774455647923,0.5123229383744107,0.47872664955315736,0.513887457205924,0.4799981989111212,0.5147923091879034,0.4997388061696027,0.533752428835032,0.5533788199784114,0.5909516957849773,3.901638743689627,0.21090675105485235,0.5736407405901451,0.14701838969934017,3.5317197925357875e+18,1.252999095510113e+18,1.5031014081716099,0.5332769346196424,4.436165457738659,2.717376991719844,0.30798542244861254,0.17063823081663865,0.5152287930627562,0.0,0.0,0.007597252470150592,0.17061885964597723,0.0018526588339385253,4.100729357708977,85.32967671880311,30.273638348885868,21,0.0009615384615384616,13,2.980647087097168,0.35526158238172956
S1,1,72,1,SINE,hyb,sample,50000,10,1001,1.06915719726188e-18,0.7606084477854321,1.25,7.07e-06,10100.0,3.16e-11,1,0.01,0.4358928219556722,0.004832467036903078,0.43863214134662626,0.008442810636363087,0.43395899610524696,0.4487494206684114,0.4463857652169966,0.447491780370202,0.44527636050848507,0.44179356196034514,0.44044484996988825,0.4364734051818447,0.4366238953597505,0.4358928219556722,0.43863214134662626,0.45353883439370507,0.47057579959528334,0.5360889388652573,0.5763829414197793,0.5757751147043455,0.6230165790883798,0.5887573807300808,0.635455189458975,0.638766906024277,0.6838573611935556,1.181323051095548,0.21090675105485235,0.5736407405901451,0.9507605597317902,3.5317197925357875e+18,1.252999095510113e+18,4.964398759829541,1.7612912465379031,0.38090495848226885,0.17634460236022714,0.5370705257363151,0.24212350758636805,0.8031988546690331,0.01135,0.0,0.05301315810729482,0.24140416725582522,0.0019238936298807314,27.555139891274177,85.32967671880311,30.273638348885868,21,0.0009615384615384616,13,5.144658803939819,0.35526158238172956
S1,1,73,1,SINE,hyb,sample,50000,10,1001,7.942810935967456e-18,2.4656149551458038,1.25,7.07e-06,10100.0,3.16e-11,3,0.01,0.36374673371893046,0.005979311083960403,0.37532719065914744,0.007382170403242305,0.35360911560215863,0.3974426675558354,0.4067199110228842,0.39642281607638175,0.40579151561473337,0.3890085773158628,0.39904352409266497,0.3720318376465952,0.38345888287400254,0.36374673371893046,0.37532719065914744,0.3721804072347886,0.38288820956235625,0.40205779226777877,0.41730332748270615,0.42930553181358977,0.45269868165842847,0.5506684174000946,0.5877622462726346,0.7004683508741552,0.7440192059995725,0.5154661228416875,0.21090675105485235,0.5736407405901451,3.0820186939322545,3.5317197925357875e+18,1.252999095510113e+18,11.377195183043952,4.036451392300436,0.06442287238515736,0.026214555117036083,0.6782262519990939,0.2454143558176563,0.918173515237375,0.48325,0.0714,0.09585014434039521,0.24326839077320178,0.0017519221699764333,54.71141696990146,85.32967671880311,30.273638348885868,21,0.0009615384615384616,13,1.9932658672332764,0.35526158238172956
S1,1,74,1,SINE,hyb,sample,50000,10,1001,9.625801721515712e-18,1.1835859701405036,1.25,7.07e-06,10100.0,3.16e-11,5,0.01,0.3714947121111735,0.005193342522063309,0.38337643145150785,0.006581728998074106,0.35631088484348716,0.42228435948763077,0.4353800606156845,0.4189339441577478,0.4321100894512466,0.4008918460326125,0.41432132318394876,0.37818734325583603,0.39052379523783887,0.3714947121111735,0.38337643145150785,0.38287570189257847,0.3969276893156257,0.4227123615019043,0.44471221492940255,0.4743397961322457,0.5058594003050101,0.614212631783733,0.6492100943045153,0.7930418224224708,0.8313786031758825,0.20417943353062198,0.21090675105485235,0.5736407405901451,1.4794824626756296,3.5317197925357875e+18,1.252999095510113e+18,28.722573025148712,10.190320901815944,0.06040148799262982,0.022740697213959608,0.8043839477285897,0.20734316181623527,0.9660269884305531,0.70835,0.5217,0.05848263927259181,0.2063589506200786,0.0014440482865727057,40.49908844211443,85.32967671880311,30.273638348885868,21,0.0009615384615384616,13,2.2058470249176025,0.35526158238172956
S1,1,75,1,SINE,hyb,sample,50000,10,1001,1.3352966890904281e-17,4.227361523266842,1.25,7.07e-06,10100.0,3.16e-11,5,0.01,0.3618069296945987,0.004797687744613561,0.3720399888252332,0.006939393053133632,0.3420617564723489,0.427534053402156,0.43341657325136496,0.4259944069433791,0.4319444810405095,0.4140860131016483,0.4205948760464957,0.38070581929722236,0.3893193186444196,0.3618069296945987,0.3720399888252332,0.367740617439916,0.3772450981036808,0.3921615104987744,0.4051383729030308,0.43017203729108733,0.45477277787823916,0.4994992969475037,0.5334716817645399,0.6599572762338602,0.7016433883128079,0.525703315061298,0.21090675105485235,0.5736407405901451,5.284201904083552,3.5317197925357875e+18,1.252999095510113e+18,11.155643348250468,3.9578482570257885,0.03817045759884179,0.015568352184628039,0.6742510132617053,0.24647607264050778,0.9174351474117253,0.4748,0.0671,0.10876125695951973,0.24372147981339093,0.0017570567332524092,61.89968422829275,85.32967671880311,30.273638348885868,21,0.0009615384615384616,13,1.8553290367126465,0.35526158238172956
S1,1,76,1,SINE,hyb,sample,50000,10,1001,9.33652840525287e-18,3.71510153523798,1.25,7.07e-06,10100.0,3.16e-11,4,0.01,0.36420046572404124,0.006495270412948832,0.3690169445082703,0.008754085239249974,0.34848128763173036,0.4077775802862581,0.4179043666666097,0.4066870640493382,0.4167483180942947,0.3983017794483431,0.4077968356143743,0.3757305884480012,0.38280991922603247,0.36420046572404124,0.3690169445082703,0.3693396395795432,0.3749571309954661,0.3940730813814948,0.4060802409321118,0.41941046807767784,0.4401611114158001,0.5027924608829035,0.536670793239422,0.6559561605514282,0.6993107853217737,0.6607457258213223,0.21090675105485235,0.5736407405901451,4.643876919047475,3.5317197925357875e+18,1.252999095510113e+18,8.875666479002955,3.148948026325461,0.05190166674693616,0.021804839022312037,0.6371418459756173,0.24913012611372423,0.8979317540339881,0.37275,0.0,0.11189470247721664,0.24625664244835724,0.0018172219624541079,61.574592861570935,85.32967671880311,30.273638348885868,21,0.0009615384615384616,13,2.0047879219055176,0.35526158238172956
S1,1,77,1,SINE,hyb,sample,50000,10,1001,1.9966845948500713e-17,6.204358687142292,1.25,7.07e-06,10100.0,3.16e-11,4,0.01,0.36854641162197377,0.0060888278993006285,0.3742980824239386,0.0055353711804309565,0.34880170935182864,0.4122064982415119,0.41395677428324384,0.4115167478638475,0.4132991549798115,0.40566664285383247,0.4077377504741996,0.3838469840253442,0.38737248826829096,0.36854641162197377,0.3742980824239386,0.3744172543530904,0.38368553436942515,0.39930469160411275,0.4155252177269185,0.4366980283807327,0.4644524320771276,0.5128477275269926,0.5490024098936808,0.6642446785898101,0.7062448769847608,0.5159843479201492,0.21090675105485235,0.5736407405901451,7.7554483589278655,3.5317197925357875e+18,1.252999095510113e+18,11.365768580880196,4.032397412082017,0.025622302799577158,0.01042730255356241,0.6767773247400094,0.24655081245990657,0.9190118137000081,0.48095,0.07525,0.11420387082387919,0.24351075764125943,0.0017513050937155114,65.21072269685918,85.32967671880311,30.273638348885868,21,0.0009615384615384616,13,1.4541492462158203,0.35526158238172956
S1,1,78,1,SINE,hyb,sample,50000,10,1001,1.291629810116218e-18,3.5223422447968766,1.25,7.07e-06,10100.0,3.16e-11,5,0.1,0.4062981339417771,0.005452772939360569,0.41266003707767157,0.004687599221110977,0.40526954945374144,0.4890305369009423,0.4819532367905298,0.4829184110530228,0.47704796343938743,0.45290289062889694,0.45281514524519,0.4192967757691884,0.42353675771089927,0.40635820568633163,0.4120170944017135,0.4062981339417771,0.41266003707767157,0.423920653961951,0.4334137697629781,0.45053903466361395,0.475384132571694,0.47766782642793526,0.5106692895440375,0.5169812136894533,0.5544355642576548,4.5283771399761665,0.21090675105485235,0.5736407405901451,4.402927805996096,3.5317197925357875e+18,1.252999095510113e+18,1.295068522019713,0.45947011145785166,0.1556192185122396,0.09896070466217273,0.27826059950418924,0.16385079257836468,0.5369309056075797,0.0,0.0,0.09190586922184596,0.1602151724961894,0.001783472334274164,51.531984800453735,85.32967671880311,30.273638348885868,21,0.0009615384615384616,13,2.7364070415496826,0.35526158238172956
S1,1,79,1,SINE,hyb,sample,50000,10,1001,4.721878056426439e-18,3.4005530441293756,1.25,7.07e-06,10100.0,3.16e-11,3,0.01,0.37562187830320815,0.0040162392995502045,0.38330479250407457,0.007983496173938525,0.3652343448564015,0.4057887747553658,0.4138977650052034,0.4048085770476244,0.41289569939380916,0.3977682555511016,0.40565961595239336,0.3825266698158546,0.38978655470352785,0.37562187830320815,0.38330479250407457,0.37790499275311673,0.3880852803965043,0.3906213110046187,0.4015733550049407,0.41762477455273705,0.4342093615528997,0.5159522206362028,0.5530306753110679,0.6180291520395358,0.6633183054520189,1.1958697603570245,0.21090675105485235,0.5736407405901451,4.25069130516172,3.5317197925357875e+18,1.252999095510113e+18,4.904011192712103,1.739866679634797,0.08586397749570569,0.03984678267747788,0.5309402312988473,0.24270603479884914,0.8260641349998246,0.05725,0.0,0.11806878192530582,0.23929575142206508,0.0019228763434453507,61.40217093406735,85.32967671880311,30.273638348885868,21,0.0009615384615384616,13,2.144443988800049,0.35526158238172956
S1,1,80,1,SINE,hyb,sample,50000,10,1001,8.710566416106317e-18,3.8927379704247724,1.25,7.07e-06,10100.0,3.16e-11,5,0.01,0.36003765961931145,0.004470310809615473,0.37106701307109863,0.010267710238341636,0.341018012941268,0.4170688917648661,0.4246556771060687,0.4154576154504663,0.4232233132285339,0.40350216873127165,0.41258194002558984,0.3740514806950417,0.3859254271692807,0.36003765961931145,0.37106701307109863,0.3657063517695992,0.3741765644191268,0.3894538699746594,0.4003434683593555,0.4169501463349257,0.43505971133303395,0.4844897501813886,0.515618269635703,0.6369026342302726,0.6798945487823953,0.7420922095501152,0.21090675105485235,0.5736407405901451,4.865922463030966,3.5317197925357875e+18,1.252999095510113e+18,7.9027358249348945,2.8037674057909987,0.05402824530452334,0.023084014006776322,0.617262656328943,0.24952790299310434,0.8866580146377138,0.29355,0.0,0.11556413842891769,0.24646394220782225,0.0018440160222801285,62.66981253558875,85.32967671880311,30.273638348885868,21,0.0009615384615384616,13,2.009519100189209,0.35526158238172956
S1,1,81,1,SINE,hyb,sample,50000,10,1001,5.2307832206647565e-20,9.542691413233015,1.25,7.07e-06,10100.0,3.16e-11,5,0.01,0.43731445599538266,0.0008554123645220387,0.4477271919550404,0.0023565157221324406,0.43524752611391976,0.5079484937887689,0.5177025310458487,0.4747300096116772,0.4851870967550348,0.4465449537288215,0.4578502463121025,0.4381143275880894,0.44973277735915396,0.43731445599538266,0.4477271919550404,0.4439383068732815,0.45471602304535014,0.4534367171113322,0.4645980183678054,0.5290751261125279,0.5406356915052208,0.8493816052887947,0.8587364801433377,1.02562963074238,0.9809327333763932,302.9376525308199,0.21090675105485235,0.5736407405901451,11.92836426654127,3.5317197925357875e+18,1.252999095510113e+18,0.01935896261432919,0.006868257979309316,0.08326192686688795,0.082241677696596,0.006796521414943716,0.004967724617583068,0.017633383664771032,0.0,0.0,0.004278296118677095,0.0046586796590506845,0.00033337524417704654,12.833274795908386,85.32967671880311,30.273638348885868,21,0.0009615384615384616,13,3.3664231300354004,0.35526158238172956
S1,1,82,1,SINE,hyb,sample,50000,10,1001,5.01535339123315e-18,9.565226020131968,1.25,7.07e-06,10100.0,3.16e-11,5,0.1,0.3816021068963239,0.002837122006055065,0.38374479344545265,0.00401217828300784,0.3749326241583946,0.450439576045581,0.4532627301124258,0.44888358837964615,0.45169478814166925,0.4369881188570316,0.4396621148659177,0.40435208596995836,0.4066524450603268,0.38352501626445945,0.3873114028837237,0.3816021068963239,0.38374479344545265,0.40202900818024345,0.4019819866933748,0.4226258977174657,0.4316960814382405,0.47250234782726686,0.5025189357795107,0.534429299309733,0.5745088170659164,3.166961578528289,0.21090675105485235,0.5736407405901451,11.95653252516496,3.5317197925357875e+18,1.252999095510113e+18,1.8517934444099233,0.6569874302658678,0.050474908053016944,0.0293276107887891,0.34146233373627094,0.19261218488740425,0.6456699409275518,0.0,0.0,0.1352082851219312,0.18652424545854718,0.0018703013460429213,72.29224606398178,85.32967671880311,30.273638348885868,21,0.0009615384615384616,13,2.1045870780944824,0.35526158238172956
S1,1,83,1,SINE,hyb,sample,50000,10,1001,1.9977868231111836e-17,4.3358945209311885,1.25,7.07e-06,10100.0,3.16e-11,5,0.01,0.37126164718751753,0.006083429735090912,0.38052066882109825,0.008120174937694034,0.35113047437383826,0.4247717320971054,0.43694125786151317,0.4236165153097141,0.43573191580646525,0.41447534961934596,0.4261715557127143,0.3869682501259596,0.39743066114208847,0.37126164718751753,0.38052066882109825,0.3794326929890465,0.39058447054077683,0.40272313648926605,0.42050314699148944,0.4529701028989893,0.48422338189459946,0.5318990484901147,0.5696095704986156,0.6922138710097634,0.7326753324964551,0.36039492101257936,0.21090675105485235,0.5736407405901451,5.4198681511639855,3.5317197925357875e+18,1.252999095510113e+18,16.272589728344393,5.773261019833886,0.02724039909940834,0.010682030679045476,0.7305907739604514,0.23612389448903282,0.942011073171193,0.58865,0.23835,0.09793203829184363,0.23371132517952645,0.001641746836269358,59.65112045799985,85.32967671880311,30.273638348885868,21,0.0009615384615384616,13,1.5081851482391357,0.35526158238172956
S1,1,84,1,SINE,hyb,sample,50000,10,1001,1.3109412990171131e-17,9.816477856786845,1.25,7.07e-06,10100.0,3.16e-11,5,0.01,0.3722581600960807,0.008123006201411818,0.38075206823199476,0.01007894966746742,0.340995519026536,0.42924940269725376,0.43079922036387003,0.42841590207749425,0.4300658431937852,0.42132427412765683,0.42384505008695533,0.3940043750500356,0.4002783482627,0.3722581600960807,0.38075206823199476,0.3756736326497738,0.3818580362563325,0.39090100072570244,0.39967540582782685,0.4078970375977974,0.4207102948404963,0.4610077682377674,0.48870098018474006,0.5848065211710209,0.6271745039447439,1.243430578887328,0.21090675105485235,0.5736407405901451,12.270597320983557,3.5317197925357875e+18,1.252999095510113e+18,4.716434346551644,1.6733173403937756,0.030484830195108975,0.01425637385806865,0.5219860445545242,0.242548146797767,0.8245954153547788,0.05025,0.0,0.14179983083030034,0.23778594935348488,0.0019238868737746404,73.70486943033764,85.32967671880311,30.273638348885868,21,0.0009615384615384616,13,1.7505831718444824,0.35526158238172956
S1,1,85,1,SINE,hyb,sample,50000,10,1001,7.907758362566457e-18,1.2916267727392714,1.25,7.07e-06,10100.0,3.16e-11,1,0.001,0.39425076282072424,0.004980978248087583,0.4083296122130998,0.005115840896324106,0.38724420634640544,0.4022614292114107,0.416586871900575,0.40183734568067625,0.4161337344149413,0.3990331063760882,0.4131337447039173,0.39425076282072424,0.4083296122130998,0.3952799205543171,0.41129357393185073,0.40983316945310866,0.42886648091757634,0.4358373272800666,0.4604560310380939,0.5488728968947527,0.5861059510525217,0.6994931856736262,0.740232658608092,0.7980027927017475,0.8382929825055037,0.2712268911116732,0.21090675105485235,0.5736407405901451,1.6145334659240893,3.5317197925357875e+18,1.252999095510113e+18,21.622334960150216,7.671267184091129,0.07142831091582531,0.027378870021617846,0.7702670664884095,0.22245581431800973,0.9551394187060266,0.65595,0.4147,0.06578316684768767,0.2213265505057374,0.0015450798276186515,42.57590169245542,85.32967671880311,30.273638348885868,21,0.0009615384615384616,13,2.055122137069702,0.35526158238172956
S1,1,86,1,SINE,hyb,sample,50000,10,1001,3.1000139186519117e-18,0.15859035575792205,1.25,7.07e-06,10100.0,3.16e-11,5,0.001,0.40217036251049604,0.006201031508231274,0.4183559012200962,0.011705908649678605,0.38831695306234487,0.46238695377763916,0.47183902533113775,0.4447542138436556,0.4546273299897619,0.41445917123262366,0.42702513339687653,0.40217036251049604,0.4183559012200962,0.40450169621255183,0.42370454090324394,0.4289147150277068,0.4478601981251843,0.5251032762962136,0.5512119984473285,0.7282969615280849,0.763953038619787,0.8454946781146834,0.8783535143146718,0.9021060968660045,0.935131823811511,0.08494977387957928,0.21090675105485235,0.5736407405901451,0.19823794469740255,3.5317197925357875e+18,1.252999095510113e+18,69.03560094380127,24.492754414831897,0.1978775166874554,0.0720268387670139,0.8899206063768839,0.1454801635374065,0.984420231676065,0.82955,0.7242,0.017896851020363393,0.14535117939848366,0.001117725556678032,16.01184737472966,85.32967671880311,30.273638348885868,21,0.0009615384615384616,13,4.887046813964844,0.35526158238172956
S1,1,87,1,SINE,hyb,sample,50000,10,1001,1.3258768570874515e-17,2.2896510657918046,1.25,7.07e-06,10100.0,3.16e-11,5,0.01,0.3632031961824521,0.005761723345368653,0.3770148363721165,0.006325319930190173,0.35394703913800984,0.41687929425055825,0.4401598648171892,0.4147522158599003,0.43788792483348377,0.4003315546393509,0.42212511903399214,0.3718343189505019,0.3889938124988722,0.3632031961824521,0.3770148363721165,0.376132175325644,0.38893321568910527,0.40609798512428635,0.4249266297079486,0.4572628773401718,0.4885523424311473,0.5549004915935203,0.5915710083381505,0.734301193155828,0.7740567560031629,0.28675778030363147,0.21090675105485235,0.5736407405901451,2.862063832239756,3.5317197925357875e+18,1.252999095510113e+18,20.451262677536217,7.25578900431211,0.04232160207144273,0.01628800235578578,0.762223712810445,0.22582184441110875,0.9531855730058488,0.64295,0.38475,0.07995627028521823,0.22413021755457302,0.0015651513753813233,51.08532729988382,85.32967671880311,30.273638348885868,21,0.0009615384615384616,13,1.9510219097137451,0.35526158238172956
S1,1,88,1,SINE,hyb,sample,50000,10,1001,8.038660203543595e-18,0.109157031652489,1.25,7.07e-06,10100.0,3.16e-11,1,0.001,0.491570711397092,0.0037266421052273365,0.5260410462959613,0.0062014790936006595,0.49236437228575436,0.5007946615944683,0.5343045760926353,0.49787058401882567,0.5312866387377015,0.49228572746227633,0.525609296836322,0.491570711397092,0.5260410462959613,0.5020668483007199,0.5380197520918533,0.564229174882154,0.5972718722630098,0.7651914340627308,0.7994516965241123,0.8744054464582106,0.9013306585993771,0.9490523184687515,0.9739165949537437,0.9652677885732908,0.9893765367663658,0.022548473368209726,0.21090675105485235,0.5736407405901451,0.13644628956561125,3.5317197925357875e+18,1.252999095510113e+18,260.0867293341915,92.27471480004829,0.07857318176791381,0.02807071481198694,0.9603719507266338,0.0636682436497503,0.9961057633257434,0.9394,0.8771,0.009197515106548993,0.06357399674762784,0.0006830268549117173,13.465817691367045,85.32967671880311,30.273638348885868,21,0.0009615384615384616,13,4.0091259479522705,0.35526158238172956
S1,1,89,1,SINE,hyb,sample,50000,10,1001,8.076018529641819e-18,2.395883476625648,1.25,7.07e-06,10100.0,3.16e-11,5,0.01,0.35896798158366117,0.006137322326146038,0.3651223536095397,0.007137012014171734,0.34419434728351544,0.41493530053743594,0.4084400731387734,0.4127266644320781,0.40644540724835865,0.3980618995105453,0.39343781901228264,0.37049419960960284,0.3713296334705323,0.35896798158366117,0.3651223536095397,0.3645168316818764,0.373094175609824,0.39217966160976436,0.40631156377466093,0.42821261644394193,0.45153714085627045,0.5159597452152747,0.5500675222253729,0.6870844688960371,0.7296332337022255,0.4926261744857135,0.21090675105485235,0.5736407405901451,2.99485434578206,3.5317197925357875e+18,1.252999095510113e+18,11.904683497459725,4.223596018624417,0.0639226413840142,0.02587479616212378,0.6853363406435858,0.24444323343278862,0.9215402682768359,0.4991,0.08905,0.09409088284512811,0.2423659258649542,0.001738891924717632,54.10967841512459,85.32967671880311,30.273638348885868,21,0.0009615384615384616,13,2.067462921142578,0.35526158238172956
S1,1,90,1,SINE,hyb,sample,50000,10,1001,1.268100165091246e-17,5.031108510051032,1.25,7.07e-06,10100.0,3.16e-11,3,0.01,0.3682346124760089,0.005400853277320668,0.37009992037991746,0.008331062777979249,0.35331112167663664,0.397547135342097,0.3958405039186291,0.3970257062549535,0.395350000370165,0.3926982376322047,0.3912865368851239,0.37782386360878834,0.37757699269091893,0.3682346124760089,0.37009992037991746,0.37502735519987607,0.38001800970822736,0.39969260224789166,0.41298507555153874,0.42346119062013965,0.4466666871888923,0.5162095866372718,0.5523307815213003,0.6594698622214221,0.7030322144059282,0.6588085438447527,0.21090675105485235,0.5736407405901451,6.288885637563791,3.5317197925357875e+18,1.252999095510113e+18,8.901764776139215,3.1582072950746976,0.038240201036348356,0.016058822493707672,0.6371944300577441,0.24946301967518897,0.8986228594199782,0.3731,0.0,0.11812553762695953,0.24627631598345476,0.0018160482500314806,65.04537400089005,85.32967671880311,30.273638348885868,21,0.0009615384615384616,13,1.6954591274261475,0.35526158238172956
S1,1,91,1,SINE,hyb,sample,50000,10,1001,3.2630652714381518e-18,9.733780410147633,1.25,7.07e-06,10100.0,3.16e-11,1,0.01,0.413605285272173,0.0030176442158772777,0.4151077245923943,0.0035759154810089478,0.4100211740287982,0.4220735781746776,0.4226381656907427,0.4218914592177179,0.42246537241232784,0.4204034679506773,0.4210448604948304,0.41581573177586684,0.41655840288784607,0.413605285272173,0.4151077245923943,0.4207038027429874,0.42692408942017507,0.4451654050482354,0.4622756712170424,0.46260966229562034,0.49047533580595337,0.4741220368151736,0.5059233132153756,0.5230555849334946,0.5531764195475282,4.953416894176269,0.21090675105485235,0.5736407405901451,12.16722551268454,3.5317197925357875e+18,1.252999095510113e+18,1.183942077783065,0.4200441823651591,0.05787707645856162,0.03763286881706751,0.26161995877813865,0.15837270439259366,0.5356681094936144,0.0,0.0,0.11890285422584199,0.15228083917930277,0.00174770765702141,68.03360604855746,85.32967671880311,30.273638348885868,21,0.0009615384615384616,13,2.039884090423584,0.35526158238172956
S1,1,92,1,SINE,hyb,sample,50000,10,1001,2.7126337288719493e-19,9.792391828983932,1.25,7.07e-06,10100.0,3.16e-11,5,0.1,0.4357399234969865,0.0003966476446249829,0.4476329973550041,0.0012181909714294487,0.4354520103866356,0.5165270442610629,0.5174226248615872,0.5008339836331801,0.5034586778879532,0.46172187828778916,0.4696871196581003,0.4404556063465176,0.4518758198445739,0.43592473261733267,0.44773857876770184,0.4357399234969865,0.4476329973550041,0.4395210354872833,0.4518151612213748,0.45039040237711425,0.4632620118526802,0.47751256841684625,0.49027140739675346,0.7025689131422643,0.687055943583826,59.9441384954827,0.21090675105485235,0.5736407405901451,12.240489786229915,3.5317197925357875e+18,1.252999095510113e+18,0.0978337304865718,0.03470988159058841,0.07895553987901967,0.0744157107314719,0.032960697258749706,0.023694893873198154,0.08377881899858831,0.0,0.0,0.02032286964058136,0.022263298083473004,0.0007231021740547773,28.105114836844393,85.32967671880311,30.273638348885868,21,0.0009615384615384616,13,5.046858072280884,0.35526158238172956
S1,1,93,1,SINE,hyb,sample,50000,10,1001,4.539231245438572e-18,2.3064102091823435,1.25,7.07e-06,10100.0,3.16e-11,5,0.01,0.36913498383560694,0.0077342526888624094,0.37939514745402264,0.010831192862440003,0.3552576475414949,0.4412013442938981,0.44370504662074817,0.43808039732180815,0.44089597868051333,0.41838568700436324,0.42336741740183764,0.38340368019217774,0.3927536662280916,0.36913498383560694,0.37939514745402264,0.3720602927372269,0.381592873664621,0.389962813382617,0.40276205138969373,0.41713426942266735,0.43320434371270367,0.5112639579189066,0.5454632009818938,0.648153310468966,0.6931497670934761,0.8437297088850667,0.21090675105485235,0.5736407405901451,2.8830127614779295,3.5317197925357875e+18,1.252999095510113e+18,6.950755233647534,2.466019540757293,0.10007426944321422,0.04362596548681121,0.5958743656029142,0.2484414899629768,0.8699125967187767,0.21855,0.0,0.10176685810409117,0.24600831105897128,0.0018712681523641666,54.383898948698814,85.32967671880311,30.273638348885868,21,0.0009615384615384616,13,2.2969748973846436,0.35526158238172956
S1,1,94,1,SINE,hyb,sample,50000,10,1001,9.551691804645084e-18,2.5106957429171373,1.25,7.07e-06,10100.0,3.16e-11,4,0.01,0.36076799292435024,0.004484258362755025,0.3712520058473797,0.004962820999772568,0.3497340219406605,0.4020436105366513,0.40911652078316874,0.4006200431896169,0.40777705405677384,0.39053904994105854,0.3983485111626113,0.36918681722645635,0.378738295741165,0.36076799292435024,0.3712520058473797,0.36896681931204844,0.37964715773809393,0.39997912118925305,0.4153994576009258,0.43415217901624314,0.45923605363487086,0.5362012570595821,0.5716251135419042,0.7043398193412493,0.7465805073593158,0.4364785267541287,0.21090675105485235,0.5736407405901451,3.1383696786464217,3.5317197925357875e+18,1.252999095510113e+18,13.436076073268854,4.766910218243298,0.0552525988996586,0.02207225672417703,0.7036237957194593,0.24150861638379395,0.9301325662655279,0.5374,0.14075,0.09252154631242569,0.23946563705742607,0.0017027459060922553,54.336672301717364,85.32967671880311,30.273638348885868,21,0.0009615384615384616,13,2.0186879634857178,0.35526158238172956
S1,1,95,1,SINE,hyb,sample,50000,10,1001,2.6320938987703275e-18,1.5470311100751404,1.25,7.07e-06,10100.0,3.16e-11,3,0.01,0.3757594447610152,0.004330423904268317,0.38889322893337025,0.007408866641520161,0.3708446386341539,0.4125622048474608,0.42459438559617946,0.41037629353651217,0.42256550947249394,0.39777280095912126,0.41088446554693886,0.3807789050389958,0.39463843476347227,0.3757594447610152,0.38889322893337025,0.37717691345005455,0.39060056764662326,0.39272463388395074,0.4034713261141823,0.45545362951397983,0.4797433852166872,0.5720686781085149,0.6147276027508071,0.6530444368537082,0.6995736297433321,0.9759931428028638,0.21090675105485235,0.5736407405901451,1.9337888875939255,3.5317197925357875e+18,1.252999095510113e+18,6.00881136620992,2.1318325487951695,0.1651172345889121,0.07378134502887038,0.5707497236882999,0.2464421993639638,0.8464109506709551,0.13925,0.0,0.08617702609547194,0.24463238090522355,0.001897306522725211,45.4207188260181,85.32967671880311,30.273638348885868,21,0.0009615384615384616,13,2.4539268016815186,0.35526158238172956
S1,1,96,1,SINE,hyb,sample,50000,10,1001,7.465193811548751e-18,1.9164231744984346,1.25,7.07e-06,10100.0,3.16e-11,4,0.01,0.3649142533514926,0.005280507241722564,0.3725491950973401,0.0066507664573935196,0.3496231450898239,0.4090729220528596,0.4143261338320715,0.4071782794793508,0.4125508120073652,0.39491242173792895,0.4010943919051484,0.3734752074012498,0.3810659820195198,0.3649142533514926,0.3725491950973401,0.37121113548659807,0.3801066515405987,0.4023701234527959,0.4175641596919517,0.43381984471271035,0.4575473891842526,0.5519770890286523,0.5875486783694444,0.7175146406078132,0.7601090665091834,0.42628438468254104,0.21090675105485235,0.5736407405901451,2.395528968123043,3.5317197925357875e+18,1.252999095510113e+18,13.757385680885763,4.880905855318918,0.0709829993018833,0.02828714687339448,0.7076345468160692,0.24049813203024395,0.9311884394205168,0.5454,0.1512,0.08493881385456675,0.23877661255122742,0.0016953556325547856,50.10088280213499,85.32967671880311,30.273638348885868,21,0.0009615384615384616,13,2.087439775466919,0.35526158238172956
S1,1,97,1,SINE,hyb,sample,50000,10,1001,9.580155408091146e-18,4.40422192246866,1.25,7.07e-06,10100.0,3.16e-11,5,0.01,0.3617125214572142,0.005783916464314337,0.3722878287646013,0.006241584202926184,0.34090618387519117,0.41759333292749956,0.43095407055851587,0.4160590357857045,0.4295244124536232,0.4045492076096292,0.41878796271636387,0.3756950473684746,0.3906945461697383,0.3617125214572142,0.3722878287646013,0.3670710061813315,0.37436181524043993,0.38984343617558664,0.40070706563130304,0.4164741496210346,0.43521029480874784,0.4806349569079667,0.511720428809413,0.6308729090272553,0.6736855889287405,0.7633887187869651,0.21090675105485235,0.5736407405901451,5.505277403085826,3.5317197925357875e+18,1.252999095510113e+18,7.682270572632577,2.7255497730359752,0.04875626431435222,0.020921242655461282,0.6121524493927183,0.24963847444789863,0.8840013081770515,0.27505,0.0,0.11902933224036008,0.24639502134158278,0.0018499336210768987,64.34248822996673,85.32967671880311,30.273638348885868,21,0.0009615384615384616,13,1.9665930271148682,0.35526158238172956
S1,1,98,1,SINE,hyb,sample,50000,10,1001,1.5881662916375212e-17,9.970890073329736,1.25,7.07e-06,10100.0,3.16e-11,3,0.01,0.3724526268249718,0.00526796492848403,0.37715169556068245,0.007480498703625278,0.3552992377146225,0.4031074987832731,0.4094509112441953,0.4027599090953252,0.4090866000018535,0.39966239282554883,0.4058452828578177,0.38535326624999733,0.390980567544112,0.3724526268249718,0.37715169556068245,0.3791734021111447,0.3848032260501114,0.3968047130855877,0.40832533806423327,0.41217742258997914,0.42977884514255627,0.49041639613478827,0.5239053690132774,0.6122397057361126,0.6559814121486734,1.0425263770198985,0.21090675105485235,0.5736407405901451,12.46361259166217,3.5317197925357875e+18,1.252999095510113e+18,5.62533363096371,1.9957806297195715,0.026782187756614985,0.012110116074427664,0.5551132410334355,0.24695074576884612,0.848756142141688,0.11715,0.0,0.1389186116056631,0.24251078481072988,0.0019037096030458695,72.97258541082007,85.32967671880311,30.273638348885868,21,0.0009615384615384616,13,1.5755128860473633,0.35526158238172956
S1,1,99,1,SINE,hyb,sample,50000,10,1001,2.472435552991808e-18,2.5770817005889834,1.25,7.07e-06,10100.0,3.16e-11,5,0.1,0.37331255296660476,0.0036883817628590113,0.3817114058295682,0.008596951387395389,0.3699502639056223,0.4341677391542138,0.4327527161910056,0.43092399846028756,0.4296858680608285,0.4121297736910611,0.4123032401018506,0.38544144738995506,0.3898501233816752,0.37526077559999627,0.38241758351531907,0.37331255296660476,0.3817114058295682,0.38808457012363445,0.3943730191618878,0.4287609594640099,0.4442841864827061,0.5093031196442973,0.5464501576210015,0.58745396478373,0.6324747611962024,1.7308215932862376,0.21090675105485235,0.5736407405901451,3.2213521257362294,3.5317197925357875e+18,1.252999095510113e+18,3.3883091778870162,1.2021192463156107,0.14096813927640325,0.07073992283454819,0.46054006803782793,0.2282851693917145,0.7579074561460871,0.0,0.0,0.1052599717167864,0.2252274937803676,0.0019422288693828527,54.195452130331574,85.32967671880311,30.273638348885868,21,0.0009615384615384616,13,2.512521982192993,0.35526158238172956
S1,1,100,1,SINE,hyb,sample,50000,10,1001,1.2557150694536557e-17,2.628227952525906,1.25,7.07e-06,10100.0,3.16e-11,5,0.01,0.36365840716045017,0.004872008748577231,0.37643036725270673,0.005860655394620967,0.3483538983806749,0.41394974755973213,0.4227483732571587,0.41215263856331213,0.4211381038757856,0.3996207893391879,0.40987328673825746,0.37340962930360366,0.3860507195802689,0.36365840716045017,0.37643036725270673,0.3733034229655639,0.38666429667311014,0.4000816064435134,0.41763028107082867,0.446590519016702,0.4753080103291655,0.5355754602742516,0.5712911523452656,0.7116956679241648,0.7522984695188941,0.3475529838553609,0.21090675105485235,0.5736407405901451,3.2852849406573825,3.5317197925357875e+18,1.252999095510113e+18,16.87385510192428,5.986580595993187,0.04356746427010681,0.017029767711017458,0.736290698993027,0.23407806231686007,0.9437899711297274,0.5985,0.2595,0.08781930285430162,0.23214240849871598,0.001630126412786496,53.8726948814881,85.32967671880311,30.273638348885868,21,0.0009615384615384616,13,1.9540209770202637,0.35526158238172956
