set,search_seed,eval_index,is_finite,task,mode,node,N_R,R,seed,k_on,k_off,T,distance,N_max,D,L,lam_best,objective,opt_sd,held,held_sd,train,opt_lam_1e-06,held_lam_1e-06,opt_lam_1e-05,held_lam_1e-05,opt_lam_1e-04,held_lam_1e-04,opt_lam_1e-03,held_lam_1e-03,opt_lam_1e-02,held_lam_1e-02,opt_lam_1e-01,held_lam_1e-01,opt_lam_1e+00,held_lam_1e+00,opt_lam_1e+01,held_lam_1e+01,opt_lam_1e+02,held_lam_1e+02,opt_lam_1e+03,held_lam_1e+03,KD_nM,tau_D_over_T,phi_ISI,koff_T,c_peak,c_mean,c_peak_over_KD,c_mean_over_KD,tauR_mean_over_T,tauR_peak_over_T,occ_mean,occ_std,occ_max,occ_frac_above_0p8,occ_frac_above_0p9,contrast_within,contrast_between,binomial_sd_mean,snr_within,shell_molecules_peak,shell_molecules_mean,history_symbols,dt,n_sub,seconds,running_min
S2,2,1,1,MG,hyb,sample,50000,10,1002,1e-18,1.0,0.9361083105040251,7.07e-06,2469.777551255788,3.16e-11,2,0.001,0.4944896341138089,0.00814413660004054,0.4919899145372192,0.01958130275727619,0.4771488767479841,0.540657593658807,0.5364092874204327,0.5266198390973053,0.5218592472816803,0.5034974448285933,0.4978601298124673,0.4944896341138089,0.4919899145372192,0.4996564814325402,0.5025231139393722,0.5164236896371409,0.5215014030668149,0.5689749484393042,0.5655589219186147,0.8264199616696762,0.8118065645157134,0.9542024469929034,0.9363347142097351,1.0345701791404571,1.020599215501054,1.6605390671738465,0.2816270680009435,0.6419955347046588,0.9361083105040251,9.891928640807542e+17,4.7598106374700166e+17,0.9891928640807544,0.4759810637470017,0.7237575605399674,0.5370280948571454,0.3137264103076746,0.08009852844795028,0.44479343675524063,0.0,0.0,0.025504738735283566,0.07960162765191228,0.002035668925066755,12.52892276402323,23.89983131814453,11.500150827266433,28,0.0009853771689516053,19,2.439016819000244,0.4944896341138089
S2,2,2,1,MG,hyb,sample,50000,10,1002,1e-18,1.0,1.7374168328968531,7.07e-06,12719.259847280875,3.16e-11,1,0.001,0.44846391968248256,0.009604636568065998,0.4574959823562443,0.010051445997827861,0.4417373927175102,0.46997721166244155,0.4705956329071985,0.46729472092614255,0.46866293005926557,0.4565033923526638,0.4614789469504525,0.44846391968248256,0.4574959823562443,0.45892468366667344,0.4677722411965485,0.5579927880190784,0.5637016759748005,0.6839751895135002,0.6764319720884916,0.8362196434196841,0.8202924970003966,0.8801143853488315,0.8642465494855147,0.922767994967605,0.910809936109921,1.6605390671738465,0.151738738699222,0.5001317911349336,1.7374168328968531,3.7355412387418895e+18,1.288696227723944e+18,3.73554123874189,1.2886962277239442,0.2514825302917548,0.12154199264667896,0.5309793096287748,0.13303577619605955,0.7413656722262195,0.0,0.0,0.12295380823675058,0.12664925765368126,0.0021474372991732433,57.2560643722112,90.25419483880891,31.136114686343973,15,0.0009928096187982018,35,2.6386606693267822,0.44846391968248256
S2,2,3,1,MG,hyb,sample,50000,10,1002,1e-18,1.0,1.0233013790197705,7.07e-06,10938.170995052282,3.16e-11,5,0.001,0.4059927910319476,0.012345086953370839,0.4098525092223557,0.02736203406192266,0.3682298149904343,0.5705047853833136,0.5493866978787746,0.5178305618779453,0.5034211651687024,0.4355031890695077,0.43229772726443255,0.4059927910319476,0.4098525092223557,0.4127610421868142,0.4237723798932489,0.49253999592197645,0.5058366748954096,0.637827501526617,0.6499779670656446,0.7058170931898555,0.7134305371068754,0.8283349690421382,0.8184051829795755,0.9760462859814938,0.9642801366959688,1.6605390671738465,0.25763029760704736,0.6206757853807803,1.0233013790197705,4.1568697089679375e+18,1.8864447048091116e+18,4.156869708967938,1.8864447048091117,0.33855809193909303,0.1895004657667505,0.6273975049825127,0.11058365731539739,0.7795344676970252,0.0,0.0,0.0545603247909124,0.10901532166828636,0.0021027431928367056,25.94721265857853,100.43388752926526,45.5782809127342,26,0.000974572741923591,21,1.0407280921936035,0.4059927910319476
S2,2,4,1,MG,hyb,sample,50000,10,1002,1e-18,1.0,1.3855169870711668,7.07e-06,7087.271529652227,3.16e-11,2,0.001,0.4503886207646334,0.009905441797298216,0.4587769849040333,0.013693707260723399,0.43401685264833834,0.5019743643505538,0.5146290426008239,0.4917720739469072,0.5042714134925269,0.46349479287147693,0.47429160931661957,0.4503886207646334,0.4587769849040333,0.46077884770750704,0.4689331717117945,0.521453045203801,0.5325513505335013,0.5722966222347466,0.5766321612936925,0.7341772971357977,0.7205535229133087,0.902165075764364,0.8852127256348854,0.9525232882881072,0.9387445628250047,1.6605390671738465,0.19027802710370087,0.5500723350521037,1.3855169870711668,2.3017354873172764e+18,9.053937139685271e+17,2.3017354873172766,0.9053937139685272,0.37879428417597794,0.21859784065941454,0.45343294363483927,0.1163275874675613,0.6378922757608878,0.0,0.0,0.074554837819638,0.11360371838872774,0.0021599296089311495,34.51725348426136,55.61209738102113,21.87516492091241,19,0.0009896549907651192,28,2.754962921142578,0.4059927910319476
S2,2,5,1,MG,hyb,sample,50000,10,1002,1e-18,1.0,1.6894783768949668,7.07e-06,1175.0293967754942,3.16e-11,4,0.001,0.44299021035490094,0.0054613095077534575,0.4544355565551239,0.009594766387706179,0.4276435136620032,0.5550765140358997,0.5783011712510242,0.4981604726080051,0.5226519239508804,0.45271773716879526,0.4713110334813086,0.44299021035490094,0.4544355565551239,0.4489358891922004,0.45655056991237963,0.46936233040516584,0.476131458924283,0.5152905189124485,0.5158701967025818,0.7767022920513105,0.7630003161030288,0.947035570102104,0.9285781075108435,1.2526151174952596,1.2340706439378297,1.6605390671738465,0.15604428113669505,0.5061525957705506,1.6894783768949668,3.499445787084347e+17,1.2989085576432314e+17,0.3499445787084347,0.12989085576432316,0.52385472848838,0.4384614574579235,0.11341428731712376,0.03737522921441134,0.18862519132559477,0.0,0.0,0.027954118216026832,0.0361409620839402,0.0013898363164483347,20.113244908912975,8.45499063481716,3.1382854196199843,16,0.0009938108099382158,34,2.4469590187072754,0.4059927910319476
S2,2,6,1,MG,hyb,sample,50000,10,1002,1e-18,1.0,1.4679095581025035,7.07e-06,17486.953881762165,3.16e-11,3,0.001,0.41930470261590436,0.009565103917071311,0.422489897351846,0.02426415850855768,0.39161276417686136,0.4936952587096542,0.4802192680777468,0.48036389132319035,0.46891491626627707,0.44037541824664944,0.4369593959435455,0.41930470261590436,0.422489897351846,0.4311467975252251,0.4331192059250387,0.49586241735257397,0.4960407523292826,0.6443719692095683,0.6532130388064805,0.7149949940987084,0.7141761185241332,0.8674117764119865,0.8547966728126724,0.9434101192105148,0.9324401709319228,1.6605390671738465,0.17959787601584376,0.5370668834852097,1.4679095581025035,5.527744961601322e+18,2.0959671327459192e+18,5.527744961601322,2.0959671327459195,0.22004138008849086,0.10436082975136712,0.6421000128423332,0.12669069162124189,0.821205788871431,0.01784,0.0,0.10312349756274561,0.12201132738623145,0.002063618353829226,49.97217502518858,133.55552486194415,50.64054012111542,18,0.0009786063720683357,30,1.3996710777282715,0.4059927910319476
S2,2,7,1,MG,hyb,sample,50000,10,1002,1e-18,1.0,0.6279294570081907,7.07e-06,19754.1688447762,3.16e-11,4,0.001,0.5416771839379764,0.021416213650474393,0.5441952240537983,0.035412876753152654,0.49747946113369385,0.692703504484448,0.6882920853718304,0.6495874352433956,0.6464491412398838,0.5736927744267379,0.572415913243026,0.5416771839379764,0.5441952240537983,0.5542148431276331,0.5634268009443778,0.6622191028518148,0.6757126870059891,0.7457142249204606,0.7600586799954068,0.8020293053080966,0.8017789217146246,0.9359391522946673,0.9281642535710013,0.9808955725255657,0.9738623936857824,1.6605390671738465,0.4198456305500677,0.7382612311207373,0.6279294570081907,1.0248524186750167e+19,5.53012132807951e+18,10.248524186750169,5.5301213280795105,0.2438753427049122,0.14157729052722512,0.8299393527646014,0.06342553056239816,0.9062990474535441,0.75796,0.01316,0.022200911445173034,0.06291716800681026,0.001642827138726973,13.51384507951124,247.61399744919456,133.61294011435962,42,0.0009660453184741395,13,0.30489683151245117,0.4059927910319476
S2,2,8,1,MG,hyb,sample,50000,10,1002,1e-18,1.0,1.1486438604205387,7.07e-06,14787.782399236787,3.16e-11,1,0.001,0.4934827306262603,0.013053089422827398,0.500642436130095,0.008395726941215367,0.48198112398766685,0.516719119791319,0.52890420053702,0.5133662135004399,0.5251488282402845,0.5012755094296475,0.5110060608301884,0.4934827306262603,0.500642436130095,0.5088174425306022,0.5160822175779278,0.6078852448267703,0.6171793043191164,0.7175684229338362,0.712663163059769,0.8709765225853022,0.8580302439530195,0.9147841512344541,0.9021243306468574,0.9375954062259323,0.9272133337262293,1.6605390671738465,0.22951712702494628,0.5933424528389273,1.1486438604205387,5.275269452424743e+18,2.266819457157837e+18,5.275269452424744,2.2668194571578373,0.2664952489229614,0.13873378203469136,0.6642110255672726,0.11390439234253294,0.8183855673504614,0.0192,0.0,0.06919130912814762,0.11150920705593922,0.002045615353889163,33.82420306760007,127.45547875325093,54.768493204918094,23,0.0009988207481917727,23,0.8734869956970215,0.4059927910319476
S2,2,9,1,MG,hyb,sample,50000,10,1002,1e-18,1.0,1.8512604015789003,7.07e-06,8897.47614699136,3.16e-11,3,0.001,0.404350628260265,0.014491338549905896,0.40976970775799604,0.013285069397357453,0.37336066265469714,0.48163975638828693,0.47428135249014713,0.46688775486863243,0.46087200887325297,0.4271485811369026,0.4260417453026527,0.404350628260265,0.40976970775799604,0.41112791104882784,0.4185257053650272,0.4753422803956989,0.48198386627127865,0.5582307042572429,0.5659586946416353,0.6289501115959892,0.622875830921173,0.8515770345851399,0.8344441355654185,0.9474508138916196,0.9325772964599176,1.6605390671738465,0.14240753953021312,0.4866450766620517,1.8512604015789003,2.5474936183175516e+18,8.478079452982968e+17,2.547493618317552,0.847807945298297,0.2923315290285812,0.15226877906446987,0.43409322144163215,0.12475698801266272,0.6475058179845561,0.0,0.0,0.11747832920418258,0.11842887225445306,0.0021373437938375273,54.96463860559105,61.54984530586822,20.483838509734582,14,0.0009743475797783685,38,3.863018035888672,0.404350628260265
S2,2,10,1,MG,hyb,sample,50000,10,1002,1e-18,1.0,0.7286529437860902,7.07e-06,5355.871458238499,3.16e-11,3,0.001,0.5220970944212653,0.011255870473947764,0.5160610668626514,0.026620309029568124,0.488455030966385,0.6154377503905751,0.5944533046602378,0.5885941566540202,0.5704204242561136,0.5424883473752414,0.5312067021494455,0.5220970944212653,0.5160610668626514,0.5351328451278842,0.5343016594696308,0.590240204221318,0.5994175182919828,0.6309574542125279,0.6405329302180219,0.7182043862552728,0.7116580533192967,0.9278189955807834,0.9143720517743272,0.9901126634869147,0.9780326818513304,1.6605390671738465,0.3618093374449606,0.7025135617732832,0.7286529437860902,2.5075311588994734e+18,1.3048413946669478e+18,2.5075311588994738,1.304841394666948,0.5954403084737431,0.39127107040558506,0.5480625091193464,0.09753472300792834,0.6864012178966762,0.0,0.0,0.02591880165826407,0.09708860311641243,0.002181958244221499,11.878688204462703,60.58431464563865,31.526197126839193,36,0.0009715372583814537,15,0.982064962387085,0.404350628260265
S2,2,11,1,MG,hyb,sample,50000,10,1002,1e-18,1.0,1.2182949900208904,7.07e-06,17371.01156031402,3.16e-11,5,0.001,0.4145495266930082,0.011756459750971036,0.4149811417455943,0.02409483652139267,0.3693829555229166,0.5724013950470291,0.5493976488789024,0.5300385295635034,0.5115128647493334,0.4511571256887642,0.4426652354796796,0.4145495266930082,0.4149811417455943,0.4171871052967645,0.4235621785508831,0.4807768102959301,0.4889817323325129,0.6411004935529531,0.6510172047579974,0.731347205865782,0.740729676546891,0.8287875938135938,0.821091696453412,0.9624471862044872,0.9519328526257285,1.6605390671738465,0.21639540585654451,0.5795962216912364,1.2182949900208904,6.012039116509323e+18,2.511525681425156e+18,6.012039116509324,2.5115256814251565,0.23375003941117334,0.11705856923899922,0.6839163753376959,0.11454745138485345,0.8377804425309711,0.0784,0.0,0.07734069727160722,0.11161467351213249,0.0020097556031323997,38.48263796407097,145.25652780177094,60.68082607230473,22,0.0009746359920167123,25,0.9722239971160889,0.404350628260265
S2,2,12,1,MG,hyb,sample,50000,10,1002,1e-18,1.0,2.0,7.07e-06,19983.029548283914,3.16e-11,2,0.001,0.4385553705729162,0.009596166277787229,0.44049274531199006,0.012315009846833062,0.4150880882245608,0.4802928736276605,0.48311352316252093,0.475025163831934,0.47792356439402167,0.45398009537697187,0.4567180526975248,0.4385553705729162,0.44049274531199006,0.4478553643186462,0.44721980865853184,0.4970806176839974,0.4933746483876737,0.6151796519552105,0.6162057907194672,0.7361916385623202,0.7253481832481035,0.873975003098777,0.8600243696631544,0.9128745735724639,0.9012888353424942,1.6605390671738465,0.13181671940928272,0.4705516107728963,2.0,5.558422803730852e+18,1.7547196273232776e+18,5.558422803730853,1.7547196273232777,0.18150667495909303,0.07623784177433146,0.5957431767783163,0.14155266396435048,0.8153681061092912,0.0068,0.0,0.1597396960905739,0.13147043318375545,0.0020969740760732386,76.1762855884704,134.29673042329014,42.39567896866686,13,0.001,40,2.2126851081848145,0.404350628260265
S2,2,13,1,MG,hyb,sample,50000,10,1002,1e-18,1.0,2.0,7.07e-06,16866.808569538938,3.16e-11,4,0.001,0.3787733732490945,0.010741718960548919,0.379151494572317,0.01196606162164242,0.3387915982460196,0.46966713982902153,0.4685436675945006,0.45317251300283345,0.45193001506555985,0.4070100182138757,0.40571871190068415,0.3787733732490945,0.379151494572317,0.384721221200979,0.3848409235741673,0.4367569924836913,0.4343393481203431,0.5834367349449218,0.587989515798435,0.6662797220852434,0.6706925649011672,0.7996676968831443,0.7875807012709523,0.93938150498554,0.9269356820405811,1.6605390671738465,0.13181671940928272,0.4705516107728963,2.0,4.691670436715646e+18,1.4821112882328786e+18,4.691670436715647,1.4821112882328789,0.20144141093527335,0.08784767241170816,0.55891986739628,0.14059841356703065,0.7836609426606659,0.0,0.0,0.15591555067739382,0.1308579910099761,0.0021255109755659303,73.35438511950302,113.35517684110134,35.80920472611895,13,0.001,40,2.637303113937378,0.3787733732490945
S2,2,14,1,MG,hyb,sample,50000,10,1002,1e-18,1.0,2.0,7.07e-06,20000.0,3.16e-11,5,0.001,0.3763702623174513,0.010182201076531214,0.37016557211057444,0.014981070466521742,0.3249191392528573,0.5306917851676005,0.5055020645153674,0.49823940643476605,0.4769634712090844,0.42015189573382095,0.4083622839950059,0.3763702623174513,0.37016557211057444,0.37637331554641945,0.37602740235875004,0.4252056518234536,0.43075424694277453,0.5656759926305298,0.5707490026625015,0.6854521794886241,0.6927059955325887,0.7826401563001025,0.7752775038745303,0.9405714464814224,0.9290467515534802,1.6605390671738465,0.13181671940928272,0.4705516107728963,2.0,5.563143001462194e+18,1.756204209670772e+18,5.563143001462195,1.7562042096707722,0.18140890948705315,0.07618301168946122,0.5959247360036186,0.1415538100882921,0.8155164019397542,0.007,0.0,0.15975399792237277,0.1314702109291021,0.0020968030011709756,76.18932147328907,134.41077484643932,42.43154787651223,13,0.001,40,2.249138116836548,0.3763702623174513
S2,2,15,1,MG,hyb,sample,50000,10,1002,1e-18,1.0,2.0,7.07e-06,200.0,3.16e-11,5,0.001,0.5373061705723214,0.012144927517378898,0.5374503857987203,0.019945160055770125,0.5318941566879721,0.6584654308348291,0.6534786099677298,0.5756645905947491,0.5655997766727334,0.5434174968898684,0.5371712766859217,0.5373061705723214,0.5374503857987203,0.5537353536726886,0.5549306952244841,0.720782765509163,0.7130723208271327,0.9221290491778937,0.9131343357748387,0.9779024146944313,0.97325600696869,1.0448926956397657,1.0376367749577906,1.756594669233524,1.7199024658680084,1.6605390671738465,0.13181671940928272,0.4705516107728963,2.0,5.5928659489327064e+16,2.4091772585595628e+16,0.05592865948932707,0.024091772585595632,0.48823749334262817,0.47351683800476846,0.023507051929536955,0.004297437176401699,0.03334656470052565,0.0,0.0,0.0077055443087164065,0.003463335215038434,0.000674506465660099,11.423973973585936,1.3512890925340701,0.5820799177376887,13,0.001,40,1.7288696765899658,0.3763702623174513
S2,2,16,1,MG,hyb,sample,50000,10,1002,1e-18,1.0,1.7440366457676968,7.07e-06,17830.23847130971,3.16e-11,5,0.001,0.3771473693793377,0.010855320039286619,0.3866813634710077,0.025145725901159197,0.32827593374442715,0.5154784106023325,0.5188252906609694,0.48130369398531914,0.48628761743218796,0.4111282909000476,0.42124997271108244,0.3771473693793377,0.3866813634710077,0.3820556465503536,0.3876180662715898,0.43422026479002707,0.4386546683557582,0.5826271271298611,0.5885776104984901,0.6918184823895044,0.6999753964927697,0.7907346959343539,0.7832207864931889,0.9476358374180407,0.9360737745886001,1.6605390671738465,0.15116278632007657,0.4993169734221916,1.7440366457676968,5.229006573741961e+18,1.7971774213731448e+18,5.2290065737419615,1.797177421373145,0.20498608448773928,0.09205038402782471,0.6048158842966213,0.13554080704800484,0.8077781747489232,0.0026,0.0,0.13224884011075289,0.12839032147626622,0.0020969629424611924,63.06684654881561,126.33772402921362,43.42149926395915,15,0.0009965923690101125,35,1.8804359436035156,0.3763702623174513
S2,2,17,1,MG,hyb,sample,50000,10,1002,1e-18,1.0,1.8276138488502474,7.07e-06,20000.0,3.16e-11,4,0.001,0.3990695391434156,0.008891640839380616,0.4026305404566924,0.013563114700553141,0.35045143227700504,0.5047347849511432,0.4994155701899793,0.4859006133136263,0.4827495637870265,0.43245315214545144,0.43518969021847526,0.3990695391434156,0.4026305404566924,0.40604015567189433,0.407966661099943,0.4588752579028365,0.45895728002109293,0.6064994657606986,0.6119115987532282,0.6971718922450968,0.7026417382244009,0.8137450976082189,0.8028020170504979,0.9407532365139565,0.9293991628016348,1.6605390671738465,0.14425007721648495,0.48935747197798823,1.8276138488502474,5.75204251701172e+18,1.9194084384983816e+18,5.752042517011721,1.9194084384983818,0.1874220572816098,0.08103644700253135,0.6173970645768957,0.13786504922122525,0.8232162692962839,0.0158,0.0,0.14273613888625386,0.1296955998496729,0.002079848327163617,68.62814803467404,138.97476506679772,46.374715767247544,14,0.0009878993777568904,37,1.951200008392334,0.3763702623174513
S2,2,18,1,MG,hyb,sample,50000,10,1002,1e-18,1.0,1.5015662380231016,7.07e-06,10679.088087951437,3.16e-11,5,0.001,0.37182484197512405,0.011115331405620817,0.3710925894238601,0.018737768449294024,0.3316399842857855,0.5130854126099192,0.4944857479504883,0.47177017930693116,0.4581059053495557,0.40008580003738814,0.39648462869903334,0.37182484197512405,0.3710925894238601,0.3775950875827027,0.37799743244254314,0.43649715883566254,0.439127485135612,0.5820484741981491,0.5891157923100476,0.6603914947841154,0.6661928119535472,0.789988923615966,0.7786601515948166,0.967676844362509,0.9538574471399401,1.6605390671738465,0.1755723005371072,0.5320095779212811,1.5015662380231016,3.3435617385897595e+18,1.2569445438228698e+18,3.34356173858976,1.25694454382287,0.29507649569330346,0.1533237759805844,0.5284479265973894,0.12606163518434604,0.7227119005817946,0.0,0.0,0.09614092565258536,0.12191087132588635,0.0021573419192205396,44.5645285969883,80.7836009091688,30.3689640963446,18,0.0009687524116278075,31,2.4495809078216553,0.37182484197512405
S2,2,19,1,MG,hyb,sample,50000,10,1002,1e-18,1.0,2.0,7.07e-06,14968.425439757108,3.16e-11,5,0.001,0.36288304687626416,0.011554830116409004,0.35428801007666827,0.01475701029285826,0.3208777553982389,0.5044727743439426,0.4892567045705725,0.4697958502735509,0.45461391119844113,0.39929809668224364,0.3860721262043246,0.36288304687626416,0.35428801007666827,0.3636637384588566,0.36171801400730663,0.40854272098858013,0.4110624585868714,0.5550478101627793,0.5605620816199548,0.6558256944880759,0.6624245217722311,0.7697641261215297,0.760382511931709,0.9470981631973043,0.9341473457496647,1.6605390671738465,0.13181671940928272,0.4705516107728963,2.0,4.1636500933371694e+18,1.3160399231092524e+18,4.16365009333717,1.3160399231092526,0.21588574316489187,0.09683072845024235,0.5324337588180198,0.13905885189657258,0.7594702522209165,0.0,0.0,0.15214362155264385,0.1296333819598166,0.002138579817592985,71.14236293685994,100.59770800207814,31.796764121912737,13,0.001,40,2.9403810501098633,0.36288304687626416
S2,2,20,1,MG,hyb,sample,50000,10,1002,1e-18,1.0,1.1624542081791756,7.07e-06,200.0,3.16e-11,5,0.001,0.5542405976773568,0.021345646671035338,0.5593526964433766,0.018872210905370678,0.532750790728002,0.6870024304140492,0.6706034495877835,0.598607859752003,0.5937572799711652,0.5650384030928255,0.566406261872302,0.5542405976773568,0.5593526964433766,0.5622036100512552,0.5672456440967298,0.6500585943066685,0.6484938858994889,0.9001810486948157,0.8929633778649233,0.9785829436119821,0.9722319707945969,1.0290533031476745,1.021375377222369,1.6668138274200868,1.6336097511945844,1.6605390671738465,0.22679038620498515,0.5905410537026103,1.1624542081791756,7.204699127971475e+16,4.1541298347746536e+16,0.07204699127971476,0.041541298347746544,0.825938386729113,0.8024358509156344,0.03985483277261022,0.005533659820716954,0.051319411334378756,0.0,0.0,0.0046571114083232236,0.005305939228692365,0.0008724689864649963,5.337853242431636,1.740723170466019,1.003676895880647,23,0.000968711840149313,24,1.1714797019958496,0.36288304687626416
S2,2,21,1,MG,hyb,sample,50000,10,1002,1e-18,1.0,2.0,7.07e-06,200.0,3.16e-11,1,0.0001,0.7444470042731013,0.017794864470757125,0.7192848427777428,0.015553540640858414,0.72783129376399,0.7725813771326667,0.7416725916569025,0.7535419342045813,0.7249870728992859,0.7444470042731013,0.7192848427777428,0.7691651272181874,0.7459426665265335,0.8334635962939636,0.8115867439792271,0.8658474069466567,0.8485307289973033,0.9415030426264062,0.9352864969055735,0.9882470002825793,0.985615549581903,1.0618254781556302,1.0546908653726907,1.803184046019813,1.7647234021851435,1.6605390671738465,0.13181671940928272,0.4705516107728963,2.0,5.5928659489327064e+16,2.4091772585595628e+16,0.05592865948932707,0.024091772585595632,0.48823749334262817,0.47351683800476846,0.023507051929536955,0.004297437176401699,0.03334656470052565,0.0,0.0,0.0077055443087164065,0.003463335215038434,0.000674506465660099,11.423973973585936,1.3512890925340701,0.5820799177376887,13,0.001,40,1.6897859573364258,0.36288304687626416
S2,2,22,1,MG,hyb,sample,50000,10,1002,1e-18,1.0,1.6029950944582967,7.07e-06,11081.404956569399,3.16e-11,4,0.001,0.38119602759440074,0.010494087741075828,0.384654770090206,0.01677637359134644,0.3450023412451128,0.46927294841965644,0.4676697125123653,0.4491035988282438,0.44781678797923297,0.4043199783173203,0.4045939022940053,0.38119602759440074,0.384654770090206,0.3852428283688716,0.3900077867378767,0.4482057225317643,0.45188292015768,0.5881569111292814,0.5964409585826205,0.6517046510603215,0.6547734020485168,0.8137750364813423,0.8001581141155452,0.9581770957660958,0.9447069355022639,1.6605390671738465,0.16446303530807474,0.5175806155572671,1.6029950944582967,3.3649323567753595e+18,1.2164146970142333e+18,3.36493235677536,1.2164146970142335,0.28146006614250213,0.14291910532187554,0.5193039534306932,0.1291957296908043,0.7213966654370622,0.0,0.0,0.10636266179366516,0.12424591649044321,0.0021549736659579417,49.356826709241574,81.29993517354397,29.38972482233628,16,0.0009715121784595737,33,2.6164369583129883,0.36288304687626416
S2,2,23,1,MG,hyb,sample,50000,10,1002,1e-18,1.0,2.0,7.07e-06,10506.627582495801,3.16e-11,5,0.001,0.35385133569613475,0.010724206170608673,0.3453209618405829,0.01281713882287092,0.3112769975380848,0.49495136452673244,0.462838737134197,0.4584150136484036,0.4280931445304238,0.3874206384348049,0.3668926702081404,0.35385133569613475,0.3453209618405829,0.3546451123812507,0.3536330393633515,0.40348744422775534,0.40722343131484384,0.5436421194608894,0.5505492187982433,0.6213470534633879,0.6262583572366649,0.7653039556917486,0.7527568043911361,0.9612089061420439,0.9462434760923273,1.6605390671738465,0.13181671940928272,0.4705516107728963,2.0,2.922636095837509e+18,9.257199453151974e+17,2.9226360958375093,0.9257199453151975,0.25964315383261044,0.1274653033786573,0.45272366901010913,0.1304723823811442,0.6779577694793053,0.0,0.0,0.13675502113854301,0.12224053947098577,0.002140892228396719,63.877583058422665,70.6136409099031,22.366265815549824,13,0.001,40,3.7698988914489746,0.35385133569613475
S2,2,24,1,MG,hyb,sample,50000,10,1002,1e-18,1.0,2.0,7.07e-06,9732.999224848609,3.16e-11,4,0.001,0.3786670113372018,0.011157230681172364,0.36463330442445235,0.014646845378223312,0.33607347607766946,0.46971313527222724,0.44949092581881345,0.4497400969128155,0.43090451470823954,0.40265072691777526,0.3871794628542255,0.3786670113372018,0.36463330442445235,0.3816880882390403,0.37039450853339606,0.4394477496111387,0.4348169378126913,0.5545509918731536,0.5606915106937591,0.6117956004206103,0.6124650967212376,0.8021616080144092,0.7864225583825946,0.9560398622760553,0.9408621375393741,1.6605390671738465,0.13181671940928272,0.4705516107728963,2.0,2.707457450050059e+18,8.580426069332536e+17,2.7074574500500592,0.8580426069332537,0.2691003952946282,0.1348633144780256,0.4355341839114552,0.12789533280037566,0.6587294629293361,0.0,0.0,0.1327978599999633,0.11995436916492448,0.0021340730843644666,62.22741900121518,65.41472215065191,20.73111757487529,13,0.001,40,3.856123924255371,0.35385133569613475
S2,2,25,1,MG,hyb,sample,50000,10,1002,1e-18,1.0,1.7393655189832744,7.07e-06,7101.885398595424,3.16e-11,5,0.001,0.36004821147090904,0.012141063620035726,0.37139996930766506,0.017144946907608462,0.3217195752805349,0.47904410680867854,0.49431681791353455,0.44231823994578645,0.4599826803229926,0.3856990529128832,0.40084158954522453,0.36004821147090904,0.37139996930766506,0.36324718040789594,0.37446130781261805,0.4278565283859244,0.43766451663130457,0.5431507602293728,0.5526722745113685,0.6048843887504827,0.6094848113961883,0.7843527657813214,0.7698947974730248,0.9853177076113324,0.9692445769811451,1.6605390671738465,0.15156873925652456,0.4998915219472223,1.7393655189832744,2.0850719120152655e+18,7.221603761452183e+17,2.0850719120152656,0.7221603761452184,0.3338378316878489,0.1863562024444003,0.3988248147069019,0.11652625228765616,0.5993419315744576,0.0,0.0,0.09874701018204268,0.11171770855756842,0.002117428007625838,46.635356586580045,50.37730132604126,17.44807489139905,15,0.0009939231537047283,35,3.769990921020508,0.35385133569613475
S2,2,26,1,MG,hyb,sample,50000,10,1002,1e-18,1.0,1.8478886872900735,7.07e-06,10996.93565763934,3.16e-11,5,0.001,0.3556696107801213,0.009733151583040554,0.35230841428262155,0.01866775313044031,0.3198051244877184,0.48812164918613954,0.47805432479729076,0.446801762326114,0.43799932285924525,0.379240954564949,0.3723077453500596,0.3556696107801213,0.35230841428262155,0.35825841460624563,0.361332128512685,0.4090034625372249,0.413937379252896,0.554690034806014,0.5620582090823253,0.6357198752431031,0.6417044202950204,0.7708951541255018,0.7594902080843223,0.9608841535524668,0.9467362649302196,1.6605390671738465,0.14266738068794801,0.48702910152248857,1.8478886872900735,3.150545609449973e+18,1.0479336684777985e+18,3.1505456094499737,1.0479336684777987,0.26424593025437526,0.13038240950636973,0.4824664858941903,0.13122325338936924,0.6999929288717129,0.0,0.0,0.12700233655422735,0.12424934139429654,0.0021508345690584244,59.04793347720157,76.12014942702639,25.319064480411733,14,0.0009988587498865262,37,3.1929030418395996,0.35385133569613475
S2,2,27,1,MG,hyb,sample,50000,10,1002,1e-18,1.0,0.5,7.07e-06,200.0,3.16e-11,1,0.0001,0.7588193839776801,0.014472634794358397,0.7441413373630215,0.013579134854482483,0.7356480425340529,0.7822067248487761,0.7680146427399184,0.7662843844698448,0.7513374688778797,0.7588193839776801,0.7441413373630215,0.7630966987853587,0.7503569010798945,0.8397430525587056,0.8298625675006427,0.9583703007234311,0.9496837395142856,0.9837008795688504,0.9766101388704623,0.9897078115593578,0.9846811025663854,1.0320208208424853,1.0250922563965568,1.6711564523862452,1.6376217753602667,1.6605390671738465,0.5272668776371309,0.7914984825837854,0.5,1.2891007566755227e+17,9.650220891252669e+16,0.12891007566755228,0.0965022089125267,1.8239817336834474,1.771620293863841,0.08792043539333276,0.00915916836815701,0.10474794875179276,0.0,0.0,0.001771568230062894,0.00913721134856127,0.0012643032536311127,1.4012209689209474,3.1145888486840425,2.331584262873783,53,0.001,10,0.6679251194000244,0.35385133569613475
S2,2,28,1,MG,hyb,sample,50000,10,1002,1e-18,1.0,2.0,7.07e-06,3638.503410231891,3.16e-11,5,0.001,0.3897609816028075,0.00891587125169326,0.3926726725768172,0.013009571662725164,0.34899736821087324,0.5314860391240098,0.5311209158798542,0.47916050843059566,0.481300306231923,0.4124275447441984,0.4161323424371665,0.3897609816028075,0.3926726725768172,0.3957567132852493,0.3982821731266072,0.44695379951379854,0.45166100330729764,0.5062469194936053,0.5131869031661134,0.5670403438628636,0.5645672763406904,0.8442109365362802,0.8248413195594237,1.0326883635585054,1.0152666692647025,1.6605390671738465,0.13181671940928272,0.4705516107728963,2.0,1.0123213511939574e+18,3.2489351611198234e+17,1.0123213511939575,0.32489351611198236,0.37738881949342945,0.2484692614841751,0.23675688094421282,0.08187059135000817,0.3972005978698212,0.0,0.0,0.07716837364381363,0.07756579337934592,0.0018439500976032224,41.84949134150515,24.458637351549466,7.849733366860752,13,0.001,40,4.080864906311035,0.35385133569613475
S2,2,29,1,MG,hyb,sample,50000,10,1002,1e-18,1.0,1.5699275618609825,7.07e-06,4504.947362003421,3.16e-11,5,0.001,0.38799394252433395,0.01377966171767541,0.3915897676723096,0.022932470965513808,0.3521461846752457,0.5357503770837442,0.5242338867984505,0.4815903575345474,0.47352451873189993,0.41150096904361383,0.41005673553846494,0.38799394252433395,0.3915897676723096,0.3935477520022209,0.40033384728850174,0.457402600683716,0.4657743007646177,0.5334508486826548,0.5432538910105471,0.5878345101571513,0.5898073365522455,0.8211279474109526,0.8040409819655091,1.0165228595610372,0.9993137328698538,1.6605390671738465,0.16792713576291124,0.5221566998348541,1.5699275618609825,1.3825743745973614e+18,5.115178619514976e+17,1.3825743745973615,0.5115178619514976,0.4214121979041756,0.2673461408666602,0.3251631980183306,0.09804401759334856,0.4970483634827796,0.0,0.0,0.0687952694861066,0.09524660223837807,0.002035439604889534,33.798727960705186,33.40429913874567,12.358753344040208,17,0.000981204726163114,32,3.7239038944244385,0.35385133569613475
S2,2,30,1,MG,hyb,sample,50000,10,1002,1e-18,1.0,2.0,7.07e-06,7155.777454379149,3.16e-11,5,0.001,0.35538171579239386,0.009256193699984568,0.34880423174268355,0.015842488784444515,0.31931837480656367,0.4889587988951127,0.47336470426426763,0.44801577351229316,0.43397617944746714,0.3814298596334172,0.37198792720220253,0.35538171579239386,0.34880423174268355,0.3589747353622376,0.35366884542378546,0.4214862173510384,0.4208070729522083,0.5304164592238092,0.5364622558970089,0.5906516943214514,0.5928040953422032,0.7790735396679881,0.762840463113431,0.98305658444079,0.9658432494618875,1.6605390671738465,0.13181671940928272,0.4705516107728963,2.0,1.9906234754655076e+18,6.32586148258666e+17,1.9906234754655079,0.6325861482586661,0.3062625519230978,0.1671892179346222,0.367874869042845,0.11545646356254902,0.5779745182257292,0.0,0.0,0.11558313257180493,0.10872283681578974,0.0020810604120286335,55.54049844191386,48.095338137902644,15.283877175586506,13,0.001,40,4.406455755233765,0.35385133569613475
S2,2,31,1,MG,hyb,sample,50000,10,1002,1e-18,1.0,1.785082588306181,7.07e-06,5260.400881566324,3.16e-11,4,0.001,0.4011603283196245,0.0097537801529938,0.40087139787785553,0.011952361561006809,0.3587051258620172,0.5076711553378005,0.5034628659697092,0.47578101294921504,0.47465143902366275,0.4215262388732162,0.42192139813571644,0.4011603283196245,0.40087139787785553,0.4066649257016362,0.40656921581440386,0.4630507974433842,0.4681064292963371,0.5301128745921416,0.538352825259989,0.5882860344172057,0.5853945784599623,0.8440357289904943,0.8258660257346602,0.9913263885191522,0.9749386894431611,1.6605390671738465,0.14768697008507625,0.4943512277169445,1.785082588306181,1.5297890826172086e+18,5.241940992448629e+17,1.5297890826172087,0.5241940992448629,0.36753729114134076,0.22144066248816147,0.32919139353051546,0.10284573193637865,0.5149268348351567,0.0,0.0,0.08676526091966529,0.09859515510784116,0.002036384445886625,42.60750522570821,36.96114514621648,12.665023176811133,15,0.0009917125490589893,36,4.126628160476685,0.35385133569613475
S2,2,32,1,MG,hyb,sample,50000,10,1002,1e-18,1.0,2.0,7.07e-06,12728.943469059952,3.16e-11,5,0.001,0.35659113693859973,0.012032986769402669,0.3544796078048103,0.010982519631519808,0.3126564167369587,0.5030578669314087,0.4727332421402449,0.46655957743383036,0.44012937928028595,0.39181740983906943,0.3783940895513947,0.35659113693859973,0.3544796078048103,0.35666799998618665,0.35906951380122687,0.4033700537925585,0.4055752144229551,0.5501902226254094,0.5555135100331848,0.6396054195107841,0.645320187155436,0.7660881906454292,0.7550500204968639,0.95285928437212,0.9389188028435154,1.6605390671738465,0.13181671940928272,0.4705516107728963,2.0,3.540755788912269e+18,1.1201290860348803e+18,3.540755788912269,1.1201290860348805,0.23583469671420473,0.11011382757489677,0.4960298000241864,0.1358469858590531,0.7236080484383385,0.0,0.0,0.14579594675661975,0.1269285751394765,0.0021465212572820847,67.92196735159563,85.54799490227481,27.06337376954183,13,0.001,40,3.260478973388672,0.35385133569613475
S2,2,33,1,MG,hyb,sample,50000,10,1002,1e-18,1.0,2.0,7.07e-06,16340.084121905233,3.16e-11,3,0.001,0.4027983223829869,0.011249664477012375,0.39630600296693447,0.017008619110700653,0.36423518755712764,0.4679099957368466,0.459817474394006,0.45749394758698597,0.449579728534163,0.42373071673497814,0.4168129157009794,0.4027983223829869,0.39630600296693447,0.4117205736109241,0.404729239101884,0.467133071347326,0.46262349883773524,0.593063620561905,0.5985170997186392,0.6673401456839632,0.6647638390995276,0.83884646156405,0.8246195774615022,0.9289719100194279,0.9167300080529854,1.6605390671738465,0.13181671940928272,0.4705516107728963,2.0,4.54516617245928e+18,1.4360332091084767e+18,4.545166172459281,1.4360332091084769,0.20525171747678542,0.0901686233468185,0.5519197161748921,0.1402590253869461,0.7774264791980777,0.0,0.0,0.15499479517603418,0.13059677180121643,0.002129565939021436,72.78234138514459,109.81549582412407,34.69591493347502,13,0.001,40,2.8153610229492188,0.35385133569613475
S2,2,34,1,MG,hyb,sample,50000,10,1002,1e-18,1.0,2.0,7.07e-06,8401.182745537912,3.16e-11,5,0.001,0.35116159366545996,0.007529264167609816,0.3547668017255957,0.0187287182392129,0.30942218279582223,0.48295469525711826,0.4869092297563153,0.44334808206031784,0.4489598166821659,0.3772481120962093,0.383299684150006,0.35116159366545996,0.3547668017255957,0.3537795418725222,0.35670711464845406,0.41194774328960726,0.4152587388398709,0.5366250488647327,0.543720467095047,0.6024585784112826,0.6062456677512327,0.7708854555225794,0.7562562956667007,0.9732840155723593,0.9569956415906935,1.6605390671738465,0.13181671940928272,0.4705516107728963,2.0,2.337023166427045e+18,7.415347338156247e+17,2.3370231664270453,0.7415347338156248,0.2871030880357593,0.14983414110827126,0.4027931441851305,0.1223221548826321,0.6207368619028273,0.0,0.0,0.12476511554892795,0.11495559500641041,0.0021137246835958995,59.026190363011565,56.46468094582071,17.916177621446963,13,0.001,40,4.15586519241333,0.35116159366545996
S2,2,35,1,MG,hyb,sample,50000,10,1002,1e-18,1.0,0.5,7.07e-06,13447.878062764503,3.16e-11,5,0.001,0.5855494883385094,0.026497280641793644,0.6003646324851608,0.03387550783168429,0.5458838319984237,0.8128067872258733,0.8048911349012549,0.730263604982099,0.7206810670523596,0.6285687098615674,0.6260042085750855,0.5855494883385094,0.6003646324851608,0.6000852245241057,0.6196114093963551,0.6810680830799971,0.6968472451094395,0.7416241067525824,0.7575576932721378,0.7864090496853635,0.7914810466332279,0.9213578470586572,0.9142742215879165,0.9906293686104805,0.9833910100917208,1.6605390671738465,0.5272668776371309,0.7914984825837854,0.5,8.277013556722717e+18,4.737860203106957e+18,8.277013556722718,4.737860203106958,0.3485619951000257,0.2155866203893463,0.8099006996444363,0.06333339311221002,0.886848441705868,0.67528,0.0,0.014721375849152092,0.06308722938460568,0.0017213394841803775,8.55227918980882,199.98044365948758,114.47116510331217,53,0.001,10,0.2522139549255371,0.35116159366545996
S2,2,36,1,MG,hyb,sample,50000,10,1002,1e-18,1.0,1.510929929561383,7.07e-06,14166.919547865416,3.16e-11,5,0.001,0.3831261308794312,0.013779937843303626,0.3846891104552106,0.026169247533647255,0.3317511937828979,0.5256499182762456,0.518348351997328,0.4870722274334531,0.4825220253559264,0.41484500516206807,0.41526605190202137,0.3831261308794312,0.3846891104552106,0.3858555243224767,0.390342050772135,0.43963337710174477,0.4462599361617527,0.5945991379108057,0.6032364976134336,0.687326621315482,0.6958085526054826,0.7954979852316083,0.7870735870551109,0.9576660435475499,0.94558801697587,1.6605390671738465,0.17448422568152924,0.5306274271548121,1.510929929561383,4.4160072064055035e+18,1.647641601488146e+18,4.416007206405504,1.647641601488146,0.24997494385897553,0.12220147342269512,0.5891656848209609,0.12968599325625882,0.7802846749194038,0.0,0.0,0.10433994778022208,0.12497623490947174,0.0021197088887244743,49.223715735328256,106.6948935492787,39.80857300756821,17,0.0009747935029428277,31,1.8916139602661133,0.35116159366545996
S2,2,37,1,MG,hyb,sample,50000,10,1002,1e-18,1.0,1.4171239544380607,7.07e-06,20000.0,3.16e-11,5,0.001,0.41089192203550573,0.008382918640492858,0.4093409740897858,0.022926375205314365,0.35726564469544775,0.561677126848197,0.5502833455166238,0.5250824396877001,0.514971786210053,0.4483624455976088,0.44247081748374456,0.41089192203550573,0.4093409740897858,0.41333968388745407,0.42089147421692064,0.4684610658381418,0.4819073093872401,0.6241224324193102,0.6342844875409537,0.7290456484352484,0.7382780922224044,0.8202229918119084,0.8130724313730244,0.955218154670684,0.9447545681081954,1.6605390671738465,0.18603414189205864,0.54497418397816,1.4171239544380607,6.429388390771043e+18,2.485413329554224e+18,6.429388390771044,2.4854133295542242,0.20245936622564245,0.09498151619217199,0.6781060597443732,0.12208459779310095,0.8454829354960185,0.09608,0.0,0.09860187760060356,0.11765832182916723,0.0020109605291415505,49.03222921172662,155.34007936971963,60.04992705584725,19,0.000977326865129697,29,1.1321940422058105,0.35116159366545996
S2,2,38,1,MG,hyb,sample,50000,10,1002,1e-18,1.0,1.8645297279172541,7.07e-06,8731.269543002321,3.16e-11,5,0.001,0.35432278871154954,0.011509211005183359,0.3591716822214948,0.019549014735237732,0.31883056512645236,0.4925998188846682,0.48846812189702227,0.45415272202036683,0.45091228368213276,0.3830445061071949,0.38414501424051395,0.35432278871154954,0.3591716822214948,0.35946581814197437,0.36744058880120717,0.4173461078703407,0.42392554654646863,0.5454443562128529,0.5531167183628263,0.6137066940292024,0.6183239658810985,0.7730312542033787,0.7594344315173007,0.9721251403360736,0.9564977639428361,1.6605390671738465,0.14139406568381901,0.4851424480977843,1.8645297279172541,2.493641284120947e+18,8.266506419387256e+17,2.4936412841209474,0.8266506419387257,0.293612941575301,0.15351555142416096,0.42828528952057504,0.12401296779403845,0.6416772409212127,0.0,0.0,0.11747713207207738,0.11763811427923558,0.0021341204039472543,55.04709661872521,60.24872218809963,19.97265813247775,14,0.0009813314357459233,38,3.9300999641418457,0.35116159366545996
S2,2,39,1,MG,hyb,sample,50000,10,1002,1e-18,1.0,1.0762484516133015,7.07e-06,20000.0,3.16e-11,1,0.001,0.49979989398398317,0.00855603853701061,0.510735641915996,0.020708833078631007,0.49028782767248985,0.51707258425705,0.5292627439752039,0.5144747737618754,0.5265284737579369,0.5051659408290343,0.5166089907135173,0.49979989398398317,0.510735641915996,0.5203856664943404,0.5319619377719158,0.6423029521254469,0.6528375591692575,0.7549445394830923,0.749426039122826,0.8869091812205546,0.8747766297451877,0.9244823062064498,0.913046357833245,0.9414252989539698,0.9316944482970084,1.6605390671738465,0.2449559285529077,0.6086901142401872,1.0762484516133015,7.384399763921449e+18,3.261844763018298e+18,7.38439976392145,3.2618447630182983,0.2180167362002141,0.11081932059387539,0.7362922100131204,0.1030046636385452,0.8677953699394648,0.3032,0.0,0.06306309726647231,0.10080151443126496,0.001907025610795269,33.068825562428444,178.41405367139933,78.80924181004428,24,0.0009784076832848195,22,0.6666429042816162,0.35116159366545996
S2,2,40,1,MG,hyb,sample,50000,10,1002,1e-18,1.0,1.225269398139259,7.07e-06,7364.142962015279,3.16e-11,5,0.001,0.3983246115666421,0.01717957897465211,0.3913512440753347,0.014667923331459661,0.35439051832173696,0.545331922805134,0.5304188326999798,0.4956717004118616,0.48277508585881507,0.42291553005858445,0.41467408490031826,0.3983246115666421,0.3913512440753347,0.4036673111296175,0.3996778043872414,0.47194184775340037,0.47428862382089887,0.5890333192584649,0.597561696118255,0.6506494699293475,0.6553639714298071,0.8083767915973435,0.7950894027293492,0.9887271488479247,0.9739074403182386,1.6605390671738465,0.21516365235182502,0.5782705918069959,1.225269398139259,2.5422045581338506e+18,1.0653486483603156e+18,2.542204558133851,1.0653486483603158,0.3951618758285635,0.23040652586027485,0.49330696256757983,0.11507150953153565,0.6684794637243581,0.0,0.0,0.0637563157796234,0.11303439249802079,0.0021732420775074086,29.336959945460126,61.422056630057824,25.739826797563932,22,0.0009802155185114072,25,2.1308820247650146,0.35116159366545996
S2,2,41,1,MG,hyb,sample,50000,10,1002,1e-18,1.0,1.8021638477918906,7.07e-06,13550.633980891758,3.16e-11,5,0.01,0.37349492412960084,0.007059725986109669,0.3747915010117352,0.013573648753957562,0.3584706343561989,0.5017223985633739,0.4987972660409311,0.4681966659255711,0.46494338740626506,0.40410789780661444,0.3976715868089711,0.3747226091128564,0.36864407915702097,0.37349492412960084,0.3747915010117352,0.4197668293737493,0.4246581102935042,0.5661084616337889,0.5733586246745068,0.6598351707045598,0.6668798041437369,0.7773700230295973,0.7676572713615425,0.9538818934338872,0.9405944709739609,1.6605390671738465,0.14628716425622648,0.4923275232386191,1.8021638477918906,3.9264120204061046e+18,1.3269313739955425e+18,3.9264120204061053,1.3269313739955426,0.23846363042274935,0.1126354232835425,0.5370534853189539,0.13429369918368417,0.7507881236821555,0.0,0.0,0.1307137230019244,0.12714669418420363,0.002143959983372989,60.96835949161645,94.86581270523615,32.05991183399625,15,0.000974142620428049,37,2.8902621269226074,0.35116159366545996
S2,2,42,1,MG,hyb,sample,50000,10,1002,1e-18,1.0,0.5003730925685969,7.07e-06,19618.935371381467,3.16e-11,1,0.001,0.674645343042332,0.011471812496043187,0.6974999897146613,0.014699914115635246,0.6628952431109186,0.7095192800258492,0.7320447861776721,0.7020122581176491,0.7250947394594995,0.6832002937553483,0.7072577533034525,0.674645343042332,0.6974999897146613,0.6861165603188528,0.7040411838304601,0.7253047364890509,0.7277294289291835,0.8689889791053673,0.859204324615128,0.9542007001265034,0.9469144851942921,0.9680320187014864,0.9616336518456267,0.976542141634733,0.9703513067051922,1.6605390671738465,0.5268737322889191,0.7913287622042068,0.5003730925685969,1.2066054896166902e+19,6.895132847325541e+18,12.066054896166904,6.895132847325542,0.2531317434584777,0.15295425883034508,0.8598012928628652,0.05138267734830483,0.9204808657809844,0.87744,0.19356,0.013782354319105395,0.0511196651406168,0.0015218845241647143,9.056110434311588,291.5272513230734,166.5929041253425,53,0.0009097692592156307,11,0.2527430057525635,0.35116159366545996
S2,2,43,1,MG,hyb,sample,50000,10,1002,1e-18,1.0,0.8892309721574453,7.07e-06,8007.766102319175,3.16e-11,1,0.001,0.5381041069533258,0.009054880443169136,0.5426332542053514,0.014951101440490468,0.5301579121052755,0.5638908818658377,0.5593787368711988,0.559350476910823,0.5560064230093135,0.545386157126212,0.546066486483786,0.5381041069533258,0.5426332542053514,0.5487517316955505,0.5585402247001765,0.5918578185099367,0.6004422211892612,0.7036417443367655,0.6946038760915657,0.8872076910583108,0.8734636398565556,0.9295195980085081,0.9161903177527302,0.9597827951167656,0.9489988124197346,1.6605390671738465,0.2964735227102358,0.6543656232628724,0.8892309721574453,3.3040158678636073e+18,1.5935079999755597e+18,3.304015867863608,1.59350799997556,0.43360854002666327,0.2612832414986141,0.5919828358868638,0.10535659972840823,0.7388549066649189,0.0,0.0,0.040182805207488265,0.1044290150968494,0.0021456572944607544,18.727503833545324,79.82813542412156,38.50065420651947,30,0.0009880344135082726,18,0.9232261180877686,0.35116159366545996
S2,2,44,1,MG,hyb,sample,50000,10,1002,1e-18,1.0,1.8827408225895956,7.07e-06,5582.408184703182,3.16e-11,5,0.001,0.3610400842475908,0.013108549305464503,0.3730133861082371,0.0172596545241386,0.32527231758303965,0.4933522993006932,0.49186975514383136,0.44897076269277447,0.4536770339664362,0.38345547361376053,0.3955752427119565,0.3610400842475908,0.3730133861082371,0.3680786619430619,0.3786098804004188,0.4340040268720967,0.4421069206407246,0.5247135648242764,0.5329824662250036,0.5808718932244606,0.5825579555545995,0.798358749327253,0.781567780762878,0.9996966838727394,0.9827164140198883,1.6605390671738465,0.14002641025011273,0.48310248768808384,1.8827408225895956,1.5890484409177336e+18,5.2634533528745856e+17,1.589048440917734,0.5263453352874586,0.34798190149749814,0.20514894341910966,0.32950582301827425,0.1047739194410305,0.521231291103237,0.0,0.0,0.09504527372762467,0.09975809742423215,0.002034306229284489,46.72122238010067,38.39290705921833,12.71699906585207,14,0.0009909162224155767,38,4.297108888626099,0.35116159366545996
S2,2,45,1,MG,hyb,sample,50000,10,1002,1e-18,1.0,1.991893316216696,7.07e-06,17916.912411798217,3.16e-11,5,0.001,0.37198137601991565,0.006871566010066792,0.36020104959956867,0.018671853084691537,0.32021987722789075,0.4939857927184562,0.4713614017383268,0.4690776165871072,0.44724391411193853,0.4082080470717709,0.38967144968335565,0.37198137601991565,0.36020104959956867,0.3733722931059549,0.36908433727207857,0.4201413989854469,0.42158629721767216,0.561719480760449,0.5659819515384984,0.674427571980622,0.681622763015366,0.7770940441329922,0.76908232688659,0.942440470532213,0.9303534016683319,1.6605390671738465,0.13235319214750807,0.4713882655914942,1.991893316216696,4.99033798278262e+18,1.5798703309931407e+18,4.99033798278262,1.579870330993141,0.19459695828033238,0.08380744469041383,0.5730635348522746,0.14102638212306623,0.7957660437250164,0.0,0.0,0.15677270818950773,0.13124128519367365,0.0021161474146975954,74.08402037620384,120.57126606940182,38.17115527856734,13,0.0009959466581083481,40,2.513883352279663,0.35116159366545996
S2,2,46,1,MG,hyb,sample,50000,10,1002,1e-18,1.0,1.6455326342259984,7.07e-06,19912.533836162962,3.16e-11,1,0.001,0.4622639863870862,0.007217689129243918,0.45580704586947923,0.00978607529291125,0.4477661285957334,0.4779662398779795,0.4732015139589162,0.4762349387987171,0.4712664934958123,0.4686583440077544,0.4627453726446905,0.4622639863870862,0.45580704586947923,0.47092484682836133,0.4640001209511774,0.5814697654781709,0.5799980711840889,0.7304267810678139,0.7262904420485711,0.8524115208647585,0.839671760406801,0.8921235047035188,0.879059181157807,0.9170127207531692,0.9065731727400994,1.6605390671738465,0.16021161375664209,0.5118650997333609,1.6455326342259984,5.983890111113977e+18,2.1273511567365222e+18,5.983890111113977,2.1273511567365224,0.19431970895179163,0.0870153964192539,0.6421703889241581,0.1319039519452177,0.8318608749459908,0.03292,0.0,0.1233370616138229,0.12554489255307036,0.002056324646109439,59.97937234627631,144.57642131783717,51.3988077013785,16,0.000997292505591514,33,1.4510629177093506,0.35116159366545996
S2,2,47,1,MG,hyb,sample,50000,10,1002,1e-18,1.0,1.9918723260049396,7.07e-06,9258.7568770294,3.16e-11,5,0.01,0.35892106491951586,0.010811090241600797,0.3522616256771064,0.011158285224139421,0.34668026844548494,0.5031857958809784,0.4872777076418644,0.46562310942977836,0.45100786325967085,0.39454886065221517,0.38304947875163137,0.359510447786615,0.3503317270546097,0.35892106491951586,0.3522616256771064,0.4110555902303166,0.4081888943338104,0.5407526528846459,0.546268365791171,0.6109666907646718,0.6149912892025634,0.7678608623683834,0.7540926054592049,0.9679225023020459,0.9521773200918906,1.6605390671738465,0.13235458687622315,0.4713904376485817,1.9918723260049396,2.578965515070845e+18,8.19622137225427e+17,2.5789655150708453,0.8196221372254271,0.2759035512413831,0.1402752296617177,0.4252559516355282,0.12613446054826288,0.646493216519282,0.0,0.0,0.12958081140964584,0.11845999292120367,0.002128867056430952,60.86843751854013,62.31023597484535,19.802842838447376,13,0.0009959361630024698,40,4.076879978179932,0.35116159366545996
S2,2,48,1,MG,hyb,sample,50000,10,1002,1e-18,1.0,1.7839451655260405,7.07e-06,9117.169718567517,3.16e-11,5,0.001,0.356812625520433,0.014145174638545525,0.3592052919691756,0.01730963699561841,0.31628739239433695,0.497911753484388,0.49334939067213207,0.45823756411566974,0.45697852520626653,0.38565791260432697,0.38998851260734296,0.356812625520433,0.3592052919691756,0.35995873451526533,0.3600461103314424,0.41638061973212037,0.41719516060564193,0.5517424645185607,0.557919986567764,0.6232602767476572,0.6276093353475177,0.7757774923780479,0.7623983628425639,0.9712761526770984,0.955874186215168,1.6605390671738465,0.14778113358704417,0.4944868630607321,1.7839451655260405,2.651713249146631e+18,9.0361784102775e+17,2.6517132491466313,0.9036178410277501,0.2944684243839651,0.15350475462651486,0.44936841420314144,0.12511177996112144,0.6597784141696642,0.0,0.0,0.11347094093037416,0.11924389940467288,0.0021464483096910194,52.86451130365597,64.06788975129494,21.83225815796637,15,0.000991080647514467,36,3.4183950424194336,0.35116159366545996
S2,2,49,1,MG,hyb,sample,50000,10,1002,1e-18,1.0,1.2182960194635741,7.07e-06,12389.926418081566,3.16e-11,4,0.001,0.40413177594767385,0.01684804585611647,0.4113632230807706,0.022368798265019262,0.3751407759170059,0.5102641053456682,0.493127228463198,0.4844874729333416,0.47069513775141997,0.4306328685475126,0.4268546001524694,0.40413177594767385,0.4113632230807706,0.4081872018900687,0.42102429299265287,0.4838168734899856,0.4953591398398678,0.6325129494216826,0.6446718562416596,0.6961904244300678,0.7013719108542478,0.8423221033090897,0.8301157292516711,0.9642502097343291,0.9520585765622431,1.6605390671738465,0.21639522300552655,0.5795960253664141,1.2182960194635741,4.2883955595222533e+18,1.7944641260477606e+18,4.288395559522254,1.794464126047761,0.2937302236929583,0.15521126655663928,0.6130499393774403,0.11878644431972563,0.7806769691040413,0.0,0.0,0.07385553603067233,0.1161796140047129,0.0021101446194672397,35.00022479469633,103.61167596301503,43.355943493241725,22,0.0009746368155708593,25,1.2515990734100342,0.35116159366545996
S2,2,50,1,MG,hyb,sample,50000,10,1002,1e-18,1.0,1.9948756471294835,7.07e-06,11436.93952433743,3.16e-11,5,0.01,0.3577873246972246,0.006845187823002066,0.3592179219549703,0.017945941339049705,0.347172129650121,0.49146801402692003,0.4888997411384045,0.456389497603552,0.4567476021778596,0.3920935454990031,0.39404813531029714,0.3614983226117793,0.3595794163712459,0.3577873246972246,0.3592179219549703,0.4038158005933524,0.40730940201477284,0.5478364479307032,0.5540445073164879,0.6299616312519283,0.6351628758019957,0.7652794964811971,0.7534782591133883,0.9572507702300129,0.9429340549247616,1.6605390671738465,0.13215532466794083,0.4710799578848878,1.9948756471294835,3.184046134468044e+18,1.0094851734002655e+18,3.184046134468044,1.0094851734002657,0.24945910806351926,0.11980852096580177,0.47243933706368546,0.13305406170139727,0.6989528192749023,0.0,0.0,0.1405386786155302,0.12456040027734576,0.002145583624474082,65.50137548238352,76.92955366564794,24.39011262465458,13,0.0009974378235647417,40,3.5400161743164062,0.35116159366545996
S2,2,51,1,MG,hyb,sample,50000,10,1002,1e-18,1.0,1.9977518361060969,7.07e-06,6127.586142371241,3.16e-11,5,0.001,0.3609521586115763,0.01579894611845839,0.3543658161715722,0.014498684264479474,0.3236224996652856,0.4990080954952091,0.4767061394295042,0.4554267677270719,0.4373318376793205,0.38581481715758814,0.3754714176857809,0.3609521586115763,0.3543658161715722,0.36720687410271513,0.36369441962845395,0.4310314878789484,0.43127763645841855,0.5245182601663078,0.5303213190221141,0.5808733248629921,0.5817780587947962,0.7896961849535488,0.7727772855125368,0.9928090391705029,0.9755847614082548,1.6605390671738465,0.13196505894967644,0.4707831907564174,1.9977518361060969,1.705262341385081e+18,5.432016491987093e+17,1.7052623413850814,0.5432016491987094,0.3243663417055516,0.185032950707573,0.3354413913312974,0.10823916165717858,0.5360554427344508,0.0,0.0,0.1064125777498784,0.10212434878477497,0.002040112250896943,52.16015819869407,41.20074435652267,13.124263486930321,13,0.0009988759180530485,40,4.4827399253845215,0.35116159366545996
S2,2,52,1,MG,hyb,sample,50000,10,1002,1e-18,1.0,1.3277497138797614,7.07e-06,259.71787289261374,3.16e-11,1,0.0001,0.6720917248451439,0.018517325047245806,0.6452451430657222,0.01576041874674746,0.6535257233912564,0.703107288127091,0.6717267808390802,0.6836922545602231,0.6546391393851193,0.6720917248451439,0.6452451430657222,0.6815362426840512,0.6563050465213567,0.7805674263317923,0.7577404088618626,0.8858993892863248,0.863556989448103,0.9194857812985662,0.9045533754388625,0.9692503106344862,0.9636539187284704,1.0462355197531799,1.0386249334232158,1.7751844505317222,1.7376725045088417,1.6605390671738465,0.19855657739003632,0.5597649945790015,1.3277497138797614,8.689202896586374e+16,4.423287259386938e+16,0.08689202896586376,0.044232872593869384,0.721250990785576,0.6929427890696684,0.042297166835535534,0.007897577014944101,0.05870814263114575,0.0,0.0,0.006499049843832712,0.007587947286146864,0.0008955925211421548,7.256704014839731,2.0993932635223063,1.0687078648640085,20,0.000983518306577601,27,1.3834638595581055,0.35116159366545996
S2,2,53,1,MG,hyb,sample,50000,10,1002,1e-18,1.0,1.9816185106152577,7.07e-06,13523.718038925741,3.16e-11,4,0.001,0.37293024241960626,0.007713523930583737,0.3683947594173772,0.016346239233546653,0.33350103451618807,0.46182893508996303,0.46299467729231203,0.44440702769247975,0.44516535985634853,0.3985841703436441,0.3965376972444173,0.37293024241960626,0.3683947594173772,0.3762623965750215,0.3750318176618317,0.4288931299351043,0.42825293455024716,0.5723158455307547,0.5781821501048103,0.6435894960309332,0.6465906549270055,0.7969122892284017,0.7833683465602486,0.9445885482617291,0.9311205496862103,1.6605390671738465,0.1330394510377842,0.4724550724347151,1.9816185106152577,3.773155499640454e+18,1.1998090596966492e+18,3.773155499640455,1.1998090596966493,0.22940081857857597,0.1057241900141304,0.5117611860312341,0.13714197633707192,0.7383757849950464,0.0,0.0,0.14683284069076655,0.12821824336333418,0.0021448442110140182,68.4585108497686,91.16299081103601,28.988516983873602,13,0.0009908092553076288,40,3.209689140319824,0.35116159366545996
S2,2,54,1,MG,hyb,sample,50000,10,1002,1e-18,1.0,1.9937378475219891,7.07e-06,9070.131499039839,3.16e-11,1,0.001,0.4448535506319648,0.007790804486120259,0.452170976217708,0.009349078297023222,0.43425960291695703,0.464061055418916,0.46965866641014087,0.4612936927661013,0.46742540504713864,0.45113720370059174,0.4591160262097483,0.4448535506319648,0.452170976217708,0.45707028369664926,0.461156007594016,0.5380964826956648,0.5418171861343288,0.6672449391119228,0.6571943837725543,0.8271310659279612,0.8093458195472183,0.8654268432596744,0.8476096924915406,0.9460720593601073,0.9332445316643639,1.6605390671738465,0.13223074394972972,0.47119751062251725,1.9937378475219891,2.525659692989521e+18,8.023675036294249e+17,2.5256596929895214,0.802367503629425,0.27828423133732405,0.14226286681389502,0.42046017282772863,0.12535624782650032,0.6410868110216776,0.0,0.0,0.12859290845543847,0.1177446893040843,0.0021260178271757975,60.48533874537699,61.02231710454235,19.38595463860774,13,0.0009968689237609945,40,3.944087028503418,0.35116159366545996
S2,2,55,1,MG,hyb,sample,50000,10,1002,1e-18,1.0,1.9939689876757423,7.07e-06,15887.559442722644,3.16e-11,1,0.001,0.44683739899799557,0.005610709994283343,0.4479519962794356,0.011302902168420293,0.43004864121219233,0.468645285085114,0.46598169366030096,0.46629977779733,0.46393308250226273,0.4558100333803338,0.4549537512243916,0.44683739899799557,0.4479519962794356,0.4542583813341742,0.45401224889087644,0.5521647638215806,0.5511510802934326,0.7035939533433562,0.6960948224705419,0.8331742070799008,0.8176595599830467,0.8717479531716263,0.8560754575687344,0.9106678235721034,0.8987777173862298,1.6605390671738465,0.13221541581038737,0.4711736231132951,1.9939689876757423,4.4236396379230587e+18,1.4003336673622766e+18,4.423639637923059,1.4003336673622768,0.20893441619838152,0.09246785313039484,0.5463784677099439,0.13987582507578614,0.7720936606880378,0.0,0.0,0.15360993753035074,0.1303529904766539,0.002132583336343612,72.02998115596283,106.8793002837393,33.83338037944533,13,0.0009969844938378712,40,2.7512869834899902,0.35116159366545996
S2,2,56,1,MG,hyb,sample,50000,10,1002,1e-18,1.0,1.9903782552909925,7.07e-06,11661.888883680398,3.16e-11,2,0.001,0.4301664030545858,0.00975664220402663,0.42777964146397063,0.007950377223347132,0.4072734793017975,0.4695492722479878,0.47170995815393796,0.463873059193321,0.4659047106868231,0.4435534841656052,0.44396789652881974,0.4301664030545858,0.42777964146397063,0.43706757751026765,0.43426616462239603,0.4865247078606238,0.4886835635765734,0.5706451428645356,0.5739128251928429,0.7083458234564427,0.6952403181014268,0.8702030857955902,0.8536981462298409,0.9194783232210835,0.9062317077454894,1.6605390671738465,0.13245393839977535,0.4715451199375715,1.9903782552909925,3.249057407156154e+18,1.0313506505041249e+18,3.249057407156154,1.031350650504125,0.24733153000477803,0.11824200433706268,0.4773462901651808,0.13360189575804507,0.7038704693306731,0.0,0.0,0.1411138058089507,0.12508357737276268,0.0021462778413614764,65.74815389205907,78.50028724798896,24.91840314660312,13,0.0009951891276454962,40,3.4999728202819824,0.35116159366545996
S2,2,57,1,MG,hyb,sample,50000,10,1002,1e-18,1.0,1.285991978154503,7.07e-06,3555.2862254168035,3.16e-11,4,0.001,0.42698749726675445,0.019001099726485227,0.4331957113908992,0.0282912119580852,0.3994274215225633,0.5283324951881195,0.5320639943584344,0.4919361366448398,0.4970488014279789,0.4428555123782131,0.4466830680939604,0.42698749726675445,0.4331957113908992,0.43654404043137685,0.44674552463899364,0.4901933275899465,0.5005641423834014,0.5414220653379863,0.5516990516648219,0.6100627896692845,0.6070884193463124,0.8859450896301977,0.8678393930390195,1.0210817068680786,1.0045588275337418,1.6605390671738465,0.20500395282161837,0.5670930267552754,1.285991978154503,1.198398645796609e+18,4.954404377396991e+17,1.1983986457966092,0.49544043773969915,0.5199871607342242,0.35371647847137283,0.32003503109276454,0.09073446603132428,0.47380991509189546,0.0,0.0,0.04723579971370819,0.08929814946065343,0.0020353057307453707,23.208208477067213,28.954440055578075,11.970307631737871,21,0.000989224598580387,26,3.04561710357666,0.35116159366545996
S2,2,58,1,MG,hyb,sample,50000,10,1002,1e-18,1.0,1.994955546723335,7.07e-06,4227.410464417184,3.16e-11,3,0.001,0.429154353559849,0.011973604455459549,0.4322886641875853,0.010445001675374089,0.4074281540216975,0.5026090569082244,0.5041394462001112,0.48129169978368297,0.4825354263799061,0.44384040781024386,0.44431959809510435,0.429154353559849,0.4322886641875853,0.43520717811548826,0.44026178845747194,0.46885476480067256,0.4761799269405086,0.5001136271140857,0.5045562837506481,0.6454304220100113,0.633010099159313,0.8835163390712907,0.8630792357044361,0.9957986102019403,0.9798809945274132,1.6605390671738465,0.1321500317395928,0.47107170626991524,1.994955546723335,1.1770863792618e+18,3.772874108397074e+17,1.1770863792618,0.37728741083970746,0.36395039861010636,0.23024548173681567,0.2634913448930695,0.08961619108202445,0.4364181575315616,0.0,0.0,0.08505357690400196,0.0848541962234686,0.0019088598336781924,44.55726680576214,28.439515622047495,9.11561921335532,13,0.0009974777733616675,40,4.082005977630615,0.35116159366545996
S2,2,59,1,MG,hyb,sample,50000,10,1002,1e-18,1.0,0.5003034652049958,7.07e-06,3760.0182488437963,3.16e-11,5,0.001,0.5816696212058268,0.013418907319659666,0.5916296538824108,0.027364489049002395,0.5396284889335462,0.7786572322672815,0.7694896668230077,0.6836264634305226,0.6840235799211409,0.6047862148699916,0.6119368219193124,0.5816696212058268,0.5916296538824108,0.582134225804874,0.5953104432991705,0.6143583057885078,0.6290756039996699,0.6528841441391127,0.668712845739788,0.7025738058336998,0.7076076002555857,0.8965349306482722,0.885752891009974,1.0238335563076058,1.0119641929610084,1.6605390671738465,0.5269470574435128,0.7913604289825825,0.5003034652049958,2.317486562376225e+18,1.3429938542227343e+18,2.317486562376225,1.3429938542227344,0.853090959611274,0.6025003682397778,0.5583791682018987,0.0863946208794006,0.6798995746283136,0.0,0.0,0.014354040725262491,0.0862314852633044,0.0021865193864890964,6.564790055811413,55.99265819040195,32.44799648555473,53,0.0009096426640090833,11,0.8827638626098633,0.35116159366545996
S2,2,60,1,MG,hyb,sample,50000,10,1002,1e-18,1.0,1.6572112066976263,7.07e-06,14894.082264379758,3.16e-11,4,0.001,0.3901455207557219,0.010671391354157813,0.3901967487813761,0.014845470880582993,0.35269739387064564,0.4893042671175987,0.5025204628837516,0.46833149950557684,0.4809083577139647,0.41671684392408104,0.42218070481888503,0.3901455207557219,0.3901967487813761,0.3960380945639937,0.3996227053844933,0.4505838560408931,0.4537808797819582,0.6021172641697745,0.6099766911847035,0.6781231636280318,0.6828506841240747,0.8145418823957064,0.8023872034548063,0.9493988144802683,0.9370830240881294,1.6605390671738465,0.15908258268655784,0.5103283744422678,1.6572112066976263,4.4635739314196014e+18,1.582881372122642e+18,4.463573931419602,1.582881372122642,0.23362411991632615,0.11044481048207166,0.5784199131917642,0.13282876749744374,0.7796972356042602,0.0,0.0,0.11971744650806546,0.12680599179357585,0.0021240166150827767,56.36370528269143,107.84415042877505,38.243904868359365,16,0.000974830121586839,34,2.1707589626312256,0.35116159366545996
S2,2,61,1,MG,hyb,sample,50000,10,1002,1e-18,1.0,1.2011814999082397,7.07e-06,19912.25845356223,3.16e-11,3,0.001,0.44415675074028177,0.015715579086404474,0.45740299792845934,0.01719623805722203,0.4146545373210387,0.515431961682816,0.5256296616803517,0.5029523052179752,0.5137534189729446,0.46611172370069376,0.4789381708437347,0.44415675074028177,0.45740299792845934,0.45188909688322554,0.46408959902717273,0.5295511682140867,0.5373802648019279,0.6830827019655332,0.6947322603895449,0.7510442484074611,0.7499355949083933,0.8916413657327891,0.8801407262533238,0.9520934357714127,0.9421799367052236,1.6605390671738465,0.2194784375539457,0.5828871192234629,1.2011814999082397,6.939323453292888e+18,2.9151143828051937e+18,6.939323453292889,2.915114382805194,0.2126409532208022,0.10485952099393034,0.7131188672754019,0.11090147549214067,0.858447552299295,0.1972,0.0,0.07601496282257532,0.10798121381465245,0.001953444150527477,38.913302334264046,167.66059078869873,70.43190923833176,22,0.0009609451999265918,25,0.8442068099975586,0.35116159366545996
S2,2,62,1,MG,hyb,sample,50000,10,1002,1e-18,1.0,1.9964318462254043,7.07e-06,8070.838519035959,3.16e-11,5,0.001,0.34962684512412295,0.007417028518068501,0.3538748644504076,0.011472297582266915,0.31732881679871217,0.4883619848077408,0.4736479104577528,0.44543435097544054,0.43731704646343006,0.37580080772730645,0.37818579307499234,0.34962684512412295,0.3538748644504076,0.35220294045064066,0.35931923555369055,0.41276431851139667,0.42019253000692797,0.5350028456697846,0.5420265121294209,0.5995871667536286,0.6023840455686985,0.7726652261052507,0.7574678507560264,0.9756560076179044,0.9591280979383854,1.6605390671738465,0.13205231088504701,0.47091931909765616,1.9964318462254043,2.2464404723657485e+18,7.13808454168555e+17,2.246440472365749,0.7138084541685551,0.2922693207253406,0.1542901023495983,0.3943563182663848,0.1207045480547467,0.610427995121798,0.0,0.0,0.12227697383527387,0.1135261826722391,0.002106943407893024,58.035243555759635,54.276117737350845,17.24628458975747,13,0.0009982159231127022,40,4.226877927780151,0.34962684512412295
S2,2,63,1,MG,hyb,sample,50000,10,1002,1e-18,1.0,1.6705005748627042,7.07e-06,5211.05049056939,3.16e-11,1,0.001,0.4579066707818994,0.003877005350564131,0.4649090971604403,0.009674081124901052,0.45356195655711656,0.4752111929091547,0.4823316529402648,0.47167460250353666,0.47893535087666345,0.46196625674752345,0.46897114072445606,0.4579066707818994,0.4649090971604403,0.47196325371589476,0.48022348457013975,0.5133215944071682,0.5167064817915725,0.6727922914046173,0.6590917402117403,0.8457892246592511,0.8266924729132891,0.8819532966745637,0.863066636062977,1.0170298576523926,1.003311721930773,1.6605390671738465,0.15781702968897993,0.5085962241776781,1.6705005748627042,1.5571510110489774e+18,5.5489211121199744e+17,1.5571510110489777,0.5548921112119976,0.3849932457681175,0.2340976180633089,0.3417617544097584,0.10358731250954611,0.5243875601059381,0.0,0.0,0.08010675183493055,0.09999203855587233,0.0020572551912230084,38.93865582485576,37.622235109361455,13.406716060431654,16,0.0009826473969780612,34,3.896517038345337,0.34962684512412295
S2,2,64,1,MG,hyb,sample,50000,10,1002,1e-18,1.0,1.5821126405817305,7.07e-06,8556.947580402799,3.16e-11,5,0.001,0.3635829020194863,0.014525773641602147,0.36619218385847174,0.017498372856626417,0.32613817120562694,0.504613458638919,0.4901638126242278,0.4636619619882477,0.4508309962420792,0.3920003384716241,0.3877061614658489,0.3635829020194863,0.36619218385847174,0.3686249436557034,0.37278249519057144,0.43365395300601356,0.4377645479849481,0.5652663931691932,0.5733101752399488,0.6331659404224161,0.6382023388499064,0.7856210014160717,0.7725636548205437,0.976895322140438,0.9616732106303509,1.6605390671738465,0.16663379841376494,0.5204565485365553,1.5821126405817305,2.617422619471647e+18,9.57185250369882e+17,2.6174226194716477,0.9571852503698821,0.3229465618915313,0.17472833950601205,0.4645364832028695,0.12236660189587249,0.6628496726290147,0.0,0.0,0.09520364521148506,0.1181335245884237,0.0021571923731742216,44.13312711253319,63.239395839961816,23.12649722287984,17,0.0009888204003635815,32,2.9310390949249268,0.34962684512412295
S2,2,65,1,MG,hyb,sample,50000,10,1002,1e-18,1.0,1.9984116649906882,7.07e-06,7538.35930844031,3.16e-11,5,0.001,0.35077396135394645,0.012857265883222582,0.3635942695561496,0.017896327037548985,0.3102755377782901,0.47054610510057576,0.48543695661620756,0.43416935546956426,0.45124217074002704,0.37522669333900244,0.3937611395759003,0.35077396135394645,0.3635942695561496,0.35512525926321115,0.36128408371528103,0.416788782704543,0.42100647519455336,0.5320809028290492,0.5390023132778301,0.5940782085167715,0.5968540560197783,0.7757357730786892,0.7603708556658165,0.9796222743217946,0.9631133410172328,1.6605390671738465,0.13192148716755708,0.4707151876051058,1.9984116649906882,2.0975764209320492e+18,6.665418801688247e+17,2.0975764209320493,0.6665418801688248,0.30026092071762983,0.16154481160578227,0.37926703429683434,0.11777893038942763,0.5921034354402658,0.0,0.0,0.11849937494166067,0.11085298469757485,0.002093016012602741,56.61656395753152,50.67942203948281,16.10427964148084,13,0.0009992058324953441,40,4.285168886184692,0.34962684512412295
S2,2,66,1,MG,hyb,sample,50000,10,1002,1e-18,1.0,1.990764270002968,7.07e-06,16430.786283812857,3.16e-11,5,0.01,0.3683299304629911,0.004408038863433372,0.3703609729715396,0.009127932411675602,0.357522555215111,0.507233173928347,0.4965886832461738,0.47534510419541276,0.46440885880694216,0.4049382103980035,0.39772089089095247,0.3690870249276027,0.36565284490666733,0.3683299304629911,0.3703609729715396,0.41195810107157865,0.41845407325342643,0.5580336000766815,0.5641253745668628,0.6655815941191545,0.6724795829913656,0.7733405382312619,0.7646188352789107,0.9444212038702446,0.9319945613928882,1.6605390671738465,0.1324282552138493,0.4715051410644133,1.990764270002968,4.577282353815749e+18,1.4501329650768968e+18,4.577282353815749,1.450132965076897,0.2050172996581559,0.09006530644083843,0.554182032030583,0.1402521795814724,0.7789841772182774,0.0,0.0,0.15435741719739393,0.13067907236584497,0.0021284791615828066,72.52005092810433,110.59145301596638,35.03657831824922,13,0.000995382135001484,40,2.8016340732574463,0.34962684512412295
S2,2,67,1,MG,hyb,sample,50000,10,1002,1e-18,1.0,1.2724693685611934,7.07e-06,9576.484203628672,3.16e-11,4,0.001,0.39513489683589986,0.011196243326375768,0.39982710944804856,0.02188053727545705,0.359983800181365,0.4996955349659067,0.4785303661848648,0.4729935679455005,0.45669360408387416,0.41954679492346275,0.4168381573089445,0.39513489683589986,0.39982710944804856,0.4017452554835209,0.40376053588014427,0.47932322448402437,0.48308860798682735,0.6087593665478415,0.618947712973702,0.6666399456084489,0.6699896637590194,0.8359665506697456,0.8223394692684953,0.970374174145045,0.9568408834567717,1.6605390671738465,0.2071825423323636,0.5695272410851395,1.2724693685611934,3.2426527819056225e+18,1.3299892707165435e+18,3.242652781905623,1.3299892707165437,0.33728633183362705,0.1852316403744709,0.5443804108448134,0.12010146949265264,0.7223940514891357,0.0,0.0,0.07389828217081561,0.1175147885497047,0.0021596673988291248,34.217436541793404,78.34554546941186,32.13379349901225,21,0.000978822591200918,26,1.8282718658447266,0.34962684512412295
S2,2,68,1,MG,hyb,sample,50000,10,1002,1e-18,1.0,0.5076257278445329,7.07e-06,8402.66793024984,3.16e-11,5,0.001,0.5788873081864506,0.03004278107754598,0.5966337670546619,0.03926220713574855,0.518414547525796,0.7716365582365041,0.764515941666146,0.6943200507978649,0.6922751049537876,0.6099224988100598,0.6182839401759599,0.5788873081864506,0.5966337670546619,0.5870288167966589,0.607902749199181,0.6530763994062759,0.6708377859914106,0.708396510286186,0.725661185940054,0.753883645459528,0.7609416019303857,0.8991263577791255,0.8909377792493844,0.9954947523552068,0.9863741860465648,1.6605390671738465,0.5193460937017492,0.7880473150627744,0.5076257278445329,5.111736572126333e+18,2.924772812825251e+18,5.1117365721263335,2.924772812825251,0.5019284956786412,0.3223233348777073,0.7276546721696656,0.0775380451863331,0.8264628224171928,0.11312,0.0,0.01567473767874092,0.07731223191771906,0.001955022347215794,8.017676985157628,123.50437033342386,70.66526600490324,52,0.0009229558688082415,11,0.35640597343444824,0.34962684512412295
S2,2,69,1,MG,hyb,sample,50000,10,1002,1e-18,1.0,1.849091342648779,7.07e-06,7432.264292666718,3.16e-11,5,0.001,0.3595429390634254,0.007687858046012014,0.3631233128834666,0.019282082336091938,0.3173250160404102,0.48153913866264314,0.48764839349708905,0.4438267565989145,0.44960433575601877,0.38324807591989196,0.3886433685746056,0.3595429390634254,0.3631233128834666,0.3639872643001135,0.3651964283558479,0.42603667819342944,0.4291214023951289,0.5396583022644214,0.5472158996035061,0.6014097690927209,0.6050261106792573,0.7792454284493847,0.7642002134161492,0.9815383088618068,0.9650985230017017,1.6605390671738465,0.14257458933365447,0.4868920205305935,1.849091342648779,2.128919302271451e+18,7.101322696163784e+17,2.128919302271451,0.7101322696163784,0.3162364548192111,0.17284119977872694,0.39426094817948903,0.11795576432483687,0.601004071319183,0.0,0.0,0.1082695928510816,0.11223520749707673,0.0021105583715612455,51.299027930220774,51.43669557454055,17.15746450837421,14,0.0009995088338642048,37,3.976891040802002,0.34962684512412295
S2,2,70,1,MG,hyb,sample,50000,10,1002,1e-18,1.0,1.991449240629208,7.07e-06,9225.68877860817,3.16e-11,5,0.001,0.34829916231991365,0.011073225749743412,0.3437027115679564,0.010495234866930145,0.30803085093783306,0.4894940851432058,0.4951265494728988,0.4490700549752331,0.4493962505462206,0.3782787633482801,0.37112667944782995,0.34829916231991365,0.3437027115679564,0.34897685981362586,0.34969284284691526,0.405886336622328,0.40803115290299585,0.53961464415568,0.5458783882976973,0.6103989265800115,0.6144016911604957,0.7677645568839565,0.7539232962969235,0.9679045742710747,0.952215613764624,1.6605390671738465,0.13238270574010172,0.47143422467372886,1.991449240629208,2.5699335782599613e+18,8.168781598496004e+17,2.5699335782599615,0.8168781598496004,0.27637894472919755,0.1406600031940966,0.42450388008583606,0.12600452480333987,0.645609279273128,0.0,0.0,0.1293597085483637,0.11834764951294158,0.0021284457558691065,60.77660574231658,62.092015874302206,19.7365457604918,13,0.0009957246203146039,40,3.9803149700164795,0.34829916231991365
S2,2,71,1,MG,hyb,sample,50000,10,1002,1e-18,1.0,1.9978957514895492,7.07e-06,13629.402244874582,3.16e-11,5,0.01,0.3642990061226087,0.006037810904742748,0.36178132390892676,0.018518211897580628,0.3500572961031895,0.5002419580318669,0.5002634572849401,0.4677214825377735,0.46721038315242075,0.3996342512711192,0.3969170463245794,0.36595864559640023,0.3603843643398187,0.3642990061226087,0.36178132390892676,0.40712620854595033,0.4094361645096421,0.5528351179880199,0.5583605563291578,0.6465846954478176,0.6521003142314948,0.7673291981929583,0.756684011104064,0.9501819560450688,0.9364629149547247,1.6605390671738465,0.13195555304725543,0.47076835608473266,1.9978957514895492,3.7925061476942234e+18,1.2000639562552282e+18,3.792506147694224,1.2000639562552282,0.22750548445202431,0.10443943122203335,0.5116655208704206,0.13734959038178335,0.7392498960137027,0.0,0.0,0.14846499576365804,0.12822978993560244,0.002144565134690254,69.2284852355866,91.63052069441385,28.994675524816245,13,0.0009989478757447747,40,3.2012617588043213,0.34829916231991365
S2,2,72,1,MG,hyb,sample,50000,10,1002,1e-18,1.0,1.9993531377777694,7.07e-06,10366.732616958008,3.16e-11,5,0.001,0.3574039386666279,0.008311875326313417,0.35683794432712534,0.01973129615968618,0.3125742398707637,0.4824203568536081,0.4670226563418999,0.44635003055313527,0.4356454464124428,0.3839192700324535,0.3806982163538199,0.3574039386666279,0.35683794432712534,0.35891013353635925,0.35897503319562013,0.4063812835690873,0.4078587537269917,0.5440891407951758,0.5505844685169596,0.6203784461056865,0.6253309346288431,0.7656915744865138,0.753028632794186,0.962120273024966,0.9469941765337946,1.6605390671738465,0.13185936683080776,0.47061820832982537,1.9993531377777694,2.8840283242184704e+18,9.137539390160787e+17,2.8840283242184706,0.9137539390160788,0.261351136987585,0.12877397540013108,0.44977742344050176,0.1300397189497801,0.6746675178102409,0.0,0.0,0.13602779901081255,0.12186446827086343,0.0021399210072131645,63.56673846945528,69.6808407828804,22.07715583256733,13,0.0009996765688888847,40,3.8067009449005127,0.34829916231991365
S2,2,73,1,MG,hyb,sample,50000,10,1002,1e-18,1.0,1.990829973729187,7.07e-06,7239.739495877407,3.16e-11,4,0.001,0.378031024979021,0.007574739628501263,0.37630061294068273,0.016523671687807065,0.34839360366822203,0.4744734845469347,0.4777891223815269,0.4510631941181361,0.45475685297242074,0.40244298161521447,0.403417212532569,0.378031024979021,0.37630061294068273,0.3823571752258847,0.38156864972268933,0.4476129335859073,0.4508890124502101,0.5367728722598497,0.5436319462252053,0.5904929015894466,0.5884341913948681,0.8169477428558902,0.7991656803010122,0.9699878313608293,0.9535809139630895,1.6605390671738465,0.13242388465988986,0.47149833724830265,1.990829973729187,2.0169913246649933e+18,6.426438755324521e+17,2.0169913246649935,0.6426438755324522,0.3057893884597861,0.16649138565622398,0.37134158598198425,0.11606897409891545,0.5818030613498546,0.0,0.0,0.11572792558569871,0.10936167547436261,0.0020849637641755406,55.50596493530003,48.73241021047123,15.526881339906645,13,0.0009954149868645935,40,4.370585203170776,0.34829916231991365
S2,2,74,1,MG,hyb,sample,50000,10,1002,1e-18,1.0,1.9942758423228801,7.07e-06,8063.230393141362,3.16e-11,5,0.001,0.35155681597386346,0.009136700969310282,0.3503147016483947,0.018077435493026324,0.3097088347950333,0.47990870702463556,0.46038800749373116,0.4442985895806483,0.4281807889287079,0.3804705960415561,0.3745118317412732,0.35155681597386346,0.3503147016483947,0.3536055352367368,0.35144809823853085,0.4137555181505924,0.4141578777330851,0.5351405763790058,0.5420148388213484,0.599615434299382,0.6032968334109249,0.7725585679582817,0.7578507738388636,0.9756253117099781,0.9593488524753493,1.6605390671738465,0.13219507212778153,0.4711419163498667,1.9942758423228801,2.2451145327728796e+18,7.138514261063931e+17,2.24511453277288,0.7138514261063932,0.292577955874566,0.15452001519787745,0.394381354033979,0.12068258397576319,0.6103362601739719,0.0,0.0,0.12208927252814641,0.11352597001200633,0.0021069987106510776,57.94463561414329,54.244081787883026,17.247322832250955,13,0.00099713792116144,40,4.208749055862427,0.34829916231991365
S2,2,75,1,MG,hyb,sample,50000,10,1002,1e-18,1.0,1.6412097763444247,7.07e-06,2670.5581553679335,3.16e-11,5,0.001,0.4087009369971062,0.013779125367993895,0.4048840886096575,0.009495357545138704,0.3782784358807787,0.5616031849226615,0.5658637667733385,0.4983790652298463,0.5024983176432045,0.43064498527659295,0.42939975602172675,0.4087009369971062,0.4048840886096575,0.41798033041668975,0.4164531288005452,0.46324161250975104,0.46752103643170423,0.5135680233713636,0.5205474862154433,0.58313327886102,0.5788764744162791,0.8791763080483997,0.8592602693152713,1.058793799186482,1.0413369791955052,1.6605390671738465,0.16063360249155575,0.5124374118167639,1.6412097763444247,8.037614511474483e+17,2.929656099853783e+17,0.8037614511474485,0.29296560998537835,0.47124736075347545,0.3377977896484103,0.22018230612082676,0.07209024833414318,0.3554165679367569,0.0,0.0,0.05127421562752842,0.06994851719774658,0.0018056022371222226,28.3972929216401,19.419633723604036,7.078325081908654,16,0.0009946725917238937,33,3.2680671215057373,0.34829916231991365
S2,2,76,1,MG,hyb,sample,50000,10,1002,1e-18,1.0,1.3399038683854534,7.07e-06,11246.821305440548,3.16e-11,2,0.001,0.4522000774347483,0.014315982029180975,0.44348553784849054,0.021848832724985844,0.4254674591830393,0.4981682109496628,0.4750255292124607,0.4907536108132217,0.4691962594497115,0.4666052590339704,0.45167847134339356,0.4522000774347483,0.44348553784849054,0.458421084825772,0.45406721557610785,0.5326270274852999,0.5381866507033044,0.6198598732984507,0.6250941648019451,0.7445644241991671,0.7323306235771996,0.8997816485631756,0.8850291347955309,0.939388775785174,0.9270497262765705,1.6605390671738465,0.19675548749346947,0.5576839021723912,1.3399038683854534,3.713021920174385e+18,1.481969260124438e+18,3.7130219201743855,1.4819692601244383,0.30069759922875816,0.15835322018858358,0.5682594193312954,0.1230756791752809,0.7493394315139261,0.0,0.0,0.08343402826445573,0.11988869583274321,0.0021437071517083042,38.920441254285954,89.71010689124465,35.80577319324258,20,0.0009925213839892246,27,1.6709229946136475,0.34829916231991365
S2,2,77,1,MG,hyb,sample,50000,10,1002,1e-18,1.0,1.9874785583639492,7.07e-06,11843.928828094357,3.16e-11,4,0.001,0.36849354202817464,0.00667819461459166,0.36498221577376677,0.016931259164104723,0.3320516668479953,0.4734960464552831,0.4635940389054925,0.4487136070963974,0.4416106128241036,0.3934188519278054,0.3895974615978025,0.36849354202817464,0.36498221577376677,0.37277769905837216,0.37161530086979677,0.42856768120549765,0.4287320743770199,0.5647871408286209,0.5710946827984328,0.630255943019048,0.6321649343753214,0.7975601288299095,0.7831574901748362,0.9486864716901797,0.9346189187684828,1.6605390671738465,0.13264718641069667,0.4718457594161642,1.9874785583639492,3.3013353339596856e+18,1.048752661697304e+18,3.301335333959686,1.0487526616973042,0.24558849469771812,0.1169753211803179,0.4811735890728829,0.13402250329983953,0.7077075630068753,0.0,0.0,0.14160808535236816,0.12547879167262632,0.0021466628241027927,65.96661746893292,79.76337120020469,25.33885212800569,13,0.0009937392791819746,40,3.474787950515747,0.34829916231991365
S2,2,78,1,MG,hyb,sample,50000,10,1002,1e-18,1.0,1.713377842965017,7.07e-06,11885.122154531922,3.16e-11,5,0.001,0.36647495538010366,0.01098061121550081,0.3732612100256265,0.020598824451490937,0.3185356390788048,0.5061569011128806,0.5204342623473004,0.4694724078310541,0.482483280181757,0.39918620552819817,0.40731289374947827,0.36647495538010366,0.3732612100256265,0.36898974121004957,0.3789740987849308,0.41926387110826174,0.4284319523059005,0.5677189887867147,0.5760596660598357,0.6528656538467296,0.6595192273638621,0.7777927939225071,0.7673111306704754,0.9592780120320713,0.9456512843858423,1.6605390671738465,0.15386765966480878,0.5031242297711375,1.713377842965017,3.508895226415987e+18,1.2202279932430769e+18,3.5088952264159876,1.220227993243077,0.2628749962786121,0.129442445688712,0.5187336481440117,0.13181402221394206,0.7280644021217002,0.0,0.0,0.11856309103308259,0.12580718570664134,0.0021515343599111184,55.10629680949205,84.77821370286235,29.481857650973467,15,0.0009790730531228668,35,2.7655117511749268,0.34829916231991365
S2,2,79,1,MG,hyb,sample,50000,10,1002,1e-18,1.0,0.9118700517552893,7.07e-06,16057.027144068164,3.16e-11,3,0.001,0.4665674375121796,0.014624930139436231,0.45610057976987833,0.024583005905450178,0.4372118499556309,0.552597005271568,0.5303326635227006,0.5347535276581461,0.5135634785024015,0.48877397419349417,0.47277958411660004,0.4665674375121796,0.45610057976987833,0.47434639223698305,0.46932042450137884,0.5766350206856831,0.5833372205037788,0.6959600324984825,0.7082204193713669,0.7625926646124945,0.7591869841500796,0.9127656531455551,0.9016390649225896,0.9633137631008213,0.9534943820516052,1.6605390671738465,0.2891129479590744,0.6483069158793555,0.9118700517552893,6.522669036461169e+18,3.099282533152553e+18,6.52266903646117,3.0992825331525533,0.26752181078825665,0.14577904210412138,0.7307036304311714,0.09594716127175747,0.8535642787359201,0.245,0.0,0.04672929821753379,0.09459954200721399,0.001929313472203861,24.22068725003758,157.5938276307459,74.88158521892723,29,0.0009598632123739888,19,0.5840871334075928,0.34829916231991365
S2,2,80,1,MG,hyb,sample,50000,10,1002,1e-18,1.0,1.9950465369874797,7.07e-06,11546.57211640399,3.16e-11,5,0.001,0.3570508227356146,0.011736555595769494,0.36151616772238787,0.010088153925257198,0.3137304720203494,0.4984371192156706,0.5051499565374509,0.460644947645787,0.4702811638257144,0.3879690369342481,0.3988748018554541,0.3570508227356146,0.36151616772238787,0.357248713225343,0.35920053379528244,0.4022024489152618,0.40454926548672765,0.5468830008878126,0.553439174458065,0.6305846596136433,0.6364618184793367,0.7652831538879571,0.7540031584325966,0.9568628592010985,0.9426343420081935,1.6605390671738465,0.13214400462891052,0.47106230979205155,1.9950465369874797,3.214474901248642e+18,1.0190182048769347e+18,3.2144749012486424,1.0190182048769347,0.24825999055238934,0.1189333077578288,0.4745749199054448,0.13332315041032178,0.701219603585157,0.0,0.0,0.14100262740577513,0.12479364312813586,0.0021458742109908583,65.7087105495653,77.66474133195939,24.62043964430477,13,0.0009975232684937398,40,3.5331709384918213,0.34829916231991365
S2,2,81,1,MG,hyb,sample,50000,10,1002,1e-18,1.0,0.5343755609952382,7.07e-06,12336.68844293881,3.16e-11,1,0.001,0.6523004357793311,0.00705093492759347,0.6558978771574984,0.015553114346913272,0.6395973922762243,0.6785042448164209,0.672357697088013,0.6715891181561287,0.6671538909872384,0.6563580381999352,0.6566062242155449,0.6523004357793311,0.6558978771574984,0.6609105966903182,0.6709829397405815,0.6860563379354305,0.6923128493079989,0.8211264993739334,0.8121311020485187,0.9379141879774817,0.929049745556523,0.9583873658992438,0.9503594290227172,0.9703482218198543,0.9629912640582212,1.6605390671738465,0.4933486073494193,0.7762326468441165,0.5343755609952382,7.208249070663289e+18,4.0650376347607665e+18,7.20824907066329,4.065037634760767,0.3694628154056978,0.22798322133800827,0.785473282463411,0.06958431931418269,0.871244890583342,0.55572,0.0,0.016852123920771754,0.06929593066063304,0.0018001551175620537,9.361484327858674,174.15808700573143,98.21513811967839,49,0.0009715919290822513,11,0.2466740608215332,0.34829916231991365
S2,2,82,1,MG,hyb,sample,50000,10,1002,1e-18,1.0,1.995322300103702,7.07e-06,6574.792536047039,3.16e-11,5,0.001,0.3562485182469711,0.011876542742471385,0.3595049829262489,0.021398323367052868,0.3155138741112875,0.47811052955610467,0.47784636832942146,0.43956010503201454,0.4396471299413241,0.38007145408409626,0.38246730951977503,0.3562485182469711,0.3595049829262489,0.3603774480197714,0.3613409637888879,0.425719916984693,0.42771837994500544,0.5272674678948026,0.5338736574529455,0.5852136687706493,0.5868519121552922,0.7844633405481727,0.7678724410206319,0.9880808036845881,0.9710163415979389,1.6605390671738465,0.13212574169339145,0.4710338354050208,1.995322300103702,1.8304174673512397e+18,5.830166694669605e+17,1.83041746735124,0.5830166694669606,0.3165931074272128,0.1770665183763965,0.3503722859216378,0.11161608609042803,0.5553618321307354,0.0,0.0,0.11039518833122261,0.10524829152739833,0.0020603268360153003,53.5813961170978,44.22461008362938,14.086231878426952,13,0.0009976611500518509,40,4.4580652713775635,0.34829916231991365
S2,2,83,1,MG,hyb,sample,50000,10,1002,1e-18,1.0,1.8059798806601928,7.07e-06,9829.990968069233,3.16e-11,5,0.001,0.35074461534824786,0.0109178700434377,0.3612210133853059,0.014808428766951669,0.32112978364424827,0.49449953167950167,0.49420894015177075,0.45625574512395567,0.4602595424435442,0.3836479091672206,0.3962601716211148,0.35074461534824786,0.3612210133853059,0.3537965713072645,0.3641332242611076,0.41150420133806553,0.41961405373931776,0.5535065451504713,0.5607180570074511,0.6288457875687905,0.6333706305202366,0.774260730570752,0.7613689761916635,0.9673244028992322,0.9522929480614051,1.6605390671738465,0.14597805969033928,0.4918787719158092,1.8059798806601928,2.8462518179880504e+18,9.627272403733975e+17,2.8462518179880507,0.9627272403733976,0.2821156262547464,0.14396249928192079,0.46372862938076914,0.12731164077687543,0.6766874900193643,0.0,0.0,0.11849404945543526,0.12103573981591424,0.0021503431410548664,55.104716634809805,68.7681248106166,23.260396921371854,15,0.0009762053408974015,37,3.451880931854248,0.34829916231991365
S2,2,84,1,MG,hyb,sample,50000,10,1002,1e-18,1.0,1.401615649288472,7.07e-06,9569.157660043196,3.16e-11,5,0.001,0.3839907702047977,0.011565875807470672,0.38670968888550916,0.025690249871494077,0.34020454447535237,0.5337677698322437,0.5282355886829102,0.4907106793007718,0.4860752226173856,0.41505386659417176,0.4140449394827977,0.3839907702047977,0.38670968888550916,0.38780508425288096,0.3931090149774313,0.4491447490337011,0.4549822810417973,0.5871199102847988,0.5961921985398189,0.6586293646388734,0.665396880273314,0.7951216425414696,0.783828879612536,0.9739316106894303,0.9599225787555881,1.6605390671738465,0.18809253375017507,0.5474581518623187,1.401615649288472,3.091570208578137e+18,1.206207912804008e+18,3.0915702085781374,1.2062079128040082,0.32338853898165487,0.17437372872538096,0.5200558795874252,0.12294420753732957,0.7078584743692241,0.0,0.0,0.08480387381113323,0.11963709356857022,0.002162941859833168,39.20765295913886,74.6952481929615,29.143119302034858,19,0.0009666314822679117,29,2.323745012283325,0.34829916231991365
S2,2,85,1,MG,hyb,sample,50000,10,1002,1e-18,1.0,1.8352173405380512,7.07e-06,8531.965393552,3.16e-11,5,0.01,0.3581933660593729,0.00923144577770924,0.3541655234863813,0.013649203621660626,0.3428071385506612,0.49363642285730397,0.4794454575476811,0.45466425218249185,0.43998430306215097,0.38712902612677824,0.37050903674861296,0.3584538461174576,0.3449687132796219,0.3581933660593729,0.3541655234863813,0.4155651946871858,0.41707920240082885,0.5453727912923295,0.5525686486381758,0.613352272323838,0.6179450075948751,0.7741985404159645,0.7604997148355378,0.9735892604242828,0.9579886974041079,1.6605390671738465,0.14365243450744264,0.4884804124891664,1.8352173405380512,2.4503956601669775e+18,8.198125487612678e+17,2.450395660166978,0.819812548761268,0.29942347094444044,0.1579223496333687,0.42657731673598226,0.12337364237860747,0.6380493618724273,0.0,0.0,0.11430350300495133,0.11731154390536164,0.0021336443680157087,53.571956375866755,59.20386718026628,19.80744336050215,14,0.0009920093732638114,37,3.7483091354370117,0.34829916231991365
S2,2,86,1,MG,hyb,sample,50000,10,1002,1e-18,1.0,1.9973834980645524,7.07e-06,8609.853989773716,3.16e-11,5,0.001,0.35185371114632313,0.009708293177212373,0.3572484670024033,0.017324772917746367,0.31213712608085065,0.4864612192888657,0.4680031965076223,0.45061588082348525,0.43520774277145513,0.3848196501001686,0.37956961335692074,0.35185371114632313,0.3572484670024033,0.35198400177479355,0.36198490858281707,0.410116716664725,0.41836590186317213,0.5373095014128982,0.5452267185545102,0.6044592112128716,0.6084684130926067,0.7697496340372377,0.7557227972981997,0.9716534289980288,0.9559274072614627,1.6605390671738465,0.1319893946625793,0.4708211650580561,1.9973834980645524,2.3960805778278656e+18,7.607055519639628e+17,2.396080577827866,0.7607055519639628,0.2843490677965569,0.1474214085595678,0.40849702655543535,0.12332145930935175,0.6273424398038036,0.0,0.0,0.1259685157774245,0.11588100723096559,0.0021180157284565663,59.474778248799815,57.89156363151167,18.37936264492758,13,0.0009986917490322762,40,4.1608381271362305,0.34829916231991365
S2,2,87,1,MG,hyb,sample,50000,10,1002,1e-18,1.0,1.9984268288837985,7.07e-06,9744.224272463129,3.16e-11,5,0.001,0.3445645624177686,0.009789115368397746,0.3439119675352556,0.007292881737506349,0.3093456516351262,0.4822750542230563,0.4642092145106293,0.44328838601909837,0.4270406477946126,0.3740694327634542,0.36368477248835657,0.3445645624177686,0.3439119675352556,0.34612168074538324,0.35237959467851454,0.40089433350413683,0.40692742480752875,0.5406833329457961,0.5483997048229539,0.6145200525382732,0.6197530350323428,0.7662444597831188,0.7532671220203377,0.9649406034165947,0.9496569102072998,1.6605390671738465,0.13192048615851262,0.47071362513069154,1.9984268288837985,2.711271898866389e+18,8.596470663917059e+17,2.7112718988663893,0.859647066391706,0.2690798761895816,0.13483075776092945,0.43596659636304813,0.127942851315335,0.6591252225300002,0.0,0.0,0.13275002511547468,0.12001199011770156,0.0021343032769561942,62.19829512926307,65.5068828268884,20.7698828266338,13,0.0009992134144418993,40,3.8431241512298584,0.3445645624177686
S2,2,88,1,MG,hyb,sample,50000,10,1002,1e-18,1.0,1.1572514752232426,7.07e-06,13850.922412118436,3.16e-11,5,0.001,0.4028937918836787,0.010800960003940435,0.40673209936848603,0.019828163052390258,0.3651492219596314,0.5595816843443847,0.5465177873493816,0.5152319906681052,0.5045456112460862,0.43423617090212263,0.42994492997053885,0.4028937918836787,0.40673209936848603,0.4088364416645667,0.4158828554408244,0.47743206690493445,0.48212742256903446,0.6346872186659669,0.6437680768673394,0.7152359371532337,0.7236161798202321,0.8234508770590493,0.8145835903638015,0.9672603902905245,0.9558310759945321,1.6605390671738465,0.2278099829319367,0.5915918701151796,1.1572514752232426,4.922564485570433e+18,2.1093756048276593e+18,4.922564485570434,2.1093756048276595,0.277906733781095,0.14590240773934673,0.6490340475350443,0.11509295731456737,0.8066937504821192,0.0038,0.0,0.06938923905770389,0.11270690008747614,0.0020680869229674236,33.552380360366946,118.9337945408165,50.964501436066314,23,0.0009643762293527022,24,1.0580990314483643,0.3445645624177686
S2,2,89,1,MG,hyb,sample,50000,10,1002,1e-18,1.0,0.5451117670107024,7.07e-06,307.8095491528868,3.16e-11,4,0.001,0.5314461672035977,0.009209438618895506,0.5428680223969427,0.016728633574359858,0.5144458884247036,0.6296050503835385,0.6437100165604315,0.5645957117619773,0.5797557237474721,0.5376948177790326,0.5497596844031833,0.5314461672035977,0.5428680223969427,0.5378575440692127,0.5486724410568334,0.5558398772529763,0.5647914317783912,0.727647689958416,0.7281716536384818,0.9585518639810632,0.9503117487918988,1.022611651576639,1.0107928167360534,1.3210478759878184,1.3014138206628016,1.6605390671738465,0.48363189858161587,0.771615715073914,0.5451117670107024,1.8218982025345286e+17,1.2303878867847056e+17,0.1821898202534529,0.12303878867847058,1.633502059536902,1.551769557491883,0.10924320543798703,0.016996147379278504,0.13997666399557762,0.0,0.0,0.0030259967217322226,0.016961903019463976,0.0013895140778292733,2.177737361581464,4.401877662135182,2.9727330248555215,48,0.0009911123036558226,11,0.8224062919616699,0.3445645624177686
S2,2,90,1,MG,hyb,sample,50000,10,1002,1e-18,1.0,1.511756374172183,7.07e-06,3147.160462902956,3.16e-11,3,0.001,0.4478713983627382,0.013987863283940536,0.448852779791009,0.017128853926219986,0.4267597870695421,0.5395680149976927,0.5196998540685145,0.5117463853661554,0.4940502402724463,0.4662009198894643,0.4575231129707905,0.4478713983627382,0.448852779791009,0.454442843581778,0.46035229225624785,0.48407095031214276,0.49262935090374427,0.5121108661008892,0.5173861245546622,0.6741563950298096,0.662129258436291,0.9119377524804737,0.8916750037973152,1.0215400941797095,1.005349941378706,1.6605390671738465,0.174388838917863,0.5305059471345521,1.511756374172183,9.812210360278214e+17,3.7261806203544403e+17,0.9812210360278215,0.37261806203544406,0.48191282273640185,0.3338760455222531,0.26277179996781674,0.08222798587160746,0.41056188107495695,0.0,0.0,0.052832911638766133,0.08025576588155771,0.001917283312399276,27.556131791837988,23.7072244437112,9.002803348179038,17,0.0009753266930143115,31,3.2645859718322754,0.3445645624177686
S2,2,91,1,MG,hyb,sample,50000,10,1002,1e-18,1.0,1.998883107007062,7.07e-06,19693.03905333382,3.16e-11,1,0.001,0.4506199312844963,0.009414359947687048,0.45039997312022717,0.01099199015106994,0.4363179080868975,0.472636899097322,0.47401712313762256,0.47052665213570705,0.4718621053764139,0.46052208540866024,0.461381674641697,0.4506199312844963,0.45039997312022717,0.45656867919329364,0.45509116841844655,0.5543293783335681,0.5523377695742356,0.7235172161568579,0.7182106855467449,0.8399245278854416,0.8262231839072373,0.8758685597783504,0.8615349424690184,0.9065740586221451,0.8954017908565091,1.6605390671738465,0.13189037312607296,0.47066661784774994,1.998883107007062,5.478757425210051e+18,1.7302406467255427e+18,5.478757425210051,1.730240646725543,0.18323636777827873,0.07721841495715319,0.5927350852750325,0.14151408445056954,0.812843266200206,0.00496,0.0,0.159384484546162,0.13146890980390288,0.002099786582112707,75.90508764266737,132.37193984131133,41.80424374064419,13,0.000999441553503531,40,2.2292699813842773,0.3445645624177686
S2,2,92,1,MG,hyb,sample,50000,10,1002,1e-18,1.0,1.3180994847121943,7.07e-06,17993.10874788732,3.16e-11,4,0.001,0.41897592249241516,0.00810378601151346,0.4220954252602291,0.016881573992105617,0.37640190695910847,0.5343618204516885,0.5186396443704202,0.5098724023321568,0.4966609499969151,0.4500621347424228,0.4444825760111993,0.41897592249241516,0.4220954252602291,0.4249515848047799,0.4341694588820211,0.48707157872262324,0.4940611917605784,0.6488845470958742,0.6592953136751933,0.7256768441815273,0.7323109063007691,0.8454947863654425,0.8348401511186243,0.9559194301401371,0.9451498602567716,1.6605390671738465,0.20001027378910594,0.5614337334248842,1.3180994847121943,5.984831030534664e+18,2.4010235607523456e+18,5.984831030534665,2.401023560752346,0.2230705146304266,0.10861652524601706,0.6727723428528362,0.11973500451405104,0.8358316997787367,0.05928,0.0,0.08802897038764365,0.1161312690806968,0.0020237226620459414,43.49853467502716,144.59915481729414,58.0109907547687,20,0.0009763699886756995,27,1.1473348140716553,0.3445645624177686
S2,2,93,1,MG,hyb,sample,50000,10,1002,1e-18,1.0,1.9983873020285081,7.07e-06,6521.5150560482525,3.16e-11,2,0.001,0.4361920378794064,0.007735758923237264,0.4385023332470217,0.010737792871150283,0.4134016512910508,0.4850132717893249,0.4791644403895822,0.4758712439390528,0.4713651540557763,0.45004775438033107,0.44960343668384894,0.4361920378794064,0.4385023332470217,0.4406098028113525,0.4449433681933443,0.4799398645373544,0.48543708482028747,0.5277159163892866,0.5271237045857263,0.7227934071133597,0.7060171651994631,0.8776625866421192,0.8578024194517269,0.9504409961755911,0.9354937858640188,1.6605390671738465,0.13192309546350617,0.4707176979759574,1.9983873020285081,1.8146834571692352e+18,5.77529311003796e+17,1.8146834571692354,0.577529311003796,0.3172071012336121,0.1777832241064272,0.348349165669417,0.11119991128127252,0.5529166671020478,0.0,0.0,0.11008664737619765,0.10484084527287668,0.0020576801441699265,53.500369184252826,43.84446157774895,13.953652129407333,13,0.000999193651014254,40,4.436883926391602,0.3445645624177686
S2,2,94,1,MG,hyb,sample,50000,10,1002,1e-18,1.0,1.7132793679598242,7.07e-06,13213.339627557525,3.16e-11,3,0.001,0.40794697742858227,0.01307962791566667,0.4076815405077417,0.015077879033606684,0.37529418304938267,0.4761548095780948,0.48343467759809117,0.4640694939993427,0.47177121413980494,0.4287878951947418,0.43492273871064835,0.40794697742858227,0.4076815405077417,0.41422131907247817,0.41043584573246017,0.47619255812720346,0.47635472937014256,0.5997972044332832,0.6075020787432936,0.6665656033728299,0.6636231246122296,0.8491559153464776,0.8342139401348149,0.9392713666039274,0.9261798378199643,1.6605390671738465,0.15387650359234792,0.5031365977080235,1.7132793679598242,3.901068136298469e+18,1.3558062229144965e+18,3.9010681362984694,1.3558062229144967,0.24776060360497684,0.1190915848410297,0.5426958944706619,0.13345503730936376,0.751156247645142,0.0,0.0,0.12204447178314083,0.12719568671716383,0.002143120380835583,56.94709120145495,94.25348059376061,32.75755538113325,15,0.000979016781691328,35,2.5168468952178955,0.3445645624177686
S2,2,95,1,MG,hyb,sample,50000,10,1002,1e-18,1.0,1.059589254322669,7.07e-06,258.4324987415716,3.16e-11,3,0.001,0.5451037870189074,0.010714453083728438,0.5448049894006809,0.016623881007007506,0.5364474696588439,0.6215729491694997,0.6209216419481814,0.5703291552247322,0.5716556624450707,0.5477642602304766,0.550125425537473,0.5451037870189074,0.5448049894006809,0.561359721731296,0.5579671625824469,0.6852508711354892,0.6781051655647449,0.9094534220317702,0.8980285442484256,0.9664887231675238,0.9576847700261448,1.0169613743677504,1.008517437036216,1.6579583118373624,1.625073559360993,1.6605390671738465,0.24880720311484308,0.6123884592881599,1.059589254322669,9.769786247493138e+16,5.520326619764831e+16,0.09769786247493138,0.05520326619764832,0.8943887500606593,0.859764751829416,0.05223401245757995,0.008992305066098718,0.07004139698795753,0.0,0.0,0.005098713447799952,0.008821556854480703,0.0009907407587549733,5.146364881775242,2.360472379129015,1.333762907358294,25,0.0009632629584751536,22,1.1591641902923584,0.3445645624177686
S2,2,96,1,MG,hyb,sample,50000,10,1002,1e-18,1.0,1.0113690362574206,7.07e-06,19983.055120790777,3.16e-11,5,0.001,0.4323332016369803,0.013816040261371721,0.4456400483767903,0.01586899913725367,0.39101906079112936,0.5981601329080091,0.59994419732629,0.548085579411851,0.5518099275935269,0.4656810711683194,0.4734058211797163,0.4323332016369803,0.4456400483767903,0.4412557298359965,0.4573772162222406,0.5195076901568562,0.5325856884845355,0.6808330979463814,0.6929372043322537,0.7600589139595672,0.7686966074557355,0.857502051552048,0.8493217004847246,0.9689824985281966,0.9596163003254817,1.6605390671738465,0.2606698735746777,0.6234727698166627,1.0113690362574206,7.641517094092803e+18,3.473013017367698e+18,7.641517094092804,3.4730130173676983,0.22104982970165862,0.11441958107313481,0.7491035931276482,0.0975719072533285,0.8726512160802478,0.37424,0.0,0.05646267885911525,0.09569317945414817,0.0018793449894616927,30.04380737742465,184.62625054746312,83.91126573475964,26,0.0009632086059594482,21,0.6315279006958008,0.3445645624177686
S2,2,97,1,MG,hyb,sample,50000,10,1002,1e-18,1.0,0.8769370565598273,7.07e-06,10817.539714080885,3.16e-11,3,0.001,0.48110685461691893,0.020503975421323994,0.4510351846081515,0.025229275825363235,0.4401579745892873,0.5522696282260187,0.5256927854038675,0.5359411512080897,0.5091267097662427,0.49758796851710707,0.46923596307295,0.48110685461691893,0.4510351846081515,0.49165549720659296,0.46956448683796304,0.5824235656600927,0.5833353985020158,0.6691027507382576,0.6793993097662815,0.7349122602678049,0.7304445349666503,0.9084726996199357,0.8961016604861374,0.9680316224501222,0.9570413539379284,1.6605390671738465,0.30062983066627835,0.6577244263227083,0.8769370565598273,4.4989334016233385e+18,2.1751450254721723e+18,4.498933401623339,2.1751450254721725,0.35914350028526804,0.20737343318702403,0.6608300502661787,0.10216898633873565,0.7972565827336491,0.0,0.0,0.0419685554273925,0.10113023933521353,0.0020641732291264577,20.331896003298752,108.69846853402503,52.5535525871345,30,0.000974374507288697,18,0.6746470928192139,0.3445645624177686
S2,2,98,1,MG,hyb,sample,50000,10,1002,1e-18,1.0,1.7490983575687917,7.07e-06,19853.53105413972,3.16e-11,5,0.001,0.3841157353112915,0.010382765591305226,0.3861813302022993,0.015002334847482464,0.34150333556432544,0.5283012925367666,0.5169340788139147,0.49607029694477844,0.4858091312212462,0.4227751258521226,0.41722004861057227,0.3841157353112915,0.3861813302022993,0.3888860071557991,0.39396942913219274,0.44388113903958243,0.45393115742556917,0.5886264663316625,0.5972597161792722,0.7029206758522946,0.7115336455109651,0.7965340173889008,0.7895255678866999,0.9460983721095907,0.934952547510643,1.6605390671738465,0.15072533667289592,0.4986965907705204,1.7490983575687917,5.816043958033083e+18,1.9949226860639729e+18,5.8160439580330845,1.994922686063973,0.19089746113025316,0.08387902727317412,0.6270056248881912,0.13523618745766441,0.8260702755586031,0.02032,0.0,0.13428985166700058,0.12787927310565364,0.002072011372555813,64.81134874339753,140.52110016490846,48.19921111539322,15,0.0009994847757535952,35,1.686553955078125,0.3445645624177686
S2,2,99,1,MG,hyb,sample,50000,10,1002,1e-18,1.0,1.5708893193617328,7.07e-06,8072.7717800005885,3.16e-11,4,0.001,0.3755076172840076,0.007841007671547835,0.3834219853916359,0.020601433753826587,0.34691943507926853,0.49081053092744326,0.48543634906987243,0.46369358238969804,0.46158882567736936,0.4031389943647067,0.40970111873223136,0.3755076172840076,0.3834219853916359,0.38203859902876186,0.3891544137692881,0.45564214344925846,0.46217682545180916,0.5700160779631265,0.5793915380836258,0.6254928425111816,0.6268854585599533,0.822798798481068,0.8071689437613342,0.9714076919278064,0.9561394435189229,1.6605390671738465,0.16782432445697842,0.5220219102412136,1.5708893193617328,2.4765059133298693e+18,9.094475336644329e+17,2.4765059133298695,0.909447533664433,0.3333854818776847,0.18310973776573905,0.4527943233572577,0.1207527075900192,0.6494330272918347,0.0,0.0,0.09218439911110145,0.11672456900060565,0.002153998276720923,42.79687690903621,59.834715489960736,21.973109023063163,17,0.000981805824601083,32,3.040292739868164,0.3445645624177686
S2,2,100,1,MG,hyb,sample,50000,10,1002,1e-18,1.0,1.764748672359223,7.07e-06,15720.675328625874,3.16e-11,5,0.001,0.37053327925206564,0.010767865957799034,0.3669669697708285,0.014665320770100276,0.3263206254561726,0.514676404271492,0.49509002089618204,0.47928245110525236,0.46178001822725523,0.40366994678180923,0.3929990861616335,0.37053327925206564,0.3669669697708285,0.3760720908635927,0.3760525728966353,0.4267926373816856,0.4313608253926417,0.5752965485589809,0.5822366707267635,0.677743140458871,0.6849956703418882,0.7842779520429641,0.775498296536536,0.9501910003599111,0.9376233880502094,1.6605390671738465,0.14938865967023185,0.4967928091681757,1.764748672359223,4.5902490305517005e+18,1.5682940830981038e+18,4.590249030551701,1.568294083098104,0.2206339727146127,0.10136452303940484,0.5748265698524772,0.1354858058589762,0.7833175368909678,0.0,0.0,0.13158618026072555,0.12836141835065754,0.002122927297006325,61.983366291574654,110.90474013923544,37.89146222574137,15,0.000980415929088457,36,2.4004650115966797,0.3445645624177686
