set,search_seed,eval_index,is_finite,task,mode,node,N_R,R,seed,k_on,k_off,T,distance,N_max,D,L,lam_best,objective,opt_sd,held,held_sd,train,opt_lam_1e-06,held_lam_1e-06,opt_lam_1e-05,held_lam_1e-05,opt_lam_1e-04,held_lam_1e-04,opt_lam_1e-03,held_lam_1e-03,opt_lam_1e-02,held_lam_1e-02,opt_lam_1e-01,held_lam_1e-01,opt_lam_1e+00,held_lam_1e+00,opt_lam_1e+01,held_lam_1e+01,opt_lam_1e+02,held_lam_1e+02,opt_lam_1e+03,held_lam_1e+03,KD_nM,tau_D_over_T,phi_ISI,koff_T,c_peak,c_mean,c_peak_over_KD,c_mean_over_KD,tauR_mean_over_T,tauR_peak_over_T,occ_mean,occ_std,occ_max,occ_frac_above_0p8,occ_frac_above_0p9,contrast_within,contrast_between,binomial_sd_mean,snr_within,shell_molecules_peak,shell_molecules_mean,history_symbols,dt,n_sub,seconds,running_min
S3,2,1,1,SINE,hyb,sample,50000,10,1002,1.4412236810605147e-18,0.5927981507496932,1.6837402256415226,7.07e-06,476.9040985077337,3.16e-11,1,0.01,0.43995520917998165,0.0010627505814599712,0.4562559487059853,0.0020837404148492905,0.4412304313521451,0.4502791960116429,0.4652253853810123,0.44711045200616945,0.46242485813164097,0.4420864170353534,0.4581872544696708,0.44016563019841703,0.4565938707281294,0.43995520917998165,0.4562559487059853,0.44125060016712647,0.457723330840586,0.44302529481929864,0.4596824820167213,0.4446353967167278,0.46135843237462015,0.4975799474488605,0.5162552757377785,0.7279354675407579,0.7275252586428769,0.6830060463230379,0.1565760767627431,0.5068877781160792,0.9981180921031658,1.4404222829216218e+17,5.271982143434353e+16,0.35019857977769914,0.1281735697325755,0.88805967719058,0.7420282254456293,0.11114487829195625,0.04684639602201248,0.1845030582139991,0.0,0.0,0.01626229915182406,0.04649349302459915,0.0013621566009415869,11.938641372499163,3.4801959090874526,1.273760542717228,16,0.0009904354268479546,17,4.675040006637573,0.43995520917998165
S3,2,2,1,SINE,hyb,sample,50000,10,1002,3.4022908808831965e-19,0.1175902053980815,1.3744450023947095,7.07e-06,14159.064272224727,3.16e-11,1,0.001,0.6048100488270487,0.005013450785529696,0.63976405453049,0.01830991059963582,0.6004057572232326,0.6209163612449682,0.650774250694903,0.6161024289627621,0.646939246860416,0.6077639049650311,0.6407709915535457,0.6048100488270487,0.63976405453049,0.6170696644618708,0.6579614141368453,0.6625980469522801,0.7113500287665122,0.6821698157053315,0.7328080033313652,0.6849947741310951,0.735136004027061,0.6953864541600097,0.7417812945086554,0.7496202716162612,0.7934386128373075,0.5739166250530089,0.19181083154235654,0.5518917729818773,0.1616212701399605,4.704940112715013e+18,1.592377895932729e+18,13.613017161081524,4.607299371500449,1.1034375045137659,0.42341046734883425,0.7018020867783792,0.24222246161422606,0.907726160129315,0.54255,0.0853,0.01786883406857684,0.2421500156315111,0.0017079913177147626,10.461899825395344,113.6757847119699,38.47334982839832,19,0.0009817464302819352,14,4.024953126907349,0.43995520917998165
S3,2,3,1,SINE,hyb,sample,50000,10,1002,1.754507780822094e-17,0.740789898252151,1.742047389356143,7.07e-06,12658.36749422217,3.16e-11,4,0.001,0.3744749619830706,0.007268176892113612,0.3899804556893369,0.010163919395823126,0.34949370693101384,0.40822663455965297,0.4249163972885045,0.4056512965346977,0.42236713185722435,0.3914100473340662,0.40812437916388633,0.3744749619830706,0.3899804556893369,0.3812491156760462,0.39653735097128323,0.40706546517804315,0.429549992431746,0.4609253526982915,0.49511344514422373,0.5405653594918637,0.5801962271128329,0.6813693016711542,0.7153674125417239,0.8518580040876376,0.8839344253446433,0.07011143410484356,0.15133540019023467,0.49956141216849237,1.2904911083115624,3.7605178935858913e+18,1.1241882791791479e+18,89.06517110700895,26.625593674840424,0.028050032169801203,0.008603756388453995,0.8854968784958127,0.15963962780278385,0.9888690252282598,0.8279,0.7227,0.05424831515762034,0.15835341918885612,0.0011066220505547351,49.021538230172055,90.85765434538136,27.16144769926626,15,0.0009678041051978572,18,3.207690954208374,0.3744749619830706
S3,2,4,1,SINE,hyb,sample,50000,10,1002,7.52467909837551e-18,5.755099447285982,0.6714385070518867,7.07e-06,11401.858735462543,3.16e-11,3,0.01,0.4148767644235261,0.004037363000291634,0.4368965242942159,0.00630590096563334,0.40331798185308376,0.4503403100604473,0.4669926591135248,0.44944371650856996,0.46618926190039645,0.4426074826574541,0.4601257219582305,0.42474700621390493,0.4448118103392571,0.4148767644235261,0.4368965242942159,0.4208390461842929,0.44560705081309104,0.4419557340185924,0.4683894870035627,0.5113901496242044,0.5463946882220793,0.6298213705281356,0.673681487892933,0.7181228585902366,0.7635107329419604,1.2700299033020739,0.3926397369970809,0.7222199897402198,3.864195380820838,5.985930967973798e+18,2.6298960780321024e+18,7.826486762148368,3.4385372886301977,0.05830436237265786,0.02931926297002238,0.6628264367142791,0.23575082992923857,0.8863620822202173,0.43955,0.0,0.049243656999725854,0.2351065990546726,0.0018140174142922203,27.146187578876894,144.62573034185598,63.5407663475481,39,0.000959197867216981,7,0.7661392688751221,0.3744749619830706
S3,2,5,1,SINE,hyb,sample,50000,10,1002,1.8375277228623213e-19,7.477247389989216,1.1601602120594312,7.07e-06,19274.94076588099,3.16e-11,2,0.1,0.4383009650512938,0.0005915522827742466,0.4532097174046269,0.0007298516433922889,0.4388363327597958,0.46417042895824717,0.47662339619827876,0.46146082047487696,0.4739831739196848,0.4505496251964985,0.4632300680722691,0.44127467746917715,0.4541691278186161,0.43836650168171376,0.4520876201905815,0.4383009650512938,0.4532097174046269,0.44242137167242224,0.4573764274694262,0.44562190778486305,0.46040531662686546,0.4653726729066435,0.4796277866393071,0.6700055265930811,0.6582175347326842,67.57047119082335,0.22723882105091564,0.5910037078379051,8.674804917590718,7.036091008483617e+18,2.567694961902516e+18,0.17291138856767985,0.06310090371848176,0.10843407914969912,0.09828224762886664,0.05761174383557435,0.04037771837240847,0.1370276664984923,0.0,0.0,0.028806796809256893,0.03870477276534547,0.0009404722433721644,30.630140349455743,169.99858606758386,62.03792879455088,23,0.0009668001767161927,12,3.4630990028381348,0.3744749619830706
S3,2,6,1,SINE,hyb,sample,50000,10,1002,3.572180352963892e-18,2.736859475348637,0.946343058753413,7.07e-06,2746.584004181047,3.16e-11,5,0.01,0.42608075865335565,0.007054128274642086,0.42911048048761674,0.009283874913311582,0.4104160559197177,0.5063464591007489,0.5071064233166676,0.4996753637316784,0.5008066304129091,0.46914273833141706,0.47248580489415176,0.4368825764394127,0.4418199847016112,0.42608075865335565,0.42911048048761674,0.42614141079440576,0.4313459196258972,0.4426590687617846,0.4611639929429196,0.4734673258322871,0.5065758622475769,0.49310057430398685,0.52913491072634,0.5504074230356013,0.5910374139431972,1.272237577929276,0.2785812569554229,0.6393831013960505,2.59000796727969,1.1357381614963547e+18,4.622295512971629e+17,1.482378464495989,0.603307307728215,0.2408142197897071,0.15553599256352627,0.33462155296471296,0.17076344153861522,0.5714831892959188,0.0,0.0,0.05743860321999895,0.1694488960444893,0.0019227117327297774,29.873746668435974,27.44050373489808,11.167901333912141,28,0.0009463430587534129,10,2.276546001434326,0.3744749619830706
S3,2,7,1,SINE,hyb,sample,50000,10,1002,2.9627785235559616e-18,0.2097493386072573,1.051998385518045,7.07e-06,5616.5169614184815,3.16e-11,2,0.001,0.4565318008187835,0.008313535388468622,0.4637462720450604,0.014370346762599078,0.4453333531272854,0.47804650857774006,0.48470321465686145,0.47303827625847206,0.4793969807145187,0.4616321673014718,0.4679644528219047,0.4565318008187835,0.4637462720450604,0.458961242361151,0.4694037134772696,0.5079113210888667,0.5329934720968323,0.6757238573870377,0.7188359718166113,0.746079645218938,0.7909671910834873,0.792863305769065,0.8307458247414304,0.8589259828000924,0.896007369826731,0.11755754549388195,0.2506025127488595,0.6140954437942093,0.22065596557831244,2.1716974164528502e+18,8.345306898816145e+17,30.675941616084064,11.788020985654915,0.3543896145521119,0.1430720476416519,0.8357026309634995,0.17089974474517242,0.9642321009117496,0.7433,0.5775,0.017767827114652447,0.17079351133039558,0.001390137506108309,12.781345037149233,52.47025510592057,20.16304751300462,25,0.0009563621686527682,11,4.483880043029785,0.3744749619830706
S3,2,8,1,SINE,hyb,sample,50000,10,1002,9.929828611688676e-19,2.3219699569074193,1.9934450718913796,7.07e-06,7596.737196381637,3.16e-11,3,0.01,0.4289735276513825,0.004853960404112647,0.4269476920714477,0.005378301845351562,0.42042137022667303,0.470635730422482,0.4536844773458868,0.4674531530846721,0.450893586597852,0.4520468229881859,0.43837001660686603,0.4346090026059139,0.4282095173582137,0.4289735276513825,0.4269476920714477,0.4296176389411956,0.4314214151220323,0.4360481123374373,0.44912219288643407,0.4501379947115402,0.47435530566803774,0.4574149428684451,0.48427122375921927,0.4926619041809107,0.5214179957924856,3.882969159920913,0.13225016456983696,0.4712277731133556,4.628719567676934,2.1361856679582205e+18,5.922701175668342e+17,0.9135328173592119,0.25328237954880034,0.172381317829076,0.11290241078631393,0.18401524969493294,0.11970310678999388,0.4139771211532569,0.0,0.0,0.10526372006269707,0.11271902894923555,0.0015510158522860473,67.86759781181381,51.61225781373152,14.309803900353844,13,0.0009967225359456898,20,6.3938517570495605,0.3744749619830706
S3,2,9,1,SINE,hyb,sample,50000,10,1002,5.3894010038409394e-20,1.115668099225515,0.6346486608483679,7.07e-06,16653.90098472942,3.16e-11,4,0.1,0.44664966977056625,0.0013372441036356864,0.4689508870755098,0.0018434231241575118,0.44748603027993006,0.5019208028258381,0.5221091831839078,0.47851747361980584,0.5001637526422695,0.4542054067972952,0.4771928171666818,0.4481040102060317,0.4708040365403964,0.446959564302031,0.4692293974958539,0.44664966977056625,0.4689508870755098,0.44720314833792524,0.46955724112058367,0.4581311113557434,0.4807637598585516,0.4854926490755262,0.5096709853237609,0.5208532083155937,0.5469413411340094,34.375071801916945,0.41540060679581814,0.7357208491872803,0.7080572651247171,9.128254719130076e+18,4.058515754835973e+18,0.44095394661500714,0.19605265130733093,1.1808135242037552,0.9801251106193721,0.15339220695883748,0.09497363037151188,0.281302726733239,0.0,0.0,0.005930149543983068,0.09494579890192589,0.0014639803611785683,4.050702933753181,220.54723192832844,98.0575633577288,42,0.000906640944069097,7,2.879868984222412,0.3744749619830706
S3,2,10,1,SINE,hyb,sample,50000,10,1002,9.507213471193816e-20,0.3651523657988548,1.4655829808616612,7.07e-06,9136.146232907558,3.16e-11,5,0.1,0.44987286599128906,0.0008389570594280774,0.4748745848014814,0.0020074358938372066,0.4513942402661909,0.5299106580149475,0.5482553247203368,0.49663583170745734,0.5155209683114258,0.46337781743796685,0.48445759259220134,0.45287468481801413,0.476363241629391,0.44991184103274956,0.4747134966353581,0.44987286599128906,0.4748745848014814,0.45019934782074345,0.47522909033570465,0.45181982073277893,0.4770787046755657,0.46627082759224675,0.4930140190259973,0.500425481700528,0.5306996453193659,6.377786411519532,0.17988298326415283,0.537421750553464,0.5351610927361733,2.940603611284986e+18,9.680797493824398e+17,0.7656241307786011,0.25205206638558575,1.4924269361884912,1.0583205093375674,0.1855413747441909,0.11438494690801698,0.340896144356853,0.0,0.0,0.013755994109630815,0.11427222537606432,0.0015659518361429926,8.784429886114777,71.04775300673863,23.389718580565017,18,0.0009770553205744408,15,4.029205083847046,0.3744749619830706
S3,2,11,1,SINE,hyb,sample,50000,10,1002,2e-17,0.9731594296450289,0.6367585980712864,7.07e-06,3486.1005588714625,3.16e-11,1,0.001,0.5257801641543767,0.008159501694228126,0.5655472907151936,0.00763362658164895,0.5232988294991735,0.5377824253064549,0.5780208246080297,0.5366228583759733,0.5769015057670969,0.531071132817545,0.571437686152573,0.5257801641543767,0.5655472907151936,0.5292507423000962,0.5671890944749297,0.5790978004806228,0.6177850215762405,0.6845155955255514,0.7289812074354143,0.7445447635465602,0.7833369326547193,0.8530246629609923,0.8840446679442021,0.9125246204424059,0.9432351975872866,0.08079846257570944,0.4140241523508272,0.734927985661211,0.6196676341206213,1.9046155170974326e+18,8.644111784462063e+17,39.14292887840923,17.765047578309144,0.08599862687858563,0.040200562593076666,0.8920298426664399,0.10875219177133554,0.9749435235753068,0.82,0.67965,0.014868401406917893,0.108607638076736,0.0012081547824217061,12.306702438502686,46.01730485273008,20.88498826119343,41,0.0009096551401018378,7,0.7344479560852051,0.3744749619830706
S3,2,12,1,SINE,hyb,sample,50000,10,1002,1.937718842206905e-17,1.487921750195071,0.8339155183920351,7.07e-06,2816.392983670962,3.16e-11,4,0.01,0.4023937930177356,0.0049021052877421855,0.42513168778566524,0.007326410282182041,0.3991526683166275,0.44336255623414156,0.4674289491925892,0.44042556824189294,0.4643224417053882,0.42517593056539466,0.44796699709990495,0.40718435299563566,0.4286038328043634,0.4023937930177356,0.42513168778566524,0.41556284606617433,0.44176321372999683,0.447048985554909,0.47527278408992946,0.5407167070338578,0.577279644438638,0.6938177388296629,0.7316282065556441,0.8190857070541074,0.8583061508335694,0.12750829177480744,0.3161392647146155,0.6698776385735339,1.2408010376407068,1.2676862269809498e+18,5.3770866136335494e+17,16.509063650054998,7.00257392302401,0.10070897073538787,0.046029359372342656,0.7901281305724536,0.17100119800112884,0.9420385302224484,0.65215,0.38555,0.0390537672517491,0.1704692096332348,0.0016021885310928874,24.375263268867414,30.628493279048158,12.991547726976282,32,0.0009265727982133724,9,1.0718820095062256,0.3744749619830706
S3,2,13,1,SINE,hyb,sample,50000,10,1002,5e-20,0.138702058305447,1.9740593964837192,7.07e-06,200.0,3.16e-11,4,0.001,0.4873447307702021,0.0064879735779072405,0.4925285775887717,0.019997578509876254,0.485834875300887,0.5043422054855495,0.5045693116069738,0.49151999580484224,0.49446485636575377,0.48806152675490877,0.4919913703593596,0.4873447307702021,0.4925285775887717,0.48910388179019054,0.49546150972833247,0.49411956129639584,0.5012622833178122,0.5397667545092518,0.5471853834137249,0.8279586068991038,0.8425101695264446,0.9738247958217526,0.9839354701659092,1.0467693592687253,1.0013616944131927,4.6064037302723895,0.13354888879643684,0.4732445197004637,0.2738061015095003,5.645129123333244e+16,2.329374589168471e+16,0.02034983904457153,0.008397044058418972,3.6218070878449526,3.579379759546512,0.008323354691716016,0.0019325820936366004,0.011242743854019223,0.0,0.0,0.000399466195605324,0.0019281478120802447,0.0004034452793231529,0.9901372406079346,1.363916367736711,0.5627988411504942,13,0.0009870296982418597,20,2.1999988555908203,0.3744749619830706
S3,2,14,1,SINE,hyb,sample,50000,10,1002,1.3951413141039282e-17,0.5019939030090022,1.5119338660177455,7.07e-06,20000.0,3.16e-11,5,0.001,0.40729052433159946,0.006582182022973497,0.43479334240152917,0.007732706231993661,0.3791866394351749,0.46551292887322404,0.4833313387833755,0.45874121605124635,0.47756427910851534,0.43049710607741015,0.4540506700628589,0.40729052433159946,0.43479334240152917,0.4161588829673179,0.4422044848798781,0.454761614188359,0.4874646948372055,0.5335541072789651,0.5740714302870118,0.6366780203982882,0.6758387115845805,0.7935885785867546,0.8227975236460295,0.9156774162676864,0.9442480404110933,0.05974882106942115,0.17436836672819866,0.530479868136879,0.7589815824937378,6.332178829647587e+18,2.0379608837715668e+18,175.98389623025332,56.63900315192632,0.02285874070892367,0.007444491029040286,0.9291997309912641,0.11963436151010536,0.9943417805353976,0.8904,0.8206,0.028567089757216516,0.11906778898425184,0.0008558508678121143,33.37858361964982,152.99140481117388,49.2390545097391,17,0.000944958666261091,16,11.08279299736023,0.3744749619830706
S3,2,15,1,SINE,hyb,sample,50000,10,1002,9.487932939966229e-18,1.037375160469145,1.347670527637133,7.07e-06,20000.0,3.16e-11,4,0.001,0.3917138872720808,0.004999659173838717,0.41278116606962545,0.010252164126476289,0.36164637442091807,0.4287561510157395,0.45310215107323853,0.42619784477270395,0.4504481843747287,0.4114536708014162,0.4349359371744731,0.3917138872720808,0.41278116606962545,0.3932103777105991,0.4131938165980209,0.41969652260669355,0.4443940689635665,0.4737161542930754,0.508382867300196,0.5450237822113521,0.5841062441487096,0.6941964759255949,0.7285954953525289,0.8498936629189338,0.884250878889239,0.18155714128401976,0.19562158065502347,0.5563659290808833,1.3980399298671082,6.724853773600836e+18,2.2949580316135094e+18,61.50615906992439,20.989906770216635,0.03252797565743865,0.011443466736306336,0.865587226932173,0.18194585013171516,0.9839646824096644,0.8032,0.68775,0.04712286505341325,0.18109902927480032,0.0011793054783146575,39.958149877126345,162.4788013180884,55.4483476675244,20,0.000962621805455095,14,2.178279161453247,0.3744749619830706
S3,2,16,1,SINE,hyb,sample,50000,10,1002,1.8399095155126724e-17,3.023882309661374,2.0,7.07e-06,19663.635446364016,3.16e-11,4,0.01,0.3599390252288208,0.002658297715271426,0.36619172661200367,0.006726909754096057,0.3445190098506583,0.3944604264045485,0.4029351639436366,0.3937297872975317,0.4021710289965469,0.3876692534219463,0.39580013158107363,0.36722208304258785,0.37389900996307746,0.3599390252288208,0.36619172661200367,0.37435103048637497,0.38420464085926054,0.40092413606640787,0.42178441056433613,0.45942278897161853,0.49368019342889474,0.5496863260955209,0.5904616564421756,0.6827465535751054,0.7209797861549136,0.27290878531760115,0.13181671940928272,0.4705516107728963,6.047764619322748,5.52323661278911e+18,1.51623942797329e+18,33.606650522839544,9.225700823111579,0.01617007513081821,0.004777993480353051,0.7739920089720225,0.23849144689663368,0.9710589298497463,0.6728,0.4505,0.1303539993977097,0.23402452775069535,0.0014752119597981773,88.36289492632865,133.4465989082219,36.633772727583334,13,0.001,20,2.5764451026916504,0.3599390252288208
S3,2,17,1,SINE,hyb,sample,50000,10,1002,2e-17,10.0,2.0,7.07e-06,436.3733317345091,3.16e-11,5,0.1,0.4358691915233456,0.0004906230011831404,0.4473557821090533,0.0014319123663878819,0.43413085074060637,0.5029810153380578,0.506856764504106,0.4989777724347273,0.5032570051291723,0.47738394315408705,0.48379865766017466,0.44860608147780967,0.45746634566765954,0.43775822685125043,0.44702331389529587,0.4358691915233456,0.4473557821090533,0.4373958297065529,0.45100107226983877,0.44414793884964876,0.4587658158705364,0.4764450373320953,0.495204539889865,0.6441082523588582,0.6613088108841193,0.8302695335869232,0.13181671940928272,0.4705516107728963,20.0,1.2259650429104003e+17,4.114983783709085e+16,0.2451930085820801,0.08229967567418171,0.04619792569821681,0.04015441755245297,0.07417896460587706,0.040744382605494,0.18617827643697313,0.0,0.0,0.07776422259519779,0.030570115034961175,0.0011209053505138167,69.3762613940161,2.9620470174670013,0.9942188412260778,13,0.001,20,5.568030118942261,0.3599390252288208
S3,2,18,1,SINE,hyb,sample,50000,10,1002,2e-17,10.0,1.4121920182743697,7.07e-06,16991.216909784926,3.16e-11,5,0.01,0.36763910900158764,0.005423784951538376,0.3759819278136768,0.004861922563565101,0.34154942836764335,0.4169673214949266,0.41925371406662953,0.4163981408074635,0.41875062946589126,0.41132373146449963,0.4142742568843659,0.38776538911895353,0.39367158889703663,0.36763910900158764,0.3759819278136768,0.3748227220428316,0.3835072732449551,0.3937892620552049,0.4077618264777514,0.43383711779642703,0.46116661768355527,0.4834975289128513,0.517851076104568,0.6186465050468896,0.6592342598399632,0.8302695335869232,0.18668384710226074,0.5457605234611372,14.121920182743697,5.575865434665501e+18,1.8616077684361306e+18,11.151730869331002,3.7232155368722615,0.014992307562968807,0.005827309769812261,0.6573747719964059,0.25672434637059405,0.9176373904864398,0.44225,0.05965,0.1369671636996773,0.25254961671312237,0.0017565154072656148,77.97663665979192,134.7181608159064,44.97819713602261,19,0.0009414613455162465,15,1.7939209938049316,0.3599390252288208
S3,2,19,1,SINE,hyb,sample,50000,10,1002,4.2885088519192458e-19,10.0,1.476855224899949,7.07e-06,20000.0,3.16e-11,5,0.1,0.4346475896199178,0.0008060130487665179,0.4438385627500134,0.0016715902103258578,0.4326264155509284,0.5332544901419618,0.5210369195070937,0.5252876698951321,0.5139937561920453,0.48808470515665114,0.4819465983778243,0.4486369970245295,0.4499791846520025,0.4363345814186815,0.44135579997688784,0.4346475896199178,0.4438385627500134,0.43733285654171244,0.4526546411937433,0.44366530494783507,0.4609377399241854,0.4536157134572926,0.4717985189713033,0.507398299057024,0.5217381746817861,38.72066316082576,0.1785100085463188,0.5357088444304894,14.76855224899949,6.415428790731878e+18,2.091947748843144e+18,0.2751262315791124,0.08971336438666361,0.06213693096715591,0.05310175762993103,0.07872753488406022,0.05692352163938958,0.20583261182952203,0.0,0.0,0.05692236701064687,0.05239979020131682,0.0010783647275583244,52.78582056326408,155.00280228420925,50.54342802016182,18,0.0009845701499332992,15,3.4391839504241943,0.3599390252288208
S3,2,20,1,SINE,hyb,sample,50000,10,1002,2e-17,10.0,1.774151383496874,7.07e-06,17741.81828204168,3.16e-11,4,0.01,0.3608466617888767,0.002933162187453128,0.3733543858417829,0.005439771969268367,0.3397301448426105,0.3970652190500391,0.41225598283730347,0.396704507747332,0.41190777191175443,0.3934146313549468,0.4087239322688515,0.3764600846102239,0.39194008882556863,0.3608466617888767,0.3733543858417829,0.3696903468880448,0.3774994275903987,0.3870157993268562,0.3978658306084536,0.4177176444795784,0.441199347923257,0.45885148331753073,0.49036105227080035,0.583451071625357,0.623023704345046,0.8302695335869232,0.14859692429342794,0.49565934311799986,17.741513834968742,5.234239124474047e+18,1.5458884894965955e+18,10.468478248948097,3.0917769789931913,0.01377518281278935,0.004914773755616967,0.6211183320726805,0.26077106614603845,0.9127478979645679,0.3126,0.0315,0.18079239836332764,0.2537693311266048,0.0017985227619838303,100.52271908080141,126.46414738344667,37.350121980473254,15,0.0009856396574982635,18,2.0715489387512207,0.3599390252288208
S3,2,21,1,SINE,hyb,sample,50000,10,1002,2e-17,0.1,0.6665750962689363,7.07e-06,200.0,3.16e-11,5,0.01,0.4857200980407135,0.0026958174119264705,0.5181436543723884,0.005914572871957811,0.48420275458601864,0.5445060764353526,0.5786131597117737,0.5154983820973492,0.5485452828457922,0.49213185142723,0.5255471491195302,0.48632970622465266,0.5196084231507407,0.4857200980407135,0.5181436543723884,0.5031354460964742,0.5304280730879322,0.7307860693216092,0.7492126719430415,0.9449175266799335,0.9661737699781652,0.9807627099859735,1.0027843925244455,0.9845873311175242,1.006478615859095,0.008302695335869234,0.39550448298206436,0.7239660352748654,0.06665750962689364,1.0629495558037947e+17,6.919373498858245e+16,21.258991116075894,13.83874699771649,1.0110058901398378,0.6739775643358524,0.9292806054616356,0.015703552941554375,0.9495444651375241,1.0,1.0,0.003104922654455244,0.015666970169459546,0.0011383742238775824,2.727506112953888,2.568186246169021,1.6717858109867156,40,0.0009522501375270519,7,2.26004695892334,0.3599390252288208
S3,2,22,1,SINE,hyb,sample,50000,10,1002,2e-17,10.0,1.9044525000151507,7.07e-06,11070.285026267227,3.16e-11,5,0.01,0.3575654676714436,0.005681540210382211,0.36246028199374414,0.009895366425911739,0.32516684715906585,0.4118063916825722,0.41611810777476005,0.41122550081718623,0.41553610500604554,0.40604067404987,0.4103523246202834,0.3816448914609697,0.3861831757092168,0.3575654676714436,0.36246028199374414,0.3642551111926323,0.3681754925700915,0.38552039546464006,0.3914113731705325,0.3999658416299488,0.4116585372686498,0.42630293896874105,0.44753718340339993,0.5362703543977217,0.5734241600009724,0.8302695335869232,0.13843004160852956,0.48070341422958296,19.044525000151506,3.172695680767185e+18,9.017535456957928e+17,6.345391361534371,1.8035070913915858,0.018729586779020927,0.007148499891890145,0.5258859626297362,0.24969273360666258,0.8635885098663796,0.10185,0.0,0.21596010809687707,0.23927983553557688,0.0018998646287163592,113.67131364658871,76.65531601322914,21.787215026764258,14,0.0009522262500075753,20,2.6456587314605713,0.3575654676714436
S3,2,23,1,SINE,hyb,sample,50000,10,1002,5e-20,10.0,1.7544384374751147,7.07e-06,200.0,3.16e-11,2,1e-05,0.5561097289043493,0.009474155411218921,0.5675238732914145,0.012358446043916333,0.544291838990145,0.5620458265083714,0.5752965808942336,0.5561097289043493,0.5675238732914145,0.5761832085344027,0.585294919508005,0.790778347444656,0.8044220804046287,0.9681216906699813,0.9867142674366859,0.9962248340344901,1.0155907260319588,0.9991956018718364,1.018550776535939,0.9995373931258283,1.017972668343163,1.0009777717937887,1.0105613280936612,1.0554767454026608,1.0084830317698905,332.10781343476935,0.1502665657496488,0.4980445646403069,17.544384374751147,5.929288646462958e+16,2.626217534900907e+16,0.0002964644323231479,0.00013131087674504537,0.056990811703971224,0.05698140225834898,0.00013129089909001175,5.2981464150282695e-05,0.0002726240074838989,0.0,0.0,0.0001281162419299109,3.0823763881907984e-05,5.023472891054222e-05,2.550352011614509,1.4325719850268306,0.634518892806742,15,0.0009746880208195081,18,1.835867166519165,0.3575654676714436
S3,2,24,1,SINE,hyb,sample,50000,10,1002,2e-17,4.765558202237569,1.8409499146175499,7.07e-06,12794.772353461154,3.16e-11,4,0.01,0.3565418310295045,0.0040578948574313,0.35919000899120423,0.008611753313817784,0.33552788063374,0.39820403136855204,0.38926819826727066,0.3975561414909209,0.3887161081048446,0.3919729735498919,0.38400548568761866,0.3699400760801545,0.3665108503933009,0.3565418310295045,0.35919000899120423,0.3682821710469849,0.37449709093066746,0.38446368934654773,0.3953996762885327,0.4227483523419055,0.44833615782432784,0.4818875699424172,0.5169799531502828,0.6161690268628162,0.6555778447848496,0.3956697785853123,0.1432051120594089,0.4878222427132542,8.773153965514219,3.7117289791887667e+18,1.0739878381680515e+18,15.577310449995139,4.507290825506161,0.02069694463130451,0.0068759099148092365,0.6829719593921283,0.2535721690255716,0.9395751585881466,0.4958,0.13245,0.16236551146803235,0.24766679338370826,0.0017116175019958656,94.86086189157497,89.67886821920943,25.948557760582144,14,0.0009689210076934473,19,2.402688980102539,0.3565418310295045
S3,2,25,1,SINE,hyb,sample,50000,10,1002,1.1041661853101298e-17,10.0,1.8745410712490822,7.07e-06,11841.675657919714,3.16e-11,5,0.01,0.36400229395043804,0.0047194036863756105,0.36703086400822615,0.009712339793376597,0.33030642851459696,0.4255719915750336,0.42406817668317337,0.4248109080694312,0.4233757125521661,0.4181675923399612,0.41733044839497735,0.3896560811556544,0.39119452584070824,0.36400229395043804,0.36703086400822615,0.3708544221226531,0.3757494911104712,0.385365429296744,0.38977742893387285,0.3992137541699776,0.40373983664744506,0.4289248926083345,0.44705163024218153,0.5291828237842442,0.5670911738633568,1.5038850938071857,0.14063892376756293,0.48401784103366774,18.745410712490823,3.412921418225877e+18,9.781884150654122e+17,3.7684324231257045,1.080082570777338,0.0256462850331253,0.011187406210031413,0.4284806298913854,0.22933210297889176,0.7894036722853294,0.0,0.0,0.2189686398263111,0.2170651996547398,0.00190887731045131,114.71069336276044,82.45939609914342,23.633953464830046,14,0.0009866005638153065,19,2.8033127784729004,0.3565418310295045
S3,2,26,1,SINE,hyb,sample,50000,10,1002,2e-17,2.6584322503832922,2.0,7.07e-06,12343.406006627167,3.16e-11,5,0.01,0.34775018973897776,0.007600790549714182,0.35826286281227243,0.006054434950783477,0.3305663413011485,0.38959841133295664,0.4071239725029331,0.3884781289506626,0.40600000551298165,0.3797836273603951,0.3971538565566266,0.3560689900237772,0.37107917292639675,0.34775018973897776,0.35826286281227243,0.36451022424441526,0.3731741711438053,0.3882679167958276,0.40257505860503395,0.43005282912408715,0.45755797606923493,0.5072545717943989,0.5448427320357638,0.6422998569140289,0.6803323563379969,0.2207215304598171,0.13181671940928272,0.4705516107728963,5.3168645007665845,3.467097549413525e+18,9.546413086160643e+17,26.083775871389157,7.1819871164926194,0.02298717574327037,0.006944407481036466,0.7478037594360665,0.23934204120191707,0.962995128577481,0.62215,0.31505,0.1416808830829365,0.2343695748281655,0.0015710071462100117,90.18474767905138,83.7683424572004,23.065033193965792,13,0.001,20,2.760798931121826,0.34775018973897776
S3,2,27,1,SINE,hyb,sample,50000,10,1002,5e-20,0.1,2.0,7.07e-06,200.0,3.16e-11,1,0.0001,0.4909940371204966,0.006387913190336008,0.4985941412588134,0.019172933608389956,0.4908077792597892,0.4951198667551607,0.5016826186530489,0.4919177928217578,0.4990715943906016,0.4909940371204966,0.4985941412588134,0.4911838638684064,0.49899277238996503,0.49224479913916125,0.5004344232903697,0.4958054824830522,0.5036766116111473,0.6111382768081804,0.6205076749939569,0.906449386951032,0.9228365836123112,0.9880530804659985,0.9978969761677998,1.0513885776074594,1.0051409337934885,3.321078134347694,0.13181671940928272,0.4705516107728963,0.2,5.620289669709124e+16,2.3015594961081492e+16,0.028101448348545617,0.011507797480540745,4.94311562644794,4.863333290728821,0.01136995639938545,0.0026152856058465866,0.015254035493595318,0.0,0.0,0.0004110343863242007,0.0026119092712504227,0.0004708538495000343,0.8729553485877803,1.3579149217780098,0.5560784526764229,13,0.001,20,2.0910000801086426,0.34775018973897776
S3,2,28,1,SINE,hyb,sample,50000,10,1002,2e-17,10.0,2.0,7.07e-06,20000.0,3.16e-11,2,0.01,0.3629020995601729,0.0018018999536973234,0.36934333408503434,0.005072455354241783,0.35067127404037446,0.3758611254888115,0.3847407379526704,0.37574421978223715,0.3846119688852677,0.3746515738339391,0.3834060774455117,0.368261011877042,0.3762465893116407,0.3629020995601729,0.36934333408503434,0.3731826101768956,0.37824935745032046,0.3920528766646728,0.4043047208088323,0.42161875550539996,0.446590311895675,0.4741524674683978,0.507632998202275,0.6101400941854539,0.651016623235479,0.8302695335869232,0.13181671940928272,0.4705516107728963,20.0,5.617716205807263e+18,1.5420448623924582e+18,11.235432411614527,3.084089724784917,0.012242630150010522,0.004086492272437983,0.6165361565425144,0.2630849804703207,0.918187411397117,0.29825,0.04165,0.20229094328977085,0.2544820950593159,0.001794951318727019,112.69996081745312,135.72931486598327,37.257256329320285,13,0.001,20,2.319464921951294,0.34775018973897776
S3,2,29,1,SINE,hyb,sample,50000,10,1002,2e-17,0.5883716296266002,2.0,7.07e-06,200.0,3.16e-11,4,0.1,0.44385454522740514,0.0017569069691104828,0.466202292003519,0.0017269115683293927,0.4427701367325213,0.498180774973694,0.5172129194148558,0.49228957223145436,0.5113867825502865,0.4701521163811039,0.4894205532561392,0.4520184361478495,0.4723123662058931,0.44541128851767375,0.4675196378534623,0.44385454522740514,0.466202292003519,0.4448804591378016,0.46703789806704543,0.47771407323330306,0.4992539210573005,0.7134909229364962,0.7436240115057698,0.8541886276508983,0.8895346043620469,0.048850703850585535,0.13181671940928272,0.4705516107728963,1.1767432592532003,5.620289669709124e+16,2.3015594961081492e+16,1.910455700685617,0.7823489033857034,0.47678826475814906,0.29198281239555407,0.4315159440002174,0.0646735273494861,0.5481051948898876,0.0,0.0,0.08438848548023328,0.058505945126698294,0.002195565160050026,38.43588294064134,1.3579149217780098,0.5560784526764229,13,0.001,20,10.020308017730713,0.34775018973897776
S3,2,30,1,SINE,hyb,sample,50000,10,1002,2e-17,2.26497599840729,0.7945365898553676,7.07e-06,9195.622287125823,3.16e-11,5,0.01,0.43710280507854293,0.00827959003893226,0.4639935136189427,0.008718223659882448,0.42568493690203535,0.5075934125080803,0.5365974786385153,0.5039825975074371,0.5329270358145596,0.4821215143218348,0.5105712418948981,0.4476747132219182,0.4742663535124856,0.43710280507854293,0.4639935136189427,0.458829401612659,0.4900208070344457,0.5181136993560824,0.5562725038293438,0.5877723467100547,0.6266240863882591,0.738734846697909,0.7730002751188538,0.8626995358448195,0.8977074484763607,0.18805405657831964,0.3318078011568424,0.6815795498778481,1.7996063058787846,4.275334713480481e+18,1.7963274266789937e+18,37.7516999428414,15.86177891458589,0.032954832078161696,0.014339424941070636,0.8605932889266243,0.1601999109238754,0.9741674471529467,0.78195,0.64495,0.030897491804689974,0.1597487530902051,0.001275999630390023,24.214342284132027,103.29611362061915,43.40096259153743,33,0.0009931707373192094,8,0.9801018238067627,0.34775018973897776
S3,2,31,1,SINE,hyb,sample,50000,10,1002,2e-17,10.0,2.0,7.07e-06,14370.42811779085,3.16e-11,3,0.01,0.35721468944356777,0.0035394967690081506,0.36245632583797294,0.004187065969267627,0.3378151908310327,0.3860772211928148,0.39102228896675645,0.3858349632165595,0.39078565610463034,0.38359208818380736,0.3885957050187032,0.37102293064834313,0.3763391583188477,0.35721468944356777,0.36245632583797294,0.36717230717222094,0.3707056341591771,0.3872644325602844,0.39504111521199786,0.4035224192703165,0.4202625719701662,0.44170904596825455,0.4687791129188762,0.5654525785232439,0.6048429402908048,0.8302695335869232,0.13181671940928272,0.4705516107728963,20.0,4.0364566630043044e+18,1.1101517082417299e+18,8.07291332600861,2.22030341648346,0.015526487269513103,0.005510909032567183,0.5610759078864332,0.2570785795845464,0.889590307480142,0.1674,0.0,0.2182191874816765,0.24686320168405024,0.0018647678879637891,117.02217144030635,97.52459492159045,26.822310924355122,13,0.001,20,2.4034011363983154,0.34775018973897776
S3,2,32,1,SINE,hyb,sample,50000,10,1002,2e-17,10.0,1.3825570513415972,7.07e-06,20000.0,3.16e-11,3,0.01,0.37773304614386416,0.0037561345380797725,0.389777398493469,0.00428696932134567,0.3606042482664661,0.4094152721685333,0.42035396922555357,0.40912495109574704,0.42008178881496167,0.4064678540928668,0.41758833591520494,0.3924378302552892,0.40429690090270737,0.37773304614386416,0.389777398493469,0.3830291581210211,0.3958840258737267,0.40748931102035035,0.42882697167898237,0.4521876773735102,0.4853515555186507,0.5260830261312058,0.564681678271351,0.6668669121718586,0.7088109049883025,0.8302695335869232,0.19068539599341847,0.550557002964802,13.825570513415972,6.627654427977188e+18,2.2325331812563955e+18,13.255308855954379,4.4650663625127915,0.013234925423789791,0.005073881350084333,0.6848803876316533,0.2558313597539738,0.9298194365927381,0.5107,0.12175,0.12677065067959217,0.2521742916636979,0.0017018519438252858,74.48982335951465,160.13037357564002,53.94010448485458,19,0.0009875407509582837,14,1.4514679908752441,0.34775018973897776
S3,2,33,1,SINE,hyb,sample,50000,10,1002,6.498054030022643e-18,0.7385759968547713,1.8363378731174558,7.07e-06,10824.213508315908,3.16e-11,5,0.01,0.35142586472799897,0.004861759469998117,0.3642961205690577,0.007508173939327219,0.33969984081977306,0.40274248499919885,0.4160810416528988,0.3991498743000555,0.4123353017466444,0.38062663022204624,0.39348702243876815,0.3580545833794337,0.3721089085385466,0.35142586472799897,0.3642961205690577,0.36105511158838266,0.3706469794586719,0.3870574984513758,0.3992376255388165,0.4239853004291657,0.44714412572609197,0.5329904780086963,0.5657559480798307,0.7427174437731944,0.7819417135028105,0.18873870410861177,0.14356477785376642,0.48835155409468856,1.3562750751998953,3.142942607487751e+18,9.119648562037537e+17,27.65187463942387,8.023543865938919,0.08170997647699613,0.025733518881535824,0.7694110039527838,0.22726261612950496,0.9636923222390318,0.65695,0.40275,0.08817618413018534,0.22536601257540678,0.0015321169517188962,57.5518624940868,75.93645373834237,22.033929906682296,14,0.0009664936174302399,19,4.59610915184021,0.34775018973897776
S3,2,34,1,SINE,hyb,sample,50000,10,1002,4.319757702278389e-18,0.8007422058817419,2.0,7.07e-06,14071.824258129594,3.16e-11,5,0.01,0.3473108889489191,0.005287415684995297,0.3540033530497768,0.006971930713803099,0.33750842761401295,0.39835730016037324,0.40745705460911824,0.3947305322981496,0.4036130455286382,0.3754831375357709,0.3833337769662169,0.3523945366845717,0.3594322393378763,0.3473108889489191,0.3540033530497768,0.35692361676315004,0.3624783382406481,0.3798606791191799,0.3874513504173311,0.4106361084253547,0.4278661512092663,0.4943225811866686,0.523911090602027,0.699625191725242,0.7398309098439636,0.30780979102144673,0.13181671940928272,0.4705516107728963,1.6014844117634839,3.952583464031691e+18,1.0872432232824658e+18,21.322971035163228,5.865342495407365,0.0909525911536874,0.027972113932828755,0.7240145324251525,0.24545677530627466,0.9525996824547065,0.5807,0.22735,0.10901522524040197,0.24277723690189104,0.0016303798666820538,66.864923609647,95.49813943414468,26.268820350209644,13,0.001,20,4.564707040786743,0.3473108889489191
S3,2,35,1,SINE,hyb,sample,50000,10,1002,4.134969874411249e-18,10.0,2.0,7.07e-06,20000.0,3.16e-11,3,0.01,0.37150407663701446,0.005393772226977424,0.3823805433824602,0.007840696792169434,0.35526705315106744,0.4068164020042855,0.4114390912357898,0.40638797285016465,0.4110669875472194,0.40264022941027633,0.40783056121854766,0.3864563182805599,0.3943231338142365,0.37150407663701446,0.3823805433824602,0.37460144209460816,0.3815116083146774,0.39534585849637494,0.39444332456864306,0.4122433389214259,0.4161603028667965,0.45376321791135477,0.4785855623736418,0.5220214875203146,0.5599914743407518,4.015843204686659,0.13181671940928272,0.4705516107728963,20.0,5.617716205807263e+18,1.5420448623924582e+18,2.32290872740049,0.6376309050983455,0.030531910361692473,0.01504705789470028,0.3271968648367164,0.19841211539776063,0.696385331423034,0.0,0.0,0.2193116007603426,0.18317653661132524,0.0018194932388463977,120.53444117186794,135.72931486598327,37.257256329320285,13,0.001,20,3.0252649784088135,0.3473108889489191
S3,2,36,1,SINE,hyb,sample,50000,10,1002,3.605464481011446e-18,0.1,2.0,7.07e-06,11742.41677473255,3.16e-11,5,0.001,0.381506767729061,0.007578966118641084,0.3886543068507988,0.010191628146623964,0.3638362830458968,0.43959735107435305,0.4499180973762039,0.4230833739540284,0.4317351152553301,0.3940996787227068,0.40005320732452476,0.381506767729061,0.3886543068507988,0.38383169435101194,0.39375955429782616,0.40776557271145697,0.42498716129331904,0.44919932496480086,0.4729037212376694,0.6412419257687454,0.6722592529680725,0.8394981664251537,0.8704328558716792,0.9110728696122263,0.9427050366899623,0.04605617600504037,0.13181671940928272,0.4705516107728963,0.2,3.2982889831603016e+18,9.085342261585373e+17,118.91863776895826,32.75687882197826,0.1481179591978339,0.04169493660888036,0.9036853286014751,0.13946657289083617,0.9906243763506088,0.8516,0.76255,0.02507699350084774,0.13922465341775742,0.0010273083634737788,24.410385812543623,79.68976849553007,21.951042653475284,13,0.001,20,6.163777112960815,0.3473108889489191
S3,2,37,1,SINE,hyb,sample,50000,10,1002,2e-17,10.0,2.0,7.07e-06,9521.535046891846,3.16e-11,1,0.01,0.36967626768055667,0.0030508429163797353,0.3758208413367952,0.003118221595508526,0.36281300300007335,0.37721876225741807,0.38282934561776394,0.3771545532566805,0.38277005527705843,0.3765544304918148,0.3822166444348508,0.37300687544870864,0.3789693892034195,0.36967626768055667,0.3758208413367952,0.3810730120985924,0.38706497160822984,0.3976824010114902,0.406663913970589,0.4125972075491234,0.4277840478129288,0.47855917800799463,0.5109359879492453,0.5915797179260552,0.6328456362876475,0.8302695335869232,0.13181671940928272,0.4705516107728963,20.0,2.674477706021632e+18,7.38151178477043e+17,5.3489554120432645,1.476302356954086,0.020191395392241702,0.007875311252801609,0.48739093513382237,0.24256097611944874,0.8421233273301973,0.0552,0.0,0.2316657454997316,0.2301319052136102,0.0019160172834090975,120.91004998010114,64.61790047126439,17.834427737491964,13,0.001,20,2.622213125228882,0.3473108889489191
S3,2,38,1,SINE,hyb,sample,50000,10,1002,2e-17,10.0,2.0,7.07e-06,200.0,3.16e-11,1,0.1,0.4379911212898337,0.0004830748492817996,0.4486141087701553,0.0007580255478663154,0.43781744789997495,0.4487522583529972,0.45963144417465357,0.4480879933178616,0.4589585227529354,0.4444564086133661,0.45529644593726104,0.4397703876549464,0.4504815196163875,0.43818789085847343,0.4487546443977439,0.4379911212898337,0.4486141087701553,0.4404045603621379,0.45099300028439,0.5374234216443811,0.5498941853628292,0.8524801011001168,0.866560366203535,0.9986431393164832,0.9631654347794502,0.8302695335869232,0.13181671940928272,0.4705516107728963,20.0,5.620289669709124e+16,2.3015594961081492e+16,0.1124057933941825,0.04603118992216299,0.04779972192198264,0.04494762639399742,0.04364082487011532,0.018529743724114426,0.0941447065435651,0.0,0.0,0.04754585981620416,0.009778900882668144,0.0008920893481299358,53.297194855956235,1.3579149217780098,0.5560784526764229,13,0.001,20,8.881191730499268,0.3473108889489191
S3,2,39,1,SINE,hyb,sample,50000,10,1002,1.898638004621914e-17,6.0633081618272815,1.1403345602261878,7.07e-06,344.3386360943314,3.16e-11,5,0.1,0.43762704004271463,0.0011415181388041205,0.44951630136999665,0.0028216028102403066,0.43516106182073033,0.5090538375111264,0.5127907741729523,0.5041824871291898,0.5079248766141903,0.47923692433531684,0.48313703382494716,0.44981809095804504,0.4545139158557296,0.43996466087884417,0.44729076926699723,0.43762704004271463,0.44951630136999665,0.438646567871929,0.45463837140144936,0.447210801789996,0.4647973097485939,0.4953468598383048,0.5187621704845888,0.6553642299279032,0.6891262792665602,0.5302938240211413,0.2311895543762816,0.5950468079169811,6.914199846233169,1.2697877440113258e+17,5.982919619167933e+16,0.3976158236127767,0.18734654852388302,0.12180933654321065,0.10348329839934355,0.15402301815328642,0.05599246008634345,0.26636017138368434,0.0,0.0,0.06543901286339103,0.05116804307423668,0.001575484274265343,41.53580834306049,3.067926790992347,1.4455297331831323,23,0.0009502788001884898,12,2.446042776107788,0.3473108889489191
S3,2,40,1,SINE,hyb,sample,50000,10,1002,2e-17,10.0,2.0,7.07e-06,20000.0,3.16e-11,5,0.01,0.357486355811751,0.0034491039704704672,0.3628202617833446,0.009946143177736753,0.3263220001104531,0.4044166953833854,0.4120479876432374,0.4039453294436274,0.4115541526342562,0.39966776539903826,0.4070631555780356,0.378057182485785,0.3841748491953892,0.357486355811751,0.3628202617833446,0.366884661405773,0.3718563370074103,0.3833025669233517,0.39066424607006517,0.4123184691126098,0.43332354384072075,0.4471392281899564,0.4771133812977001,0.5515512502390743,0.5892042700860063,0.8302695335869232,0.13181671940928272,0.4705516107728963,20.0,5.617716205807263e+18,1.5420448623924582e+18,11.235432411614527,3.084089724784917,0.012242630150010522,0.004086492272437983,0.6165361565425144,0.2630849804703207,0.918187411397117,0.29825,0.04165,0.20229094328977085,0.2544820950593159,0.001794951318727019,112.69996081745312,135.72931486598327,37.257256329320285,13,0.001,20,2.5466067790985107,0.3473108889489191
S3,2,41,1,SINE,hyb,sample,50000,10,1002,6.197344388830704e-18,10.0,2.0,7.07e-06,17001.939980070867,3.16e-11,1,0.01,0.37740032569342485,0.0027273097508788923,0.3863546654909883,0.002882017932237072,0.3699343440076959,0.3863532701929232,0.3957381384411426,0.38626871520737616,0.39566195803682747,0.3854964632391759,0.3949634573803339,0.38147656604909475,0.3911979323208558,0.37740032569342485,0.3863546654909883,0.3823571744158206,0.3879668159636342,0.40257904350424434,0.40594180837349336,0.42072359365271533,0.433038811928799,0.47689563541917235,0.5092860301128386,0.5514433755969146,0.5896915523642999,2.6794364859996946,0.13181671940928272,0.4705516107728963,20.0,4.775607584476607e+18,1.3120377454334554e+18,2.9596084866913457,0.8131149759596112,0.027576850151787503,0.01262751107036344,0.37212214961969386,0.21475974928803696,0.7457572079332392,0.0,0.0,0.22769947917654113,0.20010283941972395,0.0018669433757897771,121.9637842953951,115.38317739150703,31.700067739609494,13,0.001,20,2.81241512298584,0.3473108889489191
S3,2,42,1,SINE,hyb,sample,50000,10,1002,4.936309983054934e-18,0.5649766442881107,1.888321196854315,7.07e-06,20000.0,3.16e-11,5,0.01,0.35351721648251555,0.004633194987232678,0.36937351631462956,0.005549732139221786,0.34773064261991327,0.3952157279715781,0.41989327798091425,0.3912212460285298,0.41587729742973173,0.37278415206711335,0.39650959982538747,0.35442283817741715,0.3741407983766006,0.35351721648251555,0.36937351631462956,0.37167410950579927,0.38601697625030945,0.402722152481189,0.4227866729235797,0.45301218321486303,0.4831530052910038,0.5873070368722089,0.6206860490956786,0.7948376079664319,0.8312394125471366,0.19005406732998295,0.13961260364907344,0.48248247564847957,1.0668573731368598,5.749196471670952e+18,1.6353983786275553e+18,50.231839182331214,14.28879127005877,0.06130847104236578,0.018295896298340174,0.8261461445248938,0.2123568346266048,0.9800744828879585,0.752,0.5994,0.06810097314118368,0.21109306759351476,0.001319067654152416,51.62811242228727,138.9060019306712,39.51276521134994,14,0.000993853261502271,19,7.346920013427734,0.3473108889489191
S3,2,43,1,SINE,hyb,sample,50000,10,1002,2e-17,0.1,1.7905830994030296,7.07e-06,7733.4017595891855,3.16e-11,5,0.001,0.4179494041320857,0.003542971666871886,0.4416373703495097,0.003499269220822694,0.4094673491227761,0.47504534668945436,0.4930070111474665,0.4571957464650859,0.4757579891303966,0.4254428715932451,0.4457439173823081,0.4179494041320857,0.4416373703495097,0.43569459827040646,0.46466923334247917,0.48033009355323564,0.516311711236649,0.569812698876168,0.6062746621401295,0.7544845620519247,0.7796620458082606,0.9322611315084618,0.9551585063898409,0.9714996854127991,0.9948727374607916,0.008302695335869234,0.14723328892496493,0.4936968588533224,0.17905830994030297,2.273655938989518e+18,6.729753380046835e+17,454.7311877979036,134.59506760093672,0.041187139150901976,0.012254533082191287,0.9716998874310001,0.04550535626563511,0.9977921111320486,0.99275,0.90935,0.012159063867418567,0.04527232631395911,0.000584996164711959,20.784860826233725,54.933669045262,16.259718042476894,15,0.0009947683885572387,18,5.699490070343018,0.3473108889489191
S3,2,44,1,SINE,hyb,sample,50000,10,1002,5.508032655835078e-18,10.0,1.6243220923471302,7.07e-06,14979.213367632763,3.16e-11,5,0.1,0.3754041038338516,0.002844932542346652,0.381695391097819,0.003882748919270188,0.36887181616097753,0.4390128757744737,0.42432811515883484,0.43798953031398513,0.42342358136753405,0.4295076002805979,0.41603804294747543,0.39959499860456693,0.39263802470987275,0.3765752037277513,0.3804049710530417,0.3754041038338516,0.381695391097819,0.3894040490802718,0.3907945782279247,0.4079666855368112,0.41164546663337154,0.44793226909028777,0.47075345562358517,0.5307793959844226,0.5701108993025084,3.0147589365046907,0.1623036712119193,0.5146915242423609,16.243220923471302,4.588586226870205e+18,1.4243707184059653e+18,2.5274082781716154,0.7845480430995327,0.034498451713447995,0.017453081594259987,0.37005392284198607,0.20955014864034902,0.7144191429930999,0.0,0.0,0.1860038294849611,0.19936352981374586,0.0018777675024534315,99.0558358486524,110.86456523609371,34.41413817318826,16,0.000955483583733606,17,2.6660969257354736,0.3473108889489191
S3,2,45,1,SINE,hyb,sample,50000,10,1002,7.33331482038263e-19,0.2936361152936294,2.0,7.07e-06,20000.0,3.16e-11,5,0.01,0.38405404274963634,0.004284360702409776,0.39124385762579755,0.00954088371488412,0.37595505141868635,0.4568043612125452,0.4583166534816476,0.4448370751945535,0.44715916976877584,0.41132557098816996,0.4154175074682442,0.3902745966403314,0.3961678984839985,0.38405404274963634,0.39124385762579755,0.3847776097543757,0.39249045682177186,0.4101997745296849,0.4210498780389041,0.5224201918648632,0.5555215124025722,0.6549825400025721,0.700306483888048,0.7226756336997415,0.769081171136164,0.6649029162405361,0.13181671940928272,0.4705516107728963,0.5872722305872587,5.617716205807263e+18,1.5420448623924582e+18,14.029773370198193,3.851127246990537,0.3510086895570191,0.11329431095859854,0.6659258149258088,0.2578319723131054,0.9108501454032606,0.4731,0.0469,0.06386894409601317,0.2569489770831629,0.0017372110665072982,36.76521830155222,135.72931486598327,37.257256329320285,13,0.001,20,8.754400968551636,0.3473108889489191
S3,2,46,1,SINE,hyb,sample,50000,10,1002,5.9442511911764075e-18,1.8119972787064462,2.0,7.07e-06,20000.0,3.16e-11,5,0.01,0.3406889295019887,0.003876646678849082,0.35146934029671534,0.00744275979575016,0.32482207450645345,0.388132757837029,0.40633483675854515,0.3864309722365489,0.40462754633391296,0.37440369038997623,0.3923996855100824,0.34880576638656235,0.36424580608905427,0.3406889295019887,0.35146934029671534,0.3553677113527033,0.36403168279837306,0.37495279708277296,0.38401694692160165,0.40581236603946297,0.4249720995611931,0.46227098534680683,0.4933176853628131,0.6235775703591423,0.6620463751996325,0.5061852492658997,0.13181671940928272,0.4705516107728963,3.6239945574128924,5.617716205807263e+18,1.5420448623924582e+18,18.428899778425496,5.058673165705577,0.04554439506934543,0.014202482250762753,0.6971332160938681,0.25588335023099484,0.947911497715511,0.5313,0.17035,0.14515318883226255,0.25119514269326854,0.001668602964496173,86.99084918388054,135.72931486598327,37.257256329320285,13,0.001,20,3.1743011474609375,0.3406889295019887
S3,2,47,1,SINE,hyb,sample,50000,10,1002,5e-20,0.1,0.5,7.07e-06,200.0,3.16e-11,5,0.001,0.5222760892982943,0.012508065418118886,0.5414448066958538,0.025374182394919162,0.5235991280302207,0.5453888251003471,0.5649070158883531,0.5268986329920383,0.547033725849017,0.5224312561188237,0.5414311444928603,0.5222760892982943,0.5414448066958538,0.5288002252946552,0.5483090309042821,0.5729029423338182,0.5913983838381134,0.721095676565654,0.7396563848660516,0.7822356095993712,0.8023786434624809,0.8743769285909335,0.8952722127914935,0.9584887584298721,0.9438183081263997,3.321078134347694,0.5272668776371309,0.7914984825837854,0.05,1.3337413403528466e+17,9.220122194473266e+16,0.06668706701764232,0.04610061097236632,19.118619939825575,18.749641406938718,0.043999884181253744,0.008128976731636314,0.055484988260017305,0.0,0.0,0.0002372053877358427,0.008128575225522865,0.0009128597162832262,0.25984867499865305,3.2224447035504253,2.227668366627059,53,0.001,5,0.8506171703338623,0.3406889295019887
S3,2,48,1,SINE,hyb,sample,50000,10,1002,2e-17,10.0,1.535326350017474,7.07e-06,10566.389108906766,3.16e-11,2,0.01,0.3675689570751223,0.0036624730640060594,0.3758967528838223,0.006047486219541517,0.3544018414931386,0.38746183452647776,0.39633618148863736,0.38728762161134556,0.3961611004735336,0.3856833801222715,0.39454986260339464,0.37695460609021536,0.38580530905092214,0.3675689570751223,0.3758967528838223,0.3778168242598212,0.3847614533643059,0.3951402189454788,0.40671475672583224,0.4143309282145974,0.4337868235217937,0.4844478239130298,0.51778848980478,0.6119981937191595,0.6549237924308688,0.8302695335869232,0.17171166170343194,0.5270756305071214,15.35326350017474,3.323480342587968e+18,1.0663034796981322e+18,6.646960685175936,2.1326069593962647,0.020791862192510578,0.008517466596804947,0.5626521649009348,0.2509503141772124,0.8689961153091066,0.1501,0.0,0.17164556555892382,0.2443882673989803,0.0018865946840528872,90.98168621475457,80.29841546707436,25.76289642204237,17,0.0009595789687609213,16,1.9103589057922363,0.3406889295019887
S3,2,49,1,SINE,hyb,sample,50000,10,1002,2e-17,1.9106364299353449,2.0,7.07e-06,13499.452852839784,3.16e-11,2,0.001,0.36486525046586793,0.0050966053234680455,0.3768105805571301,0.004370481350812112,0.345605001006168,0.3780937272512733,0.3914281284567889,0.3776920076085768,0.39098432555608775,0.37445001780139603,0.3873975360565769,0.36486525046586793,0.3768105805571301,0.36627772637504696,0.37802251200542364,0.38569974939150964,0.400870746281979,0.41895405762830434,0.4458886075761129,0.48286961140446555,0.5199476831309153,0.5967961449776544,0.6359189666285112,0.7561724105750498,0.7935546476506098,0.1586343217536603,0.13181671940928272,0.4705516107728963,3.8212728598706898,3.7918132019976827e+18,1.0433316618442813e+18,39.691624660647726,10.921299787836531,0.02195170919578374,0.006431124546163065,0.7979143897112977,0.22169608266193752,0.9753737291802596,0.70435,0.51475,0.11518861003793546,0.21791697362266355,0.0014262461885450057,80.7634831651651,91.61377847369904,25.20787566551035,13,0.001,20,2.6703832149505615,0.3406889295019887
S3,2,50,1,SINE,hyb,sample,50000,10,1002,3.469613706076244e-18,6.657236428610925,1.8687489002244213,7.07e-06,14634.358212438945,3.16e-11,3,0.01,0.36967530882361765,0.004506311945911464,0.37863066113214616,0.009615088698773176,0.3577411632010906,0.40564085972216857,0.41213510338271553,0.4049201461845441,0.41147216522322544,0.3990772716785113,0.4060880194835388,0.38068381609694174,0.38893924271478997,0.36967530882361765,0.37863066113214616,0.37300486891187856,0.3790277122695689,0.3959977972009918,0.3954141602649616,0.4167568307560311,0.4231157872724064,0.46244381885607844,0.4901409998257897,0.525240897913955,0.563857622570516,3.1861187168363156,0.14107483289322886,0.4846675483409635,12.440703254500619,4.2224799956582405e+18,1.2103919882986616e+18,2.200669095002457,0.6308312281470504,0.049288550899522506,0.025113907627178498,0.3277271019503463,0.19536821866372558,0.6803643673286164,0.0,0.0,0.19705782926667412,0.1826111299791659,0.0018306047566386356,107.64630024698099,102.01909385411126,29.244210506971456,14,0.0009835520527496954,19,3.019312858581543,0.3406889295019887
S3,2,51,1,SINE,hyb,sample,50000,10,1002,5e-20,10.0,0.5,7.07e-06,200.0,3.16e-11,1,1e-05,0.6183236387279417,0.016150824884907898,0.6261005109982409,0.01910160717274183,0.6143690793466736,0.621579729934345,0.6296130529051377,0.6183236387279417,0.6261005109982409,0.6205216514836224,0.6279237404581954,0.657926776481559,0.6674088216510486,0.8754727873783461,0.8916671133478491,0.9834715393504461,1.0025158820797346,0.9978718279679739,1.0171943435712156,0.9994014621587203,1.0178340295384924,1.0009610724624298,1.0105450456022185,1.0554713657357373,1.0084786927133993,332.10781343476935,0.5272668776371309,0.7914984825837854,5.0,1.3337413403528466e+17,9.220122194473266e+16,0.0006668706701764233,0.0004610061097236633,0.1999078412637957,0.1998667147499887,0.000460782491586493,0.00010575616226056907,0.0006416243735718069,0.0,0.0,5.985709390444213e-05,0.00010365353260877347,9.532967326249685e-05,0.6278957207754345,3.2224447035504253,2.227668366627059,53,0.001,5,0.6654539108276367,0.3406889295019887
S3,2,52,1,SINE,hyb,sample,50000,10,1002,7.377789512169976e-20,4.3438698741065735,0.9043186416345157,7.07e-06,16137.067202835138,3.16e-11,2,0.01,0.4386501311283594,0.002075764472642353,0.45106236214672,0.0022624324286815043,0.4377878743998661,0.46506029309642366,0.4734942309745788,0.4581658719918571,0.4679029157062849,0.4447629274750174,0.45688385530599646,0.43964145643640995,0.45207822401806047,0.4386501311283594,0.45106236214672,0.4401625996982162,0.45306705290592647,0.44716012247840575,0.460975162846779,0.45115788333689083,0.4651478614921104,0.49339884254001065,0.5065045260039127,0.7670205024196072,0.7452168553446422,97.76865573048788,0.2915271527987743,0.6503099180550662,3.9282425039891513,6.869306543817017e+18,2.7568569705702804e+18,0.11667084706416869,0.04682348006156478,0.24318022409398168,0.22796938698408112,0.043800889100203695,0.029777412724682404,0.09362201235308952,0.0,0.0,0.011051538604383526,0.029443286195438203,0.0008319780716473629,13.283449385271494,165.9689163067501,66.60826109588852,29,0.0009043186416345157,10,4.148595809936523,0.3406889295019887
S3,2,53,1,SINE,hyb,sample,50000,10,1002,6.049153235072993e-18,2.314883001584196,1.3061332656532816,7.07e-06,9754.697956634009,3.16e-11,3,0.01,0.36577415584982864,0.003959953607425771,0.3730856628489342,0.004219651111596688,0.3577946036866514,0.4017295277520801,0.4054589300321978,0.4005147984374563,0.4043369146280618,0.3918582874965688,0.3964110501366654,0.3731742737600734,0.3799217238906788,0.36577415584982864,0.3730856628489342,0.3730980085210693,0.3815831463155983,0.39550276960482067,0.408927233768176,0.41876280752551864,0.4385512701778408,0.5356388464353892,0.5727293518713938,0.6727389683767454,0.7174826854610613,0.6354531800880774,0.20184268003212164,0.5635234322573948,3.0235456944644366,3.3296005268280146e+18,1.1581081193242012e+18,8.700769665066746,3.026318596568384,0.08214390156867599,0.034093946140341364,0.6308539436058467,0.2488299208234187,0.8943413093347146,0.345,0.0,0.10554321774201697,0.24626068232220646,0.0018275983700494862,57.7496781960684,80.44628488292282,27.98098298630915,20,0.0009329523326094868,14,2.220363140106201,0.3406889295019887
S3,2,54,1,SINE,hyb,sample,50000,10,1002,2.0051223857291873e-18,0.8204315365721535,1.0727619900558074,7.07e-06,14296.07274512217,3.16e-11,4,0.01,0.3866546712714104,0.0072708165189422245,0.39961146102671014,0.008368344320990241,0.3801533650735386,0.4326643757515199,0.46053743827457294,0.42789588288571423,0.4550779911274348,0.40836516410359563,0.43131930207001695,0.39156244612394137,0.40661897596904373,0.3866546712714104,0.39961146102671014,0.3911437500156588,0.4070517474443494,0.4194677991573273,0.43748693471041394,0.5308298201108193,0.5640767637448374,0.6760765617241657,0.7198273085194434,0.7563827859551142,0.8010393456191235,0.6794391345464387,0.24575203191609227,0.6094587312957063,0.8801277678776873,5.467787549557755e+18,2.064114028150466e+18,13.363190866402526,5.044663765406287,0.18796722446434835,0.07910489259467833,0.7136699958609286,0.241719496077464,0.925680904817809,0.563,0.1665,0.04592697328011553,0.24121656051733678,0.0016766500858989397,27.39210385421099,132.10689731301272,49.870939111611584,25,0.0009752381727780068,11,2.6083199977874756,0.3406889295019887
S3,2,55,1,SINE,hyb,sample,50000,10,1002,1.5504845435364237e-17,0.9254317381304058,1.5404696850344648,7.07e-06,16477.544069021867,3.16e-11,2,0.001,0.41152006598312935,0.003373894630160778,0.43162025218885136,0.01140746793967122,0.39831953404792164,0.42910281203528766,0.44561021012830687,0.4280656516996282,0.444670043059087,0.42142146711529005,0.438792577511551,0.41152006598312935,0.43162025218885136,0.42080428710345663,0.44531015895787507,0.45967166105956797,0.49265614688337356,0.5076858258565904,0.5469831299650874,0.5957997459815509,0.6348335940431843,0.7554602259859974,0.7886461495799935,0.8794033071584071,0.9118639215123882,0.09911195578016642,0.17113834915399012,0.5263357665483881,1.4255995381586435,5.175323184171429e+18,1.6521379739926564e+18,86.70827111543026,27.68020899780541,0.024457955034175118,0.007997640964965545,0.8865652526807819,0.16309422149196348,0.9885779596049677,0.83125,0.73025,0.04876901668595663,0.16202115666989242,0.0010887474733876487,44.793689884956834,125.04068277274008,39.91720960241587,17,0.0009627935531465405,16,2.451633930206299,0.3406889295019887
S3,2,56,1,SINE,hyb,sample,50000,10,1002,1.8808446082656826e-17,9.493347445355264,0.7199194741779986,7.07e-06,5840.428090420521,3.16e-11,2,0.01,0.40862981831804834,0.004296835220798857,0.42434225766280004,0.00654147384987852,0.39990730120056817,0.4335140573203212,0.4443214920621837,0.4331346629669704,0.4440124099624757,0.4298883727388458,0.44138862207044455,0.4174284589684282,0.43159462764804973,0.40862981831804834,0.42434225766280004,0.41254451537764963,0.4301416716954489,0.42895705261964423,0.449379190927005,0.5145434192606393,0.5503908682685138,0.5994971717735667,0.6433194786590807,0.6847186973059084,0.7301240433747165,0.8381380493630161,0.36619851007584026,0.7054254665851456,6.834445701049208,2.915743611074306e+18,1.268513744006413e+18,5.7767406929337275,2.513209644605071,0.04164785476024177,0.021591152982046603,0.6123255766884023,0.2308762422910784,0.8521791113878283,0.2526,0.0,0.06516130357530994,0.2297830864302923,0.0019061630002814595,34.184539079652886,70.44711198598438,30.648486869822634,37,0.0008998993427224983,8,0.8536868095397949,0.3406889295019887
S3,2,57,1,SINE,hyb,sample,50000,10,1002,3.28983319249694e-18,1.2676695123989525,2.0,7.07e-06,20000.0,3.16e-11,4,0.01,0.3420366258475151,0.004327779712321567,0.3555078513453938,0.01040276457664558,0.33343539373048625,0.3862052961347359,0.39486314185674903,0.3842531110967752,0.3931898953890778,0.3715081782330542,0.3823372330389424,0.34895933847838967,0.36291426742265637,0.3420366258475151,0.3555078513453938,0.3519739616588178,0.3602067975005558,0.37753987638870823,0.3840974187447822,0.4014875127857155,0.4161401455569635,0.4662122213859191,0.49429334144590226,0.650881227299701,0.6920195065785252,0.6398545538432006,0.13181671940928272,0.4705516107728963,2.535339024797905,5.617716205807263e+18,1.5420448623924582e+18,14.578996385988951,4.00188718194993,0.07885515082892515,0.02531771356700851,0.6640453862715079,0.25847000064559245,0.9328238649976688,0.4512,0.0955,0.13926824039983884,0.2542405986038091,0.0017348560500165021,80.27653960022454,135.72931486598327,37.257256329320285,13,0.001,20,3.5586750507354736,0.3406889295019887
S3,2,58,1,SINE,hyb,sample,50000,10,1002,5e-20,6.3213276104911875,2.0,7.07e-06,20000.0,3.16e-11,3,0.01,0.436341252677129,0.001137056857573969,0.4464146649289675,0.0009423326151105413,0.4352414741777828,0.4814167979042634,0.47991730781058217,0.4676321435545708,0.4696657869533021,0.44593803132545434,0.45453610411499595,0.43756512121655744,0.4479692125913094,0.436341252677129,0.4464146649289675,0.4385115627943385,0.44878901884824235,0.44100605964935247,0.4514113454277249,0.4695681758053098,0.480078232274885,0.7480230458020953,0.75718487995679,0.9972180609993855,0.9546353205516354,209.9362290725064,0.13181671940928272,0.4705516107728963,12.642655220982375,5.617716205807263e+18,1.5420448623924582e+18,0.044434623167480064,0.012197159816817628,0.07814417152949425,0.07573217770061294,0.011956643437427012,0.00958258350873521,0.03689506616265818,0.0,0.0,0.01197290721721983,0.008289502256012812,0.0004344735446394268,27.557275615380092,135.72931486598327,37.257256329320285,13,0.001,20,5.392685890197754,0.3406889295019887
S3,2,59,1,SINE,hyb,sample,50000,10,1002,6.1553635968853084e-18,1.6362478443037844,2.0,7.07e-06,15885.60959565214,3.16e-11,4,0.01,0.3424876186844213,0.004983471394465124,0.35837130765914416,0.00791128884881873,0.3318588967526653,0.3845649316455221,0.3973035415588599,0.38313316691590515,0.3960091497672745,0.3729253615441389,0.3867668232404188,0.35048788055238966,0.3664208500856624,0.3424876186844213,0.35837130765914416,0.35480539883237044,0.36496112556266996,0.37620269086782254,0.3842562813339302,0.4043969774799153,0.42281681213756217,0.4642830794900833,0.4945686363604633,0.6407035740819871,0.6803488673341194,0.4414123432806288,0.13181671940928272,0.4705516107728963,3.272495688607569,4.462047670824646e+18,1.2263943855316905e+18,16.785675774104597,4.613545180460308,0.05443568528045443,0.017181083397239266,0.6856549342761502,0.2545545639616775,0.9426634997935389,0.50205,0.1389,0.14570727447422657,0.2498502452427809,0.0017015775611081778,85.63069812658586,107.80727453521423,29.630843496798715,13,0.001,20,3.25404691696167,0.3406889295019887
S3,2,60,1,SINE,hyb,sample,50000,10,1002,1.4964651651476852e-18,0.1,1.59722440548131,7.07e-06,200.0,3.16e-11,5,0.1,0.44819039012709594,0.004036486987268995,0.46200042668341973,0.00881041291146605,0.4448228523299398,0.5152847077399755,0.5240315612868328,0.4820492224708205,0.49089750295838896,0.4593829693827825,0.46998733292408373,0.4514983462380292,0.4642564995086603,0.44834175244717206,0.4620853957475838,0.44819039012709594,0.46200042668341973,0.4499854527655021,0.46417658989094546,0.48219308507104064,0.4989095240577483,0.6720347179738162,0.7006129394235241,0.8273546964438621,0.8629829594918546,0.11096409765141237,0.16505723172888892,0.5183706450073277,0.159722440548131,6.192150963404011e+16,2.8917899654531304e+16,0.9266338214069781,0.43274629482242377,4.369832279314751,3.249637236520361,0.29857021737415057,0.04944284704609099,0.36826928772519535,0.0,0.0,0.006980392032035466,0.04939052363195615,0.0020321309560637395,3.435010923487216,1.4960819967031274,0.6986836934580903,17,0.0009982652534258189,16,3.6410040855407715,0.3406889295019887
S3,2,61,1,SINE,hyb,sample,50000,10,1002,2.7983867833129743e-18,1.7131993573421664,1.7537759520765308,7.07e-06,20000.0,3.16e-11,5,0.01,0.3481223648073871,0.004910735434026831,0.3570261149578737,0.015124025774172977,0.33811265679177216,0.40429448660458045,0.42088348595520975,0.40146527009588456,0.41809790448552675,0.3839206178154023,0.40050208126634973,0.3559716050514297,0.3699434514614647,0.3481223648073871,0.3570261149578737,0.35752986271047915,0.36275218354450717,0.3796154533275053,0.38740407054084053,0.40310247413978617,0.4169214937245179,0.4591949973198968,0.4862831121182811,0.6240646195003638,0.6663008492296016,1.0165980198619406,0.15032332864777534,0.4981253168969033,3.004567834019659,5.926338272180438e+18,1.7601778963695316e+18,9.680243354772243,2.8751228164839664,0.08588800499720153,0.031162826236372978,0.6128303745059045,0.2587594562863019,0.9020725346848084,0.2842,0.00465,0.13904677253241074,0.25447114246491914,0.0018156512421591432,76.58231344421552,143.18591468105626,42.527555889974565,15,0.0009743199733758505,18,3.2343249320983887,0.3406889295019887
S3,2,62,1,SINE,hyb,sample,50000,10,1002,5e-20,0.1,2.0,7.07e-06,20000.0,3.16e-11,5,0.01,0.4944036471737072,0.0027314303315286092,0.5280501701798215,0.005152124190738742,0.49231803883172987,0.5745332022812769,0.6026844044818832,0.5370127970231229,0.562105896116249,0.5071052895225081,0.5320854689726872,0.49706362147311295,0.5259956471078243,0.4944036471737072,0.5280501701798215,0.49766426122143254,0.5357057591439364,0.5021894599947008,0.5423239287991618,0.5043969815089333,0.5448140545289817,0.5121302288659147,0.5520079661325753,0.5553789085536723,0.5976770376776358,3.321078134347694,0.13181671940928272,0.4705516107728963,0.2,5.617716205807263e+18,1.5420448623924582e+18,2.808858102903631,0.771022431196229,2.8232279342858306,1.312729396820616,0.3754545532567173,0.20298533417386813,0.6126892804418339,0.0,0.0,0.015693721669959818,0.20291839842705361,0.0019037379735665104,8.243635357316956,135.72931486598327,37.257256329320285,13,0.001,20,4.706772327423096,0.3406889295019887
S3,2,63,1,SINE,hyb,sample,50000,10,1002,5e-20,10.0,0.5,7.07e-06,20000.0,3.16e-11,4,0.01,0.43959254025798006,0.001901766618479176,0.4497753678604064,0.002383511234104836,0.4362073547730957,0.4994753749010103,0.5016429399497397,0.4789659488234643,0.48421006565246516,0.45197913612096424,0.45983199190010077,0.4425124677277001,0.45132646422840716,0.43959254025798006,0.4497753678604064,0.44056545355461185,0.4514554756607283,0.4617619126281595,0.4743398203752062,0.48449781165033673,0.4980287807259125,0.5334313901930836,0.5462620739134556,0.7998031355743928,0.7760222091706381,332.10781343476935,0.5272668776371309,0.7914984825837854,5.0,1.3195241951818035e+19,6.177481870297087e+18,0.06597620975909017,0.030887409351485436,0.19400760760655403,0.1876214479919771,0.029570021799115692,0.01950301729406509,0.059826408210124506,0.0,0.0,0.003822486003857689,0.019438797527676833,0.0006968079948000479,5.485709165771796,318.80947417025646,149.25378056401294,53,0.001,5,2.1029109954833984,0.3406889295019887
S3,2,64,1,SINE,hyb,sample,50000,10,1002,6.657238854732474e-18,2.2378860795437245,1.9259554568404682,7.07e-06,19121.145533068116,3.16e-11,3,0.01,0.34817718922627033,0.0045620393969087085,0.35916548623408034,0.006170002047909767,0.33716441589678897,0.37442935938336414,0.3822784207163947,0.3737404020876383,0.3816609112393827,0.36839518018089534,0.37688136003834205,0.35377918974277234,0.36386034455676314,0.34817718922627033,0.35916548623408034,0.3611831070343455,0.37114796260087596,0.38131754828548714,0.39209218294582177,0.41051153328262463,0.4328021938555723,0.48159207998897446,0.5148653978066704,0.6503072984781307,0.6907243404638594,0.5582039857748512,0.13688449433355865,0.47836199055547557,4.310068906684559,5.458421150066156e+18,1.5357055791485844e+18,16.237651102026952,4.56840003804923,0.04166634051648164,0.013459771911154777,0.6829655970124365,0.25713114736732257,0.941440389422478,0.50005,0.13595,0.14974963649126943,0.25216880337481906,0.0016990579743684769,88.13686098435217,131.8805962790727,37.10409327516975,14,0.0009629777284202341,20,3.0141141414642334,0.3406889295019887
S3,2,65,1,SINE,hyb,sample,50000,10,1002,6.0546988332051526e-18,1.9346210273927094,1.8649079093306586,7.07e-06,16922.791123260264,3.16e-11,5,0.01,0.3458906624615725,0.005399235851360672,0.3517021396555233,0.006110903758393437,0.33222892749332816,0.4035609342729969,0.41229921033653005,0.4014157192210244,0.41010966700905654,0.38659713598704687,0.39484534485743694,0.3566550289032221,0.3628732910392637,0.3458906624615725,0.3517021396555233,0.355235347167911,0.36297669114812664,0.37497666986785777,0.3828843292556804,0.40630101479213054,0.4241928281834985,0.4592369448931873,0.488877262386923,0.6251102455338509,0.6644452664001486,0.5305819306062829,0.1413653926285224,0.48509982446719957,3.6078900555420685,4.886373898342514e+18,1.4010327215872435e+18,15.292670720513655,4.384750845031826,0.05147319097055908,0.017011962822413462,0.6787937112659339,0.2558894865629174,0.937663204491443,0.4887,0.122,0.14232106425471017,0.25141212678228925,0.0017132991961071736,83.06842411301022,118.05939586543215,33.85027018796055,14,0.0009815304785950835,19,3.118238925933838,0.3406889295019887
S3,2,66,1,SINE,hyb,sample,50000,10,1002,5.389219202356301e-18,0.6799218383857729,1.9937563630224564,7.07e-06,8721.875258713362,3.16e-11,3,0.01,0.35955072733845733,0.006267429867788726,0.3610561913652272,0.008613372060890679,0.35112858956298626,0.3901137784971679,0.3936939040392357,0.38798766474846647,0.39137892706627786,0.37646510141462974,0.3785874634556818,0.36268379630895486,0.3630286424301233,0.35955072733845733,0.3610561913652272,0.36917546405745794,0.37442088583465083,0.39101177055108893,0.40160576653701485,0.41320415625778556,0.43142515192968434,0.5596961172090893,0.5944415130861767,0.7330778827282108,0.7751900454299412,0.20949913760616662,0.1322295159569585,0.47119559697887253,1.355598491639561,2.4524387726969134e+18,6.787528508525674e+17,19.438602174920053,5.379953534296245,0.11562490990310763,0.0360925637808155,0.7181092368887749,0.23807309251983508,0.9466544613201774,0.5608,0.1916,0.10414046435687624,0.2355805183928239,0.0016714693925673765,62.30473906370282,59.25323070339969,16.3993081947281,13,0.0009968781815112282,20,6.094613075256348,0.3406889295019887
S3,2,67,1,SINE,hyb,sample,50000,10,1002,7.295422268583917e-18,2.755363253810049,1.9688652117065426,7.07e-06,10084.876084045382,3.16e-11,2,0.01,0.3516399154204807,0.005140018112428799,0.3583736844160298,0.006586149322008807,0.34715573678222167,0.37295033284834544,0.37527952707478013,0.37248993315310563,0.37490566116901825,0.36877214699512084,0.3719020537628591,0.357154721275032,0.36272283636527053,0.3516399154204807,0.3583736844160298,0.36344848873229385,0.36884323434892563,0.38508740467103014,0.39113902009566054,0.4008633054786931,0.4129738702483231,0.4702936956902627,0.5001117374426632,0.6103241526121672,0.6528768995683847,0.6271588070932792,0.13390121235879693,0.47378926318356074,5.42493885604115,2.8477634887843743e+18,7.92731841123971e+17,7.540071946234205,2.0989296125490244,0.05948307895550402,0.02158458101773793,0.5564029673637421,0.2507142229674216,0.8795813995584936,0.14585,0.0,0.18958023982736444,0.24255074450768288,0.0018894673736047397,100.33528097692519,68.80464820090033,19.15314795663382,13,0.0009844326058532713,20,3.2332842350006104,0.3406889295019887
S3,2,68,1,SINE,hyb,sample,50000,10,1002,5.95583089679792e-19,0.33245889953422625,0.7667714306665034,7.07e-06,19998.32789881989,3.16e-11,5,0.01,0.4721139300265745,0.014190712194982545,0.48229757826063235,0.022445661334293272,0.45910987451533297,0.5479831901296547,0.5514767400279876,0.5289612675636919,0.5324297974454575,0.49351994612737443,0.4972984542757751,0.47704610412783977,0.4826490112491798,0.4721139300265745,0.48229757826063235,0.5029924113773234,0.5286605057312437,0.6243535802873658,0.6659654658568448,0.7117686124408774,0.7588285437947745,0.7448425931592983,0.7883444679630641,0.8025965627534422,0.8449566870926141,0.9269252275161415,0.3438227198806904,0.69018591150253,0.25491998603367,9.530418226759733e+18,4.022703600302416e+18,17.073256096878264,7.206467453543038,0.47801317030905316,0.21704996064232954,0.7677630988986934,0.21983819355395834,0.9392617249200146,0.65175,0.41515,0.015353911070909448,0.21976973835208793,0.001564102744996389,9.816433811670661,230.26388107095457,97.19230797268645,34,0.0009584642883331293,8,4.222909927368164,0.3406889295019887
S3,2,69,1,SINE,hyb,sample,50000,10,1002,2.393357026801415e-18,1.1630142552023686,1.9844294593686846,7.07e-06,16422.66200228876,3.16e-11,3,0.01,0.3612688610788366,0.0049992642530045745,0.37079984686940065,0.004456270722050939,0.356063976550396,0.3971636620926725,0.4057817348499905,0.395387284458547,0.4040747273969097,0.38425099383610606,0.3934372311117579,0.3661709089143177,0.376256018341213,0.3612688610788366,0.37079984686940065,0.3688241598529943,0.37799982673226745,0.38466688696924317,0.39430586344771634,0.4014279547975274,0.4132376120240734,0.5012495246574277,0.533798122942842,0.6476828535983798,0.692160905682697,0.8069128779439174,0.13285100035878136,0.47216250499172463,2.30791974968931,4.625050702889677e+18,1.2767466039489295e+18,9.517852037976713,2.627405848498658,0.11944917306916737,0.04119573344680527,0.5976454422918076,0.25674072986763763,0.8953612009091497,0.2357,0.0,0.1424665780768237,0.252171378779184,0.0018387918294748501,77.47836149430327,111.74558132265817,30.847400520574556,13,0.0009922147296843424,20,4.012291193008423,0.3406889295019887
S3,2,70,1,SINE,hyb,sample,50000,10,1002,2.1815684515323952e-18,1.0062705932243505,1.989624673823459,7.07e-06,19899.855727807088,3.16e-11,5,0.01,0.34992974491387946,0.008670061058780076,0.35805107035756617,0.011394620576469379,0.33864410683660495,0.40987634115216476,0.41625752926619003,0.4061152835240299,0.4127823323979854,0.38524687148611364,0.3933255673445629,0.3571321528703509,0.3663553887806095,0.34992974491387946,0.35805107035756617,0.35940296219240875,0.365995401825701,0.3799835399205709,0.38915124317901484,0.40242193126132786,0.41587219042781687,0.47475147644131105,0.5029868148382641,0.6514099435873781,0.6942788423050179,0.765940500754635,0.13250410606938312,0.47162319614403,2.002100800822137,5.599371739652202e+18,1.5417242903124396e+18,12.139292172382754,3.3424181282389083,0.11502239907253602,0.03801387048352186,0.6372994627922918,0.25906298348819073,0.9168594211474823,0.3615,0.0432,0.13100428750866736,0.25529407888833344,0.0017804480925678182,73.57939164613828,135.28609528500218,37.24951100591981,13,0.0009948123369117295,20,4.39150595664978,0.3406889295019887
S3,2,71,1,SINE,hyb,sample,50000,10,1002,1.5399797529794618e-17,9.958703826133696,0.6762717921165621,7.07e-06,17927.0717674891,3.16e-11,1,0.01,0.48049346086010986,0.001276700430481176,0.5143187317442316,0.003697475975120671,0.47720438619717676,0.49377407686047026,0.5262974872327859,0.49361341260320346,0.5261523273698838,0.49218695812627605,0.52486238492955,0.48581867316896765,0.5190589634547579,0.48049346086010986,0.5143187317442316,0.4820540686066096,0.5164474194291379,0.5298939979350671,0.5676114815207639,0.6391654279947606,0.6840096850118039,0.7099096048766425,0.7528642176798301,0.7879222119147705,0.8291863050389171,1.0738333883750233,0.38983355788574076,0.720496137626061,6.734790483657498,9.364696353479907e+18,4.0947463066938726e+18,14.48124477737234,6.331975040113354,0.02025139444088987,0.00959113564208479,0.7526760706821252,0.22124278004556047,0.935386949236269,0.62205,0.34475,0.04501722442828285,0.22061386036352496,0.0016147663286383447,27.878476055568807,226.25988451888136,98.93292761621622,39,0.0009661025601665173,7,0.7548060417175293,0.3406889295019887
S3,2,72,1,SINE,hyb,sample,50000,10,1002,1.0376137920278375e-17,0.14039836715927867,1.8790927070117316,7.07e-06,1229.2921053862817,3.16e-11,1,0.001,0.4580211680355539,0.008550595640208235,0.4602655757768842,0.0059606212407978965,0.4513636064309258,0.46869990643630377,0.4681699955711253,0.46628995961141795,0.4662285839324,0.46008147999756577,0.461292044762635,0.4580211680355539,0.4602655757768842,0.4646431519730794,0.472425153225978,0.5313031667322594,0.5615719928099827,0.6194110606087355,0.6646889206632838,0.6600624330739203,0.7022132132510677,0.7830264928249322,0.8166885829172651,0.8763134029989119,0.9104615366011973,0.022468569271787895,0.14029826087602368,0.48350909748897947,0.26382154780535594,3.540193233318572e+17,1.0864448946922206e+17,26.16378950595373,8.029368359618973,0.4197902672150134,0.13954021237119552,0.8307050763278135,0.12090172869346243,0.9493905114358844,0.69935,0.4388,0.034827649043097535,0.1203842862878259,0.001535938444302416,22.675159393458223,8.55344030292593,2.624953197952266,14,0.0009889961615851218,19,6.441657066345215,0.3406889295019887
S3,2,73,1,SINE,hyb,sample,50000,10,1002,5.542968999597579e-20,7.005317971606442,0.5533160256113027,7.07e-06,9557.464106981799,3.16e-11,5,0.01,0.4406715811782934,0.002253533983798645,0.4479369346437873,0.00222777052508374,0.4366875402690698,0.5261170807892247,0.5138550899453229,0.48663009027684456,0.4834832211487437,0.45297052366477963,0.45767085411049474,0.44333585888824106,0.4491508242055297,0.4406715811782934,0.4479369346437873,0.44175485574854034,0.4507458148707711,0.4637422958537525,0.47513024314462304,0.48655110146405905,0.49906462126622503,0.5733278361041882,0.5845984823115418,0.8722224202388521,0.8410855455518457,209.86233498098358,0.47646087699575235,0.7681347801517674,3.876154698192709,5.821252646470561e+18,2.6825720986258166e+18,0.04606075425697242,0.021225894444957653,0.25262543837271934,0.2466277777957372,0.020595535785337467,0.013611731809853596,0.0417687471589854,0.0,0.0,0.0026445662279602996,0.0135678273734213,0.0005850195159030507,4.520475225306084,140.64694698362786,64.81346862069965,48,0.0009221933760188378,6,2.2983109951019287,0.3406889295019887
S3,2,74,1,SINE,hyb,sample,50000,10,1002,5.072089336007477e-18,0.1075313698042969,1.930619609567164,7.07e-06,19932.446509439087,3.16e-11,3,0.001,0.41400941510003053,0.005741056442293212,0.4307776545793051,0.00829805565781776,0.4006487561595774,0.4431594102080597,0.4525087372852134,0.435475762229668,0.44455439854671014,0.41855786237471015,0.42850217563195975,0.41400941510003053,0.4307776545793051,0.4335995286288477,0.45867244698569715,0.4601331305566547,0.49095628112553696,0.5193021191199357,0.5535522958138941,0.7236649958531273,0.7530534601711395,0.8963380695881182,0.9232799539709424,0.9450141582035396,0.9722813271049955,0.03520443522931077,0.13655379729498907,0.47785858050668373,0.207602171187794,5.68520995569659e+18,1.59695992266103e+18,268.16261005260577,75.32614351051136,0.06310950723805514,0.01789589313830782,0.9419925440918268,0.10286219767766311,0.9962049939383446,0.9086,0.8493,0.018740087603279602,0.1026380986930619,0.000774274890871335,24.20340349948625,137.36002743575395,38.58405590997058,14,0.0009653098047835819,20,6.2796101570129395,0.3406889295019887
S3,2,75,1,SINE,hyb,sample,50000,10,1002,5.1814908316011927e-20,8.390468775889632,0.5801775154591066,7.07e-06,19934.413556691827,3.16e-11,1,0.01,0.4498822329484188,0.0008858688347843361,0.46136979332864814,0.0019861507511251737,0.4500134589816967,0.46023073826122946,0.4719549870536891,0.4576070978619137,0.4694284836668987,0.45229201711602735,0.4642574338583123,0.4500037008053437,0.4614750836824422,0.4498822329484188,0.46136979332864814,0.4556155581083252,0.4684740831384279,0.46132430043059003,0.4747422403562608,0.4714402552697933,0.48449898738613156,0.654687016111729,0.6650229712902159,0.9526601851998452,0.9140695003262251,268.893676493519,0.4544013371665167,0.7570170306179982,4.867961327932858,1.169078800957464e+19,5.30016849517588e+18,0.07219585997372521,0.03273091789890305,0.19891416059745756,0.19159261038550943,0.031243502797530538,0.02087934503426423,0.06432465994138087,0.0,0.0,0.005004097864797545,0.02077800804462307,0.0007127228116830073,7.021099623542262,282.4604498786706,128.05706307855684,45,0.0009669625257651776,6,2.823604106903076,0.3406889295019887
S3,2,76,1,SINE,hyb,sample,50000,10,1002,3.792732202632691e-18,9.175956699207227,0.7278933309280233,7.07e-06,291.04156172822485,3.16e-11,3,0.01,0.4449194024256678,0.001919494787218563,0.4534300226409059,0.004833236718968835,0.4413150889284701,0.48158605809547195,0.4835488273257855,0.4738733349407817,0.47682931980736337,0.4560120088345073,0.4615483659193675,0.44750503076433024,0.45414733227655796,0.4449194024256678,0.4534300226409059,0.4487870068893572,0.45993647849708597,0.4586840590153193,0.4711346861896713,0.478361308717527,0.49133312245807115,0.7005891390081012,0.7157024215410366,0.938657090801752,0.9100552306791705,4.017429589980681,0.36218691340728115,0.7027655041483212,6.679117686237259,1.4448229620365885e+17,8.248133126960062e+16,0.05971940316253628,0.034092314455805635,0.14478434102104862,0.1412830357324798,0.03283862834552821,0.011193521782306343,0.053515584307441584,0.0,0.0,0.008630905061787807,0.010770261949148496,0.0007840590538862182,11.007978313633904,3.4908283643297096,1.9928266527391016,36,0.0009098666636600291,8,4.3219218254089355,0.3406889295019887
S3,2,77,1,SINE,hyb,sample,50000,10,1002,1.6686709082826022e-17,8.261135804365685,1.6455432296898826,7.07e-06,5833.743270192749,3.16e-11,3,0.01,0.37228532226031197,0.005586121527368268,0.3803536250446855,0.006360704418474402,0.35681426533375016,0.40309099172916885,0.4088510469557252,0.40270847739032156,0.4085031422166887,0.3993558805902799,0.4054454003298664,0.38489005089739026,0.3920368340059278,0.37228532226031197,0.3803536250446855,0.37647796597786576,0.3845789242799998,0.38914096935990894,0.3938231482604617,0.4041742110207423,0.41180945769238325,0.45968036408630636,0.48698030118635466,0.5594539976496301,0.6006694460244681,0.822087727081931,0.16021058217245956,0.5118636993050705,13.594056092422635,1.7777141707769034e+18,5.5383808407178336e+17,3.5908136487110074,1.1187002861049322,0.03472013596117323,0.016023643655236196,0.4419016138684128,0.22385291579461725,0.7806316036112383,0.0,0.0,0.19330083188385686,0.21414061933789832,0.0019442121946640777,99.42373184078063,42.95124879709471,13.381249771934645,16,0.000967966605699931,17,2.4120523929595947,0.3406889295019887
S3,2,78,1,SINE,hyb,sample,50000,10,1002,5.1889461422557254e-20,1.737637770863889,1.8905430602946474,7.07e-06,19668.019829400793,3.16e-11,1,0.01,0.43778867293335744,0.0008354722549678127,0.4505175511727604,0.0010891824971970903,0.4379611501624212,0.4481207533537515,0.45641027900256026,0.44522528202552153,0.4544691413624832,0.44001656772571157,0.45129701076448203,0.43809135113319747,0.450334725045907,0.43778867293335744,0.4505175511727604,0.4384392363284281,0.45155123058820534,0.43895893517323953,0.45211019394845386,0.44152519251385136,0.45438177283273884,0.5342949093978099,0.5451020995793066,0.8606101363295927,0.8292147798126216,55.60696380367564,0.13944852373660152,0.482236271464638,3.285079029012586,5.651393207968458e+18,1.6066460019757038e+18,0.16876230176717985,0.047977775999756646,0.2904705488419833,0.26045217176202934,0.04473132569312715,0.03158664954331023,0.10462843802221387,0.0,0.0,0.021051912549138553,0.030458533246287448,0.0008333853565261139,25.260718087118075,136.54298295860676,38.818080709542905,14,0.0009950226633129724,19,5.194830894470215,0.3406889295019887
S3,2,79,1,SINE,hyb,sample,50000,10,1002,2.9652855960115814e-18,0.6694145073819826,1.6217877452925673,7.07e-06,11020.520590883612,3.16e-11,4,0.01,0.37143249365919867,0.004742454337844961,0.3784696305756767,0.007807091340408975,0.36483922084608666,0.4160242135428224,0.42178551475811377,0.41186958197983553,0.4176323893276474,0.3933585522295839,0.3991189295160842,0.37604737814318,0.38194279907438977,0.37143249365919867,0.3784696305756767,0.3768128697580797,0.3870642586948034,0.3959689603485237,0.4092966314762673,0.4377727715691062,0.4581079508743674,0.6044456580058409,0.6434249831805999,0.733747949503044,0.7779753482202274,0.374867413491586,0.16255730109183092,0.5150323429206456,1.0856482445931601,3.378074877575725e+18,1.0519464418209325e+18,14.963758129322986,4.6597759643821,0.1627464878421031,0.0576999884810584,0.6983713069855411,0.24562978608800656,0.9304052092902592,0.5296,0.13235,0.07903853809139838,0.24421225937565366,0.0017035022001217353,46.397673032503356,81.61747085503703,25.41601686401791,16,0.000953992791348569,17,6.660661697387695,0.3406889295019887
S3,2,80,1,SINE,hyb,sample,50000,10,1002,1.3428358691644634e-18,6.178608937966383,0.5527057368537069,7.07e-06,18935.23743511075,3.16e-11,5,0.1,0.40570180574566195,0.006870865663641846,0.41537763084277907,0.009322005637889107,0.40424706773873587,0.48328730385011565,0.48339067790651064,0.4794535062494454,0.4799289279105456,0.4568051973032558,0.45951582196294416,0.4223826124472819,0.42839015327684604,0.4074597233758497,0.41509240801735975,0.40570180574566195,0.41537763084277907,0.4386486891744448,0.45662871196172883,0.5066368779458238,0.5437931740470882,0.547872410135168,0.5906341756090168,0.6067314379091486,0.6519900242113297,7.640413663262164,0.4769869774091839,0.7683923221424714,3.4149526057896096,1.1541397836570864e+19,5.292833051835236e+18,2.5083644475394724,1.150324635020984,0.13617936001987177,0.08346619543402704,0.45907889708216504,0.21776508789955934,0.711584399729078,0.0,0.0,0.038234727827727306,0.21730817895883126,0.001974863433235088,19.36069461020591,278.851042588115,127.87983185818396,48,0.0009211762280895116,6,1.0778272151947021,0.3406889295019887
S3,2,81,1,SINE,hyb,sample,50000,10,1002,8.739768346605996e-18,1.6706310720699977,1.9242352862396805,7.07e-06,10451.226954186614,3.16e-11,4,0.01,0.34649706013855214,0.0030484848018677378,0.35529661669770096,0.0051829280120570045,0.33444837268559685,0.3892260071124071,0.3890666367560878,0.38777676327406513,0.3877592887602345,0.3775493128711798,0.3787013086618073,0.3554865143041344,0.36093847785642674,0.34649706013855214,0.35529661669770096,0.3556402045775776,0.3625728600693236,0.377574229672893,0.38549376815461256,0.40550956976132396,0.42429773788898106,0.46824470752179925,0.4988660417717169,0.6461211466570086,0.6861378178349045,0.317416669640228,0.13700686226046452,0.4785480501266958,3.2146872591655162,2.984407155313855e+18,8.43702771236415e+17,15.6126793194851,4.41376130090727,0.05745954302328939,0.01872498977467422,0.6836481200506649,0.24846691220416592,0.9385014038354277,0.4897,0.1233,0.1428764951192513,0.24386836480805266,0.001726977223835141,82.73212474798129,72.10608788908714,20.38465363773111,14,0.0009621176431198402,20,3.3727519512176514,0.3406889295019887
S3,2,82,1,SINE,hyb,sample,50000,10,1002,3.133318493760019e-18,7.612599799087587,1.3387290597104904,7.07e-06,19996.499419573804,3.16e-11,3,0.01,0.376060869593914,0.003952112304419501,0.3881651711814241,0.007506279231868944,0.3627028761201174,0.4116947149455831,0.4200558712299429,0.41107133179772426,0.41949831755277944,0.40591252358101065,0.41490626511408146,0.38816644460301053,0.39941375556837105,0.376060869593914,0.3881651711814241,0.37749560654040076,0.38674845651481804,0.39215329895032636,0.39570234894889544,0.4153302877448198,0.42570358941130226,0.4818477164985695,0.5141919507802044,0.5562417937371148,0.5985687159941045,4.034386990763695,0.1969281512986489,0.5578840645068228,10.191208570984793,6.745009810763743e+18,2.3086834238823117e+18,2.7762215981972234,0.9502457319711808,0.050313551488922484,0.02598464801388453,0.40983048006805955,0.22050250045883657,0.7321468083131801,0.0,0.0,0.14880060872457399,0.21430327925210127,0.001907364740694247,78.0137147079762,162.96579016093997,55.77996607270222,20,0.0009562350426503503,14,2.1138689517974854,0.3406889295019887
S3,2,83,1,SINE,hyb,sample,50000,10,1002,1.0444563275313994e-17,0.6388429630758476,1.9761380746711987,7.07e-06,14180.251644320277,3.16e-11,5,0.01,0.3598988540957272,0.004633435138827767,0.366015634702513,0.0067841962891918,0.35043211919681105,0.40943243948171293,0.4005474560781617,0.4054408161940074,0.3969782362358386,0.3847251068440637,0.37931540641249917,0.36047744740748766,0.36158471538918724,0.3598988540957272,0.366015634702513,0.3813041700938139,0.3937360881176368,0.41269153702828854,0.43580290985565356,0.47204287537855816,0.506164125085993,0.5959840462784782,0.6307706437597033,0.7977223377857394,0.8319439020287158,0.10156707083041276,0.1334084101701397,0.4730270386102378,1.2624419030699492,3.9991951948151793e+18,1.1077288931763323e+18,65.38359139383621,18.11046718111866,0.041449308983039446,0.01193240140174114,0.8506504645435629,0.19089009579536728,0.9848152189002085,0.78225,0.6491,0.06986539012211615,0.18931370245623094,0.001244825547242825,56.12464355094705,96.62432275351928,26.76377343032268,13,0.0009880690373355993,20,4.658275127410889,0.3406889295019887
S3,2,84,1,SINE,hyb,sample,50000,10,1002,4.7120676312991594e-18,9.297731908339648,1.7096045096020056,7.07e-06,8680.530738638048,3.16e-11,1,0.01,0.4047377399461266,0.0031444216497818786,0.4026863551467928,0.005607450088104981,0.39855168097798316,0.41444904542455685,0.41168874266514655,0.4142936845865332,0.41154750957150676,0.41296641785840726,0.4103390995728861,0.4079023046043357,0.40566467056571387,0.4047377399461266,0.4026863551467928,0.41227434608686303,0.412951846547882,0.4317914978026035,0.4409051135075729,0.45005511412244414,0.47327303552732564,0.4693336744982134,0.5001084196755295,0.522106304993676,0.5514855144369791,3.27653341971454,0.15420726684906738,0.5035987863994957,15.895444399567923,2.597558769569533e+18,7.871871638675863e+17,1.3164363867608673,0.39894451584558854,0.04497040881278366,0.027158573032065023,0.2501965963252186,0.1578577193223852,0.5611003736891746,0.0,0.0,0.16509335011218226,0.14622746934248385,0.001714861684735632,96.27210846315779,62.75946651654252,19.019183331581363,15,0.0009497802831122253,18,2.914152145385742,0.3406889295019887
S3,2,85,1,SINE,hyb,sample,50000,10,1002,1.7040622726363206e-17,3.3519475075270893,1.9635128579555465,7.07e-06,8349.845419353529,3.16e-11,5,0.01,0.3452984300624903,0.006524622029609998,0.35630884397077833,0.00761992405854893,0.32560817535457837,0.39528085898086324,0.4040922162655291,0.3941576780070247,0.40300419605216503,0.385256200895164,0.39444146746483255,0.3590385913156622,0.3697431349653154,0.3452984300624903,0.35630884397077833,0.3547825001640296,0.36388089881063473,0.3758836264048887,0.38280350726826856,0.40353048535240915,0.4203306206765471,0.4455691435127461,0.47370133061346575,0.5772138005479354,0.6151299455601332,0.3266335906113117,0.13426621463180358,0.4743525513855834,6.581592030221485,2.360013007608636e+18,6.593357217429509e+17,11.997828486770683,3.3519293661388625,0.034913002832376146,0.011689562024991478,0.6388964143237644,0.2507414740772992,0.9225427039516038,0.34355,0.05415,0.18150258892135132,0.24345313625973766,0.001806326483131921,100.48160762535622,57.02013716292713,15.930172066422404,13,0.0009817564289777733,20,3.045307159423828,0.3406889295019887
S3,2,86,1,SINE,hyb,sample,50000,10,1002,5.094283473002189e-18,2.9783497599410893,1.9868970024188062,7.07e-06,19900.715078637582,3.16e-11,1,0.01,0.35806957576523657,0.003656412840827956,0.3646616304472814,0.003871994503699974,0.35344057833547216,0.3664777655157274,0.3742148792566307,0.36633005385432305,0.3740553075117037,0.3650809173621218,0.3726984390704317,0.360514062625489,0.36761582604364956,0.35806957576523657,0.3646616304472814,0.3690074119397014,0.3741365205771251,0.3895515716556951,0.3981035220695702,0.41796859281901455,0.43880419353836214,0.5087651537645356,0.5441497863214748,0.647852011240859,0.69076658257677,0.9708266448658032,0.1326860116541641,0.4719061236269161,5.917674210181722,5.602195449250051e+18,1.543738123632154e+18,9.582209609326442,2.6404687977338983,0.0464185569357221,0.015968811278449686,0.5928401223797383,0.2601966175349653,0.9040454425741294,0.2316,0.00775,0.18547991517106704,0.25270512813087,0.0018306599466214868,101.31860672069288,135.35431876854167,37.29816711575615,13,0.000993448501209403,20,2.895221710205078,0.3406889295019887
S3,2,87,1,SINE,hyb,sample,50000,10,1002,5.3457784520853946e-18,0.7755946353630992,1.9896253235441224,7.07e-06,12185.828503287456,3.16e-11,1,0.01,0.365198338142669,0.0027538756048614576,0.3727001845623154,0.005156402055904786,0.36310455549648296,0.3732261043274475,0.3794242659575729,0.37280996274393474,0.3789955249238981,0.3700789146977429,0.37619660879276984,0.36531330423627106,0.3716075397268166,0.365198338142669,0.3727001845623154,0.3787278526876192,0.38775646662467445,0.395250279508314,0.40836805492243544,0.4583950789136879,0.48597501962431267,0.6379286087615965,0.6768392956238836,0.7688403695165911,0.8099847305700715,0.24092004632336889,0.13250406279960028,0.47162312881194124,1.543142727323392,3.428827772852203e+18,9.470745587358724e+17,23.63316194863065,6.52770214976836,0.08608579146199169,0.026307146390882608,0.7399943491804087,0.23916718028965697,0.9573185274198484,0.60805,0.27625,0.10460385188223403,0.23664042088751908,0.0016001221004801737,65.37241867407738,82.84370860913009,22.882213389729504,13,0.0009948126617720613,20,4.490661144256592,0.3406889295019887
S3,2,88,1,SINE,hyb,sample,50000,10,1002,5.591145006978693e-19,1.9930643108540331,0.5262287225001453,7.07e-06,8318.44765828137,3.16e-11,5,0.01,0.4766771144327472,0.005577232140858999,0.5020387469982539,0.009442644002783638,0.4728560180793119,0.5637399386401417,0.5655017097267873,0.5480595106808812,0.5521514936976499,0.5060155260721589,0.5175352923987184,0.48250744153320524,0.5022085470483793,0.4766771144327472,0.5020387469982539,0.4814136115645452,0.5133602156077095,0.49358611178218065,0.531160871864525,0.4978635200903351,0.5363041491721943,0.5129188124292051,0.5507464653031682,0.5718419434248916,0.6132760594419879,5.919290498515332,0.5009864105593222,0.779783403362155,1.0488076861613502,5.268854529680701e+18,2.456961076379756e+18,1.4780722094962453,0.6892514998000858,0.5644296575916835,0.3847602349780698,0.3593685070340638,0.18356968856567243,0.5801381323122952,0.0,0.0,0.014367183799736748,0.18348847663953655,0.0019371351868543432,7.4167171693717435,127.3004881775314,59.36249381994047,50,0.0008770478708335755,6,1.7298400402069092,0.3406889295019887
S3,2,89,1,SINE,hyb,sample,50000,10,1002,6.984137363093224e-18,2.2465128653316353,1.981071607636979,7.07e-06,10153.273228183009,3.16e-11,5,0.01,0.3405920719604105,0.006622984374967046,0.35816492609458794,0.010866315384893835,0.32569598798079485,0.39815214917291497,0.4067985173430211,0.3962718177534522,0.4052259465951618,0.3830540296483035,0.3943201193754605,0.35390710192179203,0.3707604360327053,0.3405920719604105,0.35816492609458794,0.3491309219888286,0.36032419200552807,0.3751392097199472,0.38209359903065876,0.3971743929820648,0.4086474949036362,0.43436064409515396,0.45720311749261866,0.5804087311322788,0.6197067328207229,0.5341278648820363,0.13307617846940284,0.4725120575784395,4.450502853699699,2.8610735305941693e+18,7.935310512935478e+17,8.894732299087002,2.4669922659426975,0.0648094063418394,0.022708417343259263,0.5860106675162571,0.2525790925909042,0.8955981358405003,0.2038,0.0,0.1785280369131037,0.24543557071570987,0.0018645450312174464,95.74884699702567,69.12623134776943,19.17245762710782,13,0.0009905358038184895,20,3.3875370025634766,0.3405920719604105
S3,2,90,1,SINE,hyb,sample,50000,10,1002,5.791500192830727e-20,7.816869363422477,1.806206401183613,7.07e-06,12231.479926651633,3.16e-11,5,0.01,0.43598277075583625,0.0009846338139161315,0.4458346734586702,0.00209462133938247,0.4342610582626908,0.5101505298225344,0.4983563100016187,0.47665057112479525,0.4721894439381555,0.445430102498221,0.4515012847864705,0.43715176889497875,0.4465284603531183,0.43598277075583625,0.4458346734586702,0.4399955997885779,0.4502010490977867,0.4470269523275003,0.4575465325385107,0.4980906838506395,0.5088378931840324,0.80851854336015,0.8176745138235164,1.015305042291359,0.9713534070125929,224.1252961888102,0.14595975224415414,0.49185217213563326,14.118879481429751,3.58444652786229e+18,1.0509570202588454e+18,0.02655708032482301,0.007786515934329229,0.07027991468824533,0.06899484862684649,0.007689352687432692,0.0060483717606203535,0.023174197444285713,0.0,0.0,0.007258420591223139,0.005305442917735828,0.0003510407512409395,20.67686035186629,86.60360430766711,25.39211150714052,15,0.0009506349479913753,19,4.7558979988098145,0.3405920719604105
S3,2,91,1,SINE,hyb,sample,50000,10,1002,6.7496085930954256e-18,4.698420855285609,1.111172762436533,7.07e-06,19713.063006356486,3.16e-11,5,0.01,0.36803200172604605,0.0030062024613145234,0.37532041587962833,0.007337849936954026,0.34623667411018066,0.42721405114737204,0.42882636153666853,0.4257681935233245,0.427398905458488,0.4147019690326955,0.4165942369672366,0.3848443906297347,0.38905552783662534,0.36803200172604605,0.37532041587962833,0.37241924750955413,0.38101963301377906,0.39862599797383325,0.4127222507087785,0.4385229694334548,0.463999543203236,0.5153241628533742,0.5500084636306755,0.673380942729699,0.7161592723803408,1.1559057501804104,0.23725693045290372,0.6011434218438552,5.2207572808571285,7.380027699703775e+18,2.741392292283281e+18,10.601923478856783,3.9382008429970696,0.03878803223929704,0.016509598072367928,0.6710525875461697,0.25289809983121553,0.9135429807829979,0.47835,0.05705,0.0941941203343081,0.2508385408229658,0.0017436773025864922,54.020385649675426,178.30842048184778,66.23461990227545,24,0.0009259773020304442,12,1.7548389434814453,0.3405920719604105
S3,2,92,1,SINE,hyb,sample,50000,10,1002,1.3476392555546385e-17,0.5478043308521796,1.987889088493745,7.07e-06,19887.867568956375,3.16e-11,1,0.001,0.43123924763644333,0.0033439854178949793,0.46047336342620254,0.00881991979322797,0.42667311483306636,0.43786045011832064,0.4650171897197457,0.4372437345152961,0.46447771936072435,0.43356264358620356,0.4612981768770106,0.43123924763644333,0.46047336342620254,0.4493451739760531,0.4823414897087345,0.4831970805186462,0.5229176038824223,0.5370676187115374,0.5794684735742133,0.6448725342001161,0.6822559142475755,0.8085112942582322,0.8398021445999492,0.9032929263624052,0.9337475440683765,0.06749955440951393,0.13261979269594193,0.47180316113887144,1.0889742519306653,5.597639314000823e+18,1.5420380154577252e+18,137.70607593131686,37.935278093833865,0.02358517525676119,0.0066204407510491396,0.9024140838532378,0.15331540224656331,0.992776049161708,0.85555,0.76865,0.04955592242597322,0.152128995191831,0.0009936670710066374,49.871756720055586,135.24423824949105,37.257090900928,13,0.0009939445442468725,20,6.507709980010986,0.3405920719604105
S3,2,93,1,SINE,hyb,sample,50000,10,1002,1.136137225280817e-18,5.809724673348224,1.9629103558415497,7.07e-06,19547.421200236928,3.16e-11,1,0.01,0.41433217422177754,0.003817655976521695,0.41581237614026223,0.004073934700992778,0.4115620751593715,0.4254149566963618,0.42387086930626444,0.4251165416332898,0.4236343628430335,0.42282992967033506,0.4218357460940389,0.41684564812527053,0.41725315682108927,0.41433217422177754,0.41581237614026223,0.4208426833230419,0.4251143319661315,0.43584905386646566,0.4475935949639574,0.45040071507295004,0.47425936478434016,0.4617046279699039,0.48986349622580183,0.5169063201105288,0.5408485358412594,8.4912936350924,0.13430742674213417,0.4744160843054108,11.403968725903395,5.525456270523134e+18,1.533507722118645e+18,1.0805463096041577,0.2998894622919344,0.06745863656861581,0.042146993033194524,0.2049937334337809,0.1383956758167718,0.4984539513322984,0.0,0.0,0.15518975069915958,0.12582304060044297,0.0015895733932911882,97.62981146648504,133.5002279297742,37.05099097916222,13,0.000981455177920775,20,3.8066840171813965,0.3405920719604105
S3,2,94,1,SINE,hyb,sample,50000,10,1002,2.537348691225227e-18,0.8897817189546812,1.9957851575395675,7.07e-06,6853.422471669857,3.16e-11,5,0.1,0.3713958313611616,0.004532559951938241,0.3775021635420893,0.007118606169139369,0.36714127467217367,0.4407207882475944,0.444426200278076,0.43510780540101485,0.439340690737496,0.4088469287509121,0.41563580952845475,0.380818627666285,0.3898668128919681,0.37206977693138593,0.379850980926499,0.3713958313611616,0.3775021635420893,0.3857820915187048,0.3891753425490708,0.4298279411112368,0.4441287741397029,0.5230676437263249,0.5612734064733365,0.612059693877136,0.6580480824538852,0.5823075522457614,0.13209509942622105,0.47098605379146785,1.7758131481397956,1.9264079850913562e+18,5.34494025087244e+17,5.493447073153832,1.524191479923962,0.22309017096809972,0.08672162912370547,0.50617268467142,0.23586754532795293,0.8113024617877274,0.02185,0.0,0.12419649106025592,0.2318556113024007,0.0019430505628420054,63.91830116793243,46.5438314058152,12.913879086675651,13,0.0009978925787697838,20,6.9997968673706055,0.3405920719604105
S3,2,95,1,SINE,hyb,sample,50000,10,1002,1.682707820452371e-17,0.10129787093093826,1.9995677164268557,7.07e-06,19964.796029957382,3.16e-11,5,0.001,0.4352566071081407,0.006000293630060921,0.4687655902235387,0.011658439764961856,0.4266887029111178,0.48698014858780325,0.5288552484565985,0.46835973025271355,0.5076225934014642,0.43646234449162796,0.47015025198974747,0.4352566071081407,0.4687655902235387,0.4732698035157372,0.5115672801463552,0.547767874879104,0.5890764447929515,0.652893262484572,0.6927437816243537,0.7955539488999248,0.8224395638831478,0.9398834503418116,0.9622799307737544,0.9759133976382376,0.9985733782883912,0.009996332700060576,0.13184521666996477,0.4705961133227806,0.20255195245627858,5.608235181443448e+18,1.5396503748760965e+18,931.6110113691213,255.75875413341578,0.019228185643013724,0.005293745119627589,0.9779343972963803,0.045069011828050023,0.9989256772195024,0.97785,0.93145,0.010856298757746203,0.04482088157494837,0.0004751651818489012,22.84742058646549,135.5002443871652,37.1994032555543,13,0.0009997838582134278,20,6.359519004821777,0.3405920719604105
S3,2,96,1,SINE,hyb,sample,50000,10,1002,1.477383155080134e-17,1.7322940550590227,1.978543511760468,7.07e-06,8111.285007243714,3.16e-11,1,0.001,0.36270715276709753,0.003178371795318281,0.3736928138545661,0.005044003360699798,0.35437320788632953,0.36925206536388905,0.37833099974789236,0.3690463032338881,0.3781722767102106,0.36740965115775015,0.37693193494694666,0.36270715276709753,0.3736928138545661,0.36295765385390755,0.37527154225781995,0.3765059718993895,0.3882692788162982,0.39114406382784905,0.40661054049626444,0.44178194450344765,0.4714356792041605,0.5708819817562578,0.6087761020375596,0.7301460459845699,0.7709729509098705,0.19470520862291035,0.13324621735712536,0.4727757413311892,3.4274191630982602,2.2866560970894784e+18,6.362425713643648e+17,19.50169597035403,5.426180703752145,0.04540250821677298,0.01423124811852024,0.7161257637864145,0.23821922773002618,0.9506466880095108,0.55365,0.194,0.14255703990801913,0.233420693025553,0.0016747620918194808,85.1207706481722,55.24776510982166,15.372219801809528,13,0.000989271755880234,20,3.1692521572113037,0.3405920719604105
S3,2,97,1,SINE,hyb,sample,50000,10,1002,1.0033190424339983e-17,1.4831532991758756,1.98968425329556,7.07e-06,6002.384225158404,3.16e-11,5,0.01,0.3456967651427899,0.005658864694200263,0.3542107808423641,0.009382946506008131,0.3303773356958476,0.4039502807080118,0.4117286845872846,0.40143922078152344,0.4093992531724536,0.385371426023382,0.39439919383028144,0.35697438281430877,0.3667060663307834,0.3456967651427899,0.3542107808423641,0.3544003650247274,0.36037825545863733,0.37822539747728323,0.38444626336673215,0.4007253266081854,0.41300588649127884,0.45067080439410995,0.4758403349047011,0.6204597177661266,0.6603178591716913,0.24546867862834715,0.1325001383420024,0.47161702190143084,2.9510067645935982,1.6889371497923648e+18,4.704001303882845e+17,11.425270771419694,3.1821485253361885,0.08102710877849824,0.02727243612828993,0.6372384931013875,0.24240504827827025,0.9154337762162532,0.32155,0.03525,0.15601304609433372,0.23682526300947226,0.001835259997262211,85.00868886537579,40.80631235092496,11.365310220631955,13,0.00099484212664778,20,3.7543869018554688,0.3405920719604105
S3,2,98,1,SINE,hyb,sample,50000,10,1002,1.5852697596233378e-17,9.230952995226794,0.5796715047833279,7.07e-06,19189.567078839595,3.16e-11,5,0.01,0.4568052864384843,0.004675797055580052,0.48879183076558325,0.0066467399614285145,0.43635802800678897,0.5321256339406348,0.5618419394376304,0.5305827199892423,0.5603446516095149,0.5182118512666196,0.5483557335154619,0.4798993687377859,0.5114791566456233,0.4568052864384843,0.48879183076558325,0.4672877239535744,0.4999760003465508,0.5229456835169739,0.5621704822089416,0.5857386477164763,0.6264859610771673,0.7094211753784062,0.7485547947920682,0.817823702278299,0.8573837826005107,0.966924271580224,0.45479799618079814,0.7572225857391078,5.350920413327283,1.126115149558622e+19,5.107217878392972e+18,19.339241499464872,8.770836621755675,0.01912668726645605,0.009188333616122002,0.7996122538786853,0.19512346266597835,0.9508241723522942,0.69095,0.4882,0.031030894640551563,0.1947369270406696,0.0015016106557813689,20.665073546913874,272.08002702555893,123.39519443666279,45,0.0009661191746388797,6,0.8390178680419922,0.3405920719604105
S3,2,99,1,SINE,hyb,sample,50000,10,1002,5.655132784337142e-20,2.791376702461475,1.4455686059070822,7.07e-06,19311.011403793367,3.16e-11,5,0.1,0.4364307097806635,0.0009189648857854976,0.44875405464741347,0.001079789927512403,0.436339827894051,0.5159673686270467,0.5167297209038664,0.48771290288345837,0.49114973911129206,0.45142583529374003,0.4582522675467849,0.4392648781582512,0.44973149125979733,0.4368042892401206,0.44891753973403514,0.4364307097806635,0.44875405464741347,0.43870488351970166,0.4514006570672219,0.4484499001688344,0.4618098532458144,0.46650985573544457,0.48002231565236986,0.6459224191427373,0.6366070314361407,81.96430114734243,0.18237352259952938,0.540503378800878,4.0351265283387425,6.253654662761011e+18,2.0604745175992072e+18,0.12669464309176565,0.04174376387641056,0.23789314801614547,0.2199564051664378,0.039275325140682445,0.027595322113725233,0.09076363204234923,0.0,0.0,0.016851738773382027,0.02675945934023611,0.000784823084908448,21.472022290664185,151.09418697718658,49.78300510863378,18,0.0009637124039380548,15,4.797557830810547,0.3405920719604105
S3,2,100,1,SINE,hyb,sample,50000,10,1002,1.1439132352862804e-17,1.4781898643397988,1.5055731658412292,7.07e-06,7484.488434619797,3.16e-11,5,0.01,0.35516261566243684,0.00452302825310518,0.3666853998605748,0.005979334836682385,0.34078095264139213,0.4137401314621131,0.4224505574158866,0.41088875140778536,0.41976377304608165,0.3933654311288181,0.40337818573378464,0.36517484806859024,0.3776394133234747,0.35516261566243684,0.3666853998605748,0.36368574195352243,0.3725611991365351,0.3903411500876613,0.4020477549322871,0.4295020439654166,0.45220872187779665,0.5192210115064217,0.5519785248891973,0.711154068929596,0.7510612145784626,0.21457851371239253,0.17510503295352103,0.5314168236224428,2.225522993768488,2.3806670296252913e+18,7.754799039273427e+17,18.42304963452268,6.001135220861606,0.06417996095345042,0.023133987378896312,0.7383652964285748,0.2282666266047567,0.9476236545012022,0.59585,0.2492,0.09552935239864808,0.22600548910532228,0.0016396381644944128,58.26245964950739,57.51915778889781,18.736324904342798,18,0.0009409832286507683,16,2.729917049407959,0.3405920719604105
