set,search_seed,eval_index,is_finite,task,mode,node,N_R,R,seed,k_on,k_off,T,distance,N_max,D,L,lam_best,objective,opt_sd,held,held_sd,train,opt_lam_1e-06,held_lam_1e-06,opt_lam_1e-05,held_lam_1e-05,opt_lam_1e-04,held_lam_1e-04,opt_lam_1e-03,held_lam_1e-03,opt_lam_1e-02,held_lam_1e-02,opt_lam_1e-01,held_lam_1e-01,opt_lam_1e+00,held_lam_1e+00,opt_lam_1e+01,held_lam_1e+01,opt_lam_1e+02,held_lam_1e+02,opt_lam_1e+03,held_lam_1e+03,KD_nM,tau_D_over_T,phi_ISI,koff_T,c_peak,c_mean,c_peak_over_KD,c_mean_over_KD,tauR_mean_over_T,tauR_peak_over_T,occ_mean,occ_std,occ_max,occ_frac_above_0p8,occ_frac_above_0p9,contrast_within,contrast_between,binomial_sd_mean,snr_within,shell_molecules_peak,shell_molecules_mean,history_symbols,dt,n_sub,seconds,running_min
S4,4,1,1,SINE,hyb,sample,50000,10,1004,4.9106887611525165e-18,5.498624502947607,1.9798810387808183,3.367613985350215e-05,13391.95457218852,9.032325503440939e-12,4,0.1,0.46578033341616065,0.0013398743224011234,0.4904872316916947,0.0038988867933559814,0.4614573168076169,0.5218404963777837,0.5572951033231386,0.5209868181629532,0.5562788946539162,0.5138887094739183,0.5478216857811248,0.48898800402736065,0.5183167592900162,0.47027428027085333,0.4968158498101352,0.46578033341616065,0.4904872316916947,0.4786273718636919,0.5020023604783671,0.6648435537428095,0.6869802098093548,0.8673336985922762,0.8939071054309332,0.9199751330579176,0.9481895105459925,1.8593483006080282,10.569505811872563,0.9999999820865152,10.886622392761568,1.0937718843002819e+18,7.688291204763255e+17,0.9768212571378024,0.6866227215817287,0.05446141160939109,0.04646644401366369,0.39812478766368936,0.07404877887532992,0.49413726568498306,0.0,0.0,0.002081514994666967,0.07404568204264114,0.002162579975736616,0.9625146898708165,26.42655894975378,18.575635711785257,1057,0.000989940519390409,20,2.434368848800659,0.46578033341616065
S4,4,2,1,SINE,hyb,sample,50000,10,1004,2.893529530941554e-19,0.11707332356846956,1.687108574911143,1.2324627651356667e-05,7151.733546766221,2.5588994680941536e-11,5,0.01,0.5312356050276071,0.0035613539654115504,0.5712214750995178,0.005355239206945137,0.5288452036930671,0.615054265117722,0.6245441904830491,0.5796577089471554,0.5982869142855258,0.5444496078519407,0.5755425021859237,0.5337820435774328,0.569812057045544,0.5312356050276071,0.5712214750995178,0.5333296731928545,0.5765970492115724,0.537158346565257,0.5822698722106001,0.5397133688350112,0.5846240257746594,0.5576030434328322,0.5998060605976112,0.6358711596245741,0.6802820615487304,0.6718605268426933,0.5864082984461781,0.8152787753700345,0.1975154080857118,9.706879306215142e+17,4.679454239134084e+17,2.399106907509327,1.1565520322573957,2.3476809641077216,1.489478351814569,0.46789398752926475,0.2039717058276036,0.6908819819128,0.0,0.0,0.0067805597399181764,0.20395739024561696,0.002019653003497639,3.357289459216801,23.452734695950113,11.306002200107955,59,0.0009924168087712606,17,4.532652854919434,0.46578033341616065
S4,4,3,1,SINE,hyb,sample,50000,10,1004,4.88651307811404e-19,7.505334297395033,1.0259654231072757,4.8233736955040575e-05,18964.8508672429,4.611084804928654e-11,5,0.001,0.5327964431947003,0.010786445924661365,0.5451628052312973,0.008205862826588401,0.5127139005773386,0.6093880151453541,0.6182595565586169,0.5836927117459766,0.593979383093335,0.5462819592887879,0.5582778584300294,0.5327964431947003,0.5451628052312973,0.53439072103311,0.547868185803876,0.6317719534736048,0.6481757868507863,0.8016946395188503,0.8217513147211161,0.8473993492834702,0.8676531941522667,0.9225041115448546,0.936738107970189,1.0161672827802823,0.9782700078699744,25.50469141041225,8.196241318790028,0.9999992903421688,7.700213477988443,4.230919303614344e+17,2.8673236971895334e+17,0.02754633130296723,0.018668341995593717,0.12748656657208163,0.12638508400104712,0.01828895364877999,0.006048803135297877,0.02680745815609542,0.0,0.0,0.00016938969494735985,0.0060485542369039655,0.0005902509116078401,0.2869791331383857,10.222299548332508,6.92772412597529,820,0.0009326958391884324,11,4.063486099243164,0.46578033341616065
S4,4,4,1,SINE,hyb,sample,50000,10,1004,2.907041169713344e-18,0.1767265530272927,1.1278690798361213,9.976038163306061e-06,15022.341163719011,6.715626248296608e-12,3,0.001,0.6741596687400795,0.005685342117590608,0.7266477004967221,0.005697539148366255,0.6638556186255914,0.7276180988143662,0.7913963451203869,0.7148933224325208,0.7769311047363968,0.6870884323208639,0.7434347221968638,0.6741596687400795,0.7266477004967221,0.6748587473926071,0.7215454896238288,0.7421266776761828,0.7696420365712312,0.9303772562178063,0.9503381622728311,0.9861337840643069,1.006631204328174,0.9926900769631324,1.0132609489026392,0.9933692325875187,1.01363228070179,0.10094846559662844,2.1898771129448082,0.9896266563760274,0.1993244147455021,1.1901100135008567e+19,6.868027639230821e+18,195.76564735016342,112.97475540582606,0.04401805346103783,0.025497066912977043,0.9873666910082506,0.008378724210485985,0.9949167992818141,1.0,1.0,0.0002677039845544912,0.008378158704123015,0.0004743064385562986,0.564411449630186,287.5417889223993,165.9380167673458,219,0.0009398908998634344,12,4.9487550258636475,0.46578033341616065
S4,4,5,1,SINE,hyb,sample,50000,10,1004,1.2253166626576873e-19,3.37476108667834,0.7763831132663619,2.009131658370602e-05,8773.614430183294,1.7830901076859653e-11,2,0.001,0.6259180538234663,0.005620911248238624,0.6359590257752702,0.008061808408467647,0.6203708979946849,0.651407601491868,0.6626805677383663,0.6410643575908225,0.6529401196618206,0.6283878442043626,0.6397926801486183,0.6259180538234663,0.6359590257752702,0.6310388623799366,0.6420557202733962,0.6637185114590569,0.6797000695976292,0.7128058080212238,0.7314405478379494,0.7277522571280114,0.7465523600200823,0.8059713194240388,0.8219646232677447,0.9610483308463774,0.9304543344056884,45.73448478740714,4.859775108845536,0.9998656191543707,2.6201075190055003,1.7309508181152863e+18,1.0948603812639575e+18,0.06284779352381374,0.03975246347784925,0.3670717214760111,0.35909537471245273,0.037995542841375324,0.015103905916545887,0.05912336859815381,0.0,0.0,0.0004230543380209637,0.015103280521830863,0.0008351439869748377,0.5065645500884269,41.821402150331686,26.45285806165279,486,0.0009704788915829523,8,2.759587049484253,0.46578033341616065
S4,4,6,1,SINE,hyb,sample,50000,10,1004,6.494754876190747e-20,0.4941735576821756,1.7339359110208954,2.280810099490616e-05,5805.1814516968025,1.4104445099318779e-11,1,0.001,0.6269089602448583,0.003397060158353516,0.6428495413255925,0.006474983105968683,0.6249447001348314,0.6382428327871661,0.6533487748784663,0.6317209661234524,0.6468843179931398,0.6269972674366977,0.6423402725512808,0.6269089602448583,0.6428495413255925,0.6337044032972831,0.6511779331152555,0.6597301979374123,0.6789829843254016,0.6743539890401623,0.6939218651000633,0.6827883760472692,0.7020109863698352,0.7929822851540108,0.8083833685417513,0.9710982284092096,0.9371470706294913,12.634726238918962,3.5451772885773423,0.9988906462538092,0.8568652779420801,5.899891047650143e+17,3.6334233493575206e+17,0.07754026000590684,0.047752846441618174,1.1138548648730457,1.0830635740581795,0.045192391194965084,0.019153102391604636,0.07190515573972923,0.0,0.0,0.0005364016963956046,0.019152312731957288,0.0009037285709812443,0.5935429216464785,14.25469248257316,8.77869304463192,355,0.0009632977283449419,18,3.562893867492676,0.46578033341616065
S4,4,7,1,SINE,hyb,sample,50000,10,1004,1.5505618003042783e-17,0.3027597204587248,1.361835212520616,3.214780297192335e-05,17238.538814682473,7.893134791031398e-11,1,0.01,0.6478025668682171,0.0016965401293734118,0.6966380225740076,0.0032349471357378382,0.6484016283171139,0.6615423441999583,0.7128346769032924,0.6598181112097411,0.7109222987001966,0.6535009911917494,0.7034683585641458,0.6491740732100386,0.6977868096359054,0.6478025668682171,0.6966380225740076,0.6488560252408823,0.6973725454912063,0.659476733333342,0.7055843257522622,0.7002596208017012,0.735342329053642,0.8570577652877617,0.8869601087886538,0.9178654225378597,0.947887137739343,0.03242336704604022,1.602423357668229,0.9716600937877307,0.4123088482535897,3.064907753188094e+17,1.7216688533835245e+17,15.696701253222873,8.817401313442224,0.24704769186221723,0.1452602102527795,0.8600733544524585,0.08552815006653956,0.9399824680732817,0.7535,0.4917,0.0028794150977902726,0.08552223317593363,0.001461155834209522,1.9706420289852395,7.405105815733913,4.1597141139718525,160,0.0009727394375147256,14,7.156406879425049,0.46578033341616065
S4,4,8,1,SINE,hyb,sample,50000,10,1004,6.653384204647785e-18,0.6670954306902716,0.5765112745073686,1.495217822918842e-05,3217.208132537632,1.9270378328360144e-10,3,0.01,0.48942201093676996,0.0014684448861193291,0.5233470738370742,0.0045421640913034965,0.4890279145145929,0.5312897378350233,0.5630617900545436,0.5189633280375754,0.5512728385170851,0.49877319738921333,0.5319048335004224,0.4910631844470041,0.5242937023961474,0.48942201093676996,0.5233470738370742,0.49039638399150515,0.5268727289014631,0.49166893081487056,0.5290707720743593,0.49524186234260636,0.5324235489370344,0.5135504916417533,0.5509124220559249,0.5672164417334009,0.6079716634031971,0.16649241801195516,0.3353973554156264,0.6841831664207001,0.3845880369652904,1.5951439722790714e+17,6.8604206284458824e+16,1.5909426479385227,0.6842351505737472,1.5438372025276776,1.0035671323444333,0.3598356615008565,0.17890238690595414,0.5734850723948547,0.0,0.0,0.010652046277272264,0.1788608729882799,0.0019521063486974007,5.456693629617131,3.85401808382966,1.6575422422172903,34,0.0009608521241789477,6,2.946570873260498,0.46578033341616065
S4,4,9,1,SINE,hyb,sample,50000,10,1004,5.909633617755205e-19,1.1677468189898543,0.8687703408511904,6.843789294594979e-06,1792.2043606267125,3.368889157719527e-11,4,0.1,0.4424720093308657,0.0012522801548804305,0.4615394792735684,0.0014798790947810558,0.4425352025602045,0.5004411506871189,0.5165930182789564,0.4818007394006574,0.49922553525027447,0.45550389917848966,0.47391051014254143,0.4453712799498186,0.46398944074873444,0.44266485133489386,0.46165281399815744,0.4424720093308657,0.4615394792735684,0.44303960120718766,0.4621979118878602,0.4513423113137948,0.4712075005788332,0.4676156476257652,0.4892903007851791,0.5215166819118491,0.5460037841083167,3.2812342336667726,0.266716756790386,0.6289515550474981,1.0145038019617092,7.949812314911848e+17,3.244984567069174e+17,0.40231732895395333,0.16421941447237134,0.8466647597965449,0.7029104829218659,0.134290991691656,0.07679138196913687,0.24416379273476693,0.0,0.0,0.011611954272367959,0.07666276202721453,0.00142034882904185,8.175424258420547,19.20749534660921,7.840188359527452,27,0.0009653003787235449,9,3.560441017150879,0.4424720093308657
S4,4,10,1,SINE,hyb,sample,50000,10,1004,1.7820960683227118e-18,1.7259188046059457,1.4956053671365204,9.131695608660678e-06,11036.186437908667,1.1124550767859033e-10,2,0.01,0.4338622443147721,0.002245760987643961,0.43795047937639736,0.004305543210349453,0.4308977059919247,0.46086260304922416,0.45737613561296486,0.45766866433448133,0.454680926268077,0.4459002869851746,0.44496041481600423,0.4366537503166004,0.43837586361582626,0.4338622443147721,0.43795047937639736,0.43507675038281424,0.44355341627472794,0.4443693037460556,0.4643184471396575,0.45208494646564235,0.4772884763252412,0.4556737325349112,0.4819171893833486,0.49511943646463896,0.5212173127043555,1.6081936618128347,0.08353185103649866,0.3833439579215477,2.5812934274105,1.2513623460039642e+18,2.5067002317527107e+17,1.2920931801133626,0.25882913005806574,0.3077484258874731,0.1690169870046499,0.1867677765886418,0.12219293040213573,0.41555689978043275,0.0,0.0,0.10350847316109864,0.1156115171458703,0.0015525106080764215,66.67166885857664,30.234092939160973,6.056423866312158,8,0.0009970702447576803,15,5.883165121078491,0.4338622443147721
S4,4,11,1,SINE,hyb,sample,50000,10,1004,2.1749667082026687e-18,4.232315375013104,1.915823279006487,6.111989038032561e-06,1247.7763528286562,1.0338987942741206e-10,5,0.1,0.43616276177565166,0.000944787057812899,0.4466605689983063,0.0013752099548225546,0.4356571216368953,0.508483720405391,0.5168860254032897,0.47938417529915756,0.48898818376939746,0.45060531921302366,0.4599098059827349,0.43943880646966205,0.4496655622316424,0.4365104358200142,0.44689006569335377,0.43616276177565166,0.4466605689983063,0.43850020675347273,0.44956145847389706,0.44340098168310266,0.45474324657691384,0.5428652640042669,0.5542786075796322,0.8584156377721953,0.829766211896995,3.2312793562791904,0.03143260739249748,0.2412171425503426,8.108368319547175,4.1485522734170394e+17,3.806263991458657e+16,0.2131921249345134,0.019560209319296185,0.1209633077359736,0.10165692046665804,0.018810619327720015,0.01887423046828589,0.08235639086007826,0.0,0.0,0.04019684820309855,0.011120115191454321,0.0005368765876918043,74.8716727915386,10.023293045215297,0.9196292315829222,3,0.0009579116395032435,20,5.3876729011535645,0.4338622443147721
S4,4,12,1,SINE,hyb,sample,50000,10,1004,3.4308169561651054e-18,7.887531880238878,1.4811955301084614,4.9999999999999996e-05,17574.849160330432,5e-12,5,0.1,0.7795638888293099,0.0031957948854019467,0.6703878339873124,0.007104198911689916,0.655446237351405,0.8816054262540071,0.7824126538001366,0.8798540395144089,0.7805192258908683,0.8656030573639508,0.7651231723212556,0.8191518747782377,0.7153994916321986,0.7868940567274173,0.6812077178248497,0.7795638888293099,0.6703878339873124,0.8135745970988559,0.7117407189203552,0.9113462702975687,0.8754701248868673,1.0049815007391874,1.0206728758639918,1.0310017894034524,1.053761523918352,3.817619825849297,56.26085931222814,1.0,11.682976964597815,1.7761111976795837e+18,1.569741035644454e+18,0.7725499567615419,0.6827857235505795,0.05086483742324561,0.048288975958082896,0.40502333940292323,0.02076791595453142,0.43584097601803296,0.0,0.0,0.000572332816181827,0.02076708787218517,0.002193315079073288,0.26094418519369644,42.91251945722117,37.92642196214754,5626,0.0009874636867389743,15,2.0813560485839844,0.4338622443147721
S4,4,13,1,SINE,hyb,sample,50000,10,1004,6.568544318294244e-18,1.938318754353104,1.3461914423665529,3.2048435346289754e-05,13761.00480976879,1.2345805971988965e-11,3,0.01,0.53556956440313,0.0029380529113641712,0.5749121264936761,0.009057989968137321,0.5238316732965155,0.5744189400680059,0.6173040895470663,0.5730412934950592,0.6158738964169675,0.56336114079076,0.6056887481368035,0.5437956331626245,0.5839929097231056,0.53556956440313,0.5749121264936761,0.535665135362049,0.5736486450169477,0.5848810566817375,0.6155570843177658,0.8050216948461966,0.8295748360664321,0.9323912456757162,0.9582022534308366,0.9582468532833056,0.9841307592400306,0.4900102458431632,10.299974269687207,0.9999999728317417,2.609348119688745,1.2739197751366484e+18,8.930505292311301e+17,4.3170394354096775,3.0263556840466856,0.0951822220647902,0.0720772312273124,0.7378048441397999,0.06187519941101533,0.8119232572676661,0.22785,0.0,0.001756578993281764,0.06187243901045171,0.0019420277182940384,0.9045076837651006,30.779101673876372,21.576941951596286,1030,0.0009615653159761092,14,1.5248138904571533,0.4338622443147721
S4,4,14,1,SINE,hyb,sample,50000,10,1004,3.405263337682619e-18,7.0756694065795,1.7772712969735809,9.462928508114584e-06,10096.783784108633,1.3032656100563675e-10,4,0.1,0.4349013328569863,0.0011519449887569938,0.4411831105435097,0.0010770570743304157,0.4327775531579868,0.49448298906649935,0.4935777893805898,0.48766719944050274,0.48752879072777067,0.462917490041585,0.46548764197379044,0.4430780967879553,0.44636051741264565,0.43645786332106234,0.4397141427314092,0.4349013328569863,0.4411831105435097,0.4369369093231524,0.45058942205964386,0.4410271514454863,0.45830204942735514,0.44694523423833027,0.46511792691383996,0.5259511798805411,0.5362194336807917,3.450372059632802,0.06443371994717259,0.33981682374746325,12.575384143187836,9.759992222256832e+17,1.5873529907299552e+17,0.469713065729356,0.07639354854916286,0.07387672819744757,0.05410609422607941,0.06667048285921345,0.0607171772491938,0.25598126708514835,0.0,0.0,0.10963240816685223,0.044056720068902024,0.0009716608251590442,112.82991485110793,23.58106050381881,3.835194338573502,6,0.0009873729427631005,18,6.443991184234619,0.4338622443147721
S4,4,15,1,SINE,hyb,sample,50000,10,1004,5e-20,0.2611970978914095,0.7747035967815308,6.000000000000003e-06,2171.686573377873,1.192966949444995e-10,5,0.001,0.44016479089801014,0.0029481447956464808,0.44959292737841194,0.0026223262365030822,0.4386215691090246,0.474995661678579,0.4805363541879387,0.4490755006760834,0.4560738457682896,0.4418491298732793,0.45006281836607237,0.44016479089801014,0.44959292737841194,0.44023781343320334,0.45046238743597555,0.4415247009771989,0.4523979578551196,0.45728467449800164,0.47032289130303323,0.47914820612653575,0.4934897605171263,0.5398064524403865,0.5534807188698262,0.8186613764250504,0.79420417688517,8.674559705622341,0.06492130874374176,0.34101912970833953,0.20235033120537252,8.244034308585454e+17,1.396973570660069e+17,0.15781251735064916,0.026741751381189713,4.81321052734546,4.268328535539896,0.025776563019099166,0.016180856608203082,0.04945059368084677,0.0,0.0,0.0017143495083240259,0.016170358825148484,0.0006602046492810833,2.5966940859789958,19.918363396129767,3.375219727824085,6,0.0009683794959769135,8,1.4099998474121094,0.4338622443147721
S4,4,16,1,SINE,hyb,sample,50000,10,1004,3.632632479462854e-19,0.13037335904071384,0.524865244591484,7.43192084077066e-06,13927.830518382489,1.5438155816566628e-10,5,0.001,0.535628084683068,0.007080559408519498,0.5691674111211719,0.009799543722358363,0.5287716738265269,0.6100883701046265,0.6362530997997873,0.5674573220131756,0.594846885403741,0.5422553112425967,0.5709906169338943,0.535628084683068,0.5691674111211719,0.5396023487748195,0.5789985547003215,0.5545861914658865,0.5985573005526652,0.5756139834975811,0.6237302606327231,0.5856486277455764,0.6344054141906325,0.5977289610396084,0.6438575111331543,0.6669000248747776,0.7136208793314361,0.5959591487157536,0.11360767301780877,0.4406454554425468,0.06842844498111764,3.193118487946707e+18,7.973462135523037e+17,8.897082974188141,2.221669959291527,4.536096463878083,1.4765770629828752,0.5870050363437629,0.23304072978492518,0.818824988551944,0.1925,0.0,0.01193981147151211,0.23301003350027583,0.0019286343487915044,6.190811378524747,77.14875027095314,19.264635540785303,11,0.0008747754076524734,6,1.875317096710205,0.4338622443147721
S4,4,17,1,SINE,hyb,sample,50000,10,1004,5.1726041695428445e-20,0.1,1.0584625675191193,2.936716637772645e-05,2035.1558907222184,1.0165273409116394e-11,2,0.0001,0.6523309797096951,0.012438260039661907,0.6638443316153114,0.010893587250704781,0.6426692786415724,0.6712074389540086,0.6830375731509093,0.6562179489079751,0.6674633996235958,0.6523309797096951,0.6638443316153114,0.6553366967582439,0.6669790431489488,0.6694197750974007,0.6813915069938778,0.7649070887632533,0.7810349677175362,0.9414918161367684,0.9617002006033768,0.9826821539839429,1.0034299057521894,0.9873026592784232,1.00553200952547,0.9962834721115319,0.9904611056078533,3.210257372778256,13.359132862152245,0.999999999755903,0.10584625675191194,3.112482291988899e+17,2.318940141254272e+17,0.1609963888117005,0.1199495944357212,8.4357950396462,8.137549198636592,0.10654189428472034,0.02238960718322548,0.1377087484985639,0.0,0.0,0.0006269811133642366,0.022388685825595746,0.0013700354295365616,0.4576386127301276,7.520050382528214,5.6027778025223265,1336,0.0009622386977446539,11,1.8345322608947754,0.4338622443147721
S4,4,18,1,SINE,hyb,sample,50000,10,1004,1.1089590838953324e-19,1.9185537186595212,1.733287009938563,1.563462650670879e-05,1409.7349536813347,9.366243562245992e-11,2,0.0001,0.45734932786328786,0.0036266481293110763,0.46693688223489216,0.007606340661485486,0.4550400397595299,0.4658091918431889,0.47604939688175707,0.4591276838970481,0.46873735546990875,0.45734932786328786,0.46693688223489216,0.4573885282918533,0.4670998468185637,0.4599683401126152,0.469821561563404,0.5417195032220545,0.5534326646554264,0.8663308229504849,0.883486876636993,0.9833699592081142,1.0015644242654804,0.9991939315430234,1.0087796794323534,1.0551748896344963,1.0082073086450987,28.72814198983095,0.2509503710188549,0.6144249498985632,3.3254042384218727,5.04549423492221e+16,2.040618338954096e+16,0.0029163878030310617,0.001179514663434946,0.30036103984348744,0.2998408678444755,0.0011775992731398103,0.0007247054312281903,0.002436007915463572,0.0,0.0,0.0003168775617097821,0.0007140904023603128,0.0001442238057173652,2.1971238391168635,1.2190389307283482,0.49303261130009246,25,0.0009629372277436462,18,2.0045270919799805,0.4338622443147721
S4,4,19,1,SINE,hyb,sample,50000,10,1004,1.2403102940825755e-19,9.11390489297648,1.8670171100730268,8.76960344075518e-06,7132.891982683297,1.1350387851427419e-10,5,0.001,0.43893921577906836,0.0017986229876982135,0.44605602275236456,0.0023545436774688655,0.4324763943589872,0.5086672542888379,0.503668664702864,0.46690837204756486,0.46597179645788855,0.4458768804157572,0.4496098630009285,0.43893921577906836,0.44605602275236456,0.4395429121904398,0.44829524276487687,0.4435033411396582,0.4527323366072709,0.5246077802935762,0.5349158730172311,0.8580614856806517,0.8739125202516986,0.9825839820033156,0.9920927621437494,1.0524713594412904,1.0057013306221994,122.01781442512765,0.060485275050173266,0.3298748988690754,17.015816374765368,8.589865864286803e+17,1.3347874872701805e+17,0.011689938814781678,0.0018165107934686147,0.05866229165561651,0.05808978629403749,0.0018096812537949066,0.0018772164796569517,0.008554269232040777,0.0,0.0,0.0037020185275245376,0.0012418885480031607,0.00016538985526412056,22.383588894328323,20.75392500862023,3.224972293039409,6,0.0009826405842489614,19,3.20721173286438,0.4338622443147721
S4,4,20,1,SINE,hyb,sample,50000,10,1004,1.2915717890505923e-17,0.5210298034141283,1.7722251105422038,1.472600567300972e-05,200.0,4.4276679400448924e-11,3,0.01,0.452761765090729,0.0035184948554807674,0.4704330577177462,0.0037246275347642193,0.4514596763147538,0.4943298622483449,0.5125908494211707,0.4846396761113124,0.5033891846214344,0.4650080882505687,0.48443075616007336,0.45574304872705207,0.4745626932793331,0.452761765090729,0.4704330577177462,0.45317463409476855,0.4703710441579802,0.4625254939877378,0.47986354350343846,0.48735340388416065,0.5058108194918647,0.6435907365095116,0.6719394065216189,0.8134641025657517,0.842956505777515,0.06698739869249179,0.4606008636245837,0.7602056609406467,0.9233821009513862,1.3228948748465746e+16,8908654892906904.0,0.3279301278037253,0.22083510890682537,0.88707744695407,0.8155363515639958,0.17949196216376095,0.033876005549290815,0.22942933246102223,0.0,0.0,0.006592738674693326,0.033795405788671906,0.001704687920498346,3.867416783692592,0.3196238621257376,0.21524149328543504,46,0.0009845695058567799,18,5.799418926239014,0.4338622443147721
S4,4,21,1,SINE,hyb,sample,50000,10,1004,1.0510230145752938e-17,0.4455717954825966,0.5102515742275708,2.771952823964782e-05,7149.121967142708,3.871390462830476e-11,2,0.001,0.655366869090717,0.003668658451341122,0.6961045527440052,0.006591816694678352,0.6457007557338228,0.6820062438261277,0.7236860726957163,0.6761112249951864,0.7177375264112416,0.6618540585434541,0.7033314416717789,0.655366869090717,0.6961045527440052,0.6562773655543134,0.6959770147037754,0.6690566486933307,0.7046448046047995,0.7474639488329202,0.7742284817569012,0.8942189447804303,0.9168164068637334,0.964412059731797,0.9879957140730738,0.9741945395676819,0.997426906493882,0.07039706679768831,6.482896527292309,0.9999896661284995,0.22735371007640015,6.898156462693678e+17,4.5430476520319686e+17,16.271499394569588,10.716225055103042,0.3754138138086629,0.2546642089892772,0.9030682461522794,0.03570214315844502,0.9420991919173239,1.0,0.59995,0.001032958720772437,0.03570036322168795,0.0012965451448358045,0.7967009285305309,16.666595752058363,10.976431037516328,648,0.0008504192903792847,6,3.820401191711426,0.4338622443147721
S4,4,22,1,SINE,hyb,sample,50000,10,1004,2.4597019412249485e-19,0.5497563377957219,2.0,2.6717745734351094e-05,11855.550287976244,2e-10,3,0.001,0.44429034649391175,0.0016073921149114619,0.45434861004533794,0.003043126015645018,0.4416444065641154,0.47496429063551393,0.4754029470249508,0.4539562205953012,0.4613319825184238,0.4462653203649771,0.45601492796096094,0.44429034649391175,0.45434861004533794,0.4448019284730994,0.4554905170989933,0.44988678466014626,0.46125402650473973,0.4595224132190877,0.4712559526658371,0.4730471981189933,0.4844792146613911,0.6713155520693238,0.6807148667224537,0.9625682374954074,0.9228282305804099,3.7113922668272226,0.297432473802265,0.6551445130048168,1.0995126755914437,9.484004980206864e+16,3.841654211271614e+16,0.04243302688230225,0.017188204430470727,0.8941254244590501,0.8724721987763936,0.016765912515302617,0.011386264625724849,0.03378733297080115,0.0,0.0,0.0013972452597084512,0.011372409987308211,0.0005245341784113642,2.6637830616495424,2.2914249331754424,0.9281798420306407,30,0.001,20,3.0452089309692383,0.4338622443147721
S4,4,23,1,SINE,hyb,sample,50000,10,1004,1.921431443276458e-17,1.7470990843122332,0.5,6.000000000000003e-06,200.0,9.724256826688967e-11,2,0.01,0.4426332946774935,0.0014033722586919899,0.4563852879598122,0.002913954777408632,0.4400549929119834,0.4679298486746287,0.4765994695779683,0.46368249124092725,0.47238570994694173,0.45213249985920856,0.4615814230773072,0.44481697897955214,0.45659299431132655,0.4426332946774935,0.4563852879598122,0.4426394561785211,0.457051436485307,0.4441529169367393,0.45889128582927147,0.45913237845233734,0.47487004310586334,0.646079834039809,0.6733484062067087,0.8183863745615889,0.8501119431649364,0.15098775935388395,0.12340274649128036,0.4571092183298046,0.8735495421561166,8.968468062721554e+16,3.521233310440771e+16,0.986337677609029,0.38725957002357386,0.8251914701234957,0.5763142777458625,0.27574538888522737,0.04963771726680914,0.36089175794141953,0.0,0.0,0.04361999049552622,0.04754192979250527,0.0019829082772153833,21.99798699553677,2.166866358062539,0.8507631343415737,12,0.001,5,2.1946260929107666,0.4338622443147721
S4,4,24,1,SINE,hyb,sample,50000,10,1004,2e-17,0.18913998825549944,0.5,6.000000000000003e-06,200.0,1.5361364186015831e-10,2,0.001,0.45807071933414767,0.001217779962413693,0.4879787062724773,0.0054982791638019555,0.45826088067038134,0.47725132884356586,0.5146280488850652,0.4680948738610242,0.5039416706967035,0.459810220879065,0.49205568999625315,0.45807071933414767,0.4879787062724773,0.45848899820251443,0.48773562390102904,0.4595853866348777,0.48893919891665083,0.46925312909510586,0.49696136076621455,0.609627248850825,0.6329119839985677,0.8668572688834579,0.8952793713105356,0.9262066536062511,0.9554563032631765,0.01570371698315297,0.07811806200730644,0.3716861072858771,0.09456999412774972,7.893270385470256e+16,2.2382019038151636e+16,8.346485011733897,2.366714648191362,3.1408003407557845,1.1313534982393634,0.6944843375690409,0.05156439167625771,0.7659280472497717,0.0,0.0,0.017256002211219625,0.05127971804834611,0.002044803693500143,8.438952974347421,1.907088471938716,0.5407706616125104,8,0.001,5,1.8250188827514648,0.4338622443147721
S4,4,25,1,SINE,hyb,sample,50000,10,1004,3.904077049555211e-19,0.9414120378694847,2.0,6.000000000000003e-06,5543.586953891844,2e-10,5,0.1,0.43580419932378983,0.0011864247754446479,0.4473831709270625,0.0012436636952558328,0.43615440358516444,0.5027632283660035,0.5228879120768963,0.46275546138565726,0.4838375619823858,0.4414033083049803,0.4573117810700088,0.4368835756630206,0.44917559199795665,0.43596653603857316,0.44742708268904285,0.43580419932378983,0.4473831709270625,0.4370449876237325,0.44905852774753124,0.4408797809866375,0.4533804800521944,0.4672743137165467,0.4799527246152714,0.6984624391870955,0.6834493025249128,4.004151166453347,0.015000000000000013,0.16799597142736353,1.8828240757389694,1.9042033904721892e+18,8.240766806828784e+16,0.7896815055872856,0.03417482172215114,0.513566038766491,0.2967662485899136,0.032405553784495666,0.024720485542349402,0.09074037976698753,0.0,0.0,0.03033428953720497,0.021672638190803003,0.0007143341352962322,42.46512666600404,46.007347485281635,1.9910468804119266,2,0.001,20,3.9618780612945557,0.4338622443147721
S4,4,26,1,SINE,hyb,sample,50000,10,1004,6.091540139321198e-19,1.1672363834808814,2.0,6.000000000000003e-06,11262.690774013345,2e-10,4,0.01,0.4369998732418896,0.002019863460818934,0.448633801564815,0.0023607195090106273,0.4343817171532757,0.48961102314424343,0.5029369976880591,0.46899653902269467,0.4820141093052007,0.4465904636238617,0.45843388468247104,0.43881589144403516,0.4497556908009974,0.4369998732418896,0.448633801564815,0.4371401645942138,0.4518883406806749,0.4379120611662848,0.45438751557746143,0.4399134114101394,0.45688193805315896,0.44478204946629074,0.46236753909456185,0.5132069702811674,0.5247216806203354,3.1818580704824875,0.015000000000000013,0.16799597142736353,2.334472766961763,3.868696163222401e+18,1.6591803356937046e+17,2.018984183377554,0.08658883287299593,0.3942266237547409,0.14188953004513127,0.07556648663559654,0.060256361865875595,0.2255879287646249,0.0,0.0,0.08538334882205705,0.050043380145870994,0.0010464624563000591,81.59236703430716,93.47134323304228,4.008735969432219,2,0.001,20,5.189599990844727,0.4338622443147721
S4,4,27,1,SINE,hyb,sample,50000,10,1004,4.1986525330879256e-19,3.0137022810419016,2.0,1.5869083228732188e-05,11786.648667743135,2.2645799139063927e-11,4,0.1,0.4416773047299708,0.0015281365589615153,0.45583308120673294,0.001071848033769435,0.44055226978536577,0.49468263871116136,0.5132467060913182,0.48686314969536665,0.5051751276066432,0.46246076037968126,0.47912850225410253,0.44731970140023625,0.46149842791807105,0.4427693912609706,0.4561916762073409,0.4416773047299708,0.45583308120673294,0.45215607674705993,0.46745382973177596,0.5092815790267128,0.5267558210688905,0.5401728920603835,0.5591978958309565,0.6263432454344813,0.635343440332589,11.918991474201647,0.9266906449698035,0.9045561184230841,6.027404562083803,1.0944749505605021e+18,5.6770983973736723e+17,0.1524808887885048,0.07909262874659835,0.15374851565216685,0.14395804002909648,0.07142154633460308,0.041753746725249424,0.13137199928621393,0.0,0.0,0.0037380141537830015,0.04172612057489752,0.0010798040944253655,3.4617521577117594,26.44354569281966,13.716404454638568,93,0.001,20,9.239346027374268,0.4338622443147721
S4,4,28,1,SINE,hyb,sample,50000,10,1004,2.641706862946936e-19,4.826635979823508,0.5,4.9999999999999996e-05,20000.0,2e-10,3,0.0001,0.6433761065724651,0.006781508327319518,0.6558650866215094,0.008940475582712668,0.6290419820720052,0.6758319399116912,0.6934249209537389,0.651727241089664,0.6670363191718948,0.6433761065724651,0.6558650866215094,0.6434966966193433,0.6566252342329328,0.6536635305327254,0.6695602598320074,0.6858537233058654,0.7040688069200342,0.7061795075299878,0.7243050884326119,0.8262497120796779,0.8437006379834944,0.9674380879361515,0.9777283550896623,1.0471132102192662,1.0013569967127531,30.339541907321937,4.166666666666666,0.999593047982555,2.413317989911754,2.2250640265974307e+17,1.379646626282153e+17,0.012178185664156325,0.007551060358242347,0.4112618125666479,0.40938174839688457,0.007484023803448696,0.0032198294204256466,0.012028197118959642,0.0,0.0,9.018535212180267e-05,0.003219695892986274,0.0003754307058563397,0.24021836976838148,5.375964267308819,3.333356198180056,417,0.001,5,1.182553768157959,0.4338622443147721
S4,4,29,1,SINE,hyb,sample,50000,10,1004,8.276941259935572e-18,0.5479245130122199,0.6778733461282811,7.458160017806643e-06,508.67161680206635,5.416094667483216e-11,5,0.01,0.4786941309954427,0.005454174565159207,0.5130842615637786,0.007540312431590268,0.47841099284367267,0.543081018848422,0.5723118268526673,0.5245496391232154,0.5546438684404793,0.4925683603149612,0.526070003233673,0.4806163977402053,0.5155386889337158,0.4786941309954427,0.5130842615637786,0.4818148594918509,0.5175591048586623,0.48501735406835883,0.5212860272362295,0.48864992137856705,0.5237994806087475,0.5598048670151885,0.5942218869715871,0.7234185004178406,0.7659046982051436,0.10992588096802297,0.2525092774619218,0.6158967098465029,0.3714234230613024,1.683902048186118e+17,7.622344588765677e+16,2.5437004567836996,1.151430478577516,1.2514208744741142,0.759755245598647,0.5027022797424131,0.131349064121806,0.665600183456722,0.0,0.0,0.017250010293874764,0.13121427156695714,0.0021565206563453256,7.999000725134953,4.068465955354975,1.841630247601538,25,0.000968390494468973,7,3.9528608322143555,0.4338622443147721
S4,4,30,1,SINE,hyb,sample,50000,10,1004,5e-20,10.0,1.0458955191806154,6.000000000000003e-06,200.0,1.247267125124281e-10,3,1e-05,0.6428662780394179,0.011698009878892345,0.6338377701243708,0.0312075891984401,0.6137405279710532,0.6487626234400616,0.6401865684855288,0.6428662780394179,0.6338377701243708,0.6761010405100606,0.6716394872248339,0.8783752247120242,0.8914875421561709,0.983681298497595,1.0024010913810755,0.9978915272646743,1.0172730600516904,0.9993638061391558,1.0187205050269392,0.9995545909601578,1.017989945914168,1.0009798585958345,1.0105633371124878,1.0554773832710604,1.008483544897978,332.10781343476935,0.04599424268609246,0.2897052534614651,10.458955191806155,7.270652576641968e+16,1.3238400730926848e+16,0.0003635326288320984,6.619200365463425e-05,0.09560551642489239,0.09557709935140161,6.61855133756903e-05,4.675953807200604e-05,0.0002040505793603297,0.0,0.0,0.0001318861716560107,1.5593014611266293e-05,3.430890274208821e-05,3.8440801399987716,1.7566581448811398,0.31985223092483156,5,0.000950814108346014,11,1.0906927585601807,0.4338622443147721
S4,4,31,1,SINE,hyb,sample,50000,10,1004,1.1134333188928898e-17,2.54202131503211,1.20402713461488,2.35446338198958e-05,12072.919163315793,6.2054141087808545e-12,5,0.01,0.5185954440560521,0.004454339768162786,0.5613940882060385,0.009958537093434501,0.5021571672069874,0.5945408134617389,0.6359873611343538,0.5923377341542255,0.6339954907793268,0.5761827377192194,0.6194149183482668,0.5372984544927377,0.5836747318006567,0.5185954440560521,0.5613940882060385,0.5218482753946001,0.5596211471725401,0.6263888539209919,0.651667983132115,0.9003167355466664,0.9213125545072689,0.9790647251692588,1.0006949830363443,0.9882891316095815,1.0097954313975968,0.3791089804458707,12.365895928761537,0.9999999988764312,3.0606626400680605,3.295175712566076e+18,2.374769498551011e+18,14.433232358365744,10.401751821439214,0.028655827490225903,0.021170330731424873,0.9062392594705894,0.024635479107542716,0.935204559860971,1.0,0.61305,0.0007017220598217971,0.024634359604927245,0.001290147142615127,0.5439085486012141,79.61454894558024,57.37666788325155,1237,0.0009261747189345231,13,1.5274970531463623,0.4338622443147721
S4,4,32,1,SINE,hyb,sample,50000,10,1004,1.4768681688182388e-19,10.0,1.6532773294932404,6.000000000000003e-06,6158.508927663885,1.7288111228690343e-10,2,0.01,0.43641555486887473,0.0011662354517412616,0.44507878297255576,0.0019220930435759674,0.43712838467673976,0.4505628555040916,0.4639858749790727,0.44191253020939314,0.4528293617247538,0.43802341914211523,0.44700263585357075,0.43665469614320596,0.44529123176020374,0.43641555486887473,0.44507878297255576,0.4405904570460105,0.4492078034905108,0.5757563596424193,0.5866232172773265,0.9011401948566636,0.917722196175065,0.9889883860744743,0.9985174469341039,1.0535321352945601,1.0066825726496886,112.43651276623949,0.02099220175926071,0.19814831603356034,16.532773294932404,2.1256587056966333e+18,1.2475656266850822e+17,0.03139317680214735,0.001842489962562976,0.06037468008282244,0.05864487102038589,0.0018313827032613412,0.0027611969458634666,0.014395303832634482,0.0,0.0,0.007026874944006271,0.0012508200286421084,0.00015307819171164416,45.90382774603784,51.35791649013311,3.0142360624282274,2,0.0009725160761724943,17,2.636075973510742,0.4338622443147721
S4,4,33,1,SINE,hyb,sample,50000,10,1004,6.414594445360615e-19,10.0,0.5203301167523251,6.000000000000003e-06,6048.747057496027,1.323905479360337e-11,3,0.1,0.4575155519887811,0.001528680756951397,0.4852115663701559,0.0023716575705527427,0.4576175780823421,0.49465508576756817,0.5188430093298493,0.49267986740102937,0.5171371126629045,0.48088745282929646,0.5068048730364055,0.4639247926172031,0.49081675816982456,0.4583515811711444,0.48554060401107496,0.4575155519887811,0.4852115663701559,0.45952800528658705,0.4872922691264681,0.4837778058900297,0.5111096084083316,0.5273347383306162,0.556179129380309,0.5790671749989632,0.6121104322474057,25.88689092222875,0.8709942884644585,0.8940077736467373,5.203301167523251,9.870678699911598e+18,5.10475525223404e+18,0.6331640076039227,0.32744934685905897,0.14477816846245917,0.11767690462815501,0.22896587387543063,0.11818657756142893,0.3860054651570853,0.0,0.0,0.010969932168287505,0.11810734888629854,0.0017525231920044002,6.25950755934987,238.48489459405428,123.33569506911245,87,0.0008672168612538752,6,1.0994040966033936,0.4338622443147721
S4,4,34,1,SINE,hyb,sample,50000,10,1004,1.9333008653466356e-17,3.841902311024433,2.0,1.022331907608135e-05,2043.0061655463824,4.426938043577317e-11,4,0.01,0.4107018790244693,0.0058477816653109685,0.4141801148736879,0.016565470073143223,0.3947477461774719,0.46611643289288096,0.45927332011618505,0.4639901103921488,0.45728292841352525,0.4497296090618221,0.44423368253211326,0.4223010050665648,0.42163068225528055,0.4107018790244693,0.4141801148736879,0.41252344148718717,0.41662186909015464,0.4251714087260529,0.4324689377601958,0.4467151406212997,0.46884994338548003,0.47176545297571454,0.5019046414380272,0.5263724491792009,0.5625741558356638,0.3299863458436775,0.19674293289279055,0.5576693426726262,7.683804622048866,2.2784319863052048e+17,8.135289349702765e+16,1.1465399622778938,0.4093795382171444,0.09234124476912142,0.060629600751990136,0.2619988167025591,0.1439761110533516,0.5174334763776818,0.0,0.0,0.11795438357518416,0.1375098949446753,0.0018028364425395548,65.42711296041277,5.504906284697372,1.9655625332768376,20,0.001,20,4.228956937789917,0.4107018790244693
S4,4,35,1,SINE,hyb,sample,50000,10,1004,1.3916922599387249e-18,10.0,2.0,2.7445450667466448e-05,12624.967330619906,5.7583473208746154e-11,5,0.01,0.4405840395650723,0.0025911494232868037,0.44977928494361735,0.0027534645243608297,0.43482816383525974,0.5157212528691961,0.5331716688264496,0.5014965210348116,0.5185589412325088,0.4655324577420602,0.4798009070492844,0.4459162006642658,0.4559518925401968,0.4405840395650723,0.44977928494361735,0.44931567447625886,0.4601097541391265,0.5169143333669489,0.5309205160746078,0.5574491803193375,0.5724351716238345,0.6693080671021072,0.6821349972481114,0.9284459857210619,0.8945558021731985,11.931797818915504,1.0900881803501068,0.929453753175085,20.0,2.59601250290062e+17,1.3815610729433298e+17,0.0361285050699095,0.019227078518478723,0.04905678141192899,0.04825656253577003,0.01874222856277533,0.010948345284678569,0.03484071204309238,0.0,0.0,0.000981970444505239,0.010940905877819417,0.0005730294841394041,1.7136473282522222,6.272210725739114,3.3379816816354215,109,0.001,20,8.645716905593872,0.4107018790244693
S4,4,36,1,SINE,hyb,sample,50000,10,1004,1.0472393176488707e-18,0.8372644958351736,2.0,6.000000000000003e-06,2993.5167789064885,7.387076347148501e-11,2,0.01,0.43953022578637047,0.0010962576016007681,0.4530802744317377,0.0027330316030933534,0.43759456087782034,0.4668843777946615,0.47433319171068816,0.460602522426806,0.4690969822957848,0.4479548002032042,0.4584161892780586,0.4413650886101296,0.4527940784339748,0.43953022578637047,0.4530802744317377,0.44012963710639913,0.45762425124438283,0.44133103900697035,0.4607335576758829,0.4421830828672578,0.4619536340665733,0.4470917629564135,0.4674322766293576,0.5214780054917386,0.5371660136797857,1.3275956903654738,0.04061146601196343,0.27294660936554704,1.6745289916703472,1.0728214378346344e+18,1.1961699829979222e+17,1.3418708139490947,0.14961535369265327,0.5194631845143359,0.2550024745339096,0.12271979174373596,0.07983841782820766,0.27926718755017016,0.0,0.0,0.07223238338334241,0.07502642710569912,0.0013394269780420205,53.927824784395476,25.920376429892904,2.890059346318162,4,0.001,20,6.015152931213379,0.4107018790244693
S4,4,37,1,SINE,hyb,sample,50000,10,1004,1.28496266029158e-18,10.0,2.0,9.469075165370937e-06,3665.628768907117,2.1776966147392287e-11,5,0.1,0.4359682916739052,0.0006301156946450226,0.4482774385777775,0.0006846252047292524,0.4353698278864163,0.5162985836309353,0.5257547355834716,0.5073254182207616,0.5172386987512307,0.4728004536392021,0.4843712511046127,0.4452470752082903,0.45824374750019875,0.43680689529771743,0.44959115804635663,0.4359682916739052,0.4482774385777775,0.44156274079849595,0.45430393300466027,0.4608003914056916,0.47455538158013655,0.4863040310736465,0.5004717152325802,0.6819361137664305,0.6714494651433819,12.922858527243445,0.34311247290898655,0.6896856602391407,20.0,7.262689794569678e+17,3.1311508974387155e+17,0.09332285199302762,0.0402341198694722,0.04806610266376762,0.04573214573248384,0.038024326511940494,0.025039715039238616,0.08451126103982438,0.0,0.0,0.014189733073968968,0.024408460283314976,0.0007889252791611784,17.986155912073375,17.54734261730934,7.565155491693173,34,0.001,20,6.582159757614136,0.4107018790244693
S4,4,38,1,SINE,hyb,sample,50000,10,1004,5e-20,0.1,2.0,7.4265281812250105e-06,7852.556657602863,2e-10,4,0.01,0.43862661428085953,0.003299155158400314,0.4522578171754062,0.004430602145959295,0.4387080525096323,0.47182962823284613,0.4750610986318936,0.44974248611302076,0.45898626564253436,0.4422553047499157,0.4532631981738513,0.439362607426518,0.45215985639990725,0.43862661428085953,0.4522578171754062,0.43911942794591835,0.4530098113937565,0.4479852805410399,0.4628189583164334,0.4664211092330143,0.48214406356478046,0.487660228206641,0.5030145725722062,0.6739442370911545,0.6634398752224923,3.321078134347694,0.02298055034438719,0.20711598722239188,0.2,1.4318992775963832e+18,9.082941360827165e+16,0.7159496387981915,0.04541470680413582,4.782790951243789,2.9138384291405406,0.04259949302761467,0.028405670461894277,0.08492622536721849,0.0,0.0,0.004412380017876211,0.02836350073127844,0.0008250556516655735,5.347978659341051,34.59603525438775,2.194524185110232,2,0.001,20,2.5132908821105957,0.4107018790244693
S4,4,39,1,SINE,hyb,sample,50000,10,1004,2e-17,10.0,0.5,9.174346354336395e-06,2740.7364106907326,5e-12,2,0.01,0.5832511533186941,0.0029554958594147362,0.6289052113830179,0.004767697489909262,0.5753453572364646,0.6136421346375163,0.6592758472091053,0.6132067460689162,0.6588453458393635,0.6094620910951972,0.6551407053434811,0.5948206719497761,0.6406455956754662,0.5832511533186941,0.6289052113830179,0.593104272948445,0.6336394821884245,0.6975136561517103,0.7271484016704324,0.8542200184146658,0.8778104007797678,0.9511870310106223,0.9758317418130977,0.966558979840185,0.9909512310477113,0.8302695335869232,5.6112420686217,0.99995919830008,5.0,6.448953670189673e+18,4.250329454491465e+18,12.897907340379348,8.500658908982931,0.021051171494105403,0.014390655736991043,0.8812676633884479,0.04248484594327548,0.9280466931058895,1.0,0.4638,0.0012279954401130265,0.042482702599832854,0.0014177090444785045,0.8661829766098,155.81279494903404,102.69196301096089,561,0.001,5,0.5608148574829102,0.4107018790244693
S4,4,40,1,SINE,hyb,sample,50000,10,1004,2e-17,10.0,2.0,2.2538685965581494e-05,4277.917327402504,8.498043251417063e-11,4,0.1,0.4377288716045947,0.0007584589323103536,0.4531606543435194,0.0011254764729190436,0.4365126973859093,0.4957502230734712,0.5040016206111518,0.4927271223996227,0.5010817460618254,0.47503115578528804,0.4842839982841233,0.44878845805943657,0.46194771405987495,0.4387052560801302,0.45468299449477045,0.4377288716045947,0.4531606543435194,0.44166707887139445,0.45713274543359306,0.467337384871563,0.4837305526955539,0.4866023447149802,0.5041188357997749,0.5773522700160885,0.5856565116424013,0.8302695335869232,0.4981464065962004,0.7784710347690907,20.0,8.32967131760229e+16,3.9231209328005304e+16,0.16659342635204583,0.07846241865601061,0.04636230167603841,0.042859833486590705,0.07065250529891899,0.04419345168273505,0.14231114861710764,0.0,0.0,0.014622910672263971,0.04381597262197142,0.0010605991757553829,13.787405276691075,2.0125270476074664,0.9478629692880609,50,0.001,20,4.830003976821899,0.4107018790244693
S4,4,41,1,SINE,hyb,sample,50000,10,1004,5e-20,0.1,2.0,6.517722149624872e-06,4299.983750643869,2e-10,4,0.001,0.44102342216355295,0.004696779274005167,0.45181792192779263,0.0049109048861537925,0.43855501415347814,0.46445461793163945,0.4718346599112092,0.4470111702305471,0.45610661731986435,0.44227028171587185,0.45221232396855093,0.44102342216355295,0.45181792192779263,0.4414638834997981,0.4525313558159193,0.4432019850453477,0.45476453613534407,0.4581561704411735,0.4712978642395108,0.47199182536370293,0.4857355199097368,0.52870874062333,0.541148436140745,0.8125038219954697,0.7868642469531955,3.321078134347694,0.01770029250821278,0.18224722504340707,0.2,1.1546112045943828e+18,5.846012231368325e+16,0.5773056022971913,0.02923006115684162,4.858000352593727,3.1699627470529417,0.02804970097904573,0.01845204973158132,0.05591559303197306,0.0,0.0,0.003102779001006207,0.01841999523789705,0.000679785102770051,4.564352746717628,27.896494232688532,1.4124516187584075,2,0.001,20,2.4438040256500244,0.4107018790244693
S4,4,42,1,SINE,hyb,sample,50000,10,1004,5e-20,0.1,2.0,7.846304647364494e-06,200.0,2e-10,2,1e-05,0.5779124425229704,0.019532052365984317,0.6001894215729344,0.042842602112374485,0.583323809637355,0.5807745201939855,0.6030525055529093,0.5779124425229704,0.6001894215729344,0.5785127085665469,0.6005192943212246,0.5816170187046699,0.6031710347694522,0.593595468994136,0.6142458112917906,0.7558289054130035,0.7744237886900486,0.9568579724110918,0.9759595084423711,0.9948817336813549,1.013307176104655,1.000408138973834,1.0100135095077063,1.055300723767869,1.0083398219227309,3.321078134347694,0.025651873591355685,0.21853374491922217,0.2,3.1189850407407796e+16,3319329949723419.5,0.015594925203703897,0.0016596649748617095,4.991715424745074,4.9232227100752,0.0016567633894968338,0.00038810607262615177,0.0022769302800834377,0.0,0.0,0.00015237699800302516,0.0003851212406908285,0.00018059652360877127,0.843742697578839,0.7535761636007448,0.08019813806620682,3,0.001,20,1.8682661056518555,0.4107018790244693
S4,4,43,1,SINE,hyb,sample,50000,10,1004,1.6057488853806625e-19,0.1,0.8817469076641498,1.4007919028943514e-05,2920.970783086052,1.77516478778402e-10,4,0.001,0.4431346627723185,0.0045115209395621475,0.4545110461874996,0.004980274577002181,0.4403053396477506,0.46970149234176056,0.47808770869905864,0.4510309100679139,0.4604058542187122,0.4448201445493126,0.4555260544481704,0.4431346627723185,0.4545110461874996,0.4431975017485774,0.4549435730576061,0.44400838753895544,0.4559242591553684,0.46297950213693684,0.4760655923943771,0.5472602411582713,0.5632180715290109,0.5844618870252124,0.6020582742423071,0.6593815723108126,0.6656858571799058,1.034121264098026,0.20893604766820512,0.5714714691523682,0.08817469076641499,1.3071573812332442e+17,4.730198427599048e+16,0.20989665079323877,0.07595510852746534,10.540516753314265,9.373629425135023,0.06879659113028717,0.04093270922620585,0.12564135316348765,0.0,0.0,0.0013920703124311608,0.04092995620421251,0.0010585776317027652,1.3150384730801077,3.1582153543711455,1.1428604939040548,21,0.0009797187862934998,9,1.3410618305206299,0.4107018790244693
S4,4,44,1,SINE,hyb,sample,50000,10,1004,1.2280819839796878e-19,10.0,2.0,1.330024244647734e-05,3380.9350234147614,7.812175696528642e-11,5,0.0001,0.44349563015486926,0.006427459232596025,0.4554541494386249,0.0035929342686562347,0.4313628287305266,0.4837459083460929,0.4953130416904511,0.452792253047101,0.4661268503006689,0.44349563015486926,0.4554541494386249,0.44466371437565416,0.4561354878530016,0.45160893725118073,0.46292522259937946,0.5248035016527004,0.5362366143436557,0.8523770117895436,0.8689852231677492,0.9813312974328243,0.9994485605520795,0.9989767554241255,1.0085549360053574,1.0551509855351664,1.00818259618081,135.21402388729382,0.18869737873159742,0.5481840104369429,20.0,1.6748166606036e+17,5.751544422656643e+16,0.002056812167356304,0.0007063368085523477,0.049964708087549194,0.04989737048127503,0.0007055713248338628,0.0005167390187765768,0.0019616244784213355,0.0,0.0,0.0005605564856196937,0.0004671791518953245,0.00010877818692228205,5.153206736385396,4.046514803201858,1.389627306380234,19,0.001,20,2.89565110206604,0.4107018790244693
S4,4,45,1,SINE,hyb,sample,50000,10,1004,2.569435264898677e-19,4.627761397046576,0.5392709216856394,1.0725766518263582e-05,2631.615056407385,4.298553082955716e-11,4,0.001,0.45424684001510096,0.004613570578444753,0.46277096284493524,0.007657310941826237,0.4485673571866977,0.503517040994441,0.515001035584089,0.47648687636652076,0.48758544459883507,0.4586028897704396,0.46860970316788153,0.45424684001510096,0.46277096284493524,0.4546291050539878,0.46292742442647744,0.4656529622793384,0.4755628089152781,0.5093892449205026,0.5221728353636111,0.532572851339675,0.5459068343680795,0.6583012911175052,0.6698823001615011,0.9302004472732268,0.895485265388335,29.907655967576563,0.8271344891607979,0.8848005837607242,2.495617153926529,7.208416515634432e+17,3.7713336241988e+17,0.040022719432271425,0.02093927663578072,0.39248415268045006,0.38528243608689805,0.02036625428053771,0.011859843577269378,0.03755982499477125,0.0,0.0,0.0008012227468517251,0.011855674709912898,0.0005969907968781775,1.3421023423502176,17.416213263395086,9.111897258433897,83,0.0008987848694760656,6,1.9479811191558838,0.4107018790244693
S4,4,46,1,SINE,hyb,sample,50000,10,1004,2e-17,8.72910228349342,2.0,2.215049274875173e-05,1546.0443078242236,2e-10,2,0.01,0.43808161999341266,0.0008307404870904701,0.4480178508204674,0.0008918420968958007,0.43682615945408915,0.4614144179960859,0.46609986055596525,0.4568363778508123,0.46220747654839733,0.4452455690207679,0.45270967271662493,0.4389999308860311,0.44794562840198016,0.43808161999341266,0.4480178508204674,0.44114639041123127,0.4515206241344645,0.44342442666967985,0.45376489371585915,0.4916897687773081,0.5021473596804538,0.8011260572344698,0.810524245821111,1.0111055546160335,0.96786279213192,0.7247507681548628,0.20443513708854294,0.5664540280953461,17.45820456698684,1.7268947746087474e+16,6364385009628879.0,0.03956637735530434,0.014581992060429445,0.056456411802216264,0.05509956843409856,0.014279530274868581,0.009549583346018516,0.0364189376293133,0.0,0.0,0.01004261063557223,0.008726992619242212,0.000494291223636198,20.31719390381826,0.4172340431882143,0.1537695364545617,20,0.001,20,6.74626898765564,0.4107018790244693
S4,4,47,1,SINE,hyb,sample,50000,10,1004,5e-20,0.15138330793304183,0.5,6.000000000000003e-06,3946.257507129077,7.200362261372754e-11,5,0.01,0.4449862646003758,0.0014132855992119873,0.4644258637894777,0.0036513363736786985,0.4448048386587956,0.4897950439687492,0.5055482414343194,0.4585206286428717,0.47745614643443607,0.44793562903667483,0.4674267268912817,0.4454706463816292,0.46509222540016565,0.4449862646003758,0.4644258637894777,0.445204895787693,0.46450134163851253,0.44571914777362015,0.46494282975814727,0.46569609915066945,0.48517922850904255,0.5548501322768523,0.5774475485981154,0.6099693117891534,0.6365416615709307,5.027557938816489,0.16665828140863848,0.5204888243764897,0.07569165396652092,2.0053175117748541e+18,6.438295632379976e+17,0.6623311179928184,0.21264879596988626,10.894742369279594,7.947571981002933,0.1650593631247621,0.09316879017918879,0.28943827884895784,0.0,0.0,0.0033486563200652592,0.09316212340564149,0.001542515894751462,2.170905552065518,48.450359895467,15.555528671673306,17,0.001,5,1.1477241516113281,0.4107018790244693
S4,4,48,1,SINE,hyb,sample,50000,10,1004,2e-17,6.681544419982893,2.0,6.000000000000003e-06,5497.854313822707,3.342487152121831e-11,4,0.01,0.3347207161496526,0.005259415021009782,0.34534957089149254,0.01161976514198343,0.31789676310975845,0.371847481357621,0.3787266827660039,0.3712873981857714,0.378225070891525,0.3665013580276269,0.3739439013749986,0.34784448153821657,0.357360498240873,0.3347207161496526,0.34534957089149254,0.348237431895474,0.3554227295975438,0.3792856792091938,0.38438565148459436,0.3931039782493589,0.3990913600626302,0.41433429110526554,0.43018713229465766,0.5116067139070706,0.5456293702677806,0.5547482769219505,0.08975352375238255,0.3961717809162629,13.363088839965785,2.240006298563805e+18,4.7904884634746374e+17,6.705055471499928,1.433946453801142,0.030745539964768264,0.009712194577215862,0.4735160621955282,0.23878514827896552,0.8684266380418406,0.06875,0.0,0.3054717093524592,0.21704062736964988,0.00192559812565338,158.63731132829636,54.12066203793981,11.574271344441733,9,0.001,20,2.733797073364258,0.3347207161496526
S4,4,49,1,SINE,hyb,sample,50000,10,1004,2e-17,9.90265753149667,2.0,6.000000000000003e-06,6698.057414582748,5.4806591208623874e-11,5,0.01,0.32851000375514305,0.009045758773564967,0.3407448653876422,0.008851492481610835,0.3038569555224724,0.3771260777527884,0.3858522313327396,0.3761808862514656,0.38497084869038056,0.36855577718618726,0.3778677221296919,0.3439879463372052,0.35498376337784165,0.32851000375514305,0.3407448653876422,0.344014281749072,0.3549113458258448,0.3751796844296219,0.38171311391707874,0.39619032873375754,0.3964110847586676,0.4133361631270616,0.42102133528665203,0.48636061549184334,0.516062866798298,0.8221874849946773,0.05473794180302806,0.3146937871229098,19.80531506299334,2.476872625076737e+18,3.521300503501043e+17,5.002440238286999,0.711182930905385,0.02950677907120896,0.008411828304526109,0.32063361066940316,0.21479684203974223,0.8276742293810391,0.0121,0.0,0.41123081941868694,0.1685460295692309,0.0017810719340789567,230.88950622948656,59.8435755911713,8.507793688178277,5,0.001,20,3.031677007675171,0.32851000375514305
S4,4,50,1,SINE,hyb,sample,50000,10,1004,2e-17,5.466942553595347,2.0,6.000000000000003e-06,6589.232724684467,1.87499680131032e-11,2,0.01,0.366598044445672,0.0031823042995869797,0.3765179951903394,0.004880973161679061,0.35614350689478436,0.3839946150538995,0.39838118635376923,0.3838059257542139,0.39817517801725455,0.38209262703142344,0.3962939406739225,0.37349914829370945,0.38645264133391305,0.366598044445672,0.3765179951903394,0.3766461945492859,0.385302854098586,0.3983605765250343,0.4145840098854885,0.43292705512741253,0.46085501901736536,0.5139954516485163,0.5509933930493716,0.6574687622743958,0.6989122114214454,0.45390358441201123,0.16000027295531846,0.5115780542897725,10.933885107190694,3.2833954831003955e+18,1.0202564057549075e+18,12.01181629736008,3.732457020547742,0.019325859394973943,0.007028903335379759,0.6629885610556547,0.2435203731131186,0.9230405637373619,0.4284,0.06975,0.16109962095022798,0.23759854976545608,0.001787040564367007,90.1488327475608,79.32992750587705,24.650355743779496,16,0.001,20,2.0340068340301514,0.32851000375514305
S4,4,51,1,SINE,hyb,sample,50000,10,1004,2e-17,2.9864654157681083,2.0,6.000000000000003e-06,7480.006881439469,2e-10,1,0.001,0.3464843569782417,0.003084810223979059,0.3558533700110306,0.005119086230938741,0.33964625019531985,0.35360185081296713,0.3613743828304036,0.3531770938790243,0.36103508540999285,0.3506235166866332,0.3589972191430567,0.3464843569782417,0.3558533700110306,0.3485195625709952,0.35903368262944096,0.3621968635363265,0.3730337517528173,0.38129977708873125,0.3843276477698759,0.40583545564136536,0.40831124876011315,0.4694971506383677,0.49629312598714226,0.5906602742265563,0.6272562600700661,0.2479571247823264,0.015000000000000013,0.16799597142736353,5.972930831536217,2.569357070545789e+18,1.1068327575075971e+17,17.206675536773023,0.74123259667678,0.09615142515742087,0.009195637905606523,0.2894708947122717,0.22844693610092442,0.8964485752202317,0.0363,0.0,0.5281769942344963,0.144305322656882,0.0016733001904710005,315.64987396901273,62.07808690491449,2.674212194849477,2,0.001,20,5.136790990829468,0.32851000375514305
S4,4,52,1,SINE,hyb,sample,50000,10,1004,2e-17,0.786528986670292,0.5,6.000000000000003e-06,7990.88566623352,2e-10,2,0.001,0.37327032636669977,0.004216495713612902,0.38230603821192155,0.007730280494463675,0.36754098756600906,0.38836732208470337,0.39854369428557723,0.38533942402957455,0.3955305580242122,0.3766565351439061,0.3865516210152428,0.37327032636669977,0.38230603821192155,0.3764280941201285,0.3845816545616925,0.3859155342438408,0.3929746273072024,0.3957003775016551,0.4041852929806787,0.5117911055665827,0.5376719586449623,0.7321823638322547,0.7687060497065515,0.8391630427196812,0.8769593070065309,0.06530310549153388,0.06000000000000005,0.3286267594591275,0.393264493335146,3.001594589559755e+18,4.6276963056328294e+17,76.32508503638924,11.76738908307452,0.19916506820876656,0.03288477363305513,0.8148072269763756,0.19808611235002255,0.9806345143305614,0.7281,0.52105,0.08098277026890696,0.1964260041469115,0.001418702193932018,57.08229014889895,72.52135248933315,11.180950157682915,6,0.001,5,1.2590038776397705,0.32851000375514305
S4,4,53,1,SINE,hyb,sample,50000,10,1004,5e-20,8.707688752967405,2.0,6.000000000000003e-06,20000.0,2.172142164150008e-11,3,0.01,0.436509406479361,0.0008857531496353344,0.4464526829356978,0.0012560223656556397,0.43379487096161407,0.48527550846260353,0.47797773832159657,0.47542551465656996,0.47011011245041223,0.4522874369711964,0.4546057719554585,0.4397780675176752,0.4484497128127609,0.436509406479361,0.4464526829356978,0.4380019872726324,0.4485193557217563,0.4408808840071362,0.4517288286227613,0.45533239609799486,0.46610507240613874,0.6778879088722984,0.6871680099061993,0.9693784246835324,0.9289699000673736,289.1891471818538,0.1381125070685209,0.4802238794604322,17.41537750593481,9.37022335896742e+18,2.6491403853081805e+18,0.05380430803624118,0.0152115013550835,0.05656015329187402,0.05448878667740496,0.01483778341471273,0.011933939876926829,0.04675420097945983,0.0,0.0,0.015371160033574284,0.01026508415682556,0.0004830251045378706,31.82269387070572,226.39342217735285,64.00572693757441,14,0.001,20,6.606811046600342,0.32851000375514305
S4,4,54,1,SINE,hyb,sample,50000,10,1004,2e-17,0.29379501712833717,2.0,6.000000000000003e-06,6136.603190594276,7.739300570362246e-11,2,0.001,0.3369314429133145,0.004347594968521265,0.3489133310935929,0.004910029643787775,0.330154062698711,0.35335637878475673,0.36786391387316686,0.35123181060498415,0.36563432737470475,0.342680125044924,0.35640362613624704,0.3369314429133145,0.3489133310935929,0.3450109255664478,0.3541306317015517,0.3644000845399976,0.369028956404146,0.3767059655304395,0.38438552339810994,0.40916877813726443,0.4293944872225691,0.603396838175494,0.6323138521453153,0.8296817696412297,0.8634635957345385,0.024392905184130665,0.038763192781122134,0.26690588717396224,0.5875900342566743,2.1923459076945257e+18,2.3101950609654154e+17,149.24323285829269,15.726577554283455,0.10174626837435882,0.011327411001784205,0.8388701583096058,0.1686797420542948,0.9913992444226609,0.75445,0.53985,0.12360722971306748,0.16403410439233154,0.0013694081017757813,90.26325282637052,52.9691421031583,5.58164886484428,4,0.001,20,8.892226219177246,0.32851000375514305
S4,4,55,1,SINE,hyb,sample,50000,10,1004,2e-17,0.105276726376222,2.0,6.000000000000003e-06,7991.646169826203,7.341127687167752e-11,4,0.001,0.3466749020958494,0.004334169164376992,0.35922602877104354,0.007459648477039803,0.33911505434695527,0.38070184662630896,0.3923709835274501,0.36922911339040027,0.381726322252792,0.34814557313261507,0.36187121816206835,0.3466749020958494,0.35922602877104354,0.36439386415809333,0.3747676938362451,0.3780878193473145,0.38952974663219636,0.4013103064154889,0.4224032765668125,0.501414224551181,0.5286589493764602,0.7735411350936451,0.7978339140572099,0.9265580644849253,0.9533448668434088,0.0087408058505944,0.04086565617492235,0.27376524070317404,0.210553452752444,2.865251025450908e+18,3.146813762239816e+17,544.3275307044614,59.781755579941,0.07813837813452591,0.008709239005502687,0.9360819913274754,0.09034582435961953,0.9978672823524437,0.9043,0.82595,0.04608239032269988,0.08911233971689486,0.0008809987715373203,52.30698590224739,69.2271635582957,7.602998448339759,4,0.001,20,5.904742002487183,0.32851000375514305
S4,4,56,1,SINE,hyb,sample,50000,10,1004,5e-20,6.714335560374859,2.0,4.9999999999999996e-05,12477.717646449428,5e-12,3,0.001,0.9471150614774582,0.006616416842028686,0.915467248085038,0.0061040535252405905,0.9202563143069018,1.0160644837772126,0.9785964464581026,0.9893001682433866,0.9525206014193314,0.958656746233388,0.9258649832267596,0.9471150614774582,0.915467248085038,0.9532104517608685,0.9226941488512882,0.9580471656690397,0.9383158318538151,0.9764913656865615,0.9837671809102684,0.9964161765189953,1.0134366820795404,1.0010230983261617,1.010639138540745,1.0549406388844509,1.00841655853412,222.9883301623411,41.666666666666664,1.0,13.428671120749717,9.952677738218998e+17,8.511796371569204e+17,0.007411513506232435,0.006338524709579747,0.07399849100423923,0.07391967559390071,0.006298080926505994,0.000710248623230702,0.007356984399266421,0.0,0.0,1.9769707226854357e-05,0.0007102197636193436,0.0003532179972451557,0.05597027156329445,24.04660685945543,20.56530176083956,4167,0.001,20,4.505134105682373,0.32851000375514305
S4,4,57,1,SINE,hyb,sample,50000,10,1004,1.3996909225272525e-17,10.0,2.0,6.000000000000003e-06,12018.9559473225,1.974542758146295e-11,5,0.01,0.3624436093933101,0.005845996168174649,0.36809546133320303,0.01022990499023448,0.3283795216340383,0.4189572668189993,0.41706674130024934,0.41842424882912077,0.4165925218771857,0.4135931777717518,0.4123031473749636,0.38911361063702465,0.39082858889886923,0.3624436093933101,0.36809546133320303,0.36743187562265145,0.37254498813230047,0.38681025615142667,0.3953658583536275,0.4088814496494101,0.4273024232496903,0.44123987371172263,0.4681638215869599,0.5582917384453955,0.5967052281516989,1.1863612462211388,0.15193390913531846,0.5004073944262812,20.0,5.85057890950704e+18,1.753442969317302e+18,8.189002191166397,2.4542782073226594,0.014474803996390895,0.005441287199611964,0.5839314189406085,0.25563361637852433,0.8910575333302768,0.2058,0.0,0.1893758710379389,0.24785880327875304,0.0018563645568573173,102.0143755376033,141.35549712103176,42.36483370875677,15,0.001,20,2.0914809703826904,0.32851000375514305
S4,4,58,1,SINE,hyb,sample,50000,10,1004,4.61194041369718e-19,10.0,2.0,6.000000000000003e-06,15872.52001595387,4.539061710661375e-11,3,0.01,0.43512014922235653,0.0016146905064986388,0.44247532168382914,0.0028290772745100546,0.4295384112265478,0.47787374377285863,0.4794400779681126,0.47364621003800533,0.4753890649948122,0.45666940581750026,0.4595500010772258,0.4403932148534027,0.44549452219376695,0.43512014922235653,0.44247532168382914,0.4354390233323513,0.44633847014713135,0.4378961256744255,0.4520392579099443,0.4395584124636323,0.45423944967810514,0.457509667772731,0.47186163778818263,0.6553206229893579,0.6449703730117278,36.005215120346044,0.06609295469487857,0.34388630130023257,20.0,6.067678373822565e+18,1.0108312757372541e+18,0.2798377110954868,0.046618936120017204,0.04777287919647045,0.03906745329234136,0.04261583713640141,0.04155917000766013,0.18607789632807775,0.0,0.0,0.08076944807927106,0.028836803285126063,0.0007818848514534298,103.3009501707705,146.60082466514254,24.42263572501164,7,0.001,20,6.292013168334961,0.32851000375514305
S4,4,59,1,SINE,hyb,sample,50000,10,1004,3.4759368836984075e-18,10.0,2.0,6.000000000000003e-06,9663.73815454377,2.314043166770026e-11,2,0.01,0.38119049799521443,0.003511594109058795,0.3848378621106051,0.008415284330077426,0.37083688819769145,0.4008404333971217,0.4025612653915657,0.4005465807435038,0.40230612766470764,0.3980341816474806,0.4001280013634608,0.388317196705484,0.39171844266103284,0.38119049799521443,0.3848378621106051,0.3923329725919734,0.39206141272219336,0.41387450865816655,0.41392072627003673,0.43376789148227185,0.44741121789354554,0.46396339187265445,0.4930322706688045,0.5117753666561192,0.5457801335522301,4.777241712763864,0.1296432168198247,0.4671374399495593,20.0,4.4164713143001964e+18,1.2069034535881836e+18,1.5351375537172034,0.4195120229390156,0.035223371970092905,0.019722795682895533,0.2557827145347829,0.16495345293951053,0.5998047980331878,0.0,0.0,0.1998624471413758,0.14895126437797065,0.001716128260399364,116.46125278239131,106.70610683315826,29.159924222511247,13,0.001,20,2.8351192474365234,0.32851000375514305
S4,4,60,1,SINE,hyb,sample,50000,10,1004,5e-20,10.0,2.0,4.9999999999999996e-05,5997.2204818265955,2e-10,4,1e-05,0.5619982021293168,0.006154249526812003,0.5754217198328374,0.012617773439594594,0.5503549066954477,0.5735077398305626,0.5866757876075781,0.5619982021293168,0.5754217198328374,0.5703301066171111,0.5830934425237961,0.731291515071197,0.7463454420529605,0.9512599772825616,0.969918490814664,0.9943084543147755,1.013678485498301,0.9990016598974512,1.0183571804737857,0.9995182060354809,1.0179534727867066,1.000976093079787,1.0105595847572997,1.0554769709794611,1.0084831213026937,332.10781343476935,1.0416666666666665,0.9229001282564582,20.0,1.9645468942320496e+16,1.0460715757073822e+16,9.822734471160248e-05,5.230357878536911e-05,0.049997384957836795,0.0499950891151476,5.229990315935568e-05,3.073800565550581e-05,9.812040001739272e-05,0.0,0.0,3.0456395059154374e-06,3.0712060962554876e-05,3.060229404524943e-05,0.09952324166979337,0.4746530337373894,0.25274074565171045,104,0.001,20,1.9211981296539307,0.32851000375514305
S4,4,61,1,SINE,hyb,sample,50000,10,1004,2e-17,0.1,2.0,6.000000000000003e-06,6518.207672090006,2e-10,5,0.001,0.3647752105167479,0.006656850735198561,0.3696173405991247,0.009698615714890715,0.3504844863512202,0.40647259444038114,0.4060252778170869,0.3916574521080551,0.3922152500194525,0.37116635908056883,0.37329048014509686,0.3647752105167479,0.3696173405991247,0.37099281837927844,0.3787635576175449,0.3835233986930227,0.39098240951588414,0.401021720539226,0.40886676143512457,0.514130682333182,0.5374469837671894,0.7659646234748545,0.7974927175709283,0.883666378242952,0.9173462092898383,0.008302695335869234,0.015000000000000013,0.16799597142736353,0.2,2.2389823029193905e+18,9.66390817585411e+16,447.7964605838781,19.327816351708222,0.24596837719757497,0.011140907825999937,0.8618255670236927,0.15323598648899547,0.9932488223141487,0.79865,0.62895,0.0877296211247623,0.150842757364456,0.0012835151115922665,68.35106212028091,54.09592133866802,2.33489123975419,2,0.001,20,5.2283172607421875,0.32851000375514305
S4,4,62,1,SINE,hyb,sample,50000,10,1004,5e-20,10.0,2.0,6.000000000000003e-06,20000.0,2e-10,2,0.001,0.4370302205284311,0.0019575728479434935,0.4460175707337224,0.0027505427140377247,0.43592234256287965,0.4569045480203126,0.4591057192306985,0.44499569915758785,0.45020994714864787,0.4387053825376327,0.44676750643987956,0.4370302205284311,0.4460175707337224,0.4370859821345209,0.4459900482095467,0.4430723421875632,0.4519781117689635,0.6067602968107925,0.6185308873207026,0.9174769222412671,0.934429390000458,0.9912179256892243,1.0007610557475102,1.0539128938627975,1.0070330057201544,332.10781343476935,0.015000000000000013,0.16799597142736353,20.0,6.869932260274032e+18,2.935002404862973e+17,0.03434966130137016,0.0014675012024314865,0.049926732460081356,0.04833955273605673,0.0014591336140884219,0.002554386496892833,0.014493062261689792,0.0,0.0,0.007102767871419119,0.0010193822872028393,0.00013027308387977596,54.52214425179334,165.98403420571464,7.09124225837997,2,0.001,20,2.581598997116089,0.32851000375514305
S4,4,63,1,SINE,hyb,sample,50000,10,1004,2e-17,10.0,2.0,2.6408729874939504e-05,20000.0,2e-10,4,0.1,0.43546221978272354,0.0015428215805400156,0.4451805393200341,0.0015687833826533465,0.43287668491854153,0.5114878065870159,0.4945758429062808,0.5088535439687424,0.4924217807010054,0.49113527019967773,0.4782372848789781,0.45596003584551636,0.4522696026577657,0.4390321872451963,0.44247112447604814,0.43546221978272354,0.4451805393200341,0.43976889691842336,0.45747925112522864,0.4488951900682457,0.4688960247951236,0.4609601059470553,0.4818692847007885,0.5028171260668388,0.5225220918058848,0.8302695335869232,0.2905920890031343,0.6495359681846353,20.0,1.6303595058627648e+17,6.528797868306951e+16,0.326071901172553,0.13057595736613903,0.04422524614487924,0.0377053461096555,0.10943972025497901,0.07316283481200897,0.24381408783511438,0.0,0.0,0.045915096991175304,0.07096446174367423,0.0012589597845548087,36.47066217243128,3.939102129923225,1.5774190598089413,29,0.001,20,3.5921847820281982,0.32851000375514305
S4,4,64,1,SINE,hyb,sample,50000,10,1004,5e-20,10.0,2.0,2.7025006791429652e-05,20000.0,2e-10,5,0.0001,0.4534053092819411,0.0032181940222012323,0.4602112511276477,0.005780963551414358,0.4474667162417636,0.4877238376477696,0.49834099809555765,0.4600576510281072,0.46643756329830144,0.4534053092819411,0.4602112511276477,0.4598730678906656,0.46795151331076923,0.48744681035023907,0.4957856549912357,0.7531013299340521,0.7669522897623694,0.962837073897955,0.9813698493220666,0.9956930817547137,1.014047037780325,1.000564117227319,1.0101447114530429,1.0554109732811527,1.0084218341507811,332.10781343476935,0.30431291336534116,0.6606641149739306,20.0,1.5679291017995683e+17,6.373729673462126e+16,0.0007839645508997842,0.00031868648367310633,0.049984070752252294,0.04996083247840349,0.0003185333662901555,0.00022731370210620354,0.0007704267663001313,0.0,0.0,0.00014590946915551213,0.00021955218355419523,7.257900478146998e-05,2.0103536772767105,3.7882643933792433,1.5399531233452313,30,0.001,20,2.117746114730835,0.32851000375514305
S4,4,65,1,SINE,hyb,sample,50000,10,1004,2e-17,10.0,1.7976539067183914,7.065833459176798e-06,13952.261855282297,8.270529901998806e-11,4,0.01,0.324943694767606,0.004405065820631373,0.3314650980057561,0.00784761456285642,0.3051997956296398,0.3649265979738534,0.3704754328133061,0.36434380527562255,0.36991449962124956,0.35938261613040173,0.3651256692421498,0.3399660499080591,0.3461299336807755,0.324943694767606,0.3314650980057561,0.33754162425041145,0.3438881482610322,0.3750605687127898,0.38051984705159336,0.39295334458078945,0.395044443045423,0.4080262041196085,0.41701724337724266,0.48609765464304794,0.5163840206013939,0.8302695335869232,0.055967527901006446,0.31801738532261603,17.976539067183914,3.1816516494816927e+18,4.615277403254954e+17,6.363303298963386,0.923055480650991,0.028926913915587306,0.007554769657732415,0.36620511435423797,0.23140204996052358,0.8605605210885344,0.0332,0.0,0.4048853602358755,0.1905766545608881,0.0018179838080092338,222.71120262574917,76.8717006530094,11.150944919800054,6,0.0009986966148435507,18,2.3362839221954346,0.324943694767606
S4,4,66,1,SINE,hyb,sample,50000,10,1004,2e-17,10.0,2.0,7.651616376151218e-06,20000.0,3.3634723364518466e-11,1,0.01,0.37155523172170335,0.0010831416995808428,0.38173246243996034,0.004345978439444299,0.3666871412050282,0.37831213770997063,0.39056498775485415,0.37825810894275075,0.3905088927660346,0.37774718849736494,0.38997710201189134,0.37452212804883883,0.3865315183532524,0.37155523172170335,0.38173246243996034,0.38207332524765747,0.38928058954761646,0.40544998700696233,0.42226660366769897,0.43663135877216774,0.46385076784141865,0.5082731624832306,0.5446892987425263,0.6419162233321447,0.6845117618250027,0.8302695335869232,0.145056525199856,0.49053684245872176,20.0,4.612844456273603e+18,1.3436240231654239e+18,9.225688912547206,2.687248046330848,0.013560248557119617,0.004889646108698712,0.5961653324698036,0.26109127842027163,0.9021164728585732,0.24295,0.00435,0.19117563343636063,0.2532915219522464,0.0018252788448353907,104.73776868520132,111.45066690733537,32.463221960767,15,0.001,20,2.0737719535827637,0.324943694767606
S4,4,67,1,SINE,hyb,sample,50000,10,1004,5e-20,10.0,1.6731615453900357,7.444867584419514e-06,20000.0,2e-10,4,0.001,0.43745228054466007,0.0015766517067008086,0.4472400521144257,0.002511532323623617,0.43499450265682826,0.4777552082901363,0.48373850151974934,0.4511638835137715,0.4593965792189465,0.43982567258036676,0.4492171784289581,0.43745228054466007,0.4472400521144257,0.43813978026580863,0.44822605506970603,0.44233099519309543,0.45250182873452793,0.569335560779912,0.581235344895593,0.8967757615935567,0.9135069045268406,0.9883934813081039,0.9979423707704221,1.0534530088289462,1.0066087804202963,332.10781343476935,0.027605450243907318,0.2264835519331165,16.731615453900357,3.66050291495182e+18,2.786597150320484e+17,0.0183025145747591,0.001393298575160242,0.05968393445068988,0.058692864974882825,0.0013876064417800635,0.001918640810914294,0.009695620034319043,0.0,0.0,0.004584438272668273,0.0009699737068118955,0.00013581592192029874,33.75479257401479,88.44119825735302,6.732681185096466,3,0.0009842126737588444,17,2.3985838890075684,0.324943694767606
S4,4,68,1,SINE,hyb,sample,50000,10,1004,2e-17,10.0,2.0,6.000000000000003e-06,20000.0,2e-10,1,0.001,0.3237372881011124,0.003991243663474403,0.33346796708726917,0.00521569265659999,0.3132409309214299,0.3289755186253426,0.33802967905050696,0.32879943337004836,0.3378760035892544,0.32744948760384457,0.336694496565958,0.3237372881011124,0.33346796708726917,0.32490451891649996,0.33479152523387873,0.3476341491653734,0.3551449328339452,0.38366262450270294,0.38602384776546633,0.3981673312856932,0.39878874378796497,0.4389903957463228,0.45783573542117495,0.5711086508791008,0.6024693679314772,0.8302695335869232,0.015000000000000013,0.16799597142736353,20.0,6.869932260274032e+18,2.935002404862973e+17,13.739864520548066,0.5870004809725946,0.03150597658883976,0.003392161436103951,0.22698986419186615,0.21938378451092128,0.9175801547981753,0.0301,0.00535,0.6120185381378683,0.12161701887507109,0.0014823515024508544,412.87004946261663,165.98403420571464,7.09124225837997,2,0.001,20,3.0903759002685547,0.3237372881011124
S4,4,69,1,SINE,hyb,sample,50000,10,1004,2e-17,10.0,2.0,6.000000000000003e-06,15685.402926647426,2e-10,1,0.001,0.32399246277505744,0.002206391798041094,0.3314852015634476,0.0049087585916374075,0.31658167467734544,0.3291266237205326,0.3363674109023422,0.32893308853116787,0.33618416904970566,0.3274992010007724,0.3348204193790819,0.32399246277505744,0.3314852015634476,0.32717217746064875,0.3354743674620627,0.3549283743496377,0.36335012213327655,0.3855517378482803,0.38729825917010563,0.40270589763448594,0.4041386513087769,0.45312759363603705,0.4759107063669175,0.5770859490814193,0.6079605917368262,0.8302695335869232,0.015000000000000013,0.16799597142736353,20.0,5.387882793343692e+18,2.3049848533055312e+17,10.775765586687385,0.4609969706611063,0.03422320579992361,0.004246008434179895,0.19884006786079964,0.20575964716264455,0.8952140159871117,0.0214,0.0,0.5866040952147523,0.10864065488015688,0.0014090852925686644,416.3013398184108,130.1763231404946,5.569060512387911,2,0.001,20,3.2886879444122314,0.3237372881011124
S4,4,70,1,SINE,hyb,sample,50000,10,1004,2e-17,10.0,2.0,6.000000000000003e-06,16407.564086937226,8.87390779137454e-11,1,0.001,0.32658997363822423,0.0032964651290032904,0.3393034455837357,0.005011341997378518,0.3150833161268426,0.33025944274850755,0.3426104390904618,0.3301879811357372,0.34254684886790815,0.3295477760789833,0.34197685740140077,0.32658997363822423,0.3393034455837357,0.32765851663385054,0.3396943544059091,0.34878153633060893,0.35649479346027946,0.3832684916653544,0.3873306207092597,0.3938196307493131,0.39806089615194656,0.4214476957978455,0.438974750579895,0.5456367916208082,0.5793934854633531,0.8302695335869232,0.0338069773827942,0.2498689224459683,20.0,5.785143575464679e+18,5.2682685432590944e+17,11.57028715092936,1.053653708651819,0.02434685058603379,0.003977633875794424,0.3575266002454228,0.24422879625613972,0.918127857751173,0.0584,0.0076,0.5198888425462987,0.18163736020859936,0.0017659876221523807,294.38985643209645,139.77451781694816,12.728633019364407,3,0.001,20,2.530388116836548,0.3237372881011124
S4,4,71,1,SINE,hyb,sample,50000,10,1004,7.8738681511635265e-19,10.0,2.0,1.5647307021154e-05,200.0,2e-10,2,1e-05,0.5426801947890482,0.009900333852600711,0.5485566156129307,0.009349079640176422,0.531928556035815,0.5511102263274344,0.5562974013743507,0.5426801947890482,0.5485566156129307,0.5628878831515799,0.5683822035724923,0.7782721652755035,0.7908508786472644,0.9655947641098287,0.984044813334692,0.9959490305128123,1.0153000992861672,0.9991677205415931,1.0185214116361647,0.9995345495182771,1.017969681311132,1.000977434372886,1.0105609823998738,1.055476652603757,1.0084829464558855,21.08924146676837,0.10201592375593972,0.4198843817716558,20.0,4755193489749614.0,1642286357727264.0,0.0003744176657155963,0.00012931146247199054,0.04999353526284102,0.049981286123520166,0.0001292902530503884,6.785359664155676e-05,0.0003279673105026477,0.0,0.0,0.00018452147232494198,3.0419127132946468e-05,4.9232163282412174e-05,3.7479862760948577,0.11488995363484239,0.03967918527419473,10,0.001,20,1.7518672943115234,0.3237372881011124
S4,4,72,1,SINE,hyb,sample,50000,10,1004,2e-17,10.0,2.0,6.000000000000003e-06,11449.351138933895,6.609181058461778e-11,5,0.01,0.3179682316701409,0.004337366975542974,0.33155376875226744,0.0071578111551366405,0.29432432611070564,0.36359216224812607,0.3746692601609217,0.3628048372851971,0.3739218681591611,0.3562599096693877,0.36772136609060413,0.3329846366819572,0.3457885384540461,0.3179682316701409,0.33155376875226744,0.32865941225884515,0.3402468470076333,0.3679941371828844,0.37462935558083493,0.39108725848512715,0.3947588686926245,0.40409020851743566,0.41176448726573633,0.464101598360552,0.48995281617477077,0.8302695335869232,0.04539140286010296,0.2878856153821473,20.0,4.157536026502675e+18,5.034664112435768e+17,8.31507205300535,1.0069328224871539,0.024913639081369923,0.0053676450075196514,0.37065528370910594,0.23745156532046244,0.8894976020179349,0.0478,0.0,0.4537236053654606,0.18852819831059225,0.0018113193477118821,250.4934350414901,100.4499863885098,12.164222711265696,5,0.001,20,2.66306209564209,0.3179682316701409
S4,4,73,1,SINE,hyb,sample,50000,10,1004,2e-17,10.0,0.5,6.000000000000003e-06,20000.0,2e-10,5,0.01,0.31913918302567695,0.00506228293505956,0.3301301924848825,0.004613242701152457,0.30468839569281514,0.3673954572867808,0.37907490896902163,0.36547655313605343,0.37719369779081746,0.3522847054254575,0.36414679828959284,0.3266870164927265,0.337425296248996,0.31913918302567695,0.3301301924848825,0.33030525398907673,0.3427084931982539,0.359068405287974,0.3647855354204427,0.3848021709575097,0.3906912843870184,0.4022802028684545,0.41650889481758246,0.4923916148112929,0.5229652132595015,0.8302695335869232,0.06000000000000005,0.3286267594591275,5.0,7.512538935760706e+18,1.1496478825725532e+18,15.025077871521413,2.2992957651451067,0.06061899697289,0.012480438572808764,0.5429276255589227,0.2610335577236567,0.9319780846789436,0.16645,0.03685,0.3162005710232032,0.23925478529810665,0.001852727720041643,170.66758790444183,181.5100167574765,27.77657569768212,6,0.001,5,0.6895148754119873,0.3179682316701409
S4,4,74,1,SINE,hyb,sample,50000,10,1004,2e-17,10.0,0.5,6.000000000000003e-06,15083.666503494356,2e-10,5,0.01,0.3211706756847684,0.005576757349497583,0.32955277655168425,0.007612904147798,0.3068994226352053,0.37299949100334023,0.3813246406567267,0.3709084787218898,0.37933434324468673,0.3570757662060372,0.36603694918856344,0.33079470195307537,0.3395840889949121,0.3211706756847684,0.32955277655168425,0.33064274652117215,0.3384859856048232,0.365291040147305,0.370603607358554,0.3870426379091426,0.3923935639029452,0.4031294705925522,0.4146000916653437,0.4999059056732918,0.5315631843938482,0.8302695335869232,0.06000000000000005,0.3286267594591275,5.0,5.665832661365122e+18,8.684512460412977e+17,11.331665322730245,1.7369024920825955,0.07307531071295627,0.016218409660482075,0.49486033254855005,0.2530382304336842,0.9076693030100105,0.11045,0.00715,0.324056951372604,0.2287271674201588,0.0018821372512224724,172.17498413685018,136.89185375320875,20.982600099635384,6,0.001,5,0.6981749534606934,0.3179682316701409
S4,4,75,1,SINE,hyb,sample,50000,10,1004,2e-17,10.0,0.5,6.000000000000003e-06,14294.887251591992,6.807827619457333e-11,4,0.01,0.35535691932723085,0.0048713733324402715,0.36929992171097636,0.006882737159561683,0.3442878309747718,0.39346368843624036,0.41124365669812174,0.39255205491690875,0.4102888588260738,0.38536407077374596,0.40274187319302535,0.3645309796751793,0.3805907893245642,0.35535691932723085,0.36929992171097636,0.36708331033335034,0.3779973298590025,0.38915588670758383,0.40225048577599276,0.4284088691204245,0.45412904855340896,0.5018805474108217,0.5367150071509244,0.6654507356274315,0.706156034482962,0.8302695335869232,0.1762676828905453,0.5328894822304733,5.0,7.460528301297025e+18,2.4227501315290404e+18,14.921056602594051,4.8455002630580815,0.034214351381342635,0.012561980337876167,0.6987929225413053,0.24992413440199254,0.9369465492648705,0.534,0.15345,0.12091018066220491,0.2465419478482596,0.0016872634636018716,71.66052206458197,180.25339083995456,58.5359251690169,18,0.001,5,0.5305180549621582,0.3179682316701409
S4,4,76,1,SINE,hyb,sample,50000,10,1004,2e-17,10.0,2.0,1.5364504601363973e-05,12657.250447616834,1.863941104863817e-11,5,0.1,0.49660514251913995,0.005990682476072006,0.523271116858733,0.00717039583173737,0.4857790069627521,0.5674662987443642,0.5829841912446525,0.5668677991459046,0.5823680005813119,0.5614290426803279,0.5767625607810859,0.5333821401353509,0.5479417355649214,0.4988354820336598,0.5166689747347972,0.49660514251913995,0.523271116858733,0.5294184890578859,0.5690914580553462,0.5549628273878062,0.5994087126307907,0.5892729170887419,0.6302040952455081,0.6985211144468892,0.7423652146042936,0.8302695335869232,1.0554160439464022,0.9248250464516397,20.0,1.4437743817509056e+18,7.646084767309316e+17,2.8875487635018118,1.5292169534618634,0.019768964434451756,0.012861575003103289,0.5406279065526644,0.18475440183199754,0.7427559745568231,0.0,0.0,0.013047358197435131,0.1846861289635038,0.0020660016672682823,6.315269926517855,34.88294895593596,18.4736609834671,106,0.001,20,2.018765926361084,0.3179682316701409
S4,4,77,1,SINE,hyb,sample,50000,10,1004,2e-17,0.5496983347453094,2.0,8.17634398722619e-06,20000.0,2e-10,5,0.001,0.31585368435343714,0.006697500632374261,0.3265822643792599,0.009921346158846368,0.2901183891356444,0.35551336155194535,0.36340714609781405,0.35079937926623816,0.35869026340969173,0.33189661018104316,0.34014351520836417,0.31585368435343714,0.3265822643792599,0.31753627648768196,0.33106401535885627,0.33796095381340174,0.3479996116742693,0.36473404545970967,0.36754016959070207,0.38282472360933173,0.3888552687914989,0.4170340124213984,0.4355500833840213,0.6235848635010661,0.6565540452855152,0.045639778000249646,0.027855250415604108,0.22747786284458596,1.0993966694906188,2.764186275640405e+18,2.121211792726565e+17,100.57102599450769,7.717730466508988,0.10433791300103132,0.008955209362857472,0.7247829665542729,0.2413838927898553,0.986249347075759,0.52745,0.2336,0.22584239622142133,0.2300730143103992,0.001622560329300121,139.18890542506776,66.78534400986402,5.125047488422355,3,0.001,20,9.890493869781494,0.31585368435343714
S4,4,78,1,SINE,hyb,sample,50000,10,1004,5e-20,0.1,2.0,1.6913225781110512e-05,20000.0,2e-10,5,0.01,0.43853613078172293,0.00249265232298345,0.4505122832342942,0.004092993985983782,0.43813190170280436,0.48128271609023743,0.483848723569232,0.45069405067307844,0.4584291866705163,0.4425516684689395,0.45187822806689465,0.4393613869735523,0.4502896691785729,0.43853613078172293,0.4505122832342942,0.43889861641378836,0.45107713242193126,0.44422512955876786,0.4571242875219566,0.47462717423954787,0.48923968116805083,0.49716378396362737,0.5123424081907266,0.6207165150052296,0.617883162555706,3.321078134347694,0.11919050263450887,0.45014193902739724,0.2,3.9599363085542e+17,1.020131631989212e+17,0.19799681542771,0.051006581599460595,4.757344138027009,4.173633799030505,0.047459957534892634,0.031959446272325776,0.09291875914243052,0.0,0.0,0.002192732052738427,0.03195055000651278,0.0008640591332355762,2.537710636224017,9.567579108346164,2.464734109207573,12,0.001,20,2.3598790168762207,0.31585368435343714
S4,4,79,1,SINE,hyb,sample,50000,10,1004,2e-17,2.0425268994969827,2.0,6.000000000000003e-06,20000.0,2e-10,4,0.01,0.30449775416450187,0.005677262354854245,0.3136988363494667,0.005879196546660731,0.29540773151952815,0.3317178297471147,0.3407313242472217,0.3302284400805001,0.33917170164563354,0.32087026262210083,0.3293550745939883,0.30509102107406955,0.3128191487430243,0.30449775416450187,0.3136988363494667,0.3310650026132137,0.3426204599755949,0.3561882041535297,0.36310951823911924,0.38025617069642453,0.38357300730172145,0.3964273856078182,0.4081862211868009,0.46448483747771097,0.4895737144330433,0.16958478561841045,0.015000000000000013,0.16799597142736353,4.0850537989939655,6.869932260274032e+18,2.935002404862973e+17,67.26895260929885,2.8738935145341604,0.06319090000197974,0.003585741517028969,0.505398930049162,0.26591656274149417,0.9810341242513495,0.16145,0.0727,0.5167171191106553,0.20742063373883324,0.0018356706755489765,281.48682985096207,165.98403420571464,7.09124225837997,2,0.001,20,3.503861665725708,0.30449775416450187
S4,4,80,1,SINE,hyb,sample,50000,10,1004,2e-17,10.0,1.1833616587420437,6.000000000000003e-06,20000.0,2e-10,5,0.01,0.3096871189403578,0.004320523909041342,0.32127931956693856,0.007351626491854014,0.29453531571114017,0.3604925540587099,0.3630946994049632,0.3588713578671755,0.36161885521747317,0.3473682908046768,0.35127936608142235,0.3209312617268396,0.3286238753127318,0.3096871189403578,0.32127931956693856,0.31868253569741173,0.33123297007099123,0.35292401572000526,0.36054027182692827,0.38738718758642626,0.39067599167113654,0.4018281165837947,0.4074512520322309,0.46043962757383944,0.48443153479845646,0.8302695335869232,0.0253515058379457,0.21728282750440608,11.833616587420437,6.971689397440137e+18,4.919510276331785e+17,13.943378794880276,0.9839020552663571,0.04259535859418894,0.005655014211964636,0.337233781378907,0.24198632560527247,0.9233651819920485,0.05395,0.00945,0.5331639715874777,0.17187860372220537,0.0017331587531074508,307.6255828449335,168.44258248481816,11.886000196884739,3,0.0009861347156183697,12,1.6769840717315674,0.30449775416450187
S4,4,81,1,SINE,hyb,sample,50000,10,1004,3.892589571500763e-19,0.23400012266802508,0.7630650334144373,2.8877752898626116e-05,13305.114035647724,1.4070993685383352e-11,5,0.01,0.5248560947086499,0.010971472602552951,0.5509626242477579,0.010688546012278338,0.5223918047475379,0.5986215824820651,0.6283158568179139,0.5722762952879191,0.6028825075999327,0.53577384709307,0.5665897680176154,0.5252249263759542,0.5536673536330409,0.5248560947086499,0.5509626242477579,0.5282632172774915,0.5535721633934165,0.5426352321889517,0.56678682695731,0.6923826575246841,0.7137007270888266,0.9213154437596073,0.9448338324124526,0.9702560186812746,0.99428786377605,0.9982206915894265,12.944617449625255,0.9999999995385446,0.178557311422659,2.0479046306857413e+18,1.4836207786742275e+18,3.406687192273307,2.4680015998633835,1.6148904743896302,1.270896368275743,0.7005054222478471,0.05886761219756975,0.7730315928739514,0.0,0.0,0.0016635427976364593,0.05886505098090754,0.002028327330027928,0.8201549981646966,49.479304801212784,35.84567543697281,1294,0.0009538312917680466,8,3.144965887069702,0.30449775416450187
S4,4,82,1,SINE,hyb,sample,50000,10,1004,1.3096845156281498e-17,0.5312033661222746,1.640260929606476,9.261318551851138e-06,2827.5258637438983,2.0049755163495917e-11,1,0.001,0.4986488512784596,0.007217195288974944,0.5311838951789042,0.008752202846500067,0.49295284706853726,0.5088767795569379,0.5406998512836103,0.5080270830950104,0.539865385718743,0.503435810957365,0.5354107496891567,0.4986488512784596,0.5311838951789042,0.5007584353828217,0.5336451733564448,0.5463254914446183,0.5829501441075632,0.6462156130980967,0.6920326553402419,0.6870837584066077,0.7321798474798272,0.7614651958028056,0.7984262406911636,0.8518457560010277,0.888359595367881,0.06735087202563625,0.4346827245997061,0.7465248999893495,0.8713121271258114,7.13220614408316e+17,3.2957031103302637e+17,17.584489378072824,8.125572251576296,0.12576683545704076,0.06175549515874546,0.8152755033567488,0.1522652674670927,0.9455513863497289,0.68865,0.4589,0.020757613975093812,0.15208011506300967,0.001538577150639758,13.491435230571673,17.232081827463112,7.962729137231961,43,0.0009648593703567507,17,10.592649936676025,0.30449775416450187
S4,4,83,1,SINE,hyb,sample,50000,10,1004,2e-17,0.1,2.0,6.000000000000003e-06,20000.0,9.32899606906114e-11,5,0.0001,0.3502196576894161,0.0072552599270040785,0.3570475205210889,0.0072398116011858716,0.31105702358226595,0.38866950324977323,0.39401288591361483,0.37460791348236955,0.3803861536809363,0.3502196576894161,0.3570475205210889,0.3517778583973431,0.3589139509568645,0.3711148414497586,0.38108613590669116,0.3993157170948981,0.42211440856414806,0.4523794917963898,0.48625236306302455,0.5506814798183399,0.5858884653657748,0.7628694976886022,0.7873796264437976,0.9298866589833825,0.9550485385836838,0.008302695335869234,0.03215780109447425,0.2438965497236154,0.2,7.035797896682764e+18,6.127300601655452e+17,1407.159579336553,122.54601203310904,0.04047075189007357,0.0035507339319849843,0.9517723669174203,0.0850698395387978,0.9992622530061886,0.92955,0.87655,0.03908647782070169,0.08400267263724963,0.0007230173075939891,54.0602242991543,169.9915042103929,14.804135384783349,3,0.001,20,5.539376974105835,0.30449775416450187
S4,4,84,1,SINE,hyb,sample,50000,10,1004,1.2989051418360546e-19,0.9150561479910974,0.5299482968540443,3.093219117705066e-05,11422.375219516482,7.059368760170872e-11,4,0.001,0.5144766287048697,0.005957703759688138,0.5291402932104168,0.010364310219343297,0.5137844674994471,0.560542062185611,0.5728589885856249,0.5304426769937962,0.5431408909215701,0.518132390910417,0.5315699049091651,0.5144766287048697,0.5291402932104168,0.5175564344226766,0.5327507908338919,0.5328879678063807,0.5489472114103441,0.6307295186903841,0.6497511078274875,0.7225342187149247,0.7432749526162264,0.7616739108836506,0.7824083617364839,0.8761886301213583,0.864863765199394,11.698209772647255,4.2625624174153165,0.9996510917980324,0.48493244715370437,5.4855004405732275e+17,3.416848601025013e+17,0.07786565604140205,0.0485015288568926,1.9667523959780118,1.9131724649613409,0.045885715485956005,0.018849113926702726,0.0721768609690483,0.0,0.0,0.0005278785026026585,0.018848336477175858,0.0009119729677201429,0.57883130453122,13.253485744374,8.255428053458878,426,0.0008832471614234072,6,1.3031587600708008,0.30449775416450187
S4,4,85,1,SINE,hyb,sample,50000,10,1004,1.0082011335534227e-17,0.9701912602598084,1.1561081985758934,7.2821798663144304e-06,3570.7304881863397,1.2720992012913255e-11,3,0.01,0.527204549689791,0.005246449604357131,0.5695944306247714,0.008621164032233546,0.5276103879790578,0.5696971079806648,0.6130927657030294,0.5670423228330808,0.6102612828944087,0.5523237375625085,0.5944606135802533,0.5332247994665189,0.574863225267063,0.527204549689791,0.5695944306247714,0.5393649795933748,0.5812315045220758,0.6146733912025346,0.6581442028409981,0.7050845335457364,0.7459938924844565,0.8206114103625085,0.8533518344536505,0.8953383966075383,0.9287498752293264,0.15979356069695144,0.6009690299485443,0.8206385611495487,1.1216460701730429,2.39710986864589e+18,1.1760637444071089e+18,24.910231475118565,12.221392304902931,0.0674321441346451,0.03440906471333723,0.866227651219339,0.11703227493818118,0.9613422741062746,0.77185,0.59455,0.012259649835540122,0.11692987449741132,0.0013561861885941673,9.039798472102541,57.91643226716541,28.414807800737155,60,0.0009634234988132445,12,1.0332648754119873,0.30449775416450187
S4,4,86,1,SINE,hyb,sample,50000,10,1004,6.97035736621678e-18,2.6262494980973647,2.0,6.000000000000003e-06,20000.0,2e-10,1,0.001,0.3468411026210927,0.003698233200563011,0.3584742554405234,0.006602263365813788,0.34075814135928095,0.35337670931798865,0.3626018343910911,0.3529524035908878,0.36227113411855527,0.3504874810579647,0.3604456478324437,0.3468411026210927,0.3584742554405234,0.34901515336718986,0.3624414145321274,0.36135293507495503,0.37377041750462286,0.37935418852129804,0.3831277034915842,0.40533618923192877,0.40821871500733575,0.473178909007862,0.501173460188533,0.5887289485630447,0.626414833295913,0.6256479635997981,0.015000000000000013,0.16799597142736353,5.2524989961947295,6.869932260274032e+18,2.935002404862973e+17,18.23356195612915,0.7789821815262327,0.10701937830592317,0.009898611994934319,0.29951256625770534,0.23219380924502467,0.8964627971486315,0.03885,0.0,0.5101909572356909,0.15373162328545045,0.0016795681167856085,303.7631830092754,165.98403420571464,7.09124225837997,2,0.001,20,4.936630010604858,0.30449775416450187
S4,4,87,1,SINE,hyb,sample,50000,10,1004,5e-20,0.1,1.334678090171936,6.000000000000003e-06,20000.0,2e-10,5,0.1,0.44572278411927735,0.0012702220094292702,0.47022614543734065,0.0016247631797425362,0.44729791386728196,0.4982487141330738,0.5104924096192611,0.4621411680515939,0.48199548355859845,0.4493483776360572,0.4705229595022563,0.4464572904522556,0.46894058507214337,0.4457740958137464,0.469556526930463,0.44572278411927735,0.47022614543734065,0.4459272316165137,0.47051127101561824,0.4514693178498589,0.4758678773488857,0.4836786650009948,0.5090294579275974,0.521007290942728,0.5490281700187303,3.321078134347694,0.022477330092483472,0.20488683566591,0.1334678090171936,6.911474413556708e+18,4.266007194323464e+17,3.4557372067783536,0.21330035971617314,6.175258503932081,1.681527212323735,0.16350948257523004,0.10204776278496294,0.3038118312842439,0.0,0.0,0.011860710971758467,0.10197127781436938,0.0014952997188612525,7.93199572109263,166.98773175762847,10.307075197218404,2,0.0009533414929799543,14,2.212491035461426,0.30449775416450187
S4,4,88,1,SINE,hyb,sample,50000,10,1004,2e-17,2.017261791119935,1.3054356238298341,7.0010273464274775e-06,18314.84414514784,2e-10,5,0.01,0.3112713450520744,0.004627647592727828,0.32313707183179724,0.006539635983133957,0.3017167485689719,0.3572419124641617,0.36638993355671634,0.3541680792686204,0.3634234926400606,0.33736960471203215,0.34727834940131,0.31528811517367217,0.32634788528004205,0.3112713450520744,0.32313707183179724,0.32636082706349373,0.33796872266967243,0.3548408914283968,0.35898380248867917,0.38117130507860375,0.3844530935666309,0.3973710685383159,0.40959556085392146,0.49945417454898455,0.5281755476337103,0.167487100643587,0.03128865121771188,0.2406812480635631,2.6334054047187405,4.050732070069269e+18,3.44572415017078e+17,40.160697911403965,3.416238948597542,0.08598638952774541,0.009225704658824541,0.5905581845716802,0.26022990968743764,0.9685639691609836,0.23575,0.092,0.3515008199560845,0.23320488762422073,0.0018196054282432778,193.17419837301645,97.86950220230315,8.325194099986513,3,0.0009324540170213101,14,2.2454960346221924,0.30449775416450187
S4,4,89,1,SINE,hyb,sample,50000,10,1004,2.608610780291167e-19,10.0,2.0,1.4694118635354933e-05,20000.0,2e-10,5,0.01,0.4380381481368797,0.0012566403158921447,0.4478373839910731,0.0017560570284194778,0.4365712033713251,0.5119819548111859,0.5061276288706923,0.4748696584958834,0.47626393276295903,0.4477494910792938,0.45503200459589976,0.4384897688515436,0.4476131703324763,0.4380381481368797,0.4478373839910731,0.4423061278909054,0.4526178306508841,0.46345041227487443,0.47371985946588396,0.7236024096308062,0.7372441362321199,0.9553372282123183,0.9647470065555893,1.047813788496517,1.0013830078429276,63.65606857564627,0.08996546769578546,0.3965987255716774,20.0,5.550504393435647e+17,1.1736023032045992e+17,0.014479105596769714,0.0030614716199140607,0.049847393619108414,0.049286377338040276,0.0030441111725857868,0.002822685891230069,0.012226985179605016,0.0,0.0,0.004801621157197992,0.0021241453716807183,0.00021668477936106811,22.159475950993826,13.410541417219775,2.835533706285008,9,0.001,20,3.531376838684082,0.30449775416450187
S4,4,90,1,SINE,hyb,sample,50000,10,1004,2e-17,10.0,2.0,1.2323971975641719e-05,20000.0,2e-10,5,0.01,0.36376833024398225,0.0035536862982784583,0.3695769859986748,0.011020281207416879,0.3428670177052631,0.43042198493902595,0.43358256535612094,0.42827514719386944,0.43138058890354325,0.41348293834226413,0.4163060165671236,0.3807447594474443,0.3847358889170503,0.36376833024398225,0.3695769859986748,0.371353069999962,0.372771180066479,0.407763315175789,0.4057013499970513,0.42395086442779056,0.42750652467685935,0.44818516629434313,0.4696117447887169,0.49612761856547294,0.5287464007349802,0.8302695335869232,0.06328345219016768,0.33695880638457026,20.0,8.730689749854904e+17,1.3933083409203381e+17,1.746137949970981,0.2786616681840677,0.03910338539436245,0.018207388307105388,0.18341241576382025,0.14904895546770197,0.6108739962698037,0.0,0.0,0.2839466548628518,0.11201694326107037,0.0014801724365354806,191.83349713460595,21.094168780371554,3.3663641875444634,6,0.001,20,3.1513867378234863,0.30449775416450187
S4,4,91,1,SINE,hyb,sample,50000,10,1004,2e-17,10.0,2.0,6.000000000000003e-06,20000.0,2e-10,5,0.01,0.3137174006718455,0.004028089438850146,0.32530646865773016,0.006647824235103497,0.2960580926015466,0.3638154520267344,0.37007419136032815,0.3618613260012985,0.368351310968467,0.34904086260598305,0.356959217029525,0.32425125563729607,0.3343952540654552,0.3137174006718455,0.32530646865773016,0.3207054295335959,0.3312605830614105,0.3599658992246579,0.3665450270525875,0.3919604424512387,0.39346712410184514,0.40782230729860264,0.41266123919906794,0.47938500437541653,0.5053008472402554,0.8302695335869232,0.015000000000000013,0.16799597142736353,20.0,6.869932260274032e+18,2.935002404862973e+17,13.739864520548066,0.5870004809725946,0.03150597658883976,0.003392161436103951,0.22698986419186615,0.21938378451092128,0.9175801547981753,0.0301,0.00535,0.6120185381378683,0.12161701887507109,0.0014823515024508544,412.87004946261663,165.98403420571464,7.09124225837997,2,0.001,20,3.1124541759490967,0.30449775416450187
S4,4,92,1,SINE,hyb,sample,50000,10,1004,2e-17,0.2066410858399145,2.0,8.123722556610242e-06,19032.40792126038,2e-10,1,0.001,0.34459525962943577,0.0025367333430594556,0.3552385992405451,0.003270178637942369,0.34137474225407416,0.3506391572724564,0.3623382684296059,0.3494179158345693,0.361152477170236,0.3455107557574331,0.35715723352890694,0.34459525962943577,0.3552385992405451,0.35498284694456456,0.36172145410591977,0.3701926152246408,0.3742053602279664,0.38192416578874366,0.3927595724580012,0.4703269000591755,0.4928601045979805,0.7375261644772089,0.770034446930203,0.8647853733899609,0.8989838357972818,0.01715677979602012,0.02749786174032419,0.22605380317808496,0.413282171679829,2.6807128137966075e+18,2.0341577757860224e+17,259.4559356771252,19.68783475481629,0.11696025068986382,0.009290071784554455,0.8401260833559984,0.19525237134101858,0.9943961892037179,0.78095,0.59335,0.11102228498750208,0.19209205582539968,0.00129181152348305,85.94309848557316,64.76854654796334,4.914716783865634,3,0.001,20,6.827063083648682,0.30449775416450187
S4,4,93,1,SINE,hyb,sample,50000,10,1004,2.7970486826836208e-18,10.0,2.0,2.3252785897456298e-05,200.0,8.007684154546394e-12,5,0.001,0.6641511773709823,0.00792804095949802,0.6778055749934172,0.012374177599225777,0.6432997248974777,0.7505050253814007,0.7523527463157782,0.7220279908132162,0.7259404105264406,0.6777240220449314,0.6873365745670752,0.6641511773709823,0.6778055749934172,0.7111866452213509,0.7291950751649464,0.7656268238874224,0.7848197992770957,0.8365115818183468,0.85499947125353,0.963212088022052,0.9817326095458851,0.994781251181293,1.0050256106645736,1.0510800465572285,1.0055260846590763,5.936754256206392,5.626804220772145,0.9999601897138712,20.0,3.2770115766686684e+16,2.7646689151305936e+16,0.009165960913660074,0.007732913547122382,0.04961632127703841,0.04954586454217295,0.007672572370886525,0.0009972606892495596,0.009082671584516012,0.0,0.0,2.799862288218364e-05,0.0009972186529050167,0.00038937951594064023,0.0719057416632362,0.7917568631347733,0.667970050345457,563,0.001,20,5.15727424621582,0.30449775416450187
S4,4,94,1,SINE,hyb,sample,50000,10,1004,2e-17,10.0,2.0,6.000000000000003e-06,13000.553221991075,1.2622999982190242e-10,5,0.01,0.3107078820696511,0.005065752430665611,0.32336017758170194,0.00663280943634006,0.2932792555366698,0.36420515503136186,0.3701626496767385,0.36259702100092467,0.3686244900482831,0.35114280531313546,0.35776491535779903,0.3242872869168547,0.3335528381441859,0.3107078820696511,0.32336017758170194,0.320629797727641,0.3324840054999673,0.3639789021737509,0.37207341928166004,0.39247120692777454,0.39376723805716074,0.4094520631105416,0.41485340775638313,0.4812022393629284,0.5084455339093088,0.8302695335869232,0.023766141204410163,0.21054442581886415,20.0,4.498237232805643e+18,2.925856994429551e+17,8.996474465611287,0.5851713988859102,0.03154233039729394,0.005001763388883172,0.24684634187819895,0.2173862443921851,0.8877518464026783,0.0251,0.0,0.5549303379440957,0.1329102571274198,0.0015627737547844823,355.0932028677591,108.68164843966726,7.069146085365509,2,0.001,20,2.978135108947754,0.30449775416450187
S4,4,95,1,SINE,hyb,sample,50000,10,1004,2e-17,1.2283620468744791,2.0,6.000000000000003e-06,13607.26683808873,1.1367104756664499e-10,5,0.01,0.3042638811422172,0.0038449515865178483,0.315449925598415,0.0056262625960946345,0.29606694721930277,0.34671750849444416,0.35324553901887346,0.34400856996547635,0.35070292163843514,0.3283689282242303,0.33622808554872685,0.3060056945066959,0.31619350860555384,0.3042638811422172,0.315449925598415,0.3327552776157885,0.34266273918370194,0.36243700404881396,0.3691772563628771,0.3780313386466684,0.38575847350162035,0.40611315100095274,0.426621654544702,0.4981664495118374,0.5280460762199489,0.10198715837343522,0.02639194468794802,0.2215825830893037,2.4567240937489583,4.750164816523366e+18,3.4823641311233683e+17,77.34144552267765,5.669931173767722,0.061027033895056565,0.005195795317580512,0.6623175772842925,0.25056811725146055,0.9849478131676733,0.35265,0.1597,0.3363842557968293,0.2256097341199369,0.0017422347953218941,193.07630446829594,114.76845615318285,8.413719745092196,3,0.001,20,3.5163559913635254,0.3042638811422172
S4,4,96,1,SINE,hyb,sample,50000,10,1004,1.745567439877101e-18,10.0,2.0,2.399182793386388e-05,20000.0,1.4365160632121022e-11,5,0.1,0.44269764025588004,0.0011642010992183656,0.46215632352088587,0.001411770841752167,0.4400057026911804,0.5083752292523548,0.527750374332302,0.5065269740851708,0.526027581068446,0.4930342169794718,0.5133117188782734,0.4612305008196177,0.48199405893047764,0.44559154197860157,0.46554760554719454,0.44269764025588004,0.46215632352088587,0.4471745165642866,0.4662099887510701,0.5374782838061383,0.5567683849244129,0.6655968652224161,0.689491665375182,0.7323266002774548,0.7597989397671812,9.512889787235943,3.3391424244446615,0.9984493407979853,20.0,1.6551370107325176e+18,1.000726472360264e+18,0.28891532744701987,0.17468355463751484,0.04256465479797157,0.03879230771429803,0.14467194290334984,0.05888612640444132,0.22414938260557654,0.0,0.0,0.001659770815965849,0.058883796004873375,0.0015242071628012888,1.088940438329533,39.98966915484725,24.178494157697052,334,0.001,20,1.834273099899292,0.3042638811422172
S4,4,97,1,SINE,hyb,sample,50000,10,1004,2e-17,10.0,2.0,4.9999999999999996e-05,200.0,2e-10,5,0.0001,0.5461599859661972,0.009668078346209105,0.5574998992308504,0.01122327999640002,0.5266885091977285,0.6030350280852833,0.6094624753000775,0.5651152260341431,0.5731953562941314,0.5461599859661972,0.5574998992308504,0.5497179439137885,0.5644968769782635,0.5797727875780654,0.5945670404532934,0.8047607229080527,0.8211013283474239,0.9712009712811058,0.990089702279241,0.9965311741562717,1.0149326215518977,1.000595914321743,1.0101951993615732,1.0553375351735383,1.0083745674502687,0.8302695335869232,1.0416666666666665,0.9229001282564582,20.0,678839266348110.2,514695956374863.56,0.0013576785326962207,0.0010293919127497273,0.049948583332264464,0.049932208112954915,0.0010282897697706619,0.00020888683021594287,0.001354530904617208,0.0,0.0,5.643716801946975e-05,0.00020790888920308757,0.00014257891094354196,0.3958311060589992,0.016401396074495277,0.012435539098759706,104,0.001,20,3.0093462467193604,0.3042638811422172
S4,4,98,1,SINE,hyb,sample,50000,10,1004,5e-20,0.1,2.0,2.952305196969297e-05,200.0,2e-10,5,1e-05,0.7332740951512392,0.05463694899963993,0.7531197538393861,0.0671224929938896,0.7194614084344917,0.7391273042793153,0.7551813387568528,0.7332740951512392,0.7531197538393861,0.7343949238827784,0.7527482952220984,0.7402176255242219,0.7601278385492882,0.783430071019299,0.8092042632480559,0.9387287427195101,0.9605780725847411,0.9922742552355596,1.0119301556240232,0.9988153492201282,1.0172857116687037,1.0008891451550757,1.0104812744047016,1.0554483862068285,1.0084618886789436,3.321078134347694,0.3631710823354966,0.7034209172517931,0.2,1368122240221301.2,871190706369682.4,0.0006840611201106505,0.0004355953531848411,4.997822971537557,4.996582032498124,0.000435395858075157,9.915276065820452e-05,0.0005782681490560548,0.0,0.0,5.412061921912817e-06,9.913287780252019e-05,9.267516704028327e-05,0.05839818901605375,0.033055121959737234,0.021048788041470153,36,0.001,20,1.7100179195404053,0.3042638811422172
S4,4,99,1,SINE,hyb,sample,50000,10,1004,3.199180845274204e-19,0.1,2.0,2.39684726025438e-05,20000.0,5.565583609522097e-11,5,0.1,0.5104616898431693,0.0015555761115934998,0.5514966692164714,0.0018302376555131366,0.5134099417424391,0.5830124640090903,0.6160498240930148,0.5518834736047206,0.5871771612373149,0.523215629920694,0.5612035228976515,0.5137306798055677,0.5514684925680085,0.5107487771472721,0.5499603401839818,0.5104616898431693,0.5514966692164714,0.5114318131675365,0.5531404439979019,0.5134683475855618,0.5541763555822796,0.5498768709525754,0.5875174033843257,0.6429945182285548,0.6843783925430554,0.5190513282882326,0.8601788527562021,0.8918150151575148,0.2,5.063330719267972e+17,2.585367513297121e+17,1.6198510650370554,0.827105822653435,2.736568368403913,1.9085054363307021,0.40319770045297615,0.17922150653926117,0.6098338471263665,0.0,0.0,0.005362938417086911,0.17921206879558707,0.0020204975581357893,2.654266220462559,12.233483933483459,6.2464914282042034,86,0.001,20,4.367021083831787,0.3042638811422172
S4,4,100,1,SINE,hyb,sample,50000,10,1004,2e-17,0.1,2.0,1.2804015569246436e-05,200.0,2e-10,5,0.1,0.44257683584818164,0.002947880997661168,0.4589256412615357,0.004566817794278663,0.443354302602727,0.500923580995085,0.5106292964977264,0.4719972421267647,0.4841124175751788,0.45150262733300933,0.4654914226625479,0.44554790406524925,0.4594481335457868,0.4428995267182588,0.45839818967910634,0.44257683584818164,0.4589256412615357,0.4439267198460116,0.4604851043312568,0.46864134051432493,0.4864645483865277,0.6538554718099301,0.6823836815935227,0.8182138908749756,0.8540777319266553,0.008302695335869234,0.06830950612396047,0.3492282431858862,0.2,7907496604522859.0,2014015317826451.0,1.5814993209045718,0.4028030635652902,3.56429218745236,1.9368589251644548,0.28386361930445614,0.04853373634628499,0.3563106055455035,0.0,0.0,0.016248563770298104,0.048262291960850454,0.0020017830606932547,8.117045292945443,0.1910525660458754,0.048660507082147614,7,0.001,20,3.9653642177581787,0.3042638811422172
