group,set,search_seed,eval_index,is_finite,task,mode,node,N_R,R,seed,k_on,k_off,T,distance,N_max,D,L,lam_best,objective,opt_sd,held,held_sd,train,opt_lam_1e-06,held_lam_1e-06,opt_lam_1e-05,held_lam_1e-05,opt_lam_1e-04,held_lam_1e-04,opt_lam_1e-03,held_lam_1e-03,opt_lam_1e-02,held_lam_1e-02,opt_lam_1e-01,held_lam_1e-01,opt_lam_1e+00,held_lam_1e+00,opt_lam_1e+01,held_lam_1e+01,opt_lam_1e+02,held_lam_1e+02,opt_lam_1e+03,held_lam_1e+03,KD_nM,tau_D_over_T,phi_ISI,koff_T,c_peak,c_mean,c_peak_over_KD,c_mean_over_KD,tauR_mean_over_T,tauR_peak_over_T,occ_mean,occ_std,occ_max,occ_frac_above_0p8,occ_frac_above_0p9,contrast_within,contrast_between,binomial_sd_mean,snr_within,shell_molecules_peak,shell_molecules_mean,history_symbols,dt,n_sub,seconds,running_min
bits,S1,1,1,1,PAT,hyb,sample,50000,10,1001,1.4109351288299624e-19,1.2197135009308704,1.25,7.07e-06,10100.0,3.16e-11,3,0.1,0.7681801433306646,0.0008137978110051839,0.769035996584164,0.0006980301812912195,0.7554804811509812,0.9176686658458282,0.9208941458185788,0.8544559157912219,0.8565223740851806,0.7931677812485957,0.7918675123027156,0.7742759332471721,0.7734208334150446,0.7689989361378786,0.7693956322124633,0.7681801433306646,0.769035996584164,0.7704084011434508,0.7715485555116203,0.8244459837532725,0.826112207520042,0.9490722628134123,0.9493553920836343,0.991938536267696,0.9901737126151113,14.354890438759368,0.21090675105485235,0.5736407405901451,1.524641876163588,3.432706575721471e+18,1.3122840567621668e+18,0.39708720867274694,0.1518018512770544,0.5694484087901245,0.46947085864048876,0.1288896137801626,0.04915077019475205,0.22919620342932112,0.0,0.0,0.05109842495901708,0.045758396809529124,0.0014570387990977603,35.07005097644529,82.93742413990071,31.7060188533121,21,0.001,25,2.553899049758911,0.7681801433306646
bits,S1,1,2,1,PAT,hyb,sample,50000,10,1001,1.7657575687011948e-19,4.112816045942971,1.25,7.07e-06,10100.0,3.16e-11,5,0.1,0.7659743287416652,0.0005685335869803747,0.7670783069930381,0.0008419133827309022,0.7503981019356589,1.0971291469251896,1.0774634770518285,0.9447508001192603,0.9309747583824283,0.822170699360768,0.8152965523588014,0.7793743745316977,0.7779770899222854,0.7679352731853262,0.7688392267514332,0.7659743287416652,0.7670783069930381,0.7690010555632902,0.7684943593808511,0.8443399253644577,0.8410567259727113,0.965456608995605,0.9646915864539286,1.0084526526148732,1.0057413631440613,38.677403067348656,0.21090675105485235,0.5736407405901451,5.1410200574287135,3.432706575721471e+18,1.3122840567621668e+18,0.1473765796841232,0.05634036338190834,0.18413944379335218,0.16952928133077502,0.05259693331946589,0.02604006654070523,0.11074203732420884,0.0,0.0,0.03439050645409765,0.023101828818450413,0.0009597478314997109,35.83285663730933,82.93742413990071,31.7060188533121,21,0.001,25,2.7907872200012207,0.7659743287416652
bits,S1,1,3,1,PAT,hyb,sample,50000,10,1001,6.844534069703503e-19,3.530446517537211,1.25,7.07e-06,10100.0,3.16e-11,2,0.01,0.7578967510399688,0.0034059233289979985,0.7649444339390865,0.004613411051203497,0.7424353103821464,0.8676120538885483,0.8564543694375946,0.8505539764805189,0.8415950643535706,0.7971604558007753,0.7962431513563709,0.7642172864380361,0.7693979033102176,0.7578967510399688,0.7649444339390865,0.7683166819387957,0.7758929788313484,0.7849241615628237,0.7930414316952851,0.8166859798889432,0.8190665331232572,0.9098064481919881,0.906846931584996,0.9841896204611768,0.9808362180165897,8.565147469844282,0.21090675105485235,0.5736407405901451,4.4130581469215135,3.432706575721471e+18,1.3122840567621668e+18,0.6655044055223595,0.25441464389901236,0.18064220879419118,0.13605501808722426,0.19392608834162642,0.08402242970367486,0.3642401089531911,0.0,0.0,0.10948926102333298,0.07503443226878462,0.0016969342397798268,64.5218055341608,82.93742413990071,31.7060188533121,21,0.001,25,1.8073651790618896,0.7578967510399688
bits,S1,1,4,1,PAT,hyb,sample,50000,10,1001,8.080197988430527e-20,0.3016791319345933,1.25,7.07e-06,10100.0,3.16e-11,5,0.01,0.7748546807508923,0.0016458759085661203,0.7736049866318477,0.0021142778725257824,0.7529357540736342,1.034691050120616,1.0099508165454558,0.8820814416246057,0.8660009491281881,0.7992992810005823,0.7904686016373246,0.7782294604283154,0.7754172678782768,0.7748546807508923,0.7736049866318477,0.7758410509987036,0.7746018804487262,0.7856501685763039,0.7819277024398709,0.8868710728740382,0.8822472444199709,0.978230457944214,0.9786003676003536,0.9944588024853382,0.9964044956993886,6.19972412861369,0.21090675105485235,0.5736407405901451,0.3770989149182416,3.432706575721471e+18,1.3122840567621668e+18,0.919418873627311,0.351483210910261,1.9621583926086958,1.3815765600688865,0.25475768830728956,0.05975409037455659,0.3884791625384211,0.0,0.0,0.038370078495586,0.058278275825602605,0.0019225726190913951,19.957674479791372,82.93742413990071,31.7060188533121,21,0.001,25,1.8203871250152588,0.7578967510399688
bits,S1,1,5,1,PAT,hyb,sample,50000,10,1001,4.883155060677686e-18,0.6546534809026663,1.25,7.07e-06,10100.0,3.16e-11,2,0.001,0.8238332582448157,0.010007105212497135,0.8203517493966433,0.014717370441015802,0.7814458451670921,0.9086416732766693,0.932593502713791,0.8927226923690886,0.9137669451596343,0.8469116350263267,0.8558987070146316,0.8238332582448157,0.8203517493966433,0.8277524193057275,0.8178749374540614,0.8434047172111695,0.8327183424560956,0.8764600048716821,0.8714787303564929,0.9120266143914147,0.9088875830914193,0.9599304536230108,0.956820451777055,0.9905844902000311,0.9891554423549204,0.22261789089068165,0.21090675105485235,0.5736407405901451,0.8183168511283329,3.432706575721471e+18,1.3122840567621668e+18,25.605055156726657,9.788516703507105,0.1132704868712541,0.04593189273339803,0.8761576702545875,0.07323713811329528,0.960700040236444,0.85288,0.498,0.07892752100561416,0.06775836965172659,0.0013989708810559864,56.41827294220537,82.93742413990071,31.7060188533121,21,0.001,25,1.4217989444732666,0.7578967510399688
bits,S1,1,6,1,PAT,hyb,sample,50000,10,1001,1.6747288477364972e-18,2.2146545446416606,1.25,7.07e-06,10100.0,3.16e-11,4,0.01,0.7078252309584232,0.01015113098580544,0.7085448963751253,0.016712304723342883,0.6697333326704973,0.912405600619036,0.9247444344810306,0.8776839636686773,0.8900022093784905,0.7785589806906817,0.7884683286376634,0.7181253356772379,0.7222465428517599,0.7078252309584232,0.7085448963751253,0.7437201656166363,0.740894357569639,0.7893840724601722,0.7858880557345989,0.7997801781434967,0.7950810512646498,0.8238594548603295,0.8152008130564571,0.9338819131189041,0.9297152961479368,2.1958900371495877,0.21090675105485235,0.5736407405901451,2.768318180802076,3.432706575721471e+18,1.3122840567621668e+18,2.5958236882067323,0.9923533995862452,0.18130827245489628,0.1004582494362426,0.4624364619267607,0.14126679884924379,0.696521077116351,0.0,0.0,0.17444302769633027,0.12797675274113818,0.0021339257403568523,81.74746871330139,82.93742413990071,31.7060188533121,21,0.001,25,1.0031507015228271,0.7078252309584232
bits,S1,1,7,1,PAT,hyb,sample,50000,10,1001,1.4614421717980488e-17,0.44836725709505715,1.25,7.07e-06,10100.0,3.16e-11,3,0.001,0.8174244243721323,0.007585430462040289,0.7914591481497778,0.011973216199846379,0.7795753268351429,0.9435615817543918,0.9366427780750511,0.907496811739574,0.8976163816308421,0.8357421741951401,0.8177204432521062,0.8174244243721323,0.7914591481497778,0.8509749631652171,0.8243535602421467,0.887951028046728,0.8691469848302742,0.907865863478729,0.894043555919613,0.9532681589719536,0.9478276905181259,0.9905676048825333,0.9892274226118095,0.997480156332991,0.9967484216839233,0.050944974848502356,0.21090675105485235,0.5736407405901451,0.5604590713688214,3.432706575721471e+18,1.3122840567621668e+18,111.88823612301047,42.77357972916968,0.0407609252036042,0.015805469821412146,0.9662238924326659,0.024176094659236085,0.9911040791397142,1.0,0.97876,0.025040100089101913,0.02260565456246115,0.0007629011468844843,32.8222079510039,82.93742413990071,31.7060188533121,21,0.001,25,4.40615701675415,0.7078252309584232
bits,S1,1,8,1,PAT,hyb,sample,50000,10,1001,4.54225245945947e-19,0.1828714055113774,1.25,7.07e-06,10100.0,3.16e-11,3,0.01,0.8052483317672688,0.004505409612055448,0.8031022987399499,0.009675200219516122,0.7811116602925178,0.945491214883528,0.9476952708150087,0.8804638894577448,0.8839073879212554,0.8231221282535834,0.8278879279244047,0.805567048171356,0.8061344482337622,0.8052483317672688,0.8031022987399499,0.8186684026639728,0.8148738015929325,0.8247604815370962,0.8191285299960184,0.8580474565421591,0.8485584212965167,0.9583066770968219,0.9551548944701548,0.990982676906859,0.9906572088376999,0.6685342037478234,0.21090675105485235,0.5736407405901451,0.22858925688922174,3.432706575721471e+18,1.3122840567621668e+18,8.526330205956377,3.2595175104981373,1.0270315289671867,0.45921763017768724,0.743208685646435,0.08240881544269515,0.8626372355467967,0.2738,0.0,0.06371234085439374,0.07907784367093353,0.0019107099693893056,33.344851848319635,82.93742413990071,31.7060188533121,21,0.001,25,2.4887521266937256,0.7078252309584232
bits,S1,1,9,1,PAT,hyb,sample,50000,10,1001,2.478201561867058e-18,0.13018682076874566,1.25,7.07e-06,10100.0,3.16e-11,1,0.001,0.9427810896367781,0.004749801408347188,0.9431943755237416,0.0059030832015510605,0.9248312306539281,1.002128974651361,1.0050566701844454,0.9797116982128399,0.983122041273662,0.9513545813389609,0.955991869727679,0.9427810896367781,0.9431943755237416,0.9457231698777979,0.9417525596450895,0.9508438046063048,0.9460505175997405,0.9558490981814478,0.9515811791860556,0.9786206346819453,0.9761754218178111,0.9947931801201604,0.9938418546315726,0.9968218939899891,0.995816459113464,0.08723273572420523,0.21090675105485235,0.5736407405901451,0.16273352596093207,3.432706575721471e+18,1.3122840567621668e+18,65.34408588481757,24.98028894075262,0.23652605526838172,0.0926234068332416,0.9485440587485288,0.03227742095796427,0.9829596717894176,0.99696,0.91156,0.031267719427620085,0.029938560354091412,0.0009439179249101463,33.125464198168004,82.93742413990071,31.7060188533121,21,0.001,25,2.1448469161987305,0.7078252309584232
bits,S1,1,10,1,PAT,hyb,sample,50000,10,1001,6.995338116323751e-18,7.301770134862843,1.25,7.07e-06,10100.0,3.16e-11,3,0.01,0.674533561804655,0.006937053836294248,0.6818679247550334,0.00943453202396689,0.6555476623611659,0.8085527494463731,0.824254907959492,0.8024183473091675,0.8183687360899974,0.762557654857235,0.7798163928287595,0.6932448450301913,0.7089660342131168,0.674533561804655,0.6818679247550334,0.6988098529778572,0.6980744314419128,0.769336992088874,0.7668326792594526,0.8001304177551812,0.7979787754861347,0.8312404899442429,0.8290677998412945,0.9276141745643283,0.9243746526860898,1.7332792735449596,0.21090675105485235,0.5736407405901451,9.127212668578554,3.432706575721471e+18,1.3122840567621668e+18,3.288646822316141,1.2572116777385764,0.04853885659220648,0.025547096430019362,0.5097315778987844,0.15266119949078624,0.7645026103410859,0.0,0.0,0.2028591134437297,0.13763439868643973,0.0021255704541325395,95.43749210915615,82.93742413990071,31.7060188533121,21,0.001,25,0.6700427532196045,0.674533561804655
bits,S1,1,11,1,PAT,hyb,sample,50000,10,1001,2e-17,10.0,1.25,7.07e-06,10100.0,3.16e-11,5,0.01,0.6897016866576593,0.00458653692527324,0.6834047703238275,0.008124563144042809,0.6315336618305837,0.94782277841014,0.9308269315763281,0.93594251472148,0.9193793488951292,0.8623660523111096,0.8489430627880503,0.7306886902115485,0.7253677006397895,0.6897016866576593,0.6834047703238275,0.7123955008031004,0.6998052119964104,0.7850748721903774,0.7726943926679495,0.8281739948471423,0.8172750779803344,0.851141829085709,0.8365948097543162,0.9394673927327798,0.931839009779061,0.8302695335869232,0.21090675105485235,0.5736407405901451,12.5,3.432706575721471e+18,1.3122840567621668e+18,6.865413151442943,2.624568113524334,0.022071595151294407,0.010171112242886271,0.6683890245979133,0.14211723382494187,0.8726048485486746,0.21264,0.0,0.17855764751444003,0.1304760456679696,0.001995985447730421,89.45839145143715,82.93742413990071,31.7060188533121,21,0.001,25,0.6769559383392334,0.674533561804655
bits,S1,1,12,1,PAT,hyb,sample,50000,10,1001,7.565513533494993e-18,10.0,1.25,7.07e-06,10100.0,3.16e-11,4,0.01,0.6718209172681265,0.005972053444288048,0.6814561575131661,0.011537537522932562,0.6281816435607763,0.8719680298624454,0.879096645877843,0.862279154987125,0.8692794855740316,0.8031289981195384,0.8099562541583056,0.7067629221247984,0.717714890923822,0.6718209172681265,0.6814561575131661,0.6925333719857079,0.6941916695139018,0.765782522725914,0.7628975605657945,0.7949634954406879,0.7910885111773538,0.8164966702757696,0.8092285886647756,0.9218080932475325,0.9171774723937295,2.19487951455258,0.21090675105485235,0.5736407405901451,12.5,3.432706575721471e+18,1.3122840567621668e+18,2.5970188055138044,0.9928102791223885,0.04014431320337785,0.0222406399091852,0.45586139063824904,0.15053323146803385,0.7199137026766955,0.0,0.0,0.2044955912755092,0.13492907667846585,0.0021181235586927305,96.54563844317013,82.93742413990071,31.7060188533121,21,0.001,25,0.6761400699615479,0.6718209172681265
bits,S1,1,13,1,PAT,hyb,sample,50000,10,1001,2e-17,10.0,1.25,7.07e-06,10100.0,3.16e-11,3,0.01,0.684503678017115,0.004951813909901615,0.6822854492138506,0.005209009407411323,0.6600169740514721,0.8080834862318254,0.8136641875784235,0.8045310343495433,0.8100431747877748,0.7775639907132038,0.7825582857613596,0.7081570241070277,0.7120259501712947,0.684503678017115,0.6822854492138506,0.7076082246036449,0.6986959369333687,0.7811271658170912,0.7732894060171001,0.8240538451159928,0.8180520938824835,0.861450332248219,0.8570408508625016,0.9455545044932642,0.9422726829723803,0.8302695335869232,0.21090675105485235,0.5736407405901451,12.5,3.432706575721471e+18,1.3122840567621668e+18,6.865413151442943,2.624568113524334,0.022071595151294407,0.010171112242886271,0.6683890245979133,0.14211723382494187,0.8726048485486746,0.21264,0.0,0.17855764751444003,0.1304760456679696,0.001995985447730421,89.45839145143715,82.93742413990071,31.7060188533121,21,0.001,25,0.6531257629394531,0.6718209172681265
bits,S1,1,14,1,PAT,hyb,sample,50000,10,1001,9.448136077010035e-20,0.3596714141721162,1.25,7.07e-06,10100.0,3.16e-11,3,0.01,0.7724248857851148,0.002280133792227188,0.7739263510581271,0.0021747919421972184,0.7573799235274762,0.9128301206715973,0.9154987223383545,0.8384528653852176,0.8390027138627778,0.7883126673247691,0.7874215453252157,0.7746583564386293,0.7754737821703216,0.7724248857851148,0.7739263510581271,0.7739586141966599,0.7753031121160868,0.782164594148063,0.7816943243947689,0.8789417896366558,0.8782541420925586,0.9755346401556769,0.9770839559404283,0.9915684892088918,0.9924392782669038,6.321336078464587,0.21090675105485235,0.5736407405901451,0.44958926771514524,3.432706575721471e+18,1.3122840567621668e+18,0.9017307898798809,0.3447212608908225,1.6540620331486562,1.1695937167572432,0.2506630844521782,0.06259885361544762,0.386901277511113,0.0,0.0,0.04348966769955145,0.0607743637135045,0.0019089180907740026,22.782364476370926,82.93742413990071,31.7060188533121,21,0.001,25,1.8990509510040283,0.6718209172681265
bits,S1,1,15,1,PAT,hyb,sample,50000,10,1001,2.0975808383736414e-18,1.0420802964721299,1.25,7.07e-06,10100.0,3.16e-11,2,0.01,0.7724754119793034,0.00401010391563646,0.7703116494473323,0.006160161491799428,0.757400049200715,0.8631009994752347,0.8477150121870729,0.849575279323773,0.8351488184068263,0.8034187533219944,0.79328262102915,0.7732506436372024,0.7691220089603806,0.7724754119793034,0.7703116494473323,0.7900641031508477,0.7860973905768747,0.8264158598086697,0.825506346563655,0.8532948526373569,0.8535644136120322,0.9075937873423628,0.9043058432907569,0.9723174942164009,0.9696014080070829,0.824957499500116,0.21090675105485235,0.5736407405901451,1.3026003705901623,3.432706575721471e+18,1.3122840567621668e+18,6.909620651468797,2.6414681299380725,0.2108202331232078,0.0970584044282474,0.6809367265403873,0.12948936097139474,0.8590483877777892,0.18096,0.0,0.14612087043330388,0.11874581673834216,0.001993391577552128,73.30264263117806,82.93742413990071,31.7060188533121,21,0.001,25,1.2119338512420654,0.6718209172681265
bits,S1,1,16,1,PAT,hyb,sample,50000,10,1001,2.9417574281914763e-18,10.0,1.25,7.07e-06,10100.0,3.16e-11,1,0.01,0.8980027894341667,0.002469526976059121,0.9001206672410523,0.005041768530691247,0.8689802136126076,0.9526793449835343,0.9556430293403629,0.950323404363411,0.9533417819820407,0.9344668792618869,0.9376825483225837,0.9059867851877575,0.9085334751700642,0.8980027894341667,0.9001206672410523,0.9011856011086115,0.9013641695825919,0.9094928132576161,0.9067343230894414,0.9216176422977401,0.91687387610801,0.953320589986764,0.948556044126007,0.9742787952327527,0.9705734138248079,5.644717852194589,0.21090675105485235,0.5736407405901451,12.5,3.432706575721471e+18,1.3122840567621668e+18,1.0098190067930364,0.3860421371877349,0.05771830296755563,0.03980457928281404,0.26050700583141534,0.11304300791341691,0.49511203775512935,0.0,0.0,0.16077825500843052,0.0989325903494221,0.001871548170820089,85.90655453873757,82.93742413990071,31.7060188533121,21,0.001,25,0.6645350456237793,0.6718209172681265
bits,S1,1,17,1,PAT,hyb,sample,50000,10,1001,7.581109836241832e-20,1.5953994481845815,1.25,7.07e-06,10100.0,3.16e-11,1,0.001,0.9112246018929288,0.007184588903886892,0.909720554110075,0.005138763180746123,0.8835836403715114,0.9622242052409675,0.956018642214685,0.937457586341873,0.9317587891695928,0.9155591685691183,0.9118206219191738,0.9112246018929288,0.909720554110075,0.9142719767401115,0.9128490687629753,0.9174275420696553,0.9156176245529875,0.9270935516330979,0.9239130914559741,0.9721026274273765,0.9692704107985788,0.9925928088014168,0.9904593616243034,1.0196533271951662,1.0153530353604068,34.94505644534217,0.21090675105485235,0.5736407405901451,1.9942493102307268,3.432706575721471e+18,1.3122840567621668e+18,0.16311730341731454,0.062357860170903015,0.4720083852781408,0.431118870550322,0.0580005975863095,0.02449302625116999,0.10997993671488633,0.0,0.0,0.026916340492927744,0.022604197659847808,0.001014610411034553,26.528744629657755,82.93742413990071,31.7060188533121,21,0.001,25,1.8959598541259766,0.6718209172681265
bits,S1,1,18,1,PAT,hyb,sample,50000,10,1001,1.588359261878598e-17,0.9252552665523996,1.25,7.07e-06,10100.0,3.16e-11,5,0.001,0.8032885414862362,0.010887469874021739,0.7854006896134842,0.01670642730232404,0.701129884095759,1.1228293726037553,1.1507864019221374,1.0438977612764535,1.06581947671817,0.8790432028111699,0.8811193408591876,0.8032885414862362,0.7854006896134842,0.8199165446884338,0.7894008784197947,0.8686736242639757,0.843938985158785,0.8921209531396098,0.8710476878178832,0.9098385979483148,0.8900078868768931,0.9664157297902294,0.9577854081951613,0.9939159522881589,0.9925381850360365,0.09673016389260952,0.21090675105485235,0.5736407405901451,1.1565690831904996,3.432706575721471e+18,1.3122840567621668e+18,58.92829233142207,22.527605203917677,0.03674943759842768,0.01442768057698296,0.9384994632617463,0.04192375371297,0.9832562662182788,0.98724,0.84452,0.0445381029047021,0.03916198802416325,0.0010148961248567963,43.88439547050838,82.93742413990071,31.7060188533121,21,0.001,25,0.68914794921875,0.6718209172681265
bits,S1,1,19,1,PAT,hyb,sample,50000,10,1001,6.742100816635756e-18,8.81109543062507,1.25,7.07e-06,10100.0,3.16e-11,2,0.01,0.7093858219306374,0.006039881896139213,0.7172743961687715,0.008720510029949839,0.688913125716723,0.7892799555626302,0.8048037715862879,0.7864337111562877,0.8018772744028885,0.7659803805801827,0.7807738646226424,0.7214854081999059,0.7339519111947593,0.7093858219306374,0.7172743961687715,0.7295218778960495,0.7321759256762664,0.7653294415322027,0.7677939850962083,0.817729366355962,0.8203091780744011,0.8811021504410192,0.8785279091438625,0.9549775563512805,0.9511683714223909,2.170120053833711,0.21090675105485235,0.5736407405901451,11.013869288281338,3.432706575721471e+18,1.3122840567621668e+18,2.6266488644534887,1.004137508260608,0.04530358453771026,0.025035402219553617,0.45864502769981125,0.1504430808399013,0.7217921955702012,0.0,0.0,0.20375304970825697,0.13488250020983203,0.0021195223025521496,96.13159034133058,82.93742413990071,31.7060188533121,21,0.001,25,0.6416089534759521,0.6718209172681265
bits,S1,1,20,1,PAT,hyb,sample,50000,10,1001,1.0605940125302917e-19,0.9431890478170731,1.25,7.07e-06,10100.0,3.16e-11,2,0.001,0.796801463451832,0.006145922547612419,0.8059435108565175,0.006320997649951177,0.7747048757579234,0.880033294485294,0.8846015980746806,0.8397763819789876,0.8426555396460385,0.8029770995951834,0.8064755214941736,0.796801463451832,0.8059435108565175,0.8008928633326649,0.8131405038836578,0.8041698762519076,0.8171323394148002,0.8105994362593864,0.8199542176426782,0.8917107594713384,0.8919422100744872,0.9786591085379357,0.9771280013523345,1.0036182064723445,1.0007119450657638,14.767217645272337,0.21090675105485235,0.5736407405901451,1.1789863097713413,3.432706575721471e+18,1.3122840567621668e+18,0.3859998215002227,0.1475632712829007,0.7391193939629251,0.6119670843006622,0.12605895039954093,0.045374871369439684,0.22069041891246616,0.0,0.0,0.04355639345233557,0.0427328917602654,0.0014481548338430806,30.077166083647697,82.93742413990071,31.7060188533121,21,0.001,25,2.107609748840332,0.6718209172681265
bits,S1,1,21,1,PAT,hyb,sample,50000,10,1001,1.7585115538426812e-18,2.11001208207621,1.25,7.07e-06,10100.0,3.16e-11,1,0.001,0.9021485216534229,0.009308999305505116,0.9089350168940424,0.01200709568125758,0.855968169532985,0.9532095438485648,0.9596061674957588,0.9476499910555131,0.9543479140262683,0.9224623932117352,0.9304509366380703,0.9021485216534229,0.9089350168940424,0.9043272634491512,0.9058316659644692,0.913670141193846,0.911382410471133,0.9168192807782045,0.9135367744493375,0.9188069096955365,0.9145475736751031,0.9425265020643938,0.9376333301431767,0.9740144284328895,0.9706860013554168,1.9924563400450803,0.21090675105485235,0.5736407405901451,2.6375151025952626,3.432706575721471e+18,1.3122840567621668e+18,2.8608623740287786,1.0936746264832364,0.18109057807442233,0.09820208846604524,0.48473616945500164,0.14271882458902574,0.7171087589651581,0.0,0.0,0.1752012531856406,0.12943926402351413,0.0021384692000338207,81.92835004725329,82.93742413990071,31.7060188533121,21,0.001,25,0.9610166549682617,0.6718209172681265
bits,S1,1,22,1,PAT,hyb,sample,50000,10,1001,1.4357784281218876e-19,1.4557138491075554,1.25,7.07e-06,10100.0,3.16e-11,2,0.01,0.7850238344301073,0.0035188011613122533,0.7948030444096075,0.0036366903412898732,0.773472965520859,0.8763404926485017,0.8818798940081752,0.840281428399803,0.8444812624397644,0.7978969403371657,0.8023405518506955,0.7852327352712473,0.7931994579079046,0.7850238344301073,0.7948030444096075,0.7893266841884333,0.8004020793911699,0.7956634547437422,0.8038211120938492,0.8713035029492158,0.8709497261468355,0.9711735900958709,0.9690297996622833,1.0053760502151061,1.0019976564385382,16.835952328877728,0.21090675105485235,0.5736407405901451,1.8196423113844442,3.432706575721471e+18,1.3122840567621668e+18,0.33856970272794945,0.12943128496184195,0.48657989443291233,0.41055654725038526,0.11222212602328677,0.04491769698932968,0.20432171940093538,0.0,0.0,0.04880286773642494,0.041526737899464455,0.0013699930249379548,35.62271255989435,82.93742413990071,31.7060188533121,21,0.001,25,2.3792898654937744,0.6718209172681265
bits,S1,1,23,1,PAT,hyb,sample,50000,10,1001,6.3390143705588545e-18,1.4425011002692343,1.25,7.07e-06,10100.0,3.16e-11,3,0.01,0.7714967363309819,0.0033163671748019886,0.7541592660411356,0.011106639253462315,0.7545278391224906,0.9120796326345919,0.8945978093263822,0.8952267955509889,0.8777042939182624,0.8281485806541891,0.8124129942382737,0.774246110501718,0.7612478872512463,0.7714967363309819,0.7541592660411356,0.7969729794916549,0.7799821142476187,0.8412423890767371,0.8293405052971355,0.8616721739056159,0.8516350250915095,0.9081709443846595,0.9021545812865505,0.9739931361833392,0.9718021895293585,0.37787095775697804,0.21090675105485235,0.5736407405901451,1.803126375336543,3.432706575721471e+18,1.3122840567621668e+18,15.084894083858176,5.766780692588749,0.08195807181423313,0.03447907676998073,0.8091413087382806,0.10214916282234059,0.9362513157070625,0.62284,0.19184,0.11664136637809974,0.09425808024896984,0.001667659277345141,69.94316402795958,82.93742413990071,31.7060188533121,21,0.001,25,0.6649191379547119,0.6718209172681265
bits,S1,1,24,1,PAT,hyb,sample,50000,10,1001,7.165556602653119e-20,0.41705180918874407,1.25,7.07e-06,10100.0,3.16e-11,4,0.01,0.7687710328464087,0.0019422975138450177,0.7695355716756277,0.0015083689151160302,0.753440750588738,0.9589749816570518,0.9638605216059956,0.8511683277700623,0.8510814051046124,0.7889145623644656,0.7861444762890526,0.7722992891864903,0.7719986888107898,0.7687710328464087,0.7695355716756277,0.7693846401351498,0.7702066586051318,0.7810520071262811,0.7798787930673284,0.8899926904758239,0.8871619103437774,0.9789314802684894,0.9797623572000589,0.9940732486140462,0.9952524972753176,9.664717768568401,0.21090675105485235,0.5736407405901451,0.5213147614859301,3.432706575721471e+18,1.3122840567621668e+18,0.5897889117536437,0.22546948557254576,1.5652996054087107,1.2065922010307575,0.18057323013950302,0.0496798872566522,0.29232133861794385,0.0,0.0,0.03554736113113535,0.048144096739165726,0.0016934989936524215,20.99048258332251,82.93742413990071,31.7060188533121,21,0.001,25,1.7681832313537598,0.6718209172681265
bits,S1,1,25,1,PAT,hyb,sample,50000,10,1001,1.9778769684879999e-19,2.4906954431578083,1.25,7.07e-06,10100.0,3.16e-11,2,0.01,0.7736720969212428,0.0036462780987823306,0.7820257969333678,0.004599888306733952,0.7618404402135109,0.883020836533342,0.8813430543857639,0.8489887845667414,0.8482759458375527,0.797610526406731,0.8000231770110297,0.7770535735305757,0.7826407822850476,0.7736720969212428,0.7820257969333678,0.7795116874362529,0.7889463746421869,0.7895599998692054,0.795560959450307,0.8695773185468745,0.8681232191881387,0.966483629811098,0.9639028936614664,1.0084481195564663,1.00468037670451,20.910790477312293,0.21090675105485235,0.5736407405901451,3.1133693039472603,3.432706575721471e+18,1.3122840567621668e+18,0.27259339532451343,0.10420930504024847,0.2908827438760046,0.25239438900405287,0.0924359130416962,0.041331664681803826,0.17907435422724977,0.0,0.0,0.050459126008316146,0.03742226728061795,0.0012500473537093348,40.36577163143939,82.93742413990071,31.7060188533121,21,0.001,25,2.8071908950805664,0.6718209172681265
bits,S1,1,26,1,PAT,hyb,sample,50000,10,1001,5.303729221247261e-19,5.781180467774874,1.25,7.07e-06,10100.0,3.16e-11,2,0.01,0.7672482602097115,0.0023636376650650014,0.7743165561597849,0.0075616758492435205,0.7524996378989377,0.8806438879708857,0.8876801181099866,0.8620969464987562,0.8690742278155019,0.8069781291174939,0.8147421766808458,0.773932396038189,0.7818287644043096,0.7672482602097115,0.7743165561597849,0.7757006993542698,0.7847777024016996,0.7916130084473261,0.7988182635792942,0.8578509097325668,0.8579973584402998,0.9458572907722698,0.9430778160600604,1.0030404498843615,0.9992631908418914,18.100237815053802,0.21090675105485235,0.5736407405901451,7.226475584718592,3.432706575721471e+18,1.3122840567621668e+18,0.31492091061860544,0.1203906250154693,0.12351053249871843,0.10523830109077177,0.10441793120748592,0.05155099348919699,0.21981060984437018,0.0,0.0,0.07113385002448971,0.045100697334569874,0.0013102186848932803,54.291585706002735,82.93742413990071,31.7060188533121,21,0.001,25,1.96950101852417,0.6718209172681265
bits,S1,1,27,1,PAT,hyb,sample,50000,10,1001,4.697521698928073e-19,0.4456507203999179,1.25,7.07e-06,10100.0,3.16e-11,2,0.001,0.8159161777385234,0.008609617524455375,0.8163316271481452,0.012785295995045187,0.7821963293482047,0.9072601314953932,0.8972055192037371,0.8802315705099291,0.8705758781579579,0.8324330858770438,0.8259638185409932,0.8159161777385234,0.8163316271481452,0.8263951161984642,0.8335346996484885,0.8371612714286402,0.8460627403270589,0.8403447476420093,0.8488009887458224,0.8551048409470322,0.8586393012044594,0.935173631897935,0.9332259557832451,0.985787680004886,0.9842847528990293,1.5753422314304533,0.21090675105485235,0.5736407405901451,0.5570634004998973,3.432706575721471e+18,1.3122840567621668e+18,3.618352419813044,1.3832543177010364,0.753225450079223,0.3886944180358335,0.5551698748632861,0.11158876798832233,0.7305347239400684,0.0,0.0,0.1002483356277964,0.10559929616789211,0.002164394726918587,46.31703005972404,82.93742413990071,31.7060188533121,21,0.001,25,2.9416658878326416,0.6718209172681265
bits,S1,1,28,1,PAT,hyb,sample,50000,10,1001,7.880558678770402e-18,0.2715878582343543,1.25,7.07e-06,10100.0,3.16e-11,3,0.001,0.8460643595231756,0.005545495221599491,0.8259357591425003,0.011624518064666538,0.8130522057951003,0.99583709541025,0.971382990288641,0.9421044765175168,0.9188757739351023,0.8640842494318057,0.8454191291913246,0.8460643595231756,0.8259357591425003,0.8624321877570361,0.841820586061608,0.8872039203882853,0.8702616994502519,0.9042784024843591,0.8905869008242963,0.9489195284864922,0.9431167068105191,0.9893929554487361,0.9879663734024972,0.997268418050045,0.9965286339678965,0.05722719253180969,0.21090675105485235,0.5736407405901451,0.33948482279294284,3.432706575721471e+18,1.3122840567621668e+18,99.60550435811858,38.07803331033074,0.07537840403489689,0.029279111541152612,0.9629117734338984,0.025912616243935933,0.9898685770695229,1.0,0.96972,0.026625003347204995,0.02413630954629867,0.0007998412600287672,33.287859326296065,82.93742413990071,31.7060188533121,21,0.001,25,3.0866620540618896,0.6718209172681265
bits,S1,1,29,1,PAT,hyb,sample,50000,10,1001,9.584484398942041e-20,4.544383595201542,1.25,7.07e-06,10100.0,3.16e-11,1,0.001,0.8919746687536734,0.007798571195905786,0.8931247601415448,0.005299131623395435,0.864066432696978,0.9432578184903949,0.9421763629228724,0.9211746511304906,0.9202838463768851,0.896519666705825,0.8968454619935342,0.8919746687536734,0.8931247601415448,0.8999218433201778,0.8987736253542312,0.9103085427002455,0.9072428065143608,0.9477757463714822,0.9434314062861404,0.9798980734298699,0.9776274745007208,0.9953348367445016,0.993338463335902,1.023085226581161,1.0186146792663875,78.73273284151895,0.21090675105485235,0.5736407405901451,5.680479494001927,3.432706575721471e+18,1.3122840567621668e+18,0.07239864754350486,0.027677166342863598,0.17130036818139488,0.16415675026203674,0.02673021496040583,0.013662155022817158,0.05799523575831031,0.0,0.0,0.018266534520289163,0.012062533541623783,0.0006932669544863407,26.34848582076627,82.93742413990071,31.7060188533121,21,0.001,25,2.0436508655548096,0.6718209172681265
bits,S1,1,30,1,PAT,hyb,sample,50000,10,1001,6.324431056044956e-20,0.32163694516305236,1.25,7.07e-06,10100.0,3.16e-11,3,0.01,0.7706045319140187,0.0016796607274474264,0.7725485549975446,0.0017194918570461952,0.7583163380472377,0.8985996671741436,0.9066658608350362,0.8258562960077137,0.8256424774172174,0.7839671572645861,0.7808208348404726,0.7720847172108308,0.7722476069834279,0.7706045319140187,0.7725485549975446,0.7719335645383623,0.7738443955060986,0.7926830400719659,0.792332678704112,0.918778217764571,0.9196499447423381,0.9848058751244608,0.986706931118537,0.9938788798184974,0.9945568629356801,8.444881573643075,0.21090675105485235,0.5736407405901451,0.40204618145381543,3.432706575721471e+18,1.3122840567621668e+18,0.6749820379862415,0.25803783326980495,1.977107831618651,1.4849570898208766,0.2014773627244398,0.05013299407992707,0.3173551787545752,0.0,0.0,0.03219682061361792,0.04889752940549333,0.0017700890249573295,18.189379268307746,82.93742413990071,31.7060188533121,21,0.001,25,1.7011182308197021,0.6718209172681265
bits,S1,1,31,1,PAT,hyb,sample,50000,10,1001,4.7223143168375886e-18,0.853364501214635,1.25,7.07e-06,10100.0,3.16e-11,4,0.001,0.7961940798330622,0.008557925652360106,0.7863636908199313,0.015211878036048045,0.7080576163258677,1.0158412364209863,1.01706694290514,0.9678122455054199,0.9667843998148786,0.8523595047092822,0.8457026678803106,0.7961940798330622,0.7863636908199313,0.7986162855453253,0.7835105478854334,0.8258419180802072,0.8087421314723573,0.8579621731518994,0.8434841727297435,0.8712319986930336,0.8554398335795905,0.9122062631781949,0.8986522430284627,0.978551986719235,0.9753794821745034,0.3000742851346632,0.21090675105485235,0.5736407405901451,1.0667056265182937,3.432706575721471e+18,1.3122840567621668e+18,18.995774238275796,7.261864982882667,0.11346902438321538,0.04688319381997498,0.8419819154038155,0.08824131031729421,0.9476783634811113,0.73432,0.32184,0.09716037850921848,0.08148695964777815,0.0015497997691298795,62.69221382305939,82.93742413990071,31.7060188533121,21,0.001,25,0.7977328300476074,0.6718209172681265
bits,S1,1,32,1,PAT,hyb,sample,50000,10,1001,8.140009861201675e-18,0.6300607328358269,1.25,7.07e-06,10100.0,3.16e-11,4,0.001,0.8284132428511726,0.011720507462741862,0.7954945840534219,0.022005851055798428,0.7504160393173492,1.044227421339147,1.0209901551010934,0.9925408208438984,0.9651727670771848,0.8798214124784531,0.8473563675029656,0.8284132428511726,0.7954945840534219,0.8325680318565654,0.8016416093489624,0.8618838865582497,0.8402655425044617,0.8839701304791223,0.8658557173287429,0.90018077886943,0.8821200232097084,0.95811647677937,0.9497576440675403,0.9920532123082518,0.9905983002321527,0.12853061352577064,0.21090675105485235,0.5736407405901451,0.7875759160447836,3.432706575721471e+18,1.3122840567621668e+18,44.34852692885631,16.953929369099654,0.07072094588069508,0.027999120440006336,0.9216895130646415,0.050990071528367834,0.9775760993409188,0.96888,0.73904,0.05428603663910157,0.04740733496481408,0.001137550632680363,47.72186404678063,82.93742413990071,31.7060188533121,21,0.001,25,0.9693508148193359,0.6718209172681265
bits,S1,1,33,1,PAT,hyb,sample,50000,10,1001,2.5092108006125456e-18,1.850541686811326,1.25,7.07e-06,10100.0,3.16e-11,3,0.01,0.7114625767919727,0.00564868351593452,0.7081911821236309,0.009769473870967176,0.6913678362437038,0.8545384803212803,0.8508153714489941,0.8362549329419066,0.8327929335361851,0.7692383747751167,0.7685474718867817,0.7164727251895251,0.718277822693117,0.7114625767919727,0.7081911821236309,0.7486604099384027,0.741630673627456,0.7999511550248091,0.7953386045595605,0.8165281797621942,0.8122244537242478,0.8498096631081975,0.8456922753589898,0.9431904862128929,0.9402878152583902,1.2246467158653405,0.21090675105485235,0.5736407405901451,2.3131771085141577,3.432706575721471e+18,1.3122840567621668e+18,4.654520606869316,1.779369442021652,0.15554098176057726,0.07645313930984968,0.5939720889363278,0.1435407271219368,0.8091840563615019,0.00412,0.0,0.1730851251160471,0.13074112164934718,0.0020965262406047215,82.5580532996918,82.93742413990071,31.7060188533121,21,0.001,25,0.8030989170074463,0.6718209172681265
bits,S1,1,34,1,PAT,hyb,sample,50000,10,1001,7.07585905628877e-19,5.62239720972965,1.25,7.07e-06,10100.0,3.16e-11,2,0.01,0.7635041728944774,0.004027500310012478,0.7676113734017151,0.004423847035146313,0.7493061967775969,0.8614537930688734,0.861152818376784,0.8481134837642752,0.848180579191288,0.8022987755365507,0.8052560293528291,0.7700349454105053,0.7762063522569635,0.7635041728944774,0.7676113734017151,0.7721293244504068,0.7781287114811386,0.7882112610804932,0.7949890291817894,0.8404500178689629,0.8409893533505635,0.928576877012355,0.9254641210845538,0.9945396275732407,0.9909138445139589,13.194454756172146,0.21090675105485235,0.5736407405901451,7.027996512162062,3.432706575721471e+18,1.3122840567621668e+18,0.4320105287005989,0.16515263296223842,0.12211967555373213,0.0993624408872447,0.13666876673831577,0.06539985139612174,0.27973597029390923,0.0,0.0,0.08996087213785796,0.05735772574185247,0.0014711135519125465,61.15154878486625,82.93742413990071,31.7060188533121,21,0.001,25,1.6724281311035156,0.6718209172681265
bits,S1,1,35,1,PAT,hyb,sample,50000,10,1001,6.252461955852358e-20,0.3234126321490606,1.25,7.07e-06,10100.0,3.16e-11,5,0.01,0.7730083182450753,0.0015237560347316395,0.7711021251273406,0.002720653337296681,0.7523402603352796,1.0144962284319015,1.011857754908561,0.870143117497409,0.8578597232071186,0.7993827804889427,0.7925696430626896,0.7785148316431109,0.7746611549154698,0.7730083182450753,0.7711021251273406,0.7732238506500598,0.771658629530123,0.7897764004929629,0.7850969055674589,0.9085626501750346,0.9047389698417108,0.9835075560880272,0.9844961237357474,0.9951833198641928,0.9970200584995489,8.589245553079552,0.21090675105485235,0.5736407405901451,0.4042657901863257,3.432706575721471e+18,1.3122840567621668e+18,0.6636372589308912,0.2537008553331759,1.9730545195021931,1.486874693049685,0.19880204210558183,0.0496498322513274,0.31370314674896055,0.0,0.0,0.031922683214127466,0.0484235073125213,0.0017612127741545157,18.125398408748314,82.93742413990071,31.7060188533121,21,0.001,25,1.7071590423583984,0.6718209172681265
bits,S1,1,36,1,PAT,hyb,sample,50000,10,1001,4.041323092749236e-18,0.5067173668260362,1.25,7.07e-06,10100.0,3.16e-11,5,0.001,0.8260675336830856,0.013170887637123038,0.8120406538123882,0.014249510476388321,0.7227717136758568,1.1407552631444142,1.1321063666602074,1.041324509227675,1.0247842717569575,0.8883636657830707,0.870513888776474,0.8260675336830856,0.8120406538123882,0.8277317040511685,0.8086113904575736,0.8529188707900145,0.8326583593967494,0.8740712629506582,0.8562051477648598,0.8855663876106735,0.8670359274276469,0.9340699399691912,0.9203147511856258,0.9858432776336203,0.9830512506450793,0.20820507648590134,0.21090675105485235,0.5736407405901451,0.6333967085325453,3.432706575721471e+18,1.3122840567621668e+18,27.37754271575625,10.466118215088372,0.13769170660046692,0.055635169011361084,0.8839552702475152,0.06878008171515704,0.9625177051067582,0.8766,0.53824,0.07283205585215527,0.06361869130232908,0.0013619090364296053,53.47791512059611,82.93742413990071,31.7060188533121,21,0.001,25,4.140624761581421,0.6718209172681265
bits,S1,1,37,1,PAT,hyb,sample,50000,10,1001,8.74509356536946e-19,4.328306224196487,1.25,7.07e-06,10100.0,3.16e-11,2,0.01,0.7562541794910107,0.004022155063125156,0.7648545185051479,0.00831842174246043,0.7396861695723722,0.853749792354486,0.8700608593630108,0.8421264177287615,0.8584946110630758,0.7982769153451066,0.8136549306257367,0.7638461408269605,0.7760547584984904,0.7562541794910107,0.7648545185051479,0.7658000987638179,0.7727666778876893,0.7851415716793759,0.7924879651721556,0.8180955973572412,0.8200937602087779,0.9058543422971155,0.9027102543075302,0.9819172717227058,0.978449917258273,8.218690316169694,0.21090675105485235,0.5736407405901451,5.410382780245609,3.432706575721471e+18,1.3122840567621668e+18,0.6935586031165368,0.265139439454938,0.14609441481228597,0.10913694142203485,0.19971201927872695,0.0879602549761154,0.38053966553785845,0.0,0.0,0.11755800996226444,0.0780204730430386,0.001713010631170521,68.62655013526427,82.93742413990071,31.7060188533121,21,0.001,25,1.4520049095153809,0.6718209172681265
bits,S1,1,38,1,PAT,hyb,sample,50000,10,1001,2.3774321852816543e-18,1.0036834376792128,1.25,7.07e-06,10100.0,3.16e-11,4,0.01,0.7636066101381889,0.0057692993486056585,0.7605676272940602,0.015164303397912455,0.7189710796331013,0.9679306594047168,0.9722387560102467,0.9269541558597096,0.930839282364096,0.8273533556932886,0.827309404289671,0.7711216543886765,0.7711551625579063,0.7636066101381889,0.7605676272940602,0.7909590337584533,0.7818196943416019,0.8284623331631931,0.8198124948741462,0.8408418952142818,0.8305344042076841,0.8696902056905887,0.8562877602097252,0.9582240560153232,0.953474812768922,0.7010317979455767,0.21090675105485235,0.5736407405901451,1.2546042970990159,3.432706575721471e+18,1.3122840567621668e+18,8.131076781159905,3.108416693606429,0.1940076004056759,0.08729135492955023,0.7119387970161044,0.12450807373670744,0.8790111341162112,0.30172,0.0,0.14007242772869857,0.11426302537537239,0.001934603135792069,72.40370137793137,82.93742413990071,31.7060188533121,21,0.001,25,1.134131908416748,0.6718209172681265
bits,S1,1,39,1,PAT,hyb,sample,50000,10,1001,1.222912262378091e-18,0.108013741855959,1.25,7.07e-06,10100.0,3.16e-11,1,0.0001,0.9429975317954644,0.007678804136540724,0.9368723398393228,0.01541205522522772,0.905340673072998,0.9814589130787805,0.9757184123432587,0.9606962129215395,0.9540335392441607,0.9429975317954644,0.9368723398393228,0.9432917283151403,0.9386705490465722,0.9479472379002599,0.9436137242357265,0.9508601635733263,0.9467443162870136,0.9528482469875176,0.9490437056747185,0.9722305801533903,0.9695611778223252,0.9930594154971943,0.9919970024687977,0.9963729645305364,0.9953266971354171,0.14666713521595004,0.21090675105485235,0.5736407405901451,0.13501717731994875,3.432706575721471e+18,1.3122840567621668e+18,38.864489762735694,14.857445332074525,0.467065460929577,0.18579104002766725,0.9220527778510934,0.04144181216548551,0.9689773919909013,0.98136,0.77916,0.036941355256632245,0.03883578182534825,0.0011572768758857845,31.92093095989426,82.93742413990071,31.7060188533121,21,0.001,25,1.9468860626220703,0.6718209172681265
bits,S1,1,40,1,PAT,hyb,sample,50000,10,1001,3.969224758560063e-18,2.8380136891055496,1.25,7.07e-06,10100.0,3.16e-11,1,0.01,0.9018075063279791,0.004585641857186849,0.9027325883030718,0.008719115256887731,0.8760086085657232,0.9407838661522032,0.9475747494132791,0.9383841540826268,0.9452100828118857,0.9239250037222904,0.9308217241909542,0.9029924767992863,0.9080131863383512,0.9018075063279791,0.9027325883030718,0.9173026388516096,0.9146689606239221,0.9227977810357976,0.9191344356371746,0.9248519256803075,0.9203230870297349,0.9468701294152769,0.9421112334448972,0.975686870269279,0.9726329346036957,1.187292957842872,0.21090675105485235,0.5736407405901451,3.547517111381937,3.432706575721471e+18,1.3122840567621668e+18,4.800957790136599,1.835350685008733,0.09941884641906244,0.04859323313408024,0.5974405625893441,0.14685886047860358,0.8206954572103323,0.02348,0.0,0.18335685032553428,0.13350686221124675,0.002088029103032677,87.81335952608359,82.93742413990071,31.7060188533121,21,0.001,25,0.6542580127716064,0.6718209172681265
bits,S1,1,41,1,PAT,hyb,sample,50000,10,1001,1.0698047580073046e-19,1.2584096350833271,1.25,7.07e-06,10100.0,3.16e-11,2,0.001,0.7898519892845031,0.00601065760696568,0.7990430148440982,0.005757691556991285,0.7678433599790941,0.8793112262362712,0.8863277681490166,0.8384382441515091,0.8439535856117073,0.7996169301331502,0.8052971330161224,0.7898519892845031,0.7990430148440982,0.7906443455689725,0.801874048617397,0.7938507702726654,0.8057620486919465,0.8029684301033926,0.8107570950637035,0.8953460547189029,0.8946393152631298,0.9798695159570585,0.97797558188848,1.0085512403799881,1.0050928371347876,19.532894632625858,0.21090675105485235,0.5736407405901451,1.5730120438541588,3.432706575721471e+18,1.3122840567621668e+18,0.29182276781491934,0.11156047193554218,0.5719194385008448,0.49211320376743045,0.09859577256237383,0.038618134126461215,0.17899452100961283,0.0,0.0,0.04018113364532768,0.03595206463190989,0.0012966736049615346,30.987854994179234,82.93742413990071,31.7060188533121,21,0.001,25,2.086617946624756,0.6718209172681265
bits,S1,1,42,1,PAT,hyb,sample,50000,10,1001,7.359534473501596e-18,2.3182879487830497,1.25,7.07e-06,10100.0,3.16e-11,1,0.001,0.9207368145411339,0.008447435229744504,0.9207667420865289,0.013551966610258238,0.8744570740601603,0.9731586728313152,0.9717354190949227,0.9698222227206248,0.9684530475794348,0.94958990709386,0.9486202295623025,0.9207368145411339,0.9207667420865289,0.9215867986644473,0.919349400529641,0.9322283677204553,0.9281651534347457,0.9344518814857311,0.9299893941096105,0.9367382500827238,0.9317615462170827,0.9626250803090255,0.9588221708526945,0.983940937602752,0.9817500162804216,0.5230776106523174,0.21090675105485235,0.5736407405901451,2.897859935978812,3.432706575721471e+18,1.3122840567621668e+18,10.89731859870957,4.165918974749193,0.0667997780078724,0.029005043267256114,0.7570975870441781,0.1196978354944241,0.9145416104362917,0.46328,0.03724,0.1417543692727726,0.11015518763944407,0.0018196823264932005,77.9006133152672,82.93742413990071,31.7060188533121,21,0.001,25,0.6277682781219482,0.6718209172681265
bits,S1,1,43,1,PAT,hyb,sample,50000,10,1001,1.2538619689852837e-18,1.1957096070172704,1.25,7.07e-06,10100.0,3.16e-11,4,0.01,0.7484373677652996,0.007020857351068615,0.7445907604676838,0.011660281556457512,0.7082262556823253,0.9530793592707874,0.9645948719445949,0.9089323190487292,0.9182610236087072,0.80510039796364,0.808222612460809,0.7521579600270762,0.7526419129510374,0.7484373677652996,0.7445907604676838,0.7784801211754162,0.7722554872654039,0.8056695721784676,0.800835292387762,0.8121602273357127,0.805887118830109,0.8411944660162541,0.8305416476895771,0.9467732997221825,0.9426307228226192,1.5835255909819916,0.21090675105485235,0.5736407405901451,1.494637008771588,3.432706575721471e+18,1.3122840567621668e+18,3.5996534616123452,1.3761059220594187,0.2815778390467515,0.14545851692165318,0.5419713700593964,0.1370167063140628,0.7511237718487183,0.0,0.0,0.1554718673098327,0.12550504075346142,0.002140119581530545,72.6463458638345,82.93742413990071,31.7060188533121,21,0.001,25,1.7201550006866455,0.6718209172681265
bits,S1,1,44,1,PAT,hyb,sample,50000,10,1001,6.416534010450362e-19,0.5395361586662596,1.25,7.07e-06,10100.0,3.16e-11,2,0.001,0.8122149133098178,0.008346515797415013,0.8127242262361032,0.007212135379738319,0.7691059135103135,0.8954455652122219,0.8844459654438543,0.875407022997126,0.8656886859096773,0.8327229627303037,0.8273100079797857,0.8122149133098178,0.8127242262361032,0.8144744565113019,0.8201288362451571,0.8291789335918149,0.836168732212597,0.8369287790893708,0.8438491463599659,0.8493263187331115,0.8524524326783448,0.9215684640013398,0.9191107524740987,0.9820344473808605,0.9801198026334708,1.3962691823328286,0.21090675105485235,0.5736407405901451,0.6744201983328245,3.432706575721471e+18,1.3122840567621668e+18,4.082410073397522,1.560658196181206,0.5790523386071368,0.2917425188953827,0.5799065652810985,0.11866321124981553,0.7584520146238317,0.0,0.0,0.1142755183254141,0.11118444419114885,0.0021408298426166673,53.379075744636864,82.93742413990071,31.7060188533121,21,0.001,25,3.2363831996917725,0.6718209172681265
bits,S1,1,45,1,PAT,hyb,sample,50000,10,1001,7.590996912160768e-20,0.2734721835479675,1.25,7.07e-06,10100.0,3.16e-11,1,0.0001,0.8935905038499972,0.007002393677940547,0.8902400282648604,0.015246899923996002,0.8562475216376957,0.9292561007911988,0.9305231809773368,0.9070651351971775,0.9062123708032452,0.8935905038499972,0.8902400282648604,0.9096989675609759,0.9018891026253671,0.945898072284782,0.9384874171048102,0.957894765188335,0.951230102536997,0.9584780109697482,0.9524774050545831,0.9765799354809477,0.9740171271850876,0.9931520550771709,0.9926985704853871,0.9983901854339923,0.9969016106605968,5.982234610572049,0.21090675105485235,0.5736407405901451,0.34184022943495934,3.432706575721471e+18,1.3122840567621668e+18,0.9528451734501578,0.3642616990701046,2.144268382895272,1.4979903512487405,0.2617279705751577,0.05902114394281367,0.39526823037738257,0.0,0.0,0.03631932539684397,0.05768685965454733,0.0019412046123025123,18.70968426855564,82.93742413990071,31.7060188533121,21,0.001,25,1.6780478954315186,0.6718209172681265
bits,S1,1,46,1,PAT,hyb,sample,50000,10,1001,3.0934246844617236e-18,0.5378413770374564,1.25,7.07e-06,10100.0,3.16e-11,3,0.001,0.7986051843194891,0.004785210992858411,0.7959468605728298,0.014607368817245421,0.7341863081279003,0.9408742471216996,0.966856889471041,0.9075542088420521,0.9275120178920337,0.8329518961474234,0.8398058920556511,0.7986051843194891,0.7959468605728298,0.8051413695416791,0.7951569979298548,0.8358724102465203,0.8236041787491528,0.8603616838162951,0.8487690213963148,0.8756364983327674,0.8649556698042675,0.9310699336418736,0.9257862794162991,0.9835686839293991,0.9820270045261713,0.2887112859088992,0.21090675105485235,0.5736407405901451,0.6723017212968205,3.432706575721471e+18,1.3122840567621668e+18,19.743403369858914,7.5476749605505855,0.17401543751901802,0.07170604415820518,0.8496857824964371,0.08279041002149314,0.9474538129729154,0.7684,0.35332,0.08789612528676152,0.07643391732054075,0.0015231718037823842,57.70598239049287,82.93742413990071,31.7060188533121,21,0.001,25,3.9012677669525146,0.6718209172681265
bits,S1,1,47,1,PAT,hyb,sample,50000,10,1001,5.560004545107606e-20,0.673032864320246,1.25,7.07e-06,10100.0,3.16e-11,3,0.01,0.7672685570610837,0.0015933504108153254,0.7678910124258503,0.0014602118002941596,0.7524033826518055,0.8959128747552851,0.9158812602023476,0.820216512226492,0.8271073725211664,0.7818846197696383,0.7804297189068778,0.770418942585972,0.7701133079245769,0.7672685570610837,0.7678910124258503,0.7678538803587879,0.7685987955691278,0.7918534440986058,0.7925525391248935,0.9202188786042761,0.9222434713071512,0.9833342706577832,0.9840919956294893,1.0030965955152364,1.0011618628126286,20.10065559531038,0.21090675105485235,0.5736407405901451,0.8412910804003075,3.432706575721471e+18,1.3122840567621668e+18,0.28357997320544825,0.10840934680714387,1.0723919276375111,0.9260422107284576,0.09644777384142897,0.032363748272072695,0.16856904230587116,0.0,0.0,0.02722510198355593,0.030951426618541528,0.0012942284378096673,21.035777910761475,82.93742413990071,31.7060188533121,21,0.001,25,1.6215879917144775,0.6718209172681265
bits,S1,1,48,1,PAT,hyb,sample,50000,10,1001,2.487755402002507e-18,1.5077736252196416,1.25,7.07e-06,10100.0,3.16e-11,2,0.01,0.7574534813409471,0.004461042884449636,0.7544660165071845,0.01127629299070834,0.7368700453840832,0.8396714369508536,0.8390785204506672,0.8297662912915473,0.8283125557669117,0.7908226279474423,0.786260187507859,0.7606098998490141,0.7554648916936715,0.7574534813409471,0.7544660165071845,0.772869131122788,0.7701840536190406,0.8101165807931222,0.8097237886677895,0.842996775710408,0.8438457516870279,0.8975622316821941,0.8944475823458736,0.9667791617391547,0.9637005356749568,1.006416067719599,0.21090675105485235,0.5736407405901451,1.884717031524552,3.432706575721471e+18,1.3122840567621668e+18,5.663804024955411,2.1652068298357956,0.16763000219081833,0.07962173344725841,0.6372999190846829,0.13857003591724476,0.8368601897897592,0.07688,0.0,0.16322941002639818,0.12658012533649896,0.002052785151702994,79.51607107591498,82.93742413990071,31.7060188533121,21,0.001,25,0.849653959274292,0.6718209172681265
bits,S1,1,49,1,PAT,hyb,sample,50000,10,1001,2.9521261225782437e-18,0.11329842905126815,1.25,7.07e-06,10100.0,3.16e-11,3,0.001,0.8594855342268595,0.005139885597581611,0.8518444507184476,0.011914345984397563,0.8211031425247016,1.005633910057287,1.0124342720025816,0.9347383154969572,0.9369694389163346,0.8744144125900529,0.8697468122784302,0.8594855342268595,0.8518444507184476,0.872005578591116,0.8596965531214555,0.8870618069393492,0.8725016778981558,0.9018172648526284,0.8885132608431536,0.9506319093549074,0.9451053189209363,0.9904561961532107,0.9891801347078616,0.9974184482224129,0.9967105053025831,0.06372914295570332,0.21090675105485235,0.5736407405901451,0.14162303631408518,3.432706575721471e+18,1.3122840567621668e+18,89.44327682379316,34.19313115504474,0.20063569044687837,0.07807101219957559,0.9611666858487752,0.025351796930254977,0.9877615696632962,1.0,0.96852,0.024736789738535762,0.023514287706680584,0.0008237593645170399,30.029145408305787,82.93742413990071,31.7060188533121,21,0.001,25,2.047041177749634,0.6718209172681265
bits,S1,1,50,1,PAT,hyb,sample,50000,10,1001,8.46993758478204e-20,2.8224868531757354,1.25,7.07e-06,10100.0,3.16e-11,3,0.01,0.763778463811345,0.0015013450159179818,0.7657005525371253,0.0011877710403248537,0.7499993221657095,0.9110066759710207,0.9121917228337193,0.837753990685347,0.8353872072156507,0.783484071635181,0.7807878630446091,0.7679483463527614,0.7682964209074552,0.763778463811345,0.7657005525371253,0.7640726511787538,0.7670380861768746,0.7862512077929176,0.7904287795828521,0.9067791200755095,0.9071429668678259,0.9831496141891604,0.9817460395539166,1.0177331770821338,1.0136453768978226,55.33511480301529,0.21090675105485235,0.5736407405901451,3.5281085664696694,3.432706575721471e+18,1.3122840567621668e+18,0.10301132283581081,0.03938003835792562,0.27269908924058905,0.25696743448321435,0.0375373693326378,0.017776207510820218,0.07631575121718354,0.0,0.0,0.022058676086511377,0.016033727408320892,0.0008202720562542385,26.89190241008822,82.93742413990071,31.7060188533121,21,0.001,25,2.430516004562378,0.6718209172681265
bits,S1,1,51,1,PAT,hyb,sample,50000,10,1001,2.731140196625159e-18,0.7048119707240175,1.25,7.07e-06,10100.0,3.16e-11,5,0.01,0.7912921804239549,0.005045464824573701,0.7863897978984837,0.008959180305338342,0.7444734501214777,1.0913620949741811,1.1118743350897016,1.0025947358749787,1.0223536065522594,0.8562182015228131,0.8733980300531758,0.7935982189859606,0.8017815614679961,0.7912921804239549,0.7863897978984837,0.8206029728663014,0.8071107594856384,0.8506949011156595,0.8368059997553624,0.8614591312366431,0.8465420917130461,0.8961268257736504,0.8800582108790822,0.9710822916255418,0.9661733732651749,0.4285271821070305,0.21090675105485235,0.5736407405901451,0.8810149634050218,3.432706575721471e+18,1.3122840567621668e+18,13.301707833568356,5.085089194968967,0.18653046241671764,0.07936496218447296,0.7961997878099374,0.1021129251501081,0.9231365859578429,0.59172,0.09556,0.11087624521256939,0.09405625355505506,0.0017188404103008876,64.50642220656205,82.93742413990071,31.7060188533121,21,0.001,25,2.7089431285858154,0.6718209172681265
bits,S1,1,52,1,PAT,hyb,sample,50000,10,1001,3.8169249241292986e-19,0.6859607271932124,1.25,7.07e-06,10100.0,3.16e-11,1,0.0001,0.8824036600829395,0.014254300287209894,0.8685482787464294,0.02419515088381186,0.8240136781911908,0.919980400246326,0.9014416930060138,0.9072938850785695,0.8899628604035396,0.8824036600829395,0.8685482787464294,0.8832663854325185,0.8739432810019471,0.9121567621642679,0.9077238976466742,0.9307760239147826,0.9267341600683745,0.9344443747459941,0.9301290833370055,0.9369073063522568,0.9319954339046153,0.9673729656013,0.9636399056087201,0.9882630121591502,0.9855468200874663,2.9842467658992518,0.21090675105485235,0.5736407405901451,0.8574509089915155,3.432706575721471e+18,1.3122840567621668e+18,1.9100777590731244,0.7302006551144995,0.6740533365666671,0.40076163630803385,0.4033807404578276,0.10781163986393894,0.5890594831904387,0.0,0.0,0.1032516960177569,0.10136950009510735,0.0021345300080911865,48.372098600801685,82.93742413990071,31.7060188533121,21,0.001,25,3.867208242416382,0.6718209172681265
bits,S1,1,53,1,PAT,hyb,sample,50000,10,1001,1.3203388311639352e-18,2.1363698016628563,1.25,7.07e-06,10100.0,3.16e-11,3,0.01,0.7198480255905411,0.011103268441006004,0.713472236923763,0.019068642488388948,0.6937969906091611,0.8733556809972962,0.8672160384229622,0.851626244456576,0.8446602543290054,0.780634082677716,0.771298014684181,0.7301373089170646,0.7207624232469112,0.7198480255905411,0.713472236923763,0.7537358724494299,0.7501448263678708,0.7858983725204836,0.7846425489705185,0.7935628941918835,0.7925319497914478,0.8307309028322283,0.8289388282763681,0.9391372450828509,0.936785547333403,2.6868296484655527,0.21090675105485235,0.5736407405901451,2.67046225207857,3.432706575721471e+18,1.3122840567621668e+18,2.1215127570091425,0.811029811557812,0.20677020447038347,0.11996331060859156,0.41755294441277974,0.13494785197269962,0.6473137039306573,0.0,0.0,0.1656990398548088,0.12227545192289384,0.0021140633554801924,78.3794106384156,82.93742413990071,31.7060188533121,21,0.001,25,1.548576831817627,0.6718209172681265
bits,S1,1,54,1,PAT,hyb,sample,50000,10,1001,1.7680922525055513e-19,4.510746072280611,1.25,7.07e-06,10100.0,3.16e-11,5,0.1,0.7656222663254493,0.0006631500382402815,0.7664026714689005,0.0010291382720971388,0.7502353886440999,1.0845097956342207,1.0636238261174482,0.9399048237342529,0.9255465832373918,0.8190634022038934,0.8117479825280622,0.7776122563291781,0.7745833101827722,0.7669459388172637,0.7669389951075174,0.7656222663254493,0.7664026714689005,0.7694874034329788,0.768698178755286,0.8522142782874284,0.8489967200909255,0.968727636978773,0.9678829819851618,1.0102971943579484,1.007342166732283,42.363570478342005,0.21090675105485235,0.5736407405901451,5.638432590350764,3.432706575721471e+18,1.3122840567621668e+18,0.1345529498757478,0.051438037891471035,0.16867779800758673,0.15632082486090584,0.04828344259907823,0.02426781505666951,0.10308000246875745,0.0,0.0,0.03245222319242684,0.02143695813232323,0.0009210376989197766,35.234413564708454,82.93742413990071,31.7060188533121,21,0.001,25,3.614010810852051,0.6718209172681265
bits,S1,1,55,1,PAT,hyb,sample,50000,10,1001,8.553931930244328e-18,0.18492856374562436,1.25,7.07e-06,10100.0,3.16e-11,2,0.001,0.8685282204994806,0.0051997744844175875,0.8509243605353953,0.010316267661794614,0.8525120536429206,0.9507515073297501,0.9458621060987552,0.9195873682543929,0.9115901335611649,0.8778308623302618,0.8630105237429267,0.8685282204994806,0.8509243605353953,0.8815490597972803,0.867690224515019,0.9107895091907443,0.905043065743363,0.9436460815830554,0.9399873335874955,0.9796824055968976,0.9775461850576945,0.9963365894264976,0.9955139032716087,0.9985700443648792,0.9978106614676501,0.03589940944587188,0.21090675105485235,0.5736407405901451,0.23116070468203045,3.432706575721471e+18,1.3122840567621668e+18,158.78097893851364,60.70013343168064,0.07011321583319421,0.02707452915216536,0.9761907241582508,0.017085967650329527,0.9936416154469687,1.0,0.99512,0.017384250863694144,0.01593249641210929,0.0006448964770166464,26.956653483541068,82.93742413990071,31.7060188533121,21,0.001,25,3.2570178508758545,0.6718209172681265
bits,S1,1,56,1,PAT,hyb,sample,50000,10,1001,1.0356575724383553e-19,0.10841340371355201,1.25,7.07e-06,10100.0,3.16e-11,4,0.01,0.7812250450942688,0.0015242851620037813,0.7772471765233551,0.00240009362544847,0.7694725620225433,0.9509911588935165,0.9453273482074135,0.8511202967297965,0.8421604158534771,0.801899004849765,0.7927189269767497,0.7850986412432033,0.777692856549717,0.7812250450942688,0.7772471765233551,0.7827218089458967,0.7795900130663782,0.8023857608899249,0.7963870715884858,0.9173448714238356,0.912905785381129,0.9850511510540704,0.9847427656892996,0.9961915067802793,0.9972887094220931,1.738264625901326,0.21090675105485235,0.5736407405901451,0.13551675464194002,3.432706575721471e+18,1.3122840567621668e+18,3.279214965428189,1.2536059878414958,3.274379551528289,1.724419414169703,0.5460497832678273,0.067160529377894,0.6858020181293871,0.0,0.0,0.03258060757465468,0.06621233685628924,0.002205951900857576,14.7694097781501,82.93742413990071,31.7060188533121,21,0.001,25,2.119547128677368,0.6718209172681265
bits,S1,1,57,1,PAT,hyb,sample,50000,10,1001,2.3622922513835354e-18,0.2634798198638197,1.25,7.07e-06,10100.0,3.16e-11,2,0.001,0.8329205961436583,0.006528508404298664,0.8351925032161438,0.0130868096023395,0.8084490774079525,0.9283425311724276,0.9349059278573095,0.8979729166997339,0.9023978949213569,0.847476276553814,0.8504217040575469,0.8329205961436583,0.8351925032161438,0.840955220077535,0.8382126879811578,0.8667837654104389,0.8614810613054452,0.8894525873584801,0.8868119265845411,0.9237646511930493,0.9210207106068905,0.9725340426027135,0.9702802037079181,0.9938395126252164,0.9927146589575384,0.18520931694186302,0.21090675105485235,0.5736407405901451,0.3293497748297746,3.432706575721471e+18,1.3122840567621668e+18,30.776763659893685,11.76560110184401,0.23784901631450736,0.09555050027228443,0.8984839437758771,0.05870275135959067,0.9643800808414487,0.92364,0.615,0.05864185942802844,0.05435652744424503,0.0012909134953332342,45.42663752453121,82.93742413990071,31.7060188533121,21,0.001,25,3.823807954788208,0.6718209172681265
bits,S1,1,58,1,PAT,hyb,sample,50000,10,1001,3.0401271943642318e-18,0.5273875403658428,1.25,7.07e-06,10100.0,3.16e-11,2,0.001,0.8128890540725534,0.010236424672754943,0.8109989934972568,0.020358477213858264,0.771605853546682,0.8932272890995503,0.8857556441601098,0.8758113036417757,0.8694944074763876,0.8322132327636073,0.8293962085859965,0.8128890540725534,0.8109989934972568,0.8164812834375444,0.8137475353380832,0.8375037206124502,0.8319446035987653,0.8696917095377328,0.8666065745862056,0.9015811953386603,0.8993814207412498,0.9526769038584536,0.9495248640283513,0.9886350817949492,0.9870564628751195,0.28806282051016197,0.21090675105485235,0.5736407405901451,0.6592344254573035,3.432706575721471e+18,1.3122840567621668e+18,19.787848237530458,7.564665719872336,0.1771127003786407,0.07297104809281448,0.8500991283594959,0.08250118665268495,0.9474669594037811,0.77024,0.35464,0.08742687860755166,0.07616960585034843,0.0015216860727888162,57.45395201476948,82.93742413990071,31.7060188533121,21,0.001,25,5.32501220703125,0.6718209172681265
bits,S1,1,59,1,PAT,hyb,sample,50000,10,1001,7.872906513253327e-20,0.7823161185651475,1.25,7.07e-06,10100.0,3.16e-11,4,0.1,0.7675743473522191,0.0013909345376550146,0.7682066181419586,0.0008171551706496453,0.75500047517627,0.9662873145624827,0.9730216206518371,0.8593575814322799,0.8615984994401383,0.7907413835823874,0.7893733624411203,0.7721271665522945,0.7719633625528577,0.7676114434158529,0.768141094735649,0.7675743473522191,0.7682066181419586,0.7756185372485584,0.774474667143929,0.872633781095284,0.86937453106285,0.9740570543512334,0.9743620421722639,0.9973609040306824,0.9968536186582572,16.500468735026555,0.21090675105485235,0.5736407405901451,0.9778951482064344,3.432706575721471e+18,1.3122840567621668e+18,0.3454534211522135,0.13206285096963657,0.9033107309482373,0.7600445361482631,0.11468374604700189,0.039644865488445064,0.19992496757903302,0.0,0.0,0.03553440693370307,0.03765707299017809,0.001393888161619941,25.493011499865165,82.93742413990071,31.7060188533121,21,0.001,25,2.380997896194458,0.6718209172681265
bits,S1,1,60,1,PAT,hyb,sample,50000,10,1001,1.9725194590105918e-17,0.17309075029172327,1.25,7.07e-06,10100.0,3.16e-11,3,0.0001,0.8589967344217359,0.012635444865408144,0.8425926238959697,0.01770605854770506,0.7753125194935053,0.9857625733277138,0.989269573455406,0.9237509635648413,0.9200806739924655,0.8589967344217359,0.8425926238959697,0.8650334623717955,0.843358263778869,0.8958817904399847,0.8768608331810925,0.9154236966184263,0.9012428323616559,0.9579928327184305,0.9527686236705459,0.9920945201599848,0.9908199644393317,0.9985430223895699,0.9979118218484537,0.9990779872085456,0.9984162165615527,0.014571412804718803,0.21090675105485235,0.5736407405901451,0.2163634378646541,3.432706575721471e+18,1.3122840567621668e+18,391.1867333333751,149.54616773860673,0.030700568796661738,0.011784827448010859,0.9899216499672842,0.007592560428632067,0.9974436799567667,1.0,1.0,0.00770038521186648,0.007119262327083307,0.00042130705300455555,18.27737076071028,82.93742413990071,31.7060188533121,21,0.001,25,3.20810604095459,0.6718209172681265
bits,S1,1,61,1,PAT,hyb,sample,50000,10,1001,2.522938481896241e-18,0.5952837139600845,1.25,7.07e-06,10100.0,3.16e-11,2,0.01,0.8067473462079976,0.004364115394069948,0.8038178639985212,0.008126357835964656,0.7934293855466457,0.9043469010443168,0.8975649785990484,0.8845156582610454,0.8773004467301615,0.8337397586441412,0.8258426546794281,0.8082188150343874,0.8034880439057632,0.8067473462079976,0.8038178639985212,0.825916465878573,0.8211721986410996,0.859104060528925,0.856967303884655,0.8878273206912108,0.8863909066247709,0.9408562601776695,0.9375964192776847,0.9849977026816734,0.983150259820229,0.39180180974532164,0.21090675105485235,0.5736407405901451,0.7441046424501057,3.432706575721471e+18,1.3122840567621668e+18,14.548537636503667,5.56173782070944,0.20480809218364474,0.08643237299137821,0.8104537922688049,0.09644037019252516,0.9285184919174538,0.637,0.13896,0.10291967119614466,0.08892036766362524,0.001673728006081533,61.49127625407679,82.93742413990071,31.7060188533121,21,0.001,25,4.06553316116333,0.6718209172681265
bits,S1,1,62,1,PAT,hyb,sample,50000,10,1001,8.577131960577439e-19,0.858045287310549,1.25,7.07e-06,10100.0,3.16e-11,5,0.01,0.7751844257945361,0.005525993095380654,0.7712040230447827,0.011516659724062715,0.7278083646723209,1.0830944262359992,1.071157068667798,0.9754211015225168,0.965603958515849,0.8323083068844866,0.8249442023998356,0.7806388360631494,0.7742173790203429,0.7751844257945361,0.7712040230447827,0.7967004615326772,0.7917948324651711,0.8089895985544663,0.8035953825344476,0.8128074201148461,0.8054493054114434,0.8530680919561622,0.8410967386444914,0.9572086605204454,0.9531784047518068,1.6611819982861158,0.21090675105485235,0.5736407405901451,1.0725566091381862,3.432706575721471e+18,1.3122840567621668e+18,3.431378007353225,1.3117761604274498,0.4033053617330963,0.21039769549788795,0.5350526252566452,0.12927654653970524,0.7327924780830792,0.0,0.0,0.13734006295897774,0.11949021440931036,0.002152445258551823,63.80652999806411,82.93742413990071,31.7060188533121,21,0.001,25,3.4390869140625,0.6718209172681265
bits,S1,1,63,1,PAT,hyb,sample,50000,10,1001,6.548466080997245e-18,3.3034555591482837,1.25,7.07e-06,10100.0,3.16e-11,3,0.01,0.7099132656799887,0.004521604561031395,0.7004234428602406,0.009218852057103174,0.6929549693161925,0.8572033645604449,0.8577977877431247,0.8470653252425899,0.846882539035815,0.7933564219761365,0.7892850113392627,0.7243942801087158,0.7184130046217038,0.7099132656799887,0.7004234428602406,0.7353933353007562,0.7223443719434706,0.7974374155488259,0.7891207449687869,0.8270532039779903,0.8208461402893537,0.8626103052490395,0.857772637798708,0.9478238447349078,0.9446686086383975,0.8376796863247977,0.21090675105485235,0.5736407405901451,4.129319448935354,3.432706575721471e+18,1.3122840567621668e+18,6.804681393360083,2.60135106420385,0.06724439015674616,0.03102889712561054,0.6691663595089014,0.13973677681241636,0.8695063054597315,0.2038,0.0,0.17266063891798955,0.12775379169066417,0.0019987169242653867,86.38573918187522,82.93742413990071,31.7060188533121,21,0.001,25,0.7882919311523438,0.6718209172681265
bits,S1,1,64,1,PAT,hyb,sample,50000,10,1001,1.3412882135853133e-18,0.8015696923598374,1.25,7.07e-06,10100.0,3.16e-11,4,0.01,0.7719428995193378,0.006155058502627504,0.76764335993347,0.006011163030744947,0.7310441381883133,0.9657602866072275,0.9785867907635177,0.9173768641267299,0.9272846077185225,0.8181932320754168,0.821191733421446,0.7743354316829955,0.7727241377145763,0.7719428995193378,0.76764335993347,0.799520472105393,0.7932508982181866,0.8227966599595928,0.816132061177535,0.8296582991954704,0.8207118155531727,0.8629596564199697,0.8500092865907046,0.9582712340480818,0.9539323240328212,0.9923577764603764,0.21090675105485235,0.5736407405901451,1.0019621154497969,3.432706575721471e+18,1.3122840567621668e+18,5.7440406175500565,2.195880351999205,0.3122900787833812,0.1479886886076697,0.6474813962292294,0.12816995956811011,0.8271896905962542,0.05136,0.0,0.1382267606576224,0.11805405558367069,0.0020529513715498793,67.33075248307897,82.93742413990071,31.7060188533121,21,0.001,25,3.2448301315307617,0.6718209172681265
bits,S1,1,65,1,PAT,hyb,sample,50000,10,1001,1.3185650612988786e-19,0.4257428023920647,1.25,7.07e-06,10100.0,3.16e-11,4,0.01,0.7739485343004001,0.0029597841596915634,0.7742628049793968,0.002158590181173992,0.7542773715384062,0.9745316005661715,0.9833051323251636,0.8774537035382624,0.8837160179543192,0.800895535520844,0.8016447218636087,0.7785955941650317,0.7789822763116347,0.7739485343004001,0.7742628049793968,0.775083502760179,0.7754392148514052,0.7783397634309515,0.7774048340866425,0.834417550618532,0.8295156924243905,0.9570934258801922,0.9556851188577757,0.9901233149882472,0.9914406509018244,5.361605404921703,0.21090675105485235,0.5736407405901451,0.5321785029900808,3.432706575721471e+18,1.3122840567621668e+18,1.0631411572917313,0.40642657915158187,1.336058908723327,0.9107805124722453,0.281309031971205,0.07257702102794572,0.4304362134508437,0.0,0.0,0.055163932201794066,0.07000738549615795,0.0019754877894517515,27.924208135502305,82.93742413990071,31.7060188533121,21,0.001,25,2.6292898654937744,0.6718209172681265
bits,S1,1,66,1,PAT,hyb,sample,50000,10,1001,1.2019106184230881e-19,5.900847580318513,1.25,7.07e-06,10100.0,3.16e-11,4,0.1,0.7637886793955067,0.0008906572369160827,0.7649185270780738,0.0006077527081607437,0.7518774962996116,0.9798911981362473,0.9915055321930406,0.8806776995184645,0.888197897076006,0.794462399407158,0.7963263468938946,0.7688764991571502,0.7696565979824322,0.7638339785927439,0.7649174236319323,0.7637886793955067,0.7649185270780738,0.7888262021359969,0.7883100166911293,0.9243187640532371,0.923224040445964,0.9879158317368615,0.9863975644222146,1.0202909015225319,1.0161079944686737,81.52509667826168,0.21090675105485235,0.5736407405901451,7.376059475398141,3.432706575721471e+18,1.3122840567621668e+18,0.06991887906156855,0.026729179507541848,0.13204430811473494,0.12671404045902554,0.025835120444917457,0.013632324891907913,0.057927520090498966,0.0,0.0,0.01882958551379294,0.011881279647193465,0.0006805882732491896,27.66663231486315,82.93742413990071,31.7060188533121,21,0.001,25,2.791454792022705,0.6718209172681265
bits,S1,1,67,1,PAT,hyb,sample,50000,10,1001,9.301093637767263e-19,2.760525443102508,1.25,7.07e-06,10100.0,3.16e-11,5,0.01,0.7363432749924806,0.007586396260064474,0.7351626244527004,0.014146530298148219,0.689720887708655,1.0331344501202853,1.0305282503420083,0.9673203562216071,0.9664175949400319,0.8265026019335331,0.8280152224696048,0.7500597662814215,0.7505654947819551,0.7363432749924806,0.7351626244527004,0.7640686534710539,0.7624899533077832,0.779882517942595,0.7782803828798555,0.7832593377937893,0.7802175305771138,0.8245578076949315,0.8173893284177225,0.9478066726780188,0.9461293393088519,4.928410058776156,0.21090675105485235,0.5736407405901451,3.450656803878135,3.432706575721471e+18,1.3122840567621668e+18,1.1565886984139355,0.44215049427605524,0.20094983298004343,0.13437884617034018,0.2891898525768696,0.11121624137460821,0.4978643467409325,0.0,0.0,0.14071798976923156,0.10011666114363943,0.0019456860031471421,72.32307244931637,82.93742413990071,31.7060188533121,21,0.001,25,1.9101848602294922,0.6718209172681265
bits,S1,1,68,1,PAT,hyb,sample,50000,10,1001,7.190348926825474e-19,3.4741134381678167,1.25,7.07e-06,10100.0,3.16e-11,4,0.01,0.7521774653368106,0.004824057361767469,0.7517374282325813,0.01103345400361962,0.7186645505765561,0.9743677788989025,0.9686047918847015,0.9264732529589281,0.9223125022596881,0.8192808487873456,0.8162589854561262,0.7628321685571989,0.7615990861417086,0.7521774653368106,0.7517374282325813,0.7676528544159825,0.7670448393307593,0.7730099429400894,0.7724886133764723,0.7766354900155026,0.7748159910444724,0.8429217290811236,0.838833529202492,0.9607006769195298,0.9592749714781755,8.023117023360188,0.21090675105485235,0.5736407405901451,4.342641797709771,3.432706575721471e+18,1.3122840567621668e+18,0.710464942557047,0.2716025376594002,0.18109005721716773,0.13462689036934553,0.20386559928667936,0.08737817332312894,0.3796929789562761,0.0,0.0,0.11366424734422095,0.07807915730988814,0.0017289649793933194,65.74120858370704,82.93742413990071,31.7060188533121,21,0.001,25,2.188901901245117,0.6718209172681265
bits,S1,1,69,1,PAT,hyb,sample,50000,10,1001,9.204042271356143e-20,0.2738125476376927,1.25,7.07e-06,10100.0,3.16e-11,3,0.01,0.7736224637757093,0.002104859589968308,0.7752752013059039,0.0024763120005260437,0.7602608701707728,0.9086450214451419,0.9170145155704894,0.8333426211085909,0.8357964863947801,0.7866464509282348,0.7852276652314937,0.7743672117564868,0.7747042740374683,0.7736224637757093,0.7752752013059039,0.77572619585248,0.7774358960781989,0.7862755528990726,0.7855228723172133,0.8906229457166603,0.889459013807808,0.9792627458744378,0.9807516603704812,0.9924729491355162,0.9936505962229967,4.9399646267356365,0.21090675105485235,0.5736407405901451,0.34226568454711587,3.432706575721471e+18,1.3122840567621668e+18,1.153883439626319,0.4411163051025577,2.0273914423733217,1.3564832760571661,0.2994057550037384,0.06568867261898294,0.4434501427287235,0.0,0.0,0.041384920946841444,0.06412558706107328,0.002021367162778283,20.473727736805436,82.93742413990071,31.7060188533121,21,0.001,25,2.2271008491516113,0.6718209172681265
bits,S1,1,70,1,PAT,hyb,sample,50000,10,1001,5.722411353791775e-19,0.22614984640247868,1.25,7.07e-06,10100.0,3.16e-11,3,0.001,0.8125390860601778,0.009013618510545027,0.8126445599493902,0.015364837803345487,0.7592357113849203,0.9437021759939161,0.9321836336520304,0.8890521464022239,0.8834527406858859,0.8307186012804493,0.8333325426469249,0.8125390860601778,0.8126445599493902,0.8129541527413384,0.8105910406844339,0.8246133449492717,0.8199905086235575,0.8301056228865518,0.8239294881680272,0.8512428177218911,0.8417708006990123,0.9458286353270546,0.941875472250722,0.9885210397327564,0.9879458276110971,0.6562454737509339,0.21090675105485235,0.5736407405901451,0.2826873080030983,3.432706575721471e+18,1.3122840567621668e+18,8.685992670622895,3.3205546257374983,0.8187554228927854,0.36521579666853027,0.7436074006183886,0.08852929446551497,0.866964354689602,0.30828,0.0,0.07368877910780233,0.08426940773221757,0.0019031600408704367,38.71917102363065,82.93742413990071,31.7060188533121,21,0.001,25,3.078174352645874,0.6718209172681265
bits,S1,1,71,1,PAT,hyb,sample,50000,10,1001,3.3971708141068195e-18,0.6027810887828858,1.25,7.07e-06,10100.0,3.16e-11,2,0.001,0.8177096718116669,0.01165946105391256,0.8159702891811236,0.015157292446791867,0.7725749207106252,0.9084428108136866,0.9232494934434599,0.8912299289243343,0.9044386616752258,0.8431355116935384,0.8490057659168351,0.8177096718116669,0.8159702891811236,0.8183237067723977,0.8144542589409441,0.8351597811767493,0.8281744210312025,0.8675234444791204,0.8635900585200043,0.900104862233319,0.8976107988101567,0.9507861084344633,0.9474611116328188,0.9879636247000716,0.9863155750113097,0.294639746321009,0.21090675105485235,0.5736407405901451,0.7534763609786073,3.432706575721471e+18,1.3122840567621668e+18,19.346145407414838,7.395807832079922,0.15807670644026223,0.06523012705477284,0.8464569859589187,0.08472967704113539,0.9469791753966469,0.75504,0.33764,0.09087725975486415,0.07821104790029196,0.0015352830854834488,59.19251023745083,82.93742413990071,31.7060188533121,21,0.001,25,3.4697232246398926,0.6718209172681265
bits,S1,1,72,1,PAT,hyb,sample,50000,10,1001,1.457563310624564e-17,0.2055255980539551,1.25,7.07e-06,10100.0,3.16e-11,4,0.001,0.8582403030725994,0.0031556521572937857,0.8287782154764477,0.011705169338108428,0.8149742332307298,1.0351668402369993,1.068952278167176,0.9462189735554564,0.9618580430052945,0.8644468269434722,0.8482921223946953,0.8582403030725994,0.8287782154764477,0.8866936055405656,0.86310700526472,0.9042163730136823,0.8833012379105671,0.9255480512194941,0.9079030689692471,0.9777331999368984,0.9720028684291728,0.9966106198008738,0.9954823102163874,0.9988491960711023,0.9982353277201981,0.02341464568881211,0.21090675105485235,0.5736407405901451,0.25690699756744384,3.432706575721471e+18,1.3122840567621668e+18,243.44350330501393,93.06563816697717,0.041380245237446545,0.015923757936448242,0.9840423147432595,0.011808336772711774,0.9958912826116129,1.0,1.0,0.012024314665654616,0.011050688419406738,0.0005290136037613557,22.729688953479023,82.93742413990071,31.7060188533121,21,0.001,25,3.298125982284546,0.6718209172681265
bits,S1,1,73,1,PAT,hyb,sample,50000,10,1001,8.026081373331046e-20,1.7521757778747045,1.25,7.07e-06,10100.0,3.16e-11,5,0.1,0.7666931303908895,0.001293807485066452,0.7676460855416829,0.0006203442898313475,0.7512697335132537,1.0507229177773934,1.0320717707607014,0.8931956476864128,0.8776173766961504,0.7982692039497035,0.7899460058855353,0.7725490088078804,0.7708749010998461,0.7670953698554945,0.7676363265021614,0.7666931303908895,0.7676460855416829,0.7759218355206869,0.7750751241419487,0.8846278327900337,0.8822672885378104,0.9781046731576695,0.9780198434801781,1.0093440130216724,1.0069413971590337,36.251268787088364,0.21090675105485235,0.5736407405901451,2.1902197223433806,3.432706575721471e+18,1.3122840567621668e+18,0.15723983093138755,0.06011097035751451,0.43068622928892264,0.39453809335583523,0.0560328342194526,0.0241279848667331,0.10725281740235029,0.0,0.0,0.027134270581419564,0.022179853130462644,0.000997234845409874,27.20950908034816,82.93742413990071,31.7060188533121,21,0.001,25,2.37192702293396,0.6718209172681265
bits,S1,1,74,1,PAT,hyb,sample,50000,10,1001,4.812436145179604e-18,0.16509111478934108,1.25,7.07e-06,10100.0,3.16e-11,2,0.001,0.8681954516309155,0.005376672284722115,0.8516952281657325,0.009100813468475364,0.8461774184102053,0.9537140409898713,0.94022663930702,0.9215008373714833,0.9070667754715211,0.8811479531326952,0.8646442089309263,0.8681954516309155,0.8516952281657325,0.8744227405285627,0.8611023687109072,0.8986962164136211,0.8920105155687927,0.9285307847107361,0.9249580651772712,0.9675064347628786,0.9646899373998931,0.9933011683214861,0.9922408600465704,0.9979820302682352,0.9971801938280012,0.056964962750846386,0.21090675105485235,0.5736407405901451,0.20636389348667633,3.432706575721471e+18,1.3122840567621668e+18,100.0640235658781,38.25331990497234,0.12344965857585673,0.047947912315988474,0.9639042250785975,0.02465355932510404,0.9895994177600821,1.0,0.975,0.024809857221333224,0.022899139960251707,0.0007917613548709323,31.33501915533319,82.93742413990071,31.7060188533121,21,0.001,25,2.771095037460327,0.6718209172681265
bits,S1,1,75,1,PAT,hyb,sample,50000,10,1001,2.547961569632776e-19,7.465355832127251,1.25,7.07e-06,10100.0,3.16e-11,3,0.01,0.7628714538853686,0.002161852727674385,0.7648276404823131,0.0024686343849566004,0.7472937274102182,0.9403494866725222,0.9459361974706036,0.890075552638604,0.8914705134516234,0.8096859895935331,0.8051562813664009,0.7711560581729934,0.7697814543061532,0.7628714538853686,0.7648276404823131,0.7630635380602713,0.7662456387454308,0.7733926569549958,0.7781822763845558,0.8611974234616433,0.8614979405798884,0.97078030701312,0.9692396099235076,1.0146218429362557,1.0105984381797872,48.652676544835266,0.21090675105485235,0.5736407405901451,9.331694790159064,3.432706575721471e+18,1.3122840567621668e+18,0.11715991349164862,0.044788881069571546,0.10256777440318532,0.09592330422738653,0.04232501039458244,0.022551225534324287,0.09617965689632361,0.0,0.0,0.031974637793767725,0.019457495223914736,0.0008622498602193778,37.08279846590243,82.93742413990071,31.7060188533121,21,0.001,25,2.9021451473236084,0.6718209172681265
bits,S1,1,76,1,PAT,hyb,sample,50000,10,1001,8.561436448316981e-18,0.21578981233451433,1.25,7.07e-06,10100.0,3.16e-11,2,0.001,0.8673080932574534,0.004867996392913531,0.8482242839730405,0.011162009607969705,0.84999051527964,0.9552985580671727,0.9304819599574128,0.9235611665954586,0.9002022063639752,0.878778128357105,0.8584504892456758,0.8673080932574534,0.8482242839730405,0.8774882213164762,0.862547263353733,0.9060506878293442,0.8995017022731551,0.9384479581674553,0.9345600622604671,0.9754299935208058,0.972935398743324,0.9953553595067526,0.9944468456377296,0.9983805831714992,0.9976119702670883,0.04185365573203716,0.21090675105485235,0.5736407405901451,0.2697372654181429,3.432706575721471e+18,1.3122840567621668e+18,136.19224594440502,52.064721835396426,0.069863953429981,0.027022746289796583,0.9723990733725427,0.019673182107965086,0.9925954110772754,1.0,0.98944,0.02008678199877367,0.01834198703270231,0.0006930368283530631,28.98371511728752,82.93742413990071,31.7060188533121,21,0.001,25,2.9587278366088867,0.6718209172681265
bits,S1,1,77,1,PAT,hyb,sample,50000,10,1001,1.6905263551902753e-19,0.11700251973455938,1.25,7.07e-06,10100.0,3.16e-11,2,0.0001,0.8080361380828404,0.01271868486709548,0.8042258597993331,0.014518536717888548,0.7561947580443167,0.8699407474208634,0.8730922624326801,0.8317241036833589,0.8306542322770945,0.8080361380828404,0.8042258597993331,0.8166188014796628,0.813301369096654,0.8540155701706109,0.8559228932453872,0.8719311418865718,0.8761425652897332,0.8797836364274932,0.8819725188568128,0.9380689346639889,0.936959440603926,0.9881808307161462,0.9882178052538148,0.9956943926824575,0.9958727184281845,1.1492707840993526,0.21090675105485235,0.5736407405901451,0.14625314966819924,3.432706575721471e+18,1.3122840567621668e+18,4.95979142078086,1.8960709465790961,2.36094339913717,1.1472649128151873,0.6409784709090589,0.07191403507700223,0.7742924695664674,0.0,0.0,0.04028914520956113,0.0705284038422204,0.0021195058810077735,19.008744241089165,82.93742413990071,31.7060188533121,21,0.001,25,1.7958300113677979,0.6718209172681265
bits,S1,1,78,1,PAT,hyb,sample,50000,10,1001,1.5621351498261673e-18,2.1619898812853813,1.25,7.07e-06,10100.0,3.16e-11,1,0.01,0.9076219408154627,0.003443261252279789,0.9065892053326563,0.007408126570845177,0.8819046990828806,0.9626642726361917,0.9625268361478266,0.9576793621870984,0.9572126239955836,0.9342094110521341,0.9322794007168973,0.9109848307193189,0.9093435375020569,0.9076219408154627,0.9065892053326563,0.9129313851484955,0.9106336638654564,0.9151570002522644,0.9121327224978758,0.9173330873640637,0.9132402195887412,0.942484494888469,0.9376261263176641,0.9739313977295216,0.9704993943234316,2.2981805774669506,0.21090675105485235,0.5736407405901451,2.7024873516067265,3.432706575721471e+18,1.3122840567621668e+18,2.4802852443443526,0.948184387618817,0.18993555551822586,0.1063215966322393,0.4523846216941346,0.13982285291713645,0.6852249190896302,0.0,0.0,0.17213127729046448,0.12670153852944505,0.002131300667758252,80.76348865010955,82.93742413990071,31.7060188533121,21,0.001,25,1.012594223022461,0.6718209172681265
bits,S1,1,79,1,PAT,hyb,sample,50000,10,1001,1.1136183624550648e-17,1.322349740576204,1.25,7.07e-06,10100.0,3.16e-11,2,0.001,0.8080921617962392,0.00747866454679499,0.7942538235282897,0.01596044050535389,0.764127168667021,0.8856298904406017,0.8905115746823649,0.8776317999864055,0.8809866645643618,0.8412944080786717,0.8370055964769314,0.8080921617962392,0.7942538235282897,0.8129896906266888,0.7946724910400318,0.8352954844110178,0.8210205435967486,0.8765452330300267,0.8707050245497457,0.9165891070112732,0.913145840739553,0.9621121808346169,0.9589613983981998,0.9910392135706771,0.9896341527198619,0.19717826849165215,0.21090675105485235,0.5736407405901451,1.652937175720255,3.432706575721471e+18,1.3122840567621668e+18,28.908578104140236,11.051415351967222,0.050200217404255995,0.020227764375531955,0.8855407651420547,0.0706387007962392,0.9662857793119395,0.8756,0.54244,0.07787388468479127,0.06565988281951086,0.0013472637126146858,57.80151573566727,82.93742413990071,31.7060188533121,21,0.001,25,0.6486079692840576,0.6718209172681265
bits,S1,1,80,1,PAT,hyb,sample,50000,10,1001,3.6623495119034025e-18,1.6756848758859835,1.25,7.07e-06,10100.0,3.16e-11,2,0.01,0.7657656009696941,0.00330256912789238,0.7582170258130495,0.005671371570153795,0.7445910892556744,0.852146705320453,0.8429019278927571,0.8437473742637902,0.8341293804804133,0.80607281000279,0.795602513992021,0.7701120990976357,0.7612546696788104,0.7657656009696941,0.7582170258130495,0.7815223625145644,0.773820048721514,0.8152076932068543,0.81108057887864,0.8536810734737349,0.8529634176063929,0.9075773463651515,0.9040928236676891,0.9700232073752739,0.9671034847758653,0.759769156831481,0.21090675105485235,0.5736407405901451,2.0946060948574794,3.432706575721471e+18,1.3122840567621668e+18,7.502467458539344,2.8681066135543194,0.12342388183769062,0.056150374692399516,0.6921890263719082,0.13250370783004506,0.8757228139275353,0.2532,0.0,0.1567431305046134,0.12127641765671318,0.001965543288796161,79.74544819138227,82.93742413990071,31.7060188533121,21,0.001,25,0.7031221389770508,0.6718209172681265
bits,S1,1,81,1,PAT,hyb,sample,50000,10,1001,1.594697065471514e-17,4.855004929360319,1.25,7.07e-06,10100.0,3.16e-11,1,0.01,0.9298767551722886,0.0019273154955787534,0.927845928538189,0.0031829518468315756,0.9090659261743637,0.9764572940714228,0.9867260190822316,0.9748103074533436,0.984941336043694,0.9623929564497645,0.9713818303259769,0.9334492870564549,0.9378836724014292,0.9298767551722886,0.927845928538189,0.9340821642653167,0.9298282722851507,0.9347471236862891,0.9300747256141626,0.9373693668996278,0.9321627309206033,0.9643066014863508,0.9605496083613234,0.9840494832416397,0.9818688874181966,0.5055458827310684,0.21090675105485235,0.5736407405901451,6.068756161700398,3.432706575721471e+18,1.3122840567621668e+18,11.275224603426006,4.31038807340492,0.031029448169295266,0.013423657554630177,0.760801328664789,0.12018488498641881,0.9183084227395957,0.47288,0.05868,0.14400577533980993,0.11102139906262772,0.0018070032278086475,79.69314781714347,82.93742413990071,31.7060188533121,21,0.001,25,0.6302530765533447,0.6718209172681265
bits,S1,1,82,1,PAT,hyb,sample,50000,10,1001,6.822167166415361e-19,3.4647532795435727,1.25,7.07e-06,10100.0,3.16e-11,4,0.01,0.7532957354632546,0.007917542244415404,0.7626272347026462,0.012318303440613044,0.7172433402190872,0.9750525791643054,0.9744609768025697,0.927624390844138,0.9268606018412722,0.8183116057853974,0.8230982048195774,0.7629756775563112,0.7758019856656365,0.7532957354632546,0.7626272347026462,0.7672563875913814,0.7688550182768142,0.7724581164948392,0.7720637137290493,0.7764728279668744,0.7744117136066448,0.8465727839702772,0.8423287475871943,0.9625309737815128,0.9610643979738501,8.43332923169025,0.21090675105485235,0.5736407405901451,4.330941599429466,3.432706575721471e+18,1.3122840567621668e+18,0.6759066578013354,0.2583913047405376,0.1834855904387468,0.13777418359100124,0.19628424714924012,0.08467920739572941,0.3674025084157042,0.0,0.0,0.1100771249463992,0.0756705895895064,0.0017048958516252695,64.56530751803001,82.93742413990071,31.7060188533121,21,0.001,25,1.843461036682129,0.6718209172681265
bits,S1,1,83,1,PAT,hyb,sample,50000,10,1001,2.4040671169123567e-19,0.2951499297230894,1.25,7.07e-06,10100.0,3.16e-11,5,0.01,0.789828405886536,0.0037535197245553193,0.7845944510753672,0.0044658688869635985,0.759001906727595,1.0714985933130607,1.0834848725104562,0.928819442793734,0.9363531957052915,0.8254971204075288,0.8240953830253804,0.7955186467958044,0.7894939034915481,0.789828405886536,0.7845944510753672,0.7939660370080897,0.7900427882356474,0.7967399811715711,0.7918943088147536,0.8257995858041,0.8158331111632622,0.9407316054206291,0.9352250683536066,0.9882761120406955,0.9884863945910061,2.0386618390599316,0.21090675105485235,0.5736407405901451,0.3689374121538618,3.432706575721471e+18,1.3122840567621668e+18,2.7960220110651175,1.068886904994399,1.310118417928107,0.7140334884630741,0.49972181862871656,0.0940806128114568,0.6674441425176598,0.0,0.0,0.0700778270113989,0.09080456412111161,0.0021951667273346596,31.923692236573945,82.93742413990071,31.7060188533121,21,0.001,25,2.347623109817505,0.6718209172681265
bits,S1,1,84,1,PAT,hyb,sample,50000,10,1001,1.1500968160049778e-19,0.19873904959790528,1.25,7.07e-06,10100.0,3.16e-11,2,0.0001,0.8009451136463193,0.010784251950902218,0.798048170024117,0.015439962176729521,0.7453116180030913,0.8766859255877917,0.8724171704885766,0.8319568757993154,0.8277790976797128,0.8009451136463193,0.798048170024117,0.8069296236589656,0.807478409738159,0.8440758015610974,0.8498534877402056,0.8612400528671994,0.8690169111824242,0.8675944487939186,0.8731333158162851,0.926597377952216,0.927168857229366,0.9855123410235096,0.9860896754827829,0.9944033062018315,0.9947428651831945,2.869445001827517,0.21090675105485235,0.5736407405901451,0.24842381199738162,3.432706575721471e+18,1.3122840567621668e+18,1.9864968213364274,0.7594147795462595,2.2879079244093754,1.347859802725504,0.4216640937976991,0.07444202827587798,0.5771856851976642,0.0,0.0,0.04372639219748711,0.07289761040813111,0.0021816746935532406,20.0425811999822,82.93742413990071,31.7060188533121,21,0.001,25,1.840885877609253,0.6718209172681265
bits,S1,1,85,1,PAT,hyb,sample,50000,10,1001,5.448237058336097e-19,0.3516266925637985,1.25,7.07e-06,10100.0,3.16e-11,1,0.001,0.8967557830492018,0.011047605158238724,0.8854857276867149,0.008274124129724787,0.8685568268768495,0.9428146215632205,0.917985780904052,0.9281138547991572,0.9062206459210034,0.9001457375953279,0.8850771934218151,0.8967557830492018,0.8854857276867149,0.9238672495992232,0.9164797957915534,0.9408465038460679,0.9361188362411414,0.9434233461030065,0.9390337965740911,0.9456719535404009,0.9409789513025564,0.9730632357797895,0.9700348747397489,0.9901055738061263,0.9881679183967362,1.0717042114933895,0.21090675105485235,0.5736407405901451,0.43953336570474816,3.432706575721471e+18,1.3122840567621668e+18,5.318765489581377,2.0333025849048845,0.7500538007905019,0.36006085943637267,0.6430565371290595,0.10630942742334654,0.8001294124014307,8e-05,0.0,0.09356571886488076,0.10071177727364457,0.0020859010874977337,44.85625872946979,82.93742413990071,31.7060188533121,21,0.001,25,3.1465389728546143,0.6718209172681265
bits,S1,1,86,1,PAT,hyb,sample,50000,10,1001,1.2519065543856353e-17,0.21853698917155273,1.25,7.07e-06,10100.0,3.16e-11,2,0.001,0.8632638019971959,0.003885694602027416,0.8454172626742755,0.0051091608012859245,0.8462389737566964,0.9480151354612225,0.9430910542229143,0.9155057086863927,0.9103025687154662,0.8700454258963861,0.8587141788992385,0.8632638019971959,0.8454172626742755,0.8844405076773416,0.8711239457033308,0.9170883182223506,0.9115575431146643,0.950727768183255,0.9470047948519085,0.9842768112440335,0.9824445464459298,0.9972393343287708,0.9964865750521505,0.9987537658486065,0.9980065691563127,0.02898692453287751,0.21090675105485235,0.5736407405901451,0.2731712364644409,3.432706575721471e+18,1.3122840567621668e+18,196.64533119630724,75.17523775284906,0.04805639771601401,0.01852159876180893,0.9804241201751932,0.014331218765366175,0.9949069664219202,1.0,0.99852,0.014621453114323937,0.013397514447911986,0.0005851499482911999,24.987532096726035,82.93742413990071,31.7060188533121,21,0.001,25,3.0217509269714355,0.6718209172681265
bits,S1,1,87,1,PAT,hyb,sample,50000,10,1001,5.3248847284533563e-20,0.17712974916290297,1.25,7.07e-06,10100.0,3.16e-11,4,0.01,0.7705600055109562,0.002012821272946555,0.771523181117216,0.001785484774842105,0.7579242151971258,0.9461034259066515,0.9637840933180148,0.8371116987808824,0.8413165906004838,0.7881336043297018,0.7858545401856228,0.773758780939992,0.7736537082402478,0.7705600055109562,0.771523181117216,0.7719912569856928,0.7726384914257103,0.8055865930855269,0.8040478602551442,0.9362864824880088,0.9356057682315514,0.9892133932217668,0.9907158678765567,0.9957543648850612,0.9974874872049291,5.523703956857981,0.21090675105485235,0.5736407405901451,0.2214121864536287,3.432706575721471e+18,1.3122840567621668e+18,1.0319422292813178,0.39449958949691527,3.2387698565666385,2.222732108409695,0.2783329474524192,0.052864568003697356,0.40400212454948514,0.0,0.0,0.026497190001688282,0.052079729772463924,0.001985964343280436,13.342228470184896,82.93742413990071,31.7060188533121,21,0.001,25,1.6282870769500732,0.6718209172681265
bits,S1,1,88,1,PAT,hyb,sample,50000,10,1001,2.781919004063625e-18,2.4083562997086028,1.25,7.07e-06,10100.0,3.16e-11,4,0.01,0.702521053275,0.010299686745103617,0.7077347663356848,0.012153005726184362,0.6600931731432567,0.9079563949151357,0.9215626699128734,0.8813820303963587,0.894852246407134,0.7882342559521038,0.7996028906167791,0.717558692057577,0.7245801367511004,0.702521053275,0.7077347663356848,0.7340475609367318,0.7316250285748584,0.7927306215724896,0.7875434254967733,0.8117739947022304,0.8055434577494285,0.8335047385786156,0.8235152730499362,0.9336655531523086,0.9285051123860519,1.437557929436006,0.21090675105485235,0.5736407405901451,3.0104453746357533,3.432706575721471e+18,1.3122840567621668e+18,3.9651573396881377,1.5158338310149915,0.132034460699684,0.06690155827145418,0.5567792326488481,0.1469935555636067,0.7858946215734015,0.0,0.0,0.18222859578350425,0.133422913181409,0.002119218768374346,85.98857206388934,82.93742413990071,31.7060188533121,21,0.001,25,0.8389678001403809,0.6718209172681265
bits,S1,1,89,1,PAT,hyb,sample,50000,10,1001,8.779878274003864e-19,1.9958685144683468,1.25,7.07e-06,10100.0,3.16e-11,2,0.01,0.7515222815496826,0.005824241482116482,0.7571467163102226,0.012941106033524004,0.7361455231954273,0.8415015913863426,0.8472852651169258,0.8272248969860139,0.8341486226371325,0.7813880495749643,0.7912873268332785,0.7544834836235996,0.7624510986003111,0.7515222815496826,0.7571467163102226,0.767326846545775,0.7736039756891258,0.7918350043165271,0.7989839965363031,0.8090806227012137,0.8128659718563467,0.8840136950787537,0.8811363626699162,0.9698250829097411,0.9665535096137188,3.7747876881504254,0.21090675105485235,0.5736407405901451,2.4948356430854335,3.432706575721471e+18,1.3122840567621668e+18,1.5100566829291062,0.577277220205907,0.2541265431479604,0.15968882706234583,0.34443759302523247,0.1200936913162804,0.5576980700758509,0.0,0.0,0.1451958465259223,0.10902171301044067,0.002042647285130152,71.08219200784379,82.93742413990071,31.7060188533121,21,0.001,25,2.059046983718872,0.6718209172681265
bits,S1,1,90,1,PAT,hyb,sample,50000,10,1001,3.3747638295644353e-18,2.6887315115971004,1.25,7.07e-06,10100.0,3.16e-11,4,0.01,0.7012231696545816,0.006601579587694172,0.6982488296645013,0.014038832041033941,0.6615741555706437,0.9175335808592593,0.9272954708200357,0.8943805615772474,0.9030858637079039,0.8023807873460136,0.804502436690586,0.7191975140363798,0.7165309128976107,0.7012231696545816,0.6982488296645013,0.730955125400955,0.7252527301796131,0.7918942138686771,0.7859479391747437,0.8140055947037121,0.8073548471396176,0.8356073936205991,0.8253440581967858,0.93376915442753,0.9284381705727835,1.3229796043904558,0.21090675105485235,0.5736407405901451,3.3609143894963758,3.432706575721471e+18,1.3122840567621668e+18,4.3085648155220975,1.647114540731676,0.112400907142049,0.056048684724947805,0.574275073696202,0.14756855360736695,0.8022340717818875,0.00032,0.0,0.18423505608111443,0.13398063823211312,0.002107021765496031,87.43861079087722,82.93742413990071,31.7060188533121,21,0.001,25,0.7262399196624756,0.6718209172681265
bits,S1,1,91,1,PAT,hyb,sample,50000,10,1001,1.1862505167807169e-18,6.316567489256049,1.25,7.07e-06,10100.0,3.16e-11,2,0.01,0.7542536579765118,0.00462995733708247,0.7556354398659128,0.005469371375107189,0.7377402043881143,0.8428005032833743,0.8394472340001261,0.8339825114796252,0.8308648898878135,0.7966251047298809,0.7952963206955613,0.7620366733093056,0.7634912851952906,0.7542536579765118,0.7556354398659128,0.7630364359651748,0.767076078651712,0.7857193039778295,0.7928225775351357,0.824674107346203,0.826759776908108,0.9072087275606018,0.9041946274978295,0.9825441507483228,0.9790511991276414,8.84206745369014,0.21090675105485235,0.5736407405901451,7.895709361570061,3.432706575721471e+18,1.3122840567621668e+18,0.6446618288069232,0.24644676767010373,0.10160968630114844,0.07700735971109354,0.18822585417755155,0.08652279490176755,0.37299940254251096,0.0,0.0,0.12024155769162027,0.07581840455554795,0.0016714827425637134,71.937062004717,82.93742413990071,31.7060188533121,21,0.001,25,1.1415140628814697,0.6718209172681265
bits,S1,1,92,1,PAT,hyb,sample,50000,10,1001,5.003747195740928e-18,0.25031166190348425,1.25,7.07e-06,10100.0,3.16e-11,4,0.001,0.8524645668797076,0.005838575364671464,0.8359775965812075,0.007924112016977635,0.795266199886852,1.0614653752525043,1.0616504977067307,0.975384326072524,0.9767785602020302,0.8766293447773974,0.869976477916586,0.8524645668797076,0.8359775965812075,0.861823926550579,0.8407655973352949,0.8822413796610533,0.8637930465802797,0.8942833055289894,0.8757053835534357,0.9201288966241705,0.903737440920598,0.9781792594578527,0.9732938904123236,0.9958591642685681,0.99493536335935,0.08306820414783155,0.21090675105485235,0.5736407405901451,0.3128895773793553,3.432706575721471e+18,1.3122840567621668e+18,68.62003860088096,26.232647808359342,0.11735971166487517,0.045906548730636654,0.9484221241201406,0.034407122873210745,0.9849583398505471,0.99532,0.90384,0.035145297206993234,0.031944306073126476,0.0009386695098979532,37.44160946573627,82.93742413990071,31.7060188533121,21,0.001,25,3.0868070125579834,0.6718209172681265
bits,S1,1,93,1,PAT,hyb,sample,50000,10,1001,2.8500234133102716e-19,1.4171330132040394,1.25,7.07e-06,10100.0,3.16e-11,5,0.01,0.7748639222018185,0.004810087496959246,0.7744972296631242,0.004307176464778394,0.7429078303165859,1.1013553370490041,1.127854137685213,0.9674957753292592,0.9884896992007286,0.8301759969106506,0.8411094868720539,0.7845928659107113,0.7871877419852864,0.7748639222018185,0.7744972296631242,0.7748797644421545,0.773933781298551,0.7751799565476101,0.7739454673409518,0.7853969734945179,0.7814455439130313,0.8919357363446656,0.8876561029262255,0.9780899946344167,0.9786281825030784,8.256790876934852,0.21090675105485235,0.5736407405901451,1.7714162665050492,3.432706575721471e+18,1.3122840567621668e+18,0.6903582106037437,0.2639159663798947,0.44664365779828835,0.3339647459528389,0.20163139760352103,0.07533257197479262,0.34705056810601653,0.0,0.0,0.08297439696039774,0.06946392086800797,0.001738331741049228,47.73219921205361,82.93742413990071,31.7060188533121,21,0.001,25,3.1079318523406982,0.6718209172681265
bits,S1,1,94,1,PAT,hyb,sample,50000,10,1001,3.631950795540947e-19,2.607092273056322,1.25,7.07e-06,10100.0,3.16e-11,5,0.1,0.77100849990467,0.0009385170806766071,0.7716309106649902,0.0014504223109668849,0.7516716224477884,1.1058311500456244,1.0635373833271453,0.991341042781395,0.9586111071100742,0.8483179910264177,0.8322986495152411,0.789733389523201,0.7866132468504297,0.7719990444691253,0.773071487900523,0.77100849990467,0.7716309106649902,0.7711920199627915,0.7713071946777362,0.7805507477814015,0.7778753847852297,0.8866967086659658,0.8832352734540134,0.9779121776792998,0.9779414573248463,11.91970600607296,0.21090675105485235,0.5736407405901451,3.2588653413204027,3.432706575721471e+18,1.3122840567621668e+18,0.4782117421542025,0.1828148229807625,0.2594279871607708,0.2075854628665319,0.14957907754748767,0.06458394258646476,0.2808081356819098,0.0,0.0,0.0800621683020064,0.05831012327254547,0.0015365731681701593,52.10436441328016,82.93742413990071,31.7060188533121,21,0.001,25,2.8562521934509277,0.6718209172681265
bits,S1,1,95,1,PAT,hyb,sample,50000,10,1001,8.068802172617793e-19,3.990632113453973,1.25,7.07e-06,10100.0,3.16e-11,5,0.01,0.7516946521165633,0.00485819660489577,0.7548277656653329,0.01362677444142324,0.7073857038743454,1.0398769477953216,1.0661456771518176,0.9721412466354387,0.9976969419094793,0.8366748684938969,0.8541580223094648,0.7668690517022669,0.7748524591036745,0.7516946521165633,0.7548277656653329,0.7673728280140285,0.7672129336489678,0.7738548412621211,0.7731491118029667,0.7771827469678729,0.7746174012245073,0.8409023410364036,0.835332617025272,0.9604420754474461,0.9598898622584306,8.212619897407848,0.21090675105485235,0.5736407405901451,4.988290141817466,3.432706575721471e+18,1.3122840567621668e+18,0.6940712520896284,0.26533541923336174,0.15843189941690333,0.1183359280911869,0.19999011570064085,0.08734155391792921,0.3781687334440396,0.0,0.0,0.11562577296611383,0.07768121975953232,0.00171489957173643,67.42422406055906,82.93742413990071,31.7060188533121,21,0.001,25,2.038095235824585,0.6718209172681265
bits,S1,1,96,1,PAT,hyb,sample,50000,10,1001,3.864133584390333e-19,1.7246318847748714,1.25,7.07e-06,10100.0,3.16e-11,4,0.01,0.7737367967806874,0.002241737310589551,0.7710302847773345,0.007250669749662687,0.7383183060001899,1.0153466816512187,1.0002567018493291,0.946294649195543,0.9292552913212162,0.8365439036291031,0.8219992413728814,0.7871091242136968,0.7791136479521598,0.7737367967806874,0.7710302847773345,0.7743963630166031,0.7735611569626191,0.7749551132198527,0.7741680078170472,0.7811593894716988,0.7781141772382313,0.8685199873151591,0.8639973376462023,0.9706808300179253,0.9699038753192897,7.41128265526612,0.21090675105485235,0.5736407405901451,2.1557898559685893,3.432706575721471e+18,1.3122840567621668e+18,0.7691169855841078,0.2940245359464992,0.35846855477399164,0.26220261804205797,0.21827385354151782,0.08350225027734169,0.37788250757432096,0.0,0.0,0.09651479264261371,0.07637413043207467,0.0017846649247711022,54.08006360353192,82.93742413990071,31.7060188533121,21,0.001,25,3.173460006713867,0.6718209172681265
bits,S1,1,97,1,PAT,hyb,sample,50000,10,1001,8.186391046246207e-19,0.28879396483377806,1.25,7.07e-06,10100.0,3.16e-11,3,0.01,0.8193346436696587,0.005351027378826472,0.8190720633531559,0.008585769430153184,0.7891949827791581,0.9711350013652764,0.9543718470455465,0.9170189647838607,0.9016892367591393,0.8453999526088888,0.8368337955492808,0.8198866890006155,0.8185973299336409,0.8193346436696587,0.8190720633531559,0.8325016417587486,0.8269588561334217,0.8388573884399921,0.8306939703251588,0.8517064250000892,0.8413307096135061,0.9313242579249781,0.9261457936281484,0.985054723414286,0.984048457731417,0.5857937377550677,0.21090675105485235,0.5736407405901451,0.3609924560422226,3.432706575721471e+18,1.3122840567621668e+18,9.730632145325881,3.7199082254342657,0.5869056894543226,0.2581526375793492,0.759337976743123,0.0937057454222607,0.8830158689988885,0.42032,0.0,0.08509724333362288,0.08814283370036026,0.0018532238062910363,45.91849243720482,82.93742413990071,31.7060188533121,21,0.001,25,2.9380767345428467,0.6718209172681265
bits,S1,1,98,1,PAT,hyb,sample,50000,10,1001,2.0521225360217303e-19,0.23221250541529231,1.25,7.07e-06,10100.0,3.16e-11,4,0.01,0.7832057027933738,0.004221967805532874,0.7818091832637278,0.0036152776097696385,0.7629267492790293,0.9794031068135542,0.9938713496705344,0.8786079867082494,0.8881036791070789,0.8050285769517131,0.8056074107814947,0.7847993033602101,0.7831691829804415,0.7832057027933738,0.7818091832637278,0.7892105930339988,0.7880079968011214,0.7932669795782722,0.7906636192070714,0.8394584379395512,0.8321859206383598,0.9547869811700276,0.9512191701129256,0.9907335848817969,0.9913238634271844,1.8790200407619722,0.21090675105485235,0.5736407405901451,0.2902656317691154,3.432706575721471e+18,1.3122840567621668e+18,3.0335724215152933,1.1596996818614562,1.5951848577158751,0.8541114103574119,0.5213190355110408,0.08815868349685146,0.6826836292816044,0.0,0.0,0.06024547624877552,0.0856064731062727,0.0021983724042323625,27.404581740923145,82.93742413990071,31.7060188533121,21,0.001,25,2.2583789825439453,0.6718209172681265
bits,S1,1,99,1,PAT,hyb,sample,50000,10,1001,1.0614625460799393e-17,1.8567601989175946,1.25,7.07e-06,10100.0,3.16e-11,3,0.01,0.7661520824034946,0.005316169441979035,0.7413636745740535,0.008194773985368884,0.7537874665371769,0.9014362683700199,0.8927674493034011,0.8884460008106615,0.8792132167952282,0.8275471137217772,0.8154944641510766,0.7674566570974644,0.7498834574918088,0.7661520824034946,0.7413636745740535,0.8000564027360106,0.7780623005829893,0.8494931586358119,0.8356272804230382,0.871818267011548,0.8610936214627302,0.9219370994448625,0.9162028344039198,0.9795579766619665,0.9776344686797607,0.29046930200813226,0.21090675105485235,0.5736407405901451,2.320950248646993,3.432706575721471e+18,1.3122840567621668e+18,19.623909775396765,7.501993940213179,0.0506772894318103,0.020891189514883907,0.8428356281852364,0.09014530454740381,0.9510743652824236,0.7318,0.3318,0.10228184010201309,0.08355671375722282,0.0015412737261467555,66.36189170480553,82.93742413990071,31.7060188533121,21,0.001,25,0.6326901912689209,0.6718209172681265
bits,S1,1,100,1,PAT,hyb,sample,50000,10,1001,1.4853983284162514e-19,0.2138353052696722,1.25,7.07e-06,10100.0,3.16e-11,2,0.0001,0.8030813752710504,0.011444881476365649,0.7994120296244687,0.015832210830953482,0.7404297372699771,0.8774746374873675,0.876245738456196,0.8364526763202569,0.8340068686831321,0.8030813752710504,0.7994120296244687,0.8059719461532293,0.8043408595019749,0.8404023076722156,0.8449936703936466,0.8585457708892911,0.8661783967613974,0.8637811035316529,0.869760110836314,0.912692331161122,0.9131483724664861,0.9811074429031568,0.9812688780867056,0.9938218194377507,0.9939737868012981,2.39048254968705,0.21090675105485235,0.5736407405901451,0.26729413158709026,3.432706575721471e+18,1.3122840567621668e+18,2.384515785683646,0.9115728302506273,1.9571302378762394,1.1053861836931786,0.4645795456209828,0.08090415608555461,0.6244898337510828,0.0,0.0,0.050876094246257955,0.0789588208172111,0.0021999352584751806,23.126177941036865,82.93742413990071,31.7060188533121,21,0.001,25,2.0388128757476807,0.6718209172681265
