group,set,search_seed,eval_index,is_finite,task,mode,node,N_R,R,seed,k_on,k_off,T,distance,N_max,D,L,lam_best,objective,opt_sd,held,held_sd,train,opt_lam_1e-06,held_lam_1e-06,opt_lam_1e-05,held_lam_1e-05,opt_lam_1e-04,held_lam_1e-04,opt_lam_1e-03,held_lam_1e-03,opt_lam_1e-02,held_lam_1e-02,opt_lam_1e-01,held_lam_1e-01,opt_lam_1e+00,held_lam_1e+00,opt_lam_1e+01,held_lam_1e+01,opt_lam_1e+02,held_lam_1e+02,opt_lam_1e+03,held_lam_1e+03,KD_nM,tau_D_over_T,phi_ISI,koff_T,c_peak,c_mean,c_peak_over_KD,c_mean_over_KD,tauR_mean_over_T,tauR_peak_over_T,occ_mean,occ_std,occ_max,occ_frac_above_0p8,occ_frac_above_0p9,contrast_within,contrast_between,binomial_sd_mean,snr_within,shell_molecules_peak,shell_molecules_mean,history_symbols,dt,n_sub,seconds,running_min
wide,S4,3,1,1,SINE,hyb,sample,50000,10,1003,9.970475463914631e-20,0.9177855830161771,1.5934896707850819,2.236685726984498e-05,83361.38841155329,1.2089512799757486e-11,2,0.01,0.5150312048439347,0.0029974953912528333,0.5458448010186234,0.0034186882034950143,0.512865988038292,0.5417724436990399,0.5723288339992437,0.5393984903333301,0.570075473473395,0.5282535602457884,0.5595194258839246,0.5171948839618294,0.548825200855959,0.5150312048439347,0.5458448010186234,0.5174554872279267,0.5473538131341351,0.5424413818671233,0.5705231011964378,0.6515333677412041,0.6789991023786346,0.7176750611797723,0.7480143240718415,0.7936590478321502,0.828798302863609,15.285317349238268,4.328133323878147,0.9996859030196132,1.4624818465317424,1.0720845235546309e+19,6.647398484365735e+18,1.164672079748244,0.7221482306294154,0.3970443188174616,0.3158765604869246,0.3991891628715422,0.11189394577356955,0.5379928939399751,0.0,0.0,0.00316084361010197,0.11188906497535807,0.0021280372181934314,1.4853328612294316,259.0257188678757,160.60740857493786,433,0.0009959310442406763,16,11.418630838394165,0.5150312048439347
wide,S4,3,2,1,SINE,hyb,sample,50000,10,1003,1.7176778753107055e-17,4.8397037586776195,3.639651977287339,6.370021155484945e-06,16321.082830813879,7.051251294652609e-11,5,0.01,0.3051061810238295,0.005692521864610209,0.3162707736962437,0.006209518100396837,0.2830942991469631,0.35334915317787857,0.3638026163918037,0.35242860987792185,0.3629210308986746,0.3449440896989499,0.35574541916678476,0.3200420079634703,0.3314504699131616,0.3051061810238295,0.3162707736962437,0.3226571973069949,0.33518194341658203,0.35497504120712253,0.3624592920902776,0.3883267179122615,0.3928925898378305,0.402019197340645,0.41085957824769154,0.44680447958498914,0.46938433396575785,0.4678710298564329,0.026351445786003035,0.22141694304861156,17.614837354755963,4.760966994964055e+18,3.481264521695391e+17,16.89733107666227,1.2355489809264988,0.025394354197173258,0.003171999355859517,0.37105167009219353,0.25148439046445065,0.941155513178358,0.07355,0.0205,0.555417885497617,0.18333399944822176,0.001767760101890047,314.19302025414953,115.02944695889482,8.411062985141859,3,0.0009836897235911727,37,6.747895002365112,0.3051061810238295
wide,S4,3,3,1,SINE,hyb,sample,50000,10,1003,3.786019130583808e-18,6.374840040610276,2.9232915057301465,8.789000804988375e-06,74307.33798434463,1.6161067149635804e-11,2,0.01,0.3974579193297691,0.002613566972651199,0.4101026289138516,0.004311526754672291,0.38560068270586567,0.4176943313517696,0.43250215170404693,0.4175561158711211,0.4323472154065282,0.4162574079808599,0.430890735890433,0.4082971342131649,0.4219487015319478,0.3974579193297691,0.4101026289138516,0.40778893693650087,0.4254697660150703,0.4359613117645445,0.464100657129189,0.4777248214837349,0.5123300785696763,0.5842548894352229,0.626138572686554,0.6949497170432364,0.7396841784028001,2.795989816561004,0.27251197968245483,0.6340984142943276,18.63551574110444,1.5753915395352281e+19,6.145120401955297e+18,9.35625438261077,3.649588578432214,0.011541016389723486,0.005181504432650832,0.6573283654436344,0.2583760547691851,0.9034153357622412,0.4546,0.0152,0.09052170197997925,0.2564864215719509,0.0017523482628401053,51.657369656227395,380.6294345836509,148.47189700756917,27,0.0009744305019100489,30,4.2258381843566895,0.3051061810238295
wide,S4,3,4,1,SINE,hyb,sample,50000,10,1003,5.958068195001452e-19,38.8631596358228,4.411468397216822,4.8231886775973934e-05,69636.81299981018,4.9360919370169016e-11,3,0.0001,0.4645613180436519,0.0058604984700949695,0.4715632303828675,0.007262903163254759,0.4259625490217706,0.49398276406852054,0.4977774230573494,0.4870678331638609,0.4914004854594974,0.4645613180436519,0.4715632303828675,0.47156289702689247,0.4828656641334943,0.5438789284777025,0.5579691137374058,0.5724951823018866,0.5869951838427794,0.6340622554063506,0.6483557844580231,0.888362952606259,0.9051949912975875,0.9860966697376508,0.9957592254417111,1.052602539786348,1.00591377193118,108.31328668449682,1.7805363319451661,0.9791777543334201,171.4436005494247,4.0272931600858195e+17,2.2785861399992614e+17,0.006174198782061072,0.0034932753120224523,0.00581251724757818,0.005797029955290325,0.0034776773907541554,0.0018513158331019848,0.006136279775687708,0.0,0.0,8.174143051260547e-05,0.0018511000475425,0.00025216158080055065,0.3241629048053103,9.730319605996538,5.505278734541968,178,0.0009803263104926272,45,16.679938793182373,0.3051061810238295
wide,S4,3,5,1,SINE,hyb,sample,50000,10,1003,2.542668473917527e-18,0.33380660365937603,4.733769073463698,1.4298890160405266e-05,92614.8468271803,1.4051562760610205e-10,4,0.01,0.35303696797132506,0.0043360730675394005,0.36284993009111666,0.009054434253138796,0.3488331288722695,0.3960911991692547,0.4056554897440895,0.39189897779857114,0.40155341731532257,0.37284487363369856,0.3827496834605967,0.3545504673764072,0.3643729464557966,0.35303696797132506,0.36284993009111666,0.36479116883411655,0.37461556892006975,0.3774401186634693,0.38674729623756315,0.3924661120827451,0.3979079224615376,0.4594986451361513,0.4831497906530222,0.6273239143915936,0.6703569409910874,0.2179988905132385,0.051229688389981334,0.30496540764534463,1.5801633769207084,2.5129279862147466e+18,3.338810763204655e+17,19.141451060966222,2.543235746360448,0.17860678754230047,0.0314200775429199,0.5729700951137088,0.2631433966391962,0.9228988734398504,0.2014,0.03455,0.22525527448176075,0.25178844419229934,0.001823380453407544,123.5371773678951,60.71470707685382,8.06688128689152,5,0.0009862018903049371,48,19.972915172576904,0.3051061810238295
wide,S4,3,6,1,SINE,hyb,sample,50000,10,1003,3.981793016594587e-19,0.5168098695238926,1.9679357880431028,3.949051924083312e-06,55677.557668154644,4.4100263888415615e-11,4,0.001,0.3395001875924435,0.0068220727932149176,0.34892820790536316,0.01578102926736694,0.32028016744096144,0.3788115314912007,0.388497503366967,0.37347475745212033,0.3834357024895012,0.3536462449541497,0.36439341756660415,0.3395001875924435,0.34892820790536316,0.34338018211192406,0.34930735142402636,0.36253197184346775,0.3684448623819959,0.3804182475312527,0.3873478715094807,0.39186218547582474,0.3981988023778873,0.4727419539727449,0.4964759616786341,0.6804191803524496,0.7218248131091336,2.1552676773224126,0.02994900000390524,0.23562824642644595,1.0170486378499548,6.849121671742432e+19,5.585859480418702e+18,52.769473747617475,4.303659349868822,0.18538844241606953,0.01828615899409229,0.6498859861001367,0.2615911429868356,0.9646402443623255,0.3423,0.12695,0.22549549444707045,0.25067946971226285,0.0017337559281949638,130.06184479601853,1654.8123078527271,134.9596263747075,3,0.0009839678940215513,20,10.628142833709717,0.3051061810238295
wide,S4,3,7,1,SINE,hyb,sample,50000,10,1003,2.0626410185144096e-19,22.181008209036786,3.8115390338917,5.083096732713956e-06,21283.77912942034,7.526474442733285e-12,4,0.1,0.43570135868144433,0.00024511051348227416,0.4473304299368365,0.0005312718663208916,0.4346606003287318,0.5021516731758439,0.4968630852319612,0.5002527578275328,0.49509510110026894,0.48626416161250613,0.4823301171959925,0.45173117781021793,0.4534281562953354,0.43630555000273635,0.44331501789396405,0.43570135868144433,0.4473304299368365,0.43827298413617666,0.45204236854077323,0.44363386401403976,0.4577925967017024,0.4588736846987821,0.47299712966175933,0.6337232559953182,0.6258065838802234,178.56927283903943,0.15011135171137774,0.4978236404082128,84.54377859981594,1.6960745882872338e+19,5.032146775062077e+18,0.15772019843696303,0.04679459225482509,0.011299438827020775,0.010216796317114259,0.04344297856157933,0.03428028407532545,0.13583216384152208,0.0,0.0,0.04560605504492481,0.02955442813119484,0.0008123038614201659,56.144082542203975,409.78759587722936,121.58140587062546,15,0.0009773177009978718,39,8.992893934249878,0.3051061810238295
wide,S4,3,8,1,SINE,hyb,sample,50000,10,1003,8.89498305063236e-20,94.35421740626349,2.3598931796174627,2.2751868737495003e-05,30960.140696740455,1.2120232810718118e-10,1,1e-05,0.4497101351015654,0.0023178916284226714,0.4616727072349479,0.0031192182952817964,0.4417925170498087,0.4568436137573615,0.4687679715959587,0.4497101351015654,0.4616727072349479,0.44996182780441696,0.46137597022116117,0.5217243069222467,0.5334793243192408,0.8510908476859285,0.8679268763428984,0.9812459409508794,1.0003747946705976,0.9976562455181615,1.016987069101396,0.9993823932006398,1.0178153488106934,1.0009616427648762,1.0105450730200782,1.0554747715117236,1.0084810689997008,1761.429597604197,0.301633511095549,0.6585289123033325,222.66587412518447,4.0453998107062886e+17,1.6372356397741046e+17,0.000381368885656987,0.0001543458646154289,0.004490340883543893,0.004489321861414338,0.00015431026870451904,0.00011113677537870448,0.0003811748016044319,0.0,0.0,7.721143526280378e-05,0.00010675556371420107,5.042371694360639e-05,1.5312523539102962,9.774066979363202,3.955715517116906,30,0.0009832888248406094,24,4.191011190414429,0.3051061810238295
wide,S4,3,9,1,SINE,hyb,sample,50000,10,1003,1.700056433577243e-18,2.4788681385100007,1.1863982458802291,3.190219452151604e-05,9518.829735018808,3.108844011139167e-11,2,0.01,0.5234841736335643,0.00527579724879294,0.5397505154928689,0.009838889575140463,0.520928465821201,0.5454630934675737,0.5640351650990567,0.5425782906500711,0.5610937036017181,0.5312370995616299,0.5491714124881814,0.5234851670313303,0.5401400796021409,0.5234841736335643,0.5397505154928689,0.5326656217814865,0.5491121183652988,0.6072908366350938,0.6261702673109136,0.693222796359283,0.7144004300555045,0.7197899288204275,0.744029809814273,0.7819014486251928,0.8023646094607152,2.421247498065094,4.598968551284468,0.9997963285980109,2.9409248112966537,4.468638857761749e+17,2.8053967702983258e+17,0.30646802552545194,0.19239961795423458,0.2851637061800762,0.26026591363901097,0.15749597628928824,0.057150540066052205,0.2345519478824156,0.0,0.0,0.0016027236075645747,0.05714815515654232,0.0015884155961558163,1.0090077253354763,10.796652381986158,6.778102837701408,460,0.000988665204900191,12,5.550317049026489,0.3051061810238295
wide,S4,3,10,1,SINE,hyb,sample,50000,10,1003,6.1103013489279195e-18,0.16527021143880904,0.7970461398436028,1.226146538629948e-05,43535.50713489498,5.756883223821953e-12,3,0.0001,0.6956364311888803,0.006139581585128351,0.7365525927399591,0.0057812617847640985,0.6704817811856987,0.7334437478811828,0.7920622353471795,0.7118386821594918,0.7666629525660695,0.6956364311888803,0.7365525927399591,0.8329638751913185,0.8544573909841933,0.9718676538743948,0.9912084412863618,0.9962564237686153,1.0157652100682335,0.9988728530933673,1.0184060486136115,0.9991364958321572,1.0186691411954105,0.9991639283685961,1.0186657509490928,0.9991783691178359,1.018369911142233,0.04491392929129031,5.460879829934519,0.9999482428841605,0.1317279840584388,4.153749241983983e+19,2.6615560057139065e+19,1535.706850946953,984.0193892401594,0.007706854771777867,0.004940045250388032,0.9987746770428695,0.0005574437521810682,0.9993492577615373,1.0,1.0,1.6445325267608223e-05,0.0005574126215288122,0.00015261230133604926,0.10775884462547972,1003.5849410776129,643.0570002086461,546,0.0009963076748045036,8,3.4545037746429443,0.3051061810238295
wide,S4,3,11,1,SINE,hyb,sample,50000,10,1003,5e-20,0.21483927860050656,5.0,3.5000000000000004e-06,100000.0,5.172512611875353e-11,1,0.001,0.40694819575859065,0.0033748594102236676,0.40407353607823027,0.0029772051008483185,0.4004026586957628,0.4175939476607059,0.414395162555373,0.415763079749713,0.4125086295620292,0.41018154166599974,0.40702764959378346,0.40694819575859065,0.40407353607823027,0.4090366367666941,0.4055780102186004,0.4187787281951357,0.4194523897137102,0.44456785673801635,0.46430647898910166,0.5089602631775012,0.5492749324260479,0.5320139120243145,0.5754955463787834,0.5730247779730815,0.6146008103171969,7.134980305591747,0.007894293624260253,0.12230544922049048,1.074196393002533,1.7167972236035424e+20,3.861899918559156e+18,39.95538513224868,0.8987881414693156,0.4902750577435107,0.022730306715356453,0.3831865626006163,0.22393962646562007,0.7909512055057052,0.0,0.0,0.2560523312238543,0.2041309650621864,0.0018523737969256425,138.22929888601348,4147.9437975640185,93.30713956058723,1,0.001,50,13.07169508934021,0.3051061810238295
wide,S4,3,12,1,SINE,hyb,sample,50000,10,1003,2e-17,0.27807523724331235,3.3300806990404674,3.5000000000000004e-06,60230.597556938614,2e-10,2,0.001,0.40261205243612286,0.0031295127044744992,0.409890390440211,0.007207344692459158,0.387989346602739,0.42095864759797613,0.42672761111519647,0.41919246850448,0.42504380334210634,0.4106199677062687,0.4167709855301533,0.40261205243612286,0.409890390440211,0.4028892254282456,0.4144741903186153,0.4078754887067183,0.42557955465935826,0.4604303091857866,0.4933110110060371,0.5395912763479594,0.5834750999652341,0.5770107772863454,0.618489383331931,0.7133377571067434,0.7433045539267418,0.023087739752807798,0.003065491276615241,0.07639861335982648,0.9260129804250534,1.0328027568560559e+20,9.511133389394236e+17,7428.225304019908,68.4069065888964,0.015558948269721476,0.00014535815310294916,0.8482754546835252,0.17003072633696883,0.9997333174287749,0.76725,0.5109,0.23563113166480737,0.15064158108944292,0.0012951557909002063,181.93265499050923,2495.34874038065,22.979794123579254,1,0.0009794354997177846,34,15.618005990982056,0.3051061810238295
wide,S4,3,13,1,SINE,hyb,sample,50000,10,1003,3.667624716615675e-18,7.827983079647471,2.657811849918295,4.019660054831998e-06,29719.07399328026,5.232966863385222e-11,5,0.01,0.31284878863760507,0.008193557243468144,0.3194308344374308,0.006874165633657726,0.2922442122680984,0.36218038649533785,0.3555587242543656,0.3609642732244649,0.35447187248006823,0.35169308024449997,0.3462630945771269,0.32568296793022056,0.3246426421424365,0.31284878863760507,0.3194308344374308,0.3249524238810344,0.3366314535722682,0.355417066356482,0.36301853707983356,0.3897471331962449,0.3938945615017072,0.4031625176740956,0.4096459367048403,0.4556527295356497,0.4784825063250386,3.5441662452654312,0.019362221484047367,0.19045399157218287,20.80530619004696,3.406842958374717e+19,1.8350621956779136e+18,15.961993418521653,0.8597769561988428,0.025844315022436403,0.002833668209951466,0.2892570288002567,0.23880965346591881,0.9360860288947804,0.04895,0.0129,0.6093228201964128,0.15085224030222796,0.0016238363657518384,375.2365897497902,823.1253478383072,44.33683109487704,2,0.0009843747592289981,27,4.938514232635498,0.3051061810238295
wide,S4,3,14,1,SINE,hyb,sample,50000,10,1003,5e-20,0.3559031061369368,5.0,3.5000000000000004e-06,100000.0,2.2431539181004693e-11,5,0.01,0.35531288410354994,0.0040481252439753075,0.3705336333115181,0.006108799847088357,0.34771375536871807,0.4226279125721148,0.4241416590666648,0.41324591791798604,0.4161319564670123,0.3824236980505555,0.39061100451117425,0.36065381975309185,0.3735341092577284,0.35531288410354994,0.3705336333115181,0.3574941737970766,0.37219028423191325,0.36743858770528953,0.37691881236189556,0.4040286276742865,0.4093107660714219,0.4759983428009786,0.5047648756453809,0.588014206962939,0.6323521339059659,11.819820237378073,0.01820353610326995,0.18477367092296956,1.7795155306846842,1.734887370029993e+20,8.814442161470907e+18,24.373029345836613,1.2383204880037595,0.2510590883044238,0.022147560442700772,0.42634004678542026,0.24327609401776357,0.8763280834736955,0.06245,0.0,0.33570871106859945,0.21229650591486007,0.0018570555571830324,180.7747268357636,4191.6512952433995,212.9652249548558,2,0.001,50,17.42312788963318,0.3051061810238295
wide,S4,3,15,1,SINE,hyb,sample,50000,10,1003,5e-20,42.016659653760314,3.480617810374941,6.910699286237459e-06,100000.0,4.6387637633481764e-11,5,0.01,0.43615006869622414,0.00037133438240515867,0.4451054123058218,0.0005403916265937987,0.434625142373653,0.5207030491259401,0.5058047417687515,0.49534259864167884,0.48402493830100085,0.4544040706396621,0.4516030076683683,0.4380145052637013,0.44392323618226276,0.43615006869622414,0.4451054123058218,0.43921474827584317,0.44895877769628206,0.44652304887074024,0.4563337124385477,0.6040121440752844,0.6156450450563613,0.9122099320375785,0.9214503364470049,1.0397680708519053,0.9939230125325491,1395.406096544323,0.04929855006835171,0.29944548369911284,146.24393392334036,2.394457252474921e+19,3.082131182114702e+18,0.028494141040798174,0.003667748944719912,0.0068129024401122895,0.006648448623078977,0.003631816490892994,0.004717235126017255,0.027207645417504946,0.0,0.0,0.0126232759872043,0.002553619847960793,0.0002240717762952076,56.33585896410946,578.5234256197242,74.46719242297448,5,0.0009944622315356975,35,11.211910963058472,0.3051061810238295
wide,S4,3,16,1,SINE,hyb,sample,50000,10,1003,2e-17,0.1,5.0,3.5000000000000004e-06,20981.17015193329,3.3030849689511134e-11,3,0.001,0.4265023069907932,0.0036018537844965635,0.4605139897465169,0.0016613169128313048,0.41693043957438364,0.4493939693912294,0.4764747815394224,0.4444020529952434,0.47185267833623723,0.42877513325068656,0.4585908441551984,0.4265023069907932,0.4605139897465169,0.44344026008589543,0.4803596901257238,0.4768634249057865,0.5162459040104274,0.5523126369928784,0.5940423236941322,0.66258867782123,0.7057923910696806,0.7444313724604024,0.7801231260944566,0.8802660165482129,0.9044859612685521,0.008302695335869234,0.012362180724130712,0.1527110449076387,0.5,3.6024079581109416e+19,1.2295111458564047e+18,7204.8159162218835,245.90222917128094,0.008100372389155548,0.0002775535793937725,0.9567216730372289,0.06851189650723015,0.9998535488347137,0.94595,0.87395,0.07492083462656943,0.06114838044921916,0.0007045952556354819,106.33173304438097,870.3756938036738,29.706147361924128,1,0.001,50,16.50852680206299,0.3051061810238295
wide,S4,3,17,1,SINE,hyb,sample,50000,10,1003,4.923432132521712e-19,2.512570708340695,3.072199410514916,4.314064122904916e-06,92655.62806120433,8.07507619215167e-11,5,0.01,0.3237185682658089,0.004979287752706617,0.33119127006317467,0.006599889639409368,0.3122122575005451,0.38516330424691064,0.37670602128814135,0.37963807708632596,0.3721146755648962,0.35611163048735206,0.35310094584984286,0.3304450003907372,0.3332459569618019,0.3237185682658089,0.33119127006317467,0.33977551533930433,0.3518230721814507,0.36746751278784273,0.37729659874232996,0.39371221005253,0.3944352566401057,0.42249104349558897,0.4318183635961371,0.5257688652561352,0.5605039632063269,8.474214141547305,0.01250333626893563,0.15356963814418537,7.719118249041329,8.495129866631414e+19,2.918873627147934e+18,16.646375449843315,0.57195907597605,0.08241211702181227,0.007341364559031207,0.230592241265763,0.22321277365775638,0.8946054999538425,0.02745,0.0,0.5585823126907914,0.12317462254679767,0.0014778970258673189,377.95753216499077,2052.503391508975,70.52273612248916,1,0.0009910320679080375,31,10.927225112915039,0.3051061810238295
wide,S4,3,18,1,SINE,hyb,sample,50000,10,1003,2e-17,2.6820994823276836,2.867015293596404,4.571777394829771e-06,200.0,3.269614154604258e-11,5,0.1,0.43692768707931445,0.0013679356743832559,0.4468762998409095,0.0018472011666847458,0.4344773539037684,0.5057686207723859,0.5020536114195006,0.49964386479342143,0.4961405969580318,0.4742918783462213,0.4725996728564108,0.4485340587951523,0.4516704461356443,0.4398267002038495,0.44572367979163685,0.43692768707931445,0.4468762998409095,0.4374956483842209,0.45080546199159305,0.4506787373456798,0.4659900460320678,0.6164517714031904,0.6430599314852561,0.8021908947093337,0.8339288865284651,0.22268654862259343,0.037161427382536055,0.2615394115997608,7.689620234780467,1.6108733493439734e+17,2.4159992508435584e+16,1.201203281204143,0.1801573183069863,0.11019330379782649,0.0590792477077765,0.14263069477762028,0.08795735500894052,0.37801695930230506,0.0,0.0,0.25293744729984413,0.027232411441865344,0.0014665251975343864,172.47398662164028,3.892021740370389,0.5837281753299298,4,0.0009886259633091047,29,12.635865211486816,0.3051061810238295
wide,S4,3,19,1,SINE,hyb,sample,50000,10,1003,7.157117470454156e-18,3.0298851448316264,3.0048813647123223,3.5000000000000004e-06,36680.87485207239,9.088395416532706e-11,5,0.01,0.30396094876814195,0.0037594721122685875,0.3145992968202137,0.00571077809495552,0.2876753464975026,0.3486949830893859,0.35191350719550457,0.3471662799090285,0.3504746870492951,0.33647357319817556,0.3405031526624031,0.3126529264086292,0.31946919199891965,0.30396094876814195,0.3145992968202137,0.3199047961065035,0.3309917040854936,0.3591061069811054,0.36424457628422896,0.3858194657513483,0.38854711318743157,0.40709910990948456,0.4203841552776327,0.4475844256581795,0.47209162985149133,0.702970528681758,0.007476017235733684,0.11904601573248076,9.10444540892325,6.297773066095737e+19,1.3488309649223488e+18,148.76439033735795,3.186174129472405,0.026237908570931577,0.0007333949934539142,0.425150490625012,0.27985462476497625,0.9929981808124937,0.1347,0.0701,0.6884977758214815,0.18125999740711066,0.0017384325037408913,396.045158117971,1521.6012915693093,32.58902657803904,1,0.0009693165692620394,31,7.260801076889038,0.30396094876814195
wide,S4,3,20,1,SINE,hyb,sample,50000,10,1003,1.2352530426604593e-18,0.1,4.075518665083708,3.5000000000000004e-06,83945.88486837078,6.996167917005035e-11,5,0.001,0.33344101464179643,0.006630665817924302,0.3458349045046056,0.00866574668914374,0.318332787158839,0.3719232840471164,0.38556739705854925,0.36147579553788023,0.3754903281244765,0.3377776705460778,0.3522569966290389,0.33344101464179643,0.3458349045046056,0.3543576648328949,0.3629680920737749,0.3746560322584398,0.38017520251115017,0.38245447460210624,0.3908489398187514,0.40472390724194823,0.4239688140342236,0.5042300299547315,0.5289232994525681,0.78706570913405,0.8163360201602862,0.13442906107702565,0.007160473260726005,0.11652494341036632,0.40755186650837083,1.4411739981593767e+20,2.9604872765812244e+18,1780.2145662295093,36.56950916154534,0.06531028702701916,0.0013775293966962743,0.8514716389212083,0.18754132673929358,0.9990999232735558,0.81155,0.55615,0.1568207834785133,0.18099540391002458,0.0012485545342594572,125.60186934207633,3482.0121239060177,71.52816108874411,1,0.0009940289427033434,41,13.176467180252075,0.30396094876814195
wide,S4,3,21,1,SINE,hyb,sample,50000,10,1003,3.846676573365954e-18,100.0,4.19049098141975,3.5000000000000004e-06,100000.0,7.806905642983296e-12,1,0.01,0.36389967732612544,0.0016633837208515482,0.37077668046404255,0.005063763475595924,0.357748328377351,0.3665277145922383,0.3749160251375415,0.366505107352389,0.37489207609397435,0.3662854365466601,0.37465886612866733,0.36461424143878474,0.3728431138739844,0.36389967732612544,0.37077668046404255,0.38249376987977707,0.3873358486628752,0.39402903304791365,0.3990587498793231,0.3968172671682118,0.40386273993789007,0.4275465019323309,0.44841075120101825,0.5456311637174389,0.5817550674718587,43.168148803340294,0.06240810529455306,0.3347630939276142,419.04909814197504,1.902169096414749e+20,2.9907034798972584e+19,7.317029301759301,1.1504269014004822,0.0011097123142359104,0.00028692398773243487,0.4041680656629057,0.24656099307778637,0.8796332249276511,0.0574,0.0,0.40653023073100714,0.20976490141809634,0.001818358863825973,223.5698567639365,4595.819702474984,722.5821302153789,6,0.0009977359479570835,42,5.5203471183776855,0.30396094876814195
wide,S4,3,22,1,SINE,hyb,sample,50000,10,1003,9.167671399975698e-20,0.1,3.411688236613794,4.9999999999999996e-05,200.0,1.4397135625664912e-10,5,0.0001,0.7766105371262035,0.029997604106400032,0.7923283390155167,0.042697422845415715,0.7681324445216163,0.7835914859391948,0.7970097417918101,0.777536088564307,0.7915804853619273,0.7766105371262035,0.7923283390155167,0.7830676292940719,0.8000341362851154,0.8375023806675663,0.8575901317311153,0.9621611042706085,0.9820566566137048,0.9952830520356775,1.0147033908878513,0.999129867166163,1.0175743560836263,1.0009261773505802,1.010513749983046,1.0554578981762044,1.0084690111574548,1.811298632691229,0.8482880017793086,0.8893465617611402,0.34116882366137946,565906452285761.1,419265632265907.56,0.0005188044397681883,0.00038436895459168885,2.9299739876592197,2.929580299431834,0.0003842147394774257,8.08128650539389e-05,0.0004995676633686138,0.0,0.0,2.993039817490201e-06,8.080667674715685e-05,8.714776332202993e-05,0.03434442495592536,0.013672832915194945,0.010129852582349781,85,0.0009747680676039412,35,4.332770109176636,0.30396094876814195
wide,S4,3,23,1,SINE,hyb,sample,50000,10,1003,2e-17,100.0,5.0,1.0587062428447617e-05,100000.0,1.0557357125625933e-10,1,0.001,0.38254428401423646,0.003062816694768558,0.3851657070897077,0.004873980728682961,0.36819115455526635,0.38752008329618143,0.39048928066677246,0.3874144853011279,0.39038356981935357,0.3864768915335453,0.3894375308745066,0.38254428401423646,0.3851657070897077,0.38590151851110377,0.3861720680726504,0.41272187903573887,0.4105553137983053,0.42503520137643463,0.427723496054848,0.4417083416757997,0.46080072994987437,0.4650851247397977,0.4901868160051445,0.5931996955207535,0.5994424356603305,8.302695335869233,0.03538950437756195,0.25545088013438627,500.0,6.466822334190989e+18,6.204469937362234e+17,1.2933644668381978,0.12408939874724467,0.001779217918280276,0.0008720811841814869,0.09198781784116213,0.10914134491335599,0.5622066014608601,0.0,0.0,0.3105130232461817,0.05922223904470333,0.0010513547217127536,295.3456305787331,156.24451870182205,14.990583768439985,4,0.001,50,8.01450800895691,0.30396094876814195
wide,S4,3,24,1,SINE,hyb,sample,50000,10,1003,6.767990211185994e-18,1.5419087560283327,4.92613772575984,5.641839417289828e-06,89507.1030826985,5.910049250342832e-11,5,0.01,0.34633965551143875,0.004949625524156673,0.3610072218980251,0.005944907447754935,0.32606129521810734,0.389115283495656,0.4054413023874167,0.38802179873885173,0.4043980222548919,0.3793373880986286,0.3960896879314908,0.35449838751294493,0.37176034682688425,0.34633965551143875,0.3610072218980251,0.35956140918066676,0.369458605988702,0.37503930441276523,0.38160627484987003,0.38887657564042566,0.40174982430190803,0.4408433813670437,0.47082033016781527,0.5153198183061083,0.5536793807190511,0.37831019955831174,0.018221853108563214,0.18486492947349703,7.595654892750595,3.707464067309435e+19,1.8855985784784192e+18,162.73388692925354,8.27656803392176,0.014192125454882966,0.0008040743415873347,0.6554763957367855,0.27540484908330454,0.993874223957157,0.37315,0.19075,0.42787993916953415,0.23816932998129647,0.0016537049690957665,258.7401907629846,895.7582393107914,45.55783770361726,2,0.000985227545151968,50,9.75639796257019,0.30396094876814195
wide,S4,3,25,1,SINE,hyb,sample,50000,10,1003,1.7403277094049733e-17,15.580874450677067,1.8963641012781087,5.939141728971953e-06,31592.665965752483,1.6080056005185817e-10,5,0.01,0.3151036177239644,0.005332791408706051,0.32860747329865847,0.004821879615101993,0.295224806664799,0.3682686298395454,0.37849789180678484,0.3671073534973873,0.37748103600090543,0.3580171869264288,0.36940276428475777,0.33064952148190874,0.34377541292105984,0.3151036177239644,0.32860747329865847,0.32570644838142765,0.3383706716426169,0.3620253752035118,0.3695813208881246,0.39228905271532183,0.39589422933618545,0.405521759014427,0.41140108506567624,0.4645371022551498,0.48865928846561274,1.486653955244217,0.01927910397730072,0.19005260192555706,29.547010974785263,1.122650114547927e+19,6.022681457914989e+17,12.53959852188863,0.6727118852866134,0.020233233978472282,0.002499658383434445,0.2514969857834617,0.2262695896049808,0.9201901829449547,0.03555,0.00705,0.610391127751622,0.1353698900363571,0.0015459523168046994,394.83179469159063,271.2428419297684,14.551365679416604,2,0.0009980863690937415,19,3.8012659549713135,0.30396094876814195
wide,S4,3,26,1,SINE,hyb,sample,50000,10,1003,9.667659483266919e-18,100.0,0.8898849544863792,5.760772688606517e-06,37366.78209191852,9.120554405065428e-11,5,0.01,0.36156993725126313,0.0042083148825851,0.3741550796310002,0.006898441046425327,0.332626751056467,0.42189184353734943,0.4319646667429863,0.4212142101476045,0.43135404209555955,0.4151869698069211,0.4259175156955382,0.38720113292924774,0.4003926670321475,0.36156993725126313,0.3741550796310002,0.3714458425482137,0.37525978210015826,0.4074618109583434,0.40503196105073747,0.42198303467139253,0.4241566707652571,0.4455193291002687,0.46538417280176186,0.49394410361209856,0.5257663519931479,17.176226262912532,0.06814831546594324,0.34884331539242636,88.98849544863792,1.6214158767749218e+19,2.7557482471961134e+18,1.567529657742262,0.26641635675501696,0.008873391120932089,0.004376739182563001,0.1771395825202324,0.14636126849084985,0.6091966376170854,0.0,0.0,0.29145485030459156,0.1094125152377619,0.0014550468884945212,200.3061568731632,391.74934796454926,66.58147329486076,7,0.0009887610605404213,9,1.6036901473999023,0.30396094876814195
wide,S4,3,27,1,SINE,hyb,sample,50000,10,1003,1.6882726146174098e-17,17.985794380021353,4.181649608359054,4.566558046601335e-06,32851.516270686545,7.214322820953753e-11,1,0.001,0.3200256318907549,0.003925759844483262,0.33276979473755347,0.004647609802607434,0.30810284603240146,0.32337539610901983,0.33580496502030177,0.3233198967343106,0.33575442544098455,0.3228090664778719,0.3352894510669487,0.3200256318907549,0.33276979473755347,0.3200938350304356,0.333224176015796,0.34130445430884715,0.3505655673791231,0.3823121845542945,0.3840449062064438,0.39938310443227043,0.40368277104330585,0.4287920349917152,0.44651401587213113,0.5644827767435219,0.5939686546227577,1.7690338612137841,0.011520822970755015,0.14748453511685222,75.21029002524277,2.5394386143444705e+19,8.113533558495438e+17,23.836949197317917,0.7615930786911914,0.007547743647482099,0.000535333581572719,0.22480137066453051,0.23432346712816174,0.9579285650936378,0.04445,0.0178,0.7270863074025954,0.1180249174378764,0.0014228784441601638,510.9967828852373,613.552288228606,19.603061292030873,1,0.0009956308591331081,42,7.792395830154419,0.30396094876814195
wide,S4,3,28,1,SINE,hyb,sample,50000,10,1003,3.296206925747723e-18,3.713126743061444,3.951883603203585,5.824087987573678e-06,44225.04506354341,1.0398173832496676e-10,5,0.01,0.3110720128294266,0.006446537226041637,0.3168288057168144,0.00959832150480282,0.29380471661819263,0.3676085382549782,0.36731608094960494,0.36444942199337327,0.36421969384713826,0.3479933969752364,0.3478883552953618,0.3227591745686317,0.32427671837784294,0.3110720128294266,0.3168288057168144,0.31951706159620324,0.3265635383259968,0.3625152447661302,0.368787006301573,0.3926363865459068,0.3934977943227138,0.41080605262025116,0.41633919774754685,0.49791928032280763,0.5270166303075465,1.8705718897859678,0.01375762243349843,0.16098787264918532,14.67384469252125,1.647990706764386e+19,6.182918977507302e+17,14.629498956251398,0.5488684272111137,0.04399887323276722,0.004360246337637055,0.21188348663735765,0.22028353970044948,0.9151082153949576,0.02905,0.0032,0.6097614298360704,0.11372493812013007,0.0014133165552513759,431.440095688695,398.17007719864847,14.938514619542959,1,0.0009879709008008962,40,14.065124034881592,0.30396094876814195
wide,S4,3,29,1,SINE,hyb,sample,50000,10,1003,5e-20,20.34983336925607,5.0,3.5000000000000004e-06,200.0,2e-10,5,1e-06,0.5753588083726118,0.018218757592414633,0.605073081482018,0.03871559036003281,0.5651610936770795,0.5753588083726118,0.605073081482018,0.5964770448534364,0.6223808153477828,0.7783780652245594,0.798396833976032,0.9638186499560764,0.9831910611494266,0.9957336668576751,1.0151880346273898,0.9991432230778777,1.0185994724277536,0.9994897186226426,1.0188538607939424,0.999567453569228,1.018003510195357,1.000981412717946,1.0105649084603794,1.0554778549289627,1.0084839375905985,675.8338664025539,0.0020416666666666673,0.06238065732073289,101.74916684628036,3.4328654419886854e+17,3197728460652007.0,0.0008434627890307342,7.856891018781119e-06,0.00982801308517317,0.009819807660443889,7.5021197095795534e-06,2.9068946994677666e-05,0.0002909006773876146,0.0,0.0,0.00021792023823208838,1.7680719083359837e-06,7.116338439205492e-06,30.62252309860887,8.294126249855294,0.07726013155365206,1,0.001,50,4.320281744003296,0.30396094876814195
wide,S4,3,30,1,SINE,hyb,sample,50000,10,1003,2e-17,100.0,3.3800689619470177,1.3611635739588364e-05,200.0,1.7605308726225126e-10,5,0.0001,0.4424464003393157,0.0047296254843724175,0.45147762150466003,0.004702354302873426,0.4358780564406244,0.4892215368917269,0.4994907147946213,0.4514322648278766,0.4608944669970126,0.4424464003393157,0.45147762150466003,0.45968857554692466,0.4689642570561944,0.7058155969059399,0.7197788428702754,0.9521123211778073,0.970683354988715,0.9944799446411003,1.0137520477885047,0.9990525653056469,1.0174814423408434,1.0009190900873912,1.0105043268433171,1.0554589993151935,1.008468648086192,8.302695335869233,0.05189197260959254,0.3068307938473384,338.00689619470177,6299182330587963.0,1267274255870635.8,0.0012598364661175925,0.00025345485117412713,0.0029577698580327983,0.002954796958194067,0.0002533440408304744,0.0002367880200094952,0.001248325436074131,0.0,0.0,0.0008591122735476975,5.9667200746375506e-05,6.544592571431203e-05,13.127055109556235,0.15219417831445103,0.030618539668986883,5,0.000994137929984417,34,7.679379940032959,0.30396094876814195
wide,S4,3,31,1,SINE,hyb,sample,50000,10,1003,6.47480814919127e-19,3.2644558543867532,3.7040189213192978,3.5000000000000004e-06,100000.0,2.48059180172248e-11,5,0.01,0.3083489830850987,0.0041924337761433655,0.3181409509651644,0.006232711640839417,0.2893967679756525,0.3521808400730676,0.3632304945167991,0.35106705462651083,0.3621711329231985,0.34236609649354444,0.35386328401082423,0.3173506799235153,0.3290493097602446,0.3083489830850987,0.3181409509651644,0.32880814980581846,0.336747574636588,0.3622242384989844,0.36845899372533275,0.3849925045537187,0.38898251509014975,0.4032269317442677,0.41614536108126954,0.4410027778115183,0.46476605458434683,8.372072738480531,0.022220628456807483,0.20373943975334108,12.091606252460089,1.7408176956888937e+20,1.0590974081629123e+19,34.52783895716129,2.1006418328327463,0.02667254161579217,0.002327808297645625,0.4447843996704821,0.2715977774699476,0.9707218120321919,0.12495,0.0532,0.5590178375921396,0.2073096386968342,0.0017807241409279236,313.92725282021456,4205.979520613395,255.88790946343974,2,0.0009747418213998152,38,7.658148288726807,0.30396094876814195
wide,S4,3,32,1,SINE,hyb,sample,50000,10,1003,5e-20,100.0,1.018915248610347,3.5000000000000004e-06,100000.0,5e-12,3,0.01,0.437225080505893,0.002857429907513756,0.44625676561474503,0.004266010781897991,0.4239872316291463,0.4744112147743326,0.47774834162935553,0.4739632392352596,0.4773002101015851,0.46999180706012006,0.4733460345753497,0.4521468000510908,0.4563460601594844,0.437225080505893,0.44625676561474503,0.4377104045793777,0.45309222265565907,0.44261496410876944,0.46012207487513923,0.45871190049173327,0.47658817248676133,0.46947770300738456,0.48783011571806234,0.5467563298409273,0.5563035809560286,3321.0781343476933,0.40075299087950744,0.7271293505113603,101.8915248610347,4.3944296492914763e+20,1.92623018770237e+20,0.21972148246457382,0.0963115093851185,0.008952162662069454,0.008046393460647701,0.08439883073136982,0.05617231202336076,0.18010205220187608,0.0,0.0,0.025157925324785817,0.05530295934421149,0.0011272281836702857,22.318396300978677,10617.35594454767,4653.953565342971,40,0.0009262865896457699,11,1.992403268814087,0.30396094876814195
wide,S4,3,33,1,SINE,hyb,sample,50000,10,1003,2e-17,3.1053354162889826,0.6845914572155765,7.91696983707643e-06,30443.681831693284,1.0521285865607273e-10,5,0.01,0.35435069532988606,0.005836665315150846,0.36764743135006045,0.004903890809136562,0.3429777506759209,0.4031684692935352,0.4193693732998307,0.4006991310922109,0.4168018006219717,0.385289496866825,0.400767313189138,0.3596928519790362,0.3739883414868411,0.35435069532988606,0.36764743135006045,0.37313333087624256,0.38617731378712905,0.40233578888070054,0.4230468342964035,0.45432971131795563,0.48598167925183794,0.5524150052310868,0.5890167916454048,0.7393242612955069,0.7761402725346513,0.2578265387713208,0.1450328676809426,0.4905023121233844,2.1258860977804135,6.338574484698262e+18,1.8429831891338314e+18,40.82376706522188,11.869785012378989,0.03655011232638294,0.011247004295077027,0.8033085010736816,0.22939143436716328,0.9759613359113961,0.72075,0.5484,0.08756217438702857,0.22732855091577747,0.0013782826653870746,63.52991050818865,153.1459298612734,44.52820975756532,15,0.000977987796022252,7,1.264096975326538,0.30396094876814195
wide,S4,3,34,1,SINE,hyb,sample,50000,10,1003,1.1120021063218906e-17,6.811196327789287,5.0,3.5000000000000004e-06,24979.78662693721,1.8831930229781578e-10,5,0.01,0.3390149575852828,0.003235670083689956,0.35584747958720875,0.004400358592087476,0.3300989846706469,0.40514151235219825,0.4072148383886824,0.40025158656759735,0.4029470942506418,0.3766809821125322,0.38316192852501624,0.3462088491497041,0.35990632788335464,0.3390149575852828,0.35584747958720875,0.35595092540149637,0.37111942016218463,0.37892209909621394,0.38886840136525097,0.3999185519455962,0.40686098500410817,0.41490187112501103,0.42680794544019085,0.5221909727310701,0.5495909248235847,1.0171075695077125,0.0021683031338315946,0.064282099203194,34.055981638946434,4.2883149894493176e+19,2.833331751663819e+17,70.01142048106443,0.46257231830248435,0.020076557528167557,0.0004135027448906634,0.11665321975896002,0.1878125992707441,0.9634635454858852,0.021,0.0095,0.7791968160564517,0.059456708542040555,0.0009990105716279252,779.9685390583218,1036.0972931416386,6.845596383879709,1,0.001,50,17.821244955062866,0.30396094876814195
wide,S4,3,35,1,SINE,hyb,sample,50000,10,1003,2.31296830516333e-18,0.25404248574101645,0.5,3.5000000000000004e-06,100000.0,8.555288032865315e-11,5,0.0001,0.36833375104231986,0.006903287533507166,0.38049175994193185,0.008652887296138967,0.33238276060365274,0.4107118351642324,0.42572806836925253,0.39158560629369826,0.4058896721944052,0.36833375104231986,0.38049175994193185,0.37375483743737625,0.38143207357523856,0.39688491741484927,0.41278218655105564,0.44674521063413425,0.4784168489364539,0.5174783366586102,0.5552964934582186,0.6677971527708213,0.6977886697119333,0.8829954225992136,0.9069432008778889,0.9570931601876824,0.9818405383662479,0.18238359399616763,0.04772876515258312,0.29486627217562716,0.12702124287050823,1.837522678303298e+20,2.302794270642746e+19,1673.0003654849913,209.66139367484635,0.037371341612981196,0.004702925441362447,0.961392567344977,0.0892122557539347,0.9993897546534318,0.9403,0.90675,0.02074968672916502,0.08888918663637894,0.0005793996275531812,35.812392246076264,4439.627867263789,556.3767858343377,5,0.001,5,2.824794292449951,0.30396094876814195
wide,S4,3,36,1,SINE,hyb,sample,50000,10,1003,3.2663866136049204e-18,10.00852653941934,5.0,5.375826377152962e-06,100000.0,7.497972468939392e-11,1,0.001,0.3341841000837745,0.002844014487477698,0.3446726689264249,0.005203253627647593,0.32172970164423187,0.3393298083418502,0.3487630605835617,0.3392151447815225,0.34866864320451846,0.3382265225394113,0.3478574714838537,0.3341841000837745,0.3446726689264249,0.3345600508255267,0.34645181959483384,0.35625269460687853,0.36552624925259947,0.38833037377805746,0.3939712929978874,0.3986555632483145,0.4036777320994009,0.4374591516324805,0.45731972152208267,0.5744789345624958,0.6041263128355976,5.0880533413679565,0.01284769954233661,0.1556433937798723,50.04263269709669,4.73838279768252e+19,1.6686490100764918e+18,15.464204525538442,0.544580939846833,0.012937464741168216,0.0012137216479637574,0.19418796697952362,0.21825907561686783,0.9337428620237331,0.03155,0.00715,0.6801097692972804,0.10594770296530856,0.0013409476033616093,507.18593895266264,1144.8379148049023,40.316131785966164,1,0.001,50,10.308156251907349,0.30396094876814195
wide,S4,3,37,1,SINE,hyb,sample,50000,10,1003,1.6024088791410623e-18,5.89863063817939,5.0,3.5000000000000004e-06,62180.47819805455,4.6635726518461164e-11,5,0.01,0.31197154439570957,0.006417001894537409,0.3200405624278929,0.008373920757236338,0.294129035458873,0.3660566329949963,0.36824139411269685,0.36438233098856265,0.36672392505966733,0.3529083909446133,0.3562933017935859,0.3265753638197798,0.3323572247392734,0.31197154439570957,0.3200405624278929,0.3280607102111176,0.3385358761311701,0.3629770540164126,0.3697342675178371,0.3946557494867028,0.3987688755162271,0.40735014845368,0.41591763802663806,0.46955709872746815,0.4938193782544224,6.112613793538033,0.00875580512660591,0.12875104426959091,29.49315319089695,1.067608538129542e+20,2.6454571695285545e+18,29.00241608404232,0.7186590105171149,0.01972827322839014,0.0011301148031191495,0.21067448917178874,0.23108199668489593,0.961338759023669,0.0408,0.017,0.718649488567752,0.1099724606281457,0.0013731100982134602,523.3735368363976,2579.4427862981347,63.91673697511326,1,0.001,50,12.004850149154663,0.30396094876814195
wide,S4,3,38,1,SINE,hyb,sample,50000,10,1003,1.1715971312711488e-18,16.240700306203877,0.5,3.5000000000000004e-06,87367.9710016748,5.4304538919841693e-11,1,0.01,0.3417552384262625,0.0022616339451845464,0.35032072002389497,0.0027231193238603456,0.3378404539426412,0.34707375746266533,0.3564602852333184,0.3469647311828911,0.3563454286796339,0.3460180553449922,0.35534495516721015,0.3421774128074116,0.3512077174926912,0.3417552384262625,0.35032072002389497,0.35671264277717174,0.3624872268856061,0.379880441521358,0.38504293966598235,0.3978240801840848,0.4124518717564699,0.44615334374467264,0.4735113725810535,0.5972996575006249,0.6371026544987678,23.018422132404808,0.07519322352337243,0.36517901491852894,8.120350153101938,1.724848559670586e+20,3.173807670394098e+19,12.44298328450334,2.2895711956581524,0.03743569955946552,0.009160719488663718,0.5448276144754384,0.26636877094642103,0.924010914636696,0.16865,0.02885,0.2960380322607674,0.24784362416490135,0.0018280394457507955,161.9429126373044,4167.396583858313,766.8218272999974,8,0.001,5,0.6479630470275879,0.30396094876814195
wide,S4,3,39,1,SINE,hyb,sample,50000,10,1003,3.212238147429021e-18,5.212893976353291,5.0,6.016545916390689e-06,47374.72226386883,7.724371363879285e-11,1,0.001,0.3263389567053053,0.0023248422356638462,0.3333230409525546,0.006057052058854776,0.3153654674657029,0.33155036613377664,0.3378873317422518,0.33138523494579214,0.337734000416107,0.3301041513180282,0.3365497155081627,0.3263389567053053,0.3333230409525546,0.3272592871704588,0.3358071260845644,0.35412187881144785,0.3624175372969945,0.38594486749800827,0.3879034974719048,0.4017423651650824,0.40305588069089826,0.45001230148051635,0.4720408070946595,0.5727484769440718,0.6028789453710173,2.6947610057174725,0.015621044552272765,0.17138556453146725,26.064469881766456,1.6146817971273669e+19,7.140134729508997e+17,9.949833025992579,0.4399823449307225,0.026643663266916945,0.003503834681092023,0.19161316741827822,0.20306829387141198,0.8918134582299643,0.01955,0.0,0.589096589630084,0.1072140891226352,0.0013788376018413848,427.2414596493221,390.12233089332244,17.251238036646352,2,0.001,50,12.44832158088684,0.30396094876814195
wide,S4,3,40,1,SINE,hyb,sample,50000,10,1003,2.8103106772514747e-18,13.670495582628535,0.5,1.618877967647735e-05,100000.0,2e-10,5,0.1,0.4278844862124106,0.004150223603557305,0.4305728961365792,0.00675160201628449,0.4242851468604208,0.5011741461116311,0.4896770493120973,0.49755392491242434,0.4861262117704445,0.47591652487587693,0.46500691841685055,0.44322902157034516,0.43428146835784726,0.42956272593871114,0.4251166975602819,0.4278844862124106,0.4305728961365792,0.4416060821480684,0.4587218070586833,0.4667531669623397,0.49740802641395376,0.48821111776850223,0.521520104657418,0.5319716237786227,0.5688620316872222,8.077538247402419,0.43679431235587685,0.7476746657696487,6.835247791314267,4.742030746853717e+18,2.1231720306487928e+18,0.974842467062586,0.436470864666833,0.10184715806052938,0.07408209902467716,0.27132833261321826,0.15688625107237245,0.4896019113375984,0.0,0.0,0.04281087330210685,0.1560414618874619,0.001781144066267376,24.03560392047496,114.57192936847409,51.29783607877505,44,0.001,5,1.0305819511413574,0.30396094876814195
wide,S4,3,41,1,SINE,hyb,sample,50000,10,1003,2e-17,3.256789369020822,5.0,1.0697832679524986e-05,1981.5343035358321,1.2799002486597353e-10,5,0.1,0.43435514957443777,0.0008812991561897766,0.4392477764038515,0.0017951811735121774,0.43190995164912327,0.5303643795500952,0.5053392674014571,0.5166471675494886,0.4942086471735089,0.4777099018209123,0.46351697334314335,0.4467334126218964,0.4409375281036648,0.4354235589775164,0.43570811964777667,0.43435514957443777,0.4392477764038515,0.4364370139043907,0.44933351255490817,0.4418711354859689,0.4599992338774716,0.4509626549060015,0.47066548790988083,0.5427282258412411,0.5566212042924491,0.2704012990407768,0.029805349846326934,0.23507915567341872,16.283946845104108,1.225929547000285e+17,1.0439502788192858e+16,0.7528454610307636,0.06410916768210634,0.0577104072610964,0.035034562260319466,0.05510901127742615,0.06454139769636102,0.3114772014684985,0.0,0.0,0.1617435718316783,0.03306378430414008,0.0008623517384797252,187.5610201897692,2.9619612560047983,0.25222822034302533,3,0.001,50,16.35533905029297,0.30396094876814195
wide,S4,3,42,1,SINE,hyb,sample,50000,10,1003,3.0065455074433533e-19,100.0,3.8132607089266264,3.5000000000000004e-06,50125.57091091937,6.245003039559878e-11,5,0.01,0.43503967381750763,0.0005757773153971047,0.4434999132586254,0.0013195263923345523,0.4330800754638977,0.5146182199226692,0.5071396783377301,0.4809179582469369,0.4768604205131348,0.4459509646225276,0.4485853806656019,0.4362297807829953,0.44223494021571624,0.43503967381750763,0.4434999132586254,0.4364224567484,0.44973767578156904,0.4397537877175665,0.4548783708424694,0.44699869341544973,0.4616810012812381,0.5964152660241789,0.6071636331493209,0.920334223236314,0.8840698897029812,552.3079770663119,0.008573451307608075,0.1274148419953249,381.32607089266264,8.605360629491442e+19,2.0921830396616082e+18,0.258724083405274,0.006290243518643787,0.0026060349715592494,0.0020834014385852587,0.005931118783396676,0.01848305796782631,0.19018516500905144,0.0,0.0,0.09904348459494267,0.00408414011120795,0.0002217879171428283,446.5684419190431,2079.1361820808443,50.54911286795662,1,0.0009777591561350323,39,11.590235710144043,0.30396094876814195
wide,S4,3,43,1,SINE,hyb,sample,50000,10,1003,2e-17,9.27903598523913,5.0,3.5000000000000004e-06,55059.494402460194,7.622910755767228e-11,5,0.01,0.33186625354876254,0.006258833127428099,0.3395214938253923,0.008010598345195265,0.3053592698282177,0.3773379196795543,0.3819894603228412,0.37688639618220915,0.38152477297001114,0.3728258092321373,0.37735377418350813,0.3527487788090097,0.3571920047899701,0.33186625354876254,0.3395214938253923,0.3471047123517145,0.35629903480317376,0.37547411444530165,0.38171652503811726,0.39195517710922234,0.3941653498023494,0.40511946976398744,0.4139769196571179,0.44946758633246653,0.47427430345606253,0.770410087960077,0.005356658977338842,0.10087551152045485,46.39517992619565,9.453167371359763e+19,1.479257507864568e+18,203.75322148545683,3.1883861862756775,0.005146126031470725,0.0001052680051951055,0.36978492577618505,0.27915610440985383,0.993908915480064,0.10955,0.05965,0.774546199068996,0.17150343132206375,0.0016601994054534254,466.53805351620144,2283.974276418173,35.74025470444139,1,0.001,50,8.109470129013062,0.30396094876814195
wide,S4,3,44,1,SINE,hyb,sample,50000,10,1003,8.579296674267134e-19,0.7854237551948493,0.7321730481872284,3.5000000000000004e-06,100000.0,2.4376045577722907e-11,3,0.001,0.3827472220231706,0.004715269654273571,0.39638126098412313,0.00541015849158754,0.36838647731438506,0.409835014986266,0.418974413464824,0.40608528508504305,0.4155844526181661,0.39120366749061153,0.4023204910212326,0.3827472220231706,0.39638126098412313,0.3977709900416549,0.41591065016366724,0.44592151852677253,0.4775996012181533,0.5160025366208958,0.5568017795177356,0.6141839329068532,0.6523471726036929,0.7912885234143735,0.821005401333235,0.9093793932523667,0.9390974091747231,1.5202025052931802,0.11439521185062576,0.44200384089592015,0.5750661049596723,2.1993390213621498e+20,5.482107145500187e+19,240.23696541846033,59.88184504261386,0.028562382055969913,0.007208391613462179,0.9158857850929921,0.1602905500797579,0.9958403724318304,0.8835,0.81595,0.03707817470058567,0.1596595947303958,0.0008559360878348318,43.31885899843093,5313.810231619031,1324.528722386266,11,0.0009152163102340355,8,1.4966659545898438,0.30396094876814195
wide,S4,3,45,1,SINE,hyb,sample,50000,10,1003,2e-17,5.356435708133564,5.0,4.886765329538855e-06,29448.03541857135,5.992627454285492e-11,5,0.01,0.303179621578591,0.004817030648403681,0.3163143410116917,0.00698454542774142,0.27807903231078374,0.3461279050894783,0.35606116262998927,0.3455899504852924,0.3555467988228228,0.3409269828588734,0.35109485500842086,0.32111883045719647,0.3324793854277549,0.303179621578591,0.3163143410116917,0.31673745367708095,0.3284497067344755,0.35645850626783454,0.36108912358737366,0.388321959423802,0.3890616120050271,0.4042772732833898,0.41426692164152074,0.44559337717350533,0.4701654436859732,0.44472853770803955,0.013283252667912476,0.1582253762966335,26.782178540667818,1.8575877097785864e+19,6.758959436897362e+17,69.35909664547651,2.5236779848338755,0.010596388826534757,0.000530681373226538,0.4113544696096176,0.2796023376852867,0.9844172173890012,0.12595,0.06415,0.688002217249351,0.1874612773529008,0.0017235027712139072,399.18834407488265,448.8106873235824,16.330282626749792,1,0.001,50,8.672239065170288,0.303179621578591
wide,S4,3,46,1,SINE,hyb,sample,50000,10,1003,5.810339752109615e-19,1.4609430165050914,5.0,3.5000000000000004e-06,77919.10503881861,2.9192037646585615e-11,5,0.01,0.2999717553691647,0.004241293417815622,0.3103563441522905,0.005402256548727304,0.28581127894716485,0.35156473307801356,0.34898863258113344,0.34950212377013246,0.34717432649902014,0.33617662469759246,0.33575486626545586,0.3100157387501893,0.31524487689302966,0.2999717553691647,0.3103563441522905,0.32063174527819543,0.3329502844354596,0.3530460950210129,0.36228769235459135,0.3802347377477043,0.383849447807423,0.3988331943866706,0.40869631219255986,0.4419363666720201,0.4635461316695042,4.1752342501842445,0.01398783251367495,0.1623106314863781,7.3047150825254565,1.3378577326444043e+20,5.090328355488979e+18,53.208153082156365,2.0244826020622075,0.04526323897572283,0.0025254112344978642,0.40672680090811764,0.27194187169406225,0.977166145944165,0.1132,0.05095,0.6218726863205336,0.18502493356889996,0.0017468292604462831,356.0008412966797,3232.390295050316,122.98712765504028,1,0.001,50,16.723565101623535,0.2999717553691647
wide,S4,3,47,1,SINE,hyb,sample,50000,10,1003,3.268561361436827e-19,2.3419682785123275,5.0,3.5000000000000004e-06,100000.0,5e-12,5,0.01,0.33643803727582716,0.003863484366084617,0.34656311919377936,0.005647064315374587,0.31539133291218524,0.3768755511552319,0.3906953079144961,0.3762196705182213,0.3900239003546847,0.3705331057627389,0.3841919766754533,0.34755972083653275,0.360243931756932,0.33643803727582716,0.34656311919377936,0.3552228977490665,0.3619581745611336,0.3765952740283473,0.38523927468541735,0.40353312592316604,0.4244158626867446,0.47025855003216055,0.5058710352375269,0.5512816113190663,0.5893492849405357,11.89798627137312,0.08166666666666669,0.37938205356231036,11.709841392561637,2.004874863090561e+20,3.919493202243177e+19,27.98097895747934,5.470229530779236,0.013198643537901084,0.0029467000859581646,0.6842124272000311,0.271092426026047,0.9653948094502548,0.5041,0.18575,0.23543255912881295,0.2594309281635162,0.001633930460392084,144.08970567347015,4843.966508632315,946.9864754157663,8,0.001,50,7.611876726150513,0.2999717553691647
wide,S4,3,48,1,SINE,hyb,sample,50000,10,1003,8.835595980274699e-19,0.8348010774565641,5.0,3.5000000000000004e-06,54280.60459018138,4.6001005559431885e-11,5,0.01,0.2977038897753944,0.004499533655851213,0.3040141105184554,0.005083476928630993,0.2842974478078866,0.34169790060459554,0.34776610591450735,0.3386648331282713,0.3447128338666133,0.32284166710435197,0.3284778136933629,0.3025395035749095,0.3068663852285408,0.2977038897753944,0.3040141105184554,0.3180233251623414,0.32939126117589174,0.346389639016362,0.3545083715538632,0.37913138800557583,0.3811871946264168,0.39657846756840986,0.40440146475714867,0.4584833971731495,0.48065759941127284,1.568903564094776,0.008876617551452855,0.1296284503594871,4.17400538728282,9.3193656411912e+19,2.3394118738700646e+18,98.63685112733157,2.4760507271924,0.0689224788999824,0.0024045122882698925,0.4373227236741639,0.27065673539968493,0.9852436921918097,0.1305,0.06125,0.6087486730569469,0.18503768335050075,0.0017878198091712206,340.4977783186911,2251.646518129335,56.5223943675705,1,0.001,50,20.74454402923584,0.2977038897753944
wide,S4,3,49,1,SINE,hyb,sample,50000,10,1003,5e-20,1.7425223263012493,5.0,3.5000000000000004e-06,55654.91203331483,2e-10,5,0.01,0.4357677900897857,0.0007123700348123653,0.4473985422355378,0.0014563308518882778,0.4342755449871486,0.49906107928634363,0.5020354979412962,0.46423454065858377,0.4700107457748432,0.44482751464656933,0.4536153691657595,0.4378194300456862,0.4474858449815412,0.4357677900897857,0.4473985422355378,0.4357736146398713,0.4487548509065743,0.4373117277975373,0.45088254117198606,0.44063633001043884,0.4544159078981823,0.4838594613841195,0.4964487030072557,0.7643024844707272,0.7417648887036956,57.87052796491756,0.0020416666666666673,0.06238065732073289,8.712611631506245,9.552791209804336e+19,5.942968967669331e+17,2.741081438560816,0.017052777109272756,0.11285171265841051,0.03067993831348621,0.015769980630432327,0.029131995612940616,0.15669937948480978,0.0,0.0,0.07971778820266025,0.010834422098226097,0.00039202739119926464,203.34749558900154,2308.0443341445193,14.35877279485401,1,0.001,50,7.947823762893677,0.2977038897753944
wide,S4,3,50,1,SINE,hyb,sample,50000,10,1003,5e-20,1.0343235246174587,5.0,3.5000000000000004e-06,64429.34119567209,8.294984015242393e-12,5,0.01,0.350365710030393,0.005281878791237508,0.3647770387653133,0.007984505850877094,0.3382197139460223,0.4174041302282401,0.42248750073499364,0.41330442755798835,0.4186922746801146,0.39092207413567664,0.39831323651509654,0.3604758981486856,0.3723663013148322,0.350365710030393,0.3647770387653133,0.35536350724248283,0.3698706784801287,0.36845550880630507,0.3771749920373585,0.39964563251880847,0.40068455876586934,0.431153982102472,0.44597402693783844,0.5191779793270891,0.5563658943144041,34.3506924144848,0.04922653649277722,0.29923725767379655,5.171617623087293,1.1873834893231931e+20,1.5273925070958524e+19,5.739903719981343,0.7383533636928319,0.11123348164950145,0.02868929661523577,0.33515165139186526,0.21764135744787044,0.7967396517863357,0.0,0.0,0.33017673954922533,0.18334732805004322,0.0017861316793443079,184.85576588084132,2868.830349999116,369.0324162428314,5,0.001,50,20.6786470413208,0.2977038897753944
wide,S4,3,51,1,SINE,hyb,sample,50000,10,1003,2e-17,100.0,0.5,3.5000000000000004e-06,100000.0,2e-10,5,0.01,0.31146543524135206,0.00523135316591034,0.3240553150334298,0.007240300125899693,0.2797818555968528,0.3570411532759157,0.37381837052394534,0.3566708414052825,0.3734202118975845,0.35324815767209217,0.36973511231962414,0.3339745012073958,0.3488219994525751,0.31146543524135206,0.3240553150334298,0.33043950005258244,0.34155128590565054,0.36778255197457427,0.37408422339285574,0.38980454874917037,0.39287831473897816,0.4056021045363071,0.41778193657803886,0.44181135297898394,0.46619499963424554,8.302695335869233,0.020416666666666673,0.19546893781687652,50.0,1.737574348284396e+20,9.79912002084652e+18,34.75148696568792,1.959824004169304,0.006757158524232303,0.0005594172913477633,0.41524258801901975,0.2719511284432506,0.9716721398065614,0.1128,0.0481,0.6162244043553408,0.20014031727700898,0.0017497690070995958,352.17471669405654,4198.143287792844,236.75596950663575,2,0.001,5,0.79886794090271,0.2977038897753944
wide,S4,3,52,1,SINE,hyb,sample,50000,10,1003,2e-17,22.019117444365662,3.6517134008818886,3.5000000000000004e-06,100000.0,2e-10,5,0.01,0.321679928422141,0.004770176521094071,0.3352691746947983,0.005791254809653701,0.3020357254875359,0.3766415240950973,0.3862810446304599,0.37579041854242834,0.38543660274235514,0.3686776996374,0.37841038957405715,0.341847254979419,0.3527326628830361,0.321679928422141,0.3352691746947983,0.3464548296374591,0.3590687947816715,0.3764035262153659,0.3841352323941917,0.39740413799516194,0.39950214732643846,0.41405742602178475,0.42467469085474985,0.46531592046595244,0.49011545168460957,1.8281802370529163,0.0027954913797090496,0.07296642586416426,80.40750624718225,1.7155005911381377e+20,1.444432994823184e+18,155.81919624822265,1.3119808261822874,0.005379218418614579,7.930565990147053e-05,0.20605946450445062,0.23521529710918848,0.986015723400336,0.0456,0.0228,0.8398485011162947,0.10548368731511878,0.0013373318368096044,628.0030714888782,4144.811011397633,34.898861668110655,1,0.0009869495678059158,37,5.675806045532227,0.2977038897753944
wide,S4,3,53,1,SINE,hyb,sample,50000,10,1003,2.867755143721486e-18,100.0,2.380883029061942,3.5000000000000004e-06,100000.0,2e-10,5,0.01,0.3566229777385196,0.0039804098230136215,0.373329760526663,0.004387067546252817,0.3532443717845882,0.42006463804236543,0.42491224321460574,0.41227107356868914,0.41786906787571443,0.3825260545561879,0.3924288650387879,0.35883780548065786,0.3754864475484482,0.3566229777385196,0.373329760526663,0.36723251930704953,0.3761235233621861,0.39743782034906955,0.3960593924399366,0.41550535194954186,0.4200577393183341,0.47013454937058496,0.496604470931183,0.5787388724913143,0.6037212527287357,57.903795266808075,0.004287624889054452,0.09029814582498819,238.0883029061942,1.715919561577955e+20,2.1740115587642414e+18,4.920837148927498,0.062345328301561184,0.003953631863768102,0.0007093798114442396,0.0351465189811375,0.09286501404051131,0.7819721652739642,0.0,0.0,0.5344632969946439,0.021426741794795274,0.0005294010096626129,1009.5622925525911,4145.823283443107,52.52616696385722,1,0.0009920345954424759,24,5.395784139633179,0.2977038897753944
wide,S4,3,54,1,SINE,hyb,sample,50000,10,1003,1.9154773983823303e-18,3.278496576836391,2.324892542000383,8.284494955259138e-06,44673.922807256495,1.975849827756801e-11,3,0.01,0.37045386841102174,0.006339874413227487,0.37756039347722903,0.00816446676526221,0.3587164136960602,0.4027052521812601,0.407106879480046,0.40215785015653455,0.4066211824933047,0.39755686855827216,0.40253575058112573,0.3810591258394181,0.3877385371417831,0.37045386841102174,0.37756039347722903,0.3792270880628901,0.3867031236201499,0.40319107417320943,0.4171666188163405,0.42482300872400514,0.4460152498904321,0.5244483652875929,0.5615932457472056,0.6414981465774175,0.6867325171918285,2.8421487259678493,0.24901413928356844,0.6125857626833824,7.622152240460712,1.069738365762403e+19,4.0387984501581527e+18,6.249997868771875,2.3596874258031573,0.0390502220002978,0.018096079778771937,0.5835861610976896,0.25640864172264993,0.8616271030119877,0.19965,0.0,0.10513917133163567,0.25387766113159943,0.001853883575420268,56.71293101984629,258.45886504678487,97.58117470495957,25,0.0009687052258334929,24,3.606778860092163,0.2977038897753944
wide,S4,3,55,1,SINE,hyb,sample,50000,10,1003,1.1394205625619496e-17,43.322121020911034,2.2680640112564667,4.979772536792145e-06,5614.941036013288,1.2088197249290783e-11,3,0.01,0.3916539907602935,0.00308106795771021,0.3909495278678555,0.00737784869102314,0.3648874184783722,0.4247872502333291,0.4196698338772144,0.42459737612586707,0.41950955479436336,0.4227881937880297,0.41798265161191217,0.410635276028868,0.4077174962338422,0.3916539907602935,0.3909495278678555,0.40525623877924843,0.4023905391407861,0.41823670081292563,0.41728557674583805,0.4330667240780916,0.4457292349677074,0.4621572605274881,0.48987623385430296,0.5075856156035996,0.541590351767981,6.313566455769915,0.1507477767113669,0.498728446599662,98.25734357882558,4.766562429593456e+18,1.4359176713833815e+18,1.253659589379868,0.37766251567659065,0.007387408917786143,0.0045159244111083385,0.24112811041774818,0.15304608975471135,0.556121078993871,0.0,0.0,0.17905887191982492,0.1393445411298676,0.0017019725041259232,105.2066772440508,115.16463792988777,34.693123433211596,15,0.0009861147875028116,23,2.5800631046295166,0.2977038897753944
wide,S4,3,56,1,SINE,hyb,sample,50000,10,1003,2e-17,100.0,5.0,4.9999999999999996e-05,17545.066737776586,5e-12,5,0.01,0.44119597650161524,0.002063222865394335,0.45562814174372746,0.005603999197591229,0.4173483212085838,0.5016833572231267,0.5235453514863678,0.5010709365447238,0.5228972687550024,0.4955023555379655,0.5169910002549736,0.4672777487305086,0.4865276159087231,0.44119597650161524,0.45562814174372746,0.45217395627953316,0.465327149836875,0.6685185714519524,0.6872815163398948,0.9200695099947561,0.9442902724668901,0.9667404144248326,0.9903241277088117,0.976495994492609,0.9827373747702067,8.302695335869233,16.666666666666664,0.9999999999984626,500.0,6.435469549211174e+17,4.844338399711195e+17,0.1287093909842235,0.0968867679942239,0.0018233422613504729,0.0017719352881931986,0.08794504508763536,0.018714345927291966,0.11403235413536236,0.0,0.0,0.0005243816783006959,0.018713580827117857,0.0012577598034714576,0.4169171862969269,15.548700588548368,11.704377862521255,1667,0.001,50,5.824915170669556,0.2977038897753944
wide,S4,3,57,1,SINE,hyb,sample,50000,10,1003,4.608641068814544e-19,44.77223098169723,2.6574614532753564,5.55999701961298e-06,16069.034957839443,2.826319735425094e-11,2,0.01,0.4358714293271325,0.00037304006773858963,0.4465784463485118,0.0006379153701266647,0.4340184842810831,0.4655356658026067,0.4686349631605965,0.46338772184811877,0.46686538828369145,0.4521969082834582,0.45779761510188755,0.43873270728703806,0.44745266919691556,0.4358714293271325,0.4465784463485118,0.43634348563099284,0.44748096875092297,0.4369710197501723,0.448056231829211,0.46241927383607895,0.4731695782104012,0.7344562770907058,0.7434912922761843,0.992601055888921,0.9503489208871689,161.31878694724028,0.06859770754502771,0.3499151145080136,118.98047801100105,7.763526868459089e+18,1.3308409747677711e+18,0.07991406275790056,0.013699045676064779,0.00829115917664463,0.007782786088967911,0.01329899004401113,0.01437043761388806,0.07317011815108222,0.0,0.0,0.03262161149156609,0.00918668938710797,0.0004407741524885514,74.00981048318934,187.57412161730642,32.154371471110984,7,0.0009842449826945765,27,8.197062969207764,0.2977038897753944
wide,S4,3,58,1,SINE,hyb,sample,50000,10,1003,9.283361498277791e-18,1.923283023051726,1.6949110571009938,2.4569732902605912e-05,34469.54642324429,1.8250783929271704e-10,3,0.01,0.4134445761755023,0.009193870195319823,0.4101575197212558,0.0091656945910065,0.40052463447188524,0.45513924118067883,0.44421107012492306,0.45303011550979705,0.4422869646808182,0.4403587418505923,0.43085802168313425,0.42078825150121874,0.41486989000366625,0.4134445761755023,0.4101575197212558,0.4146234698784504,0.41440121088466964,0.43687617794941386,0.45205806137778576,0.4888599213038042,0.5243795977850002,0.5148572379629711,0.5548144127561045,0.5539582650055892,0.5961260023436525,0.34402264714156483,0.32525290471090357,0.6767518406868402,3.259793661704996,3.7694087650566035e+17,1.562694399478514e+17,1.8194297865362166,0.7542861267851481,0.1748676445230589,0.10880493789039375,0.37105744089737347,0.2007526179695181,0.6326715747994052,0.0,0.0,0.057661285614925846,0.19961040472133224,0.0019026083133428951,30.30644048517511,9.107246617443636,3.7756168595143316,33,0.000997006504177055,17,3.8211348056793213,0.2977038897753944
wide,S4,3,59,1,SINE,hyb,sample,50000,10,1003,3.9964995556271826e-19,1.7404809654494129,1.2569906404489433,1.0403579219324696e-05,87120.4878267148,1.1807112935407291e-11,1,0.01,0.6209963790421213,0.004206208360020293,0.6681319409668467,0.0060255309329475416,0.6180216869250443,0.6343842541913778,0.6815814859545508,0.6339515869318075,0.6811734219925017,0.630812268661282,0.6781792311780875,0.6239241921854863,0.6712114674522391,0.6209963790421213,0.6681319409668467,0.6249977667053075,0.6734455229534103,0.6379230456367384,0.6867717143337813,0.6517003205535101,0.6967467016804283,0.7262050106303206,0.7634189361301577,0.8320117358756451,0.8695715041230778,7.231670111740188,1.2154540508918739,0.9438081790848758,2.1877682834494525,3.6018091580070617e+19,1.9391090164066783e+19,8.270489011474064,4.452590103667639,0.08382929755620495,0.04930557575621281,0.7520871239495449,0.14701368416132746,0.8920654141043796,0.53825,0.0,0.00717212232004823,0.14698933109107917,0.0017882617502548537,4.010666961380847,870.231018058471,468.5070028551012,122,0.0009669158772684179,13,1.4473681449890137,0.2977038897753944
wide,S4,3,60,1,SINE,hyb,sample,50000,10,1003,2e-17,26.071207242599115,5.0,5.507716847939263e-06,19107.550013534717,2e-10,5,0.01,0.31629161135088174,0.004220113923687407,0.3254610791546472,0.008044533081661935,0.31047286788738565,0.3723499875056687,0.38169938826690825,0.36714609282004945,0.3767852626012781,0.3436413077910355,0.35427773971798626,0.31904730461426406,0.32959639491806964,0.31629161135088174,0.3254610791546472,0.35237251059608754,0.3588991529316814,0.3951682232200995,0.3932533849138059,0.4129110527849046,0.41390277696511835,0.45754498707471747,0.48035543857450624,0.5678587975756819,0.5982553268529511,2.1646129077360783,0.005055824146179002,0.0980166646363535,130.35603621299558,8.418219470965938e+18,1.2515879381557357e+17,6.457867019837093,0.09601304047867032,0.00699927621071335,0.0010286182336650908,0.050939594558025325,0.1153849803064805,0.8412303694185895,0.00335,0.0,0.5861646339882631,0.029973612306672216,0.0006558645199773188,893.7282260801879,203.39211154962499,3.0239543458033293,1,0.001,50,15.520750999450684,0.2977038897753944
wide,S4,3,61,1,SINE,hyb,sample,50000,10,1003,2e-17,16.51050520753102,4.8093375892282655,7.252083636174274e-06,37844.494096071816,3.130035171909484e-11,5,0.01,0.3445508089001011,0.006417351882705711,0.35143174477192335,0.005988605602831176,0.307221184171856,0.39390613546006803,0.3940387605347012,0.39360983691386797,0.3937697017400682,0.39079760432827404,0.39121903569538485,0.37238345627670866,0.374677052252948,0.3445508089001011,0.35143174477192335,0.3559145826268652,0.36251640799482665,0.3823661696258534,0.3850433842357471,0.3944036438453377,0.400356774745383,0.4052722528106624,0.41820811916019685,0.45816253266842655,0.48492635909958015,1.3708169457941248,0.058229073069090045,0.3240207135282239,79.40459331172795,8.02034167948145e+18,1.1955965445181883e+18,9.715440658742644,1.448285839215671,0.005143896879132939,0.0011752880995418266,0.44347013723561984,0.25579138580755195,0.9066442143162674,0.0874,0.0056,0.41487556785814284,0.21994075109268932,0.0018366505462403225,225.88704678056763,193.7790093457874,28.88673864938885,6,0.0009814974671894419,49,6.405619859695435,0.2977038897753944
wide,S4,3,62,1,SINE,hyb,sample,50000,10,1003,2e-17,4.143498241869574,5.0,1.9042578711629987e-05,100000.0,2e-10,5,0.01,0.32610922816236276,0.0047583813310193065,0.33174617380545157,0.007402237989534302,0.29907249729152763,0.37846034496372755,0.377200063810857,0.37766991519094134,0.3764908490443277,0.37100862223130404,0.37051818220117955,0.3457937953868776,0.34809448218282224,0.32610922816236276,0.33174617380545157,0.33752589135767647,0.34427158008580394,0.37421531220736703,0.3802551058211854,0.3926447412736035,0.3948846130426576,0.40717185589932364,0.4146721637227727,0.4773992872074161,0.5063713711716493,0.3440220352695288,0.06043663399810393,0.3297500601295782,20.71749120934787,1.1760949489770954e+18,1.802910542717112e+17,5.676821276730812,0.8702359395251617,0.025808718359988596,0.0072292473662807595,0.3563791202311089,0.23057034973479518,0.8473450154161121,0.02625,0.0,0.3894844467713243,0.19215703346292687,0.0017899781844001878,217.59172830468796,28.41556173253965,4.356001687566332,6,0.001,50,8.752105236053467,0.2977038897753944
wide,S4,3,63,1,SINE,hyb,sample,50000,10,1003,2.7484965524230202e-18,2.4922348081384924,3.045350248522971,3.5000000000000004e-06,57237.56582350512,2.1739100018993603e-11,5,0.01,0.3526354973722364,0.003537552643172865,0.35977170112392665,0.004432080237187563,0.33349164915270507,0.3989083875018146,0.408745131806752,0.39791442548376005,0.40776607359741346,0.3897950660493908,0.39974681370142406,0.363593076181579,0.37336101115122855,0.3526354973722364,0.35977170112392665,0.3637774698689202,0.3668351837365958,0.3743127888994787,0.37985575081067197,0.39384685386187246,0.41171865114793527,0.46644655719800127,0.5012504395275844,0.5510281906768653,0.5913541638754086,1.5057152827192397,0.030839407754060157,0.2390001610877884,7.589727892342157,1.0125762930225042e+20,8.473353432146523e+18,111.66935159357509,9.344618179501136,0.012736770654603114,0.0011694132201720893,0.7090035301570818,0.26643300477515597,0.991074734733505,0.5277,0.2517,0.3298725822132473,0.24263487874283438,0.0015705109528743866,210.04156743352004,2446.4796986257174,204.72419998249256,3,0.0009823710479106359,31,4.3069236278533936,0.2977038897753944
wide,S4,3,64,1,SINE,hyb,sample,50000,10,1003,2e-17,0.1,5.0,1.8324721808756723e-05,39227.558900079835,2e-10,5,0.001,0.3378303924899485,0.004785917567863042,0.3456741403907734,0.007764294978181196,0.31888740904387164,0.3895676431825629,0.3907456214054273,0.3803357874091399,0.3823128697257103,0.3535510304874233,0.3586298232029149,0.3378303924899485,0.3456741403907734,0.34025789644817306,0.34893191257051537,0.35889998966195963,0.36543660208873996,0.3806900665915033,0.38940741481643343,0.4070101478919928,0.4247639373667197,0.5729450109648374,0.6017002377895666,0.8021846394834146,0.8385848036876604,0.008302695335869234,0.05596590489472071,0.3180130265227669,0.5,5.128382423632817e+17,7.404810875543746e+16,102.56764847265634,14.80962175108749,0.12650524038390903,0.019311049632724203,0.8167408678651376,0.22528491769543643,0.9876324247546102,0.75,0.57055,0.09086129071540423,0.22341355109387337,0.0013248695046697923,68.58131340116422,12.390654978456817,1.789072053534447,6,0.001,50,14.624147176742554,0.2977038897753944
wide,S4,3,65,1,SINE,hyb,sample,50000,10,1003,5e-20,0.1,5.0,1.683204648716777e-05,2782.445262378905,2e-10,5,0.0001,0.4538125906876034,0.0047321519414622966,0.4638743167684531,0.008847602804494639,0.449004293143466,0.47066715035241635,0.4829791734163412,0.45708987601881484,0.4675461809048035,0.4538125906876034,0.4638743167684531,0.45388884753178516,0.46360572208591766,0.4560219673680135,0.4654281485722347,0.4616357108902842,0.47067912556603286,0.49925521496369074,0.509657067915353,0.7929399563238378,0.8083539110760289,0.9705840467589264,0.9801839223677629,1.050310729048293,1.0037357750478182,3.321078134347694,0.047219631491029486,0.2933626153466628,0.5,4.5924777325903544e+16,5902947133519758.0,0.02296238866295177,0.0029514735667598786,1.9941144239885031,1.9551060939924398,0.0029390306896980587,0.0019355338561385866,0.006030881954153891,0.0,0.0,0.0005194690335339636,0.001926134426717364,0.00022407968069871644,2.3182335493971418,1.1095858767970646,0.14262076273887248,5,0.001,50,5.045661926269531,0.2977038897753944
wide,S4,3,66,1,SINE,hyb,sample,50000,10,1003,1.8680143535480683e-18,3.9259185514927273,2.9345348008144128,7.336386178366454e-06,25384.832993670283,2e-10,5,0.01,0.40724568096745317,0.007784259644779173,0.40914766943911085,0.00850092120130009,0.3975940999394172,0.4896427257541197,0.47850829951484936,0.47368104659154076,0.46384163122989375,0.4363676216283771,0.43085344499958733,0.4118786822285948,0.41116388664339754,0.40724568096745317,0.40914766943911085,0.4208842550745967,0.42344028472042455,0.43166476068219817,0.4392342448768839,0.4432306956732354,0.4633719785928888,0.45468641734922927,0.48012212357084766,0.4982610179795778,0.5224244441215535,3.4898774288933643,0.015284240322971897,0.16955625579982467,11.520744614518318,4.770834666623406e+18,2.0715824525084582e+17,2.2700388504669022,0.09856918081942226,0.07901181519656522,0.026544010351177566,0.07550316516028678,0.09998388688981158,0.474452821244157,0.0,0.0,0.2508097880000993,0.04846137435110961,0.000930850706479325,269.4414756891738,115.26785920055659,5.00513832786186,2,0.0009781782669381375,30,8.986518621444702,0.2977038897753944
wide,S4,3,67,1,SINE,hyb,sample,50000,10,1003,2e-17,8.506224086598907,5.0,5.030537492763761e-06,35735.653242188506,1.0966312276446006e-10,5,0.01,0.32439523938225195,0.003365030679345488,0.33262948645171997,0.009249613810879258,0.3052630510217425,0.3800888629748746,0.3765447279371844,0.3790319889861401,0.37565986442914945,0.3706393465166326,0.36864204035068027,0.3438676862153754,0.3463765496093911,0.32439523938225195,0.33262948645171997,0.33436907680011674,0.34544932898444775,0.3659352364976737,0.3744199338572495,0.39253105521949533,0.39660487707673686,0.409029444725014,0.41941568989635336,0.45379905686919597,0.47654218007893495,0.7062458704966328,0.007692135340840164,0.12074145057775472,42.531120432994534,2.066243137307943e+19,4.545168848093469e+17,48.58191169835736,1.0686689656469632,0.011365856720694924,0.00047420912709322804,0.2456974041687268,0.2461520326190273,0.9792318087207101,0.0546,0.02575,0.7667774140857316,0.12398164793211282,0.0014609048666669722,524.8647133574963,499.22380394266713,10.981556046996626,1,0.001,50,8.877158880233765,0.2977038897753944
wide,S4,3,68,1,SINE,hyb,sample,50000,10,1003,5.21510749933603e-19,0.1,5.0,4.837839267994971e-06,64208.56320350326,2e-10,5,0.001,0.38063824437062255,0.008037008047833454,0.38799283411783003,0.011193353700974469,0.362300687734249,0.4333589354867186,0.4437752022183311,0.41630583047436326,0.4279634177894698,0.39002867185683715,0.4014242314759703,0.38063824437062255,0.38799283411783003,0.38193030500626113,0.38650806866463333,0.3900282892232686,0.39194008758873994,0.4082720966397123,0.4133721190601049,0.5132347807666278,0.5465255159812819,0.62694160602288,0.6735602269622487,0.6825538035723475,0.7303884027118225,0.3184093649815006,0.0039007814638256865,0.08614500798647189,0.5,4.172585259228954e+19,4.833445691858562e+17,217.6048067702389,2.520693887524501,0.5680698362010269,0.009148929657809713,0.5744442437704299,0.2601622119127741,0.9243720396510418,0.1956,0.0335,0.20648555474984343,0.25060276409454185,0.0018344008938757895,112.56293836271153,1008.1359002606719,11.678060054363826,1,0.001,50,10.990769147872925,0.2977038897753944
wide,S4,3,69,1,SINE,hyb,sample,50000,10,1003,2e-17,0.1,5.0,1.8475864002918203e-05,100000.0,2e-10,1,0.0001,0.36279016248182916,0.007057155263783725,0.3715901845061794,0.005945758623473751,0.35204990661020885,0.36890102284027737,0.37644470181976325,0.36770479188474553,0.3754455753293082,0.36279016248182916,0.3715901845061794,0.36284282258019157,0.37386876334266705,0.38480882951237527,0.40112559351622873,0.40731014644510105,0.4326405844854821,0.44797324321990517,0.48166533493919417,0.5466973325398098,0.5796550974762203,0.7763169971602724,0.8073842749775025,0.8910156605496466,0.922671554171542,0.008302695335869234,0.05689292510905477,0.32049073815280654,0.5,1.2780129008183002e+18,1.8669802832123904e+17,255.60258016366004,37.339605664247806,0.05216537743018641,0.007794153896365376,0.8826408582216762,0.19222198559816103,0.9959113488290514,0.8459,0.7474,0.06729355394344824,0.1908813426794779,0.0010286218600858096,65.42108091872993,30.877995445665103,4.51080021533952,6,0.001,50,14.682729959487915,0.2977038897753944
wide,S4,3,70,1,SINE,hyb,sample,50000,10,1003,2e-17,100.0,5.0,2.8759665469309317e-05,41039.5647291525,2e-10,5,0.01,0.4352236677580602,0.0004957835389663056,0.4452180374106316,0.0007713718640633334,0.4316291338693696,0.5187801584252635,0.530385325680635,0.5098148059686454,0.5222188539438991,0.4706173355354627,0.485071378168907,0.4381915925789456,0.45031148356673245,0.4352236677580602,0.4452180374106316,0.4376617553400397,0.4478173933298376,0.44450946489737897,0.45523781966984656,0.4689660242349311,0.479664050933049,0.7291552131181722,0.7382372373916626,0.9903201796476282,0.9482296851537196,8.302695335869233,0.13785305965109712,0.4798314876664742,500.0,1.7447633787032912e+17,4.914935565781181e+16,0.03489526757406582,0.009829871131562362,0.001980531629311881,0.0019325627072276307,0.009667299389109294,0.008118971451303879,0.033703638578390496,0.0,0.0,0.011861935950825112,0.006742158047473172,0.000388654769134571,30.52049503274701,4.215512662420538,1.187494726530194,14,0.001,50,10.431648969650269,0.2977038897753944
wide,S4,3,71,1,SINE,hyb,sample,50000,10,1003,2e-17,100.0,5.0,3.5000000000000004e-06,28453.471082038155,5.906428137316084e-11,5,0.01,0.32737282301796566,0.0028564046421588342,0.33756195354873963,0.004328174613990977,0.31659592138185955,0.3873932111434431,0.38885981925372387,0.3850657540506055,0.38689096550814667,0.3689457374636964,0.37339997855777635,0.33611857778527837,0.3462681633348784,0.32737282301796566,0.33756195354873963,0.35489860753508984,0.3620244723379206,0.3907912013381606,0.39640155124698745,0.4031506030060922,0.4065095449532211,0.4246448052144712,0.4386616893680656,0.5293479305268577,0.5597553372029543,8.302695335869233,0.006913371733984772,0.11451081308766567,500.0,4.884849384317506e+19,9.732897027118405e+17,9.769698768635013,0.1946579405423681,0.0016741193710159506,0.0001857062154630242,0.08568747372925194,0.1510540177021904,0.9005049219319534,0.0089,0.00045,0.6787724508216709,0.04943373672180895,0.0008844418069710035,767.4585772311016,1180.2256217064637,23.515595960264672,1,0.001,50,7.543527841567993,0.2977038897753944
wide,S4,3,72,1,SINE,hyb,sample,50000,10,1003,5e-20,100.0,0.5000000000000002,4.9999999999999996e-05,61321.92008201833,5e-12,1,0.01,0.9994748103049627,0.0003037690085254605,1.0187717216682997,0.00042466505825343123,0.9988446388212868,1.0291518115850675,1.047605209882112,1.0240390946799214,1.0422604844507362,1.0085646802751578,1.0262541763568407,1.0001743027503238,1.0186901857346542,0.9994748103049627,1.0187717216682997,0.9995289306715854,1.0190002310027686,0.9995659762307861,1.019032489485032,0.999612932657827,1.0181733067310197,1.0009828418740576,1.0107182809300252,1.0551366721376265,1.0083643267700118,3321.0781343476933,166.66666666666657,1.0,50.00000000000002,1.4525057186041207e+19,1.380464751641289e+19,0.007262528593020603,0.006902323758206445,0.019862899834564997,0.019855796708666097,0.006854966423736521,0.00017894796140880784,0.007210164529848326,0.0,0.0,3.6193628269268273e-06,0.00017894410551588683,0.0003689661165442659,0.009809472102277993,350.93906278366364,333.5332866107055,16667,0.0010000000000000005,5,1.364987850189209,0.2977038897753944
wide,S4,3,73,1,SINE,hyb,sample,50000,10,1003,2e-17,100.0,5.0,4.9999999999999996e-05,100000.0,2e-10,5,0.01,0.435410225166629,0.0008272770141596682,0.4447124009902099,0.0010779397260009523,0.42997832668513,0.5131476691650223,0.5072775736808011,0.5076534064617504,0.5025626678647634,0.47695140991707,0.47667895372929764,0.4403111802287694,0.44750324150189574,0.435410225166629,0.4447124009902099,0.44015215126956375,0.4503858203050629,0.4646464670738209,0.4764061731880176,0.4841897024991287,0.49621217911429866,0.6649451758828866,0.674892171780223,0.9567505807365378,0.9176950500408629,8.302695335869233,0.41666666666666663,0.7364475227170272,500.0,1.552836053431233e+17,6.8746561517402744e+16,0.03105672106862466,0.01374931230348055,0.001972874334637547,0.001939757492611199,0.013474773653218015,0.009320816620851831,0.030120795679932616,0.0,0.0,0.004229345637443044,0.009165704084520526,0.00047032827167993316,8.992327044973367,3.7517981669052958,1.6609816787297813,42,0.001,50,10.075220108032227,0.2977038897753944
wide,S4,3,74,1,SINE,hyb,sample,50000,10,1003,2.2423745877292608e-18,2.3202155001221536,5.0,2.027912008594644e-05,78398.14988909566,7.358632352211832e-11,5,0.01,0.4015958828735478,0.00906927051581917,0.4089239543802766,0.012238415801835802,0.37546368722629075,0.47244888591432455,0.47983359398769354,0.46988467393926997,0.4771820655112444,0.45246407815827955,0.45941997029936443,0.4171857347719875,0.4249136611685513,0.4015958828735478,0.4089239543802766,0.405278448032701,0.4084576483055121,0.42219527669115403,0.4252127351443848,0.43721350392161246,0.4533411132656452,0.4659595652459572,0.4948333618330961,0.5006188907660571,0.5347113383366032,1.7181823693947071,0.18628584397055176,0.5452790731272614,11.601077500610767,1.0891214247078564e+18,3.6160182976995046e+17,1.052582488819598,0.34947044958101947,0.0638760854210818,0.04199533523265817,0.23004493937630052,0.14756223372484473,0.5024360901235514,0.0,0.0,0.12322386695101199,0.1402765501793893,0.0016569946133192662,74.36588264108586,26.314199465727274,8.736640800442236,19,0.001,50,12.924657821655273,0.2977038897753944
wide,S4,3,75,1,SINE,hyb,sample,50000,10,1003,5.0785648711395405e-18,8.0339820865747,0.5,4.084419827720786e-06,81091.20300647471,2e-10,5,0.01,0.3022999009242121,0.0031510405068148396,0.31497693429999235,0.0056618713764815375,0.2920096870661675,0.3414079646655191,0.35236897510362575,0.3395104864149453,0.3506335345073254,0.3270376441440389,0.3393811801848235,0.3046411690296967,0.3192582907330261,0.3022999009242121,0.31497693429999235,0.327225712293245,0.3364563608497747,0.36231167882978965,0.36868895749771957,0.3781028916291488,0.38547357316262887,0.40604695337315705,0.4261898346175597,0.47050174181273663,0.5000663771650734,2.6268722480133877,0.027804142215131163,0.22727482468305,4.01699104328735,8.990015423076827e+19,6.862054853843642e+18,56.829074332808624,4.337748124034092,0.04663812263107634,0.0043047991767916835,0.6049964426902101,0.2708603640699225,0.9811708008275325,0.27175,0.1198,0.3873146690821046,0.23955790382252964,0.001757402530890382,220.3904127108961,2172.0724032792205,165.7937086466178,3,0.001,5,0.7959961891174316,0.2977038897753944
wide,S4,3,76,1,SINE,hyb,sample,50000,10,1003,1.8685718058312536e-18,1.739965674001074,5.0,3.930787438440382e-06,83679.98948831359,9.214817737806715e-11,5,0.01,0.32296801263766245,0.00549614791148615,0.32815811392399724,0.007711388942188479,0.3082254159597241,0.3762710302388624,0.3808727934570245,0.3734117209122101,0.3781113386305607,0.3569262266139984,0.36225594931684413,0.3307157202494828,0.33687364164805533,0.32296801263766245,0.32815811392399724,0.33545979595071695,0.3427836925479552,0.36036163429467966,0.36770978359572026,0.3845393909191203,0.3872637649358233,0.40301883184854825,0.41204787105108726,0.4507728976951874,0.4718791841465073,1.5462509753190514,0.0055892188450664985,0.10303005193012782,8.69982837000537,1.014266511223344e+20,1.6509902224984138e+18,108.923402041183,1.773019909277647,0.04145112551639847,0.001045680848522823,0.32435059866732757,0.26691893455217036,0.9886014867293129,0.08385,0.0415,0.7207078001282513,0.1478327615622175,0.0016203299989608845,444.79075286542883,2450.563425000803,39.88947884524645,1,0.001,50,16.128587007522583,0.2977038897753944
wide,S4,3,77,1,SINE,hyb,sample,50000,10,1003,2.7545573101675707e-18,5.17482161863259,0.5,3.5000000000000004e-06,71949.37346805145,2e-10,5,0.01,0.3028166254357808,0.0035257101533061686,0.31115442623925926,0.005051716836018311,0.29257467368258866,0.3483233068825049,0.3521598396345088,0.3451433758942717,0.34921809328744424,0.3280452840029481,0.33343755381519957,0.3060977564140127,0.3128425371961806,0.3028166254357808,0.31115442623925926,0.3250096467282753,0.33597942195932073,0.35268445664132514,0.35836833288770176,0.3783748914604676,0.38137994904442907,0.394773696019379,0.4065239756622489,0.48258496833194736,0.5092269932457356,3.1195551574392444,0.020416666666666673,0.19546893781687652,2.587410809316295,1.2501738585956984e+20,7.05315142897334e+18,66.54674875701602,3.754392182030644,0.08129046517131203,0.005721766912489274,0.5784421252371323,0.26625568665527394,0.9797283343223158,0.2309,0.10115,0.40659341863911047,0.23047411033534287,0.0017986466667520276,226.05519258172674,3020.537796393955,170.4107818958462,2,0.001,5,0.8655431270599365,0.2977038897753944
wide,S4,3,78,1,SINE,hyb,sample,50000,10,1003,2e-17,100.0,5.0,5.2749300425731605e-06,100000.0,5.3260611212024966e-11,5,0.01,0.3264744455383443,0.0033056222625512635,0.3402217753969803,0.006978825498922584,0.30231487877635377,0.3798391893724232,0.38465452333140404,0.37928775500123446,0.38416735262574364,0.3742846204583348,0.3797612831476792,0.34892632272162366,0.3578675907326642,0.3264744455383443,0.3402217753969803,0.33766920488340296,0.3495287405428743,0.3744648933383111,0.3807159036805659,0.3973333417107149,0.4007515643458783,0.40911129884979236,0.41614533637617007,0.47268846839063805,0.4982973531210678,8.302695335869233,0.017414299436202423,0.18079456641987593,500.0,5.0646153814462734e+19,2.471281391808536e+18,10.129230762892547,0.4942562783617072,0.0013384584886554983,0.00017970693955493013,0.20120058826200093,0.21007748020462452,0.9092488372173064,0.026,0.00205,0.6385717727435652,0.11297359481832518,0.0013993842005968148,456.32341173440767,1223.6587798308722,59.70848612902219,2,0.001,50,6.1518659591674805,0.2977038897753944
wide,S4,3,79,1,SINE,hyb,sample,50000,10,1003,2e-17,100.0,5.0,2.525665950358988e-05,57770.71216594811,5e-12,5,0.1,0.47193591366968424,0.0013197340277160572,0.5063243974396869,0.0017027990994251604,0.4654465301345082,0.5478939345660272,0.5880572058293928,0.5476308854330842,0.5877930892514702,0.5450897848233,0.585239487155745,0.5262335773007116,0.5661410510353581,0.4834061840749155,0.5206958262061018,0.47193591366968424,0.5063243974396869,0.4721594610174578,0.5054372970194321,0.49688134576906184,0.5263212718271575,0.6571155809976116,0.6861979706147421,0.783260331930064,0.8193671173026088,8.302695335869233,4.2526589952018465,0.9996455059071019,500.0,5.077066753815897e+18,3.145109714269619e+18,1.0154133507631795,0.6290219428539239,0.0012277305464014501,0.0009923522632430003,0.3681320593380463,0.10820820996171192,0.5038238665741135,0.0,0.0,0.0030592125479863962,0.1082036358022538,0.002095755977082585,1.4597179163220135,122.66671486749999,75.9888130793928,425,0.001,50,5.383370876312256,0.2977038897753944
wide,S4,3,80,1,SINE,hyb,sample,50000,10,1003,5e-20,100.0,5.0,1.3401266797600818e-05,90094.70850545734,2e-10,1,1e-05,0.4413829893459183,0.001795439870498663,0.4481127637660246,0.0031581627153004213,0.4347874371099737,0.44583933102933326,0.45185331081905045,0.4413829893459183,0.4481127637660246,0.4417175271407176,0.44875941236497263,0.48365071174540686,0.4915781707915722,0.7967113910712103,0.8117275730024129,0.9722597810479442,0.9911237812220793,0.9967048509864668,1.0160081106733463,0.9992860647921459,1.0177163645334284,1.0009513698130166,1.010534650900098,1.0554731836966396,1.00847957566826,3321.0781343476933,0.02993232529674635,0.23556458247180379,500.0,2.835856553183542e+18,2.310085369679769e+17,0.001417928276591771,0.00011550426848398844,0.0019997690181424227,0.0019971681587945362,0.00011540917713885708,0.00019828700762775063,0.0014036094185883267,0.0,0.0,0.0006790359142274179,8.140513010083387e-05,3.785519058498494e-05,17.937722772864706,68.51696542162719,5.581383840366323,3,0.001,50,6.499354124069214,0.2977038897753944
wide,S4,3,81,1,SINE,hyb,sample,50000,10,1003,8.160844548032908e-18,19.791088187932612,0.5,3.5000000000000004e-06,88508.53094370663,1.2088344538642667e-10,5,0.01,0.31615609224915014,0.002501738128635878,0.3301493606947651,0.00347853569762348,0.29679740654275133,0.3483438641003578,0.3630701116942298,0.34760129050770916,0.3623495963880011,0.34141709360216976,0.35634285333480087,0.32051980149557135,0.33582972809368344,0.31615609224915014,0.3301493606947651,0.3431970544112918,0.3524527315592155,0.3692341958607464,0.3745548101421535,0.38627038532680646,0.39848279384832813,0.43673816554308215,0.46592425842607865,0.5060968388626126,0.5429285207894544,4.027018885669924,0.033779094567334605,0.24976929487804728,9.895544093966306,1.5721143852733347e+20,1.4236103922979586e+19,64.82605194879991,5.870249780197353,0.014709157382198062,0.0015351913456777937,0.6461201688461501,0.2765575761126023,0.9846907993143081,0.36,0.16735,0.3775585890210311,0.24786409710604013,0.0016757497517158055,225.30726239669596,3798.3764324642184,343.9576797826674,3,0.001,5,0.7348029613494873,0.2977038897753944
wide,S4,3,82,1,SINE,hyb,sample,50000,10,1003,7.864365053375085e-20,0.1,0.5,3.5000000000000004e-06,67342.07150777361,2e-10,5,0.0001,0.47967093513701203,0.013363681561775304,0.5089546188594698,0.013294443163261713,0.46438138287812175,0.5368949805330062,0.5570793621760267,0.4986466663309968,0.5266865997636715,0.47967093513701203,0.5089546188594698,0.48200952525127755,0.5120508273799134,0.5116437375564665,0.549487297993191,0.5684072439335541,0.6123965484791419,0.6284103059677312,0.6770950093128985,0.661951309609539,0.7116925159884419,0.6843569150946258,0.7295022567436208,0.7574432947427931,0.8019444310119066,2.1114725167306503,0.020416666666666673,0.19546893781687652,0.05,1.1701185618262858e+20,6.602127404187685e+18,92.02239525932156,5.19215400354236,3.2298938283121763,0.21500198897529296,0.7243654495469449,0.22252673027062211,0.9202587605442591,0.5678,0.20965,0.021718693208050466,0.2224375133374516,0.0016984298403350598,12.78751273221029,2827.1166589809814,159.51361663695107,2,0.001,5,1.502450942993164,0.2977038897753944
wide,S4,3,83,1,SINE,hyb,sample,50000,10,1003,2.2280902363714796e-19,0.1,5.0,3.5000000000000004e-06,39602.369088061896,5e-12,5,0.001,0.3471682848366995,0.0058511189749421,0.3556650813667574,0.009600090257278895,0.3268387016542234,0.39681433498813146,0.4010919533824141,0.388304111362726,0.39279569476149584,0.36195425673860704,0.36779891441710555,0.3471682848366995,0.3556650813667574,0.3596991128571184,0.3710516871513146,0.3832269640313287,0.39944277232406555,0.4099470296647829,0.43454670116351946,0.47541957978488664,0.5088835259738754,0.6525980644693211,0.682938140860397,0.857485090319555,0.889227089096979,0.7452746033652976,0.08166666666666669,0.37938205356231036,0.5,7.939782788344978e+19,1.5545770804556257e+19,176.90552509621767,34.6373801465006,0.05612084815938383,0.01124192179483087,0.8865567485219613,0.18067015525641866,0.9941790641789455,0.84465,0.74895,0.05526958334975362,0.1796963100549175,0.0010359818546239064,53.34995309335625,1918.3263065741332,375.60046521837745,8,0.001,50,14.945218086242676,0.2977038897753944
wide,S4,3,84,1,SINE,hyb,sample,50000,10,1003,2e-17,49.994744760527524,1.402329537561712,4.3447702256735e-06,6124.87199990704,2e-10,1,0.001,0.38431060445447807,0.0041438200876166,0.3886371985570783,0.0054177202022561224,0.37524776682995176,0.39222625173082815,0.39475924897795406,0.39161299164815344,0.39430713638986253,0.3883195476963742,0.3919246410734728,0.38431060445447807,0.3886371985570783,0.39126827165999045,0.3927267310903809,0.41598891678544314,0.4143075413213227,0.4276786887521813,0.43430422473397867,0.45290036598172695,0.47738700408003076,0.4893194001744122,0.5150889723843206,0.6896875337572179,0.6846538506274717,4.150911341412047,0.011217660690226219,0.14555308462008892,70.10910730054638,5.497089015686955e+18,1.7367646100434806e+17,2.1990667387213407,0.06947788686040908,0.013336864948427094,0.004458638505330947,0.049258739705133746,0.09565937373211895,0.6380203263060051,0.0,0.0,0.3841607824585309,0.030061905449145457,0.0006935327381245793,553.9187428950529,132.81484833378056,4.19618688393345,1,0.0009348863583744746,15,3.4249579906463623,0.2977038897753944
wide,S4,3,85,1,SINE,hyb,sample,50000,10,1003,5.512791627972075e-19,100.0,5.0,2.9334339394869495e-05,100000.0,2e-10,3,0.0001,0.43777499310906653,0.001271477966179776,0.4477050654801934,0.0036333277190244233,0.42638174553855973,0.47129880867801005,0.48127940070820197,0.4506692408373928,0.46158995758979576,0.43777499310906653,0.4477050654801934,0.44003121503163883,0.44913211965854244,0.44509784123729357,0.4540364491000333,0.57801407062521,0.5890826135278846,0.9018110332137107,0.9192074659386247,0.9883714219297459,1.0065977899918006,0.9997673121271167,1.0093449153184655,1.0552856445685035,1.0083055422526352,301.2156415904095,0.14341724462223207,0.488134547871727,500.0,4.0635275221964954e+17,1.1687997361637675e+17,0.002240138050439895,0.0006443349400299588,0.0019987121599203007,0.001995529737903338,0.0006436376646746358,0.0005409524232136926,0.0022346334788169923,0.0,0.0,0.0007714989560543188,0.00045254673301535904,0.00010075558083134033,7.657133725880341,9.817865237774875,2.8239302519599887,14,0.001,50,11.494776725769043,0.2977038897753944
wide,S4,3,86,1,SINE,hyb,sample,50000,10,1003,2e-17,11.593507823027688,1.046768553237443,6.377143831324188e-06,100000.0,2e-10,5,0.01,0.31773729077000856,0.0038772473440903655,0.33127331071486377,0.0063890425901735335,0.2950010428797266,0.3542646388349858,0.3643899792137826,0.35358219980978045,0.36375201368517407,0.34776809634408706,0.3583493798100306,0.3258615603652063,0.3385722025029707,0.31773729077000856,0.33127331071486377,0.3419118779926335,0.35123802643091667,0.36866866092977213,0.3729551882623293,0.38446918587159984,0.3927147293867081,0.4217802995124864,0.4462466693816142,0.48110718494559385,0.5148488875318106,0.9625736332861545,0.03237580020245671,0.2446955155022243,12.135719410857668,2.9305666047812063e+19,2.5572762059564037e+18,50.55530473633438,4.411565929816334,0.015226900838805674,0.0015983103623844728,0.5980633368875804,0.27918940585320584,0.9802543567859731,0.27305,0.12415,0.42145671275189717,0.24460597263347697,0.00173382559778625,243.0790693654618,708.0524947573876,61.786201837453994,3,0.0009516077756704026,11,1.4198112487792969,0.2977038897753944
wide,S4,3,87,1,SINE,hyb,sample,50000,10,1003,2e-17,100.0,0.5,7.535019033411854e-06,9764.152156846812,2.175661530909471e-11,5,0.01,0.45832895360330356,0.008734286945656299,0.4687063060801557,0.010070521801646762,0.41329292000970136,0.5168873519642253,0.5285333286071848,0.5165178849495903,0.5281413250856511,0.5130395140993427,0.5244507265133266,0.4913504777876983,0.5014867285900209,0.45832895360330356,0.4687063060801557,0.4593105728139677,0.47806396663588674,0.48310081643679464,0.516102306267706,0.5075718115939992,0.5470964323189645,0.5368054304176211,0.5751122609473068,0.6230471377092426,0.6654388308477898,8.302695335869233,0.8698735384963605,0.8937828295133076,50.0,8.033457886896769e+18,4.1298451969650493e+18,1.6066915773793538,0.8259690393930099,0.010953088233439278,0.007672560947968791,0.4036479224618494,0.177722025175282,0.6163625445463993,0.0,0.0,0.018536344300409183,0.17758382483284882,0.0020241797664317545,9.15745953388579,194.09590927111307,99.78094986485499,87,0.001,5,0.6937510967254639,0.2977038897753944
wide,S4,3,88,1,SINE,hyb,sample,50000,10,1003,2e-17,0.1,5.0,4.9999999999999996e-05,100000.0,9.768373965015413e-12,5,0.001,0.6126213098990347,0.0024272730150408043,0.6473780229335366,0.005675628424612869,0.5939768980686753,0.692911968134324,0.729231370552879,0.6759221562209896,0.7133596269501559,0.6245146177386245,0.6648791615446619,0.6126213098990347,0.6473780229335366,0.7978690013819086,0.8167065239881269,0.9674020202861511,0.9864860599842897,0.9954356486158631,1.014997196086761,0.9984148377916297,1.0180302884095058,0.9987152454270168,1.0183175733457221,0.9987520388834209,1.0181672470888732,0.008302695335869234,8.530931927031505,0.9999995783894416,0.5,2.073380580686876e+18,1.406638096366148e+18,414.6761161373752,281.32761927322963,0.007083968635971281,0.004811438334693802,0.9959816719062968,0.0014736098372735195,0.9975942779933201,1.0,1.0,4.264007854481755e-05,0.0014735370658171183,0.0002782981249106084,0.15321726856231566,50.09482774906827,33.98570132232816,853,0.001,50,15.517696857452393,0.2977038897753944
wide,S4,3,89,1,SINE,hyb,sample,50000,10,1003,5e-20,0.1,5.0,5.483499134413726e-06,100000.0,5e-12,5,0.01,0.37984387275063464,0.0038087131596985595,0.39805594844804393,0.006242688452175726,0.3761783954758802,0.44380087118013556,0.44511282250638706,0.43396187539752396,0.43695759919540367,0.40297898600174537,0.41272827242934207,0.38268568359826893,0.3984046789183816,0.37984387275063464,0.39805594844804393,0.3964810378634389,0.4186566816193692,0.4357222632401972,0.4609152028354969,0.5421294173515514,0.5736425455957335,0.7443935023476054,0.782676014877398,0.8337846461244792,0.873211664734203,3.321078134347694,0.20045841838077388,0.5619462154787889,0.5,7.291360345568009e+19,2.5053722450248585e+19,36.45680172784004,12.526861225124291,0.14785396011051505,0.05339484173080067,0.812726958385875,0.22768167793886485,0.9715801501181187,0.7392,0.583,0.03651264756102201,0.22735425375955917,0.0013417191744368201,27.21333067059134,1761.661336900397,605.3215325294436,20,0.001,50,14.323524951934814,0.2977038897753944
wide,S4,3,90,1,SINE,hyb,sample,50000,10,1003,6.05805047315446e-18,11.663222917834048,5.0,5.277211093376066e-06,57102.97874501288,4.705498835186975e-11,3,0.01,0.30957328956947966,0.003021011143362425,0.3229295444942041,0.0058249728425887855,0.2922120768247852,0.3353655908348706,0.34357491930664963,0.3351436218844315,0.3433928147976409,0.3331041368611213,0.34171978263794445,0.321881316671704,0.33252268522750333,0.30957328956947966,0.3229295444942041,0.3293708133924826,0.3422482388368241,0.3680922366567348,0.3742421582701657,0.3948424713340308,0.39910489018930934,0.4051961538436915,0.41481713565636885,0.47548899119965915,0.5020927327542728,3.19694221598919,0.019727952267108804,0.19220943106575444,58.31611458917024,2.8937952111837094e+19,1.582785824553249e+18,15.030800295789236,0.8221223653948354,0.009410958981128299,0.0010696857625898727,0.2765433230692644,0.23700182734144304,0.9372963464380244,0.0453,0.0131,0.6357295457383996,0.14747245042668555,0.0015891100147639838,400.05382876705283,699.168179714032,38.241596349086464,2,0.001,50,7.346135139465332,0.2977038897753944
wide,S4,3,91,1,SINE,hyb,sample,50000,10,1003,2.835473286902001e-18,1.8550167863112947,0.5,5.220284769912957e-06,100000.0,2e-10,5,0.001,0.32191466879214153,0.006977658114660111,0.3368520957546595,0.009539811357549263,0.2986481354439012,0.3678104799858247,0.38540066305185167,0.3620328671278861,0.37957138397561935,0.33927050355307015,0.3562963797624622,0.32191466879214153,0.3368520957546595,0.3244907409423788,0.3375335948950173,0.34483047112520676,0.35253114889200526,0.367573908192634,0.37219820038175894,0.38756658266360977,0.3995555329021609,0.44908861115341764,0.47362574583387884,0.6873685871071398,0.7225457709814935,1.0863540341438758,0.04541895513164195,0.2879690788805818,0.9275083931556474,5.5130036557944955e+19,6.629287655057963e+18,84.26864226755912,10.133152538465312,0.09684205400851217,0.01264424213571948,0.7653071468300812,0.2480908064906357,0.9855776829947496,0.66095,0.35975,0.15174237454501446,0.24314100670056607,0.001467157140627471,103.42612276699793,1331.9936102879747,160.16983388025008,5,0.001,5,0.8380579948425293,0.2977038897753944
wide,S4,3,92,1,SINE,hyb,sample,50000,10,1003,1.6841279950675374e-18,3.0469475082986395,2.5437639702440085,3.5000000000000004e-06,100000.0,1.034058109626252e-10,5,0.01,0.3155638067120629,0.005200947088776551,0.32683289828358336,0.008716917649377038,0.30059617006519934,0.3588469647296316,0.3706001150604542,0.356412709742813,0.36838400877117816,0.3418219182693093,0.35480749693008656,0.3176540996457128,0.33076124947717683,0.3155638067120629,0.32683289828358336,0.3374730650772496,0.34794730736568236,0.36261759117827125,0.37149632896019674,0.38399312107128303,0.3882153705345369,0.4028074602009185,0.4134548073442346,0.4453447955143714,0.4670690982275253,3.0042700958456536,0.0077618113255882495,0.12128284845652343,7.750715290834836,1.7168794047207273e+20,3.801537171592787e+18,94.89643854283516,2.10120954087069,0.04160323523922763,0.0013454133648284493,0.3725097072019612,0.2728045546236051,0.9844676565585747,0.1037,0.0508,0.6839755230428524,0.1673763685769741,0.0016942844617277666,403.69580108487816,4148.1423548837865,91.84871873813547,1,0.000978370757786157,26,5.2520530223846436,0.2977038897753944
wide,S4,3,93,1,SINE,hyb,sample,50000,10,1003,2e-17,0.1,0.5,1.5773628408290657e-05,10303.69415653621,2e-10,5,0.001,0.6148029376745731,0.016614003111532653,0.6512491560504534,0.028333228627725953,0.6085514543951914,0.6969307277272294,0.7177965423991477,0.6524088577809647,0.6798935715047361,0.6231273294646822,0.657476528663123,0.6148029376745731,0.6512491560504534,0.6383186323797159,0.6798783197283752,0.7194490424573116,0.7636744778158239,0.779687636996601,0.8207605244809031,0.8351315205069059,0.8660129138312685,0.9250398207952166,0.9520099976180163,0.9507075561791248,0.9778672443869812,0.008302695335869234,0.4146789219380568,0.7353055134421203,0.05,5.0734219347552224e+17,2.2614185491546112e+17,101.46843869510445,45.228370983092226,0.43263475598815476,0.19518205073378875,0.9416784455280419,0.07454277288632934,0.9895940316574193,0.90645,0.8162,0.003960930183033795,0.07452246619439507,0.0008724150418610209,4.540190153741969,12.257865260593462,5.463800218043838,41,0.001,5,1.673996925354004,0.2977038897753944
wide,S4,3,94,1,SINE,hyb,sample,50000,10,1003,8.775309901512104e-18,5.726988429042907,2.5510245900194684,6.213778528381158e-06,72234.76549697983,4.7656789994043073e-11,5,0.01,0.33180332141775126,0.007706343933128681,0.3409299787082571,0.006069979224754123,0.30767375074829734,0.37623023507777326,0.3788915666971079,0.3755799857469298,0.37830075187461965,0.3698625207815366,0.3731249170693687,0.34532324165045564,0.3514275823465518,0.33180332141775126,0.3409299787082571,0.35247021014096536,0.35841685858401695,0.3730738856276484,0.3780048776763635,0.39030530344373304,0.40473236290026726,0.4455114412378601,0.47673291337339363,0.5141692146927254,0.5511807786014088,1.083709650190205,0.05293231136478501,0.3097334260684754,14.609688309245422,2.396273935157114e+19,3.271013953269878e+18,36.7174591854969,5.012086454819403,0.011385020901031372,0.001814749228210102,0.6499789340889053,0.27522343005306454,0.9733164146327027,0.3792,0.15415,0.32326826380483664,0.25452828736703015,0.001682488655665049,192.13696491585327,578.9623532670981,79.03077808299383,5,0.0009811633038536416,26,3.2964131832122803,0.2977038897753944
wide,S4,3,95,1,SINE,hyb,sample,50000,10,1003,2e-17,0.1,0.5,6.453152644542547e-06,43866.65453010832,2e-10,5,0.0001,0.4053197641579576,0.006005062112829527,0.4253362521153612,0.010010082541602322,0.3784564091499162,0.44589837170531615,0.4748892800094267,0.4205361929192747,0.4445008516994469,0.4053197641579576,0.4253362521153612,0.4192527276704947,0.44314413900198585,0.4508870484762785,0.4841669298993402,0.5075260662969006,0.5459483701338884,0.6563815491715982,0.6870715616781871,0.8779579705807283,0.8994516990589666,0.9706609342869266,0.9924739019360695,0.9837168631648121,1.005574421052187,0.008302695335869234,0.06940529842294411,0.35183062487544636,0.05,1.3578442179363574e+19,2.339712089894507e+18,2715.6884358727148,467.9424179789014,0.04264915954116105,0.0073619041977388755,0.9835817289354832,0.0381818452495751,0.9996243691244319,0.9952,0.94635,0.007329386912820183,0.038076579706038234,0.00039084643174327636,18.75260029912316,328.06795260451383,56.52964786949486,7,0.001,5,1.6651611328125,0.2977038897753944
wide,S4,3,96,1,SINE,hyb,sample,50000,10,1003,7.933998374283406e-18,18.158742578373946,1.8535718769217364,4.610120747395609e-06,100000.0,2e-10,5,0.01,0.2996827902382905,0.0038917195949859243,0.3052171267608651,0.00576173341798696,0.2797945928980871,0.3561761997112996,0.3620231908789722,0.3549411509532313,0.36085327897131436,0.3454405539197294,0.35180909737605837,0.31781873689045914,0.32439924916945,0.2996827902382905,0.3052171267608651,0.3133020429740838,0.3212319819088964,0.3600637300458068,0.3655571151554865,0.3946687940708226,0.3975839740028963,0.40778871653611953,0.4166250595028533,0.4584159442872811,0.4813682902764695,3.8005177263307055,0.009555071108106099,0.1344456498534069,33.65853456353525,7.51293364243804e+19,2.0171845474555953e+18,32.82584300533665,0.8813572223443809,0.015791868954673757,0.0008783268670496744,0.23691471358958507,0.24129297366229424,0.9680235416446009,0.0497,0.02195,0.7276579052958241,0.12252416837337624,0.0014423089853180511,504.5090287192272,1815.195532425756,48.73707865508895,1,0.0009755641457482823,19,2.8947510719299316,0.2977038897753944
wide,S4,3,97,1,SINE,hyb,sample,50000,10,1003,3.1485206437970847e-18,4.314588580294318,2.297551899404763,4.099897446444959e-06,69995.7896468772,2e-10,5,0.01,0.30775707958795645,0.0032516139631728032,0.323362786422462,0.004325364016772003,0.29866219971493296,0.35392011066534756,0.36532877854022094,0.35008594956864914,0.36183752557941284,0.33145337628552296,0.3452370265908333,0.3084928448829175,0.32468729139851005,0.30775707958795645,0.323362786422462,0.3215285977838895,0.3361570748627728,0.3460757155162389,0.3536924568179718,0.3870663454915465,0.3892320815529307,0.4033973726806045,0.4084788983724274,0.48214634755314095,0.5063107833760528,2.275526733634654,0.00609676437041557,0.10757915084527594,9.91299118780531,7.47691508860723e+19,1.3211710363558607e+18,54.56191493185642,0.9641091391544594,0.05136054972344663,0.001815591223368371,0.2504768181363594,0.24689373869558892,0.9682726599455449,0.05305,0.02275,0.6993995304010198,0.12211175986032051,0.0014760798528558926,473.82228613705024,1806.4931105610387,31.92073665095256,1,0.0009989356084368535,23,5.745239973068237,0.2977038897753944
wide,S4,3,98,1,SINE,hyb,sample,50000,10,1003,2e-17,100.0,1.2192231480170899,3.5000000000000004e-06,100000.0,7.922891152117253e-11,2,0.01,0.3193615767124238,0.0030783111832095394,0.33035640057247273,0.006540416709668839,0.3059728903801048,0.3282793353512333,0.33983375337990146,0.3282186489839737,0.3397718970722346,0.32763293740811644,0.33917441374111795,0.3233848069103015,0.33481372334855164,0.3193615767124238,0.33035640057247273,0.3477712845223821,0.35532779272643034,0.3792359724286441,0.38062474340278724,0.39239738520710943,0.39494465168657944,0.40914566190729873,0.4246057188964466,0.47906747528944826,0.5078442843692585,8.302695335869233,0.021135763918396392,0.19881056170596234,121.92231480170899,1.7388077385450268e+20,1.011573051786801e+19,34.77615477090054,2.023146103573602,0.002713049165505147,0.00022925728228825082,0.42127088452128514,0.2738214293220694,0.9718619837251002,0.1179,0.0535,0.6172875567566632,0.2027241084634091,0.001749499362555718,352.83668572185826,4201.123274835706,244.4055773304845,2,0.0009378639600131461,13,1.4003229141235352,0.2977038897753944
wide,S4,3,99,1,SINE,hyb,sample,50000,10,1003,2.177069626617565e-18,0.16041398193537287,5.0,6.763373648509701e-06,200.0,5e-12,5,0.1,0.4459933036729019,0.0016104370488366757,0.4684412786348598,0.0031373818787286635,0.4461639759959687,0.512355031997712,0.5351099351474742,0.5004846673482339,0.5228023295889854,0.4682987472624453,0.4911382650491197,0.4507853410339696,0.47523262866485966,0.44645344142859084,0.46978635936700053,0.4459933036729019,0.4684412786348598,0.44736012717430446,0.46914308047201886,0.48673500855040935,0.5078940642001132,0.7291493772205525,0.7590569232394084,0.861415257487591,0.8964369106612669,0.12235423280350552,0.3049548207290361,0.6611729803030135,0.8020699096768644,1.0049143531975293e+17,6.080905115687281e+16,1.3638265750299612,0.8252743102555523,0.6830612285198865,0.5274389102479498,0.4458704247261967,0.05917818719310314,0.5346655045930889,0.0,0.0,0.02522479627377985,0.05855899059381715,0.0022068588328369105,11.430181169020878,2.42796773032954,1.4692039520687818,30,0.001,50,14.061141014099121,0.2977038897753944
wide,S4,3,100,1,SINE,hyb,sample,50000,10,1003,2e-17,11.54725671278863,3.347450733299826,6.472659072135961e-06,70723.67448614235,2e-10,5,0.01,0.29791400114008704,0.0035245841979558447,0.3071836075325362,0.005231460385463594,0.27704955982873275,0.34427501779816394,0.35001379115735404,0.3433831177292513,0.3492540965331088,0.33624177550800405,0.3431317544057971,0.31303411566399525,0.3222737257949707,0.29791400114008704,0.3071836075325362,0.3101117513707643,0.31918064019745523,0.3565865781216856,0.36169563942565125,0.39392005014108994,0.39617944761463597,0.40781846955596573,0.4166514288791202,0.4542040475895638,0.47681322044993113,0.9587335445135486,0.010429656974320052,0.1404027614292505,38.653872950825644,1.9196895433939706e+19,5.590000495212777e+17,33.24927454445361,0.9681954137248598,0.013144339556335318,0.0007553628266678415,0.2520876943929677,0.24598942046837713,0.9690552333800483,0.05435,0.02375,0.7289502457373553,0.12953428412011037,0.0014817236584667361,491.9609952719938,463.81507526298014,13.50596771925592,1,0.0009845443333234782,34,5.365941047668457,0.2977038897753944
