set,search_seed,eval_index,is_finite,task,mode,node,N_R,R,seed,k_on,k_off,T,distance,N_max,D,L,lam_best,objective,opt_sd,held,held_sd,train,opt_lam_1e-06,held_lam_1e-06,opt_lam_1e-05,held_lam_1e-05,opt_lam_1e-04,held_lam_1e-04,opt_lam_1e-03,held_lam_1e-03,opt_lam_1e-02,held_lam_1e-02,opt_lam_1e-01,held_lam_1e-01,opt_lam_1e+00,held_lam_1e+00,opt_lam_1e+01,held_lam_1e+01,opt_lam_1e+02,held_lam_1e+02,opt_lam_1e+03,held_lam_1e+03,KD_nM,tau_D_over_T,phi_ISI,koff_T,c_peak,c_mean,c_peak_over_KD,c_mean_over_KD,tauR_mean_over_T,tauR_peak_over_T,occ_mean,occ_std,occ_max,occ_frac_above_0p8,occ_frac_above_0p9,contrast_within,contrast_between,binomial_sd_mean,snr_within,shell_molecules_peak,shell_molecules_mean,history_symbols,dt,n_sub,seconds,running_min
S3,4,1,1,MGCUBED,hyb,sample,500,10,1004,6.951088817063085e-20,1.2866730088914076,1.902766555761239,7.07e-06,7576.082505203128,3.16e-11,3,0.1,0.9298599677720292,0.009649131508835661,0.9386361083322485,0.019415695651706883,0.9103199586103136,1.1438334031382962,1.113585204829635,1.139375862781904,1.1097748895416177,1.1048276935548522,1.0804543960776578,1.0067605224591285,1.0009132593006085,0.9437280774698618,0.9531910506327208,0.9298599677720292,0.9386361083322485,0.9537886608496036,0.9545214154822862,0.9891813894540595,0.9858338967867702,1.0119705015721823,1.0100680314133916,1.2239575772574454,1.2328537974299667,30.737210445327477,0.13855269739755002,0.4808884383492889,2.4482383695192538,2.1485398073873948e+18,7.049110474610092e+17,0.11607215605628554,0.03808193119129918,0.39347275682625343,0.36597719695890557,0.03645142613090885,0.015116405281420615,0.06993808315153872,0.0,0.0,0.013906715270220854,0.014315701688787529,0.008141514547001346,1.7081238619591887,51.91074545871922,17.031314863225035,14,0.0009757777209031995,39,0.8946807384490967,0.9298599677720292
S3,4,2,1,MGCUBED,hyb,sample,500,10,1004,5.66571578244126e-18,7.6821485639522376,0.7725134950386354,7.07e-06,11789.34728488484,3.16e-11,2,1.0,0.864119286938136,0.011475491805207563,0.8868208079223523,0.01626086116577263,0.8326567171948833,0.9646683484824058,0.9775309993659643,0.9646269308117649,0.9774934421386661,0.9642148139418341,0.9771198355112928,0.9602892719932903,0.9735701318513975,0.9338758678499355,0.9501490335014205,0.8834439851910562,0.9080321479624234,0.864119286938136,0.8868208079223523,0.9110153494074374,0.9126645120865795,0.9911221918032167,0.9817326304590053,1.0100734061822074,1.0007177819336515,2.2515262501889204,0.341267098260051,0.6883809747789087,5.934563436544777,5.307936799690554e+18,2.688956855506574e+18,3.914694053083468,1.9831516102194895,0.056485359579430565,0.03428583540769661,0.6405154161795891,0.10256271027444436,0.7939024674079188,0.0,0.0,0.0849130539350592,0.09854396908252476,0.020937338298039218,4.055580166224439,128.24475263260678,64.96773036074897,34,0.0009656418687982943,16,0.7907006740570068,0.864119286938136
S3,4,3,1,MGCUBED,hyb,sample,500,10,1004,1.0373775225910355e-18,1.6785919422448101,1.4647300316054959,7.07e-06,5445.538504928819,3.16e-11,4,1.0,0.7985464667832833,0.012743621321797785,0.8218674677432984,0.010325014666452862,0.7855708035726126,1.0396177927578136,1.0863916845037773,1.038715400388297,1.0854606136464409,1.0301154525152687,1.0765889472142938,0.9717597450489219,1.0164547647259439,0.8533457777137281,0.8940073815290379,0.8033036393292466,0.8332556361949408,0.7985464667832833,0.8218674677432984,0.8281041871386305,0.8386340571828843,0.9686629452141073,0.9574827378326842,1.0518499595404456,1.039744058613367,2.6869364693566764,0.17998773366420012,0.5375520224493147,2.4586840286169713,1.7234012149419374e+18,6.602096349029606e+17,1.0650698587269327,0.4080125837673536,0.28886221937375545,0.1969529689925104,0.2791158931986174,0.08973635754292471,0.4504801342966623,0.0,0.0,0.07966601602762145,0.08547001844466715,0.019488602920252538,4.087825913104966,41.63899662668323,15.9512866315081,18,0.0009764866877369973,30,0.7646472454071045,0.7985464667832833
S3,4,4,1,MGCUBED,hyb,sample,500,10,1004,2.20039245307309e-19,0.44407683249722907,1.3911766315363998,7.07e-06,14991.213414970716,3.16e-11,2,0.1,0.89539695395162,0.012163655228064327,0.9114229745063145,0.012356177830007373,0.8646428030295299,0.9968103079197601,1.0203850946782382,0.9962922048923861,1.019860450490904,0.9914277940851102,1.0149232640064265,0.9615678161813316,0.9840964515157321,0.9141765607501882,0.9329015464935775,0.89539695395162,0.9114229745063145,0.8958781676879755,0.9075020506745821,0.930628946375022,0.9284754237718479,1.0043003645427668,0.9899794621882174,1.032480570073475,1.0188389449284092,3.3512518558159727,0.18950392986935932,0.5491491017273937,0.6177893119768492,4.859047592688419e+18,1.897349540932038e+18,2.407649052969066,0.9401331718277823,0.8343111895937508,0.4750121827092469,0.4629614492350158,0.11618384573498611,0.6295440591026588,0.0,0.0,0.03965455161342051,0.11543591910755072,0.021642458378510074,1.832257265782504,117.39916658214891,45.84175202474241,19,0.0009936975939545713,28,0.645982027053833,0.7985464667832833
S3,4,5,1,MGCUBED,hyb,sample,500,10,1004,4.3295183501581515e-19,3.0159825422559705,1.1410460602697974,7.07e-06,1224.2229948246927,3.16e-11,1,0.1,0.9930410122278082,0.004410010974754617,0.9914762194556872,0.0053897439298999554,0.9818802975893689,1.0619251785000414,1.0427903462266035,1.061148037291184,1.0421355909427998,1.0543860503714328,1.0364815706433965,1.0262954661154908,1.0142009975968342,1.0007437020515235,0.9970698226298504,0.9930410122278082,0.9914762194556872,0.9959406791463662,0.9935806198684359,0.9981484352702653,0.99633702440508,1.0151371955054909,1.0161081956678708,1.2462846143355908,1.2558447991473423,11.567468785869437,0.2310453959730863,0.5949003089013968,3.441374997683663,4.392648842491421e+17,1.9942341620037728e+17,0.06305757245909642,0.028627730028069946,0.28249435436387,0.2733450511084465,0.027740365434054184,0.009461645835827632,0.04884745651186473,0.0,0.0,0.008433949350079484,0.00898107241705809,0.007215843772742497,1.1688098600385892,10.613053347584328,4.818257572557714,23,0.0009922139654519977,23,0.467832088470459,0.7985464667832833
S3,4,6,1,MGCUBED,hyb,sample,500,10,1004,1.9568177562812557e-18,0.3079056784561394,0.534273361549268,7.07e-06,14045.549557694289,3.16e-11,3,0.1,0.9669842159382357,0.017634810908910697,0.9769704090295329,0.023978649677434523,0.9250270237893872,1.149723495745235,1.1704574901117681,1.147750784686504,1.16855356672495,1.1305075894982723,1.1518315502726373,1.057065895276128,1.0788378010773791,0.9911759742790212,1.0091540566336332,0.9669842159382357,0.9769704090295329,0.9710107614064825,0.9717851390016733,0.9929325296938976,0.9903972952084832,0.9993293351888344,0.9965224401432053,1.00022847597845,0.9976470876457147,0.2612861654795818,0.4934429784297874,0.7762769355810724,0.16450580186886962,8.207082464907448e+18,4.625512922218256e+18,52.15806598670155,29.396293902369266,0.19998533298564192,0.11435353872948423,0.9623058842606647,0.016685113360899465,0.9805309028584381,1.0,0.9916,0.005079320703072188,0.01657582373530591,0.008334817089346833,0.6094099784822314,198.29084261305084,111.75674897700159,49,0.0009714061119077599,11,0.27443504333496094,0.7985464667832833
S3,4,7,1,MGCUBED,hyb,sample,500,10,1004,1.8496283374060973e-17,0.7548595406423763,0.8648079927786896,7.07e-06,8176.90409103257,3.16e-11,5,0.1,0.9313777719560724,0.0202280609664891,0.9512352994937769,0.023875471827525356,0.8570745879041144,1.2960188048343564,1.302586463445191,1.2940550841762,1.3007014054628037,1.275819084131198,1.283215332111113,1.1693178119119176,1.1815916585360569,0.9995821005323877,1.0177487776547793,0.9313777719560724,0.9512352994937769,0.943424958386128,0.9533949912119875,0.9801838112855561,0.9790057480451549,0.9975460037052747,0.9948999537213747,0.9999723965637808,0.9973687372240937,0.06776895293588714,0.30484620981761795,0.6610869522372473,0.6528085641727771,3.4291257518470047e+18,1.6691201593358781e+18,84.02368681394324,40.89836292744219,0.03656091889071926,0.018016657546223013,0.9707862953829267,0.01637166580904832,0.9881053825032571,1.0,0.9944,0.012438647048614282,0.015805717044549177,0.007292489801078201,1.705679046239491,82.85090806231128,40.327515195848996,30,0.0009608977697540995,18,0.5355801582336426,0.7985464667832833
S3,4,8,1,MGCUBED,hyb,sample,500,10,1004,1.2382866935072648e-19,0.18493318026074648,1.0777485566935083,7.07e-06,18685.304607469203,3.16e-11,4,1.0,0.8734614126468235,0.012573760462282714,0.8940252257451837,0.011960820910487816,0.8687291320097046,1.17008746276939,1.1517974448481236,1.1648576745720693,1.1473321481586658,1.1230274907596118,1.1115882295522843,0.9893897894467314,0.9963334909812497,0.8960302192025699,0.9138840445672469,0.8744660549544092,0.895281733713537,0.8734614126468235,0.8940252257451837,0.8957109344869767,0.9008887744565748,0.980708382943628,0.9701145106400724,1.0326438638287874,1.0213618036276735,2.4799488862299657,0.24461497738153584,0.6083602717016661,0.19931146811075992,6.894046206083001e+18,3.0443286226845645e+18,4.616156856968748,2.0384398401727775,1.651266118594971,0.8933640724868283,0.6464688277312367,0.10375415797213673,0.7759348282670673,0.0,0.0,0.01832839177076538,0.10354605806534398,0.0208435684386825,0.8793308029133182,166.56664984941403,73.55384698086597,24,0.0009797714151759166,22,0.538489818572998,0.7985464667832833
S3,4,9,1,MGCUBED,hyb,sample,500,10,1004,8.977549397395008e-18,0.10215135016638656,1.620402105228213,7.07e-06,2954.1920039299735,3.16e-11,3,0.1,0.9531808838733846,0.017669656390450348,0.9653742004176753,0.02302019045632917,0.9229138946600738,1.1400883020863923,1.139520876080184,1.1378823835468996,1.1374643464865086,1.1187156863179915,1.1196195312729986,1.038173236433789,1.0456766386395038,0.9665714131988503,0.9826854471224638,0.9531808838733846,0.9653742004176753,0.9639510421414998,0.966700116184648,0.9858204712192954,0.9827340092490628,0.9963789004139023,0.9927356477774165,0.9980149074283882,0.9946353317038925,0.01889450006981421,0.16269630727333326,0.515218966653184,0.16552626286151714,8.935646878931799e+17,3.270461192453047e+17,78.53074004663097,28.74237771667938,0.20312220638174824,0.07596229308703858,0.956656928411456,0.02837336984982574,0.9850779181643473,0.9998,0.94544,0.019441603919461734,0.027653265284471103,0.00872345897661158,2.2286576886056917,21.589364509158074,7.901742286101312,16,0.0009820618819564926,33,0.7328951358795166,0.7985464667832833
S3,4,10,1,MGCUBED,hyb,sample,500,10,1004,7.274121550458481e-19,4.94101790194651,1.812587166378555,7.07e-06,16382.38321423902,3.16e-11,3,1.0,0.7880128207664173,0.015359061840290763,0.8166739687752159,0.015410450168279315,0.765904677290932,0.9383901144573578,0.984181651881971,0.9381926624022945,0.9839902411137633,0.936249936328835,0.9821067709543421,0.9195155340004815,0.9658658809899802,0.8515257634614773,0.8991295671814857,0.7935538780148046,0.8370570781901752,0.7880128207664173,0.8166739687752159,0.8717328978167836,0.8738867196621511,0.99369932397965,0.9807561226444843,1.0595924118035271,1.0522438137798802,11.27937332483865,0.14544593700577163,0.4911046449791805,8.956025637914937,4.7369567799693e+18,1.5941897686556593e+18,0.697370462535477,0.23469516568904122,0.09043258060463047,0.06578214512259901,0.18237608637331817,0.078464039278548,0.37883112111472705,0.0,0.0,0.13030631532528905,0.06402997621100193,0.016593433291361624,7.852884513847127,114.44933754937104,38.51712637998942,15,0.0009797768466911108,37,1.1204347610473633,0.7880128207664173
S3,4,11,1,MGCUBED,hyb,sample,500,10,1004,8.488639652484008e-19,3.2172785590299635,1.7092327920147272,7.07e-06,14451.349949416746,3.16e-11,3,1.0,0.799027469116832,0.012832404405389105,0.8206242953036373,0.013916023912584735,0.782664640104705,0.9425545690385737,0.9681315467570147,0.9423593917223874,0.9679461692762332,0.9404416904086613,0.9661241293965809,0.9241047838792597,0.9505496560747426,0.8599527405480816,0.8880167299206365,0.8065418565787643,0.833302915031069,0.799027469116832,0.8206242953036373,0.8501741333793189,0.8533539640276849,0.9818116521260094,0.9679761158830356,1.0399245400599642,1.02784147307621,6.293607640285091,0.15424080327163175,0.5036456076949181,5.4990780141399025,4.2703558029558676e+18,1.485344248912758e+18,1.1267134919804984,0.39190116297270505,0.13064768579642422,0.08550689431625749,0.2680086263582247,0.09980044894041286,0.4869119118933406,0.0,0.0,0.14243640468773403,0.08694338922536791,0.01907600294021368,7.466784584493177,103.17581845270266,35.88731610127441,15,0.0009767044525798442,35,1.037734031677246,0.7880128207664173
S3,4,12,1,MGCUBED,hyb,sample,500,10,1004,4.604230331592576e-19,0.126921872350555,1.60920334982517,7.07e-06,5067.439906397191,3.16e-11,3,0.1,0.8826257102751706,0.014999444558191109,0.9101785685610778,0.02218165907329114,0.8609726864551555,1.0566978947581602,1.0839741119841917,1.0543942005192077,1.0817469701225315,1.0350159151637521,1.063026838278213,0.9616746016001267,0.9919706188536456,0.8989492657955086,0.9286549139147482,0.8826257102751706,0.9101785685610778,0.8847888626316532,0.907323543785313,0.9086322322077697,0.914360700577797,0.9903102452816865,0.9790441337687419,1.025829353067929,1.0129754347646107,0.457750182632693,0.16382854214615422,0.5167346520346798,0.20424310215259572,1.5366495050549978e+18,5.587274623615733e+17,5.574364866490249,2.0268452408216118,1.6175673986403956,0.7447299140999292,0.6422603225835489,0.11179599454501409,0.7800226052249687,0.0,0.0,0.024944888570993255,0.11148970512961914,0.020818058380957988,1.1982331932458228,37.12689941415365,13.499381756727287,16,0.0009752747574698,33,0.6912758350372314,0.7880128207664173
S3,4,13,1,MGCUBED,hyb,sample,500,10,1004,8.04175419490563e-19,5.805470310746482,1.8523378333454432,7.07e-06,15027.584608196401,3.16e-11,4,1.0,0.7597550188840296,0.0076518083537341205,0.8031343351514092,0.012734691335042092,0.7444723990961439,0.998135005442462,1.0368243031031261,0.9977148206589886,1.0364368561628658,0.9936105533140098,1.0326559309706962,0.9602609019488911,1.0021732939743178,0.8489436553777614,0.9028718007069353,0.77135730989439,0.8291943550446593,0.7597550188840296,0.8031343351514092,0.8275454017974321,0.8400896706126636,0.9850413852087667,0.974092118070347,1.0691459121410993,1.0619420826914707,11.987695744815726,0.1423247066883184,0.48652255110115483,10.753692296959434,4.301513872851126e+18,1.4262514522664502e+18,0.5958469405555777,0.19756476194568962,0.0776503443399964,0.05827082395643447,0.15866534792879172,0.07180750279597628,0.34606959497279216,0.0,0.0,0.12500632944737203,0.0571585637027448,0.015675165107900277,7.9748014510143115,103.92862676919576,34.459578474723074,14,0.0009749146491291806,38,1.186678171157837,0.7597550188840296
S3,4,14,1,MGCUBED,hyb,sample,500,10,1004,1.72124782157474e-18,10.0,2.0,7.07e-06,20000.0,3.16e-11,4,1.0,0.7567344762725292,0.004935097279669288,0.7973691599003898,0.014031737718745357,0.7233783117996093,0.9721501704278737,1.031134568740234,0.9720047826526267,1.0309959363998278,0.9705641019219783,1.029622246583591,0.957351331460627,1.0170257693657274,0.8849204427275652,0.9474570332068899,0.7820929966628888,0.839445973078327,0.7567344762725292,0.7973691599003898,0.8001130797705931,0.8160571934240568,0.9611689848674135,0.9497340727643213,1.0465882677420097,1.0348240190213396,9.647298002995573,0.13181671940928272,0.4705516107728963,20.0,5.563143001462194e+18,1.756204209670772e+18,0.9575547772375562,0.3022862670136204,0.03839401617484542,0.025542069413024816,0.21877078180034634,0.09922036506350287,0.47765644427005616,0.0,0.0,0.1932599450796396,0.07539382015323455,0.017624678593062618,10.965303228605263,134.41077484643932,42.43154787651223,13,0.001,40,1.523869276046753,0.7567344762725292
S3,4,15,1,MGCUBED,hyb,sample,500,10,1004,1.4474941953232529e-18,10.0,2.0,7.07e-06,200.0,3.16e-11,5,0.1,0.9928949079359353,0.004267526884695405,0.9956511444158975,0.005718907320678139,0.9786986111501763,1.4301727865874243,1.4551031304886,1.4064879123156484,1.4322366908514692,1.2749527657839785,1.3046264490568356,1.0757887521433762,1.1011578698741586,0.9930886127319865,1.0084667861394352,0.9928949079359353,0.9956511444158975,0.9981588501644383,0.9972853476183074,0.9992133498259304,0.9981854797179863,1.016855602490823,1.0183584300774366,1.251873568777486,1.2616242984939476,11.47181848838445,0.13181671940928272,0.4705516107728963,20.0,5.5928659489327064e+16,2.4091772585595628e+16,0.00809564099630117,0.003487270097269755,0.049826242434698166,0.04959846860421397,0.003473236604807955,0.0013913390381544194,0.0073354486740430675,0.0,0.0,0.003923956368353022,0.0005233384479520185,0.0025798781569777106,1.5209851510777854,1.3512890925340701,0.5820799177376887,13,0.001,40,0.7963871955871582,0.7567344762725292
S3,4,16,1,MGCUBED,hyb,sample,500,10,1004,8.795872362841486e-19,10.0,0.5494677840739316,7.07e-06,18827.572197353915,3.16e-11,3,1.0,0.8215247310695333,0.014865353551540426,0.8451369900026136,0.025748760995934365,0.7772710040554365,0.9531136850849634,0.9851516077288925,0.9529826770164567,0.9850173760583125,0.9516897439150224,0.9836929898322049,0.940263136030063,0.9720182040612937,0.8892532137000695,0.9206099251512528,0.8398371304041576,0.8692957245512781,0.8215247310695333,0.8451369900026136,0.8664766877236056,0.8729689678484807,1.0007731545143714,0.9899839612707391,1.0477175394109033,1.0373575638690553,18.878617136247453,0.479797808824936,0.7697624775627077,5.494677840739316,1.0773529344288473e+19,6.024268626786127e+18,0.9476258900968875,0.5298869792068113,0.11895930474339377,0.09344417339479896,0.33722040914665485,0.08014776759083565,0.47955020484656447,0.0,0.0,0.043822803373275196,0.07860054291501817,0.02077582197802979,2.109317427710795,260.29861655831206,145.552004289049,48,0.0009990323346798756,11,0.5024750232696533,0.7567344762725292
S3,4,17,1,MGCUBED,hyb,sample,500,10,1004,1.9300653787513442e-17,10.0,2.0,7.07e-06,14905.68397228704,3.16e-11,3,1.0,0.850696629995842,0.0072781642328463994,0.8759744190456559,0.010189165481783866,0.8155408015030465,0.9817256270597421,1.007370571665337,0.9816922363508066,1.0073372462275558,0.9813591286982767,1.0070048069322115,0.9781059904812276,1.0037598444211695,0.9517870699978724,0.9776182295882434,0.8703036766255862,0.8976284610942542,0.850696629995842,0.8759744190456559,0.8880049929061367,0.9033931486476934,0.952735439423045,0.947151560570466,0.9987141883082311,0.9879600118464988,0.8603537918742071,0.13181671940928272,0.4705516107728963,20.0,4.146199047403454e+18,1.3105512727998653e+18,8.00243523480521,2.529449638709528,0.014166514646255582,0.005554052730831101,0.660533830053892,0.1491583847421498,0.888013084357371,0.16952,0.0,0.24425163505973982,0.12762953622342038,0.019995950471480322,12.215055013669355,100.17607429515832,31.66415316067159,13,0.001,40,2.1837120056152344,0.7567344762725292
S3,4,18,1,MGCUBED,hyb,sample,500,10,1004,4.1007175836587756e-19,10.0,2.0,7.07e-06,14644.337944602732,3.16e-11,4,0.1,0.7756093173093579,0.016783430681795837,0.799108737411746,0.023762207194479253,0.7079025753109316,1.0148711825499999,1.0164503467161965,1.0140671753060053,1.0157243039579869,1.006364024971656,1.0087648853963347,0.951997428236977,0.9594984999127399,0.8295773009427887,0.8476892410808665,0.7756093173093579,0.799108737411746,0.8160269398847444,0.830380756145804,0.952157247922959,0.9503164924206265,1.0079751330140212,1.0021452596519393,1.1879986654632608,1.1941919762660178,40.493865605157495,0.13181671940928272,0.4705516107728963,20.0,4.073507704379178e+18,1.2876886109344714e+18,0.1670430467051719,0.052804473291361315,0.04749219942396902,0.042843321110700563,0.049376744493662,0.026965745648514963,0.13310699475808144,0.0,0.0,0.05339582365785796,0.019559080104229513,0.00926004167747422,5.766261699204605,98.41978297962801,31.111769715634846,13,0.001,40,1.0934081077575684,0.7567344762725292
S3,4,19,1,MGCUBED,hyb,sample,500,10,1004,1.460674945172625e-17,5.419895647279633,1.425650429382058,7.07e-06,958.2593208330801,3.16e-11,4,1.0,0.776195019379919,0.012771013589937803,0.8123086482827802,0.014695529297668727,0.7480971567458707,1.0197966606775628,1.0229549087979404,1.0194912712372601,1.0226861216450875,1.016490924452492,1.0200466758889148,0.9909368783037358,0.9976588885307454,0.8894087237257613,0.9105946449986592,0.7985735740934532,0.8378086297811196,0.776195019379919,0.8123086482827802,0.8225256023669356,0.834745050691374,0.9789859550344403,0.9670926107286144,1.0432158275885581,1.0313384796464105,0.6161499854609805,0.18492151609201718,0.5436225890885178,7.726876556750156,3.0737849705610106e+17,1.2672314258258715e+17,0.8283924609508255,0.3415219247566689,0.09647132669685214,0.07078261513225044,0.24636312985151412,0.07834330818266763,0.42846538760865016,0.0,0.0,0.12812165206912043,0.06513269087182234,0.01881013100703026,6.811310990935425,7.4265540090530555,3.0617504854763706,18,0.0009832071926772813,29,1.0373830795288086,0.7567344762725292
S3,4,20,1,MGCUBED,hyb,sample,500,10,1004,5e-20,2.860880834574274,0.6434270842568405,7.07e-06,14960.72638739536,3.16e-11,4,0.1,0.8876523797767553,0.010675402999052399,0.9120501736527636,0.02738612148495433,0.8466500979615782,1.1624935241388554,1.165306039712092,1.1572423438939095,1.1600986450882589,1.1159621634361145,1.1191627950623466,0.9925476494755126,0.9975726355320049,0.910896104717537,0.9274173268133794,0.8876523797767553,0.9120501736527636,0.8933432741664309,0.9117125865484803,0.9528542633188062,0.9584911759982286,1.0224593220042517,1.0193903620863047,1.1786000782814834,1.1857552180823328,95.01208784679002,0.40973320096256527,0.7324372472710623,1.8407682137964014,7.628826981371253e+18,4.092445266356461e+18,0.1333300375390591,0.0715242175923321,0.5069894272075478,0.47934090805162277,0.0662892625644473,0.020936099338226096,0.10599382648358135,0.0,0.0,0.0062411130899398745,0.020808003056098714,0.010942734008353697,0.5703431231331586,184.31964547127794,98.87733231431167,41,0.0009898878219336007,13,0.3160409927368164,0.7567344762725292
S3,4,21,1,MGCUBED,hyb,sample,500,10,1004,7.549373172447458e-18,7.483208204484781,1.2326930994313114,7.07e-06,17418.91266871743,3.16e-11,4,1.0,0.8297768682730424,0.010890616214819935,0.8636198480599468,0.013180761761859254,0.7853413792410879,1.033972453300144,1.083357137031925,1.033868542671549,1.0832540266007062,1.0328359045552635,1.0822291918868285,1.023114922291827,1.0725677357971988,0.9621384338986289,1.0111673504912795,0.8557938234092151,0.8972623338549601,0.8297768682730424,0.8636198480599468,0.8682142143327536,0.8926505257560278,0.9410291700337158,0.938368828453062,1.0057698535351398,0.9954866976051037,1.6459856053604456,0.213867862925646,0.5768692896632268,9.224499115276164,5.987781020342309e+18,2.482200929064035e+18,6.0407237326860646,2.5041480325603693,0.03093675527313309,0.015397134476514,0.6771877639099619,0.12298183296274552,0.8564757209468861,0.12256,0.0,0.1478396934529886,0.1132817559303329,0.020106173989586338,7.352950070439047,144.6704293496458,59.97231243424037,21,0.0009861544795450492,25,1.4273936748504639,0.7567344762725292
S3,4,22,1,MGCUBED,hyb,sample,500,10,1004,2.080808843158191e-18,10.0,2.0,7.07e-06,200.0,3.16e-11,4,0.1,0.9940791840046671,0.0028710582494838777,0.9913904715981582,0.0075899039925124215,0.978111288034303,1.2555180242337254,1.2916027000958352,1.2483442778396496,1.2846521530207986,1.1965956031394436,1.2338179386154065,1.0706854011609115,1.098045084159844,1.000069873803645,1.0025829205222492,0.9940791840046671,0.9913904715981582,0.9981687323389743,0.9965096766199221,0.9991675405811836,0.9980507943876153,1.0167484136045775,1.0182313513228671,1.2515247729791332,1.2612647554597813,7.980257641800142,0.13181671940928272,0.4705516107728963,20.0,5.5928659489327064e+16,2.4091772585595628e+16,0.011637684925137504,0.005013037344346346,0.049750598392355544,0.04942480963794865,0.004984074897827639,0.001993612981545845,0.010514011029243946,0.0,0.0,0.005623310358727184,0.0007497949876900768,0.0030881083320244375,1.820956311801656,1.3512890925340701,0.5820799177376887,13,0.001,40,0.8186261653900146,0.7567344762725292
S3,4,23,1,MGCUBED,hyb,sample,500,10,1004,2.5357819856270473e-19,10.0,1.9319448158135675,7.07e-06,17833.630309979428,3.16e-11,5,0.1,0.7604572917586763,0.01640777365924474,0.8052801681052472,0.024006988705143603,0.6896856720294745,1.106530444920537,1.189660698554694,1.1045086297671274,1.1875139150811915,1.0859464221084103,1.1677087777752806,0.9835224529992113,1.0554609488747282,0.8283101806083792,0.8812533366932659,0.7604572917586763,0.8052801681052472,0.7945974026141931,0.8188418786869429,0.9432779160177958,0.9448068150767975,1.0110293860886794,1.0065749386179874,1.2026948431361881,1.2094366149499602,65.48429938322278,0.13646012901644186,0.4777158359662837,19.319448158135675,5.030753525556679e+18,1.6269241227490424e+18,0.12756894164236382,0.04125524882449109,0.049710494038755056,0.045905231093115416,0.03914766601737828,0.021176882372776817,0.10494123175719115,0.0,0.0,0.04113421501137507,0.015566276910690261,0.008303387189035817,4.953907854097256,121.54774365027164,39.30801920741322,14,0.000990740931186445,39,1.0208070278167725,0.7567344762725292
S3,4,24,1,MGCUBED,hyb,sample,500,10,1004,1.0652313173106791e-17,7.097328925843473,1.517944595594473,7.07e-06,6211.541417916072,3.16e-11,4,1.0,0.7893424988770088,0.009913225487349995,0.8222558780987654,0.013168239408839894,0.754520165465851,1.011687306399876,1.0168671064827703,1.0115721322131308,1.0167499391544463,1.010428137282092,1.0155865869552358,0.9997078836117229,1.00472451522688,0.9338786282652546,0.9398010373589167,0.8215413010676136,0.8404755121021484,0.7893424988770088,0.8222558780987654,0.8193549540191395,0.8441604331929161,0.9227063244085455,0.9171897134461406,1.0153186541376826,1.0023594017083732,1.1063692704510322,0.17367790602088384,0.5295989398777521,10.773352086140427,1.9327856024926157e+18,7.24219549790341e+17,2.9008994439096547,1.086974202697853,0.04447664972883284,0.023794927795798976,0.4870557408420456,0.13523299261128557,0.738678450455506,0.0,0.0,0.2056557700228252,0.11744016307630792,0.02147549371431667,9.57629997981022,46.69792064931516,17.497826466203357,17,0.000979319093931918,31,1.3221828937530518,0.7567344762725292
S3,4,25,1,MGCUBED,hyb,sample,500,10,1004,4.37689023225429e-19,4.395916554591744,2.0,7.07e-06,19046.815942888883,3.16e-11,4,1.0,0.7711753125432323,0.007494339901676097,0.8016201338187651,0.017981124734888977,0.7518338326501371,1.0141112197897264,1.0502401241054364,1.0135903658016705,1.0497173376092062,1.008535116422471,1.0446448272170659,0.9693642106767028,1.0054368312425126,0.8547707201335022,0.8914172468937757,0.7826270340624764,0.8187132760965674,0.7711753125432323,0.8016201338187651,0.844746401563162,0.8536603040883387,0.9895123320127224,0.9800293684675617,1.0772814018472803,1.0735204368543125,16.677574230999706,0.13181671940928272,0.4705516107728963,8.791833109183488,5.298022349448951e+18,1.6728192621882742e+18,0.5275091549985443,0.16655789977065813,0.09750216642200192,0.07446235075720259,0.13784800062823735,0.06435254247765654,0.3070539726919109,0.0,0.0,0.11149311530748418,0.05107922658931311,0.01477885096438511,7.5440990355858135,128.005210176337,40.41688900495233,13,0.001,40,1.141664981842041,0.7567344762725292
S3,4,26,1,MGCUBED,hyb,sample,500,10,1004,7.187455627491681e-20,10.0,1.8678910426940978,7.07e-06,14188.000453647868,3.16e-11,5,0.01,0.8630227817214132,0.01731007687292116,0.9013931552219205,0.04332238748202048,0.7181450775605279,1.2516583605073286,1.2834876529245525,1.2413297001335473,1.2742195667074996,1.1664135411971828,1.20640382293275,0.978089170852029,1.0285792097273407,0.8630227817214132,0.9013931552219205,0.8674114462375568,0.8842987179806908,0.9631934868265244,0.9661550145138962,0.9952640093392414,0.9943934190842623,1.0162826662782092,1.0173623335615256,1.2488225337903383,1.258445321660488,231.03294868664824,0.14113962366794236,0.4847639947591252,18.678910426940977,4.049293665250722e+18,1.3366361398844406e+18,0.029104118541672715,0.00960701294552118,0.05302688330709679,0.05202225148739486,0.009488358529115606,0.0051968797572283,0.02585559207660748,0.0,0.0,0.009892115898664488,0.003847008682460022,0.004156993963187122,2.3796320096361914,97.83474898705181,32.29438811880274,14,0.0009831005487863673,38,0.8314287662506104,0.7567344762725292
S3,4,27,1,MGCUBED,hyb,sample,500,10,1004,1.0161046106983204e-18,10.0,1.925909603608425,7.07e-06,17208.665991574624,3.16e-11,5,1.0,0.7418579868828725,0.010984166467018474,0.7808818426794091,0.01999404897020495,0.7117413475105246,1.0386504470743776,1.1172557256340248,1.0381758760653652,1.1167530520930664,1.0335450910954318,1.1118419020634882,0.9961678466496175,1.0717672486054766,0.8694903117395798,0.9292708702045964,0.7641636702777903,0.8068151258244065,0.7418579868828725,0.7808818426794091,0.7976588592882727,0.8149787463930387,0.9767946455675707,0.9664108168378865,1.0815116719268034,1.074069070587431,16.342205809229004,0.1368877533631985,0.4783669474075446,19.259096036084248,4.859647315217937e+18,1.574687282351125e+18,0.49379100433606604,0.1600047008004986,0.04476147117474659,0.03475955928689643,0.13285810181656005,0.06503496766826038,0.31690374470003657,0.0,0.0,0.12532118221354993,0.04895446987659786,0.014515933744972112,8.63335314250504,117.41365644334145,38.04592794145646,14,0.0009876459505684231,39,1.3653829097747803,0.7418579868828725
S3,4,28,1,MGCUBED,hyb,sample,500,10,1004,2.1615121376043245e-18,2.9927197777343926,2.0,7.07e-06,10878.221655653977,3.16e-11,5,1.0,0.7637862733187003,0.013938416748895587,0.8229015968818855,0.013789148037627041,0.7304408295668543,1.0590735708098094,1.115477926221411,1.058657685067134,1.1150655280516522,1.054583039089477,1.1110294190004522,1.0205957346581085,1.077678766136199,0.8925134599446969,0.9567405001699878,0.7826489439642532,0.8525286867700697,0.7637862733187003,0.8229015968818855,0.7978879349054111,0.8329579153389168,0.9004265959226704,0.8991529919232212,1.0231269310740958,1.0101820371262717,2.29909794239679,0.13181671940928272,0.4705516107728963,5.985439555468785,3.025992065993511e+18,9.582271531770356e+17,2.185543273246566,0.6920860541584672,0.09873735850966646,0.05244697466890127,0.3808926532901906,0.13190461304736556,0.655402078324112,0.0,0.0,0.21258369372191016,0.11092892318704177,0.02076939262442691,10.235431414199864,73.11081849998523,23.151670576070185,13,0.001,40,1.3585758209228516,0.7418579868828725
S3,4,29,1,MGCUBED,hyb,sample,500,10,1004,2e-17,3.7108709373528166,2.0,7.07e-06,2484.0922168878446,3.16e-11,5,1.0,0.7724513564767548,0.01503710639091612,0.801177611875915,0.019288279668906543,0.7254444918020884,1.0867624447890516,1.0986767375848698,1.0864408047598109,1.098399357373855,1.083267525093342,1.0956618669590676,1.0552762425902729,1.0714365488699,0.9288981560622712,0.9591150365273498,0.7994629099189252,0.8330128229510679,0.7724513564767548,0.801177611875915,0.8150191449038905,0.8386330612625977,0.8964967709227538,0.8944954850167015,1.0047747656330643,0.9917101746718646,0.3081023082357192,0.13181671940928272,0.4705516107728963,7.421741874705633,6.912309531879805e+17,2.239051330058424e+17,3.7254378546567097,1.2067524674709769,0.06105771303921366,0.028513602982766985,0.5068577139350275,0.14130416610668542,0.77789964568464,0.0,0.0,0.24996605553745285,0.11578274485727111,0.021407036589431827,11.676817316267655,16.700790900291345,5.409758909936381,13,0.001,40,1.5562801361083984,0.7418579868828725
S3,4,30,1,MGCUBED,hyb,sample,500,10,1004,2e-17,10.0,0.5,7.07e-06,2587.9175116975935,3.16e-11,5,1.0,0.8224315649166645,0.018174208785138386,0.8673873060950109,0.01724879919784813,0.7884301200927866,1.138633867420909,1.2013448172762142,1.1382518838523021,1.200972694830599,1.1344951304710644,1.1973121530299293,1.1022383079604072,1.1658156074673345,0.9711996993819965,1.0359223540129583,0.8516928687879407,0.9098201096999123,0.8224315649166645,0.8673873060950109,0.8476483965610617,0.868504241834646,0.9496819140251617,0.9446311213856319,1.0183396834619391,1.0085059084307215,0.8302695335869232,0.5272668776371309,0.7914984825837854,5.0,1.5975980343998318e+18,9.331026048314572e+17,3.195196068799664,1.8662052096629145,0.06977867436906983,0.047673576328751736,0.6347766911128175,0.08339705048791325,0.7593937687604466,0.0,0.0,0.04414221338859281,0.08194536355089059,0.021191225015602163,2.083042077845563,38.59947329061825,22.544637823198574,53,0.001,10,0.5575969219207764,0.7418579868828725
S3,4,31,1,MGCUBED,hyb,sample,500,10,1004,7.537126548157472e-19,8.185431155208555,2.0,7.07e-06,20000.0,3.16e-11,5,1.0,0.7411826755965549,0.006963751955073823,0.7841731391946922,0.015366038746500173,0.7199950425680357,1.0893919065321631,1.0889542736313778,1.088699740529127,1.0883322695540287,1.0819708153285241,1.0822931984388318,1.0292082779576224,1.035429459119431,0.8678948801558628,0.8973411891904062,0.7549038568242292,0.8033142524614856,0.7411826755965549,0.7841731391946922,0.7978833345920255,0.8144787710782972,0.9751584885919767,0.9645600135670005,1.0799661834762024,1.0726672091663425,18.033700413599288,0.13181671940928272,0.4705516107728963,16.37086231041711,5.563143001462194e+18,1.756204209670772e+18,0.5122529529899738,0.1617108875721554,0.05258118683999216,0.04039280406939276,0.13392746674316636,0.06621332836139149,0.32011956854499346,0.0,0.0,0.12748566618146745,0.049720465275725045,0.014547950027695907,8.76313610775157,134.41077484643932,42.43154787651223,13,0.001,40,1.3441131114959717,0.7411826755965549
S3,4,32,1,MGCUBED,hyb,sample,500,10,1004,2e-17,2.8056213757406425,2.0,7.07e-06,200.0,3.16e-11,1,0.1,0.9835684185962075,0.009023589769367962,0.981293030758376,0.016320427430337892,0.9618946355227223,1.023422128678823,1.0268862919959294,1.023351462772188,1.026812714717264,1.0226589116003117,1.0260909398249596,1.016893262694841,1.0200299486147728,0.9968134791704617,0.99795927676481,0.9835684185962075,0.981293030758376,0.9850788069512104,0.9797145200119877,0.9895137469606657,0.9840480264280596,0.9958707413322392,0.9928027560313823,1.1355148461905409,1.1418699534911405,0.23294219510576852,0.13181671940928272,0.4705516107728963,5.611242751481285,5.5928659489327064e+16,2.4091772585595628e+16,0.39869000124482395,0.17173930020572187,0.1520932520922105,0.12741468131889863,0.14489073734608712,0.037655283170941634,0.23344384136221918,0.0,0.0,0.09696874806178464,0.01876460923336359,0.015557528053230615,6.232914877607982,1.3512890925340701,0.5820799177376887,13,0.001,40,1.0089001655578613,0.7411826755965549
S3,4,33,1,MGCUBED,hyb,sample,500,10,1004,6.223710739215092e-19,10.0,1.4817278734040578,7.07e-06,20000.0,3.16e-11,5,1.0,0.7409224979776059,0.010829184934366092,0.774675957020081,0.019408753125096878,0.715426957578409,1.0456301876468805,1.0854098789148818,1.0450180249425018,1.0847680195822955,1.0390851640326815,1.0785419438119408,0.9935750917928321,1.0304814809018092,0.8591409931874692,0.8881473205954584,0.7592753243345355,0.7914024968205714,0.7409224979776059,0.774675957020081,0.8071043208612523,0.8206461638932039,0.9879406922559907,0.9783425586363801,1.094670543455619,1.089392034179262,26.68085225604921,0.17792298002257684,0.5349733853696452,14.817278734040578,6.296772738655299e+18,2.3752878006966e+18,0.39189292115965807,0.14783104193922025,0.05879678556243166,0.04848704566912694,0.1253164267098943,0.05468793681858215,0.2691632162937885,0.0,0.0,0.08900900096643508,0.0450987350906756,0.01428773546231133,6.2297486680955165,152.13596030376033,57.3891905512784,18,0.000987818582269372,30,1.0171279907226562,0.7409224979776059
S3,4,34,1,MGCUBED,hyb,sample,500,10,1004,5e-20,0.1,0.5,7.07e-06,200.0,3.16e-11,5,10.0,0.9968966132909551,0.004585484677970523,0.9952963354681399,0.0073983843448241155,0.993882676558591,1.3744230541383586,1.3893273179046581,1.197761587289647,1.2114745658161516,1.0625572484972514,1.0675163563563017,1.0205426801905877,1.014798613443625,1.0088271484768938,0.9994383908745663,1.0060821197849592,0.9972769185594659,0.9985483795294028,0.9904437284855032,0.9968966132909551,0.9952963354681399,1.0183730955126589,1.023342777147658,1.1968981385810575,1.207944900873174,3.321078134347694,0.5272668776371309,0.7914984825837854,0.05,1.2891007566755227e+17,9.650220891252669e+16,0.06445503783377612,0.048251104456263336,19.079397975329744,18.788957061729057,0.04599777521985735,0.0020180924095944417,0.05014319145316448,0.0,0.0,0.00022586734106478333,0.002016551595932358,0.009365764862085317,0.02411627287154562,3.1145888486840425,2.331584262873783,53,0.001,10,0.24462199211120605,0.7409224979776059
S3,4,35,1,MGCUBED,hyb,sample,500,10,1004,1.036621491868909e-18,4.367152366475907,1.3054737420586289,7.07e-06,12323.714674744211,3.16e-11,5,1.0,0.7575632209382797,0.009048897536436314,0.8057097332536124,0.020214728939500364,0.7321048062479713,1.078079000120388,1.1406021296744508,1.0774032534272318,1.139934042166108,1.070849934721599,1.1334571786142422,1.0203762344257707,1.0836765761575933,0.8742829058722021,0.9382078370036642,0.7777364459802236,0.8352398683695684,0.7575632209382797,0.8057097332536124,0.7848293958378951,0.8106811769684775,0.9361893820816668,0.927174713487583,1.0554929864799394,1.041484899093301,6.995636472633566,0.20194465068507342,0.5636392733366806,5.701202742003499,4.1177098372816205e+18,1.6623192456585198e+18,0.9774118593555384,0.39458111643296634,0.12577367024213953,0.08870260620431403,0.2715158507368853,0.09218476083917683,0.4656465936193323,0.0,0.0,0.11248160778394406,0.08358143350521123,0.019278144381269475,5.834669849927594,99.4877481445934,40.16319871561521,20,0.0009670175867100955,27,0.920720100402832,0.7409224979776059
S3,4,36,1,MGCUBED,hyb,sample,500,10,1004,7.030920836162952e-18,2.9176097301303066,0.5,7.07e-06,3003.536234527392,3.16e-11,5,1.0,0.8635388292103097,0.014405310818880817,0.8857150485252292,0.020803673551104313,0.8316430072968268,1.241246602183709,1.2659394945189617,1.2400196277941848,1.264754914428199,1.2283072376441135,1.2534487956957832,1.1477180389548167,1.175739855632558,0.9731552305654944,1.0061264317933134,0.8833219751013932,0.9106221000340667,0.8635388292103097,0.8857150485252292,0.883370364362972,0.8931458942151134,0.9634345214385487,0.9569111646085899,1.0153867082644974,1.007302055187862,0.6890711832124563,0.5272668776371309,0.7914984825837854,1.4588048650651533,1.8532242068507663e+18,1.0787134922961348e+18,4.465940922621845,2.5995077720337414,0.19044066151514571,0.12541164475414857,0.7056581530037777,0.0769775691150161,0.8119630621789978,0.01844,0.0,0.02763833143236671,0.07631649503242742,0.02004789754053057,1.3786149583262115,44.775642391633426,26.06273401541597,53,0.001,10,0.4275209903717041,0.7409224979776059
S3,4,37,1,MGCUBED,hyb,sample,500,10,1004,7.79541935376184e-19,0.1,2.0,7.07e-06,20000.0,3.16e-11,5,0.1,0.9473394870174466,0.022738111526764648,0.9684441037517768,0.0325629577635225,0.8886185612524853,1.3067618400250116,1.3128319459054005,1.2999934725007871,1.3057545376434099,1.247005595055514,1.2502985629638963,1.0879274143312059,1.0880067883387423,0.9785377420101536,0.9936372640842508,0.9473394870174466,0.9684441037517768,0.9504273279090191,0.9666347680775299,0.9659833432244846,0.9731941193658132,0.984741484795936,0.9813912413740153,0.998822481453091,0.9935647047554307,0.21301471951890819,0.13181671940928272,0.4705516107728963,0.2,5.563143001462194e+18,1.756204209670772e+18,43.36703262134312,13.690348285225552,0.3403595274203692,0.11269629056946913,0.9105490337373138,0.06334123850790031,0.9687081955471565,0.93684,0.745,0.03208709343089607,0.06248096951919027,0.012084529987264697,2.6552206386769788,134.41077484643932,42.43154787651223,13,0.001,40,0.8444547653198242,0.7409224979776059
S3,4,38,1,MGCUBED,hyb,sample,500,10,1004,2e-17,3.243934272205158,1.404497149054061,7.07e-06,200.0,3.16e-11,5,1.0,0.8667222146913497,0.01470198167062355,0.8848480331355688,0.01390285772939769,0.8421875482047222,1.258989175803664,1.2448238947535177,1.257105878275069,1.243117777623093,1.2394775152208701,1.227153560839739,1.1321586978723333,1.1303409846965757,0.9502057877259544,0.9725096757124939,0.8736130056396976,0.9044329920761538,0.8667222146913497,0.8848480331355688,0.9374324753013177,0.9369473657256855,1.0062792200605852,0.9976195509050788,1.0382701628177573,1.0336886362672622,0.26933397951704124,0.1877066386329972,0.5469940946579281,4.556096437030904,6.5245273382136376e+16,3.437734096051217e+16,0.40226014405516314,0.21194844331505633,0.1811018750229751,0.15652312193713624,0.17360216766877243,0.03247137770492031,0.2487135308941322,0.0,0.0,0.0742062279717986,0.020833760143447948,0.016828915632738566,4.409447975806569,1.576387259514222,0.8305889376649485,19,0.0009686187234855593,29,0.8170311450958252,0.7409224979776059
S3,4,39,1,MGCUBED,hyb,sample,500,10,1004,2e-17,5.179505012156498,2.0,7.07e-06,5258.384124964733,3.16e-11,5,1.0,0.7540432890493829,0.008100766900884392,0.7978756631071123,0.023362800237407784,0.7050638985318975,1.0541829006236887,1.0975372346818324,1.0539953492794076,1.0973560286739974,1.0521345820552956,1.0955584087488792,1.034880664624744,1.0789068018519545,0.9351663131758683,0.9831961043241426,0.7835357879445609,0.8354793062126973,0.7540432890493829,0.7978756631071123,0.8266707797134482,0.859935048129197,0.8995864131039697,0.9051152367177412,0.9973555409058299,0.9868775279562536,0.43003852106543067,0.13181671940928272,0.4705516107728963,10.359010024312996,1.462878437277895e+18,4.666013712929507e+17,5.648719071974882,1.8017218641465522,0.03445535487969292,0.014519235969867875,0.5924862891387647,0.14895489124397346,0.8466301088503303,0.0476,0.0,0.25489382535501864,0.12494298897107498,0.020883592043002476,12.205458947395337,35.344520931601,11.27352862283291,13,0.001,40,1.745103120803833,0.7409224979776059
S3,4,40,1,MGCUBED,hyb,sample,500,10,1004,1.3207870388648261e-18,4.188384237393054,2.0,7.07e-06,17818.794806599042,3.16e-11,5,1.0,0.7549542813179674,0.012316562520278723,0.8064676412868577,0.014348265730904291,0.7208440690235551,1.0509916114912077,1.1004975244222948,1.0505402673732172,1.1000290678227151,1.0461215588555333,1.0954434474936519,1.0095672164863192,1.0575647856110653,0.8792689712302719,0.9244219361430261,0.7756584341463798,0.8266357658372488,0.7549542813179674,0.8064676412868577,0.7856891885990481,0.8179532911074447,0.9078612997061104,0.9043138880383659,1.0339958474995066,1.0212092236492167,5.265781272735597,0.13181671940928272,0.4705516107728963,8.376768474786108,4.956457924498384e+18,1.565391449906905e+18,1.5629954212202286,0.4936387448238864,0.07992412993932703,0.046577444553873804,0.30895802046529297,0.12023086218144305,0.5822349194639277,0.0,0.0,0.20716127361848208,0.09780288255860765,0.01974251518966547,10.493155083245114,119.75269194958686,37.8213318738483,13,0.001,40,1.3952791690826416,0.7409224979776059
S3,4,41,1,MGCUBED,hyb,sample,500,10,1004,6.35119057856795e-19,2.0656568451791006,2.0,7.07e-06,12294.387280750318,3.16e-11,5,1.0,0.772520861636068,0.009793606576662598,0.8215944695445263,0.017240169881465674,0.7469758762679258,1.1225823625958076,1.1641691499435158,1.1213331542501852,1.1629860706262276,1.1095045463018696,1.15176514326488,1.0318368886728913,1.0772365673339428,0.873385023156156,0.9223784610964765,0.7910442803581419,0.8455425249814337,0.772520861636068,0.8215944695445263,0.7938379643151912,0.8212034039922711,0.9356350089337475,0.929232750784518,1.0517954814539252,1.0401147278375205,5.400725814101434,0.13181671940928272,0.4705516107728963,4.131313690358201,3.4198874014045983e+18,1.0821139255104644e+18,1.0514987856892015,0.33271314084326287,0.1816247994849266,0.11798874006901562,0.2385172974991516,0.09227833240228933,0.4422519016221799,0.0,0.0,0.1283642698623675,0.08083699933627872,0.018346703021179786,6.99658514743392,82.6277008140093,26.144891684746323,13,0.001,40,1.0502240657806396,0.7409224979776059
S3,4,42,1,MGCUBED,hyb,sample,500,10,1004,5e-20,0.1,2.0,7.07e-06,20000.0,3.16e-11,1,0.1,0.9028601430230369,0.006093652958536379,0.9168573497631595,0.008762543358326326,0.8939569999025488,0.9455574068472699,0.9600407875177728,0.9449332897370312,0.9594394240743178,0.9396290403547936,0.9543219725074932,0.9200580430352746,0.9352160536363039,0.9060507022350285,0.9213753586220216,0.9028601430230369,0.9168573497631595,0.9240651954621647,0.9317185003310104,0.9819924254212851,0.9798991446464738,1.0248535667092522,1.0121582592931333,1.053658379980616,1.0436255585644383,3.321078134347694,0.13181671940928272,0.4705516107728963,0.2,5.563143001462194e+18,1.756204209670772e+18,2.7815715007310966,0.8781021048353859,2.662262071442727,1.3222016294107735,0.4480314139043137,0.11057672756779022,0.6030840254917345,0.0,0.0,0.022111177341832537,0.11035034312662735,0.02164524203377813,1.0215259920553117,134.41077484643932,42.43154787651223,13,0.001,40,0.8001668453216553,0.7409224979776059
S3,4,43,1,MGCUBED,hyb,sample,500,10,1004,5.888611667281224e-19,4.930969995920497,0.5,7.07e-06,18139.114899061744,3.16e-11,5,1.0,0.8094435040634977,0.014906053479852417,0.8382853754896527,0.020259639950999025,0.7779229873995944,1.1672254907036466,1.1774562275940712,1.166119273681548,1.1764128594864582,1.1555442659062538,1.1664526571337115,1.0820033137622418,1.097939912762925,0.9192625409021431,0.9483246987024504,0.8327127509667059,0.8616117071769738,0.8094435040634977,0.8382853754896527,0.8252935471154512,0.841671573923664,0.957183300262287,0.9485274114741594,1.0471318829858258,1.0362065765164699,13.904921533174365,0.5272668776371309,0.7914984825837854,2.4654849979602487,1.1162357384254233e+19,6.381422250526947e+18,1.333019425826212,0.7620755662555214,0.23018292614322142,0.17385183570965393,0.4205133254163725,0.08704033307878406,0.5602929085370921,0.0,0.0,0.030024724593155368,0.08633625563668737,0.021705416427236213,1.3832825872660977,269.6930682414853,154.18117224205682,53,0.001,10,0.44233083724975586,0.7409224979776059
S3,4,44,1,MGCUBED,hyb,sample,500,10,1004,5e-20,10.0,2.0,7.07e-06,20000.0,3.16e-11,1,0.1,0.9855750231968928,0.004501012171330572,0.9750881022097488,0.0044932443706512505,0.9760937314546787,1.049492520786022,1.0328904607214457,1.0490231414593671,1.0323912883815272,1.0447626032109723,1.0278815028609665,1.0224405547991624,1.0050135000832277,0.9919382711313082,0.9772480894178879,0.9855750231968928,0.9750881022097488,0.9924239063216754,0.9878689071316101,0.9980084867031842,0.9964178484025743,1.0164212031140232,1.017803884597535,1.251595577405549,1.2613282920965359,332.10781343476935,0.13181671940928272,0.4705516107728963,20.0,5.563143001462194e+18,1.756204209670772e+18,0.027815715007310973,0.008781021048353859,0.04956477070518097,0.04864685300092375,0.008679888084211227,0.0049508768700010555,0.0247010159677384,0.0,0.0,0.00980243436281729,0.0035598327424381376,0.003965698903981247,2.47180499582972,134.41077484643932,42.43154787651223,13,0.001,40,0.8167002201080322,0.7409224979776059
S3,4,45,1,MGCUBED,hyb,sample,500,10,1004,6.345732456867103e-19,7.462619898765001,2.0,7.07e-06,17014.46328514646,3.16e-11,5,1.0,0.7486912354675302,0.007432773774032681,0.7819566070526264,0.01325312752260061,0.7224775688536387,1.0909655262388522,1.1316721155723783,1.0901826891019568,1.1308861107203272,1.082623493036844,1.1233021429432353,1.0261613778456862,1.0669832958530976,0.873135682121698,0.916183233761406,0.7668440948105444,0.8083656939100867,0.7486912354675302,0.7819566070526264,0.8199449320181053,0.8310282604724202,0.9881910513777397,0.9775310121403811,1.0973376581361902,1.092853857338166,19.528040253191126,0.13181671940928272,0.4705516107728963,14.925239797530002,4.732739435071892e+18,1.4950281856721748e+18,0.40244175169635443,0.1271275907181214,0.05944366822885355,0.04777424693267509,0.1092721618945091,0.05504336100576503,0.2667902470021069,0.0,0.0,0.10494161946564692,0.041343499118481945,0.013338961801468536,7.867300396204262,114.3474425243274,36.12128913469365,13,0.001,40,1.2066361904144287,0.7409224979776059
S3,4,46,1,MGCUBED,hyb,sample,500,10,1004,2e-17,10.0,0.5,7.07e-06,200.0,3.16e-11,3,1.0,0.9611816863759863,0.009208987303634788,0.9774025750857112,0.011650856188320596,0.9437999607803512,1.1474314440472495,1.1678100374954756,1.1470547750230888,1.1674382064402469,1.143386690806518,1.1638171091171006,1.114308329792392,1.1351265089841398,1.0261782038620058,1.0495113306823314,0.9712840687892486,0.9966531875492917,0.9611816863759863,0.9774025750857112,0.9910648103290353,0.9895680407450511,1.0118790848985793,1.0043544488274947,1.0643087710945243,1.0631803709795649,0.8302695335869232,0.5272668776371309,0.7914984825837854,5.0,1.2891007566755227e+17,9.650220891252669e+16,0.25782015133510455,0.1930044178250534,0.16764397265570627,0.15900524394342974,0.1614260569408126,0.01729852870403787,0.1992922597800434,0.0,0.0,0.019519021210114885,0.015930251855111894,0.01641987610633109,1.1887435132710193,3.1145888486840425,2.331584262873783,53,0.001,10,0.3971409797668457,0.7409224979776059
S3,4,47,1,MGCUBED,hyb,sample,500,10,1004,2.1065563015549593e-18,10.0,2.0,7.07e-06,14466.583132239488,3.16e-11,5,1.0,0.7439303026452795,0.005146975595168826,0.7862118303662987,0.014671279726510264,0.6998540895730557,1.062969003056276,1.1013169839801116,1.062611509684218,1.1009839050625156,1.0590946175510951,1.0977102946553405,1.0288248782458163,1.069762610432305,0.9037641267518037,0.9571843354715529,0.7753276783170168,0.8309756911088495,0.7439303026452795,0.7862118303662987,0.7786658788219389,0.8017725406481624,0.9425137201466443,0.9331051057034383,1.0553160713168028,1.04325930166106,7.882718662435539,0.13181671940928272,0.4705516107728963,20.0,4.0240666007427354e+18,1.2721385442048689e+18,0.8476922855671454,0.2679831466745719,0.03943270076667077,0.027060783005138003,0.20002696301033698,0.09253167490315851,0.44630324482601136,0.0,0.0,0.181273160240818,0.06983848778748504,0.017063660478328222,10.623345469809644,97.22523934713632,30.736065456821013,13,0.001,40,1.5441091060638428,0.7409224979776059
S3,4,48,1,MGCUBED,hyb,sample,500,10,1004,2e-17,10.0,2.0,7.07e-06,8143.064879901388,3.16e-11,5,1.0,0.7378355284679888,0.011014627177308419,0.76780038777688,0.01728147184107851,0.6842961157701445,0.9881245619098525,1.0241305203320075,0.9880141423194715,1.0240161927593714,0.9869158007150398,1.022879095076683,0.9764840894887612,1.0120897757763536,0.9068238569387681,0.940503994781848,0.7657934259065429,0.7979556252258357,0.7378355284679888,0.76780038777688,0.8176211215355831,0.8444519250621418,0.8933909265047294,0.8957330600996108,1.0007682018354993,0.9885581737801108,0.8302695335869232,0.13181671940928272,0.4705516107728963,20.0,2.2652297112981105e+18,7.189544729417409e+17,4.530459422596222,1.437908945883482,0.020509379599442067,0.009040840223094518,0.5402093353910492,0.15348324761635074,0.8175522123866907,0.0058,0.0,0.2735088440406207,0.1265605840166379,0.021149536053382108,12.932143917969434,54.73008344756355,17.370617250358936,13,0.001,40,2.0123510360717773,0.7378355284679888
S3,4,49,1,MGCUBED,hyb,sample,500,10,1004,1.0379982512015115e-18,10.0,2.0,7.07e-06,20000.0,3.16e-11,5,1.0,0.7354143883567372,0.007240672523195873,0.7690057904443937,0.012587411429100024,0.7085963563703028,1.0633530114040215,1.0856204570351555,1.0628280167152893,1.0850650056011832,1.0576937017287071,1.0796317829977926,1.0155966675360473,1.035014693171015,0.870474324745896,0.8811019140563427,0.7534797038011963,0.7703621044684139,0.7354143883567372,0.7690057904443937,0.7873918271735695,0.8056163057766034,0.9666991063920687,0.9570835409740299,1.072254384710147,1.064371632913679,15.997513148521463,0.13181671940928272,0.4705516107728963,20.0,5.563143001462194e+18,1.756204209670772e+18,0.5774532706701686,0.1822936898390994,0.04229067652962319,0.031696660008672016,0.14768592969684222,0.07269373999666993,0.35251108930931335,0.0,0.0,0.14305027323638106,0.0541746228846952,0.015140626556207524,9.448107890735322,134.41077484643932,42.43154787651223,13,0.001,40,1.405683994293213,0.7354143883567372
S3,4,50,1,MGCUBED,hyb,sample,500,10,1004,4.81015049139979e-19,10.0,1.2319266880740796,7.07e-06,16736.022141462978,3.16e-11,4,1.0,0.7745283052426462,0.009313141656335205,0.7927798384239334,0.013944101861228502,0.7486785687432377,1.0193835935763116,0.9989043556942765,1.0188306959667528,0.9983663140398036,1.0134649296482483,0.9931556110791924,0.9720989673547298,0.9537280787421624,0.8576526353066178,0.8548605007142293,0.7843833167797927,0.801365432969164,0.7745283052426462,0.7927798384239334,0.8883106162506562,0.8901073636394745,1.0098699597470893,0.9993139211869794,1.1215335625878484,1.1202475757416863,34.52156164641363,0.21400091529043352,0.577013496951919,12.319266880740795,5.754800376396471e+18,2.386673913800347e+18,0.2768145585843118,0.114802606992778,0.07281438078341206,0.06357513781321164,0.10105332468880107,0.041519377497946965,0.20593127488225574,0.0,0.0,0.058583419170615984,0.03602025589752006,0.013078502600945648,4.47936747486521,139.0413975471644,57.664289768458616,21,0.0009855413504592638,25,0.8261172771453857,0.7354143883567372
S3,4,51,1,MGCUBED,hyb,sample,500,10,1004,7.044046394514188e-18,10.0,2.0,7.07e-06,10812.818422601307,3.16e-11,5,1.0,0.7387190089742462,0.010179264668482006,0.7716391496589041,0.015439983014827553,0.6867802488100117,1.0281514141551487,1.027626809850066,1.0279662119251014,1.0274504672372253,1.0261289051820772,1.0257015384110657,1.0091067037178743,1.009541576463429,0.9114351988055234,0.9186574056228427,0.7666064744235264,0.7920900124997147,0.7387190089742462,0.7716391496589041,0.7883980899190879,0.8145784456469469,0.8940551958988259,0.8901592677635153,1.0215799822471443,1.0072976914115477,2.357365318415638,0.13181671940928272,0.4705516107728963,20.0,3.0078006708885074e+18,9.525056504802633e+17,2.1187087471189545,0.670949399301989,0.029923108396272595,0.016032276193212885,0.3700514936947365,0.13760976825641102,0.6740881342403987,0.0,0.0,0.26057376765456336,0.10865244131737417,0.02054877732544252,12.680743166744685,72.67129725975131,23.013433681825862,13,0.001,40,1.7713608741760254,0.7354143883567372
S3,4,52,1,MGCUBED,hyb,sample,500,10,1004,2e-17,3.261222480189449,2.0,7.07e-06,4932.372036308989,3.16e-11,4,1.0,0.829278080048263,0.012842772364987619,0.8560706455182322,0.017956277722661212,0.7934140551837701,1.010826282770158,1.062578968209407,1.0107058788435843,1.062453407298118,1.0095114414091149,1.0612077021446022,0.998447833908728,1.049660073476045,0.9349304273816562,0.9830464070743758,0.8409699894002791,0.8800901892397895,0.829278080048263,0.8560706455182322,0.8756308482039383,0.8946140218972076,0.9349429565196055,0.932088046061146,0.9978388959534132,0.9871809441448158,0.27076936675500834,0.13181671940928272,0.4705516107728963,6.522444960378898,1.3722007377677212e+18,4.3808169485857056e+17,8.41525376513416,2.6866102973331754,0.041587455119359504,0.016283867021265292,0.6774073961811743,0.13942342017416712,0.8913151666173261,0.18892,0.0,0.22238486993007334,0.12009392919182779,0.019848884426917568,11.20389766734153,33.153662302000505,10.584466377460604,13,0.001,40,1.6089091300964355,0.7354143883567372
S3,4,53,1,MGCUBED,hyb,sample,500,10,1004,1.4942052623744847e-17,1.8707130500243998,2.0,7.07e-06,20000.0,3.16e-11,5,0.1,0.8775244495070289,0.018811877847425666,0.9323688238536804,0.028563080825703177,0.7248409800962969,1.2188286453137391,1.3314973821889136,1.2183861386918349,1.331019703609629,1.214034729874339,1.326318776037977,1.1766675274166656,1.2856828749503992,1.0214040224797087,1.1117302381460166,0.8775244495070289,0.9323688238536804,0.8929297865266352,0.9182058188682098,0.9471682072674346,0.959675915132248,0.9767898107308944,0.9752895786810477,0.9971647684686958,0.9917586877698519,0.20789594182669396,0.13181671940928272,0.4705516107728963,3.7414261000487996,5.563143001462194e+18,1.756204209670772e+18,44.43480814985588,14.027429657691561,0.01778599331371678,0.005882665170115815,0.9032204245568723,0.0749621822000917,0.9777913692774425,0.92272,0.69804,0.09157920406416545,0.06847342518681905,0.01233386113563309,7.425023117828766,134.41077484643932,42.43154787651223,13,0.001,40,1.5359959602355957,0.7354143883567372
S3,4,54,1,MGCUBED,hyb,sample,500,10,1004,5e-20,0.8523889601452546,2.0,7.07e-06,20000.0,3.16e-11,5,0.1,0.814855627625902,0.018050701892891357,0.865849480101953,0.021890184454086133,0.7697236928958336,1.1552691262039985,1.191029458422752,1.1472618112926485,1.183987099836214,1.0884945247164481,1.1324260333117484,0.9371489481685036,0.9986848570232688,0.8415223291410479,0.9039319751860694,0.814855627625902,0.865849480101953,0.8182204937448484,0.8544390371481748,0.8755264311260833,0.8892947417959419,1.0026254895810391,0.9971800305298254,1.125836730183227,1.1271322682117426,28.308503374977725,0.13181671940928272,0.4705516107728963,1.7047779202905091,5.563143001462194e+18,1.756204209670772e+18,0.3263265517020648,0.10301659757368861,0.5318022134242114,0.4422641371995215,0.09194959470847404,0.036592044139925436,0.16602643936679368,0.0,0.0,0.02688136659137004,0.035415097932552216,0.01253377839452156,2.144713728393325,134.41077484643932,42.43154787651223,13,0.001,40,0.8392560482025146,0.7354143883567372
S3,4,55,1,MGCUBED,hyb,sample,500,10,1004,2e-17,10.0,2.0,7.07e-06,7173.981973220717,3.16e-11,5,1.0,0.7265823170595288,0.010236377114475025,0.7732681819263232,0.014051353223332085,0.6720207130571717,1.0010670140070492,1.0597335573395879,1.000939664519255,1.0596088850918144,0.999673481534661,1.0583692096258221,0.9876966731825325,1.046633205586354,0.9095349400198403,0.9696221905197223,0.7570984979946054,0.8162251310794485,0.7265823170595288,0.7732681819263232,0.8062366592390593,0.8408800594315922,0.8890809473505726,0.8936939820781834,1.0027385608193717,0.9911443289218391,0.8302695335869232,0.13181671940928272,0.4705516107728963,20.0,1.9956869192661637e+18,6.341786873241528e+17,3.991373838532328,1.268357374648306,0.02204238210381298,0.010017282138639026,0.5121725137185162,0.15230993046465396,0.7976995113513706,0.0,0.0,0.2758970245468777,0.12445442416557169,0.02123340234269204,12.993538204292255,48.21767570939033,15.322354419423137,13,0.001,40,1.945152997970581,0.7265823170595288
S3,4,56,1,MGCUBED,hyb,sample,500,10,1004,2e-17,10.0,2.0,7.07e-06,5663.864046856426,3.16e-11,5,1.0,0.7262982379870675,0.009280710924096113,0.7730850428563405,0.018068540845311433,0.6738420501666023,0.992832904332986,1.0376308804966672,0.9926956491303333,1.0374995237305569,0.9913319239824455,1.0361945364901501,0.978517186698399,1.0239436277224558,0.898478114472011,0.94790840815834,0.7550203528674078,0.8107627322241726,0.7262982379870675,0.7730850428563405,0.7960953975900177,0.8309089103579396,0.887278731056024,0.8901032049417605,1.00813188093858,0.9959312287411637,0.8302695335869232,0.13181671940928272,0.4705516107728963,20.0,1.5756594898649649e+18,5.020729276412805e+17,3.15131897972993,1.004145855282561,0.024948284012468038,0.012044364753501263,0.45973440274127586,0.14799624976691542,0.7562053375104633,0.0,0.0,0.275790994103074,0.11880726399811177,0.021209363327569425,13.00326605016858,38.069417390714264,12.130554834910328,13,0.001,40,1.8895139694213867,0.7262982379870675
S3,4,57,1,MGCUBED,hyb,sample,500,10,1004,1.1825159947620585e-17,10.0,2.0,7.07e-06,6659.085413239087,3.16e-11,5,1.0,0.7400999523549213,0.011294210525270893,0.7716706193256224,0.018039247198985704,0.6873071096942883,1.0273658511713577,1.027219915707967,1.0271904861383174,1.027051958135285,1.0254505688236297,1.0253859142305832,1.0093111424057502,1.0099657398506887,0.9155767931146868,0.9218845616052873,0.7705192528818581,0.7928222627897381,0.7400999523549213,0.7716706193256224,0.7893724406210997,0.8156320133929054,0.8937335320417921,0.8900176873261696,1.0198992502246806,1.0056220167600995,1.4042423734893954,0.13181671940928272,0.4705516107728963,20.0,1.852472488975086e+18,5.891353168515992e+17,2.1905783480697205,0.6966619352562294,0.02946963031409614,0.015671140008283978,0.3785254586320687,0.13797952480380282,0.6814710132426429,0.0,0.0,0.26309504344925777,0.10861939611802995,0.02066105298669022,12.73386422360674,44.75748017971301,14.234064162401186,13,0.001,40,1.807142972946167,0.7262982379870675
S3,4,58,1,MGCUBED,hyb,sample,500,10,1004,2e-17,10.0,2.0,7.07e-06,9391.161047829335,3.16e-11,5,1.0,0.7426425538050798,0.010560485621169674,0.7730315120153244,0.01687267924270969,0.6882364314401579,1.0013061803441956,1.0025561342270444,1.0011961207215614,1.0024544423743516,1.0001010162276083,1.0014428941836764,0.9896697518653264,0.9918347952076099,0.9189109462444363,0.9280275821197256,0.7740072174806595,0.8029363973544912,0.7426425538050798,0.7730315120153244,0.8247331083885576,0.8521032385661655,0.8970302226840714,0.900584867273726,0.9984816619148977,0.9868194191343684,0.8302695335869232,0.13181671940928272,0.4705516107728963,20.0,2.612377848478624e+18,8.281384575450915e+17,5.224755696957248,1.656276915090183,0.018823338679771064,0.008032443751076165,0.5714345070008827,0.15383979298423908,0.8379848831390153,0.02952,0.0,0.268845505263246,0.12811442346835203,0.020976090166388798,12.81675961204785,63.117509421094475,20.008605158902867,13,0.001,40,2.0179078578948975,0.7262982379870675
S3,4,59,1,MGCUBED,hyb,sample,500,10,1004,5.465582334965828e-19,0.4981842462960023,2.0,7.07e-06,200.0,3.16e-11,5,1.0,0.9918744524669977,0.0044490009111131535,0.9885858006956363,0.005363982423041605,0.9856736385351473,1.407076316128528,1.4736438680231656,1.364933840838359,1.428136254813263,1.2086044867054817,1.2538467399445667,1.059916402031656,1.0792864056067617,1.0091218577594527,1.0110713184564937,0.9927257153946538,0.9897801302818754,0.9918744524669977,0.9885858006956363,0.998557264293984,0.9956012076448406,1.0151031855902484,1.0149701595185983,1.2302654217123021,1.2395535890193616,1.5135704723223087,0.13181671940928272,0.4705516107728963,0.9963684925920046,5.5928659489327064e+16,2.4091772585595628e+16,0.06135936565556507,0.026431098060778264,0.9778004049336925,0.9456219785656169,0.02573589211927427,0.004025831988829786,0.03424741177117112,0.0,0.0,0.00441079443023224,0.003758453133796419,0.00705778248302126,0.6249547135864817,1.3512890925340701,0.5820799177376887,13,0.001,40,0.8074479103088379,0.7262982379870675
S3,4,60,1,MGCUBED,hyb,sample,500,10,1004,2e-17,10.0,0.5,7.07e-06,20000.0,3.16e-11,5,1.0,0.9097864998767518,0.005047693765528417,0.9316243834206291,0.009448410504696777,0.8848399721314874,1.2566319639844479,1.2829635421760541,1.256222500010963,1.2825608266648616,1.2521890296605798,1.27859441017351,1.217065277344678,1.244106277186915,1.064718992828946,1.0960558469622639,0.9199310419450499,0.9539439755345711,0.9097864998767518,0.9316243834206291,0.9470441945875502,0.9492930666038351,0.9928409315078832,0.9892554180322017,1.0025348873923732,0.9987655182749062,0.8302695335869232,0.5272668776371309,0.7914984825837854,5.0,1.2306894214753612e+19,7.033378276888106e+18,24.613788429507228,14.066756553776214,0.013274257089517622,0.007808294370449274,0.9248446382687723,0.031134712336265143,0.9606668431895058,0.99832,0.83388,0.01496166930061722,0.030681667009543008,0.01154269791525968,1.2962021020092358,297.3461561069734,169.93304391711115,53,0.001,10,0.6352591514587402,0.7262982379870675
S3,4,61,1,MGCUBED,hyb,sample,500,10,1004,2.022631801886061e-18,10.0,1.034768372622649,7.07e-06,6815.591689431137,3.16e-11,4,1.0,0.7618877612341021,0.014558657587429366,0.7965018213877014,0.014830337707688044,0.7223144365732741,0.9716698515384031,1.0394660775252578,0.9713884950251005,1.0391869465398074,0.9686253754622621,1.0364426887735858,0.9451893951598802,1.012939047834935,0.855467057019338,0.9181979655070682,0.7822829580318105,0.8300206521617468,0.7618877612341021,0.7965018213877014,0.8242582630932146,0.8350056433949632,0.9936274331849704,0.9828811972379862,1.0733138543211784,1.065330740970915,8.209794118857568,0.254775315707011,0.618021890028556,10.34768372622649,2.572874251450881e+18,1.1646587150752932e+18,0.5203977283238346,0.23556757554550445,0.07821505428296738,0.06356230556731163,0.18560884450190698,0.06434357703940642,0.3309922265422385,0.0,0.0,0.07863719550953027,0.058248697362755786,0.016944378761052762,4.640901659391643,62.16306530841846,28.139251549669584,25,0.0009854936882120469,21,0.817018985748291,0.7262982379870675
S3,4,62,1,MGCUBED,hyb,sample,500,10,1004,2.7091427505389472e-18,10.0,1.3313304013488456,7.07e-06,9845.803982846326,3.16e-11,5,1.0,0.7462487281885624,0.012606192577723689,0.7843246705238649,0.02033589399904493,0.7067884591394075,1.0443829702586562,1.0950343024635842,1.0440041130309563,1.0946659960853573,1.0402819535018375,1.0910464035896172,1.0086109787401427,1.0601520786655363,0.8853033073134462,0.9364104693995857,0.7761517195576504,0.816737414283482,0.7462487281885624,0.7843246705238649,0.775590703807901,0.7992095223032404,0.9386876656792362,0.9307675910044167,1.0563122654474366,1.044600074443819,6.129389331158371,0.19802254838578282,0.5591495178100447,13.313304013488455,3.260193574852675e+18,1.3062960408174715e+18,0.8832329788665779,0.35389424490383814,0.05547910016355806,0.039885046229963236,0.25033011511834474,0.09088722396791973,0.45853852273846374,0.0,0.0,0.13592501007947852,0.07827722102226616,0.018737780646416693,7.254061334391383,78.76934754870672,31.56134274796881,20,0.0009861706676658115,27,1.1211998462677002,0.7262982379870675
S3,4,63,1,MGCUBED,hyb,sample,500,10,1004,8.618537475447451e-19,10.0,0.5,7.07e-06,9798.43306374828,3.16e-11,5,1.0,0.7736339289322259,0.01486038678629466,0.8054096105001827,0.021014025156936084,0.7456661147588519,1.0921681598233444,1.1032882887164792,1.0913279387550026,1.102485183320414,1.083253604419561,1.0947711688552866,1.0250440471081244,1.0393496965995825,0.8826566400632696,0.9051327794345114,0.7964241146177745,0.827068465292033,0.7736339289322259,0.8054096105001827,0.8073020783352408,0.8218338483591557,0.9888942101862405,0.9797594373237724,1.0761730085899828,1.0679460296780623,19.267063256433026,0.5272668776371309,0.7914984825837854,5.0,6.032423490334509e+18,3.4592870882044943e+18,0.5199066791921748,0.2981399540802193,0.15406659302902936,0.13158702618919954,0.2253428943494306,0.058837469405605136,0.33441876787211866,0.0,0.0,0.026851874405677843,0.05800726818630311,0.018392796583424912,1.4599125415150855,145.74903347345375,83.57963435770738,53,0.001,10,0.4391179084777832,0.7262982379870675
S3,4,64,1,MGCUBED,hyb,sample,500,10,1004,2e-17,10.0,2.0,7.07e-06,4536.716378226636,3.16e-11,5,1.0,0.7410633037620515,0.012388397025252691,0.7774321100744134,0.015277439259336134,0.6850922627166967,1.016513955540709,1.0513185266012794,1.0163582577058494,1.0511590237989927,1.014812944120902,1.0495762528366726,1.0004319904016765,1.0348738799201835,0.9150523921928316,0.9486955422146195,0.7739620335908799,0.8111878039851199,0.7410633037620515,0.7774321100744134,0.7934702323590129,0.8212680243143815,0.8912115563845358,0.888967048892126,1.0146848109389976,1.000780571790048,0.8302695335869232,0.13181671940928272,0.4705516107728963,20.0,1.262152226925608e+18,4.034695692945521e+17,2.524304453851216,0.8069391385891044,0.027671103543111603,0.014187196553170097,0.4111703320092015,0.1415733515342889,0.7118406348266174,0.0,0.0,0.27037874974924414,0.11169812014603481,0.020974736392333687,12.89068642827226,30.49478662522976,9.748204822631042,13,0.001,40,1.8501121997833252,0.7262982379870675
S3,4,65,1,MGCUBED,hyb,sample,500,10,1004,7.488781587539869e-18,10.0,1.4635313383816237,7.07e-06,7511.462418157645,3.16e-11,5,1.0,0.7364367513075358,0.007291121616448077,0.7808004321667144,0.01679652353008577,0.6994232688717847,1.0617332625360856,1.1167326019752422,1.0614802937216195,1.1164832791904684,1.0589757698216495,1.1140148374826595,1.0361920003176062,1.0915578766683673,0.917101340375801,0.9740432434160342,0.7652797304063591,0.8205398638042288,0.7364367513075358,0.7808004321667144,0.782708246659664,0.811247666779199,0.9033123123001816,0.8990868197360034,1.0297468561705103,1.0162668678836215,2.2173688039409742,0.18013515112706222,0.5377352580010775,14.635313383816237,2.3778243722071316e+18,9.079435079207788e+17,1.7807007376988313,0.6799390624643487,0.040672835018323306,0.02457218189721268,0.3807645273278893,0.122553802392592,0.6343690384303438,0.0,0.0,0.19209593234166994,0.10487149831651174,0.02090943303501709,9.187046440712491,57.45047650817261,21.936770344452814,18,0.0009756875589210825,30,1.412811040878296,0.7262982379870675
S3,4,66,1,MGCUBED,hyb,sample,500,10,1004,2e-17,10.0,1.1957253420042255,7.07e-06,20000.0,3.16e-11,1,0.1,0.935555396181161,0.00968627381720876,0.9549087010498502,0.015623640428072565,0.8935312986374887,0.9633509001645791,0.9870347590123443,0.9633433334677391,0.9870267576516983,0.9632678103156103,0.9869468865306118,0.962526694898218,0.9861621649450159,0.9563040049360696,0.9794961171492396,0.935555396181161,0.9549087010498502,0.9369322853609248,0.9428069359574824,0.9747216765229385,0.9695447533089563,0.9919777895974062,0.9843380817123577,0.9963271071077804,0.9898577374972607,0.8302695335869232,0.22047992925923435,0.5839478961991267,11.957253420042255,6.985540804490862e+18,2.9402163391742065e+18,13.971081608981725,5.880432678348414,0.012154939917443043,0.005586185954738441,0.8239485809440446,0.09007056929653484,0.9326286517758035,0.7316,0.14476,0.09840501299492067,0.08415840981979279,0.016329160978668662,6.026336143263606,168.7772455258207,71.03839614777013,22,0.0009964377850035214,24,1.3325848579406738,0.7262982379870675
S3,4,67,1,MGCUBED,hyb,sample,500,10,1004,1.6641757944453367e-18,10.0,1.6709511555745982,7.07e-06,10988.598487463772,3.16e-11,5,1.0,0.7373073427367796,0.006460765754213861,0.7763650069299879,0.017031106262653733,0.7082026421584937,1.0387384098318775,1.0467865209058957,1.0382644674954562,1.0463050599271846,1.0336311060095373,1.0415993494597082,0.9957624092734012,1.0032193807738599,0.8674331425974293,0.8749965027246471,0.7622185384471993,0.7857728090985507,0.7373073427367796,0.7763650069299879,0.7859616436394697,0.8050845970542622,0.9697644646912833,0.9592063413540247,1.0753009576712815,1.0658976170913486,9.978146976517573,0.15777447350213447,0.5085378002147407,16.709511555745983,3.282726615409023e+18,1.1610442082655608e+18,0.5463034173145163,0.19321816676764966,0.05015524868566463,0.038702723683053,0.1560496542375055,0.06943404723475124,0.3400228280493765,0.0,0.0,0.12263046897903924,0.055192768217563096,0.015601964902639704,7.859937497891137,79.3137670324462,28.051921660638122,16,0.000982912444455646,34,1.3354320526123047,0.7262982379870675
S3,4,68,1,MGCUBED,hyb,sample,500,10,1004,2e-17,10.0,1.5813969119742155,7.07e-06,5490.113400370614,3.16e-11,5,1.0,0.7389497920191194,0.021248191801878084,0.7791367137291119,0.020903891404225453,0.6965757538084079,0.9829076923854192,1.050342578140383,0.9827752218232104,1.050206372081504,0.9814593709671623,1.0488532665376338,0.9691222734782663,1.0361529522725506,0.8927932205099205,0.9568201856030516,0.7592032662832553,0.8121989279034191,0.7389497920191194,0.7791367137291119,0.8062690365639685,0.8358846145720975,0.8959829886000603,0.8964437262113887,1.009056525419567,0.9970492414683447,0.8302695335869232,0.1667092156449487,0.5205559593954967,15.813969119742154,1.6798296435913828e+18,6.173811300566634e+17,3.359659287182766,1.234762260113327,0.028296178408393564,0.014504626955234945,0.5151079221176837,0.13846564666399058,0.7681688563433449,0.0,0.0,0.22046504112401655,0.11867006303861426,0.021438053457234818,10.283818051102722,40.58626642273814,14.916509614201113,17,0.0009883730699838846,32,1.5390729904174805,0.7262982379870675
S3,4,69,1,MGCUBED,hyb,sample,500,10,1004,5e-20,0.1,2.0,7.07e-06,13111.15873280967,3.16e-11,5,1.0,0.7806110376174141,0.01383480506150705,0.8137358102163805,0.011789630416025404,0.7741522046600545,1.1216085228017605,1.1298229159272397,1.1056226562385523,1.1133871802336117,1.013102035565153,1.0177289671300522,0.8687857363245332,0.8766557167895039,0.8028641144240447,0.8254929036219989,0.78241034189512,0.812362556618349,0.7806110376174141,0.8137358102163805,0.8018826165477522,0.818183682625224,0.9600827229807176,0.9487489312312121,1.0874781600573833,1.0754580933992108,3.321078134347694,0.13181671940928272,0.4705516107728963,0.2,3.6470659597326423e+18,1.1535654401755205e+18,1.823532979866321,0.5767827200877602,3.1710139490377665,1.7708310955293756,0.35288717612549225,0.09531472658766585,0.495823827477143,0.0,0.0,0.01799019399652695,0.09514169571315348,0.020859628841270128,0.8624407525858709,88.11654876297334,27.87122757932205,13,0.001,40,0.865401029586792,0.7262982379870675
S3,4,70,1,MGCUBED,hyb,sample,500,10,1004,1.1855828238189675e-19,5.8174015942510175,1.6420493478168157,7.07e-06,11290.293474630387,3.16e-11,1,0.1,0.9798678549657625,0.005871435547752722,0.9732082304618193,0.005767423183743353,0.9680886364008894,1.021960656791149,1.0147164882360449,1.0217129014357986,1.014458252855891,1.0193886924796751,1.0120331472372104,1.0051315684476083,0.9970942586113682,0.9822850473396612,0.9740483529165971,0.9798678549657625,0.9732082304618193,0.9889407687643912,0.9829857539038986,0.9950359888365924,0.9920890049351181,1.0141522980941073,1.0149664121771047,1.2470065794838083,1.256618518282647,81.4791039699498,0.16055147134833608,0.512326110780505,9.552460493828388,3.395848087020109e+18,1.2120339899809597e+18,0.06920717263611727,0.024701177271761035,0.10216155967838826,0.09790906117498628,0.023970126560298358,0.011501024788235654,0.05590351886812978,0.0,0.0,0.01832934042727348,0.009433516677005423,0.006606002685236958,2.7746492547203685,82.04688833582078,29.283882814219144,16,0.0009951814229192822,33,0.6959068775177002,0.7262982379870675
S3,4,71,1,MGCUBED,hyb,sample,500,10,1004,1.4180557914537163e-18,10.0,1.466390560522844,7.07e-06,14919.592186004656,3.16e-11,5,1.0,0.7355924812498158,0.009397416569525576,0.7755288717306212,0.014786753548096207,0.7101212965821746,1.0380516165183498,1.0839801855919577,1.0375950011898476,1.0835557066417323,1.0331219826682925,1.0793957027289178,0.9959245197492038,1.04466696798617,0.8607930241315096,0.9155762256360358,0.7532218421986021,0.80261941406258,0.7355924812498158,0.7755288717306212,0.7765345195494597,0.7978674306121795,0.9558056169661556,0.9465799867490163,1.0673744753798409,1.0568355065114046,11.709969926299932,0.1797839169972333,0.5372984939356735,14.66390560522844,4.71837034953963e+18,1.7912747469091612e+18,0.6690912400388168,0.2540127528939326,0.054381150394301137,0.04085735667147267,0.1947252455274362,0.07875645344594684,0.38878911521788323,0.0,0.0,0.12665223460373665,0.06575656936199802,0.017080997981302436,7.41480297242441,114.00027188360893,43.2788850891731,18,0.0009775937070152293,30,1.1419398784637451,0.7262982379870675
S3,4,72,1,MGCUBED,hyb,sample,500,10,1004,4.509356714694394e-18,10.0,1.2712361850248588,7.07e-06,9018.703190974962,3.16e-11,5,1.0,0.7434211614843219,0.009563541461785254,0.791652164873456,0.02212310345450003,0.7063320818287184,1.0473352479565234,1.080442545425385,1.0470710308485598,1.0801765057929291,1.0444633376307215,1.0775513704456317,1.021377799888673,1.05435773475783,0.9131867495474845,0.9475095172140324,0.7811809841442221,0.8255777506773162,0.7434211614843219,0.791652164873456,0.7788572129103322,0.8104971266451916,0.9151410217142978,0.9105293557376826,1.0396824712247883,1.026921314610976,3.6824300498621874,0.20738352315971098,0.5697507581313119,12.712361850248588,3.0552440595415813e+18,1.2542498061673004e+18,1.3777185314923988,0.5655859785344658,0.050245460462983546,0.03308364187937793,0.3433268491481767,0.1095425696679549,0.5720247657582271,0.0,0.0,0.15596425221107021,0.09629539494994509,0.02054331723475091,7.591970197843332,73.81757421659466,30.303856696409394,21,0.0009778739884806606,26,1.2121548652648926,0.7262982379870675
S3,4,73,1,MGCUBED,hyb,sample,500,10,1004,5e-20,0.1,0.5,7.07e-06,20000.0,3.16e-11,1,0.01,0.8998547916082664,0.017401117404775727,0.9515116014095796,0.0175438841788048,0.8829897194888824,0.948790087317071,0.9964624304621615,0.9473549304977886,0.9951647668206093,0.9367269274471448,0.9855791851079292,0.9115288440152014,0.9630113826811636,0.8998547916082664,0.9515116014095796,0.9007022287192459,0.947432866261224,0.9282691747320871,0.9573479405068479,0.9931952096928498,0.9934321803864206,1.0227095022055959,1.0140609960407247,1.0291055089248913,1.0209650496282685,3.321078134347694,0.5272668776371309,0.7914984825837854,0.05,1.2306894214753612e+19,7.033378276888106e+18,6.153447107376805,3.5166891384440526,4.428022249698098,2.7958548794434392,0.7672623831389704,0.05446698255152853,0.8432757506438255,0.37336,0.0,0.0062257476274626715,0.05441899716608706,0.01868611209996742,0.33317511926269167,297.3461561069734,169.93304391711115,53,0.001,10,0.22153973579406738,0.7262982379870675
S3,4,74,1,MGCUBED,hyb,sample,500,10,1004,1.4125884069636162e-19,0.500172686558617,1.441391888412585,7.07e-06,3992.345796196556,3.16e-11,2,0.1,0.9237685959804613,0.009200697323878553,0.9340439304320093,0.016700362006397507,0.9103589767173441,1.0342331173243298,1.0333818650903166,1.0323649127214185,1.031610686360472,1.017135629453437,1.0172178382839427,0.9673499097873144,0.9713518396839473,0.9316906276593189,0.941611709142205,0.9237685959804613,0.9340439304320093,0.9386794714204421,0.9457950779049276,0.9793283098124936,0.9783178981547195,1.019938707944141,1.0088088658745376,1.1414703967830993,1.14139865787095,5.879676502153789,0.1829019858776275,0.5411530783145027,0.7209448532111209,1.272462400110152e+18,4.936804148016381e+17,0.35936901054313125,0.13942529239090234,1.217340578046545,1.0203768316932542,0.1204579127867026,0.041625826798637924,0.19396866138388216,0.0,0.0,0.012782117079322919,0.041406172352826225,0.014220632266378416,0.8988430921980486,30.74389012053292,11.927783819786585,18,0.000994063371319024,29,0.6106891632080078,0.7262982379870675
S3,4,75,1,MGCUBED,hyb,sample,500,10,1004,9.542759212370544e-20,1.4325593331673063,1.876240814412589,7.07e-06,1582.793494173097,3.16e-11,3,0.01,0.976391943741681,0.012635535641057278,1.0019857701244863,0.03891682426809276,0.9368279649651582,1.1573548565068628,1.2172090923636818,1.1444777871177747,1.204010607216814,1.0777541617524269,1.134408050207527,0.9974672092646001,1.0390415259999504,0.976391943741681,1.0019857701244863,0.9785484083370841,0.9881640746695993,0.9921713517663591,0.9919301490337131,0.9982438141415388,0.9968804238113504,1.0162720150391447,1.0174565491677725,1.249902942551047,1.259555205983598,24.928018048334444,0.14051151472317983,0.4838276719040874,2.6878262899561824,4.513407921136685e+17,1.5475347021681494e+17,0.03006532715359662,0.010308648789385613,0.3682516756551119,0.3611885994392527,0.010188056035748095,0.003997893527577507,0.019363587030426375,0.0,0.0,0.0041473697248421695,0.0037282720213514106,0.004386795913515191,0.9454211699396868,10.904818655903489,3.73898960291877,14,0.00098749516548031,38,0.7929768562316895,0.7262982379870675
S3,4,76,1,MGCUBED,hyb,sample,500,10,1004,1.0554724117240727e-17,3.5658637808129368,1.4508861264519122,7.07e-06,5317.337862450881,3.16e-11,2,1.0,0.8626439018332865,0.008547198634216479,0.8873914178628258,0.011187435528230172,0.8406954880295071,0.9466425857605854,0.9839979463000743,0.9466001766403103,0.9839553812171505,0.9461785087634634,0.9835320473055574,0.9421899460677883,0.9795171320172191,0.9164620828042012,0.9530767668353983,0.871341494850455,0.9026294031371945,0.8626439018332865,0.8873914178628258,0.9013103956222273,0.907266614800068,0.9789570477174576,0.9689372271034825,1.0030191236835606,0.9918657778277774,0.5610052949264662,0.18170512076180034,0.5396795480804986,5.173662288398853,1.689747174462626e+18,6.505439188541661e+17,5.001541379764686,1.9255675515706316,0.0660680962609031,0.03220617277865402,0.6200626623863584,0.13009860278214475,0.8276829753726033,0.02036,0.0,0.17117738358642298,0.11761826774772166,0.020871576302688277,8.201459300626718,40.825883309921686,15.717753827619603,18,0.0009672574176346081,30,1.181128978729248,0.7262982379870675
S3,4,77,1,MGCUBED,hyb,sample,500,10,1004,1.8039381325827565e-19,0.12066212684337306,1.0572070037713557,7.07e-06,3604.5662577113376,3.16e-11,5,0.1,0.75621037071943,0.02515639444319815,0.8083491284738438,0.025846817580578565,0.7454644363977007,1.1071228032258793,1.0884523554703818,1.0893635699266564,1.0723414642846072,0.9874783615846411,0.9851202141175881,0.830925429008901,0.8648445479895184,0.7709872587409882,0.8180734574289158,0.75621037071943,0.8083491284738438,0.7576288918485501,0.8053331888504569,0.8061143357328856,0.82090392149025,0.9904625997666466,0.9772817322878199,1.0809832318028507,1.0679248785598487,1.1107042527275548,0.2493678512137269,0.6129226780843883,0.1275648455887617,1.3458494548840125e+18,6.097920452191722e+17,2.0120888102133816,0.911658987036087,4.100705393711439,2.602562810397509,0.46427715891450066,0.08540867678948136,0.5919100851439342,0.0,0.0,0.011600127148495011,0.08531087903651369,0.021965264569281103,0.5281123344500043,32.51699048722492,14.73315017635915,25,0.0009610972761557779,22,0.5097029209136963,0.7262982379870675
S3,4,78,1,MGCUBED,hyb,sample,500,10,1004,5.972081190756047e-20,0.1,1.373047791038399,7.07e-06,7613.65629545442,3.16e-11,5,0.1,0.7420208277191576,0.014705223500775397,0.7906490272757133,0.02651326922757151,0.7283192769663555,1.0613882293839791,1.1227092566204,1.0403520211961115,1.1009666062787833,0.9345913469281679,0.98800144610292,0.8039513265742263,0.8411299806500854,0.7539588982427958,0.7962921588340848,0.7420208277191576,0.7906490272757133,0.7440902316827687,0.7908622815994999,0.7812278404452504,0.8032365803158076,0.9889816917088418,0.9795007713648435,1.1039946436723374,1.092845604247687,2.7805031682156813,0.19200601795454372,0.552122636930903,0.1373047791038399,2.4826867548979543e+18,9.80056793285488e+17,1.4826806871465241,0.585297874105295,4.594131996416287,2.9335499023229885,0.3593053018942115,0.08195698124043004,0.48662410343463547,0.0,0.0,0.011699595033911256,0.08186038313467678,0.021096724923422485,0.554569255482962,59.98405044398781,23.67909524245478,19,0.0009807484221702849,28,0.6172778606414795,0.7262982379870675
S3,4,79,1,MGCUBED,hyb,sample,500,10,1004,2.428771152732414e-19,0.1962198750450865,1.2661285092479306,7.07e-06,7869.76388444619,3.16e-11,5,1.0,0.8307095878236949,0.008525684321104088,0.8753300121489692,0.010679791480779355,0.8280177941840634,1.1754101710646676,1.2112423447395897,1.1680349812867685,1.2041016909154376,1.1123239380467371,1.1504747953533003,0.957122527246813,1.0046246336118452,0.8567046335779613,0.9099934748717946,0.8313220748090812,0.8828243933353213,0.8307095878236949,0.8753300121489692,0.8517663163562981,0.8764323528935509,0.9505914418046153,0.9454494037707482,1.0408652124314028,1.0290944760012029,1.3415457767676913,0.20822012686149957,0.5706792868857031,0.2484395778756506,2.671244267470447e+18,1.0998626570999338e+18,3.30641379587226,1.3613884388205524,1.7045580054936358,0.9346810962127727,0.553668056955024,0.11021309732356849,0.699490751229599,0.0,0.0,0.021646128112196836,0.10996344610243707,0.02166863709886542,0.9989612181621813,64.53977755028808,26.57371775749963,21,0.0009739450071137928,26,0.613865852355957,0.7262982379870675
S3,4,80,1,MGCUBED,hyb,sample,500,10,1004,5e-20,0.1,1.4806264641747962,7.07e-06,4990.6115768567715,3.16e-11,5,0.1,0.7290219848758259,0.01832195250840143,0.790081220466351,0.028690088794566374,0.7243863608785311,1.0514756349528755,1.0729501589508044,1.0230669140343516,1.0472490896293953,0.8995151689204798,0.9410268045796659,0.7757776374169518,0.8444046555665381,0.7369441081786674,0.8071145717732898,0.7290219848758259,0.790081220466351,0.7354909775052281,0.7863308246341775,0.7813392893403163,0.8035562088011856,1.0086177983144229,1.0032405897982306,1.1261192163100722,1.1239809001322474,3.321078134347694,0.17805533346690341,0.5351393668433024,0.14806264641747963,1.5721979788977882e+18,5.998124387013951e+17,0.786098989448894,0.2999062193506975,5.195680905051027,3.7813682008304736,0.2264339387745878,0.05836074430132434,0.3231150080926694,0.0,0.0,0.00840558871061985,0.05829298854469172,0.018435295454435462,0.45595085424017423,37.985784025345914,14.492033483086221,18,0.000987084309449864,30,0.6361818313598633,0.7262982379870675
S3,4,81,1,MGCUBED,hyb,sample,500,10,1004,2e-17,10.0,1.4303363988419153,7.07e-06,2900.9269213893767,3.16e-11,5,1.0,0.7460366580859688,0.01666819681459127,0.7856219040061835,0.022728817169831102,0.6957465702629445,1.0441909690476407,1.0963588943874474,1.0440020424033158,1.0961554653808696,1.0421292795699222,1.0941390332042513,1.0249002747040463,1.0755970512499053,0.9288724067364436,0.9729410212805231,0.7866445339866147,0.8271665334921453,0.7460366580859688,0.7856219040061835,0.7849986022304348,0.8125551853926579,0.9044962999910673,0.8999545133391699,1.0255522134867987,1.0126532860716364,0.8302695335869232,0.1843156889749982,0.542883981735766,14.303363988419154,9.278817685324454e+17,3.637892344381733e+17,1.855763537064891,0.7275784688763467,0.04046914477869767,0.024481586891250053,0.3975325996523004,0.12007893252131056,0.6442232200919051,0.0,0.0,0.19168977558499306,0.1022301090318527,0.021141158568800802,9.06713673998361,22.418497500702436,8.7894905575456,18,0.000986438895753045,29,1.3716471195220947,0.7262982379870675
S3,4,82,1,MGCUBED,hyb,sample,500,10,1004,5e-20,0.1,1.2597598757557888,7.07e-06,936.2068032900422,3.16e-11,5,0.1,0.7970020999324171,0.03856330059332189,0.8141595048486252,0.05147103272525015,0.8183988238744385,1.1588866024265179,1.1925191779124011,1.0628757306578405,1.0969619866448417,0.8970277215209326,0.9264460635567492,0.8229935716014071,0.8460307040940046,0.8001832706646155,0.8197679743985182,0.7970020999324171,0.8141595048486252,0.8083175267959328,0.8236950392264489,0.8748488777042216,0.8826045294775143,1.0304133998497016,1.0310013076680993,1.1927842930006283,1.1989881859791258,3.321078134347694,0.20927277006691408,0.5718432969232139,0.1259759875755789,3.193536248378312e+17,1.4068999367283659e+17,0.15967681241891557,0.07034499683641829,7.41631973490596,6.8450284063524895,0.0654799584866487,0.014398526811358997,0.09139051796588674,0.0,0.0,0.0019280143973338488,0.014383659492696751,0.010981829527629322,0.17556404353966096,7.7158843756469775,3.3992027632107096,21,0.0009690460582736837,26,0.5678329467773438,0.7262982379870675
S3,4,83,1,MGCUBED,hyb,sample,500,10,1004,4.291400429661929e-18,10.0,1.1102578664050595,7.07e-06,4217.529983336912,3.16e-11,5,1.0,0.7383141149574246,0.011622226553612816,0.7777935099719668,0.01630143807221828,0.7052242949402875,1.0712668978345328,1.0696801428974063,1.0707729095008212,1.0692086367646094,1.0659405127579094,1.064596800626443,1.0262204041227476,1.0267292030528834,0.8869953547071525,0.8947667970090274,0.7686298779327634,0.7930977317139376,0.7383141149574246,0.7777935099719668,0.7774894613563987,0.8001817955284581,0.9607759791761963,0.9510017288423687,1.0660688141039614,1.0540586570833177,3.869457288805514,0.23745243946993397,0.6013376516387003,11.102578664050595,1.5332233300647416e+18,6.778122006968695e+17,0.6579675257407526,0.29087635693006436,0.06977365837678831,0.0543250483117092,0.21834117894634855,0.074135042587739,0.3858024478436838,0.0,0.0,0.09791960872724799,0.06601071301124156,0.017990624012218754,5.442813359933685,37.0441197992707,16.37658120096692,24,0.0009654416229609213,23,0.9209721088409424,0.7262982379870675
S3,4,84,1,MGCUBED,hyb,sample,500,10,1004,5.240125722573015e-18,10.0,0.7466772985015879,7.07e-06,8036.129273398515,3.16e-11,5,1.0,0.7866749419233148,0.0180016378818984,0.8378130198462612,0.030661519015735175,0.7443197170975061,1.1347748133944437,1.1556771926344567,1.1344581126449231,1.155353085076267,1.131332865193112,1.152156770272105,1.1037015353522635,1.124066900454224,0.9759794882448263,0.9995504246795024,0.8312424347645189,0.8763862113512397,0.7866749419233148,0.8378130198462612,0.8138421038502252,0.8413048104831832,0.9304338422533206,0.9252259891940449,1.030613906952849,1.0185864266962041,3.168891654680541,0.3530754709532726,0.6966083114512073,7.466772985015879,3.699748752803129e+18,1.9011787807466703e+18,1.9387148606621107,0.996241583220063,0.06708940719595129,0.045573208286007964,0.4808904684231137,0.10210766646285355,0.6551017886642412,0.0,0.0,0.0869454474578424,0.09775069663640205,0.02185686383349365,3.9779470705493636,89.38941466554272,45.934270065429544,35,0.0009955697313354505,15,0.7506470680236816,0.7262982379870675
S3,4,85,1,MGCUBED,hyb,sample,500,10,1004,5.496783414109739e-19,10.0,0.9097067422181493,7.07e-06,4360.780861904539,3.16e-11,5,0.1,0.7965885983138007,0.026215745789092346,0.8196352644459077,0.01817887901724821,0.7321070287834972,1.1374462949762454,1.1332197838754823,1.1344781899688248,1.1304449993621326,1.1081567416864506,1.1058575887531539,0.9853558853955777,0.9919603058588848,0.8446610056174066,0.8643662563557101,0.7965885983138007,0.8196352644459077,0.8220959370632996,0.8379110669900263,0.9466096275364426,0.9499781205281673,1.018339772475255,1.0155115797392154,1.201974907308443,1.209323739450607,30.20928681511073,0.2898004670996993,0.6488789206377727,9.097067422181492,1.7753103106634552e+18,8.541251770400253e+17,0.09758496270552888,0.04694941106727155,0.10499603273438651,0.1001521871843992,0.04456658085841631,0.01631023763769992,0.08365944461071302,0.0,0.0,0.017655843121945666,0.015037058784104012,0.009035990654346267,1.9539465895145978,42.893169272555056,20.636468778822948,29,0.0009575860444401571,19,0.5137431621551514,0.7262982379870675
S3,4,86,1,MGCUBED,hyb,sample,500,10,1004,5e-20,0.1,1.7586473085743661,7.07e-06,6892.209504838177,3.16e-11,5,0.1,0.7370639212068526,0.022336754050436183,0.7997355555553061,0.03009328717145207,0.7348315499817855,1.0594171481248584,1.1085283693784282,1.0362772430682585,1.087558133783613,0.9215767275830371,0.983732063372625,0.78818978905426,0.8576959735262323,0.7479049649636303,0.8148337144529089,0.7370639212068526,0.7997355555553061,0.7409402544847254,0.7956441823817277,0.7770283644685729,0.805694661035137,0.9922085115532306,0.9825299962670024,1.1218593888889017,1.110200593787653,3.321078134347694,0.14990694127993057,0.497532439519768,0.17586473085743662,2.015249086183885e+18,6.939811451118185e+17,1.0076245430919424,0.3469905725559092,4.221401810893899,2.8322967368625735,0.25143588016760626,0.06951472046444723,0.3632089995914402,0.0,0.0,0.01127924320782316,0.0694175619758683,0.01903670912981321,0.5924996348323063,48.69031608775112,16.767238127580363,15,0.0009770262825413145,36,0.760404109954834,0.7262982379870675
S3,4,87,1,MGCUBED,hyb,sample,500,10,1004,2.1043849025754623e-18,10.0,1.6406888476640493,7.07e-06,20000.0,3.16e-11,5,1.0,0.7400302790360217,0.00926556224712919,0.7772044346130934,0.02431315723321997,0.6872089643288065,1.046320118151702,1.0653265643093228,1.0460738162400818,1.0650875882455533,1.0436373742408913,1.0627244319526838,1.0216436865770198,1.0414607040717876,0.9113349782858041,0.9367455863368125,0.776025859804572,0.8112789576896005,0.7400302790360217,0.7772044346130934,0.7750489445730065,0.8018978583798096,0.9141450704165205,0.9078256986248399,1.0415961208529763,1.0279857241287902,7.890852406047903,0.16068460463659318,0.5125065067854161,16.406888476640493,6.017118032465335e+18,2.1424698231663373e+18,1.2662332344534621,0.4508581150094761,0.042009627509655055,0.026894852680777764,0.2927024996211483,0.11168916797124542,0.5502595490818312,0.0,0.0,0.189635652018357,0.09194934016075836,0.019519556703826203,9.715161819283777,145.37923919510524,51.764088922613,16,0.0009943568773721511,33,1.4120140075683594,0.7262982379870675
S3,4,88,1,MGCUBED,hyb,sample,500,10,1004,1.0936056576622102e-18,1.0492518393267798,1.6727100741967438,7.07e-06,19138.07343868108,3.16e-11,3,1.0,0.8608392236417103,0.0142508780474048,0.8766524858394991,0.02046160214006077,0.8424212758707046,1.0261214815167214,1.0282212909831476,1.0258362598624877,1.0279362438806003,1.0230441298396542,1.0251470141453782,0.9999896987155283,1.0022185457027075,0.9209012777491015,0.9264776309842988,0.8678219318180027,0.8815633191443272,0.8608392236417103,0.8766524858394991,0.8903307596823347,0.8963738269770607,0.9644274770946388,0.9542795480693069,1.0064690685329123,0.994647187265462,1.5931918953589557,0.1576085676085651,0.50830992267512,1.7550941220113676,5.714622873804805e+18,2.0142873207862295e+18,5.956190565468669,2.0994349760515627,0.18383028422769548,0.08190833865610629,0.6388559693931253,0.13262752103056302,0.8320548682770019,0.03212,0.0,0.12961280286123208,0.12563697016428813,0.020599226417219934,6.292119919264647,138.07067124131152,48.667078929855776,16,0.0009839471024686729,34,0.9919421672821045,0.7262982379870675
S3,4,89,1,MGCUBED,hyb,sample,500,10,1004,4.525998511476917e-18,1.2452884835507538,1.6373108873194941,7.07e-06,13718.78235954165,3.16e-11,1,0.1,0.9278819128333542,0.008608690206744018,0.9296155251183009,0.017398594345651525,0.8934512434447921,0.9700696442569082,0.9685918030747122,0.9700353887853405,0.9685569842893333,0.9696956098497098,0.9682117536417387,0.9665537708958567,0.9650316328151846,0.9490699462031953,0.947852174958036,0.9278819128333542,0.9296155251183009,0.936938733695077,0.9392247972563054,0.9720481758145182,0.9667740783711096,0.9890690631805426,0.9809788739364727,0.9936535211440228,0.9867935850245264,0.456882646247916,0.16101611542458505,0.5129552240559445,2.038924391971232,4.130868239875241e+18,1.474927733276883e+18,15.013632384580399,5.36062190691184,0.07710797500166805,0.030627321972588894,0.8048201302881881,0.10545601861176582,0.9344538660677498,0.66108,0.11572,0.11654386954066634,0.09848582327938045,0.016861059549785905,6.912013399664802,99.80566754517056,35.635643272183,16,0.0009923096286784813,33,1.0546553134918213,0.7262982379870675
S3,4,90,1,MGCUBED,hyb,sample,500,10,1004,5e-20,0.1,1.5105590350762998,7.07e-06,6387.995882455924,3.16e-11,4,0.1,0.7693058270510755,0.017245830395927746,0.803631940441036,0.02489997718756852,0.7393631169411339,0.9913531896084793,1.0347633241775769,0.9771490356553956,1.020497904659726,0.902531894890035,0.9457413486944451,0.8093871110245725,0.8486630506971695,0.7774674045276053,0.8108707607769942,0.7693058270510755,0.803631940441036,0.7722805498948834,0.8038937568879605,0.8144214576432647,0.8287878562607695,1.0134485511156723,1.0060650920921177,1.1134211048015383,1.1063986768682663,3.321078134347694,0.17452706759338873,0.5306819721033642,0.15105590350762998,1.9917306588886879e+18,7.478949965550853e+17,0.9958653294443438,0.3739474982775426,4.818281390861588,3.3168899551026154,0.2660762722338532,0.06821629315016874,0.37646289800583604,0.0,0.0,0.010023809751003612,0.0681341189878917,0.01943584474898359,0.5157383113758311,48.12208873226408,18.069847559971485,17,0.000974554216178258,31,0.6365029811859131,0.7262982379870675
S3,4,91,1,MGCUBED,hyb,sample,500,10,1004,2.932016590189746e-18,2.860010207231629,1.9113868101700415,7.07e-06,15718.930936373043,3.16e-11,3,1.0,0.8337841525957158,0.01116818011662773,0.8598775255902638,0.01808731440522237,0.8049021435152982,0.9906488982940651,1.0073758209737953,0.9905476525773794,1.0072848262005523,0.989543460586602,1.0063823611607297,0.9802575803871758,0.9980417050325394,0.9273775842901664,0.950620406341522,0.8510677694025283,0.8791310581061247,0.8337841525957158,0.8598775255902638,0.8605222391022741,0.8761490182396547,0.9494833256251247,0.9412882618384779,1.0062432313382523,0.993708331220206,1.6197584616384268,0.1379278319887077,0.47994462787615244,5.466585787054223,4.4505063388480855e+18,1.4490407762205048e+18,4.562556590620725,1.4855232282028905,0.07359799886174354,0.032885874101228764,0.5530637583668593,0.14730224262512462,0.8091197814538869,0.00212,0.0,0.2236285724855996,0.12801611651893832,0.02118823453556323,10.554374981561203,107.528425083866,35.01019000674479,14,0.000980198364189765,39,1.4397661685943604,0.7262982379870675
S3,4,92,1,MGCUBED,hyb,sample,500,10,1004,7.953424802130467e-19,2.6255338239936523,1.447796790048896,7.07e-06,17468.84746091565,3.16e-11,1,0.1,0.8948102585611115,0.014493630384440003,0.902625464008042,0.021146511585373874,0.8612523095762674,0.9431081673593932,0.9487469941946227,0.9430602764624743,0.9486988756438034,0.9425863232958596,0.9482228040723854,0.938294093423727,0.9439234349242154,0.9169769185831157,0.9230774270490285,0.8948102585611115,0.902625464008042,0.9019051041141759,0.9046241693104842,0.9615829766052878,0.9530356858316809,0.9973808303316265,0.9828645903453115,1.0288211093474204,1.0201016119005688,5.481665565958393,0.18209284661396566,0.5401577197250098,3.801239442542813,5.554931152315438e+18,2.1205805815768023e+18,1.6827331187739287,0.6423790102530389,0.16017745423601204,0.09806122230795097,0.37137708721070917,0.1145716873697671,0.5897923257097117,0.0,0.0,0.13048518350957317,0.10560478006738515,0.02088087915234838,6.2490272826897755,134.21236883630306,51.23522422830674,18,0.0009984805448613075,29,0.9252870082855225,0.7262982379870675
S3,4,93,1,MGCUBED,hyb,sample,500,10,1004,4.0728980580008503e-19,0.11501017870717989,1.78762886732859,7.07e-06,4942.5182338250215,3.16e-11,5,0.1,0.8471597075623795,0.013001441399806078,0.899541756376703,0.015743206839169126,0.8213445197263054,1.2082633362034332,1.279441524439286,1.198984700905635,1.2703384008809375,1.1308790299010651,1.2029168298847952,0.959642698671413,1.0281992253763201,0.8649830988163038,0.9279772248549982,0.8471597075623795,0.899541756376703,0.8497695671960439,0.8919423868916609,0.8694243482337031,0.8921879802714374,0.9494682228627307,0.9434791741772924,1.0310894224551186,1.0176419099233842,0.4689017307731448,0.14747660637889334,0.49404798929651017,0.20559551549357472,1.436620209596356e+18,4.9231760105105766e+17,5.087556360248045,1.7434625559062031,1.7729125954150182,0.7989937230277077,0.608746543563831,0.11423902119379452,0.7530901043282601,0.0,0.0,0.0259838198364855,0.1139251048784579,0.021202001667191495,1.2255361660825408,34.710097418158654,11.894856955936644,15,0.0009931271485158833,36,0.8218770027160645,0.7262982379870675
S3,4,94,1,MGCUBED,hyb,sample,500,10,1004,1.2135745690617724e-18,10.0,1.085336879609949,7.07e-06,20000.0,3.16e-11,5,1.0,0.7416936240905858,0.014046563215664122,0.7769865380675047,0.028912379864966423,0.7117636903510227,1.052611542510243,1.07203292190565,1.0521891556818617,1.0716280783126357,1.048037463680281,1.0676499551923506,1.0125786370849326,1.033753399098026,0.8738007213017118,0.901721679445512,0.7623237713267332,0.7935535014671111,0.7416936240905858,0.7769865380675047,0.7752499349093396,0.798033552567526,0.9398169645690639,0.9310096939773272,1.057960036593143,1.0453174982974884,13.683041071449177,0.24290470891702368,0.606699692168472,10.85336879609949,7.352001886321484e+18,3.2366952094584684e+18,0.8922202520933932,0.39279709940028634,0.06615270172727612,0.04869268838091632,0.27129737434025675,0.0892048515825105,0.4616850422954533,0.0,0.0,0.11126317117614896,0.08066229565667474,0.019318592025156425,5.759383035330084,177.63129043298414,78.20160490764394,24,0.000986669890554499,22,0.9532132148742676,0.7262982379870675
S3,4,95,1,MGCUBED,hyb,sample,500,10,1004,6.158968937769657e-20,1.0096699633188302,0.509560444592675,7.07e-06,5173.059820684418,3.16e-11,1,0.1,0.9699956848329536,0.004818813457278331,0.9773411886691548,0.01021751794646829,0.9613230493087507,1.0248558300787496,1.0310108624622636,1.0236824191890148,1.0297681207704723,1.0145742222849399,1.0201531997310087,0.9898166785938134,0.9947061322711008,0.9746463784162183,0.9804018364920057,0.9699956848329536,0.9773411886691548,0.977404898632759,0.9855434868411674,0.9911391763980276,0.9937044375319033,1.022550150928272,1.0203102625417986,1.2034598557419787,1.211261337303362,27.2220307649424,0.5173742224620769,0.7871776489195861,0.514487875400613,3.1406683060837837e+18,1.804292154603835e+18,0.19158021178945892,0.1100615026551742,1.7509664071877917,1.6311788177001398,0.09833151216220026,0.027460331758107623,0.1463764661657968,0.0,0.0,0.0037867757536624385,0.027427451075189,0.013138225563626172,0.2882258137009243,75.88150447425528,43.593397920188444,52,0.0009264735356230455,11,0.25090503692626953,0.7262982379870675
S3,4,96,1,MGCUBED,hyb,sample,500,10,1004,1.6247852698747196e-19,10.0,0.8616672385331074,7.07e-06,20000.0,3.16e-11,5,0.1,0.7857205218253241,0.021640452231957822,0.830214199438817,0.028310564158651894,0.7065783052110086,1.1297195052929463,1.124030840746468,1.1272616370391557,1.1218736404948784,1.1049407545389494,1.1023431069805238,0.9889933163505434,1.0030742515909317,0.8382987930942043,0.8803305569519239,0.7857205218253241,0.830214199438817,0.790915296057125,0.8235948641265205,0.9138080760912655,0.9230296638240036,1.0185362847073465,1.0127334496589364,1.174044400124676,1.1781925648738185,102.2005244608036,0.3059573661723196,0.6619656893170447,8.616672385331075,8.408435802384727e+18,4.0846009493251425e+18,0.13661902634401923,0.06636599455779787,0.1088313788862967,0.10210464447218953,0.061705721950279895,0.022351624156811432,0.11373170467923545,0.0,0.0,0.022207734597837748,0.020888624496811885,0.010531007248439368,2.108794920934918,203.15572890145367,98.68780622626333,31,0.0009574080428145638,18,0.5246498584747314,0.7262982379870675
S3,4,97,1,MGCUBED,hyb,sample,500,10,1004,3.441123937718473e-18,10.0,1.3859364063297772,7.07e-06,5670.2317418426155,3.16e-11,5,1.0,0.7482357190635296,0.007864802988141916,0.7805906707946623,0.01065141442349096,0.7085589410361034,1.0725851710983447,1.1017723321188053,1.0720956289079178,1.1012950869696017,1.067308259463243,1.0966285993653742,1.028073177032459,1.0584170003391449,0.8930801406577814,0.9260692340671366,0.782323934811843,0.8126284489877985,0.7482357190635296,0.7805906707946623,0.7814982294852664,0.7996567207472941,0.9610430503417398,0.9497372854193223,1.068224258802363,1.0561816929033305,4.825571810920632,0.19022044418092518,0.5500037599204939,13.859364063297772,1.8414164789583293e+18,7.260709296941069e+17,0.6336542325052772,0.24985000566518978,0.05772963349837941,0.044166863048093474,0.192837564713194,0.07504363720593461,0.37592769289677624,0.0,0.0,0.11772343868217774,0.0632772437974853,0.017070922793410017,6.896137959666901,44.49035656403898,17.54255754849531,19,0.000989954575949841,28,1.066404104232788,0.7262982379870675
S3,4,98,1,MGCUBED,hyb,sample,500,10,1004,5e-20,0.1,0.5,7.07e-06,20000.0,3.16e-11,5,0.1,0.7697206685139817,0.03395763295378739,0.8382507999910714,0.024881260549084773,0.7648595697610545,1.1294341175359734,1.1559470197012685,1.1021688519672816,1.133165782534524,0.9745365141146379,1.028509741796195,0.8324588446482466,0.9119115687356132,0.784378981404956,0.861921015720754,0.7697206685139817,0.8382507999910714,0.7852884410603532,0.8310496837601228,0.8968785562565493,0.89890564488606,1.004661044858826,0.9956679533498696,1.034871037807404,1.025409660341348,3.321078134347694,0.5272668776371309,0.7914984825837854,0.05,1.2306894214753612e+19,7.033378276888106e+18,6.153447107376805,3.5166891384440526,4.428022249698098,2.7958548794434392,0.7672623831389704,0.05446698255152853,0.8432757506438255,0.37336,0.0,0.0062257476274626715,0.05441899716608706,0.01868611209996742,0.33317511926269167,297.3461561069734,169.93304391711115,53,0.001,10,0.25032997131347656,0.7262982379870675
S3,4,99,1,MGCUBED,hyb,sample,500,10,1004,9.47065119200868e-19,10.0,0.9611547619316695,7.07e-06,14425.406009268785,3.16e-11,5,1.0,0.7441853391839669,0.008521031106551311,0.7843909230168686,0.023446120665609162,0.7213585346529202,1.0783773418454248,1.1386340034866271,1.0777206391298861,1.1379848512623032,1.0713357584683967,1.131669211488878,1.0212932788095677,1.081869631800636,0.8702708437056765,0.9266233100844093,0.7654754625481328,0.8127447738839457,0.7441853391839669,0.7843909230168686,0.7848097905493431,0.8048463233818888,0.9731218960469841,0.9643772376249504,1.0770676424427452,1.067910308514795,17.53352576827037,0.27428823042891787,0.6356560733603636,9.611547619316696,5.67887585706235e+18,2.639114723302412e+18,0.5378265240495685,0.24994135000091644,0.08323711949913447,0.06765491158454112,0.19468595556772128,0.0656023335509675,0.3387711557025941,0.0,0.0,0.07358189224468228,0.06037117192900943,0.01727081481100962,4.2604760140080975,137.20698964665556,63.76349750033189,27,0.0009611547619316695,20,0.7923989295959473,0.7262982379870675
S3,4,100,1,MGCUBED,hyb,sample,500,10,1004,5e-20,0.1,0.5,7.07e-06,13233.994778685237,3.16e-11,5,0.1,0.7392397405678958,0.03094144121024148,0.810300820306255,0.02556067476078994,0.7353728432153019,1.083985006523304,1.0997275677853267,1.0594446434445033,1.0781221898493447,0.9449206933967919,0.9826893870751009,0.8093445594082527,0.8778646378343108,0.7559972270788367,0.8308285045399793,0.7392397405678958,0.810300820306255,0.7520687853184592,0.805274839449585,0.8845330031482657,0.8885821401438381,1.0170468500025416,1.0064941122318245,1.0492864491659055,1.0382990340398228,3.321078134347694,0.5272668776371309,0.7914984825837854,0.05,8.145464706160447e+18,4.662926777113551e+18,4.072732353080223,2.331463388556775,6.003367789872128,3.942648381173858,0.6898888339559605,0.05739093885737873,0.7765273813117648,0.0,0.0,0.0064510228561930295,0.05734466848174278,0.02050202626653842,0.3146529407545348,196.8020995238819,112.66070295142703,53,0.001,10,0.2760000228881836,0.7262982379870675
