set,search_seed,eval_index,is_finite,task,mode,node,N_R,R,seed,k_on,k_off,T,distance,N_max,D,L,lam_best,objective,opt_sd,held,held_sd,train,opt_lam_1e-06,held_lam_1e-06,opt_lam_1e-05,held_lam_1e-05,opt_lam_1e-04,held_lam_1e-04,opt_lam_1e-03,held_lam_1e-03,opt_lam_1e-02,held_lam_1e-02,opt_lam_1e-01,held_lam_1e-01,opt_lam_1e+00,held_lam_1e+00,opt_lam_1e+01,held_lam_1e+01,opt_lam_1e+02,held_lam_1e+02,opt_lam_1e+03,held_lam_1e+03,KD_nM,tau_D_over_T,phi_ISI,koff_T,c_peak,c_mean,c_peak_over_KD,c_mean_over_KD,tauR_mean_over_T,tauR_peak_over_T,occ_mean,occ_std,occ_max,occ_frac_above_0p8,occ_frac_above_0p9,contrast_within,contrast_between,binomial_sd_mean,snr_within,shell_molecules_peak,shell_molecules_mean,history_symbols,dt,n_sub,seconds,running_min
S3,2,1,1,SINE,hyb,sample,500,10,1002,1.4412236810605147e-18,0.5927981507496932,1.6837402256415226,7.07e-06,476.9040985077337,3.16e-11,1,0.1,0.491354073565912,0.012609042775553116,0.5060775186163644,0.010988162939212466,0.4886026862606162,0.5028686560709807,0.5172166949472106,0.5028086459344764,0.5171590410584932,0.5022429270703418,0.5166152482968667,0.49869796746214917,0.5131937704621599,0.4930866652425224,0.5076704801465957,0.491354073565912,0.5060775186163644,0.4913944197595782,0.5067950449232679,0.4930922173254609,0.508896124161468,0.5345931831522093,0.553191441497358,0.7354074185013204,0.7351025900161449,0.6830060463230379,0.1565760767627431,0.5068877781160792,0.9981180921031658,1.4404222829216218e+17,5.271982143434353e+16,0.35019857977769914,0.1281735697325755,0.88805967719058,0.7420282254456293,0.11114487829195625,0.04684639602201248,0.1845030582139991,0.0,0.0,0.01626229915182406,0.04649349302459915,0.013621566009415874,1.193864137249916,3.4801959090874526,1.273760542717228,16,0.0009904354268479546,17,1.7981829643249512,0.491354073565912
S3,2,2,1,SINE,hyb,sample,500,10,1002,3.4022908808831965e-19,0.1175902053980815,1.3744450023947095,7.07e-06,14159.064272224727,3.16e-11,1,1.0,0.6856973262209674,0.002895626413524068,0.7381532256562054,0.004703535462286608,0.6877548744878219,0.7040291996097687,0.7522265595074412,0.7039489744868221,0.7521533276495885,0.703189903348675,0.7514620778427892,0.6983228267943158,0.7471156138910781,0.6900887954292309,0.7404540686757247,0.6865093199535592,0.7383453801759049,0.6856973262209674,0.7381532256562054,0.6863313847287842,0.7382438653272815,0.6964923577845794,0.7441915772856315,0.7504023377565966,0.7948238449876027,0.5739166250530089,0.19181083154235654,0.5518917729818773,0.1616212701399605,4.704940112715013e+18,1.592377895932729e+18,13.613017161081524,4.607299371500449,1.1034375045137659,0.42341046734883425,0.7018020867783792,0.24222246161422606,0.907726160129315,0.54255,0.0853,0.01786883406857684,0.2421500156315111,0.017079913177147625,1.0461899825395344,113.6757847119699,38.47334982839832,19,0.0009817464302819352,14,1.423109769821167,0.491354073565912
S3,2,3,1,SINE,hyb,sample,500,10,1002,1.754507780822094e-17,0.740789898252151,1.742047389356143,7.07e-06,12658.36749422217,3.16e-11,4,1.0,0.5250903697407665,0.01491438224044443,0.5592333763587034,0.014335578099372652,0.5204864649083785,0.5762030267767779,0.6026394671298143,0.57616630926385,0.6026041696440668,0.5758019722934657,0.6022539450055341,0.5724206655416654,0.599005597837864,0.5530481868990992,0.5805047848819507,0.526385971829563,0.5565232867806955,0.5250903697407665,0.5592333763587034,0.5652668146654298,0.6039734936025256,0.6861962183381183,0.7207756794965657,0.8519163774569654,0.8840656133178598,0.07011143410484356,0.15133540019023467,0.49956141216849237,1.2904911083115624,3.7605178935858913e+18,1.1241882791791479e+18,89.06517110700895,26.625593674840424,0.028050032169801203,0.008603756388453995,0.8854968784958127,0.15963962780278385,0.9888690252282598,0.8279,0.7227,0.05424831515762034,0.15835341918885612,0.01106622050554735,4.902153823017206,90.85765434538136,27.16144769926626,15,0.0009678041051978572,18,2.4143850803375244,0.491354073565912
S3,2,4,1,SINE,hyb,sample,500,10,1002,7.52467909837551e-18,5.755099447285982,0.6714385070518867,7.07e-06,11401.858735462543,3.16e-11,3,1.0,0.5458401778875428,0.008255275993808361,0.5968002006093334,0.013984566018866641,0.5452755651603566,0.5877209406934035,0.6313240713709355,0.5877092805238102,0.631313814848918,0.5875930526834766,0.6312115852750055,0.5864669381893934,0.6302217505237047,0.5779132512528473,0.6227489943128129,0.5559353272634356,0.6042790609443672,0.5458401778875428,0.5968002006093334,0.5632214550241101,0.6138861811799912,0.6326555944475003,0.6796331850745547,0.7182572832512669,0.7639540153194421,1.2700299033020739,0.3926397369970809,0.7222199897402198,3.864195380820838,5.985930967973798e+18,2.6298960780321024e+18,7.826486762148368,3.4385372886301977,0.05830436237265786,0.02931926297002238,0.6628264367142791,0.23575082992923857,0.8863620822202173,0.43955,0.0,0.049243656999725854,0.2351065990546726,0.0181401741429222,2.71461875788769,144.62573034185598,63.5407663475481,39,0.000959197867216981,7,1.496392011642456,0.491354073565912
S3,2,5,1,SINE,hyb,sample,500,10,1002,1.8375277228623213e-19,7.477247389989216,1.1601602120594312,7.07e-06,19274.94076588099,3.16e-11,2,10.0,0.4511913356239131,0.002300931763459202,0.4661684791202886,0.003925482839241239,0.45358065031655415,0.48129619811436336,0.49020944459492644,0.4812580828981761,0.4901789860846783,0.4808831374025213,0.48987948435779094,0.47766141426694453,0.4873152984592222,0.46494330236554227,0.4773454539975398,0.45459923091275084,0.46921675783911354,0.4513059399926468,0.4664559461355851,0.4511913356239131,0.4661684791202886,0.46972995656000566,0.48476572742433977,0.6710486474437998,0.6604698741233777,67.57047119082335,0.22723882105091564,0.5910037078379051,8.674804917590718,7.036091008483617e+18,2.567694961902516e+18,0.17291138856767985,0.06310090371848176,0.10843407914969912,0.09828224762886664,0.05761174383557435,0.04037771837240847,0.1370276664984923,0.0,0.0,0.028806796809256893,0.03870477276534547,0.009404722433721643,3.063014034945575,169.99858606758386,62.03792879455088,23,0.0009668001767161927,12,1.3664238452911377,0.4511913356239131
S3,2,6,1,SINE,hyb,sample,500,10,1002,3.572180352963892e-18,2.736859475348637,0.946343058753413,7.07e-06,2746.584004181047,3.16e-11,5,10.0,0.4900961752069845,0.004117009852346622,0.5206175338822463,0.005485126614567852,0.4877981455541735,0.5740229663033951,0.5915413679696807,0.5739315098716444,0.5914610819619259,0.5730295088034073,0.5906692473265208,0.5651039765831956,0.5837108015419348,0.5307771821744376,0.5534535464411622,0.5009400476484605,0.5263632635971354,0.49227893958698654,0.5188229942090381,0.4900961752069845,0.5206175338822463,0.4982693600742537,0.5325378105852173,0.5524356924224725,0.5914619833507528,1.272237577929276,0.2785812569554229,0.6393831013960505,2.59000796727969,1.1357381614963547e+18,4.622295512971629e+17,1.482378464495989,0.603307307728215,0.2408142197897071,0.15553599256352627,0.33462155296471296,0.17076344153861522,0.5714831892959188,0.0,0.0,0.05743860321999895,0.1694488960444893,0.019227117327297767,2.9873746668435985,27.44050373489808,11.167901333912141,28,0.0009463430587534129,10,1.6317861080169678,0.4511913356239131
S3,2,7,1,SINE,hyb,sample,500,10,1002,2.9627785235559616e-18,0.2097493386072573,1.051998385518045,7.07e-06,5616.5169614184815,3.16e-11,2,1.0,0.7386481141624264,0.006897496068978379,0.7889772529900958,0.007550075776997025,0.7356876706392471,0.7820499210693101,0.8332855992131565,0.7819243966554297,0.8331664205410293,0.7807134101967177,0.8320156512730253,0.7718087271202104,0.823484518375343,0.7508544508795352,0.8023642087282379,0.739779812393119,0.7901270515597154,0.7386481141624264,0.7889772529900958,0.7500347345754916,0.797542477212105,0.7933728920095723,0.8325000781635936,0.8590293201096454,0.8967434637636925,0.11755754549388195,0.2506025127488595,0.6140954437942093,0.22065596557831244,2.1716974164528502e+18,8.345306898816145e+17,30.675941616084064,11.788020985654915,0.3543896145521119,0.1430720476416519,0.8357026309634995,0.17089974474517242,0.9642321009117496,0.7433,0.5775,0.017767827114652447,0.17079351133039558,0.013901375061083092,1.2781345037149232,52.47025510592057,20.16304751300462,25,0.0009563621686527682,11,1.1416850090026855,0.4511913356239131
S3,2,8,1,SINE,hyb,sample,500,10,1002,9.929828611688676e-19,2.3219699569074193,1.9934450718913796,7.07e-06,7596.737196381637,3.16e-11,3,1.0,0.4541823455299229,0.0031275004914524717,0.4792028820777611,0.005092105817231513,0.4501750064558787,0.49377471645535176,0.5203466537300895,0.4937369055231211,0.5203120297252897,0.4933632734620269,0.5199696945887464,0.49002337556539066,0.5168928771568925,0.4742268317015695,0.501768110931258,0.45805840978493173,0.4841203457852311,0.4541823455299229,0.4792028820777611,0.4548881015616876,0.4810600971794138,0.45877533643274476,0.48622789316838466,0.4934491216914319,0.5224529051053824,3.882969159920913,0.13225016456983696,0.4712277731133556,4.628719567676934,2.1361856679582205e+18,5.922701175668342e+17,0.9135328173592119,0.25328237954880034,0.172381317829076,0.11290241078631393,0.18401524969493294,0.11970310678999388,0.4139771211532569,0.0,0.0,0.10526372006269707,0.11271902894923555,0.015510158522860472,6.786759781181382,51.61225781373152,14.309803900353844,13,0.0009967225359456898,20,2.3659729957580566,0.4511913356239131
S3,2,9,1,SINE,hyb,sample,500,10,1002,5.3894010038409394e-20,1.115668099225515,0.6346486608483679,7.07e-06,16653.90098472942,3.16e-11,4,1.0,0.48864235914602483,0.007651169253036028,0.5091439624448598,0.009609767090957469,0.48807155594318774,0.5569395125706096,0.5718541884847314,0.5564307918748923,0.5714100155475327,0.5518018329355004,0.5673666684896582,0.5281228910715772,0.5464469536578793,0.5014085048892295,0.520589160480357,0.49188798719719296,0.5108188172085651,0.48864235914602483,0.5091439624448598,0.4890298208579697,0.5110345008410541,0.4962335965258381,0.5195304970048926,0.5277287377463822,0.5523060468322921,34.375071801916945,0.41540060679581814,0.7357208491872803,0.7080572651247171,9.128254719130076e+18,4.058515754835973e+18,0.44095394661500714,0.19605265130733093,1.1808135242037552,0.9801251106193721,0.15339220695883748,0.09497363037151188,0.281302726733239,0.0,0.0,0.005930149543983068,0.09494579890192589,0.014639803611785684,0.405070293375318,220.54723192832844,98.0575633577288,42,0.000906640944069097,7,0.8432371616363525,0.4511913356239131
S3,2,10,1,SINE,hyb,sample,500,10,1002,9.507213471193816e-20,0.3651523657988548,1.4655829808616612,7.07e-06,9136.146232907558,3.16e-11,5,10.0,0.47275510862110004,0.00705694831151256,0.4986419207604377,0.007491501120397087,0.4720195298896127,0.563904058745739,0.5803302571259696,0.5630118855575817,0.5794629327518239,0.5551253136518941,0.5718057545423759,0.5195004628801309,0.5376392510639224,0.48451662856602534,0.5062140700840192,0.47512372233860534,0.4988109862425749,0.4727710627317327,0.49757681910810136,0.47275510862110004,0.4986419207604377,0.4766054457017484,0.5052420580028778,0.5051681698592397,0.538301733951572,6.377786411519532,0.17988298326415283,0.537421750553464,0.5351610927361733,2.940603611284986e+18,9.680797493824398e+17,0.7656241307786011,0.25205206638558575,1.4924269361884912,1.0583205093375674,0.1855413747441909,0.11438494690801698,0.340896144356853,0.0,0.0,0.013755994109630815,0.11427222537606432,0.015659518361429932,0.8784429886114774,71.04775300673863,23.389718580565017,18,0.0009770553205744408,15,1.6310391426086426,0.4511913356239131
S3,2,11,1,SINE,hyb,sample,500,10,1002,2.6474641395413193e-19,10.0,1.6467291220538443,7.07e-06,9040.748722097893,3.16e-11,4,1.0,0.449566760782034,0.004962176651086896,0.4613802525478631,0.007341174798969837,0.44652283752006944,0.5138776663480389,0.5200154048705614,0.5137173118050156,0.5198673783684657,0.5121683146060529,0.5184371782397617,0.5006219110530068,0.5077600329586875,0.4711665663712917,0.48042432166679616,0.45413058284828284,0.46521816968823726,0.449566760782034,0.4613802525478631,0.4524894582102451,0.4641433156343499,0.5422107077796063,0.5527784525211924,0.8618945614479753,0.8307639549641632,62.72187193672583,0.16009520648408454,0.5117070287670096,16.467291220538442,2.754155868403223e+18,8.52604597414663e+17,0.07291528896304814,0.02257240096863384,0.05938595802764696,0.05659947463591873,0.021787694410162622,0.016660293589421893,0.06330810768407058,0.0,0.0,0.019249746547490773,0.014816001041281066,0.005884008294772567,3.2715362696875374,66.54299992336101,20.59973014283841,16,0.0009686641894434378,17,1.8747801780700684,0.449566760782034
S3,2,12,1,SINE,hyb,sample,500,10,1002,5e-20,10.0,1.9402899245743794,7.07e-06,1345.335337959346,3.16e-11,2,0.001,0.678071243308106,0.021431423559416622,0.6793894295729954,0.016190575236405418,0.6525323423998491,0.7167713312522567,0.71064953614501,0.7139963777258711,0.7082234300640723,0.6986153209731668,0.6950523435954199,0.678071243308106,0.6793894295729954,0.6784191589520628,0.6868010706742503,0.790824975005266,0.8082034799008081,0.9597311744558915,0.978986843907826,0.9951906828750939,1.0136250542697736,1.0005044478607732,1.0100949511300186,1.0553977211508103,1.0084112143176622,332.10781343476935,0.1358732195016659,0.4768198481375713,19.402899245743793,3.8308192474656966e+17,1.1469047704207438e+17,0.0019154096237328482,0.000573452385210372,0.051509151473493886,0.05144016054072047,0.0005729462792627409,0.0004214922332357438,0.0017538224698572886,0.0,0.0,0.0006258136713034654,0.0003477952610938228,0.0009916946266004553,0.6310548171958584,9.25562012720476,2.771029952435376,14,0.0009701449622871898,20,1.3272578716278076,0.449566760782034
S3,2,13,1,SINE,hyb,sample,500,10,1002,1.412487629455595e-19,9.0977774939433,1.7070253105517998,7.07e-06,10595.029363303542,3.16e-11,5,1.0,0.45200537565115556,0.007087080235731087,0.4614065517884611,0.006689404626454038,0.448338492882759,0.5376772686913054,0.5411497718688032,0.5372147521918931,0.5407221718059453,0.5329031353788287,0.5367372934266488,0.507472288518047,0.513301094637442,0.4693748707029092,0.47836892896394334,0.45468963678736307,0.4643837270801104,0.45200537565115556,0.4614065517884611,0.4597589900783795,0.46875654508263276,0.6151355716046447,0.6234506221573531,0.9311088988800421,0.893457902891676,106.95467088069643,0.15444026353267445,0.5039239269453766,15.530136451929735,3.172305662608633e+18,9.601571633232481e+17,0.0492520564310314,0.014907048632813218,0.0634451545565346,0.06136841397294675,0.01455782262089911,0.011292544545907286,0.04309132789096746,0.0,0.0,0.013289623074479718,0.009978742822674233,0.004819683315682197,2.7573643752148995,76.64589280715995,23.198301439081565,15,0.0009483473947509999,18,1.8974730968475342,0.449566760782034
S3,2,14,1,SINE,hyb,sample,500,10,1002,1.1912930235039284e-17,10.0,1.821161779591233,7.07e-06,19852.24604345255,3.16e-11,4,10.0,0.407828903916241,0.0032527581805261926,0.4230336612665191,0.004590711305577816,0.4036652850442989,0.4641793861244792,0.4753489868441562,0.4641745290472968,0.47534415134151436,0.46412600632143625,0.47529584329826224,0.4636455324086451,0.47481741186844706,0.45927007676487186,0.47045362887564346,0.43656722371485507,0.44762535967108497,0.4101092258078693,0.42119407583272334,0.407828903916241,0.4230336612665191,0.4368847375158948,0.46233351661850597,0.5549305537337261,0.5946008509871971,1.3938964087019778,0.14476113092914733,0.49010539714261403,18.21161779591233,5.781802042586331e+18,1.6783966245803953e+18,6.887820436613859,1.9994621895351667,0.018306616386436377,0.006961365831118361,0.5435111243553153,0.25619276570462296,0.8730409352916172,0.1323,0.0,0.20285258623642582,0.2471726566693887,0.018730085812693864,10.830307360308375,139.6937832352134,40.55164333367035,14,0.0009585061997848595,19,4.492528915405273,0.407828903916241
S3,2,15,1,SINE,hyb,sample,500,10,1002,9.07775118522771e-20,1.51657041126094,1.4186283964142494,7.07e-06,11678.027387022568,3.16e-11,1,1.0,0.46773181399363056,0.007777194956996434,0.48184371914048746,0.009478214888603315,0.46922180629970683,0.47958305566529774,0.4897119977287245,0.4795396526744736,0.48967312870177915,0.47912483916956683,0.4893023731556892,0.4762742999623647,0.4868017807034487,0.47058182634286555,0.4824723973117767,0.4679423250819753,0.48150945895638964,0.46773181399363056,0.48184371914048746,0.4688822586132081,0.4828743214022082,0.4983467703444842,0.5117567249291017,0.7367971264131171,0.7187582788810396,27.741721100670677,0.18583685444682346,0.5447349830460979,2.151449850576406,3.82435298971729e+18,1.277517876780675e+18,0.2289146921722579,0.0764685195885705,0.43178488848733615,0.37822221725503385,0.06873849438721465,0.04624384747977807,0.14484264720115347,0.0,0.0,0.01752478202919681,0.045727407333086764,0.010252155829260312,1.7093753080869056,92.39997039427011,30.86603519865234,19,0.0009457522642761663,15,1.5493512153625488,0.407828903916241
S3,2,16,1,SINE,hyb,sample,500,10,1002,1.3087838481907516e-17,10.0,0.553346471736401,7.07e-06,15447.792457622883,3.16e-11,3,1.0,0.6036197331778201,0.011343381048858847,0.6493264429787501,0.009158709809208989,0.5859919772155803,0.6472999018800468,0.6969287487621294,0.6472926478202572,0.6969212477609356,0.6472202480215927,0.6968463770342747,0.6465100456604121,0.6961113236081677,0.6405528018535961,0.6898988301108385,0.6191459418758314,0.6667012568069257,0.6036197331778201,0.6493264429787501,0.6233105255536826,0.669056894535198,0.6939543779132266,0.7370968666666113,0.7814769740479911,0.8241618608714536,1.268764945005516,0.4764346612553322,0.7681219377214784,5.5334647173640095,9.407880341811825e+18,4.318520812411073e+18,12.312881837074604,5.652010287359215,0.027167516699246757,0.013574716787624107,0.7445744766631155,0.2125776880551364,0.9248567389944137,0.59795,0.2743,0.03418831667068452,0.21218642727231432,0.01665896676097344,2.052247126801205,227.30325035203126,104.339530447821,48,0.0009222441195606682,6,1.6099460124969482,0.407828903916241
S3,2,17,1,SINE,hyb,sample,500,10,1002,1.8668979570103814e-17,4.861981395618994,1.7824970791441166,7.07e-06,20000.0,3.16e-11,4,1.0,0.4396439632043724,0.005088782082576106,0.4668150913316425,0.011724891478732822,0.4212769065171583,0.4904235029739687,0.510837842123455,0.4904160326669328,0.5108308387659874,0.49034144512681754,0.5107609170567835,0.4896069363652543,0.5100727013314046,0.4832390905988551,0.5041327721022831,0.45734952164382026,0.48050625160286276,0.4396439632043724,0.4668150913316425,0.4638535285687995,0.4995340596431376,0.5285894766038381,0.5700130090639065,0.659085482979919,0.6993993698185513,0.4324558833535038,0.14790118979894856,0.4946597044534634,8.666467636543892,5.890029877337558e+18,1.7340305714299415e+18,22.61646816386398,6.658310404299597,0.015066935023946645,0.004885881515143441,0.7357324332001548,0.2493575718727108,0.957627494683332,0.60895,0.2897,0.13710774157958458,0.24482306650324392,0.015798624054821325,8.678460928231463,142.30866966273132,41.89581189123712,15,0.0009902761550800647,18,3.717371702194214,0.407828903916241
S3,2,18,1,SINE,hyb,sample,500,10,1002,6.092439867423984e-19,4.134975335220318,1.4815579069292364,7.07e-06,19557.27335617253,3.16e-11,5,10.0,0.4565702913351222,0.002089328051312546,0.4814930841481866,0.004185076503751717,0.45523569242303197,0.5483721858338383,0.554120598139973,0.5483027824116045,0.5540603199654236,0.547615896707287,0.5534638954930511,0.5413886855849677,0.548068824283488,0.509669620549434,0.5208581438923563,0.47204932635758234,0.4885962199444718,0.4587051048657266,0.4780741688682667,0.4565702913351222,0.4814930841481866,0.46532250927684504,0.4946781884741857,0.49613135535460645,0.5292356907263874,11.270177852139929,0.17794339160525122,0.5349989892503688,6.126205402853032,6.264629124852731e+18,2.0398851063020063e+18,0.923025487232915,0.3005550538776449,0.12551039747956874,0.08488352486223417,0.2082452603809692,0.13345515363683771,0.4495906627563059,0.0,0.0,0.10093160901132987,0.12781028624331667,0.016124889708096352,6.259367402721014,151.3593403181816,49.28554553850204,18,0.0009877052712861576,15,2.271926164627075,0.407828903916241
S3,2,19,1,SINE,hyb,sample,500,10,1002,5.207906508202234e-18,10.0,1.644540691004182,7.07e-06,893.4592856347779,3.16e-11,5,1.0,0.4470131356518527,0.002795748408827205,0.46200957141431526,0.007801616192644748,0.43964974262925516,0.5134442583303214,0.5215770414990024,0.5133604056623536,0.5214980310781194,0.512536962848157,0.520722638645152,0.5055546176309231,0.5141862005573185,0.4784473660703701,0.4895947106085252,0.4538681943974698,0.4683139095784995,0.4470131356518527,0.46200957141431526,0.44987486774780827,0.46419249687030195,0.47538964709224707,0.49062963376946794,0.6664174355115831,0.6635531307509407,3.18849630760185,0.16030824914255346,0.5119962576178948,16.445406910041818,2.7236981848658304e+17,9.277861865482067e+16,0.1418476550334137,0.04831823719144538,0.058004573141671636,0.05325338419435654,0.04522455280163976,0.02850659794667952,0.11671766666341632,0.0,0.0,0.03897886127383156,0.024566265506269915,0.008741971890266874,4.458817960422613,6.58071136009687,2.241618814993444,16,0.0009673768770612836,17,2.152796983718872,0.407828903916241
S3,2,20,1,SINE,hyb,sample,500,10,1002,1.68032158811811e-17,10.0,2.0,7.07e-06,6053.484880280973,3.16e-11,4,10.0,0.4152349989487196,0.003772935264857145,0.41768419041047994,0.0044653933882118,0.4080471774226576,0.47352081031536813,0.4610062583579718,0.4735138701519017,0.461000303502204,0.4734445701527735,0.4609408435415528,0.4727615751115028,0.4603549630114808,0.4667959164866173,0.45524757441761726,0.4413778734726275,0.43364300897218183,0.4179081900052447,0.4144391666127631,0.4152349989487196,0.41768419041047994,0.4457203688558066,0.4665354438075015,0.5290219728653331,0.5673336792548568,0.9882269435302449,0.13181671940928272,0.4705516107728963,20.0,1.7003561323717268e+18,4.720870520122857e+17,2.857145116713227,0.7932580649672807,0.027882211142272087,0.01296295536907522,0.37045084899079345,0.20778599275268814,0.7389422508461682,0.0,0.0,0.23061171748633358,0.19246550328444575,0.018936680472972763,12.17804344406996,41.082205725595834,11.40606783598134,13,0.001,20,4.108156204223633,0.407828903916241
S3,2,21,1,SINE,hyb,sample,500,10,1002,1.1228623926215316e-18,6.014934734996692,0.9382794278885302,7.07e-06,17525.06718977634,3.16e-11,1,1.0,0.4854447885988772,0.0028311343209600974,0.5207416196092781,0.0036023957920354416,0.48540186631441856,0.49832661187042077,0.5300433111577949,0.4983224640909231,0.5300400486027441,0.4982811434864066,0.5300075521400995,0.4978830608387361,0.529694994354582,0.49498817454388194,0.5274527623924584,0.4884189616403047,0.5226307519988149,0.4854447885988772,0.5207416196092781,0.4859591389616136,0.5221804754687709,0.49084957294394965,0.5275551771156485,0.5341502998729694,0.5694441083534816,8.895154187722014,0.2809754013384227,0.6414387860857184,5.643689521939544,7.28246824655822e+18,2.884614065792889e+18,1.3594843634700202,0.5384970568109928,0.11517022531395804,0.07509651490853575,0.3069729522777318,0.17616895278351621,0.5653473310714942,0.0,0.0,0.07841647795076594,0.17375690735359578,0.01828948693562545,4.287516551271935,175.9512922024844,69.69499285102904,28,0.0009382794278885303,10,1.7121930122375488,0.407828903916241
S3,2,22,1,SINE,hyb,sample,500,10,1002,1.2029116401978602e-17,0.15720637912813784,0.6653699543229971,7.07e-06,18684.275943723187,3.16e-11,5,0.1,0.8277310007094612,0.01242373306119985,0.8636022826404961,0.013080088718712272,0.8099943863809225,0.9630241807660965,1.0061050262879623,0.961994646117259,1.0050917965716395,0.9526305586738534,0.9958798507658535,0.9045076433229792,0.9485007801672705,0.8469638395193131,0.8893175012316892,0.8277310007094612,0.8636022826404961,0.8808255606642914,0.9052309691615417,0.9690082495461947,0.9900212707273557,0.9882848973986332,1.009353464252145,0.9904421006340117,1.01134065527131,0.021701289224225803,0.39622083489899707,0.7244004889744717,0.10460040129977283,9.88339521841554e+18,4.339745033229964e+18,756.2575525779018,332.068574119891,0.028703376753324947,0.012624757237627517,0.9892033954704128,0.01728035321124877,0.9986787100101283,1.0,1.0,0.001954048709671985,0.017253791065329607,0.003695834480155475,0.528716510483387,238.79213765881366,104.85232761392463,40,0.00095052850617571,7,0.951326847076416,0.407828903916241
S3,2,23,1,SINE,hyb,sample,500,10,1002,5e-20,10.0,0.5144912405638974,7.07e-06,6078.936220046947,3.16e-11,5,1.0,0.5141090458129774,0.011403156949684712,0.5270747094454272,0.012792742776596335,0.5149288318086083,0.6110338198676446,0.6271880884011131,0.6090540922218797,0.6252651159316486,0.5934871498827826,0.6100972126715279,0.5485269692283904,0.565163385506842,0.522263737052177,0.5359680890448185,0.5143406229214127,0.527267930250731,0.5141090458129774,0.5270747094454272,0.5476186716026499,0.5614857959852646,0.8038105463409158,0.8148081065229753,1.010546721238293,0.9675364827002291,332.10781343476935,0.5124157964858945,0.78497200881593,5.144912405638974,3.919768526088787e+18,1.844089203623659e+18,0.019598842630443935,0.009220446018118295,0.19259099392853246,0.19063062909151907,0.009100409174033918,0.00595551823944114,0.01850569570232501,0.0,0.0,0.0012640024377453744,0.00593259244037861,0.003931685085859164,0.321491271590273,94.70529962501443,44.55493210939594,51,0.000857485400939829,6,0.7996900081634521,0.407828903916241
S3,2,24,1,SINE,hyb,sample,500,10,1002,9.198954703943433e-18,10.0,1.755507586103149,7.07e-06,12311.84703360037,3.16e-11,5,10.0,0.40957298172815254,0.003501992447954516,0.41583548077808025,0.007706439921287234,0.40208257814201886,0.47958538220545527,0.4728885652033508,0.47957548455364696,0.47287996231888235,0.47947667723856935,0.47279408601416717,0.4785052132872993,0.47195029000114097,0.4701912726743166,0.4647696825028401,0.4374713637459105,0.4373404422527999,0.41055591285650195,0.4155472853760954,0.40957298172815254,0.41583548077808025,0.4395723081808973,0.4594176263038744,0.5338756096729732,0.572350450031863,1.8051388669867048,0.15017504960133793,0.4979143249708202,17.55507586103149,3.646851049571426e+18,1.0859308671059132e+18,3.3547217617036114,0.9989428858121312,0.02849685311913799,0.013080877476830895,0.414969810556626,0.22454705216924628,0.769183319281536,0.0,0.0,0.20527652437290492,0.21339941391346876,0.019061803456411473,10.768998056364902,88.11135633105421,26.23711258887427,15,0.0009752819922795273,18,4.131286144256592,0.407828903916241
S3,2,25,1,SINE,hyb,sample,500,10,1002,1.5533264183723958e-18,10.0,2.0,7.07e-06,19587.207149400965,3.16e-11,5,10.0,0.4425518256681481,0.001541897401479071,0.45666691833507594,0.005509002644583693,0.43861566309002764,0.5219398268544074,0.5080642981957981,0.5219134931113786,0.5080403250947929,0.5216513100500604,0.5078016793384836,0.5191395961463172,0.5055186822573308,0.5014922288615267,0.48966861275867685,0.4630786617959908,0.45695216517761317,0.44386009795039916,0.4450706212733445,0.4425518256681481,0.45666691833507594,0.4574188096206262,0.482488774363655,0.4892662738408255,0.5191632405303471,10.690213258033625,0.13181671940928272,0.4705516107728963,20.0,5.501769088003624e+18,1.510375952218399e+18,0.8546043272180631,0.23461068682552022,0.0404985964673301,0.026959928468947774,0.17097860099226028,0.1209743366969174,0.45097247392240153,0.0,0.0,0.151909989922531,0.10726254841244784,0.014833193350462636,10.241219563000778,132.92792328911705,36.49210563053027,13,0.001,20,3.469892740249634,0.407828903916241
S3,2,26,1,SINE,hyb,sample,500,10,1002,2e-17,10.0,2.0,7.07e-06,16688.474022135077,3.16e-11,1,1.0,0.42963692611381193,0.0035328535518841858,0.45014570145820654,0.00406685449564694,0.4224476488423555,0.43964515027227896,0.457468718425189,0.4396445048638534,0.45746813718913215,0.4396380544467906,0.4574623282505037,0.4395739148479958,0.45740457906303844,0.4389669511433609,0.4568592250163933,0.4350755293346712,0.4534410203822749,0.42963692611381193,0.45014570145820654,0.4368757274371631,0.4622137271614816,0.49772137263781263,0.5327859457898108,0.6321324159801331,0.6743584840101504,0.8302695335869232,0.13181671940928272,0.4705516107728963,20.0,4.687559852304241e+18,1.2879890603603313e+18,9.375119704608483,2.575978120720663,0.01398218845643372,0.0048192215052507495,0.5866608959120063,0.26041024375453664,0.9034736356478887,0.22045,0.00705,0.2114427551937527,0.25095031989795247,0.018359660201550516,11.516703080152642,113.25586124995736,31.119028856757296,13,0.001,20,4.715759992599487,0.407828903916241
S3,2,27,1,SINE,hyb,sample,500,10,1002,7.875148784767027e-18,3.9812001866133784,2.0,7.07e-06,20000.0,3.16e-11,1,1.0,0.4333602764817697,0.002790839135931094,0.45673136186159785,0.005068925614855131,0.4300310109026855,0.4436870913550683,0.46551332480501806,0.4436858213432993,0.4655120808128377,0.4436731369898729,0.4654996565624995,0.443547849613362,0.4653769609592858,0.44243270134303553,0.46428683576945506,0.43733094871606326,0.45938222880922125,0.4333602764817697,0.45673136186159785,0.4436011917992526,0.471751212447358,0.5142801539494412,0.5506524543455691,0.6545182392201379,0.696767319079995,0.8394683865400643,0.13181671940928272,0.4705516107728963,7.962400373226757,5.617716205807263e+18,1.5420448623924582e+18,11.112315100377383,3.0502944225109156,0.031007688652033096,0.010368807891925768,0.6161456984366764,0.26188359883206674,0.9170099315303553,0.2952,0.03705,0.18910024681397086,0.25421661719249555,0.017996542327391937,10.507587700674462,135.72931486598327,37.257256329320285,13,0.001,20,3.6986098289489746,0.407828903916241
S3,2,28,1,SINE,hyb,sample,500,10,1002,5e-20,6.44140593869893,0.9985189270667815,7.07e-06,200.0,3.16e-11,5,0.01,0.9466638685664398,0.01743737937782977,0.978130289406432,0.030945969806043576,0.9364664406910871,1.093168291836667,1.1248310200432237,1.0558302064946021,1.0885286422042857,0.986615832326075,1.0167155804145087,0.9551498935166327,0.9856408212802468,0.9466638685664398,0.978130289406432,0.9692491483469988,0.9939983030492616,0.9945447060661026,1.0147001578100645,0.9990285792868191,1.0175521804191983,1.000914833562791,1.0105119524969717,1.0554568713823715,1.0084698023450032,213.92412417470393,0.2640244783271229,0.6265261002016693,6.431865746711249,8.00085956479731e+16,4.609402974061337e+16,0.0006210491654259386,0.0003577947902932794,0.1554202734552054,0.15537938378273095,0.00035765760984442794,9.608474637407875e-05,0.0005597028495706453,0.0,0.0,0.0001396983692646638,8.329544778805278e-05,0.0008379022008516712,0.16672395551971317,1.9330830310479121,1.1136751745555078,26,0.0009985189270667815,10,0.8199789524078369,0.407828903916241
S3,2,29,1,SINE,hyb,sample,500,10,1002,2e-17,0.13917137691494463,0.9136245766144618,7.07e-06,200.0,3.16e-11,5,0.1,0.5465953734273861,0.010124932313919267,0.5770495819461658,0.031399841952730746,0.5382047378335032,0.6163734085192043,0.6540113867783479,0.6158324776712903,0.6534583241972498,0.6108912366764898,0.6484066117224494,0.584912270053391,0.6218488563801354,0.5541198548933417,0.588862379296164,0.5465953734273861,0.5770495819461658,0.6061465560477532,0.632948864935831,0.8633524356188198,0.8880635673375098,0.9591198081791934,0.9837015993833903,0.9711702401041713,0.9955380922735694,0.011554975419982098,0.2885577353834861,0.6478440602814775,0.12715039031076797,8.486527616714198e+16,5.045829228814343e+16,12.195794573334988,7.251245680924937,0.9531533616492998,0.5960006814944084,0.8733528805714685,0.026818700942498948,0.9093768442076755,1.0,0.2254,0.00849980893811029,0.026666462657084056,0.014765057128488742,0.5756705757480721,2.0504250069042795,1.2191198684079991,29,0.0009136245766144618,10,1.1854588985443115,0.407828903916241
S3,2,30,1,SINE,hyb,sample,500,10,1002,5e-20,10.0,0.6214884621535264,7.07e-06,200.0,3.16e-11,5,0.01,0.9474767823524379,0.019926223972142405,0.9458103070313802,0.024118756384788533,0.9377432427386367,1.1146067732263927,1.089035569524683,1.0719102923792379,1.0526342303062741,0.9861806881137477,0.9819816087933857,0.953152393438244,0.9497345519996129,0.9474767823524379,0.9458103070313802,0.9687225275148919,0.9797156094678957,0.9942803931067188,1.0124469641390255,0.9989973546830241,1.0173082173635142,1.000911637725568,1.0104827955263265,1.055456385709997,1.0084634651838735,332.10781343476935,0.42419683529609925,0.740718735237359,6.214884621535264,1.1201225194028694e+17,7.408918925328371e+16,0.0005600612597014348,0.0003704459462664186,0.16084444878820237,0.16081396728913785,0.00037030089845854265,8.87384532921806e-05,0.0005343778438588892,0.0,0.0,7.651308218662792e-05,8.469076154129504e-05,0.0008541233427873956,0.08958083493764576,2.706321511352733,1.7900645970561833,42,0.0008878406602193234,7,0.6475059986114502,0.407828903916241
S3,2,31,1,SINE,hyb,sample,500,10,1002,5e-20,10.0,0.5,7.07e-06,11487.019776663292,3.16e-11,5,1.0,0.5044309865793374,0.0059492393516100694,0.5125678469187198,0.011793863701996898,0.4983485545746692,0.5908375906306551,0.5918103567640539,0.5897778766325312,0.5907959536787553,0.5806044787716265,0.5820184031853604,0.5431068471112377,0.5463043652084238,0.5122983933733604,0.5179740943804974,0.5052227291288541,0.5124414281711018,0.5044309865793374,0.5125678469187198,0.5115263352149021,0.5206402483197251,0.6238282928951496,0.6324153130052217,0.9158058234052644,0.8801852795090994,332.10781343476935,0.5272668776371309,0.7914984825837854,5.0,7.579311526938098e+18,3.5611246070204626e+18,0.037896557634690485,0.017805623035102313,0.19650117416683044,0.19269743071100368,0.017360831248975944,0.011444396815006318,0.03523252980199143,0.0,0.0,0.0022570857792295145,0.011406117907739226,0.005387775767966908,0.41892719304486425,183.1233054535066,86.04012473318315,53,0.001,5,0.7040729522705078,0.407828903916241
S3,2,32,1,SINE,hyb,sample,500,10,1002,2e-17,1.676804800361117,2.0,7.07e-06,200.0,3.16e-11,3,1.0,0.4674698687079887,0.007233071070880766,0.48019803766297925,0.014164982548959516,0.4617828183674786,0.5077655387880433,0.5261356791595266,0.5077264046073473,0.5260917106425754,0.5073399341770282,0.5256573784299594,0.5039047320988006,0.5217868863565368,0.4881564855883368,0.5037819866482119,0.4723712633861338,0.4853361107538993,0.4674698687079887,0.48019803766297925,0.47552613447365666,0.49010237093936054,0.6306887768182532,0.6567966065787282,0.8052558478710722,0.8366552712667771,0.13921999395121384,0.13181671940928272,0.4705516107728963,3.353609600722234,5.620289669709124e+16,2.3015594961081492e+16,0.6703570586747769,0.2745172837783486,0.2339600828057825,0.1785164241990018,0.21188544515963345,0.05198893537064255,0.32194106779066817,0.0,0.0,0.10155975702562804,0.039335179519369684,0.01805166065413066,5.626061722049306,1.3579149217780098,0.5560784526764229,13,0.001,20,2.3304851055145264,0.407828903916241
S3,2,33,1,SINE,hyb,sample,500,10,1002,2e-17,10.0,2.0,7.07e-06,10255.359727372175,3.16e-11,2,1.0,0.4066802757872037,0.0041681686768459125,0.41874452282467073,0.004807404782917328,0.3926461029014208,0.42974201442983373,0.44200956662658636,0.4297403537518537,0.44200791374662296,0.42972375963567383,0.44199139717847685,0.42955907454273284,0.44182744492874687,0.4280283399609325,0.44030029618122474,0.4191653468070767,0.43134294936723067,0.4066802757872037,0.41874452282467073,0.40870372113684894,0.424060778463806,0.4516748354166865,0.47967299977869227,0.5710075401850363,0.6117512231427147,0.8302695335869232,0.13181671940928272,0.4705516107728963,20.0,2.88059769223602e+18,7.944492172049773e+17,5.761195384472042,1.5888984344099548,0.01931323351099159,0.0073951420062244415,0.5009537345085082,0.24575581544350356,0.8517804908677729,0.0725,0.0,0.22991134647730427,0.23373196427604934,0.01910081849661458,12.036727458462245,69.597953482868,19.194641380349537,13,0.001,20,4.452785015106201,0.4066802757872037
S3,2,34,1,SINE,hyb,sample,500,10,1002,5e-20,1.4899076677554726,2.0,7.07e-06,8429.267236127229,3.16e-11,5,1.0,0.46700185018149265,0.010896169767170848,0.47872577221664636,0.022751950263657214,0.4640963203255713,0.5681401588467269,0.5721018365161599,0.566506061272022,0.570520319934187,0.5531903060802422,0.5577053173390458,0.5085970423852474,0.5163281297628945,0.4764054492272155,0.48881141277325535,0.4687321659152667,0.4813389879353481,0.46700185018149265,0.47872577221664636,0.46959574953221406,0.48021673178639573,0.5429132951077117,0.5515027240625108,0.8478152887875311,0.8162139665012841,49.48099777579669,0.13181671940928272,0.4705516107728963,2.979815335510945,2.367676596593347e+18,6.543538667384238e+17,0.07945715858218994,0.021959544235522988,0.3283801864703472,0.31088891581579164,0.021257850879224657,0.014979447602196433,0.04973881062385755,0.0,0.0,0.009794783394824121,0.014466733543304824,0.005860639235726859,1.6712824319767798,57.20529669114147,15.809805757097783,13,0.001,20,1.978712797164917,0.4066802757872037
S3,2,35,1,SINE,hyb,sample,500,10,1002,3.1553748290692066e-18,10.0,2.0,7.07e-06,10736.844487425822,3.16e-11,5,10.0,0.4411064206193308,0.003257747209930096,0.4554544422498215,0.003873354356666993,0.4364658623178742,0.5219992016503395,0.5057171583245603,0.5219754823534124,0.5056948358769346,0.5217392798882592,0.5054726083931262,0.5194719361565032,0.50334553297169,0.5033062380084671,0.48855475407596377,0.46565653454664774,0.45809175814659203,0.4432736241157058,0.4457202488370854,0.4411064206193308,0.4554544422498215,0.45817379712615214,0.48341979431623583,0.4929853753390795,0.5237525831629373,5.26257309235012,0.13181671940928272,0.4705516107728963,20.0,3.015839303406327e+18,8.313880779294043e+17,0.9516103426485935,0.26233410142866703,0.03960916523083049,0.025619868324812927,0.1858622100913673,0.12851944526578868,0.47846387478442637,0.0,0.0,0.16145630989530452,0.11421352729602188,0.01537985509758129,10.497908391912997,72.86551819297951,20.087119048209228,13,0.001,20,3.5300400257110596,0.4066802757872037
S3,2,36,1,SINE,hyb,sample,500,10,1002,2e-17,10.0,1.0354535295444678,7.07e-06,3527.453592905377,3.16e-11,1,1.0,0.49360247418612496,0.004895497868971103,0.522073668224961,0.0075732974986043805,0.48825287227683667,0.5056058323610841,0.533387871098234,0.5056042237928964,0.5333863428838224,0.5055881608219842,0.5333710818766613,0.5054297699706611,0.5332205557999247,0.5040415898057391,0.5318977369452178,0.49820793050476314,0.526243521035467,0.49360247418612496,0.522073668224961,0.49820770673900105,0.5315151912632372,0.5239402900460466,0.5634284094051131,0.5937547162474177,0.6349570142883026,0.8302695335869232,0.2546067315397022,0.6178643596524818,10.354535295444677,1.376179658501936e+18,5.37341803530605e+17,2.7523593170038727,1.07468360706121,0.046549767027031765,0.025737417556433224,0.4453923834280669,0.21008756407887233,0.7320329965347352,0.0,0.0,0.11798007853634601,0.2061695294609053,0.01987665580829613,5.935610078185457,33.249796774689386,12.982684096193209,25,0.0009413213904949707,11,2.361747980117798,0.4066802757872037
S3,2,37,1,SINE,hyb,sample,500,10,1002,2.4924100172246285e-18,10.0,2.0,7.07e-06,4315.088542560313,3.16e-11,5,10.0,0.44513584324076383,0.0018210134378965112,0.4605461824339299,0.0022938597370195297,0.4426517716960622,0.5343099382655243,0.5422770414538064,0.5342453651321888,0.5422112191173497,0.5336065664957659,0.5415597880556022,0.5278369869487185,0.5356541720351864,0.49872253697873636,0.5054395601932449,0.46180964551039283,0.4689766189447587,0.4464116513070716,0.45805860548183264,0.44513584324076383,0.4605461824339299,0.45240741031668696,0.46969007790654294,0.5170891184575136,0.5309385830185093,6.662383218243142,0.13181671940928272,0.4705516107728963,20.0,1.2120675278898163e+18,3.3871963204293254e+17,0.302096924806527,0.08442282039344454,0.046107476769862946,0.03839959917532966,0.07433391765756288,0.0558425258319467,0.2204892595883492,0.0,0.0,0.07660548591864547,0.04770859039837924,0.010569465970675339,7.247810450517089,29.284693121686516,8.183785350587804,13,0.001,20,2.8194849491119385,0.4066802757872037
S3,2,38,1,SINE,hyb,sample,500,10,1002,5e-20,2.948558271202759,2.0,7.07e-06,20000.0,3.16e-11,5,1.0,0.45501617927763033,0.006393783682671125,0.4630141129711542,0.009792008493653052,0.4493014794233126,0.5302100559343759,0.5497218228845746,0.5296233780824915,0.5491218701571325,0.5243243716032326,0.543660778685563,0.4978791772101118,0.5150095465120199,0.4681572923592209,0.4786002268783657,0.45833067273310035,0.4660239364392547,0.45501617927763033,0.4630141129711542,0.4561810164799584,0.4649131206677187,0.5023438853368708,0.5125360071412748,0.7845749290318484,0.7607741273045541,97.92392402341518,0.13181671940928272,0.4705516107728963,5.897116542405518,5.617716205807263e+18,1.5420448623924582e+18,0.09526208555335276,0.026149133246795832,0.16525317286363783,0.1548254087647267,0.025117475894545455,0.01880054482667468,0.06674737878250304,0.0,0.0,0.018270209085032484,0.01729153514656282,0.006287223694279668,2.9059263632778563,135.72931486598327,37.257256329320285,13,0.001,20,2.0244638919830322,0.4066802757872037
S3,2,39,1,SINE,hyb,sample,500,10,1002,5e-20,10.0,2.0,7.07e-06,15963.20340505875,3.16e-11,5,0.1,0.46178158314510737,0.003647830720802479,0.4677377557089254,0.01042758744907974,0.44677228832516835,0.5485190858181506,0.555972952952812,0.5475996340271586,0.5550910113012403,0.5395350058925787,0.5473285187321962,0.5043962954296328,0.5127489783095353,0.4715517419494238,0.4781750957416727,0.46178158314510737,0.4677377557089254,0.46284777747934774,0.46840723063820117,0.5455114179354803,0.5517319246432872,0.8621578581629086,0.8698957362174667,1.0287809373217174,0.9835046069332124,332.10781343476935,0.13181671940928272,0.4705516107728963,20.0,4.483842570002395e+18,1.2323472778276564e+18,0.022419212850011975,0.0061617363891382825,0.049693799904811965,0.048903619348685846,0.006098511413004075,0.005023729057460349,0.020155056867854255,0.0,0.0,0.006865886604177692,0.004231336989040813,0.0031092820817225286,2.208190322948769,108.33385982799051,29.774670981705697,13,0.001,20,1.9386310577392578,0.4066802757872037
S3,2,40,1,SINE,hyb,sample,500,10,1002,1.0215632059096457e-17,0.8873429880801452,1.9600801388909521,7.07e-06,9662.366491393903,3.16e-11,4,1.0,0.43658961225079845,0.007095296468944787,0.4659936577620458,0.008177289813829806,0.43166330179167056,0.4866024415944935,0.5170539394237823,0.48657263046535526,0.5170236539038994,0.4862766042942878,0.5167229014406516,0.4835103104295838,0.5139110762012844,0.4670103355806023,0.49708901257243143,0.44249482575982907,0.47195838949839547,0.43658961225079845,0.4659936577620458,0.45138191750999895,0.4841899157008352,0.5368624331207262,0.5718510997164146,0.7356242276991131,0.7732736278995815,0.14423656697559076,0.1345013571576384,0.47471486552773207,1.7392633673200435,2.732616894301264e+18,7.629775565390994e+17,31.459547351639472,8.783861586392476,0.05876575904739335,0.017713002781905643,0.7799630488040843,0.22101040715728945,0.9685557472191701,0.67135,0.43625,0.10013708665737875,0.21844211062240562,0.015075409239991556,6.642412491976558,66.02259802147196,18.434256415466734,13,0.000980040069445476,20,2.7126388549804688,0.4066802757872037
S3,2,41,1,SINE,hyb,sample,500,10,1002,1.4016957833693707e-17,0.20000114142180414,1.8077292229369177,7.07e-06,17778.8047064565,3.16e-11,4,0.1,0.6182864525767081,0.007194191748929145,0.6579753582594969,0.019411618250391664,0.5994451067021173,0.683355678155797,0.7251244412269947,0.6832080869558326,0.7249703623675986,0.6817704214719715,0.7234679309891834,0.6703774349086601,0.7114601914103729,0.6366151823462832,0.6751277272639755,0.6182864525767081,0.6579753582594969,0.6381934525629761,0.6783031929135087,0.725250902666003,0.7577266939057791,0.8840293756350844,0.9099157470644362,0.9526307618930119,0.9782206167881358,0.02369342283472866,0.14583679650332518,0.4916734615754126,0.3615479079689346,5.208442755089947e+18,1.5225468739538424e+18,365.03052911749074,106.70676767300952,0.025679771460442473,0.00755643302555795,0.9563253547481014,0.08016148357517792,0.9972627075699341,0.9308,0.8769,0.019022652558774313,0.07978808071675662,0.006765669207297101,2.8116439003930997,125.84088280149531,36.78616656346447,15,0.0009514364331246935,19,2.0785129070281982,0.4066802757872037
S3,2,42,1,SINE,hyb,sample,500,10,1002,2e-17,2.8739154367462474,2.0,7.07e-06,8055.113654036994,3.16e-11,5,1.0,0.41741006572642564,0.0049628066310850386,0.4303354758951804,0.008415497271343018,0.39203686378880537,0.4762361864177769,0.49277742311478007,0.47622275062674413,0.4927626655418115,0.4760887704801652,0.4926155051864109,0.4747856127039352,0.49118419659600443,0.46456086876209035,0.4799596100160568,0.43454544248405824,0.4473560336512209,0.41741006572642564,0.4303354758951804,0.42522889249213697,0.44485913576897385,0.4665327361001189,0.497961196112153,0.5976678776692793,0.6361919894445224,0.23861244292355657,0.13181671940928272,0.4705516107728963,5.747830873492495,2.262582650813242e+18,6.256493090763354e+17,15.74564527462133,4.35398551451239,0.03249517104900555,0.010389487668871707,0.6813131022861836,0.24572043425038764,0.9399592950217613,0.47725,0.1213,0.16923769612381762,0.23920404962632427,0.017400383212040835,9.72609017062954,54.666127972979666,15.116276607124192,13,0.001,20,3.692188024520874,0.4066802757872037
S3,2,43,1,SINE,hyb,sample,500,10,1002,9.213198421762901e-18,10.0,1.6066242772615849,7.07e-06,8857.989759522607,3.16e-11,4,10.0,0.4173797825233697,0.006735169560640038,0.4328701854749696,0.00784356578848947,0.4154181042799877,0.4724978429253759,0.4862541731988418,0.4724901256315377,0.4862462093112291,0.47241308568560464,0.4861667065192429,0.4716557365946974,0.48538503597658594,0.46517988625039636,0.4786942430235168,0.43964479889787167,0.45225952419360116,0.41795255371244117,0.42996708622037605,0.4173797825233697,0.4328701854749696,0.45809753865712227,0.48739299888950394,0.5360053911423772,0.5761787188173877,1.8023481001466486,0.164091531884428,0.5170855898211016,16.066242772615848,2.725654478803216e+18,8.547380315596867e+17,2.511199554238077,0.7874871083386434,0.03482112166104382,0.017726792540708722,0.3722240584729622,0.20728216759107548,0.713053394378964,0.0,0.0,0.18537881024697345,0.19712966168317725,0.018925797236179216,9.79503309337991,65.85437950513155,20.65127592126638,16,0.0009450731042715205,17,3.506592035293579,0.4066802757872037
S3,2,44,1,SINE,hyb,sample,500,10,1002,5e-20,10.0,0.5,7.07e-06,20000.0,3.16e-11,5,1.0,0.49378126668817945,0.006859295855134289,0.49977188890720303,0.007617252506568194,0.4901679240519828,0.5877383567296741,0.5772998773985365,0.5871157151039196,0.5767364406491449,0.5814038267988308,0.5715799982720098,0.5507156308421083,0.5443150685359531,0.5118776671614444,0.5111159035574795,0.4975460646338331,0.49972116322978455,0.49378126668817945,0.49977188890720303,0.49815857480165526,0.5073209373935139,0.5338318190457509,0.5448507609195833,0.7686073511771211,0.7487389126015425,332.10781343476935,0.5272668776371309,0.7914984825837854,5.0,1.3195241951818035e+19,6.177481870297087e+18,0.06597620975909017,0.030887409351485436,0.19400760760655403,0.1876214479919771,0.029570021799115692,0.01950301729406509,0.059826408210124506,0.0,0.0,0.003822486003857689,0.019438797527676833,0.00696807994800048,0.5485709165771796,318.80947417025646,149.25378056401294,53,0.001,5,0.7836489677429199,0.4066802757872037
S3,2,45,1,SINE,hyb,sample,500,10,1002,5.56691163910692e-19,10.0,0.5,7.07e-06,7844.118566115556,3.16e-11,4,1.0,0.47840961713937463,0.005255302477278728,0.49337800954162897,0.00705526978952973,0.4703302188753907,0.5450746939673556,0.5490094731199433,0.5449727133200959,0.5489165055710742,0.543972352282482,0.5480043956777021,0.5355826312460341,0.5403441962550657,0.5056413225658972,0.5130251149636831,0.4845717713431609,0.495507541641123,0.47840961713937463,0.49337800954162897,0.4790821107412794,0.49773895109439914,0.49162049449308604,0.5125131404332608,0.5365054763480372,0.5570418895856323,29.828730449191053,0.5272668776371309,0.7914984825837854,5.0,5.176124956967629e+18,2.441524796898973e+18,0.288150302684149,0.13591752809025054,0.17606912038433628,0.15526138493563627,0.11410524375011423,0.07028293160645732,0.21852324144376525,0.0,0.0,0.01394938250424742,0.07005727270343909,0.013076297660268563,1.0667685048675257,125.06005435868703,58.98953876823447,53,0.001,5,0.8781509399414062,0.4066802757872037
S3,2,46,1,SINE,hyb,sample,500,10,1002,5e-20,0.1,2.0,7.07e-06,6471.034625797599,3.16e-11,4,1.0,0.48863031685965347,0.008425372287439375,0.5065166690185876,0.018639739350350654,0.48811751457188357,0.5607709278470172,0.5679807794597902,0.5592474699893593,0.5666101056289483,0.5473792648094163,0.555902708507564,0.5141419502647792,0.5255688891076474,0.49513011984124466,0.5086416114726078,0.49008280988798625,0.5058721397129733,0.48863031685965347,0.5065166690185876,0.4904525267115177,0.5091939112840156,0.49840427244363383,0.5187376426361735,0.5282467748576603,0.5524071692422537,3.321078134347694,0.13181671940928272,0.4705516107728963,0.2,1.817639388276085e+18,5.0412090474199706e+17,0.9088196941380424,0.2520604523709985,3.9934174029150213,2.6194197468492844,0.18600760794703253,0.11263179063219471,0.3351265789438202,0.0,0.0,0.007851358991381906,0.11260030712056021,0.01577969653289151,0.4975608355342182,43.915879657485526,12.180035890655745,13,0.001,20,2.033524990081787,0.4066802757872037
S3,2,47,1,SINE,hyb,sample,500,10,1002,5e-20,0.1,2.0,7.07e-06,20000.0,3.16e-11,4,10.0,0.5172327440004374,0.004860108016875672,0.5525799583347535,0.012013095849161904,0.5192552787068855,0.589355507721385,0.5888852964650652,0.5886391682148806,0.5882903694008137,0.5823339960349074,0.5831233674277827,0.554504925312,0.5623743108245209,0.5284344472931751,0.5493455672420724,0.5203575291012895,0.5488649419740639,0.517505538829355,0.5503160615256363,0.5172327440004374,0.5525799583347535,0.5222639129444009,0.5582547576098887,0.5581793378004755,0.5969244588682355,3.321078134347694,0.13181671940928272,0.4705516107728963,0.2,5.617716205807263e+18,1.5420448623924582e+18,2.808858102903631,0.771022431196229,2.8232279342858306,1.312729396820616,0.3754545532567173,0.20298533417386813,0.6126892804418339,0.0,0.0,0.015693721669959818,0.20291839842705361,0.019037379735665105,0.8243635357316955,135.72931486598327,37.257256329320285,13,0.001,20,2.0675928592681885,0.4066802757872037
S3,2,48,1,SINE,hyb,sample,500,10,1002,1.4561774002220458e-17,10.0,0.5,7.07e-06,200.0,3.16e-11,3,1.0,0.5093873014472321,0.00957178235749691,0.5312355849834459,0.015686270813760932,0.5051847515170966,0.5577823364534032,0.5699409033770905,0.5577339644525473,0.5698985830568459,0.5572564384207298,0.5694810542590765,0.5530261341811225,0.5658032403300463,0.5340102766851873,0.5498355914083105,0.5153548609072203,0.5354904155269796,0.5093873014472321,0.5312355849834459,0.5174094861376555,0.5392531208951672,0.6580038578145015,0.6855552425921004,0.827279947893523,0.8464238182485252,1.1403411884572845,0.5272668776371309,0.7914984825837854,5.0,1.3337413403528466e+17,9.220122194473266e+16,0.1942163997563675,0.13426133566877665,0.17632620782412298,0.16747383475959807,0.11771353609284041,0.024039175559847588,0.1582901208291069,0.0,0.0,0.014533483791318535,0.023503489650912406,0.01431402491251135,1.0153317379387377,3.2224447035504253,2.227668366627059,53,0.001,5,0.8638379573822021,0.4066802757872037
S3,2,49,1,SINE,hyb,sample,500,10,1002,3.782616797119607e-18,10.0,1.7041109768640346,7.07e-06,16580.481560856348,3.16e-11,4,10.0,0.42826684051033237,0.005746460988428594,0.4356931504079407,0.003779340141920563,0.42326120677285173,0.487991347461496,0.48336524265950337,0.48798156541223214,0.48335547051371847,0.4878839511538498,0.48325795604942795,0.4869279656912572,0.48230304558284487,0.4790078772379971,0.47440165935819767,0.45126687593567166,0.4471285743185692,0.429981651083462,0.4285176635731192,0.42826684051033237,0.4356931504079407,0.4617184965558322,0.48853496768277865,0.518773588249862,0.5569173399630593,4.389921465051169,0.15470438392675168,0.5042920660533715,17.041109768640347,4.967715845564154e+18,1.4998625049984512e+18,1.87909654007482,0.5673405104777032,0.03744025235311377,0.020381957818621246,0.30941166152193694,0.18718212494933292,0.6489540604684352,0.0,0.0,0.1839457513050534,0.1755421868147466,0.01806682781728416,10.181408333845761,120.02469392638531,36.238090843067695,15,0.0009467283204800192,18,3.5207412242889404,0.4066802757872037
S3,2,50,1,SINE,hyb,sample,500,10,1002,3.7257342990385906e-18,10.0,1.4805223811073798,7.07e-06,20000.0,3.16e-11,1,1.0,0.45398972536924875,0.005816483440340107,0.47126891730054943,0.00500215700363958,0.44588683420358366,0.4669783609863186,0.4804098336878756,0.46697692339609703,0.4804086628219492,0.4669625648988971,0.4803969688460314,0.46682069857435005,0.48028147871974936,0.46555455744786245,0.4792550032473774,0.45967901556207275,0.4746380135144519,0.45398972536924875,0.47126891730054943,0.4590934301023557,0.4838283451860577,0.4942540865534575,0.5305341711145504,0.5514531325776304,0.5899164242948772,4.456944413890012,0.17806785103875072,0.5351550599493435,14.805223811073798,6.408421293122284e+18,2.0871724144443428e+18,2.3876075014474933,0.7776249852502477,0.03799661226635842,0.01993847495339527,0.3695798434293971,0.2087547037632964,0.7025476035007716,0.0,0.0,0.16778647438516395,0.2003291631205072,0.018768992013154736,8.93955702403019,154.833494541591,50.428051443193546,18,0.0009870149207382533,15,2.989788293838501,0.4066802757872037
S3,2,51,1,SINE,hyb,sample,500,10,1002,5.375533851869663e-19,10.0,1.450739577873452,7.07e-06,14810.070645590178,3.16e-11,2,10.0,0.44652289234534576,0.00250070125427495,0.46373543431959263,0.0028127908406051275,0.44612318084719205,0.47663785507741946,0.48889612686607703,0.4766206749856104,0.48888213228335575,0.4764501218772651,0.4887432335995546,0.47486013834544816,0.4874509858859569,0.46546555729689654,0.47989525757501295,0.45152422691584365,0.46861222027641647,0.44675730810519454,0.46434602738581676,0.44652289234534576,0.46373543431959263,0.4559634036241273,0.47297757477975655,0.5919123964488215,0.5914505186709047,30.89068198493987,0.18172347597010424,0.5397022028258283,14.50739577873452,4.788443147754448e+18,1.5775066723451558e+18,0.2574043823850736,0.08479940518741651,0.06354203249621962,0.05481956323831943,0.07494892010984547,0.05400754282821843,0.19510650999237136,0.0,0.0,0.05338685051313742,0.04980966077454549,0.010567777900419512,5.051852055957583,115.69329669013221,38.11404705929909,18,0.0009671597185823013,15,2.002774953842163,0.4066802757872037
S3,2,52,1,SINE,hyb,sample,500,10,1002,9.440355019471161e-18,0.1,2.0,7.07e-06,200.0,3.16e-11,5,1.0,0.5255266068788746,0.010765937257363488,0.5349774729078312,0.017844153021351058,0.5198218217318573,0.6057099671921071,0.6063941426815639,0.6051991778886022,0.6059091397292828,0.6004760094872819,0.6014220973685808,0.5739672816236447,0.5761537807226897,0.5380632440956228,0.542627837548005,0.5255309621761959,0.5335976498135753,0.5255266068788746,0.5349774729078312,0.6211757489147635,0.6339762879871242,0.8581971253018681,0.8838072667613524,0.9215492001604157,0.9502690515296811,0.017589794703153746,0.13181671940928272,0.4705516107728963,0.2,5.620289669709124e+16,2.3015594961081492e+16,5.305752979432044,2.172753874169608,1.575918018950849,0.7929267157005486,0.6761596490284149,0.05354189571167148,0.7527681033071596,0.0,0.0,0.023603275845283243,0.052996706580103976,0.020770677617158242,1.1363748588435578,1.3579149217780098,0.5560784526764229,13,0.001,20,2.1756668090820312,0.4066802757872037
S3,2,53,1,SINE,hyb,sample,500,10,1002,1.0698705960047526e-17,3.8775775093795635,2.0,7.07e-06,10190.575988066028,3.16e-11,5,1.0,0.40348037590472574,0.0048916250608733725,0.41920369791413653,0.003762935536899342,0.3800432846653078,0.4640495749760146,0.4903892541018443,0.46403574746414267,0.49037403589766704,0.4638978606011531,0.4902222585235311,0.4625566711810329,0.4887438013388161,0.4520398491340284,0.47700915318990755,0.4215122107537329,0.44139113273581937,0.40348037590472574,0.41920369791413653,0.4051623714758706,0.42109262552085636,0.431743814274522,0.4549486482831554,0.5517743628896602,0.5891616225086069,0.6018362374257479,0.13181671940928272,0.4705516107728963,7.755155018759127,2.862400943328693e+18,7.89479096191861e+17,7.897710866735552,2.178268439851838,0.040571301631895255,0.014492096840596793,0.5613890865352006,0.25228833056969874,0.8863327414340543,0.1591,0.0,0.20308814900798758,0.243108017304096,0.018819308362693306,10.791477831915541,69.1583028897272,19.074558575309663,13,0.001,20,3.858797073364258,0.40348037590472574
S3,2,54,1,SINE,hyb,sample,500,10,1002,5e-20,0.1,0.5,7.07e-06,20000.0,3.16e-11,2,1.0,0.6277075402500303,0.005105463030816465,0.6766013724876428,0.012559422617957613,0.631130946062685,0.6606996756153221,0.7059068464000054,0.6601294343896804,0.7053754093830793,0.6554679320952548,0.7010358913164337,0.640586114816071,0.687397889843811,0.6310141292036446,0.6791421429437197,0.6279133604968409,0.6767727430184488,0.6277075402500303,0.6766013724876428,0.6314246251322512,0.6789678200039474,0.661071408620808,0.7039924374737863,0.7453035748385334,0.7882615430839357,3.321078134347694,0.5272668776371309,0.7914984825837854,0.05,1.3195241951818035e+19,6.177481870297087e+18,6.597620975909017,3.088740935148543,4.891481342843601,2.6324029671152553,0.6623846971931905,0.20312645233726773,0.857673766653289,0.39445,0.0,0.00621786191270995,0.20311225914879638,0.018952598304788838,0.3280743786533404,318.80947417025646,149.25378056401294,53,0.001,5,0.5701248645782471,0.40348037590472574
S3,2,55,1,SINE,hyb,sample,500,10,1002,5e-20,10.0,1.2034161160939048,7.07e-06,16497.441258183775,3.16e-11,5,1.0,0.4656098800356393,0.005455659717476796,0.4764826640542599,0.008473974708689927,0.46080507844212565,0.5581237045859374,0.5687549883431234,0.5573415447970402,0.568037274760077,0.5503350765827312,0.5615771256482138,0.5168953057777635,0.5296683593432266,0.48181515275267983,0.4924199537702397,0.46936111422443955,0.4793001366572903,0.4656098800356393,0.4764826640542599,0.48591463686304115,0.49605585577128775,0.7303313278015043,0.7384330253594438,0.9891165164133321,0.946811802021163,332.10781343476935,0.21907088935644073,0.5824542957031609,12.034161160939048,5.895023190558544e+18,2.1192326230141862e+18,0.02947511595279272,0.01059616311507093,0.08222550164283042,0.08071761539719126,0.010426281409496294,0.0076183007830755035,0.02677292684536908,0.0,0.0,0.006291806204373875,0.0071828591310079655,0.004110735285024384,1.5305792682139476,142.4293128133581,51.20265627979014,22,0.0009257047046876191,13,1.4534080028533936,0.40348037590472574
S3,2,56,1,SINE,hyb,sample,500,10,1002,2e-17,10.0,2.0,7.07e-06,20000.0,3.16e-11,5,1.0,0.4100820526623818,0.0055627723028006315,0.42221447210952945,0.008903714424610777,0.3736780407710035,0.4693252788213302,0.4781644803889774,0.469319613461842,0.47815898790146044,0.4692630177056153,0.4781041194803907,0.4687027811003258,0.4775610189017218,0.4636160601643244,0.47263295558178414,0.4377288354664538,0.4476192359592567,0.4100820526623818,0.42221447210952945,0.4176963787751465,0.43977699635849776,0.44836034568772687,0.47883979466003235,0.5517670423926393,0.589250657058487,0.8302695335869232,0.13181671940928272,0.4705516107728963,20.0,5.617716205807263e+18,1.5420448623924582e+18,11.235432411614527,3.084089724784917,0.012242630150010522,0.004086492272437983,0.6165361565425144,0.2630849804703207,0.918187411397117,0.29825,0.04165,0.20229094328977085,0.2544820950593159,0.017949513187270193,11.26999608174531,135.72931486598327,37.257256329320285,13,0.001,20,4.899444818496704,0.40348037590472574
S3,2,57,1,SINE,hyb,sample,500,10,1002,6.29620022558881e-18,2.3897714297315,2.0,7.07e-06,3642.367800213394,3.16e-11,5,10.0,0.44659505886482853,0.008787309299715057,0.4560369268365193,0.013989191291269312,0.4396589033954818,0.5288969528969989,0.530077871895424,0.528851977821754,0.53003040708246,0.528405347641671,0.5295589851788045,0.5242291174282128,0.5251450386676707,0.4991396780632929,0.498416871152191,0.46058893764850656,0.457838189785301,0.4466665865171283,0.44709622097279017,0.44659505886482853,0.4560369268365193,0.4748438871707843,0.5036027753396527,0.5471805248870465,0.5885276794772786,0.6302704295452969,0.13181671940928272,0.4705516107728963,4.779542859463,1.023110691431389e+18,2.871094049503498e+17,2.695533843132599,0.7564314635815038,0.11911938195350068,0.05661564452300004,0.3688419812913585,0.19633931007242722,0.699571751251977,0.0,0.0,0.17758567968314595,0.18600688835004253,0.0192561174184321,9.222299377607637,24.719317974178416,6.9368336522957685,13,0.001,20,3.1125760078430176,0.40348037590472574
S3,2,58,1,SINE,hyb,sample,500,10,1002,5e-20,0.1506231306768766,2.0,7.07e-06,11243.628672433317,3.16e-11,3,1.0,0.4772646773814553,0.0092357896037505,0.5050128097354473,0.009365195891937912,0.4763338998814783,0.5249169749960564,0.5407959975671307,0.5243820198705385,0.5403756757142594,0.5197418125539779,0.5367599537374964,0.5007453257652188,0.5225732250149877,0.4843446615269104,0.511304690295955,0.47874591704682407,0.5069293967196207,0.4772646773814553,0.5050128097354473,0.47785131402999725,0.5055637698091261,0.4819634582968405,0.5108332306766824,0.5112525054791177,0.5419300309372932,5.002311858179702,0.13181671940928272,0.4705516107728963,0.3012462613537532,3.158187131172272e+18,8.702678763787853e+17,1.048373884203534,0.2888891873605131,2.5755071143800983,1.6205748849338206,0.20485767184338022,0.12527742245638526,0.37070141422987896,0.0,0.0,0.012049316152117687,0.12520620675081154,0.016201384052358714,0.7437214075771176,76.30477578939566,21.026491599675396,13,0.001,20,1.930649995803833,0.40348037590472574
S3,2,59,1,SINE,hyb,sample,500,10,1002,5e-20,0.554427366754135,0.5,7.07e-06,8936.96632311424,3.16e-11,3,1.0,0.523988141089104,0.006112613537662219,0.5439594100660153,0.025267759070375324,0.5208361129780884,0.573132572827398,0.5938495502471948,0.5725266477292825,0.5932650606394523,0.5673188872590618,0.5882558156947251,0.5468276923597079,0.5687663597640259,0.5300286760912616,0.5519905633759976,0.5246449211490261,0.5456476714268848,0.523988141089104,0.5439594100660153,0.5264659186028068,0.5463939541805729,0.5355599079366745,0.5583686015051503,0.5663393882738839,0.5931861755765723,18.41296604811127,0.5272668776371309,0.7914984825837854,0.2772136833770675,5.897066014890719e+18,2.777397792215103e+18,0.5318159211200895,0.25047444974399696,2.8847654907599662,2.3549340948622617,0.18606645486860154,0.108576241519191,0.32726891057323343,0.0,0.0,0.0036493257681657907,0.10856863005807468,0.015952679123775966,0.22875942904955784,142.47866937336218,67.10454669425215,53,0.001,5,0.5781950950622559,0.40348037590472574
S3,2,60,1,SINE,hyb,sample,500,10,1002,8.968537462366331e-18,6.5900272002323135,2.0,7.07e-06,8057.541502308042,3.16e-11,1,1.0,0.4375081500753069,0.004680699697255621,0.44390182506880327,0.007427804225057933,0.42746853607117696,0.449125128523038,0.4518464210544148,0.4491238072060034,0.4518452613900779,0.44911061125423546,0.45183368059989826,0.4489803499640751,0.45171943603186737,0.44782688983974295,0.45071409528074147,0.44262883552522536,0.4464147788922307,0.4375081500753069,0.44390182506880327,0.4412668999618402,0.45697794791956925,0.48445692652413036,0.5180434674141867,0.5587522257306922,0.5977956564937503,1.2201540848374572,0.13181671940928272,0.4705516107728963,13.180054400464627,2.2632645957865718e+18,6.258355703177801e+17,3.0801349824237,0.8517157193946854,0.04097401139131996,0.01859551738038189,0.3835156599740088,0.21373392471468042,0.7508717747661112,0.0,0.0,0.22260324990544297,0.19966437966163864,0.01895997776585203,11.740691505786666,54.682604405860104,15.120776854157185,13,0.001,20,3.767462968826294,0.40348037590472574
S3,2,61,1,SINE,hyb,sample,500,10,1002,2e-17,10.0,2.0,7.07e-06,11848.115377321024,3.16e-11,5,10.0,0.40242068781061063,0.0028978423078426753,0.4176516683187071,0.002731034860841408,0.3980779438270888,0.4717996707743074,0.4816711926426561,0.47179267904778827,0.48166466721634427,0.4717228416044321,0.48159948765472577,0.4710323515488667,0.4809550704021798,0.46482930896377106,0.47516750091635923,0.4348013355304004,0.44716390692016955,0.4038786280964234,0.41774456607095106,0.40242068781061063,0.4176516683187071,0.42497021826510933,0.4472835962918026,0.5299708583009932,0.566541761889244,0.8302695335869232,0.13181671940928272,0.4705516107728963,20.0,3.3279780834153605e+18,9.166432802422993e+17,6.655956166830721,1.8332865604845987,0.01764735014711965,0.0065308628877244635,0.527028143239534,0.251246969728444,0.869137620284804,0.1089,0.0,0.22560328870751262,0.24000854814160916,0.01894248270979409,11.90991129113534,80.40708512189168,22.14696503806681,13,0.001,20,4.703304290771484,0.40242068781061063
S3,2,62,1,SINE,hyb,sample,500,10,1002,5e-20,1.0876441256113087,2.0,7.07e-06,16038.155527706194,3.16e-11,5,10.0,0.4580597253307374,0.007211673679029652,0.47085515131901284,0.010479862105961,0.4592603025819334,0.5490666896247145,0.5394917118999314,0.5482616534416848,0.5388463054404532,0.5410924637176221,0.5331383227393998,0.5074237228052719,0.5074135138275737,0.4721662515764913,0.48198403179189064,0.46193785175494045,0.4728668924339149,0.4585161982802541,0.4706005882456467,0.4580597253307374,0.47085515131901284,0.4660426437050148,0.4788157777025276,0.5753437917498875,0.5729138470180845,36.12151123519434,0.13181671940928272,0.4705516107728963,2.1752882512226175,4.5048954602877394e+18,1.2380975034820795e+18,0.20709418431124102,0.056916480047469964,0.43495318569141656,0.38083953678288346,0.05246098146907635,0.03624577853395328,0.11613873617499723,0.0,0.0,0.01852804392626115,0.03550820911201052,0.0090051635727965,2.057491102352889,108.84251748702721,29.913601849661045,13,0.001,20,2.078433036804199,0.40242068781061063
S3,2,63,1,SINE,hyb,sample,500,10,1002,2e-17,10.0,1.7358138208295557,7.07e-06,10286.335758086629,3.16e-11,5,10.0,0.4073444172287462,0.0028846770103619353,0.42076055549654806,0.005124400472137503,0.4008222332245891,0.4731450672331481,0.4741014744012528,0.47313783727208314,0.4740951168928199,0.4730656322023113,0.474031626387965,0.47235290182578976,0.47340505684779793,0.46604130902473473,0.4678667256197005,0.43732696003682836,0.4427494102707684,0.4095538506429035,0.4183856282455599,0.4073444172287462,0.42076055549654806,0.4336457136496068,0.4576746192382311,0.5481466305944005,0.5874874739273679,0.8302695335869232,0.15187886837574174,0.5003296965881846,17.358138208295557,3.060046383579479e+18,9.182047144670227e+17,6.120092767158959,1.8364094289340456,0.020310842461478497,0.008091167763017635,0.5321328754532978,0.2486949941695131,0.8592841564623744,0.10315,0.0,0.19820401174767976,0.23986099131401786,0.019031135086863934,10.4147236012469,73.93360288866508,22.18469075965291,15,0.0009643410115719754,18,4.281939268112183,0.40242068781061063
S3,2,64,1,SINE,hyb,sample,500,10,1002,4.409106666020433e-18,3.220120989943106,2.0,7.07e-06,13464.054146052009,3.16e-11,5,10.0,0.4132142216452405,0.002893738551399297,0.4167903438206756,0.008768136472495365,0.4051955759731,0.4893916702672422,0.48632098404483237,0.4893700235194577,0.4862998134558444,0.4891544022740798,0.48608893339462655,0.48707928243536164,0.48405926955576906,0.47200940126971674,0.46930728839599867,0.435751346222544,0.4337608366049707,0.4152322395154969,0.4148357731861084,0.4132142216452405,0.4167903438206756,0.439164519003801,0.45784899143974095,0.5509339910826704,0.5904940441584886,1.2127483206599905,0.13181671940928272,0.4705516107728963,6.440241979886212,3.7818702535671014e+18,1.0406159208523704e+18,5.178274169543457,1.424849130739725,0.06403436271731845,0.025132207556926186,0.48201417941972424,0.24208511285885628,0.8321282515604841,0.0414,0.0,0.20254993485087286,0.23205479314632166,0.01912299006548847,10.59195942460994,91.37354747434107,25.142260805186062,13,0.001,20,3.615929126739502,0.40242068781061063
S3,2,65,1,SINE,hyb,sample,500,10,1002,1.6120931126690241e-18,10.0,1.258012007602631,7.07e-06,10378.618599979061,3.16e-11,5,10.0,0.45103338858606146,0.0017284710173793008,0.4744102416834749,0.0018573557378923052,0.4496074976544728,0.5357338980967421,0.5316651331907993,0.5356912216671146,0.5316328853726591,0.535267261249937,0.5313126235547532,0.5312889077708315,0.5283160724214222,0.506771546260646,0.5102177829806948,0.466383014414003,0.4817790255083277,0.45145918486018105,0.4717225267544999,0.45103338858606146,0.4744102416834749,0.4607277454630713,0.486080183703043,0.4926423019002467,0.5209716278389892,10.300515858073572,0.2095635313695984,0.5721639803078433,12.580120076026311,3.617593413127918e+18,1.2796729024926316e+18,0.5831897425740344,0.2062951872577551,0.06589638926291154,0.05020907796956409,0.1579075746890973,0.10399839869786393,0.3588077354365805,0.0,0.0,0.0846114771295712,0.09888865604709071,0.01462738814533801,5.784455590353516,87.40446427677595,30.91810264967453,21,0.0009677015443097162,13,2.3782551288604736,0.40242068781061063
S3,2,66,1,SINE,hyb,sample,500,10,1002,2e-17,10.0,2.0,7.07e-06,1998.7640640500265,3.16e-11,5,10.0,0.4413254814284658,0.0022536910546457007,0.4548256244197895,0.00548458863288919,0.435677414474842,0.5187200102006567,0.5119251072360675,0.5187017130173466,0.5119089380106121,0.5185193202490044,0.5117477636616271,0.5167513371896386,0.5101860354326772,0.5032299785989132,0.49827471638049714,0.46630186025832787,0.46592264971697456,0.44379285569043325,0.4474184528128822,0.4413254814284658,0.4548256244197895,0.4604319691307115,0.48633818848537363,0.5151710874711833,0.5497146879259687,0.8302695335869232,0.13181671940928272,0.4705516107728963,20.0,5.6144786044271366e+17,1.610143453901622e+17,1.1228957208854276,0.3220286907803245,0.037820661797050424,0.023552734836709624,0.21834908247655924,0.1344922307277038,0.5209103060945801,0.0,0.0,0.18312521278220653,0.11809770598167786,0.01680198928826901,10.899019731554217,13.565109136713877,3.8902582442327285,13,0.001,20,3.9717581272125244,0.40242068781061063
S3,2,67,1,SINE,hyb,sample,500,10,1002,2.4885443172349715e-18,2.7883014267409285,2.0,7.07e-06,200.0,3.16e-11,5,1.0,0.5322114194635853,0.01725939862558558,0.547708417465294,0.022349793798872745,0.5311935554641338,0.6139836866680171,0.6236525092021685,0.6133469895261968,0.6230464313068125,0.6075992589192295,0.6175796916132998,0.5787961728642579,0.5903730020858425,0.5445125884365314,0.5590358763171811,0.5331500749615017,0.5490276213112752,0.5322114194635853,0.547708417465294,0.590891315023073,0.6066667958481137,0.8511072119280183,0.8658460912117775,0.9971722260410646,0.9622082536194965,1.8605589693915463,0.13181671940928272,0.4705516107728963,5.576602853481857,5.620289669709124e+16,2.3015594961081492e+16,0.050160788875386456,0.020541297113320617,0.17571130322121845,0.1707554149863928,0.020081701331453483,0.006713646507237783,0.03571888290093853,0.0,0.0,0.014228011346924068,0.004624691634539411,0.006182439496996626,2.301358768466058,1.3579149217780098,0.5560784526764229,13,0.001,20,2.1486799716949463,0.40242068781061063
S3,2,68,1,SINE,hyb,sample,500,10,1002,4.819586575992649e-18,10.0,2.0,7.07e-06,1676.8079425897952,3.16e-11,1,1.0,0.44610961361171286,0.0037021951695705452,0.4593451215036515,0.005310397472695702,0.4443309821961215,0.45877976215177363,0.4699813237989193,0.4587739366579141,0.4699756455598963,0.4587160571147619,0.4699192307714397,0.45817228904147556,0.4693894112347518,0.45479633180873524,0.4661224958383148,0.4489474154097611,0.460983955417303,0.44610961361171286,0.4593451215036515,0.4468548029648531,0.4604692606795588,0.5050339610486023,0.5181336488999424,0.7931186578809866,0.7710186753534614,3.445397319855884,0.13181671940928272,0.4705516107728963,20.0,4.710153728442002e+17,1.3631430643426413e+17,0.22700993680460796,0.06569786014063277,0.04691761320924661,0.04074946624328937,0.05963257238916565,0.04277693799905864,0.17462432740644301,0.0,0.0,0.06289961189725402,0.03576343904268451,0.009731395258457221,6.463575903218002,11.38017505786449,3.2934820380617036,13,0.001,20,2.593092679977417,0.40242068781061063
S3,2,69,1,SINE,hyb,sample,500,10,1002,2e-17,3.5595580399309665,2.0,7.07e-06,11835.224386635991,3.16e-11,5,1.0,0.4168824539546989,0.002537502396318588,0.4335232428811085,0.0081168215752509,0.3909921639553958,0.4769014925152211,0.4886531158871632,0.47688966140662437,0.48864191419970276,0.4767716174884843,0.48853015228872615,0.4756172661844361,0.487437420013749,0.4661787926680846,0.47851214249630364,0.4353889521208102,0.44929628738588506,0.4168824539546989,0.4335232428811085,0.4290046107018375,0.45654283640240745,0.4818294276932595,0.5181519263279645,0.6049340795056907,0.6427873300938063,0.2955392593589067,0.13181671940928272,0.4705516107728963,7.119116079861933,3.3243572038061476e+18,9.156543008414529e+17,18.67848292688954,5.14476398794279,0.022859604842582735,0.007138094798119062,0.7016182933397995,0.24984219749213735,0.9490672545462037,0.53375,0.1762,0.1642364572553687,0.24368043911914933,0.016772440947743363,9.792042658970624,80.31960126002222,22.12307036422147,13,0.001,20,4.03898286819458,0.40242068781061063
S3,2,70,1,SINE,hyb,sample,500,10,1002,5e-20,10.0,2.0,7.07e-06,10131.530130369454,3.16e-11,1,0.01,0.5234380851171765,0.008011516949745607,0.5157456193237734,0.010169869010462955,0.5052462242767705,0.5347240980680821,0.5287279825717064,0.5346191018755122,0.5286080581444954,0.5336735854588234,0.5275259008371711,0.5289910158630782,0.5221231382149736,0.5234380851171765,0.5157456193237734,0.5239883006128935,0.5182117948445504,0.6028708038507682,0.6089439408195825,0.8887914226087272,0.905315381798854,0.9868943386572357,0.9964645962461907,1.0531918151631225,1.0063739887442469,332.10781343476935,0.13181671940928272,0.4705516107728963,20.0,2.84581587648893e+18,7.84949177708949e+17,0.01422907938244465,0.003924745888544745,0.04980452987613772,0.04929852734102691,0.003899100622032073,0.0031997134656378177,0.012877480576866393,0.0,0.0,0.004401719814761355,0.002689264723824065,0.00249697073415084,1.7628239508615122,68.75759205338402,18.965111478026817,13,0.001,20,1.703923225402832,0.40242068781061063
S3,2,71,1,SINE,hyb,sample,500,10,1002,7.294454655098167e-19,1.3230686734111545,2.0,7.07e-06,12124.636577586145,3.16e-11,5,1.0,0.4685678553122511,0.009766565836912535,0.4926786996529028,0.014599120879699341,0.45776778843728955,0.5497709869226463,0.5514207865046042,0.5496632101755223,0.5513248619018555,0.5486036201680834,0.5503829185772305,0.5395411924870682,0.5424150527514873,0.5041829903332932,0.5133825506366122,0.4761885264691387,0.4951864910026293,0.4685678553122511,0.4926786996529028,0.4708256084164181,0.4993051733830301,0.48387580415455284,0.5169118774017606,0.5202458522016534,0.5577048704729962,3.011886871100895,0.13181671940928272,0.4705516107728963,2.646137346822309,3.4056486054116024e+18,9.378576133871459e+17,1.8776311330329016,0.5170676300689023,0.24910513255893507,0.13132653756455676,0.2975434095867029,0.17541359458237468,0.5793185552798852,0.0,0.0,0.11248482118313674,0.17034228342702107,0.018053287406075775,6.230711263438942,82.28367809127937,22.659523308652314,13,0.001,20,2.583036184310913,0.40242068781061063
S3,2,72,1,SINE,hyb,sample,500,10,1002,4.49403860444867e-18,10.0,1.4715838700166366,7.07e-06,4673.064968661275,3.16e-11,5,10.0,0.44937184872884056,0.0022868407264020232,0.47012273165927426,0.005316834847850646,0.44574481301104435,0.5382390854484598,0.5400583598240618,0.5382029597038012,0.5400259298907037,0.5378436633401021,0.5397034153849257,0.5344358277998805,0.5366466700461862,0.5120637596710234,0.5166898831784847,0.47043358833822274,0.480496253473296,0.45176290521619383,0.46622926884363214,0.44937184872884056,0.47012273165927426,0.4597058094666682,0.48514496597081347,0.49565924942931605,0.5251043370191073,3.694981759903155,0.17914944855680226,0.5365078572501731,14.715838700166366,1.5014068666468388e+18,4.9840560526018176e+17,0.674738041969521,0.2239854030712862,0.05551863022885027,0.04057589383872233,0.16809581402996887,0.10936865685189275,0.39309441796137234,0.0,0.0,0.10775090703034786,0.1017184192477631,0.015088762382098516,7.141136184779793,36.27540407512884,12.041948871927602,18,0.0009810559133444244,15,2.6583220958709717,0.40242068781061063
S3,2,73,1,SINE,hyb,sample,500,10,1002,1.661280809529152e-19,0.7465381331718707,1.4389433582439846,7.07e-06,5969.8100157142135,3.16e-11,4,10.0,0.465264451056317,0.006287660106678179,0.48360604168869525,0.008200064552490501,0.4644968744684327,0.5306161776115519,0.5432634635791792,0.5301921940520118,0.5428678215036193,0.5262882327211676,0.5392301000185483,0.5048781988317941,0.5195288436218574,0.47742063319379796,0.49541862656398505,0.468286330675176,0.48660621245260327,0.46558076397494774,0.48317495948369826,0.465264451056317,0.48360604168869525,0.4690397904261906,0.489349510284217,0.5080040097384864,0.5284385649894278,7.462048126699736,0.18321321496649504,0.5415350275902433,1.0742260884035266,1.9372904409860506e+18,6.470388630329405e+17,0.43110770757552797,0.1439863817283015,0.8137358507242936,0.650477058173175,0.11934602152156974,0.07597439740841205,0.23184820401239012,0.0,0.0,0.016436789550188593,0.0757129585883016,0.013184362985278671,1.2466881842180393,46.80676179042937,15.63306837756248,18,0.0009592955721626563,15,1.5453331470489502,0.40242068781061063
S3,2,74,1,SINE,hyb,sample,500,10,1002,5e-20,0.1,2.0,7.07e-06,200.0,3.16e-11,2,0.1,0.912139858945188,0.03345033245398256,0.8927604848393551,0.04952305010075886,0.8944813463142891,0.9611202125260624,0.9378631870727616,0.951614128698475,0.9276161874984679,0.9293557060396737,0.9044814096081254,0.9178957515961844,0.8948380275091766,0.9135966765428514,0.8925612662295785,0.912139858945188,0.8927604848393551,0.9123629810674998,0.8966188764071792,0.9294853638483851,0.9285242403150231,0.9808781599868333,0.9872530698250056,1.0479421183243491,1.0015971092884661,3.321078134347694,0.13181671940928272,0.4705516107728963,0.2,5.620289669709124e+16,2.3015594961081492e+16,0.028101448348545617,0.011507797480540745,4.94311562644794,4.863333290728821,0.01136995639938545,0.0026152856058465866,0.015254035493595318,0.0,0.0,0.0004110343863242007,0.0026119092712504227,0.0047085384950003445,0.08729553485877801,1.3579149217780098,0.5560784526764229,13,0.001,20,1.901392936706543,0.40242068781061063
S3,2,75,1,SINE,hyb,sample,500,10,1002,3.0603787997837054e-19,2.837955235627071,2.0,7.07e-06,5033.304997764595,3.16e-11,1,1.0,0.4657844563666102,0.0056537853835893475,0.4767988195671117,0.007418388394683398,0.4637370667722055,0.47616866851246564,0.49041232557932446,0.47613564543558207,0.4903764028319979,0.4758167357653457,0.49002868943841216,0.4734529151406622,0.4873999929773358,0.46789717755739,0.4806037400308458,0.46579654867034376,0.47721347727948393,0.4657844563666102,0.4767988195671117,0.469538187628571,0.4806216992359508,0.5783231675207501,0.5895280994383045,0.8939837014059131,0.8608178433397461,15.398536743171706,0.13181671940928272,0.4705516107728963,5.675910471254142,1.4138034053868137e+18,3.93820228800817e+17,0.15246096607129087,0.04246857258415073,0.16900575455854105,0.15287562260243265,0.03987226547202424,0.028676951674969742,0.10258883559216436,0.0,0.0,0.028161156689835556,0.026392091821341994,0.007949276094461073,3.5426064405358617,34.15882193728066,9.515067667576936,13,0.001,20,1.9169378280639648,0.40242068781061063
S3,2,76,1,SINE,hyb,sample,500,10,1002,8.175994792687135e-18,2.075069061159239,1.2990867971769557,7.07e-06,200.0,3.16e-11,1,0.1,0.5462052058758851,0.010946019867171804,0.5589747872402643,0.009044569042609666,0.537250130893465,0.5567939407308712,0.5711558663171524,0.5567734583064339,0.571135084531484,0.5565727372175562,0.5709312108612601,0.5549058792090339,0.5692212682783182,0.5493665377927124,0.5631784710095686,0.5462052058758851,0.5589747872402643,0.5468765530104125,0.5593042885793613,0.5584491199194171,0.5720591737703153,0.7038221511556793,0.7249770167032388,0.8757489341106839,0.873650573787725,0.42144513670931444,0.20293750917295672,0.5647647348706337,2.6956948205823483,6.853574409364764e+16,3.5431517481932796e+16,0.2700381868300626,0.13960398130915766,0.3255182319499196,0.29208718050025273,0.12162910495926843,0.027625461961037965,0.17476423274675637,0.0,0.0,0.03402656231384172,0.025134626953715107,0.014493589647984929,2.3476973710631097,1.6558881312026719,0.8560588353526097,20,0.000999297536289966,13,1.4019100666046143,0.40242068781061063
S3,2,77,1,SINE,hyb,sample,500,10,1002,2e-17,0.4971785184843461,2.0,7.07e-06,2265.882422556734,3.16e-11,5,1.0,0.46442516989530497,0.009805790309878413,0.47460578745541826,0.025928973284705673,0.45207258476604667,0.5285129445553358,0.533576729340963,0.5284471955850139,0.5335140020046547,0.5277984247295013,0.5328952088073309,0.5220714640914499,0.5274460036414104,0.4964356780674725,0.5033117523050675,0.47141359517869186,0.4790960597835029,0.46442516989530497,0.47460578745541826,0.47660172346244345,0.4950239138177418,0.5808075934079076,0.6102334167016066,0.785633936902046,0.8226667463637964,0.04127921766514356,0.13181671940928272,0.4705516107728963,0.9943570369686922,6.3647726983376e+17,1.8150730521036016e+17,25.603570796826364,7.30149427065703,0.12114385121321891,0.03780225573673122,0.792169829709992,0.1664621229981268,0.9586376394837244,0.6497,0.3306,0.08910001283809622,0.1639213623881546,0.01601208525648089,5.564547740715595,15.377890337892888,4.385387455832318,13,0.001,20,2.5722692012786865,0.40242068781061063
S3,2,78,1,SINE,hyb,sample,500,10,1002,2e-17,10.0,2.0,7.07e-06,20000.0,3.16e-11,2,1.0,0.41786994151679957,0.0022162542428217497,0.43783364542384745,0.004689236176061222,0.40515648111806585,0.43707762380411747,0.45574451397221327,0.43707627005732225,0.45574318681975523,0.43706274127911665,0.455729923659472,0.4369283167671053,0.45559812306343517,0.43566505489832946,0.4543581377882152,0.42793163061942485,0.44671489929017494,0.41786994151679957,0.43783364542384745,0.42871554935597833,0.45544122939485093,0.47619525702230286,0.5101225073962307,0.6102566371007548,0.6510175630654176,0.8302695335869232,0.13181671940928272,0.4705516107728963,20.0,5.617716205807263e+18,1.5420448623924582e+18,11.235432411614527,3.084089724784917,0.012242630150010522,0.004086492272437983,0.6165361565425144,0.2630849804703207,0.918187411397117,0.29825,0.04165,0.20229094328977085,0.2544820950593159,0.017949513187270193,11.26999608174531,135.72931486598327,37.257256329320285,13,0.001,20,4.782176971435547,0.40242068781061063
S3,2,79,1,SINE,hyb,sample,500,10,1002,2.297726517902602e-19,3.7963300401156204,2.0,7.07e-06,16615.521538661586,3.16e-11,5,1.0,0.44755427451916907,0.0032625572310254515,0.4640993461960835,0.004752648963905139,0.43887735856434673,0.5268857465877612,0.5425285959257009,0.5267123171149856,0.5423671171450023,0.5250278885842153,0.5407966959220314,0.5119641251492263,0.5284805498838503,0.4751676017128824,0.492154681975647,0.45321108862597786,0.46951107311562357,0.44755427451916907,0.4640993461960835,0.4480134817499216,0.46410429237482076,0.45426610340366136,0.47062274167186907,0.5195399079821523,0.5294956710844303,27.435616442517215,0.13181671940928272,0.4705516107728963,7.592660080231241,4.667068629689571e+18,1.282392244323562e+18,0.28247405357260474,0.07761671495888012,0.12221984362302674,0.10269692865983414,0.06914224855762487,0.05117381889692971,0.18551562256232826,0.0,0.0,0.05489957756903806,0.04628343157079584,0.01014440250701167,5.411809865696105,112.76077401087962,30.983804509661166,13,0.001,20,2.3470590114593506,0.40242068781061063
S3,2,80,1,SINE,hyb,sample,500,10,1002,8.827073961695109e-18,10.0,2.0,7.07e-06,18582.901235458616,3.16e-11,5,10.0,0.40078207413231653,0.002643562543613554,0.407391518281268,0.005250655830927947,0.39595540435003584,0.4659017092254695,0.47838188049072816,0.4658946811416757,0.47837457814100653,0.4658244973899177,0.4783016539705566,0.4651322237267089,0.4775821974545348,0.4590407802978459,0.47123867611450976,0.43202950325239503,0.44267451076123476,0.404836184577486,0.41240799786619126,0.40078207413231653,0.407391518281268,0.42295400880434747,0.4394351075270079,0.5239986457076831,0.5604118280597146,1.8811885732233797,0.13181671940928272,0.4705516107728963,20.0,5.219675112912291e+18,1.4333269584440136e+18,4.607445827769606,1.2652083073476799,0.022073025177337766,0.008916715655528283,0.45563494969405727,0.24007664819200492,0.8211339086066319,0.02465,0.0,0.23111466950523687,0.22725153479510649,0.018993040945812265,12.168386840454575,126.11226714625455,34.630529368400815,13,0.001,20,4.6024720668792725,0.40078207413231653
S3,2,81,1,SINE,hyb,sample,500,10,1002,8.894574160887212e-18,10.0,2.0,7.07e-06,13961.48698365426,3.16e-11,3,10.0,0.4076852218635393,0.0034437908672959997,0.4123046318075015,0.005152939749625453,0.4044526346325167,0.441120522157585,0.4399146244632912,0.44111714263502816,0.4399111212486595,0.4410833865408759,0.43987612929934805,0.44074969089844795,0.4395301810160313,0.437756824049789,0.4364247610198123,0.42342559317204886,0.4215674905475656,0.4080935763002521,0.4072481329343859,0.4076852218635393,0.4123046318075015,0.4433756133789548,0.46565258552490174,0.5364036807982056,0.5754209217855598,1.8669123862903538,0.13181671940928272,0.4705516107728963,20.0,3.921591432694039e+18,1.0787782965543526e+18,3.488088582679706,0.9595273561858267,0.02551635721857122,0.011140600074819929,0.403739516382574,0.2242655947143442,0.7760288939414636,0.0,0.0,0.23123165251164254,0.21012877603670205,0.01891436607882637,12.225186482485084,94.74934276559526,26.064299747333724,13,0.001,20,4.283543109893799,0.40078207413231653
S3,2,82,1,SINE,hyb,sample,500,10,1002,8.80572867749815e-19,0.7247133332685791,2.0,7.07e-06,4397.440419616227,3.16e-11,5,10.0,0.4714854349747279,0.0027447532581861634,0.5037886109262445,0.004722868858121817,0.47218646125085606,0.5553959968992261,0.5732558275357542,0.5551904118896089,0.573076095446908,0.55320248342137,0.5713403993423336,0.5382847323527179,0.558460078769244,0.5001845679706864,0.5270298999108961,0.48002854823013896,0.5096467732933886,0.47360584268338757,0.5037265414046976,0.4714854349747279,0.5037886109262445,0.4760105963710333,0.5097056146516962,0.5136958541803988,0.5515082984243384,1.3666271656420885,0.13181671940928272,0.4705516107728963,1.4494266665371582,1.2351988945704563e+18,3.450375568649447e+17,1.5008453451900443,0.41924261219208786,0.48612405353006755,0.275877903808958,0.2648399340097977,0.15176794388895,0.4911648439241905,0.0,0.0,0.06357276977751505,0.14993783708574526,0.01779567104352757,3.572372720422756,29.843568728152995,8.33643236514864,13,0.001,20,2.3607397079467773,0.40078207413231653
S3,2,83,1,SINE,hyb,sample,500,10,1002,1.8069822730439247e-19,3.1581166754832246,1.1330127572380675,7.07e-06,8181.738777801184,3.16e-11,5,10.0,0.4628893157966413,0.005850468712974363,0.4702117473804748,0.00573917033822097,0.4570023592471152,0.556342880742014,0.5445923001336579,0.5559058731106454,0.5442154862134323,0.5518107136769231,0.5406838087493246,0.526821161801936,0.5190863616347925,0.48586233610509255,0.48344264466325093,0.46858753569227185,0.4693179329327847,0.46346393214075265,0.4675610129151549,0.4628893157966413,0.4702117473804748,0.47045774513950356,0.48011639693631947,0.5613544354209987,0.5628323765123066,29.0217352796665,0.23268355729835002,0.5965605270623602,3.5781864821687677,3.0244270292752343e+18,1.1217505111569523e+18,0.17304889557885106,0.06418329329547094,0.2626156435634666,0.23824341976842492,0.0586547667137195,0.03945945365191353,0.12647779699005424,0.0,0.0,0.017867584117955453,0.03881585130580086,0.009563717084016855,1.8682677416102413,73.0730057387617,27.10254892771337,23,0.0009441772976983895,12,1.4367382526397705,0.40078207413231653
S3,2,84,1,SINE,hyb,sample,500,10,1002,3.0974223251244393e-19,0.6391524056006161,2.0,7.07e-06,20000.0,3.16e-11,5,1.0,0.4989192398043388,0.0069377572922477825,0.5338490768126197,0.010087690483848784,0.4900956374781427,0.5958799826387583,0.621502556080471,0.595688316806429,0.6213259370440933,0.5938222810993405,0.6196066955965619,0.5790629919683302,0.6060258709365683,0.5345324728501304,0.5653052821027177,0.5060520797449292,0.5400281972083822,0.4989192398043388,0.5338490768126197,0.5003991638953997,0.5388616393604153,0.5087964418149488,0.550264997097585,0.5446389138351996,0.5888475387195647,3.4265186596255583,0.13181671940928272,0.4705516107728963,1.2783048112012323,5.617716205807263e+18,1.5420448623924582e+18,2.722424172952843,0.7472965980045807,0.4477122167540775,0.2101549949367899,0.3670497556155657,0.2033657989853044,0.6435425366403956,0.0,0.0,0.07724181041943,0.20140810302618625,0.018823282249471603,4.103525059854972,135.72931486598327,37.257256329320285,13,0.001,20,2.3472378253936768,0.40078207413231653
S3,2,85,1,SINE,hyb,sample,500,10,1002,5e-20,10.0,2.0,7.07e-06,20000.0,3.16e-11,1,0.1,0.47927327503796685,0.00525345397855426,0.4807427312040405,0.010617808815391006,0.4775782465679619,0.492832525361332,0.4909314986728435,0.49277529205429993,0.49088524136725925,0.4922318081960192,0.4904469303973508,0.48864210360613053,0.4875997150696641,0.4819965685327813,0.4826104816896968,0.47927327503796685,0.4807427312040405,0.49419100090961043,0.4967864018139373,0.7122009554372019,0.7229722302571588,0.9499912485244202,0.9590294980479195,1.0468286511507146,1.0004124536174646,332.10781343476935,0.13181671940928272,0.4705516107728963,20.0,5.617716205807263e+18,1.5420448623924582e+18,0.028088581029036313,0.007710224311962291,0.04961743841999685,0.048633941590863615,0.007611370475795335,0.0062742056262727,0.025136613888793194,0.0,0.0,0.00855307626329149,0.00528978339727947,0.00346650967129566,2.467345276464972,135.72931486598327,37.257256329320285,13,0.001,20,1.7741870880126953,0.40078207413231653
S3,2,86,1,SINE,hyb,sample,500,10,1002,1.7001131218125014e-18,10.0,0.5,7.07e-06,2011.1808193502031,3.16e-11,5,1.0,0.4761251076245749,0.008944551943785854,0.4918062956036614,0.009662207726943654,0.46795995134595475,0.5489064361987072,0.5689144391401558,0.5487574523870291,0.5687677367910252,0.5473043618248908,0.567336308293578,0.5356743279092061,0.5558312242624895,0.5007140557274348,0.5199872963887527,0.4807998457311983,0.4974460536178559,0.4761251076245749,0.4918062956036614,0.47915768207804216,0.49474391105902216,0.49628342863864916,0.5143184233046529,0.556898441107733,0.5757928636190194,9.767226932543968,0.5272668776371309,0.7914984825837854,5.0,1.3281925409269926e+18,6.488448376345688e+17,0.2258077567123468,0.11031096224828324,0.18012971752977866,0.1631577210250374,0.09598617821335198,0.05522551197906059,0.1795087087828676,0.0,0.0,0.011833811843124981,0.05502386295414127,0.012341649826930798,0.9588516939852191,32.090382814954744,15.676702424987479,53,0.001,5,0.9785380363464355,0.40078207413231653
S3,2,87,1,SINE,hyb,sample,500,10,1002,1.757214673182982e-19,0.5996973510485005,2.0,7.07e-06,7626.582663947498,3.16e-11,5,1.0,0.4569801287628681,0.004819283125830911,0.48115506048182227,0.004915672763549753,0.45298166529035566,0.5429885352691161,0.5637344346402902,0.5425117512344813,0.5632551273930002,0.5380902528374298,0.5588095932815482,0.5125666964472593,0.533158729146481,0.4743897026985929,0.49515450785424814,0.4603986147410543,0.48313638606142106,0.4569801287628681,0.48115506048182227,0.4570377877338787,0.4816639203194108,0.461075148157282,0.4860919229871453,0.4921933118119751,0.5188228312233997,5.667041683034064,0.13181671940928272,0.4705516107728963,1.199394702097001,2.1422149334016812e+18,5.927729900890984e+17,0.6277052095533933,0.17369251243647268,0.7103682458569937,0.5122265913640153,0.1389046190438541,0.08869704059408375,0.27514135805393614,0.0,0.0,0.028528910281091037,0.08803315217975072,0.013980081689650476,2.04068265940185,51.757930545817935,14.321953774147982,13,0.001,20,2.1245388984680176,0.40078207413231653
S3,2,88,1,SINE,hyb,sample,500,10,1002,7.702414672870442e-18,4.771890127291976,2.0,7.07e-06,16129.104444270855,3.16e-11,5,10.0,0.40385923234697474,0.0035115333130171823,0.4192510902957432,0.004059189398774821,0.4001649928111208,0.47043661667397946,0.48472796810973173,0.4704242969134196,0.48471579102073836,0.47030137871177413,0.4845942907822914,0.46909945902738326,0.4834057102419166,0.45926805466122833,0.4736491894495883,0.4264695638223753,0.44077886320276544,0.4040414513570467,0.41793174938096894,0.40385923234697474,0.4192510902957432,0.4276738589866863,0.45035696373483053,0.5425801863341925,0.5797800633137298,1.0287566064885105,0.13181671940928272,0.4705516107728963,9.543780254583952,4.5304416022030684e+18,1.2450749815680852e+18,7.312687203717014,2.009703398660656,0.03481415592958567,0.012604863006985703,0.5438019891977682,0.2549984945131423,0.8787160550638264,0.134,0.0,0.20912261830454235,0.24530447008610154,0.018775709227142445,11.137934432976389,109.45973633764349,30.082184292313983,13,0.001,20,4.018364906311035,0.40078207413231653
S3,2,89,1,SINE,hyb,sample,500,10,1002,2.7214935135412945e-18,3.018988081390893,2.0,7.07e-06,16850.131212388755,3.16e-11,5,1.0,0.411146596695545,0.010525766994228011,0.4256795191100443,0.011779682976597887,0.3916310034958568,0.4782854759359984,0.4950384485938848,0.4782608550597093,0.4950146684105313,0.47801579024172813,0.49477794940035685,0.47567404299197263,0.4925138920097547,0.45953463250427806,0.47679222281135186,0.42649348689678446,0.4434217477675858,0.411146596695545,0.4256795191100443,0.41196149504309404,0.4231174064013823,0.44434624681115453,0.46611052208189097,0.5482233114952832,0.5884015386459891,1.8420575421319034,0.13181671940928272,0.4705516107728963,6.037976162781786,4.732966853067331e+18,1.3003911817384146e+18,4.266574840035256,1.172249134728919,0.07624282381555351,0.03144708147003507,0.4446745023494788,0.2341775247452664,0.7998729588603657,0.0,0.0,0.19835433371834155,0.22390815208128545,0.019078766793927365,10.396601408298377,114.35293715730248,31.418675790824896,13,0.001,20,3.4165499210357666,0.40078207413231653
S3,2,90,1,SINE,hyb,sample,500,10,1002,5e-20,1.4904776804916144,1.1038146624903542,7.07e-06,20000.0,3.16e-11,5,1.0,0.45909128465306626,0.005915502822037598,0.47979775850378426,0.010734001642257476,0.4593746393915897,0.5538192022414737,0.5643051861823396,0.5530873514780792,0.5636047691263444,0.5464376701180725,0.5572439918110446,0.512482481089024,0.5250029907773974,0.47401532967466053,0.49107350220152857,0.4619923389197581,0.48220062784300455,0.45909128465306626,0.47979775850378426,0.45956396767816354,0.48123200638600255,0.46550610242837304,0.4889855703915951,0.515230963810321,0.5343972642982465,49.49992834413968,0.23883850049950683,0.6027107281742659,1.6452111178412574,7.514459610269341e+18,2.7981718027060756e+18,0.2520822588832996,0.09386828931860072,0.5556653701464984,0.48545111438432237,0.08253295171561023,0.0549160181832987,0.16636071986895928,0.0,0.0,0.012756483869318885,0.05468380110229533,0.01112871582315164,1.1462673746040775,181.55642206269076,67.60646635477963,24,0.0009198455520752952,12,1.6845788955688477,0.40078207413231653
S3,2,91,1,SINE,hyb,sample,500,10,1002,6.625490112126411e-18,1.9245377755274797,2.0,7.07e-06,10820.019670601614,3.16e-11,5,1.0,0.41635621034386927,0.006644570215350933,0.42245110696667937,0.012780205548632899,0.39255919462372135,0.48226071109270585,0.48971768620901396,0.48223478467326747,0.48969044838859777,0.48197680672261034,0.48941938890616976,0.47951909392061465,0.4868340566313951,0.462927582543898,0.46923280794338185,0.43058949015894815,0.43452931025294894,0.41635621034386927,0.42245110696667937,0.4170995951185241,0.4288940640098004,0.44773002216532454,0.47190431546933553,0.5948513210519945,0.6348990380638918,0.48234471841805643,0.13181671940928272,0.4705516107728963,3.8490755510549595,3.03920192402349e+18,8.377691656853636e+17,10.462877139865048,2.884137372658973,0.06688811896784164,0.022664697483873744,0.6130575870882669,0.25390564126654847,0.9097290521593592,0.27085,0.02005,0.16910608808528607,0.24755975213257891,0.018323044145783583,9.22914810114672,73.42998111237075,20.241292138747472,13,0.001,20,3.4417288303375244,0.40078207413231653
S3,2,92,1,SINE,hyb,sample,500,10,1002,3.0316079101226478e-18,6.368973883789654,2.0,7.07e-06,15333.221657630778,3.16e-11,5,10.0,0.42546252525470374,0.005940767140608293,0.4311829208213445,0.004532461497315254,0.41848140598335715,0.5044542199881231,0.5097755793434053,0.5044346421756928,0.5097563315000592,0.5042395018642786,0.5095644640534814,0.502349621596378,0.5077047608354056,0.48797527755114334,0.4934656137382089,0.4491219729075865,0.45382428406769676,0.42720503080188016,0.42932525659276627,0.42546252525470374,0.4311829208213445,0.45328200644283145,0.4771277246319867,0.5157882651116995,0.5536915114161058,3.488554676391117,0.13181671940928272,0.4705516107728963,12.737947767579309,4.306890455213651e+18,1.1840159287220677e+18,2.0500638580556405,0.5635871838571951,0.05020863727754204,0.025738996106181595,0.3063021845547117,0.18802438835051685,0.6631039327888497,0.0,0.0,0.20359785505399208,0.1736258742600858,0.017981590232424304,11.322572276553469,104.0585300632838,28.60694006395857,13,0.001,20,3.684162139892578,0.40078207413231653
S3,2,93,1,SINE,hyb,sample,500,10,1002,2.4958839725229005e-19,10.0,0.5,7.07e-06,14815.601297456285,3.16e-11,5,1.0,0.47631261809327496,0.004193636483782399,0.4914712760011703,0.012485031323983247,0.4661635982665498,0.5686311736989678,0.5674510521752489,0.5684527958818296,0.5673038426736492,0.5667137258843005,0.5658686826798126,0.5528333856191319,0.5544074889624632,0.5110231452081458,0.5191905557833578,0.48555019373041464,0.49662867473816447,0.47631261809327496,0.4914712760011703,0.4764029744877469,0.4945213764948882,0.4926175465506379,0.5133290717695973,0.5372080599787494,0.5568450040791888,66.53110022159136,0.5272668776371309,0.7914984825837854,5.0,9.775144448418521e+18,4.5841222188863647e+18,0.24397626357903993,0.11441437174204593,0.17946645796335273,0.16077477187915198,0.09841269220590851,0.06204536279307948,0.1912620805445111,0.0,0.0,0.012180524814214675,0.06184787368747039,0.012217011919051404,0.9970134182500198,236.17669709415466,110.75671059854962,53,0.001,5,1.0111961364746094,0.40078207413231653
S3,2,94,1,SINE,hyb,sample,500,10,1002,1.3929056374979442e-17,10.0,2.0,7.07e-06,10166.844845290932,3.16e-11,5,10.0,0.40353162465083187,0.002699299037793961,0.40970299046337305,0.006587857738105107,0.39750062641707834,0.4781748409053449,0.48686164875593957,0.47816688947137836,0.4868534889902377,0.47808748820585156,0.4867720040771221,0.477304606723908,0.4859682566565075,0.47043765357198886,0.47889256254560736,0.4401282288944491,0.44707897723784207,0.4087324824910234,0.4133645491346206,0.40353162465083187,0.40970299046337305,0.427232643401161,0.445540783318578,0.524536085000753,0.5618600809702763,1.1921403880284729,0.13181671940928272,0.4705516107728963,20.0,2.8557352329052544e+18,7.87658474958278e+17,3.9777697051152336,1.0971339301924188,0.023842063341854534,0.010044659146970825,0.4302801999702822,0.2299547612601063,0.798312588715345,0.0,0.0,0.23338152822345742,0.21620761881083486,0.01910582302901663,12.215204122272741,68.99725304745621,19.03057065146096,13,0.001,20,4.511276960372925,0.40078207413231653
S3,2,95,1,SINE,hyb,sample,500,10,1002,6.450091537735332e-19,10.0,1.2939356237265056,7.07e-06,4600.355070833611,3.16e-11,5,1.0,0.45190011040398365,0.00431835615493656,0.4627984841648508,0.00640231688954805,0.44360675778160735,0.5308870341649853,0.5425064136197106,0.5306934929734769,0.5423146354716281,0.5288195228054888,0.5404559977557071,0.5146256156103843,0.5262599139653286,0.4777202089558453,0.4878962693662454,0.4579950833763845,0.46712962940126596,0.45190011040398365,0.4627984841648508,0.4539163683569275,0.46640033120093466,0.4792343631375567,0.492038646596448,0.6985536784932047,0.6844705205929167,25.74442637688321,0.20374540586440232,0.5656772682832187,12.939356237265056,1.5774718864162035e+18,5.571693340822937e+17,0.10174838065588544,0.035937932068498324,0.07460253665576884,0.07014632279671114,0.03408464725683371,0.02410488815541029,0.08691625334958976,0.0,0.0,0.02208523723918767,0.022464662654693317,0.007403806244801431,2.9829572126762205,38.11320659849069,13.461735909896984,20,0.000995335095174235,13,1.6405220031738281,0.40078207413231653
S3,2,96,1,SINE,hyb,sample,500,10,1002,7.205991242681198e-18,7.2136069077527285,2.0,7.07e-06,18835.36193535796,3.16e-11,3,10.0,0.40319760253009873,0.0032445098877750826,0.41352890792520086,0.003868288016968502,0.4001904219328464,0.4450735095864359,0.4467311830317723,0.4450693920290269,0.44672754782686097,0.44502826899140285,0.4466912437599241,0.444622220135511,0.44633293421820736,0.4410168405002873,0.44316441872662066,0.4243687329115673,0.4289250322113934,0.405788672289827,0.4142498140545259,0.40319760253009873,0.41352890792520086,0.4382128942888771,0.46025433846384783,0.55187611580079,0.5912370133299171,1.6622940109349331,0.13181671940928272,0.4705516107728963,14.427213815505457,5.290587413039434e+18,1.4526954024855954e+18,5.285001949028904,1.4511617395375365,0.02827779636734753,0.011028389982406517,0.48202580734666195,0.24586737307111606,0.8400002717520473,0.0517,0.0,0.22451673089154442,0.23410142930441308,0.01898405650477428,11.826594112542857,127.82557510970747,35.09848921960627,13,0.001,20,4.037256240844727,0.40078207413231653
S3,2,97,1,SINE,hyb,sample,500,10,1002,6.310085955741677e-18,3.9332585187573796,2.0,7.07e-06,17833.275506155725,3.16e-11,5,10.0,0.40980180938834215,0.0027789394112576332,0.4201322585969841,0.006036302067999679,0.4030911008670808,0.4730909560307627,0.4702287632143009,0.4730771168933486,0.47021517951961467,0.47293909674556645,0.47007971060038845,0.47159496937579914,0.46876079162212003,0.460955213882135,0.4583531198935523,0.42935689376135244,0.42844840661671835,0.4099934165114655,0.4139289742692921,0.40980180938834215,0.4201322585969841,0.4320554330665036,0.45360045374890623,0.550978967145625,0.5890883127388062,1.0350618799016478,0.13181671940928272,0.4705516107728963,7.866517037514759,5.009116856833024e+18,1.3758166845838774e+18,8.036074358762654,2.2072084755340526,0.039636045789782984,0.014068173517228,0.5608170860530981,0.25735227118567267,0.88816195813326,0.16415,0.0,0.20104880572888653,0.24845896874436155,0.018629340698259274,10.792051580637661,121.02498135430373,33.24102698294351,13,0.001,20,3.78987979888916,0.40078207413231653
S3,2,98,1,SINE,hyb,sample,500,10,1002,8.40077781822216e-20,10.0,0.6302898984684493,7.07e-06,7023.820597581101,3.16e-11,1,0.1,0.5203480480977485,0.007818049197909488,0.5220486844688645,0.011760341983405184,0.5153184245255437,0.5336489306435238,0.5344246148216077,0.533565770952457,0.5343370986947136,0.5327912998136589,0.5335220886954755,0.528308601432593,0.5288162353977155,0.522282884218785,0.5228974470251002,0.5203480480977485,0.5220486844688645,0.5225506457526105,0.5249897557140876,0.5964173529646016,0.6027717072056913,0.8782191842797491,0.886465911025369,1.0313991381802343,0.9861064578134127,197.66491902356526,0.4182733048065219,0.7373661074947827,6.302898984684493,3.869114216849225e+18,1.7366890937341478e+18,0.03250356888907498,0.014589539215790176,0.1563757022027454,0.15366256972180414,0.014287465692014532,0.009535755292958201,0.0301149941271661,0.0,0.0,0.0030134693899101176,0.00945635588083094,0.004886384402040549,0.6167073938455796,93.48144380243157,41.960044294172114,42,0.0009004141406692132,7,0.7341220378875732,0.40078207413231653
S3,2,99,1,SINE,hyb,sample,500,10,1002,1.323790308909844e-17,5.917942931957889,2.0,7.07e-06,10425.006468146945,3.16e-11,4,1.0,0.40254454571384385,0.004516037629630804,0.41675180004063944,0.005729786788050853,0.38083900310765,0.44871298449487795,0.4698587574056071,0.4487065862698846,0.469851668016341,0.44864270818895335,0.4697808858421039,0.4480141626542923,0.46908404505130213,0.44259892386789285,0.4630522480032466,0.4207658389310408,0.4381246553848911,0.40254454571384385,0.41675180004063944,0.4025631990358726,0.4179844852808075,0.4318053254344513,0.4558995479665664,0.5486315221695357,0.5871841843848391,0.7423362574631653,0.13181671940928272,0.4705516107728963,11.835885863915777,2.92824883398683e+18,8.074642861121096e+17,6.550227795498282,1.8062245767422052,0.030107646458692627,0.0111902342192409,0.525760113315371,0.2491828042039669,0.8667420112664238,0.10335,0.0,0.2184575088826663,0.23843052168468054,0.019016687209932163,11.487674297370198,70.74924995023552,19.50909770405498,13,0.001,20,4.135159730911255,0.40078207413231653
S3,2,100,1,SINE,hyb,sample,500,10,1002,8.96441504233661e-19,4.141327009477016,2.0,7.07e-06,17991.618434228632,3.16e-11,1,1.0,0.45597047335078705,0.003153511378619028,0.48114833961614634,0.00271313758736675,0.45359887806311716,0.4674322193664014,0.48873600771422465,0.4674285744598591,0.48873303219892483,0.4673922725454821,0.48870340724956784,0.46704334956236887,0.4884196044009464,0.4645378469769813,0.4864356856103028,0.4588138368411542,0.48236056137581584,0.45597047335078705,0.48114833961614634,0.4570651749800033,0.4848211682222236,0.46372339856948114,0.4929856224748703,0.5177584851039827,0.5423766427195709,7.67125937018903,0.13181671940928272,0.4705516107728963,8.282654018954032,5.053592932685597e+18,1.3879645402421368e+18,1.093912757914129,0.3004421088772628,0.0928409243609295,0.05765963601382904,0.20581696507191896,0.13758332148952165,0.4892103325921218,0.0,0.0,0.14571162895599557,0.12620949319099106,0.015949209570364317,9.135978075474444,122.09956523897146,33.53453061772698,13,0.001,20,2.8847029209136963,0.40078207413231653
