set,search_seed,eval_index,is_finite,task,mode,node,N_R,R,seed,k_on,k_off,T,distance,N_max,D,L,lam_best,objective,opt_sd,held,held_sd,train,opt_lam_1e-06,held_lam_1e-06,opt_lam_1e-05,held_lam_1e-05,opt_lam_1e-04,held_lam_1e-04,opt_lam_1e-03,held_lam_1e-03,opt_lam_1e-02,held_lam_1e-02,opt_lam_1e-01,held_lam_1e-01,opt_lam_1e+00,held_lam_1e+00,opt_lam_1e+01,held_lam_1e+01,opt_lam_1e+02,held_lam_1e+02,opt_lam_1e+03,held_lam_1e+03,KD_nM,tau_D_over_T,phi_ISI,koff_T,c_peak,c_mean,c_peak_over_KD,c_mean_over_KD,tauR_mean_over_T,tauR_peak_over_T,occ_mean,occ_std,occ_max,occ_frac_above_0p8,occ_frac_above_0p9,contrast_within,contrast_between,binomial_sd_mean,snr_within,shell_molecules_peak,shell_molecules_mean,history_symbols,dt,n_sub,seconds,running_min
S1,8,1,1,MG,det,sample,0,1,0,5.750256869909166e-18,1.1220086141059193,1.25,7.07e-06,10100.0,3.16e-11,2,1e-06,0.22182444732672552,0.0,0.22778154296353975,0.0,0.22192260171517728,0.22182444732672552,0.22778154296353975,0.23088914923741619,0.2372504809237342,0.26585608900025104,0.2738919017430399,0.37386890039717413,0.37760628559242254,0.5313207486488973,0.5335928850438699,0.6604528664385645,0.6613330342885977,0.7784600194725566,0.7814081406503878,0.8778415137627833,0.8680174051188595,0.9427945244149307,0.9338036100943127,0.9551459150189817,0.947084815557679,0.3240097233183072,0.21090675105485235,0.5736407405901451,1.4025107676323991,3.449056891438664e+18,1.425334035277529e+18,17.676301977865624,7.304789575792192,0.08585491506210327,0.03817709761189906,0.8533254887104008,0.07788348364851488,0.9443425321324127,0.82716,0.292,0.06971671828370482,0.07441428694375886,0.015187531474961227,4.590391690620862,83.33246316801024,34.43741281615457,21,0.001,25,0.272017240524292,0.22182444732672552
S1,8,2,1,MG,det,sample,0,1,0,5.2408525913790586e-20,2.476459276441419,1.25,7.07e-06,10100.0,3.16e-11,2,1e-06,0.24312820636239596,0.0,0.2586326586733683,0.0,0.24311785158618016,0.24312820636239596,0.2586326586733683,0.26833857917644977,0.28019593717948116,0.35913463214835467,0.36562311579974294,0.39957637422796005,0.40549028398687653,0.4315451435250741,0.43330086168344406,0.6942842083564104,0.6820605255801826,0.8837784719967332,0.8680002708796583,0.9369651877709723,0.9279436393440215,1.0317197485906409,1.0236716364585277,1.7724203534404666,1.7352903083214086,78.46542723908152,0.21090675105485235,0.5736407405901451,3.0955740955517737,3.449056891438664e+18,1.425334035277529e+18,0.07299130221630243,0.030163894247835464,0.3135829720028737,0.3010666115755418,0.029149302823862317,0.011383512394151621,0.05409140429614205,0.0,0.0,0.009076278034006896,0.010916851638470107,0.00733981359997584,1.236581543983184,83.33246316801024,34.43741281615457,21,0.001,25,0.08381509780883789,0.22182444732672552
S1,8,3,1,MG,det,sample,0,1,0,3.020692700173209e-18,5.9408615288723325,1.25,7.07e-06,10100.0,3.16e-11,3,1e-06,0.1498213546660117,0.0,0.1591200742356733,0.0,0.14947031572052724,0.1498213546660117,0.1591200742356733,0.18638118811495258,0.1967622960114386,0.2150733469086723,0.22360471336811516,0.24555337901951574,0.25155164002618796,0.30138868373171296,0.3060855740931069,0.4468325313631872,0.45184294604161984,0.5396373386928804,0.5471354044673209,0.6299334941818661,0.6237672333092718,0.8692935168748073,0.8517060244211913,0.9643790912685657,0.9488312576256223,3.265818022732662,0.21090675105485235,0.5736407405901451,7.426076911090416,3.449056891438664e+18,1.425334035277529e+18,1.7537087716684205,0.7247258827270638,0.07807652511778346,0.04890154147362595,0.3987023862369051,0.11643537811076143,0.6244860793631094,0.0,0.0,0.14920779589366537,0.1050754019993846,0.021191255324242503,7.04100788795526,83.33246316801024,34.43741281615457,21,0.001,25,0.09413599967956543,0.1498213546660117
S1,8,4,1,MG,det,sample,0,1,0,2.1331578135759381e-19,3.7147582332623625,1.25,7.07e-06,10100.0,3.16e-11,4,1e-06,0.18173874310088742,0.0,0.1919379374383043,0.0,0.18119920831578978,0.18173874310088742,0.1919379374383043,0.20555426565599128,0.2178153188260987,0.23756715527392838,0.25284230648553807,0.2904153103068104,0.30272105076089434,0.3914626646872776,0.3985768007425405,0.45115226774033124,0.4574074037162363,0.536346258725457,0.5341924138419321,0.8334180058284109,0.8196149007272131,0.9633249309875638,0.9476275753839637,1.4511448898670425,1.4270210639669156,28.917228402793267,0.21090675105485235,0.5736407405901451,4.6434477915779535,3.449056891438664e+18,1.425334035277529e+18,0.19805818294072255,0.08184819154806203,0.19906417558743073,0.17975522510322292,0.07474526346500979,0.0291200646933986,0.14135187226828963,0.0,0.0,0.030373028366715713,0.027047487490380648,0.011454053871000595,2.6517273891660516,83.33246316801024,34.43741281615457,21,0.001,25,0.07708621025085449,0.1498213546660117
S1,8,5,1,MG,det,sample,0,1,0,7.132020603880905e-19,0.33301744530190885,1.25,7.07e-06,10100.0,3.16e-11,4,1e-06,0.1462697823167166,0.0,0.1548980042353499,0.0,0.146227345721789,0.1462697823167166,0.1548980042353499,0.18814220453988267,0.19254378239922643,0.2515599448208412,0.25246482080038446,0.3044137125616493,0.309278181820789,0.4088736957291697,0.4182175841492491,0.6006202695895492,0.6097042179910915,0.7193588500998547,0.7325595901026957,0.764780059875451,0.770894542848076,0.8824946682010761,0.872944347704023,0.9723851040805703,0.9629802266966213,0.7753601800776337,0.21090675105485235,0.5736407405901451,0.41627180662738605,3.449056891438664e+18,1.425334035277529e+18,7.3866234819611645,3.052546300628828,0.592782012350941,0.28644144528476656,0.7243843638188342,0.10576754341607479,0.8495816866225626,0.24852,0.0,0.03679173522399462,0.10504005092692578,0.019338069435061556,1.902554717136763,83.33246316801024,34.43741281615457,21,0.001,25,0.07580804824829102,0.1462697823167166
S1,8,6,1,MG,det,sample,0,1,0,3.479264175776569e-19,0.16411815745016603,1.25,7.07e-06,10100.0,3.16e-11,1,1e-06,0.32095081156575894,0.0,0.32756377096779377,0.0,0.32152738966686256,0.32095081156575894,0.32756377096779377,0.3861031951628443,0.39519325254857807,0.44602324008908417,0.4611861050422986,0.5148982896991721,0.5289900938490364,0.6555153951287348,0.672263424639336,0.6966934238790842,0.7077281162121261,0.7948867618309188,0.786953121107332,0.9278465120428673,0.9170933006822841,0.9544066285780796,0.9441119415510396,0.9699597751795409,0.9611582190544882,0.7832823215206473,0.21090675105485235,0.5736407405901451,0.20514769681270753,3.449056891438664e+18,1.425334035277529e+18,7.311914945329347,3.0216727536451793,1.2120669956376566,0.586451719490663,0.7245085505936698,0.10034766650479472,0.8411185795456598,0.24116,0.0,0.021861770799541196,0.10005860449878001,0.019395054385954544,1.1271827531132366,83.33246316801024,34.43741281615457,21,0.001,25,0.07560086250305176,0.1462697823167166
S1,8,7,1,MG,det,sample,0,1,0,1.529684656594932e-17,7.9799585299080515,1.25,7.07e-06,10100.0,3.16e-11,4,1e-06,0.11501817463525464,0.0,0.12186586351757778,0.0,0.11534431544289378,0.11501817463525464,0.12186586351757778,0.14960821752239034,0.1536846714245433,0.19686876850665547,0.19996921228402859,0.2620712202823162,0.2658747799767339,0.34544374103613523,0.34592764187268754,0.47012560842466344,0.47166258606796935,0.6394777776971831,0.6458831599785232,0.7254655094036953,0.7319321179515683,0.843481932053683,0.8331485294488344,0.9503137207632486,0.939399153906687,0.8662591231604696,0.21090675105485235,0.5736407405901451,9.974948162385065,3.449056891438664e+18,1.425334035277529e+18,6.611524842870992,2.7322342542445495,0.02686089369467986,0.013170967659758942,0.6948408754086164,0.11979003119336185,0.8673360284886135,0.17248,0.0,0.14686974079818607,0.10999175505186498,0.019803524875958933,7.416343389276263,83.33246316801024,34.43741281615457,21,0.001,25,0.0788111686706543,0.11501817463525464
S1,8,8,1,MG,det,sample,0,1,0,6.683562385416473e-18,0.700544465754593,1.25,7.07e-06,10100.0,3.16e-11,5,1e-06,0.1391546773017514,0.0,0.14968587648494555,0.0,0.14037921699509645,0.1391546773017514,0.14968587648494555,0.1954648610447479,0.20279258502852876,0.2540080824876551,0.261688013719174,0.3606585694796023,0.371349907732084,0.5303847850547472,0.5421098942688766,0.6764965808435421,0.6905495774287148,0.8020155173576355,0.8139269405495491,0.8634966195646889,0.8671741229697709,0.9414053597533228,0.9344374096230017,0.9802256887006201,0.9744438595289993,0.1740511102606316,0.21090675105485235,0.5736407405901451,0.8756805821932412,3.449056891438664e+18,1.425334035277529e+18,32.90581545020191,13.598435803177013,0.07822542945336858,0.033680620710278567,0.9133559008692209,0.05244656027425401,0.9695035617144817,0.95068,0.7504,0.044564798198543795,0.05031332811880031,0.0120511608426418,3.697967256470083,83.33246316801024,34.43741281615457,21,0.001,25,0.0717928409576416,0.11501817463525464
S1,8,9,1,MG,det,sample,0,1,0,1.1441158687754176e-18,0.13124479153011698,1.25,7.07e-06,10100.0,3.16e-11,2,1e-06,0.2741537441410235,0.0,0.2795208646849806,0.0,0.2757181230445831,0.2741537441410235,0.2795208646849806,0.29750495544852557,0.30126310853572263,0.34870508340455864,0.3515639658191028,0.41750317089703515,0.42048339353205616,0.5986393526822097,0.6007390851245855,0.781990373738421,0.794101701748725,0.8363662024880271,0.8358061372390381,0.9315735294222685,0.9238461350329187,0.9678706208451389,0.9617087932137057,0.9740347080437323,0.9682911952370135,0.19048516819551783,0.21090675105485235,0.5736407405901451,0.1640559894126462,3.449056891438664e+18,1.425334035277529e+18,30.066874851172017,12.425234320194043,0.45403155284503205,0.1962051224948416,0.9092357858807351,0.05140630419289151,0.9597741084587944,0.94688,0.72336,0.017951284251800214,0.05103310698217629,0.012370203263971705,1.4511713242484416,83.33246316801024,34.43741281615457,21,0.001,25,0.07652783393859863,0.11501817463525464
S1,8,10,1,MG,det,sample,0,1,0,9.86257273107899e-20,0.5222378122066748,1.25,7.07e-06,10100.0,3.16e-11,3,1e-06,0.21401962134211586,0.0,0.2257524773862762,0.0,0.2135928721517858,0.21401962134211586,0.2257524773862762,0.2274702143523726,0.2433867641743059,0.2528276922720965,0.2689147572843147,0.349085095406293,0.3570366218067744,0.447309207076908,0.4546847196329412,0.5006737295978214,0.5103007234144005,0.5338801328361993,0.5385136283092974,0.7573361256021162,0.7459080160621151,0.9774029894464241,0.9580654370756564,1.1288520602614665,1.1132895572126076,8.792799943486031,0.21090675105485235,0.5736407405901451,0.6527972652583435,3.449056891438664e+18,1.425334035277529e+18,0.6513617675768953,0.26917737973832734,1.2069779897865947,0.9276399590666026,0.20680712662576553,0.06626685697269023,0.31721283294933045,0.0,0.0,0.017776862594811618,0.06599467879125964,0.017681101415265993,1.0054160189060928,83.33246316801024,34.43741281615457,21,0.001,25,0.06738400459289551,0.11501817463525464
S1,8,11,1,MG,det,sample,0,1,0,2e-17,0.5439260273926853,1.25,7.07e-06,10100.0,3.16e-11,4,1e-06,0.24284025647280008,0.0,0.24402759152882728,0.0,0.24305734747574284,0.24284025647280008,0.24402759152882728,0.3233303540933597,0.3172705865508739,0.4522127657773996,0.45974369649555447,0.5933667240808946,0.5998761166300463,0.7384155794088285,0.7485791638078032,0.8389143632306543,0.8481088907962735,0.8968884178417469,0.8977226580087925,0.9646417860115905,0.9597647748416592,0.9886512008775007,0.9851430753616109,0.9920451263576743,0.9887209584349529,0.045160520906911285,0.21090675105485235,0.5736407405901451,0.6799075342408566,3.449056891438664e+18,1.425334035277529e+18,126.820807159082,52.409113132897204,0.02753815117715952,0.011506641714922357,0.9749065730248445,0.017884180046033402,0.9920925052249743,1.0,0.98876,0.0165825539161168,0.016955855262755337,0.006670322519072935,2.4860198091923,83.33246316801024,34.43741281615457,21,0.001,25,0.057720184326171875,0.11501817463525464
S1,8,12,1,MG,det,sample,0,1,0,5.467437917259308e-18,10.0,1.25,7.07e-06,10100.0,3.16e-11,5,1e-06,0.09416235690430678,0.0,0.10038782372979425,0.0,0.0947590353439742,0.09416235690430678,0.10038782372979425,0.12401655074198897,0.12957944083729986,0.175929270148932,0.1818900245722964,0.22643989765597056,0.2316548721764583,0.283129557809248,0.2883983150234661,0.34253983276672934,0.3466496308724334,0.5185532104045895,0.5267361403835693,0.6052808194266834,0.6104357669597895,0.7844509889004999,0.7705608864766201,0.9833027887956702,0.9673170428055751,3.0371429768446903,0.21090675105485235,0.5736407405901451,12.5,3.449056891438664e+18,1.425334035277529e+18,1.8857504427036273,0.7792925349236578,0.04496169035151518,0.02772242492495259,0.41432847609620427,0.12031386582624466,0.6482242565503572,0.0,0.0,0.1659129188126537,0.10703336098738471,0.02129384313158756,7.79159110863066,83.33246316801024,34.43741281615457,21,0.001,25,0.056828975677490234,0.09416235690430678
S1,8,13,1,MG,det,sample,0,1,0,1.787809525749345e-18,1.9541831103526328,1.25,7.07e-06,10100.0,3.16e-11,5,1e-06,0.11723017504161996,0.0,0.12499493966673801,0.0,0.11698723956995975,0.11723017504161996,0.12499493966673801,0.14891949422162948,0.15662609269919134,0.18319137413786482,0.1916457166606939,0.24107317270063636,0.24513188182246728,0.314717021373274,0.322561596628152,0.39475900656674145,0.4042672077233495,0.5645095718457542,0.5737262742710987,0.6579627140300994,0.6650111538040395,0.7923987244502879,0.7812704657087277,0.9685522121676429,0.9547514511017329,1.8150688607567043,0.21090675105485235,0.5736407405901451,2.442728887940791,3.449056891438664e+18,1.425334035277529e+18,3.1554140104367017,1.303985154791401,0.1776826632216804,0.09851683064512005,0.5378455970741307,0.12282855974566927,0.7347478194797492,0.0,0.0,0.11105547841316991,0.11705173130716529,0.021588184184659628,5.144271396947083,83.33246316801024,34.43741281615457,21,0.001,25,0.05000495910644531,0.09416235690430678
S1,8,14,1,MG,det,sample,0,1,0,2.2165876724883375e-19,0.1,1.25,7.07e-06,10100.0,3.16e-11,5,1e-06,0.16191909169829466,0.0,0.16998310275702416,0.0,0.16290528855417113,0.16191909169829466,0.16998310275702416,0.2014271962889929,0.20608999653216686,0.2916056463494075,0.29682499480057345,0.42985360351900403,0.44683378407231095,0.5623967857864662,0.5812922159397187,0.6857240162098442,0.7021025316954139,0.7384501254864302,0.7563156720594185,0.7800945215537414,0.7888442233699713,0.9073423599149273,0.8994507643937939,1.0107046826081463,1.0012121054450782,0.749142065429665,0.21090675105485235,0.5736407405901451,0.125,3.449056891438664e+18,1.425334035277529e+18,7.645136987273888,3.1593778517742277,1.923364571599936,0.9253757357201435,0.7351821469159849,0.09212207797048151,0.8437162023671053,0.30732,0.0,0.01587513616934905,0.09194633602903432,0.019218599161046675,0.826029828517661,83.33246316801024,34.43741281615457,21,0.001,25,0.04695415496826172,0.09416235690430678
S1,8,15,1,MG,det,sample,0,1,0,7.4299115577308365e-19,1.0623716400757341,1.25,7.07e-06,10100.0,3.16e-11,5,1e-06,0.12221450416220983,0.0,0.12975912561948272,0.0,0.12186289939917173,0.12221450416220983,0.12975912561948272,0.1561827057753514,0.1640921635468621,0.19547631374060448,0.20089451137877026,0.2483086063572692,0.25396223123885286,0.31202291353351685,0.3258087383767612,0.4324175251985702,0.4420138020972454,0.5787412932409941,0.5888199190478729,0.643549438401476,0.6491382588468629,0.8049595708552342,0.7919824740636817,0.9905653391920659,0.9757554810505664,2.374334604787792,0.21090675105485235,0.5736407405901451,1.3279645500946677,3.449056891438664e+18,1.425334035277529e+18,2.4121678981513934,0.9968362692344366,0.3771126162870991,0.22069023924524286,0.4767788589074907,0.11633193521536297,0.6564579506342053,0.0,0.0,0.0676971283900755,0.11406002684624587,0.02168746830404214,3.121485986331471,83.33246316801024,34.43741281615457,21,0.001,25,0.0477142333984375,0.09416235690430678
S1,8,16,1,MG,det,sample,0,1,0,3.044316383399614e-19,6.7551028745499195,1.25,7.07e-06,10100.0,3.16e-11,5,1e-06,0.17113645309472278,0.0,0.18014693612355276,0.0,0.1706518805327295,0.17113645309472278,0.18014693612355276,0.20287609386479574,0.21412900448314415,0.23247770709805762,0.24659150271115138,0.2882354226791418,0.3015442356881874,0.37817500610630267,0.3863382986170503,0.4564168028312819,0.463210940342053,0.5291425851883014,0.5291544604256072,0.8222838075186123,0.8103659293957854,0.9772635610022574,0.9627295036270288,1.5066378842490655,1.4807215776345937,36.84607909721345,0.21090675105485235,0.5736407405901451,8.4438785931874,3.449056891438664e+18,1.425334035277529e+18,0.15543834930246958,0.06423540597376284,0.11128081976933461,0.10249702069851303,0.05970593080060052,0.024761790016442436,0.12194478113245304,0.0,0.0,0.03252070032554978,0.021860641459028614,0.010300136965498832,3.1573075614897723,83.33246316801024,34.43741281615457,21,0.001,25,0.04639697074890137,0.09416235690430678
S1,8,17,1,MG,det,sample,0,1,0,1.695073739391712e-17,4.667391331944812,1.25,7.07e-06,10100.0,3.16e-11,2,1e-06,0.19132932542304326,0.0,0.19974734648636763,0.0,0.1912529144270509,0.19132932542304326,0.19974734648636763,0.2261238602035355,0.2322377286531138,0.27172800917636947,0.2758096548227938,0.3458345426233802,0.34254226883060584,0.5145263863050643,0.5147546532103703,0.6391757783230364,0.6386570401098733,0.7399229382501341,0.7425761966360451,0.8439123572025449,0.8341386737545101,0.9275373586606468,0.9171539514029814,0.9452952603147147,0.9360361721234286,0.45722999940192643,0.21090675105485235,0.5736407405901451,5.834239164931016,3.449056891438664e+18,1.425334035277529e+18,12.52606723231327,5.176438231189497,0.02775093812789849,0.012671972736839102,0.8055913345918065,0.09566549378702843,0.925308104997955,0.6602,0.0812,0.10724286306643896,0.08906607034334106,0.016975130596592985,6.3176458323073685,83.33246316801024,34.43741281615457,21,0.001,25,0.06365513801574707,0.09416235690430678
S1,8,18,1,MG,det,sample,0,1,0,5.888421110059263e-20,1.3537220398656282,1.25,7.07e-06,10100.0,3.16e-11,2,1e-06,0.24050376538781615,0.0,0.2563419764227744,0.0,0.2403370457938175,0.24050376538781615,0.2563419764227744,0.2516470171532374,0.2657582012967617,0.3183332079800273,0.3261614021702519,0.400820878920467,0.40698666869705213,0.42377458306767485,0.42912094510131477,0.5264912146868523,0.5222220352153449,0.8252593512765544,0.8103279830540482,0.9174658759671251,0.903004623128134,0.9823517005125009,0.9716647939690712,1.6650774289744277,1.632346843601989,38.1750607043205,0.21090675105485235,0.5736407405901451,1.6921525498320353,3.449056891438664e+18,1.425334035277529e+18,0.1500271016593536,0.0619991901959966,0.5564630114418738,0.5138689920199316,0.05789799474318281,0.021523568517876745,0.10043246548345552,0.0,0.0,0.010971873605465,0.021179169198473374,0.010197738839649783,1.0759123937166646,83.33246316801024,34.43741281615457,21,0.001,25,0.051737070083618164,0.09416235690430678
S1,8,19,1,MG,det,sample,0,1,0,1.559012893634666e-18,1.5288566861729727,1.25,7.07e-06,10100.0,3.16e-11,3,1e-06,0.17266169825265407,0.0,0.18208396540435465,0.0,0.17199514772060193,0.17266169825265407,0.18208396540435465,0.1980114709066399,0.2072046903191397,0.23329134094427573,0.23813102214640242,0.277364311632683,0.28118336463397803,0.3388030936699098,0.34604704665078073,0.4568777553220263,0.46070366306880034,0.607411590909362,0.6172898790773319,0.6779404071523745,0.6749462984219344,0.8691295062979169,0.8545348426513198,0.9519998001079135,0.9389395930753961,1.6284190245414887,0.21090675105485235,0.5736407405901451,1.9110708577162159,3.449056891438664e+18,1.425334035277529e+18,3.517088431677904,1.4534482916749916,0.21327811847745887,0.11584161863216096,0.563700621426775,0.12217319791104155,0.7511803600220909,0.0,0.0,0.09844664303463431,0.11764216264639282,0.02147592569199342,4.584046548053426,83.33246316801024,34.43741281615457,21,0.001,25,0.04960012435913086,0.09416235690430678
S1,8,20,1,MG,det,sample,0,1,0,8.355417577236993e-18,0.2760797105214926,1.25,7.07e-06,10100.0,3.16e-11,5,1e-06,0.19776563700114838,0.0,0.2051740113561549,0.0,0.1988071657056378,0.19776563700114838,0.2051740113561549,0.25297223587536927,0.2565444418706889,0.3635437379158706,0.37449232034582636,0.5250063277734301,0.5373002883890066,0.6897107376043946,0.706239819279674,0.8092507420489656,0.8211776660774839,0.8820306880536507,0.890435630817136,0.9415868096859167,0.937193211751207,0.9849391169331849,0.9810570976231786,0.9923415599734883,0.9889168522695553,0.0548675324407406,0.21090675105485235,0.5736407405901451,0.34509963815186573,3.449056891438664e+18,1.425334035277529e+18,104.38402199560954,43.13703831873901,0.06565265720546933,0.027496709576386825,0.9701034640361585,0.02066462947282385,0.9902734338833646,1.0,0.97796,0.016861984858855077,0.01986623507781049,0.0072772446856737595,2.3170836748213475,83.33246316801024,34.43741281615457,21,0.001,25,0.06470298767089844,0.09416235690430678
S1,8,21,1,MG,det,sample,0,1,0,6.821675920090188e-18,0.4159632985176014,1.25,7.07e-06,10100.0,3.16e-11,4,1e-06,0.2015570913117448,0.0,0.21076695863319467,0.0,0.20240251660253755,0.2015570913117448,0.21076695863319467,0.243771990783201,0.24973251732174329,0.3168493036166653,0.3259694034446207,0.46474250709564974,0.4708774703545675,0.6353532155803326,0.6477976454434644,0.7654525801857871,0.7752387302146175,0.8537445758393145,0.8625826762617502,0.9159613475543442,0.911016348993703,0.9733696486929238,0.9679839201887391,0.9850733992113027,0.9804384133718934,0.10125419556574922,0.21090675105485235,0.5736407405901451,0.5199541231470017,3.449056891438664e+18,1.425334035277529e+18,56.5635199720695,23.37505953335031,0.07890223194463118,0.033410858159782134,0.9469382805107125,0.03461965874476015,0.9820333222017478,0.99036,0.91724,0.027941351931790103,0.03333367889155722,0.009591433041635367,2.913157169580368,83.33246316801024,34.43741281615457,21,0.001,25,0.06316494941711426,0.09416235690430678
S1,8,22,1,MG,det,sample,0,1,0,2.590383639267682e-18,0.585972266013875,1.25,7.07e-06,10100.0,3.16e-11,5,1e-06,0.13130016221292415,0.0,0.1394475584292391,0.0,0.13138399053717825,0.13130016221292415,0.1394475584292391,0.16764397326056885,0.17710743526155215,0.2213546581738579,0.23149602143483647,0.32468214478038043,0.32849642873039153,0.4410815046380785,0.4456330728283232,0.5708738627872256,0.580464646935777,0.737316602808109,0.74859980129693,0.8133684893316177,0.821785664899567,0.8923424906423356,0.8849858150648601,0.9692460958254171,0.9616249782783541,0.3756315571354932,0.21090675105485235,0.5736407405901451,0.7324653325173437,3.449056891438664e+18,1.425334035277529e+18,15.247104787506467,6.300915895884519,0.18699740510987095,0.08403049929890595,0.8369205947202336,0.082084529979695,0.9312481604145865,0.77924,0.16812,0.054914608593859854,0.08004974365052846,0.01589920727982888,3.4539211689836455,83.33246316801024,34.43741281615457,21,0.001,25,0.049822092056274414,0.09416235690430678
S1,8,23,1,MG,det,sample,0,1,0,1.1312247886672719e-18,2.095902632250477,1.25,7.07e-06,10100.0,3.16e-11,1,1e-06,0.3395016612499511,0.0,0.3528182281341961,0.0,0.3394379002740897,0.3395016612499511,0.3528182281341961,0.36374808358107497,0.37461979495587866,0.3795938499073102,0.3901138347635667,0.38278981053813255,0.3926885527992437,0.4155997152229217,0.4241089183426308,0.5226223415035166,0.5310704649704333,0.6455709949179037,0.6373151412193041,0.842337321278684,0.8249355448013088,0.8933731235747757,0.8755268854536951,0.9769090150048825,0.963862514392346,3.0766017830502905,0.21090675105485235,0.5736407405901451,2.619878290313096,3.449056891438664e+18,1.425334035277529e+18,1.8615648423179334,0.7692977565020784,0.21573368264242004,0.1333875490278884,0.41496070537939117,0.112741617594175,0.6119020743731379,0.0,0.0,0.09889821924318631,0.10761303312631715,0.021385028396335146,4.624647552964436,83.33246316801024,34.43741281615457,21,0.001,25,0.0462489128112793,0.09416235690430678
S1,8,24,1,MG,det,sample,0,1,0,6.178326275218806e-18,0.12731805909662608,1.25,7.07e-06,10100.0,3.16e-11,4,1e-06,0.24444795236038122,0.0,0.25230023908084387,0.0,0.24577312969886736,0.24444795236038122,0.25230023908084387,0.31017845020182105,0.31950764256568437,0.4537178151507778,0.45867530785098537,0.633311543740841,0.6441664923218381,0.7625128719516939,0.7722119535339746,0.8627787689158125,0.8730611604590675,0.9192187822804204,0.9178710472553062,0.9770936146728119,0.9731228637127649,0.9919014955847824,0.9889464909561824,0.9939678866824905,0.991071855715697,0.034219075145753584,0.21090675105485235,0.5736407405901451,0.1591475738707826,3.449056891438664e+18,1.425334035277529e+18,167.3713766004519,69.16676851345568,0.089550600361968,0.03731914754578495,0.9811550919000298,0.013279538004153447,0.9938180113671246,1.0,1.0,0.009763787786684106,0.012864502782629338,0.005812411983318683,1.679816884058746,83.33246316801024,34.43741281615457,21,0.001,25,0.05320239067077637,0.09416235690430678
S1,8,25,1,MG,det,sample,0,1,0,1.8526505754165698e-18,9.796154222234906,1.25,7.07e-06,10100.0,3.16e-11,1,1e-06,0.34518918145454786,0.0,0.35313882088341886,0.0,0.34431367823606895,0.34518918145454786,0.35313882088341886,0.3605839118124655,0.36927378194883,0.3717955273105848,0.3814631669017122,0.38037980799828247,0.3886093031305047,0.4387372034966148,0.44772815119904524,0.5130609108448174,0.5186577439666094,0.6980070475604353,0.684149482136739,0.8504751561512935,0.8307211915260517,0.8853361607732443,0.8674279708485086,1.239606736733981,1.2209036717562027,8.78033721519422,0.21090675105485235,0.5736407405901451,12.245192777793632,3.449056891438664e+18,1.425334035277529e+18,0.6522863043606236,0.2695594475864933,0.0643252276157027,0.049425272255868694,0.20502723074203252,0.07607927857865973,0.38279824632953335,0.0,0.0,0.10833539562718154,0.06630373168431332,0.017501536946672086,6.190050391418994,83.33246316801024,34.43741281615457,21,0.001,25,0.04587697982788086,0.09416235690430678
S1,8,26,1,MG,det,sample,0,1,0,6.935930878340862e-19,4.988585763413044,1.25,7.07e-06,10100.0,3.16e-11,4,1e-06,0.1665687007785885,0.0,0.17422049883849586,0.0,0.16596098761247172,0.1665687007785885,0.17422049883849586,0.19521701898124155,0.2042027134439196,0.21678899303689533,0.2276773030011501,0.24203829336755595,0.2553455786577079,0.3186673577458547,0.3283648619070732,0.4391006300809217,0.4468611826266465,0.48562946949988745,0.4905735712747999,0.6588356159797865,0.6480815902426796,0.9278103117064683,0.9076959170107455,1.1226390026487976,1.1066526149963942,11.943229676585496,0.21090675105485235,0.5736407405901451,6.235732204266306,3.449056891438664e+18,1.425334035277529e+18,0.479543127632164,0.19817276510984294,0.13384221038159394,0.10838892649109522,0.16113900322922314,0.05994436212422351,0.29730837229503915,0.0,0.0,0.0724424126911686,0.054268071303737425,0.015978103172271673,4.533855609149203,83.33246316801024,34.43741281615457,21,0.001,25,0.06215405464172363,0.09416235690430678
S1,8,27,1,MG,det,sample,0,1,0,9.735789449656808e-19,9.202139756942417,1.25,7.07e-06,10100.0,3.16e-11,2,1e-06,0.2234480740811265,0.0,0.23302518240411463,0.0,0.22288498699602521,0.2234480740811265,0.23302518240411463,0.22942092134868464,0.24187064118654994,0.2546993171981862,0.26920466553110156,0.34021252805565294,0.34842478951468114,0.4048972466525134,0.4115644049707738,0.4328270394149524,0.4381147567497648,0.6015941112241052,0.5917926912053593,0.8474271452928352,0.8290211061190349,0.9126416675096892,0.8950100925490747,1.3202158145624914,1.2995205438705508,15.695196210858049,0.21090675105485235,0.5736407405901451,11.50267469617802,3.449056891438664e+18,1.425334035277529e+18,0.3649074300311648,0.15079918833467643,0.07554428503025248,0.06369391797812471,0.12803410746474464,0.05105678671075871,0.25431687830345673,0.0,0.0,0.07224136924783062,0.04433021144255249,0.014499948273725602,4.98218116948282,83.33246316801024,34.43741281615457,21,0.001,25,0.06254887580871582,0.09416235690430678
S1,8,28,1,MG,det,sample,0,1,0,2.4110835750339504e-18,2.8713279657936397,1.25,7.07e-06,10100.0,3.16e-11,3,1e-06,0.1563522837560222,0.0,0.16584552056996635,0.0,0.1558697026855427,0.1563522837560222,0.16584552056996635,0.1849983264772109,0.19474577620773853,0.22060681998923248,0.22901757789275226,0.26180617068899076,0.2673430129748681,0.3320518829358261,0.3384948298290289,0.44704469271974745,0.44999634893147705,0.5823461626975714,0.5909135971619754,0.6579962896576262,0.6546341943384045,0.8624554743849832,0.8470590883568441,0.9510250049918803,0.937030829278811,1.977514305700503,0.21090675105485235,0.5736407405901451,3.5891599572420496,3.449056891438664e+18,1.425334035277529e+18,2.8962084858902117,1.196867624435452,0.1268245405004795,0.07150970694160566,0.5165923413358738,0.12406094917568283,0.7255190105700997,0.0,0.0,0.13106686731961575,0.1160367651140146,0.021623358560869797,6.0613556839776885,83.33246316801024,34.43741281615457,21,0.001,25,0.06487798690795898,0.09416235690430678
S1,8,29,1,MG,det,sample,0,1,0,3.575975131358541e-18,1.0837674440141334,1.25,7.07e-06,10100.0,3.16e-11,2,1e-06,0.2210551503308667,0.0,0.22742930333559025,0.0,0.22156478425435183,0.2210551503308667,0.22742930333559025,0.23018576096235904,0.2370022268277686,0.2611879022400707,0.2689542088394804,0.3561250767875212,0.36012348419009854,0.4768363434060891,0.4779264344558988,0.59231022415536,0.5916329456445439,0.7346527288757911,0.739777677039031,0.8375475540202981,0.8278855399523624,0.9268191089179091,0.9164829376726468,0.9457150137526508,0.9366094095021794,0.5032580245693477,0.21090675105485235,0.5736407405901451,1.3547093050176668,3.449056891438664e+18,1.425334035277529e+18,11.38043197232691,4.7030007149438715,0.12943462212065754,0.05962358535974906,0.7942900374112091,0.09559710463994281,0.913288426316905,0.61636,0.01964,0.07980047487374899,0.09190713417124775,0.017399069258494666,4.586479523023243,83.33246316801024,34.43741281615457,21,0.001,25,0.04476213455200195,0.09416235690430678
S1,8,30,1,MG,det,sample,0,1,0,1.571124374407825e-19,5.133803437377196,1.25,7.07e-06,10100.0,3.16e-11,2,1e-06,0.2400374775159635,0.0,0.25694508789386045,0.0,0.24006372633837317,0.2400374775159635,0.25694508789386045,0.2502872839451679,0.26544491505994844,0.3278508883920814,0.3361663000754917,0.3883725244113624,0.39485660864398775,0.4071235900593782,0.41206094796827286,0.5736751785229297,0.5654985057977351,0.8411578021445972,0.8244783407465455,0.9104287411319728,0.8977700705433783,1.0007221417608985,0.9916902919931826,1.7286701436731726,1.693266668234324,54.25974741286375,0.21090675105485235,0.5736407405901451,6.417254296721495,3.449056891438664e+18,1.425334035277529e+18,0.10555326897414335,0.04362023345486055,0.14931665767771773,0.14095194643032966,0.041494602547182874,0.017054657018968536,0.08325383940196063,0.0,0.0,0.02042101823290033,0.0154078733928445,0.008679915891234628,2.352674667449531,83.33246316801024,34.43741281615457,21,0.001,25,0.0547640323638916,0.09416235690430678
S1,8,31,1,MG,det,sample,0,1,0,1.4331004143003875e-18,0.13867836987729587,1.25,7.07e-06,10100.0,3.16e-11,2,1e-06,0.27768286668913433,0.0,0.28386168520829147,0.0,0.2795042996783935,0.27768286668913433,0.28386168520829147,0.304158578304004,0.3080260882522122,0.3640154274632711,0.36613805328158394,0.430548008315311,0.4328745061783852,0.5947972068415448,0.5952795097755137,0.7865592644759875,0.7976017556064989,0.8483275872344108,0.8462282950146451,0.9399852599462795,0.9325708876664136,0.9704474929941846,0.9646158460935024,0.9756860180424841,0.9702004242453417,0.16068717073510394,0.21090675105485235,0.5736407405901451,0.17334796234661984,3.449056891438664e+18,1.425334035277529e+18,35.64250765595124,14.729382803389065,0.36674953938144317,0.15743310889260093,0.9216597065965942,0.04613314449576018,0.9667364951508678,0.96292,0.80288,0.018269638184656045,0.045709638757438824,0.011557258437122362,1.5807934281345877,83.33246316801024,34.43741281615457,21,0.001,25,0.06170201301574707,0.09416235690430678
S1,8,32,1,MG,det,sample,0,1,0,8.140183034363978e-18,4.153475701519461,1.25,7.07e-06,10100.0,3.16e-11,2,1e-06,0.19139866821831517,0.0,0.20050578830944768,0.0,0.1910359722465068,0.19139866821831517,0.20050578830944768,0.20784771259708787,0.2133929175412013,0.23176334971108642,0.23740226574090778,0.28903040822128073,0.29197184110489116,0.439241922133806,0.44085934405968247,0.5557224187140717,0.5550308579694438,0.6725466239403163,0.6763559202330245,0.7870081219506787,0.7782455596282913,0.9041128790573059,0.8917516381160469,0.9335452252923868,0.9225524972856877,0.8472793102826407,0.21090675105485235,0.5736407405901451,5.191844626899327,3.449056891438664e+18,1.425334035277529e+18,6.759628901157211,2.7934387404802123,0.05077445117225869,0.024822033702506408,0.7000975106761439,0.11783515256598626,0.868753296486974,0.18292,0.0,0.13586696757171063,0.10922609400528745,0.019720704811104273,6.8895594185460896,83.33246316801024,34.43741281615457,21,0.001,25,0.06823205947875977,0.09416235690430678
S1,8,33,1,MG,det,sample,0,1,0,2.1520608564902646e-19,7.7390966382581645,1.25,7.07e-06,10100.0,3.16e-11,3,1e-06,0.1946292718734617,0.0,0.20542049854050398,0.0,0.19416057588229144,0.1946292718734617,0.20542049854050398,0.224061191006942,0.23774506532104678,0.2753091308574613,0.2871951914907867,0.37035138081725527,0.3776946455907168,0.417157083468695,0.4233077779277089,0.48318892384189943,0.48218295935575983,0.7827077588951227,0.769339247457883,0.9146651664075813,0.9019393853554397,0.9988276586248223,0.9892607282414814,1.7109241960042212,1.6763486383440989,59.71519008723535,0.21090675105485235,0.5736407405901451,9.673870797822705,3.449056891438664e+18,1.425334035277529e+18,0.09591016464608637,0.039635189068196776,0.09943029922664622,0.09432455439354781,0.03785316587130862,0.016147693512844775,0.07973211705012803,0.0,0.0,0.021975908649413015,0.01409699149623409,0.008294567782284467,2.6494338495067997,83.33246316801024,34.43741281615457,21,0.001,25,0.07361507415771484,0.09416235690430678
S1,8,34,1,MG,det,sample,0,1,0,3.4313593373886673e-19,8.834385412046567,1.25,7.07e-06,10100.0,3.16e-11,3,1e-06,0.19245820773785177,0.0,0.20284104370907463,0.0,0.191906736149516,0.19245820773785177,0.20284104370907463,0.21085178921620146,0.22340535848009277,0.2544013519853889,0.267109055816964,0.3469778758154791,0.35507557400604656,0.41339477304381933,0.420038326650607,0.44897226384650657,0.45131142811200897,0.7034355348228261,0.691912029828397,0.8954226044800638,0.8805507006825226,0.9709811426941818,0.9594566848932995,1.6333782389218714,1.6019051487355593,42.75227590223205,0.21090675105485235,0.5736407405901451,11.042981765058208,3.449056891438664e+18,1.425334035277529e+18,0.13396465082318743,0.055361329880155304,0.08580497479590928,0.07985720916891595,0.051940781177666415,0.022104042285632862,0.10956201008618777,0.0,0.0,0.031042926013003125,0.01913354723348844,0.009639421108408295,3.2204139298287253,83.33246316801024,34.43741281615457,21,0.001,25,0.06238698959350586,0.09416235690430678
S1,8,35,1,MG,det,sample,0,1,0,4.043647143564407e-18,3.341217299209705,1.25,7.07e-06,10100.0,3.16e-11,2,1e-06,0.1966057305071148,0.0,0.2046379275596762,0.0,0.19648912384103992,0.1966057305071148,0.2046379275596762,0.20403965046234077,0.21189393737179318,0.21838368626471377,0.22591251383344516,0.2825431167976054,0.28834328273449317,0.40137133966958355,0.4037850508936823,0.5020978135901327,0.5026391804245738,0.6219817170052032,0.6266979298531296,0.747529309748905,0.7380919652736813,0.8925835998979168,0.8783506553285889,0.9313640707505874,0.9189116771196135,1.372083582041765,0.21090675105485235,0.5736407405901451,4.176521624012131,3.449056891438664e+18,1.425334035277529e+18,4.174158038256268,1.7249844545394748,0.0878660769897153,0.04627490929114216,0.5995671848285811,0.12566188988044677,0.7984458461338424,0.0,0.0,0.1404537445622854,0.11678173583702851,0.021152552836456267,6.64003752399164,83.33246316801024,34.43741281615457,21,0.001,25,0.06626319885253906,0.09416235690430678
S1,8,36,1,MG,det,sample,0,1,0,7.499680088684944e-19,2.119821368073281,1.25,7.07e-06,10100.0,3.16e-11,1,1e-06,0.3475902275099664,0.0,0.3606844348502693,0.0,0.3472560653041239,0.3475902275099664,0.3606844348502693,0.3701037162661308,0.3817963059599549,0.37868169283268527,0.390444610027101,0.3827138425529053,0.3937942606561735,0.4315454818719016,0.4421244369244571,0.4961586055757775,0.5027488111972511,0.6576520209496717,0.6457373519848302,0.8521401374242702,0.8334356589665581,0.8946763959635375,0.8759003554972336,1.0486374465740143,1.034557006524859,4.693595134046348,0.21090675105485235,0.5736407405901451,2.6497767100916017,3.449056891438664e+18,1.425334035277529e+18,1.2202359917229562,0.5042665125039119,0.2508799381387708,0.1699775568940048,0.32210004576057627,0.09718069757170622,0.5013136851913971,0.0,0.0,0.08147492647157233,0.09306131872788997,0.020313750469602137,4.010826390404513,83.33246316801024,34.43741281615457,21,0.001,25,0.05554819107055664,0.09416235690430678
S1,8,37,1,MG,det,sample,0,1,0,4.632921124476239e-18,1.7249573563674874,1.25,7.07e-06,10100.0,3.16e-11,5,1e-06,0.10437120868351153,0.0,0.11376499439123755,0.0,0.10517765289626337,0.10437120868351153,0.11376499439123755,0.148283878826604,0.15731370855311258,0.1951443675319247,0.20449823932332767,0.25027734820900355,0.2589905743476299,0.3693506388255646,0.3756972970011918,0.5052029981077045,0.5168154219488175,0.6555379999820156,0.6652454731678635,0.7616381266743523,0.7714893284590387,0.8481910436522047,0.840903761455471,0.9585122564273488,0.9490264321590464,0.6182619998265034,0.21090675105485235,0.5736407405901451,2.156196695459359,3.449056891438664e+18,1.425334035277529e+18,9.263538297269248,3.828187483647807,0.09605666362023478,0.045187104834555944,0.7597968631332079,0.1048582509166077,0.8978558437283498,0.44048,0.0,0.10051694678691746,0.09951258765670495,0.018389057216258883,5.466128339523808,83.33246316801024,34.43741281615457,21,0.001,25,0.05370616912841797,0.09416235690430678
S1,8,38,1,MG,det,sample,0,1,0,5.550238113147369e-19,1.9111989144277672,1.25,7.07e-06,10100.0,3.16e-11,3,1e-06,0.19205571907325622,0.0,0.20043302612729413,0.0,0.19151200063816484,0.19205571907325622,0.20043302612729413,0.2056244737776312,0.21273462299943716,0.22119254837862729,0.23002858194999293,0.24676210931304277,0.26001649877083877,0.3207672459141751,0.329342975734869,0.46282876757239855,0.4713109499669878,0.5097340622049886,0.5155010797080967,0.6574240253460406,0.6461327711918885,0.9101058969787539,0.8903353052826676,1.0160949870330291,1.0002634041860885,5.717989747196432,0.21090675105485235,0.5736407405901451,2.388998643034709,3.449056891438664e+18,1.425334035277529e+18,1.0016271393188867,0.41392568962043896,0.29604485081232845,0.2091225741402755,0.28245727114678315,0.08819360131517906,0.4461430071667721,0.0,0.0,0.06742694349245501,0.08506995110714125,0.019588520285140684,3.4421662540586717,83.33246316801024,34.43741281615457,21,0.001,25,0.05090975761413574,0.09416235690430678
S1,8,39,1,MG,det,sample,0,1,0,4.92681649042223e-18,4.343997891664849,1.25,7.07e-06,10100.0,3.16e-11,3,1e-06,0.13553407036937007,0.0,0.14489820376201018,0.0,0.13543411048835244,0.13553407036937007,0.14489820376201018,0.16316642483489882,0.1717819885758824,0.2138935585759871,0.22278939578402848,0.2530486037499918,0.25911739440889187,0.3402649733865153,0.3455487729760929,0.4664675798966892,0.46737626195855025,0.6071240751674767,0.6147615041545553,0.6839916304037776,0.6826456554894296,0.8609752626297479,0.847119715430685,0.9442013977068396,0.9313034719813263,1.4641053144262974,0.21090675105485235,0.5736407405901451,5.4299973645810615,3.449056891438664e+18,1.425334035277529e+18,3.9118044697374104,1.6165659847210587,0.07038314839851595,0.03749378728974055,0.5842852714513479,0.12708388454255057,0.7902303969379417,0.0,0.0,0.15060221542055888,0.11702816461898839,0.02126988739601055,7.080536564044356,83.33246316801024,34.43741281615457,21,0.001,25,0.061087846755981445,0.09416235690430678
S1,8,40,1,MG,det,sample,0,1,0,6.554216291641327e-19,1.1481697861684323,1.25,7.07e-06,10100.0,3.16e-11,4,1e-06,0.1347260931252548,0.0,0.14286302468883516,0.0,0.1342489382501497,0.1347260931252548,0.14286302468883516,0.1678287638830446,0.1740547442137179,0.22070297917339646,0.22504919853256486,0.25804734373550053,0.2676401625972892,0.3085912941718308,0.3211469712653447,0.4525167166547214,0.46018877276445386,0.5694768568734399,0.579628015947903,0.6244706888482014,0.6248336766866022,0.847151875661466,0.8309847567477695,0.9919772885334239,0.9765163652024679,2.908937851368759,0.21090675105485235,0.5736407405901451,1.4352122327105405,3.449056891438664e+18,1.425334035277529e+18,1.9688608027305194,0.8136381628906951,0.3841786507549844,0.23468970378680978,0.4291839010849523,0.11171841385138509,0.608057014291724,0.0,0.0,0.06587346228933977,0.1094585816013272,0.02150765393905945,3.0627916218099833,83.33246316801024,34.43741281615457,21,0.001,25,0.07439613342285156,0.09416235690430678
S1,8,41,1,MG,det,sample,0,1,0,1.3017440580036728e-19,6.670466453603347,1.25,7.07e-06,10100.0,3.16e-11,4,1e-06,0.20062463312358322,0.0,0.21172586490849693,0.0,0.20020087484247942,0.20062463312358322,0.21172586490849693,0.22990934267246646,0.2433993220174162,0.28014217224704063,0.2933789154584086,0.3612207617386103,0.3692009237468081,0.4319904732444282,0.43820891343740276,0.494132891683544,0.49453541801552586,0.7881036164036636,0.7772352048659933,0.9345761053816661,0.9245742872801922,1.0228482667341605,1.014077736793598,1.7454114855663887,1.7095230635748602,85.09023009843987,0.21090675105485235,0.5736407405901451,8.338083067004185,3.449056891438664e+18,1.425334035277529e+18,0.06730847603201034,0.027815447750143975,0.1166859702868717,0.11236830353155006,0.02692830639284243,0.011451464110144135,0.05626942120417345,0.0,0.0,0.014946761692399498,0.010111814767960631,0.007039949902712074,2.123134667001167,83.33246316801024,34.43741281615457,21,0.001,25,0.06861495971679688,0.09416235690430678
S1,8,42,1,MG,det,sample,0,1,0,5.509457635257359e-18,0.13137943886089787,1.25,7.07e-06,10100.0,3.16e-11,4,1e-06,0.23850868062413405,0.0,0.2467201935683374,0.0,0.23979958822267713,0.23850868062413405,0.2467201935683374,0.30150046351885174,0.3115117028988119,0.437428656063881,0.4422311715438424,0.6136941318040506,0.6228586420598282,0.7444099223943373,0.7534458100271639,0.854542127526785,0.8651155111249109,0.9107450146740036,0.9107592340616348,0.9721112138887045,0.967794517268685,0.9906484887438921,0.9874935346676865,0.9932286198694323,0.9901799801805029,0.03959748949802171,0.21090675105485235,0.5736407405901451,0.16422429857612234,3.449056891438664e+18,1.425334035277529e+18,144.63779865198836,59.77204311069089,0.10019792945791424,0.04181080011494113,0.9783402704056428,0.015123994754400892,0.9927915978060577,1.0,0.99664,0.0107660281851756,0.014682815349263698,0.006224981647152895,1.7294875383447328,83.33246316801024,34.43741281615457,21,0.001,25,0.06174612045288086,0.09416235690430678
S1,8,43,1,MG,det,sample,0,1,0,9.341866649804515e-18,6.255889988369955,1.25,7.07e-06,10100.0,3.16e-11,3,1e-06,0.13333662406128638,0.0,0.14007725381206998,0.0,0.13316527871859024,0.13333662406128638,0.14007725381206998,0.15855984583995117,0.1637618363810185,0.21852051372732542,0.22518289035237604,0.2613860808204648,0.2662584442995012,0.35046583151967503,0.3529327076542713,0.49197196012006966,0.4915271755082748,0.6336248984847795,0.6406088550887922,0.7102568659677528,0.7096363768032828,0.8671558016290704,0.8543956308442614,0.9423275131536487,0.9304295422320654,1.1119993589126465,0.21090675105485235,0.5736407405901451,7.819862485462443,3.449056891438664e+18,1.425334035277529e+18,5.15044695595818,2.1284390412466143,0.04087645145830325,0.02079190138952359,0.6438955903574249,0.12511172031323528,0.835041345283962,0.04304,0.0,0.15391606228435747,0.11470380540483469,0.02062424460386143,7.462870288860913,83.33246316801024,34.43741281615457,21,0.001,25,0.05640292167663574,0.09416235690430678
S1,8,44,1,MG,det,sample,0,1,0,5.3740702440337355e-20,7.911260660818912,1.25,7.07e-06,10100.0,3.16e-11,3,1e-06,0.24408829871031335,0.0,0.2575624022818823,0.0,0.2442650788493277,0.24408829871031335,0.2575624022818823,0.285848074543435,0.29726879697116454,0.3787348193390529,0.38565196252357375,0.4150409777132616,0.42054543601747846,0.5189151462231493,0.5155368641051985,0.8225173455336617,0.8088459425732156,0.9315403541242001,0.9221554767572397,0.9828649445837777,0.9793636857119895,1.0628181620372323,1.0555046575527627,1.8088630870913167,1.7702484688979399,244.45079430195332,0.21090675105485235,0.5736407405901451,9.88907582602364,3.449056891438664e+18,1.425334035277529e+18,0.023429229303565093,0.009682205599329363,0.1001519917507466,0.09880671865789109,0.009571841081837106,0.0041839976413965245,0.020657556283472912,0.0,0.0,0.005716442102963667,0.003642057296860439,0.004232931166674748,1.350468948790943,83.33246316801024,34.43741281615457,21,0.001,25,0.05318903923034668,0.09416235690430678
S1,8,45,1,MG,det,sample,0,1,0,8.085986590416978e-18,0.9691423142275297,1.25,7.07e-06,10100.0,3.16e-11,4,1e-06,0.16912973088248506,0.0,0.17806604816478433,0.0,0.16987444035710783,0.16912973088248506,0.17806604816478433,0.2178056143077594,0.2227337538406026,0.2691826109675487,0.275415157329209,0.36581646525573835,0.3720605092577929,0.540293731443384,0.5518107957831522,0.6779966542879073,0.6873133542096376,0.8010672307474724,0.8117051911895423,0.8615253559514615,0.8607194257352796,0.945088701455475,0.9374474676546897,0.9750425151802941,0.9687347466383227,0.19902316884043916,0.21090675105485235,0.5736407405901451,1.2114278927844122,3.449056891438664e+18,1.425334035277529e+18,28.777020014844464,11.892197592574822,0.06402881701250172,0.027721785461825042,0.9022576107259751,0.05801520116709235,0.9655933910607324,0.93624,0.67752,0.05252179998087088,0.05533801912419584,0.012720260703220779,4.128987699723192,83.33246316801024,34.43741281615457,21,0.001,25,0.05266618728637695,0.09416235690430678
S1,8,46,1,MG,det,sample,0,1,0,2.624510518058605e-19,2.1872706975974037,1.25,7.07e-06,10100.0,3.16e-11,4,1e-06,0.1710965229620486,0.0,0.17971379575643262,0.0,0.170451934810904,0.1710965229620486,0.17971379575643262,0.1992358152253345,0.2098481816271899,0.22642060797951916,0.24122662577129314,0.26347664891067846,0.2788505747749822,0.35470832853608963,0.3628846784216763,0.45164447767462723,0.458987172794358,0.49351419731041024,0.4975311041866752,0.6980142674399993,0.6866343010394319,0.9464309705794715,0.9267419642811329,1.1730673918631336,1.156690309730454,13.838955564680951,0.21090675105485235,0.5736407405901451,2.7340883719967546,3.449056891438664e+18,1.425334035277529e+18,0.4138530314929244,0.17102611814083446,0.31233515605260986,0.2586921109933129,0.1430865787885371,0.05089537842455322,0.2465626362708253,0.0,0.0,0.039425651390387735,0.04898261250559771,0.015261013115489965,2.583422941322985,83.33246316801024,34.43741281615457,21,0.001,25,0.05563688278198242,0.09416235690430678
S1,8,47,1,MG,det,sample,0,1,0,1.0769801986978373e-17,8.891925515646056,1.25,7.07e-06,10100.0,3.16e-11,2,1e-06,0.18599755547592028,0.0,0.19489584531944432,0.0,0.18577065761426584,0.18599755547592028,0.19489584531944432,0.20514927615078213,0.21137027334261854,0.22647016375790463,0.23224591543394313,0.2718828799793337,0.27229564560154607,0.41043133506762874,0.41028201180146145,0.5222613650978792,0.523056960294729,0.6197204135025576,0.6232251859152342,0.7480995538541864,0.739276106138196,0.8900031521150381,0.8758019600524684,0.92935421824837,0.9167803346227104,1.3709991807632922,0.21090675105485235,0.5736407405901451,11.11490689455757,3.449056891438664e+18,1.425334035277529e+18,4.177459617408717,1.7263488429170133,0.03299990934309313,0.017377106013805533,0.5977318306098779,0.1285778287334774,0.8047297038200975,0.00124,0.0,0.16565325874616127,0.11681248300261596,0.021131965342045814,7.8389897042167,83.33246316801024,34.43741281615457,21,0.001,25,0.045307159423828125,0.09416235690430678
S1,8,48,1,MG,det,sample,0,1,0,5.033862418631086e-19,2.784644648713002,1.25,7.07e-06,10100.0,3.16e-11,1,1e-06,0.35127876715676154,0.0,0.3639637491119655,0.0,0.35084129610448694,0.35127876715676154,0.3639637491119655,0.371072912880401,0.3828914094875612,0.3760273851227828,0.3875490452483684,0.3903683355843738,0.40111929611502556,0.43409934435210557,0.444410407722666,0.48014079688098665,0.4813705082288188,0.7264751277297058,0.7106431442777733,0.8653035566869172,0.8456828651343027,0.8960777098951906,0.8784466366344394,1.265968168154653,1.2466865727928755,9.185811694555591,0.21090675105485235,0.5736407405901451,3.4808058108912525,3.449056891438664e+18,1.425334035277529e+18,0.6234934814234914,0.25766071938462365,0.2284318767881704,0.17695777764373422,0.19913236168379272,0.06863335790426583,0.33976704417965736,0.0,0.0,0.06393228652861924,0.06490723018071234,0.01737994075219131,3.678510038681144,83.33246316801024,34.43741281615457,21,0.001,25,0.040979862213134766,0.09416235690430678
S1,8,49,1,MG,det,sample,0,1,0,3.2284861228261665e-18,0.19364852083441697,1.25,7.07e-06,10100.0,3.16e-11,3,1e-06,0.22884143766236376,0.0,0.23653477791080593,0.0,0.23080225798624607,0.22884143766236376,0.23653477791080593,0.2989439238291299,0.30945813243814435,0.3807030727176175,0.384230295684961,0.5071054286112974,0.5089925782760847,0.6160014111578068,0.6156594041395721,0.7914699959243608,0.8000021456217196,0.8654299867672474,0.8682120137020002,0.9408499063731496,0.9343249249508309,0.9777930746529638,0.9728217041711268,0.9835961624498007,0.9790088084757944,0.09960115110065534,0.21090675105485235,0.5736407405901451,0.2420606510430212,3.449056891438664e+18,1.425334035277529e+18,57.502284359657395,23.763006985320974,0.16682933659617866,0.07061597803754255,0.9485426000070276,0.03313021613493558,0.9811680437481028,0.99256,0.92416,0.020058385833339094,0.03244302478980951,0.009471200306954171,2.1178293334807146,83.33246316801024,34.43741281615457,21,0.001,25,0.05360007286071777,0.09416235690430678
S1,8,50,1,MG,det,sample,0,1,0,6.052411759050405e-20,3.459894252335544,1.25,7.07e-06,10100.0,3.16e-11,4,1e-06,0.2105267018178886,0.0,0.2226611301068034,0.0,0.21035025149895217,0.2105267018178886,0.2226611301068034,0.24450153325329393,0.25861959814170576,0.29005946977447605,0.3021728020758598,0.3822680077697514,0.3888525822622216,0.4400971574710102,0.44592008422359247,0.5179840696607861,0.5171781140205538,0.8199208106584648,0.8090563382517336,0.9450279490434649,0.936086736559329,1.0316911748335362,1.023258058341466,1.7595123451603065,1.7230431921117693,94.9256230907004,0.21090675105485235,0.5736407405901451,4.32486781541943,3.449056891438664e+18,1.425334035277529e+18,0.06033453904923774,0.024933445494367833,0.22559605273231495,0.21806414023274936,0.024230856784228035,0.009736726247907786,0.04682265483726219,0.0,0.0,0.009604131376812954,0.00911245330561848,0.006703056961894884,1.4327987113058887,83.33246316801024,34.43741281615457,21,0.001,25,0.06608295440673828,0.09416235690430678
S1,8,51,1,MG,det,sample,0,1,0,2.721068068113705e-19,1.7673724712230787,1.25,7.07e-06,10100.0,3.16e-11,2,1e-06,0.22081743273302223,0.0,0.23068545492254358,0.0,0.22018436487197934,0.22081743273302223,0.23068545492254358,0.2236902207350934,0.2360895223929498,0.23333309828146914,0.24744911026968097,0.3017932660704724,0.3109266357872423,0.41626619300445594,0.4241105045929693,0.44743638936269065,0.45352853604962634,0.564508406177895,0.5573283163154393,0.8395911137474075,0.8220025928856628,0.926382629601909,0.9070448872969338,1.1839388284855072,1.1672071899142362,10.785437781231101,0.21090675105485235,0.5736407405901451,2.2092155890288483,3.449056891438664e+18,1.425334035277529e+18,0.5310209774800023,0.21944615483941188,0.3711925680604516,0.2956519580622119,0.17569038529860154,0.060171888697477534,0.29226342935514144,0.0,0.0,0.04064911327974007,0.05847917610541514,0.016586314741705847,2.450762204429231,83.33246316801024,34.43741281615457,21,0.001,25,0.06437492370605469,0.09416235690430678
S1,8,52,1,MG,det,sample,0,1,0,1.8862831916554808e-19,0.4525802764752319,1.25,7.07e-06,10100.0,3.16e-11,3,1e-06,0.21281338275359757,0.0,0.22086532319131735,0.0,0.21218806903992654,0.21281338275359757,0.22086532319131735,0.22273870437057916,0.2322207058870189,0.24676124497381793,0.2614364407055292,0.2941589588447124,0.3053994259036091,0.44719568833279366,0.45489336493416677,0.5348874772705389,0.5456828070732875,0.5730180007793271,0.5825794677900836,0.6830370164280374,0.6755095019588123,0.9412206812489609,0.9235058865962036,1.0359397454630197,1.0205650019082024,3.984169680586994,0.21090675105485235,0.5736407405901451,0.5657253455940399,3.449056891438664e+18,1.425334035277529e+18,1.4375124987887755,0.5940567393209456,1.108895415170442,0.7251828290656561,0.3589105540893018,0.09850105550309965,0.5086155345591152,0.0,0.0,0.026741797812081147,0.09809005850618899,0.02090451899956181,1.2792352606937138,83.33246316801024,34.43741281615457,21,0.001,25,0.05040097236633301,0.09416235690430678
S1,8,53,1,MG,det,sample,0,1,0,6.644584341480412e-19,0.11449780177148945,1.25,7.07e-06,10100.0,3.16e-11,5,1e-06,0.16579959358400764,0.0,0.17342801976078678,0.0,0.1662484358313456,0.16579959358400764,0.17342801976078678,0.21034532243331294,0.2140896893571894,0.282203141344537,0.284979456126963,0.36462902819808757,0.36648648366579717,0.5668023723082054,0.5784694264894018,0.7351628277309565,0.7475529950113277,0.8091642269158444,0.8235152444862254,0.8442619410408267,0.850701795374209,0.9309258689718738,0.9245906348628398,0.9854424928936781,0.9792159345088431,0.2861399045838955,0.21090675105485235,0.5736407405901451,0.1431222522143618,3.449056891438664e+18,1.425334035277529e+18,20.015711270567852,8.271558113478495,0.7535986528244767,0.3324671534523061,0.8723019047221329,0.0644667237232163,0.9377255112393781,0.88232,0.46208,0.01688744963252816,0.06419259884548702,0.014418299613176826,1.1712511243069736,83.33246316801024,34.43741281615457,21,0.001,25,0.048182010650634766,0.09416235690430678
S1,8,54,1,MG,det,sample,0,1,0,1.181915070282978e-18,2.800806257675504,1.25,7.07e-06,10100.0,3.16e-11,1,1e-06,0.3405665741397452,0.0,0.353029351024606,0.0,0.34041539224836664,0.3405665741397452,0.353029351024606,0.36109400894170157,0.3715451774983302,0.37626270806011664,0.3866586167477278,0.37966602986460635,0.38945952774495957,0.41537413922821054,0.4238546548733579,0.5149630361228106,0.5231412043932665,0.6460027415061036,0.6369068490707435,0.8416463482618576,0.8234826710189113,0.8901212354761527,0.8715443696359347,1.0100102628446237,0.9964309774991541,3.9350104989706516,0.21090675105485235,0.5736407405901451,3.50100782209438,3.449056891438664e+18,1.425334035277529e+18,1.4554710119927947,0.6014781536084881,0.17835525109250894,0.11632474454430564,0.3591319726326109,0.10580453419305419,0.5573386716999066,0.0,0.0,0.10547745345088368,0.09946781504574218,0.020824958495384134,5.064953837687735,83.33246316801024,34.43741281615457,21,0.001,25,0.045562744140625,0.09416235690430678
S1,8,55,1,MG,det,sample,0,1,0,3.0634970934260077e-19,0.13198239364875836,1.25,7.07e-06,10100.0,3.16e-11,3,1e-06,0.21528380378685472,0.0,0.21874317547145414,0.0,0.21486371234130744,0.21528380378685472,0.21874317547145414,0.24356606394802796,0.2460892605420895,0.29267356821266677,0.2987784877716255,0.3813079630482058,0.38815916495178315,0.5886873662253443,0.59800374298904,0.7011728203942402,0.7157840122065311,0.7419324917506323,0.7569025021416784,0.8004463273483489,0.7984282789908809,0.9451873470342828,0.9354292211404874,0.9889289141714739,0.9798782928709102,0.7153978415817095,0.21090675105485235,0.5736407405901451,0.16497799206094793,3.449056891438664e+18,1.425334035277529e+18,8.005746425620075,3.3084008809950474,1.4068826713867406,0.6730607608066148,0.7420438854853715,0.0953563566729261,0.851833233523356,0.36268,0.0,0.018992518107163386,0.09512049426842474,0.019008238815816234,0.9991729529071485,83.33246316801024,34.43741281615457,21,0.001,25,0.05917787551879883,0.09416235690430678
S1,8,56,1,MG,det,sample,0,1,0,7.99980442534716e-19,0.2605024380843702,1.25,7.07e-06,10100.0,3.16e-11,5,1e-06,0.14284336969656034,0.0,0.15158225457558952,0.0,0.14317144345672947,0.14284336969656034,0.15158225457558952,0.18308247253442816,0.18968385341200109,0.2407060330280115,0.24362898471592953,0.302386387441993,0.30514240907461265,0.4275941109730538,0.4358658868107595,0.6239745410942329,0.6351760755852974,0.7503173948281254,0.7636650001362855,0.7976640200340769,0.8070620619639168,0.8822605707242165,0.8755482552792451,0.9758252727556183,0.9676497948739223,0.5407313135837828,0.21090675105485235,0.5736407405901451,0.3256280476054627,3.449056891438664e+18,1.425334035277529e+18,10.591755219760692,4.377077468779065,0.5711259601813137,0.2649286906171532,0.7870583974758092,0.0929793283102048,0.8907244065922798,0.60812,0.0,0.031478954014431265,0.09236578011520304,0.017693679671713515,1.779107263072924,83.33246316801024,34.43741281615457,21,0.001,25,0.06548404693603516,0.09416235690430678
S1,8,57,1,MG,det,sample,0,1,0,1.7947050933675923e-18,2.3429020851543143,1.25,7.07e-06,10100.0,3.16e-11,2,1e-06,0.2014752423031034,0.0,0.210408810050596,0.0,0.20109416715883274,0.2014752423031034,0.210408810050596,0.20862741566349743,0.21684265127135258,0.22352395772524547,0.22854144105736332,0.2905183953934711,0.2966208480776493,0.3570073767607162,0.36046160153775497,0.47618448520344714,0.481106454635441,0.5784554827586261,0.5836117655295066,0.7255675813399898,0.7134056618082898,0.8934527058919178,0.8770412791516341,0.9404621181249134,0.9267265703798201,2.1677547232351646,0.21090675105485235,0.5736407405901451,2.928627606442893,3.449056891438664e+18,1.425334035277529e+18,2.6420395498396854,1.0918314807399556,0.16323344768333092,0.09375429890340987,0.49589235299979334,0.121675539804002,0.700357971181356,0.0,0.0,0.11759859275330604,0.11506492533335254,0.02165782907939351,5.429842128784553,83.33246316801024,34.43741281615457,21,0.001,25,0.0593419075012207,0.09416235690430678
S1,8,58,1,MG,det,sample,0,1,0,5.782313156147289e-18,4.786754881280938,1.25,7.07e-06,10100.0,3.16e-11,5,1e-06,0.09297971367749155,0.0,0.10124106174427974,0.0,0.09425314467939636,0.09297971367749155,0.10124106174427974,0.12098472798776687,0.12933039625000473,0.1736505564671914,0.18095456330066606,0.21613427198965612,0.2217471058042843,0.3015380852356056,0.3052264094841913,0.398062451526457,0.40488949567252214,0.559953274861217,0.5670198056920653,0.6786912105934582,0.6878147196680682,0.7922126332603702,0.7835166004572393,0.9561629144080331,0.9435321678307383,1.3746390537326405,0.21090675105485235,0.5736407405901451,5.983443601601173,3.449056891438664e+18,1.425334035277529e+18,4.166398224746649,1.7217776862399665,0.06140392730325629,0.03234900445362003,0.5981762430612165,0.12706061114547607,0.8015455800208888,0.0002,0.0,0.15289579914867715,0.11676863935101148,0.02114765229961763,7.229918337149966,83.33246316801024,34.43741281615457,21,0.001,25,0.06946587562561035,0.09297971367749155
S1,8,59,1,MG,det,sample,0,1,0,2.402732215671159e-19,0.2039564778276173,1.25,7.07e-06,10100.0,3.16e-11,2,1e-06,0.22640810433516345,0.0,0.22923595167103983,0.0,0.22569053511810672,0.22640810433516345,0.22923595167103983,0.23578030711863343,0.24146868986348785,0.2735569171875614,0.2818949283807969,0.35763623333440947,0.3622861596094786,0.5620151424901113,0.5727247407888607,0.6479887140674323,0.6637661976390116,0.6739771427647036,0.6826799576645469,0.8167335148487049,0.8068690675096593,0.9596695220815449,0.9467772041245367,0.9920122134830986,0.9806776099289836,1.4095524138187476,0.21090675105485235,0.5736407405901451,0.25494559728452165,3.449056891438664e+18,1.425334035277529e+18,4.063200244979008,1.6791307837490812,1.4640589674986582,0.7746889831069309,0.6015035114835248,0.11144472899191456,0.743678362876275,0.0,0.0,0.023093027044325025,0.11116192792995612,0.021305722436235554,1.083888477071762,83.33246316801024,34.43741281615457,21,0.001,25,0.06289887428283691,0.09297971367749155
S1,8,60,1,MG,det,sample,0,1,0,1.4195434321394782e-19,2.570052235430445,1.25,7.07e-06,10100.0,3.16e-11,4,1e-06,0.18387106182271631,0.0,0.19477012565270474,0.0,0.18339264368524819,0.18387106182271631,0.19477012565270474,0.2125687157283493,0.22622900009693106,0.24704286822917795,0.26273957909980644,0.3010148670811657,0.3121330911256883,0.40259616247253227,0.40914283236977517,0.45611891373881164,0.46223196686955514,0.5482907707984678,0.5458080115915849,0.8447795110264072,0.8312086839167845,0.9689743689959824,0.9536699487298581,1.4709434053432213,1.446174789151779,30.06369544592002,0.21090675105485235,0.5736407405901451,3.2125652942880563,3.449056891438664e+18,1.425334035277529e+18,0.19050531307575314,0.07872694338619929,0.288560253231435,0.26146688849870475,0.07218176303277773,0.027391675796554788,0.1313301712689167,0.0,0.0,0.02287892481179068,0.026167595085902003,0.011284366245743836,2.027488678898561,83.33246316801024,34.43741281615457,21,0.001,25,0.05481910705566406,0.09297971367749155
S1,8,61,1,MG,det,sample,0,1,0,2.5427725602219936e-18,0.16242304390868695,1.25,7.07e-06,10100.0,3.16e-11,1,1e-06,0.40157794672731684,0.0,0.42282333327645133,0.0,0.4028817045034477,0.40157794672731684,0.42282333327645133,0.4187265283155278,0.4313150358190214,0.46956624364673916,0.47487770763784337,0.5183183780026602,0.5180171176404023,0.7151747359699553,0.7198605633120331,0.8413229534292116,0.8401647882309415,0.9287653662030153,0.9202728897546076,0.9688509159145922,0.9630050742725302,0.9749984892878912,0.9697853514432595,0.9806134310346795,0.9753589255460426,0.10606918370871561,0.21090675105485235,0.5736407405901451,0.20302880488585867,3.449056891438664e+18,1.425334035277529e+18,53.995830955645225,22.313953653594517,0.21126444496356078,0.08955968830628681,0.9457336612585063,0.03448265126681624,0.9793790070210168,0.98928,0.91568,0.018526472054879516,0.03391630190904335,0.009719190739428743,1.9061743463600789,83.33246316801024,34.43741281615457,21,0.001,25,0.04484677314758301,0.09297971367749155
S1,8,62,1,MG,det,sample,0,1,0,3.4350126542500775e-19,0.3293726590530381,1.25,7.07e-06,10100.0,3.16e-11,5,1e-06,0.13805971863284286,0.0,0.1456402435694381,0.0,0.1380421176835358,0.13805971863284286,0.1456402435694381,0.17421874541577348,0.18212511211525156,0.2154486090257469,0.22072413900288054,0.28290851346460516,0.29190406750671855,0.4193399121507815,0.43484729207596373,0.5682945787402649,0.5798615491225928,0.6587410258432831,0.6720535232811135,0.7077012129020231,0.7160002348122991,0.8458445640515736,0.8359614165446726,1.0041732292515952,0.9917002606460941,1.5922391649410297,0.21090675105485235,0.5736407405901451,0.4117158238162976,3.449056891438664e+18,1.425334035277529e+18,3.5970059267768377,1.4864744577731455,0.9768287623621156,0.5283568927078878,0.5723433698393011,0.11579243750602089,0.7243446933841795,0.0,0.0,0.031288014456615186,0.11531118967045437,0.021497811396814524,1.4554046399928573,83.33246316801024,34.43741281615457,21,0.001,25,0.050971031188964844,0.09297971367749155
S1,8,63,1,MG,det,sample,0,1,0,1.4553817837211558e-17,0.38153430820168627,1.25,7.07e-06,10100.0,3.16e-11,3,1e-06,0.25264398889209766,0.0,0.25355763157838945,0.0,0.2532698066204354,0.25264398889209766,0.25355763157838945,0.3228860229135338,0.32015155591619204,0.4537282495381581,0.45652161648991607,0.6306157983873094,0.6408229425526756,0.7614823605287692,0.7685871011702103,0.8492321893629432,0.8562121346900492,0.9190038012640642,0.9142946967853299,0.9773766275768395,0.9729823802273018,0.9891684713568867,0.9857342085785639,0.9910823168343845,0.9876727409949222,0.04353171321247158,0.21090675105485235,0.5736407405901451,0.4769178852521078,3.449056891438664e+18,1.425334035277529e+18,131.56600764102825,54.37008274401664,0.03786877163385978,0.01581700359008279,0.9758615322247934,0.017126395370176604,0.9923615872786714,1.0,0.9912,0.015307546721647792,0.016310265024716844,0.0065488357691175425,2.337445503494507,83.33246316801024,34.43741281615457,21,0.001,25,0.04706001281738281,0.09297971367749155
S1,8,64,1,MG,det,sample,0,1,0,6.611431825984784e-20,2.840083614391308,1.25,7.07e-06,10100.0,3.16e-11,2,1e-06,0.24078695047962362,0.0,0.25679358895640664,0.0,0.24077394321899043,0.24078695047962362,0.25679358895640664,0.2614392898853162,0.2740964534656456,0.35092620086608545,0.35781166317148294,0.3967040268908443,0.4027845582224647,0.4228796542155954,0.4255201966608158,0.6641718576757103,0.6527833346612886,0.8748469011946067,0.8587177261051864,0.9301899656342676,0.9202652119867418,1.0250104488967666,1.0167742400427031,1.763732441047694,1.7269490359422441,71.33204909111502,0.21090675105485235,0.5736407405901451,3.550104517989135,3.449056891438664e+18,1.425334035277529e+18,0.0802906097064926,0.03318035692943089,0.27263569788860703,0.2607463631779476,0.031953520237336094,0.012572212341308713,0.06009021558739489,0.0,0.0,0.01101813240850003,0.011944902036920767,0.0076707168641997146,1.4363888804087088,83.33246316801024,34.43741281615457,21,0.001,25,0.05462288856506348,0.09297971367749155
S1,8,65,1,MG,det,sample,0,1,0,6.331063964574463e-18,1.5419817088142416,1.25,7.07e-06,10100.0,3.16e-11,5,1e-06,0.11034030202286692,0.0,0.12125478976620517,0.0,0.1117280156234283,0.11034030202286692,0.12125478976620517,0.15744749312254536,0.16610052114660254,0.20925305091862273,0.21683717718857004,0.27938318655349403,0.2891881756315259,0.40338877557064107,0.41015636594850735,0.5596143879549823,0.5725383398132039,0.705271709023393,0.7157629485775401,0.7985263317879701,0.8075424722413894,0.8805009224210641,0.8730414439509355,0.9650153774399367,0.9568282245860721,0.4044376873588637,0.21090675105485235,0.5736407405901451,1.927477136017802,3.449056891438664e+18,1.425334035277529e+18,14.161127640058856,5.852132289666579,0.0757155403176534,0.0342199413498329,0.824651552119761,0.0879874450809782,0.931866430938725,0.73488,0.13556,0.08410209201027785,0.08353298992023386,0.01633230955751424,5.149430441182386,83.33246316801024,34.43741281615457,21,0.001,25,0.04814004898071289,0.09297971367749155
S1,8,66,1,MG,det,sample,0,1,0,8.663649140753656e-19,0.38226901499336163,1.25,7.07e-06,10100.0,3.16e-11,3,1e-06,0.2192732971171199,0.0,0.22824655134220312,0.0,0.21929550152110164,0.2192732971171199,0.22824655134220312,0.23987058030139144,0.2434632534066406,0.2671591090838454,0.26796520640296195,0.3168109397009433,0.3226174387692964,0.40161125635299133,0.40781309589275033,0.6031547080467248,0.6110559632739305,0.7217266602472834,0.7345736802558918,0.7736223269886394,0.7723137841547746,0.9088776436439272,0.898220372549195,0.9620198793773944,0.952735465388803,0.7326850652118199,0.21090675105485235,0.5736407405901451,0.47783626874170204,3.449056891438664e+18,1.425334035277529e+18,7.8168560887525675,3.230341331806227,0.49470406498116165,0.2373597835822737,0.7345340362725874,0.10482947432990239,0.859014742654247,0.31344,0.0,0.041194951155599784,0.10391474405509275,0.019097606054138197,2.1570740876536925,83.33246316801024,34.43741281615457,21,0.001,25,0.04372906684875488,0.09297971367749155
S1,8,67,1,MG,det,sample,0,1,0,2.772941266112263e-19,1.1664222964039397,1.25,7.07e-06,10100.0,3.16e-11,4,1e-06,0.16008237811557205,0.0,0.16772495520922026,0.0,0.15938319070977086,0.16008237811557205,0.16772495520922026,0.19284038014360594,0.20047021747223787,0.22762396029342785,0.24040377438239593,0.26139930849680143,0.27808184640354383,0.34499412204898566,0.3541939872843376,0.46531092366737115,0.4730984851147918,0.520830611400983,0.5285958979033729,0.6166537613912277,0.610140931749796,0.9143872497894525,0.8948946703793599,1.0599851792608954,1.0435079881266942,6.984965082642898,0.21090675105485235,0.5736407405901451,1.4580278705049246,3.449056891438664e+18,1.425334035277529e+18,0.8199459332117455,0.3388453372848286,0.512275709952394,0.37685622037335575,0.24546712583860306,0.07781168437747364,0.38293590895566754,0.0,0.0,0.039924140790739235,0.07659121980671899,0.018753204099285378,2.12892370708324,83.33246316801024,34.43741281615457,21,0.001,25,0.04568123817443848,0.09297971367749155
S1,8,68,1,MG,det,sample,0,1,0,4.930634259329273e-18,2.8694863397916066,1.25,7.07e-06,10100.0,3.16e-11,3,1e-06,0.15199544246862234,0.0,0.16173364815150615,0.0,0.1521838978817494,0.15199544246862234,0.16173364815150615,0.1760569489595803,0.18426255893815316,0.22123478573260702,0.22981682490384975,0.2691647956152655,0.2758115148730207,0.37841917377684214,0.385231942619962,0.5005948449975078,0.5014839162084956,0.6495495330789116,0.6574597412953955,0.7260259977842022,0.7252834396477391,0.8750036871143199,0.8626017987861285,0.9442583609342464,0.9329854917612606,0.9663856451996973,0.21090675105485235,0.5736407405901451,3.5868579247395083,3.449056891438664e+18,1.425334035277529e+18,5.926509506415091,2.4491494271542025,0.0808302302088836,0.040250510298658,0.6748435903377771,0.11988939359994759,0.8502385754931296,0.10072,0.0,0.1295052427162462,0.11209241519838564,0.02019066192610893,6.414115752628223,83.33246316801024,34.43741281615457,21,0.001,25,0.0434110164642334,0.09297971367749155
S1,8,69,1,MG,det,sample,0,1,0,7.483555783376136e-20,0.1593667191790882,1.25,7.07e-06,10100.0,3.16e-11,4,1e-06,0.17574579680213548,0.0,0.18595907843474943,0.0,0.17570140634539091,0.17574579680213548,0.18595907843474943,0.2391836522389491,0.2547147522473725,0.29970157947874015,0.3200762974062872,0.3856438583148505,0.40202178412985956,0.5178623869374749,0.5317217602132164,0.566665485083837,0.583417291209154,0.5998622246221691,0.61766725020334,0.6712478923524066,0.6722354946063854,0.9788157184436828,0.9631392158069408,1.1121604703777792,1.0969956142493629,3.5362155486574336,0.21090675105485235,0.5736407405901451,0.19920839897386025,3.449056891438664e+18,1.425334035277529e+18,1.6196110317182226,0.6693095533301061,3.0071526613629374,1.9162648977862318,0.38793113269954355,0.09305806122144351,0.5264293501580206,0.0,0.0,0.014600328295268833,0.09292318364221466,0.021343832589672575,0.6840537299909927,83.33246316801024,34.43741281615457,21,0.001,25,0.041754961013793945,0.09297971367749155
S1,8,70,1,MG,det,sample,0,1,0,2.916824787811528e-19,0.9061645797359534,1.25,7.07e-06,10100.0,3.16e-11,4,1e-06,0.15493578617332268,0.0,0.16260355854461878,0.0,0.15429639473883305,0.15493578617332268,0.16260355854461878,0.18909394563172144,0.19543232723932438,0.22916377767672685,0.24020109085461852,0.2655725030278345,0.282148385852792,0.34748766330195524,0.357198647087387,0.4792826314460433,0.48734529516628294,0.5420040206504684,0.551142139673609,0.6123354628845821,0.6084539876240893,0.8962602346860395,0.8777290518649606,1.0392985855388261,1.0227340305476966,5.1587661083671135,0.21090675105485235,0.5736407405901451,1.132705724669942,3.449056891438664e+18,1.425334035277529e+18,1.1102061215471402,0.45879630896855006,0.6051851304711241,0.4183675829386055,0.30360980528470816,0.09030826227431174,0.4537967243963334,0.0,0.0,0.039681143643795096,0.08929158175037734,0.020028206437850953,1.9812629636572152,83.33246316801024,34.43741281615457,21,0.001,25,0.04263591766357422,0.09297971367749155
S1,8,71,1,MG,det,sample,0,1,0,1.673704336238863e-19,0.5940357995887283,1.25,7.07e-06,10100.0,3.16e-11,4,1e-06,0.16452487348558278,0.0,0.17208195442008697,0.0,0.16395247651282469,0.16452487348558278,0.17208195442008697,0.20047509098100671,0.20885422360209985,0.24285016609592064,0.25882184382230805,0.2855506263086304,0.3015656043816565,0.4073728061014114,0.41543097486037783,0.5001306608248328,0.5089691972137526,0.5491486226147773,0.5587437309668276,0.6299105076168076,0.62556046246603,0.9264380344607448,0.9078152086453836,1.0703090792238257,1.0538548085714035,5.8936314566383485,0.21090675105485235,0.5736407405901451,0.7425447494859104,3.449056891438664e+18,1.425334035277529e+18,0.9717766974872674,0.4015898969530898,0.9608518045810663,0.6829983250568684,0.2774573893059889,0.08367227764741698,0.4130122572345323,0.0,0.0,0.02593239924468971,0.08321289342300137,0.01952318484781838,1.3282873387119278,83.33246316801024,34.43741281615457,21,0.001,25,0.04731011390686035,0.09297971367749155
S1,8,72,1,MG,det,sample,0,1,0,1.1349992680825504e-17,0.16693636151307667,1.25,7.07e-06,10100.0,3.16e-11,3,1e-06,0.2734444298473918,0.0,0.27352655544742316,0.0,0.274074321025682,0.2734444298473918,0.27352655544742316,0.36418628347873594,0.3656347625154157,0.5343643353076452,0.5394168553124135,0.6981272310116016,0.7082298864555456,0.8166388585761187,0.8254341412912606,0.8846323266388675,0.8865735951083696,0.9586264051259542,0.9537999807634429,0.9894121946550403,0.9863921017688849,0.9936274094881622,0.9909913257424009,0.9946529684403086,0.9919211136892598,0.024423306500683913,0.21090675105485235,0.5736407405901451,0.20867045189134584,3.449056891438664e+18,1.425334035277529e+18,234.50116031499292,96.90837107926423,0.04894622680322139,0.020349136838093685,0.9862878842360366,0.009915862659166294,0.9956799110784883,1.0,1.0,0.008378968463825276,0.009494872928340036,0.00496265292214592,1.6884050920494542,83.33246316801024,34.43741281615457,21,0.001,25,0.04714202880859375,0.09297971367749155
S1,8,73,1,MG,det,sample,0,1,0,1.0092313151205379e-17,0.4607412377491947,1.25,7.07e-06,10100.0,3.16e-11,5,1e-06,0.18501919926982427,0.0,0.19322646130927962,0.0,0.18601572874167527,0.18501919926982427,0.19322646130927962,0.24007047932528008,0.24192540506163915,0.333294904833341,0.3406004845847059,0.47151024656522095,0.4825609339290493,0.6458404144317152,0.6616123190150219,0.7744416329144292,0.7867139854916686,0.8626438444520257,0.8730432531471423,0.9193024926987444,0.9160058800629081,0.9771822985469165,0.9724506771001166,0.9898293286052234,0.98584479299296,0.0758080742915903,0.21090675105485235,0.5736407405901451,0.5759265471864934,3.449056891438664e+18,1.425334035277529e+18,75.54991690079692,31.221250130257484,0.05388780773916439,0.022682356852000252,0.9592368915874897,0.02759466168587367,0.9866826780038703,0.99976,0.95212,0.02389093256316113,0.026393785946860513,0.008449451731946767,2.8275127571687566,83.33246316801024,34.43741281615457,21,0.001,25,0.047936201095581055,0.09297971367749155
S1,8,74,1,MG,det,sample,0,1,0,2.332613963168069e-19,4.157248556436565,1.25,7.07e-06,10100.0,3.16e-11,3,1e-06,0.19239464632941844,0.0,0.20274613637124456,0.0,0.19184767396088717,0.19239464632941844,0.20274613637124456,0.20721379934774556,0.22011550971799057,0.2431879971768392,0.25804097761744244,0.3171233568306835,0.3265031822727968,0.40978349912912165,0.41657375795705726,0.440456668485702,0.44490816388668597,0.6193627933748298,0.6109357578383299,0.8742589760983381,0.8583913847557153,0.9523664332123674,0.9379906499296176,1.5124223526278167,1.4856629718730665,29.594582510940757,0.21090675105485235,0.5736407405901451,5.196560695545706,3.449056891438664e+18,1.425334035277529e+18,0.19352507206417852,0.07997486865969125,0.17818467381602016,0.16123244848875587,0.07316117148184129,0.028813027373273747,0.14029136363855907,0.0,0.0,0.03175202088242833,0.02650712637784349,0.01133753932845658,2.80060954697044,83.33246316801024,34.43741281615457,21,0.001,25,0.047348976135253906,0.09297971367749155
S1,8,75,1,MG,det,sample,0,1,0,8.79316995606021e-18,0.1470545886936034,1.25,7.07e-06,10100.0,3.16e-11,3,1e-06,0.2659788056804803,0.0,0.27162044187646567,0.0,0.2676457625397011,0.2659788056804803,0.27162044187646567,0.3411915115410752,0.345002959999901,0.5098076103922355,0.5137449991507197,0.6784127008093515,0.6875851014643077,0.8051732304096046,0.8137161427266112,0.8786435811325827,0.8821858197946651,0.9518068925840988,0.9468475417790422,0.9876787635889802,0.9844491536164197,0.9929330976535634,0.9901735175204139,0.9940749934297848,0.9912369856106058,0.027770404842978776,0.21090675105485235,0.5736407405901451,0.18381823586700427,3.449056891438664e+18,1.425334035277529e+18,206.23731434679195,85.2282443390194,0.06309019395279267,0.026250854855481988,0.9845187113265178,0.011083009454827574,0.9950615941174813,1.0,1.0,0.008915739193868124,0.010662201585084954,0.005271875872037817,1.691189134622358,83.33246316801024,34.43741281615457,21,0.001,25,0.04538702964782715,0.09297971367749155
S1,8,76,1,MG,det,sample,0,1,0,5.930331424233516e-20,0.263694720940346,1.25,7.07e-06,10100.0,3.16e-11,3,1e-06,0.22001781111100033,0.0,0.2341308674869799,0.0,0.21974363890824605,0.22001781111100033,0.2341308674869799,0.23750020251543108,0.25509651739969835,0.2903646657971546,0.3030223718196266,0.42903955036763475,0.4374597189709832,0.48276479793716004,0.4931488539686455,0.5257520219836749,0.5392284971454482,0.5540715431802448,0.5628846806181312,0.7702266431957142,0.7619115739180504,1.0161015454341416,0.9980204694173147,1.1476786543031507,1.1323007141558152,7.383657920696136,0.21090675105485235,0.5736407405901451,0.3296184011754325,3.449056891438664e+18,1.425334035277529e+18,0.7756715945745105,0.3205488221111599,2.2973866302101196,1.7085429635342382,0.23654430301077897,0.07055020735021766,0.3496359138773902,0.0,0.0,0.012738503225328561,0.07041874161451323,0.018593255328965403,0.6851141986677262,83.33246316801024,34.43741281615457,21,0.001,25,0.047609806060791016,0.09297971367749155
S1,8,77,1,MG,det,sample,0,1,0,4.481001014959525e-19,0.7832167140344415,1.25,7.07e-06,10100.0,3.16e-11,3,1e-06,0.19590722549101028,0.0,0.20407216135250952,0.0,0.19529134948983837,0.19590722549101028,0.20407216135250952,0.2175782015132445,0.22277460852035394,0.2355239801243169,0.24273608746868536,0.2690938841772102,0.28195380928938024,0.34615210137248353,0.35400010038159646,0.5126294812421794,0.5218145109819202,0.5788955698057267,0.5886164357289402,0.6592317566487359,0.6528069638189775,0.8989834153627655,0.8820858984892144,0.9887192918841854,0.9738752043287133,2.902391557993129,0.21090675105485235,0.5736407405901451,0.9790208925430519,3.449056891438664e+18,1.425334035277529e+18,1.9733015338217315,0.8154733095307899,0.5626238933341309,0.343533492998781,0.4302527630841732,0.11057019767462378,0.5992814653160982,0.0,0.0,0.048530217748181295,0.10934891544973839,0.02152835308808786,2.2542466462534096,83.33246316801024,34.43741281615457,21,0.001,25,0.043248891830444336,0.09297971367749155
S1,8,78,1,MG,det,sample,0,1,0,9.75710946932319e-18,0.8807623915846625,1.25,7.07e-06,10100.0,3.16e-11,3,1e-06,0.21456644197832117,0.0,0.22179787177206758,0.0,0.21541134259302944,0.21456644197832117,0.22179787177206758,0.2442711724917911,0.2468819651180861,0.3038290054927309,0.30798512606087597,0.4313884522630226,0.43538907733995635,0.6061492425261534,0.6153126911695811,0.7414349139139391,0.7479171021198968,0.8294107311345423,0.8351948907052062,0.9066426044359707,0.8993299682233148,0.9650847085662235,0.9584929214785485,0.976070093637097,0.970239429217561,0.14989483972913265,0.21090675105485235,0.5736407405901451,1.100952989480828,3.449056891438664e+18,1.425334035277529e+18,38.20874503410917,15.789888788885918,0.05409827352907036,0.023165852297329443,0.9236977149535796,0.04765504255665374,0.9739970851017167,0.96372,0.80756,0.043367569122238075,0.04540732589280952,0.01135899941891794,3.8179039828113024,83.33246316801024,34.43741281615457,21,0.001,25,0.05168008804321289,0.09297971367749155
S1,8,79,1,MG,det,sample,0,1,0,6.199496813561491e-19,0.45047147479868366,1.25,7.07e-06,10100.0,3.16e-11,2,1e-06,0.2295428286975892,0.0,0.23175160247302437,0.0,0.22881205608954555,0.2295428286975892,0.23175160247302437,0.23729926941595195,0.23845062425524222,0.2551451250685058,0.25977375129774627,0.3084344140255465,0.31706354807396997,0.4086845789066857,0.4124714844544266,0.6095730379818628,0.6218142229085888,0.6692949430937123,0.6773828357468028,0.784890442359748,0.7742737769434873,0.923282395217225,0.9105218874485039,0.9552521033999649,0.9443152097024803,1.2065906396053248,0.21090675105485235,0.5736407405901451,0.5630893434983546,3.449056891438664e+18,1.425334035277529e+18,4.7466750736707874,1.9615789909700192,0.599652116713874,0.30903384791792543,0.6339428139863399,0.1160557530968799,0.7831443199780995,0.0,0.0,0.04286797283898135,0.11516314638844626,0.020883403267336998,2.0527292553905543,83.33246316801024,34.43741281615457,21,0.001,25,0.04914712905883789,0.09297971367749155
S1,8,80,1,MG,det,sample,0,1,0,6.761054349180439e-18,10.0,1.25,7.07e-06,10100.0,3.16e-11,4,1e-06,0.10097952541746062,0.0,0.10700363938044159,0.0,0.1010266458747455,0.10097952541746062,0.10700363938044159,0.13486262714523883,0.13995389892889687,0.18167266664039558,0.18777451906734277,0.2366950934191593,0.24128844151490142,0.29081966360396366,0.2949126050056856,0.3848014926572533,0.38666278723876524,0.5534698051039572,0.5616287011870088,0.6230009113476587,0.6258563081695874,0.8164590204030182,0.8018591300744574,0.9650320500582964,0.9499609396778009,2.4560356734525195,0.21090675105485235,0.5736407405901451,12.5,3.449056891438664e+18,1.425334035277529e+18,2.3319261096432147,0.9636760878248043,0.040739916575863226,0.02401013628977699,0.4632532368123574,0.12548665986736757,0.6957109898542976,0.0,0.0,0.170823283894909,0.1122210716013712,0.021538586293991083,7.931035099669746,83.33246316801024,34.43741281615457,21,0.001,25,0.0677800178527832,0.09297971367749155
S1,8,81,1,MG,det,sample,0,1,0,6.275858059834741e-18,0.503049150713604,1.25,7.07e-06,10100.0,3.16e-11,2,1e-06,0.2380308565925234,0.0,0.24527048551241773,0.0,0.23901480752651644,0.2380308565925234,0.24527048551241773,0.25650099898526646,0.2657240436240312,0.3228262861716198,0.32811388981436734,0.4901368320275146,0.49290665543845763,0.6310408092885583,0.631195318830279,0.7745212581049948,0.7799637054769029,0.85856659000294,0.8543339679993769,0.9452007229124623,0.9375066593884801,0.9705924592959637,0.9645411625377732,0.975113843477547,0.9693827836989762,0.1331025589655481,0.21090675105485235,0.5736407405901451,0.628811438392005,3.449056891438664e+18,1.425334035277529e+18,43.02917808380772,17.7819485045626,0.08467182515763837,0.03611927201709326,0.9319291141562469,0.042862070962317235,0.9764274995696473,0.97328,0.85464,0.03468199168759144,0.04127359760183049,0.01078495263194233,3.215775986337859,83.33246316801024,34.43741281615457,21,0.001,25,0.05995798110961914,0.09297971367749155
S1,8,82,1,MG,det,sample,0,1,0,2.368122300319338e-18,0.2671729306169267,1.25,7.07e-06,10100.0,3.16e-11,4,1e-06,0.17618135013341027,0.0,0.18780989732229547,0.0,0.1762584738391285,0.17618135013341027,0.18780989732229547,0.22078538153734922,0.22861273301715443,0.3188127826749343,0.3221755339221947,0.41863730440241603,0.4202079245773876,0.5188529128838488,0.5224508264866873,0.6948786750777708,0.7019093156611005,0.8212058891307763,0.8325383204291613,0.8727453362391283,0.871481223801158,0.9524536085694613,0.9455467543493691,0.978464354668179,0.9727464299554512,0.18734298009900446,0.21090675105485235,0.5736407405901451,0.33396616327115836,3.449056891438664e+18,1.425334035277529e+18,30.57116797284,12.633635101246371,0.219627069422408,0.0948433496485515,0.9093600968727606,0.05307881499371277,0.9638979736139696,0.94564,0.72592,0.02946109196725733,0.0521596763763653,0.012333593187358651,2.3886868587050167,83.33246316801024,34.43741281615457,21,0.001,25,0.06971621513366699,0.09297971367749155
S1,8,83,1,MG,det,sample,0,1,0,6.938261020347289e-18,5.690370236228054,1.25,7.07e-06,10100.0,3.16e-11,2,1e-06,0.1894453745076192,0.0,0.19858386088268976,0.0,0.189163683193381,0.1894453745076192,0.19858386088268976,0.20243443352502313,0.20897934304005894,0.21948204038987543,0.22581509251074255,0.2713011927014303,0.27464578297978776,0.40505885908904926,0.4062880858431168,0.5140208501113878,0.5145655406675241,0.6212098905297074,0.6251553552717147,0.7482597733393245,0.7393244338223267,0.8908606965835053,0.8766838815294928,0.9300103810245829,0.9174968217266395,1.3618804562453588,0.21090675105485235,0.5736407405901451,7.112962795285068,3.449056891438664e+18,1.425334035277529e+18,4.205430577166053,1.73790793347318,0.051348838299444255,0.02700802357664315,0.5998879580003285,0.12751977016882932,0.8042896125425524,0.00104,0.0,0.15729578977145406,0.11672675586284537,0.021125118972135273,7.445912611376645,83.33246316801024,34.43741281615457,21,0.001,25,0.06042003631591797,0.09297971367749155
S1,8,84,1,MG,det,sample,0,1,0,1.7046167928530142e-19,0.8206651268740337,1.25,7.07e-06,10100.0,3.16e-11,4,1e-06,0.1680303629310798,0.0,0.1760071091621365,0.0,0.16739560368123818,0.1680303629310798,0.1760071091621365,0.20159692744449995,0.21141463832034085,0.24009581748127254,0.2566150541985133,0.2777110858934806,0.29337710031094905,0.39139686461804113,0.3989188214049131,0.4803795498336395,0.4885298862212114,0.5261508751481502,0.5338831316450273,0.6389153725234229,0.6318273538809213,0.9381488993724981,0.918668679239477,1.0897327895112607,1.073477001791787,7.994444909583977,0.21090675105485235,0.5736407405901451,1.0258314085925422,3.449056891438664e+18,1.425334035277529e+18,0.7164091788628173,0.2960584350907798,0.7521412803635185,0.5679409448514893,0.22221718672386342,0.07123584896691756,0.3445498337072234,0.0,0.0,0.027161461626272292,0.07063147246702803,0.01813057746956756,1.4981024003158865,83.33246316801024,34.43741281615457,21,0.001,25,0.04919290542602539,0.09297971367749155
S1,8,85,1,MG,det,sample,0,1,0,1.4348291751066528e-19,0.12485669951824892,1.25,7.07e-06,10100.0,3.16e-11,5,1e-06,0.1507767753318318,0.0,0.15930233525295187,0.0,0.15149890090575166,0.1507767753318318,0.15930233525295187,0.20070710889565171,0.20710082068065505,0.2983062515344997,0.31126871593919175,0.409117816206265,0.4321141295187309,0.5072802486113387,0.5265638019731196,0.6316863333894739,0.6488831274580521,0.6798508821093014,0.6987003290914049,0.7255218615217708,0.7336994378840798,0.9026167978114897,0.8919797806912714,1.045577585917947,1.0332865361052972,1.4449763842655852,0.21090675105485235,0.5736407405901451,0.15607087439781114,3.449056891438664e+18,1.425334035277529e+18,3.963589838217326,1.6379664575306052,2.428895707591633,1.290869232613304,0.5983178077271208,0.10399075956283824,0.7342387748378282,0.0,0.0,0.016948579958746112,0.10382040896116647,0.02141294311254807,0.791510997328255,83.33246316801024,34.43741281615457,21,0.001,25,0.04400777816772461,0.09297971367749155
S1,8,86,1,MG,det,sample,0,1,0,5.441685060357211e-18,0.2770230715328086,1.25,7.07e-06,10100.0,3.16e-11,2,1e-06,0.2479249527680451,0.0,0.2572714929626708,0.0,0.24985261465838154,0.2479249527680451,0.2572714929626708,0.2822497508573113,0.293189746957196,0.3763621186253914,0.37858343419805446,0.5534999446062819,0.5557619947243687,0.6822092596062445,0.6813270326434143,0.8179274355172363,0.8233558927006291,0.899512430914466,0.892574370895895,0.9668743334130422,0.9610212338503302,0.9800648228627742,0.9753131632519064,0.9828695750761526,0.9782059245821946,0.08453404187976421,0.21090675105485235,0.5736407405901451,0.34627883941601073,3.449056891438664e+18,1.425334035277529e+18,67.75132935540005,27.998458333712463,0.09958619449865594,0.04200422215625761,0.955345799496836,0.029550248939847392,0.9847329402933952,0.99816,0.94296,0.02190364062046806,0.028625803221224665,0.00884022976223763,2.477723001503055,83.33246316801024,34.43741281615457,21,0.001,25,0.0544431209564209,0.09297971367749155
S1,8,87,1,MG,det,sample,0,1,0,1.12599110937297e-19,0.4146716649177092,1.25,7.07e-06,10100.0,3.16e-11,3,1e-06,0.21494061233786807,0.0,0.2251768201174741,0.0,0.2144166853956342,0.21494061233786807,0.2251768201174741,0.22670295837270255,0.24120668373010398,0.2504288266429942,0.2665514048007381,0.3455787423086413,0.35419005022166006,0.462819110127275,0.4707744874800171,0.5207804364801862,0.5317188996128014,0.5508677316932934,0.5585593841103985,0.7193833085504779,0.7099406894572614,0.9729705627716574,0.9542009462292869,1.0859072529259888,1.0703277258587602,6.115310271226982,0.21090675105485235,0.5736407405901451,0.5183395811471365,3.449056891438664e+18,1.425334035277529e+18,0.9365499801516951,0.38703234085880667,1.39091003068962,0.9962238080941738,0.2706080845270955,0.08095423199533412,0.39919647708469413,0.0,0.0,0.019372354756349557,0.08069140554766384,0.019391029078911423,0.999036960726227,83.33246316801024,34.43741281615457,21,0.001,25,0.0464479923248291,0.09297971367749155
S1,8,88,1,MG,det,sample,0,1,0,1.207828203108117e-18,0.33676239073018294,1.25,7.07e-06,10100.0,3.16e-11,3,1e-06,0.2284401130264283,0.0,0.2375950820434154,0.0,0.22913294396776795,0.2284401130264283,0.2375950820434154,0.257476494062353,0.2623676303977438,0.28666347593930797,0.2870998162564198,0.3419360655641049,0.3453988031458137,0.4287719159682518,0.4333130068557297,0.6294625944935336,0.6360897609348415,0.7597411997066975,0.7719234868721097,0.8143195125758195,0.8117051239731337,0.9257398242501534,0.9164104144741536,0.963116418599085,0.955161517011505,0.4629856338205375,0.21090675105485235,0.5736407405901451,0.42095298841272866,3.449056891438664e+18,1.425334035277529e+18,12.370348656129362,5.112087020540924,0.38866628940210735,0.17767391441115452,0.8098962270914132,0.08850877743802342,0.9087125855815658,0.6868,0.01636,0.038440589232965,0.08756617887052559,0.01693023468898265,2.27052902332064,83.33246316801024,34.43741281615457,21,0.001,25,0.054891109466552734,0.09297971367749155
S1,8,89,1,MG,det,sample,0,1,0,9.717871050650448e-18,0.9483400054957752,1.25,7.07e-06,10100.0,3.16e-11,3,1e-06,0.2117973001536019,0.0,0.21905069942734373,0.0,0.21257783644633255,0.2117973001536019,0.21905069942734373,0.2414693334807062,0.2442168905129785,0.29845675196122956,0.30267451753828534,0.42046614795567033,0.42445853065363454,0.5957156840091,0.6048395156492139,0.7317383677257134,0.7378327845209413,0.8236828090845997,0.830005814132928,0.8999771391087601,0.8927378503680501,0.962464700445963,0.955606413368501,0.9747005167856826,0.968672826870547,0.1620473887626027,0.21090675105485235,0.5736407405901451,1.185425006869719,3.449056891438664e+18,1.425334035277529e+18,35.34332615213873,14.605745068920843,0.05405568900333594,0.02321139508749354,0.9182074446500629,0.050468234887085135,0.9719472037948353,0.95708,0.77784,0.04627341133049646,0.04805777486197552,0.011727783897037897,3.9456227823385963,83.33246316801024,34.43741281615457,21,0.001,25,0.05068707466125488,0.09297971367749155
S1,8,90,1,MG,det,sample,0,1,0,9.829935334294159e-19,3.2167646793857947,1.25,7.07e-06,10100.0,3.16e-11,2,1e-06,0.20580937352157175,0.0,0.215265425876654,0.0,0.20512361108505328,0.20580937352157175,0.215265425876654,0.21207683995994894,0.21891344216441547,0.22823404916859247,0.23670187284512864,0.26956086015550956,0.27982133424111993,0.3678845203533895,0.37499674924780496,0.45876223622944007,0.4666351418370148,0.5169354391477102,0.5169467719432913,0.7569378198550875,0.7407972034611038,0.9054167544732522,0.8855290931492158,1.0049488233528672,0.9902092116193919,5.433976153830535,0.21090675105485235,0.5736407405901451,4.0209558492322435,3.449056891438664e+18,1.425334035277529e+18,1.0539784406491708,0.43556003603042215,0.17324046302615875,0.12108066979766226,0.2916300681208832,0.09308576018947731,0.47646717231848623,0.0,0.0,0.09687102123641415,0.08688350244722605,0.019743404693394515,4.90650030938301,83.33246316801024,34.43741281615457,21,0.001,25,0.04081010818481445,0.09297971367749155
S1,8,91,1,MG,det,sample,0,1,0,1.3794391351768589e-19,7.222599932516403,1.25,7.07e-06,10100.0,3.16e-11,4,1e-06,0.20061252058899018,0.0,0.21165790642208193,0.0,0.2001846006055265,0.20061252058899018,0.21165790642208193,0.23007136436780384,0.24350189465055833,0.28066856892803793,0.2938442732617536,0.36216375106046816,0.3701623382213507,0.4320732193684612,0.43828530839048224,0.49640071980581874,0.4966047476589,0.7921756045294397,0.781209707550353,0.9354373782892287,0.9255669438722551,1.0239988404099092,1.0152920541705086,1.7479545183759955,1.7119564870575512,86.94409958851135,0.21090675105485235,0.5736407405901451,9.028249915645505,3.449056891438664e+18,1.425334035277529e+18,0.0658732880120123,0.02722235160928196,0.10782810347811297,0.10391801658801672,0.026370260650837914,0.011292648653902941,0.055614654468695346,0.0,0.0,0.015071170050334837,0.009906897552251989,0.006966778222341787,2.1632912042474732,83.33246316801024,34.43741281615457,21,0.001,25,0.04119086265563965,0.09297971367749155
S1,8,92,1,MG,det,sample,0,1,0,7.101293038212382e-19,3.846612139313903,1.25,7.07e-06,10100.0,3.16e-11,5,1e-06,0.12805138035171298,0.0,0.1339006711931601,0.0,0.12752486374208835,0.12805138035171298,0.1339006711931601,0.17227565307094322,0.17928881571860608,0.21257174851476027,0.22152448236237554,0.24181093859562794,0.25482284962937596,0.28605623191417884,0.2990211560449583,0.4098845997159811,0.4181294027279805,0.4989486065739089,0.5066701349931884,0.5780037113875399,0.5736809378743201,0.8894218214502635,0.8698004725543582,1.0767477280228106,1.0599760683708548,8.994769965448187,0.21090675105485235,0.5736407405901451,4.808265174142379,3.449056891438664e+18,1.425334035277529e+18,0.6367359849267374,0.2631332272467904,0.16465026330761293,0.12706705319250874,0.20208600149622358,0.07110459682178182,0.3544807406002783,0.0,0.0,0.07823533439858667,0.0656470535880449,0.017456757493098,4.481664732383384,83.33246316801024,34.43741281615457,21,0.001,25,0.04150390625,0.09297971367749155
S1,8,93,1,MG,det,sample,0,1,0,1.2378614397915288e-19,1.8611685453093163,1.25,7.07e-06,10100.0,3.16e-11,4,1e-06,0.18259461805092186,0.0,0.19367050932607838,0.0,0.18213786030981383,0.18259461805092186,0.19367050932607838,0.21491573076779055,0.2291874263133277,0.24752030108972395,0.26363345585960063,0.30063871493466504,0.3116627216894991,0.4028455352975764,0.4091763256814447,0.4602785918709059,0.46684823322298374,0.5281216734830478,0.5275743838099212,0.8190015194495779,0.8058679595193567,0.9688856357363427,0.9522271381040667,1.3973802901662093,1.3753244543788763,24.966793380378043,0.21090675105485235,0.5736407405901451,2.3264606816366453,3.449056891438664e+18,1.425334035277529e+18,0.2293964477488845,0.09479883192412773,0.39261777495423034,0.34963292939361057,0.0855197752348571,0.03154329448254721,0.149858828174168,0.0,0.0,0.020993200568940152,0.030665863284502205,0.012200892154997926,1.720628319818447,83.33246316801024,34.43741281615457,21,0.001,25,0.04518699645996094,0.09297971367749155
S1,8,94,1,MG,det,sample,0,1,0,1.115484183852514e-19,1.7497705197663678,1.25,7.07e-06,10100.0,3.16e-11,3,1e-06,0.198216770132956,0.0,0.21030452430796673,0.0,0.19784617406022031,0.198216770132956,0.21030452430796673,0.22049641251840635,0.23580596829473113,0.2559288846238307,0.27067355169337254,0.3309714160930827,0.3387592855975589,0.41989500233211435,0.42634118868111137,0.4518261836552424,0.45671086175811854,0.6074003300981924,0.6004435187748078,0.8759638891953574,0.8605848013963561,0.959281393410676,0.943985349643596,1.4693903357945928,1.444417867607663,26.047543736803945,0.21090675105485235,0.5736407405901451,2.1872131497079597,3.449056891438664e+18,1.425334035277529e+18,0.21987845652589086,0.09086549093712334,0.41911932741484403,0.3747937414713472,0.08231005622508826,0.030346152302215188,0.14373774171636697,0.0,0.0,0.019225321559609578,0.029583903499852526,0.011992506240178672,1.6031112408512824,83.33246316801024,34.43741281615457,21,0.001,25,0.04176187515258789,0.09297971367749155
S1,8,95,1,MG,det,sample,0,1,0,6.395232581055477e-20,2.0385000059658105,1.25,7.07e-06,10100.0,3.16e-11,1,1e-06,0.3778228006952161,0.0,0.3866803365435392,0.0,0.37758097942147656,0.3778228006952161,0.3866803365435392,0.3904494472299418,0.3990249146540518,0.3936170356931625,0.4018652068835669,0.39681370851975395,0.40341314875662715,0.49898360767177474,0.4941863161022776,0.7930433738460323,0.775707014542754,0.8814955978739111,0.8638182258330419,0.923131834788117,0.9134040188253262,1.025214401382857,1.0171451047636768,1.7686839032274606,1.7316478413819962,52.93019222424717,0.21090675105485235,0.5736407405901451,2.548125007457263,3.449056891438664e+18,1.425334035277529e+18,0.10820466490796966,0.044715931491868796,0.37564797528173266,0.35412720848100765,0.0425300323120126,0.016265250033157,0.07687205950332286,0.0,0.0,0.011323536020968547,0.0157636996064068,0.008806859999125439,1.2857631462397523,83.33246316801024,34.43741281615457,21,0.001,25,0.041253089904785156,0.09297971367749155
S1,8,96,1,MG,det,sample,0,1,0,2.827525531889567e-18,0.2949654515368103,1.25,7.07e-06,10100.0,3.16e-11,2,1e-06,0.25133386186783957,0.0,0.25837148854209735,0.0,0.2531930235221442,0.25133386186783957,0.25837148854209735,0.2851437046081791,0.2931104684024688,0.3490687263771622,0.35134200997850634,0.4687584620672011,0.4702995634145486,0.5499869275046902,0.5455296648207341,0.7459029215175212,0.7524909776060921,0.8379536629284468,0.836737111555426,0.9303148786485966,0.9220031053435425,0.9653499545424451,0.9588250106172987,0.9713758701008831,0.9653151415637651,0.17322625391683905,0.21090675105485235,0.5736407405901451,0.3687068144210129,3.449056891438664e+18,1.425334035277529e+18,33.06250400062682,13.663187858851504,0.184965374913083,0.07962368355783608,0.9151294483611649,0.050570046846594316,0.9672469691122063,0.9532,0.76364,0.030592100248573163,0.04953287485550494,0.011964647513053624,2.5568743429504868,83.33246316801024,34.43741281615457,21,0.001,25,0.040960073471069336,0.09297971367749155
S1,8,97,1,MG,det,sample,0,1,0,1.2838905049888333e-19,1.319412168589037,1.25,7.07e-06,10100.0,3.16e-11,1,1e-06,0.3837022188315205,0.0,0.39508379137775507,0.0,0.3835275341000535,0.3837022188315205,0.39508379137775507,0.38744522538613485,0.3985767753837456,0.40377756284478356,0.4144614950921164,0.4135012641683108,0.4224546367068744,0.42155566381936016,0.4273076435758869,0.5673817511694423,0.5589203842949689,0.8335534466827699,0.815800958035075,0.8949168725925463,0.8770727915679785,0.9347161893824097,0.9212477720463813,1.5294777597988258,1.5016585267496962,17.064815442853654,0.21090675105485235,0.5736407405901451,1.6492652107362962,3.449056891438664e+18,1.425334035277529e+18,0.33562002075665837,0.1386960707120951,0.5324780131829556,0.45396940142340403,0.1198041562035661,0.042447671511500445,0.20091555876396877,0.0,0.0,0.022032647763772555,0.04175025933108537,0.0141698343938199,1.5548980426603984,83.33246316801024,34.43741281615457,21,0.001,25,0.04351091384887695,0.09297971367749155
S1,8,98,1,MG,det,sample,0,1,0,5.1349345230786225e-19,4.3504388469053525,1.25,7.07e-06,10100.0,3.16e-11,4,1e-06,0.1712297182285832,0.0,0.1794081639741716,0.0,0.17061682379218696,0.1712297182285832,0.1794081639741716,0.19659437836366303,0.20618379880608478,0.21750020898520284,0.22949635276749564,0.24907501784606031,0.2633573211354932,0.3342872459539649,0.34365858894592394,0.4425351403933121,0.45008663476357147,0.48574765302061707,0.4896714955381829,0.6908525235594205,0.6791581595136269,0.9377088909699741,0.9179178569344602,1.1682358932102705,1.151847963184311,14.06848253306631,0.21090675105485235,0.5736407405901451,5.4380485586316905,3.449056891438664e+18,1.425334035277529e+18,0.40710102881940236,0.16823583096385444,0.15740785339027238,0.13068677418273933,0.14079584281262283,0.05273365930027036,0.25990043818864483,0.0,0.0,0.06027462211528295,0.04826652400576651,0.015127065920229882,3.984554733424932,83.33246316801024,34.43741281615457,21,0.001,25,0.051748037338256836,0.09297971367749155
S1,8,99,1,MG,det,sample,0,1,0,3.6530642173803096e-19,5.281756293788746,1.25,7.07e-06,10100.0,3.16e-11,3,1e-06,0.1923454020738295,0.0,0.20242661499759187,0.0,0.19177547953662627,0.1923454020738295,0.20242661499759187,0.2015381878782042,0.21284974769580617,0.2320450451301937,0.24654879100000007,0.2973809453648527,0.30777744659880396,0.4026326517627155,0.40973293544591805,0.43731857808372543,0.4428492926636446,0.5681303036776827,0.561823249430534,0.8503735173236352,0.8341795777032733,0.9421392590910159,0.9259773897294196,1.4236030846095518,1.4000075604066822,24.008783167291586,0.21090675105485235,0.5736407405901451,6.602195367235932,3.449056891438664e+18,1.425334035277529e+18,0.23854993704727515,0.09858154129924122,0.1378730334370624,0.12229201669331517,0.08838576663982255,0.035108600745540904,0.17235396716946624,0.0,0.0,0.0428097532475851,0.03163522551914652,0.012345655655976914,3.467596573282001,83.33246316801024,34.43741281615457,21,0.001,25,0.043447017669677734,0.09297971367749155
S1,8,100,1,MG,det,sample,0,1,0,9.968396357847954e-19,4.352069778371875,1.25,7.07e-06,10100.0,3.16e-11,1,1e-06,0.34394825349653013,0.0,0.35486795551351974,0.0,0.34339984993990763,0.34394825349653013,0.35486795551351974,0.3630092105312341,0.3732721325756709,0.3732098789182968,0.38395841184109114,0.37864606758792246,0.38841811418094774,0.432532201051626,0.4423744971500879,0.49692036948272805,0.5026102542323065,0.6832160659727712,0.6698596872666263,0.8519233982700521,0.8323628442122732,0.8880448675728184,0.8694987569649424,1.1698956246482526,1.1531316511177168,7.249693562158167,0.21090675105485235,0.5736407405901451,5.440087222964843,3.449056891438664e+18,1.425334035277529e+18,0.7900049380065279,0.326472123139823,0.13857854898967392,0.10269277933092405,0.23754782175261513,0.08159650636360483,0.41131530406896405,0.0,0.0,0.09504715241046932,0.07461675074128744,0.01848348487754747,5.142274470434219,83.33246316801024,34.43741281615457,21,0.001,25,0.042372941970825195,0.09297971367749155
