set,search_seed,eval_index,is_finite,task,mode,node,N_R,R,seed,k_on,k_off,T,distance,N_max,D,L,lam_best,objective,opt_sd,held,held_sd,train,opt_lam_1e-06,held_lam_1e-06,opt_lam_1e-05,held_lam_1e-05,opt_lam_1e-04,held_lam_1e-04,opt_lam_1e-03,held_lam_1e-03,opt_lam_1e-02,held_lam_1e-02,opt_lam_1e-01,held_lam_1e-01,opt_lam_1e+00,held_lam_1e+00,opt_lam_1e+01,held_lam_1e+01,opt_lam_1e+02,held_lam_1e+02,opt_lam_1e+03,held_lam_1e+03,KD_nM,tau_D_over_T,phi_ISI,koff_T,c_peak,c_mean,c_peak_over_KD,c_mean_over_KD,tauR_mean_over_T,tauR_peak_over_T,occ_mean,occ_std,occ_max,occ_frac_above_0p8,occ_frac_above_0p9,contrast_within,contrast_between,binomial_sd_mean,snr_within,shell_molecules_peak,shell_molecules_mean,history_symbols,dt,n_sub,seconds,running_min
S1,3,1,1,MGCUBED,det,sample,0,1,0,5.734970279826652e-19,8.993610054866611,1.25,7.07e-06,10100.0,3.16e-11,3,1e-06,0.5051636098662428,0.0,0.5509762215397452,0.0,0.5098207359679364,0.5051636098662428,0.5509762215397452,0.5172058413451381,0.5635180344177904,0.5482196797936705,0.6057935500520781,0.5931454099770925,0.6524592009920701,0.6600342989464563,0.7116956814630773,0.6997894875344901,0.7404539949470987,0.7814189461282935,0.7986468729794259,0.9519708621819001,0.9497941687677047,1.0120268212200756,1.0035684784812609,1.1545902794539118,1.1582065259841028,26.040659536748183,0.21090675105485235,0.5736407405901451,11.242012568583263,3.449056891438664e+18,1.425334035277529e+18,0.2199365843655694,0.09088951245688913,0.08154083734632873,0.07291530185917225,0.08204802053894204,0.034060119671751925,0.1691004292075415,0.0,0.0,0.04804060063153867,0.029509644665062937,0.011916637017464433,4.031389104252546,83.33246316801024,34.43741281615457,21,0.001,25,0.28338098526000977,0.5051636098662428
S1,3,2,1,MGCUBED,det,sample,0,1,0,6.203657706876314e-18,0.1840314751915665,1.25,7.07e-06,10100.0,3.16e-11,3,1e-06,0.5068935593801023,0.0,0.5666695455799902,0.0,0.5167138321524294,0.5068935593801023,0.5666695455799902,0.529813716224941,0.5908095673286765,0.6051523459225335,0.6531492493513293,0.7264215362971428,0.7645232061990969,0.8210534392344824,0.8422793748507207,0.9231878156729222,0.937007188409837,0.9657639306500623,0.9688073258455625,0.9917433004785192,0.9893600853496222,0.9978038959527636,0.9950618526854912,0.9986351179256908,0.9961149349653431,0.04925988321478542,0.21090675105485235,0.5736407405901451,0.23003934398945813,3.449056891438664e+18,1.425334035277529e+18,116.26689588699698,48.047674799206135,0.08862973605261484,0.03706998841034515,0.9731934968466928,0.018540571358462418,0.9911289937844483,1.0,0.98504,0.013862840941990466,0.017943812177842175,0.006906198458766754,2.0073041666494427,83.33246316801024,34.43741281615457,21,0.001,25,0.05030393600463867,0.5051636098662428
S1,3,3,1,MGCUBED,det,sample,0,1,0,2.2625870641089135e-19,0.610399990579662,1.25,7.07e-06,10100.0,3.16e-11,5,1e-06,0.44469027369880226,0.0,0.4927162604180834,0.0,0.4497048674638527,0.44469027369880226,0.4927162604180834,0.4776367395755281,0.5254873536880913,0.4915002779575099,0.5424587824834364,0.5569187885797253,0.61516461711668,0.6384572067433201,0.6918678702055262,0.7377103027568344,0.7848323880391367,0.7730114204399097,0.8176854888773191,0.7915519593660866,0.8197129161113825,0.9398515472635137,0.9323758987368758,1.0621105657513183,1.048840227392175,4.47979680887668,0.21090675105485235,0.5736407405901451,0.7629999882245775,3.449056891438664e+18,1.425334035277529e+18,1.278471760547376,0.5283326343420405,0.8575463091554768,0.5752171400303087,0.3332523795117319,0.09505487205646139,0.4829460807856611,0.0,0.0,0.03145181313353601,0.09446111238494609,0.020536510132189784,1.5315072001565215,83.33246316801024,34.43741281615457,21,0.001,25,0.047512054443359375,0.44469027369880226
S1,3,4,1,MGCUBED,det,sample,0,1,0,3.12006861747038e-18,0.9735092155448841,1.25,7.07e-06,10100.0,3.16e-11,4,1e-06,0.4051687353536999,0.0,0.45941314675897615,0.0,0.4129404022938459,0.4051687353536999,0.45941314675897615,0.4385034800266744,0.4902843218886457,0.46709471524231205,0.5205198102394838,0.5149206676565122,0.5662039034860035,0.5810049797466653,0.6288889775675831,0.660395947889978,0.6974440558503561,0.8185572597705683,0.8424900966173697,0.9083948473885612,0.9212516652511806,0.9671015345377442,0.9615213809350962,1.0027886088995768,0.9943282959700166,0.5181136323779558,0.21090675105485235,0.5736407405901451,1.2168865194311052,3.449056891438664e+18,1.425334035277529e+18,11.054126653361468,4.56815397519655,0.14758379840487598,0.068173276869756,0.7901821702433419,0.09634385496525351,0.9097292458272215,0.60044,0.01232,0.07646353760709516,0.0929840663671181,0.017534394435010595,4.360774356394188,83.33246316801024,34.43741281615457,21,0.001,25,0.05029606819152832,0.4051687353536999
S1,3,5,1,MGCUBED,det,sample,0,1,0,3.124092967904303e-19,1.579062325210392,1.25,7.07e-06,10100.0,3.16e-11,3,1e-06,0.5052775489975057,0.0,0.5549541632436831,0.0,0.5099451911178213,0.5052775489975057,0.5549541632436831,0.5161279335005433,0.566055340505571,0.529035638385988,0.5870306698299955,0.5558204987868605,0.6155876586536942,0.6474281430516342,0.6954640247409137,0.7297276478207707,0.7721753366341583,0.7511929259403051,0.7846559217890962,0.8602850668571059,0.8658136867914579,1.004475014468553,0.9922487424002964,1.0673483021795453,1.0586467456488131,8.393139088537358,0.21090675105485235,0.5736407405901451,1.97382790651299,3.449056891438664e+18,1.425334035277529e+18,0.6823780295695255,0.28199495139825453,0.39518859293727177,0.30113908532518996,0.213880404963459,0.07053151013589083,0.3457829966200884,0.0,0.0,0.04483053206771235,0.0687957943972437,0.017866293178144095,2.5092240242958574,83.33246316801024,34.43741281615457,21,0.001,25,0.05261802673339844,0.4051687353536999
S1,3,6,1,MGCUBED,det,sample,0,1,0,1.6794052815785857e-17,0.393427471096875,1.25,7.07e-06,10100.0,3.16e-11,2,1e-06,0.5311241154363158,0.0,0.578773718572186,0.0,0.5403977825337365,0.5311241154363158,0.578773718572186,0.5752139031433194,0.6192578586320203,0.6787117495615774,0.7132760186801956,0.8049890041595941,0.8323057704950972,0.9008890670105653,0.9152018900290305,0.9523977371654219,0.9601153389916544,0.9835686654785799,0.9828001576038297,0.9961705040071805,0.993781247693143,0.9979160026889256,0.9954101315864328,0.9983919445241304,0.9962283006205256,0.03890077594859581,0.21090675105485235,0.5736407405901451,0.49178433887109374,3.449056891438664e+18,1.425334035277529e+18,147.22826405075403,60.84256140490476,0.032880456368205344,0.013718110071610773,0.9783104190199072,0.015527234808015171,0.9931764546339011,1.0,0.99576,0.01407084118047236,0.01476019262562826,0.006213235561350224,2.2646559979152903,83.33246316801024,34.43741281615457,21,0.001,25,0.07842087745666504,0.4051687353536999
S1,3,7,1,MGCUBED,det,sample,0,1,0,9.172266140260158e-20,0.13466447099929293,1.25,7.07e-06,10100.0,3.16e-11,3,1e-06,0.4474791828972451,0.0,0.49957638366450263,0.0,0.4527972340768683,0.4474791828972451,0.49957638366450263,0.5632741098896205,0.6209246493287329,0.6229999507241215,0.6814191558941153,0.7027705998243341,0.7577238150826144,0.7516314017884281,0.806422582169041,0.7590280082839062,0.8126118552643526,0.7624016310945562,0.8097119496231104,0.8281265526050626,0.8441529299828936,1.0090635738240257,0.9991808608701443,1.0664358993278837,1.0547845577859942,2.437953845158301,0.21090675105485235,0.5736407405901451,0.16833058874911616,3.449056891438664e+18,1.425334035277529e+18,2.3492215508974095,0.9708234854615143,3.014319122433427,1.7737527448955284,0.47554251153054555,0.09994982002295737,0.6177119020192605,0.0,0.0,0.015436339485768539,0.0998067329171115,0.02186749531521354,0.7059034088384712,83.33246316801024,34.43741281615457,21,0.001,25,0.07123804092407227,0.4051687353536999
S1,3,8,1,MGCUBED,det,sample,0,1,0,5.172818676632333e-18,3.5242344071038705,1.25,7.07e-06,10100.0,3.16e-11,2,1e-06,0.47112821673501887,0.0,0.5237104219716106,0.0,0.47782703361916257,0.47112821673501887,0.5237104219716106,0.4936071483206803,0.547126072645983,0.5168622804492435,0.5723153066941927,0.5438159266312741,0.5969607669906225,0.6206372384891559,0.6642703131797006,0.7262590571899566,0.7577571526432536,0.8285404592016536,0.8566100264496939,0.8933163695127403,0.8980498212114708,0.9814413555937316,0.9713588089421608,1.005050039110503,0.9943760449124914,1.131323033090376,0.21090675105485235,0.5736407405901451,4.405293008879838,3.449056891438664e+18,1.425334035277529e+18,5.062474240884266,2.0920840291614646,0.0734131590232074,0.03744340141111108,0.6414517063187892,0.1236807000694102,0.8297355918485319,0.02832,0.0,0.13989093790020696,0.11484334660822779,0.020678916858163542,6.764906443587801,83.33246316801024,34.43741281615457,21,0.001,25,0.05420112609863281,0.4051687353536999
S1,3,9,1,MGCUBED,det,sample,0,1,0,6.397907834559836e-20,1.7041502454216657,1.25,7.07e-06,10100.0,3.16e-11,1,1e-06,0.6488642499576581,0.0,0.7145069559039728,0.0,0.6544586681287864,0.6488642499576581,0.7145069559039728,0.6504130803191727,0.7125623571509793,0.6682525396737238,0.7187823549145673,0.6884581210420636,0.7307460900406009,0.7289644148211746,0.7535436918519945,0.9106847173427548,0.9107293257693589,0.9869675861180797,0.9821893844392189,0.9968845902400488,0.9921989888047135,1.0123210330191652,1.010944440866887,1.2331637632272656,1.242054294513536,44.2302098128186,0.21090675105485235,0.5736407405901451,2.1301878067770823,3.449056891438664e+18,1.425334035277529e+18,0.1294882782011861,0.053511454260950414,0.44559760069902793,0.41562376997418077,0.05041950776865063,0.019010501990112814,0.08934982268044955,0.0,0.0,0.011582009407583941,0.01856756465145339,0.009551601529490935,1.2125725064874244,83.33246316801024,34.43741281615457,21,0.001,25,0.0698540210723877,0.4051687353536999
S1,3,10,1,MGCUBED,det,sample,0,1,0,1.3129561034980458e-18,4.344565353227482,1.25,7.07e-06,10100.0,3.16e-11,5,1e-06,0.3350489864979709,0.0,0.3812819508056698,0.0,0.3434469391671541,0.3350489864979709,0.3812819508056698,0.41545411051464987,0.4611321951687678,0.4880708567354173,0.5343114517765883,0.508891366939445,0.5571063949017212,0.521254112780284,0.5744310875908802,0.5878950304201309,0.6368523491488682,0.7175926686655347,0.7610033615492162,0.7749473764070458,0.801631364036326,0.9318683597894735,0.9239628742261118,1.0528330959902195,1.0397141894322528,5.494715687526346,0.21090675105485235,0.5736407405901451,5.430706691534352,3.449056891438664e+18,1.425334035277529e+18,1.042327581414398,0.4307452803652517,0.12870082491095522,0.09016090244099842,0.28890433116099956,0.09427876180359054,0.48299880135584433,0.0,0.0,0.11062043998367029,0.08622219754164666,0.019669767893518524,5.623881307726124,83.33246316801024,34.43741281615457,21,0.001,25,0.054531097412109375,0.3350489864979709
S1,3,11,1,MGCUBED,det,sample,0,1,0,3.7596705731315866e-18,6.12267151685792,1.25,7.07e-06,10100.0,3.16e-11,5,1e-06,0.3116977701503954,0.0,0.3581389335543607,0.0,0.3209073219976117,0.3116977701503954,0.3581389335543607,0.36160821586287945,0.4061068035767866,0.44016069429560845,0.48345035195944414,0.48633314405087547,0.5308353756834373,0.505321987094574,0.5522253395264923,0.5456172308972778,0.5916299536753694,0.6917620667695622,0.7332246093201613,0.7916652150119816,0.8208879177849224,0.9069341968759409,0.9031988362888332,1.026222153723835,1.0129429791644877,2.7042090660476847,0.21090675105485235,0.5736407405901451,7.6533393960724005,3.449056891438664e+18,1.425334035277529e+18,2.1179182427303105,0.875236637236075,0.0696775621833466,0.04190678113647004,0.4417315174843518,0.12193209542307683,0.6698688641125712,0.0,0.0,0.15652898324523426,0.11019867756458669,0.021475403953599308,7.288756178157933,83.33246316801024,34.43741281615457,21,0.001,25,0.05706596374511719,0.3116977701503954
S1,3,12,1,MGCUBED,det,sample,0,1,0,2e-17,4.453650129063856,1.25,7.07e-06,10100.0,3.16e-11,5,1e-06,0.32145605798197774,0.0,0.3681354380113443,0.0,0.332640350894632,0.32145605798197774,0.3681354380113443,0.363519961591554,0.40834072828221085,0.4150774786764997,0.4563859804077206,0.4679836176167761,0.5117579385302007,0.5439722794795735,0.5824413667305125,0.6760817376254797,0.7116837938038552,0.8187245106466425,0.8452547889636626,0.9059697488982947,0.9251838008150638,0.9588146295321817,0.9572232814556897,0.9999441996398448,0.9927681285388067,0.3697730015417188,0.21090675105485235,0.5736407405901451,5.56706266132982,3.449056891438664e+18,1.425334035277529e+18,15.488674644335592,6.400745428905661,0.02427160103501911,0.01089401933671168,0.8349751708108153,0.08645115903253316,0.9387423545991145,0.76776,0.20008,0.09512333189516194,0.08066419050981442,0.01590694987966742,5.979985642423535,83.33246316801024,34.43741281615457,21,0.001,25,0.07174801826477051,0.3116977701503954
S1,3,13,1,MGCUBED,det,sample,0,1,0,2e-17,10.0,1.25,7.07e-06,10100.0,3.16e-11,5,1e-06,0.31829665408939234,0.0,0.369529035644252,0.0,0.33128159554375447,0.31829665408939234,0.369529035644252,0.35397785411217914,0.4025435411041973,0.40188870743019217,0.44457647082243773,0.4525576114496171,0.49366010722537407,0.506846000087081,0.5458839067159954,0.6049331853943021,0.6455154621090684,0.7433318306587124,0.7761746809695333,0.8551908649384949,0.8820617948192351,0.9268702168440254,0.9275958247493141,1.0021738953366812,0.9924197345876351,0.8302695335869232,0.21090675105485235,0.5736407405901451,12.5,3.449056891438664e+18,1.425334035277529e+18,6.89811378287733,2.8506680705550584,0.020775615694257524,0.010129000695512333,0.7029712307593561,0.11883542188733648,0.8722149749024847,0.20156,0.0,0.14658697473259744,0.1090164487163502,0.019644575155128588,7.461956981763901,83.33246316801024,34.43741281615457,21,0.001,25,0.05258798599243164,0.3116977701503954
S1,3,14,1,MGCUBED,det,sample,0,1,0,2.0542342800048084e-18,0.756733934180786,1.25,7.07e-06,10100.0,3.16e-11,1,1e-06,0.6243613017262134,0.0,0.6842276856687933,0.0,0.6302209015571038,0.6243613017262134,0.6842276856687933,0.6473485011733059,0.7046096924657088,0.6644350925078907,0.7183524624138025,0.6762968641841317,0.7258412876934683,0.6923288573983154,0.731029683100456,0.8008166799975299,0.8245756215351456,0.8956370453038277,0.9017653598024644,0.9722277024185729,0.9649601394283542,0.9934739305222642,0.9841985773394487,0.9984810034581328,0.9908349135384722,0.6117054288279213,0.21090675105485235,0.5736407405901451,0.9459174177259826,3.449056891438664e+18,1.425334035277529e+18,9.362829628818334,3.8692199509916283,0.21711377807659377,0.10201603014931242,0.7643098237732756,0.10151991281778594,0.8903762145195846,0.48272,0.0,0.06794425660060713,0.09899712346839645,0.018307099779304805,3.711361024940415,83.33246316801024,34.43741281615457,21,0.001,25,0.04848790168762207,0.3116977701503954
S1,3,15,1,MGCUBED,det,sample,0,1,0,5e-20,10.0,1.25,7.07e-06,10100.0,3.16e-11,4,1e-06,0.5829169290664619,0.0,0.6446328824143086,0.0,0.5878810401481568,0.5829169290664619,0.6446328824143086,0.5946763823802809,0.6571185066413301,0.6449324915486526,0.6984349819670909,0.6910711264752166,0.7354514911112742,0.7375828136091417,0.7657339536679134,0.9150245599102005,0.9219549477198902,0.9878434973822858,0.9886226769365765,0.9982720373228389,0.9972543314774086,1.0167809762563065,1.0180754027252419,1.2509215448302131,1.2606142174498134,332.10781343476935,0.21090675105485235,0.5736407405901451,12.5,3.449056891438664e+18,1.425334035277529e+18,0.01724528445719332,0.007126670176387646,0.07943390078825818,0.07864376588650235,0.007066357152368828,0.003147513586072458,0.01565084914746186,0.0,0.0,0.004534237570890465,0.002694288596947925,0.0036391421394764097,1.2459633059407895,83.33246316801024,34.43741281615457,21,0.001,25,0.06005597114562988,0.3116977701503954
S1,3,16,1,MGCUBED,det,sample,0,1,0,3.6911501884260214e-18,4.366713080594426,1.25,7.07e-06,10100.0,3.16e-11,3,1e-06,0.39566030739767605,0.0,0.4501868468096992,0.0,0.40351269100343634,0.39566030739767605,0.4501868468096992,0.45866191431820974,0.512594829311711,0.4882469035000418,0.5389166909310693,0.5100934458910812,0.5588512121934707,0.554020626295094,0.6029845293553003,0.6542839693167822,0.6934230095054025,0.7782206091191828,0.8147050144407254,0.8354958641642861,0.85161491671337,0.95970469626501,0.9500198195878183,1.0174107615431995,1.0048366494998267,1.964454789242296,0.21090675105485235,0.5736407405901451,5.458391350743033,3.449056891438664e+18,1.425334035277529e+18,2.915462216032034,1.2048242913565768,0.08309240799145859,0.046789918905804195,0.5168229758019556,0.12619587244926034,0.7345927302579147,0.0,0.0,0.1504026125318773,0.1158818232116345,0.02159728488888341,6.963959280330315,83.33246316801024,34.43741281615457,21,0.001,25,0.06897687911987305,0.3116977701503954
S1,3,17,1,MGCUBED,det,sample,0,1,0,1.9563595667564311e-19,0.2462693884733244,1.25,7.07e-06,10100.0,3.16e-11,3,1e-06,0.44320539829936645,0.0,0.49321209392937215,0.0,0.44905546098124255,0.44320539829936645,0.49321209392937215,0.4555749877946783,0.506327738417846,0.5239546703099099,0.5761963754083119,0.6249328580353749,0.6711900970695891,0.7567512149085875,0.7977121782025881,0.8092426321661518,0.8509772140057669,0.8173219731664372,0.8553947624171235,0.8543980907034457,0.8680555319622999,0.9924333184334595,0.9816953395559268,1.043859129182595,1.0312376525112306,2.0903107361136812,0.21090675105485235,0.5736407405901451,0.30783673559165553,3.449056891438664e+18,1.425334035277529e+18,2.7399245548474327,1.132282779043318,1.5234729783351597,0.8685937773347445,0.5094265496123849,0.11137696486819683,0.6607553301869816,0.0,0.0,0.023360331091832023,0.11109311643163942,0.021778799103615746,1.0726179611966624,83.33246316801024,34.43741281615457,21,0.001,25,0.05363297462463379,0.3116977701503954
S1,3,18,1,MGCUBED,det,sample,0,1,0,1.000821878575604e-18,4.5875319039860845,1.25,7.07e-06,10100.0,3.16e-11,2,1e-06,0.498762326399124,0.0,0.549494553687368,0.0,0.5037794332897515,0.498762326399124,0.549494553687368,0.51378450868519,0.5638600841746757,0.533620385285509,0.59110819491874,0.5789016224546795,0.6403561494068539,0.6570566238650128,0.7104115888635745,0.7077847504055721,0.7513144028284453,0.7529794952686131,0.776841176539406,0.915187631372922,0.9119676353845192,1.0048323272792825,0.9914984416541311,1.0568404485597738,1.049821404367911,7.611520203092615,0.21090675105485235,0.5736407405901451,5.734414879982605,3.449056891438664e+18,1.425334035277529e+18,0.7524507010849221,0.3109527119680016,0.13302211942143158,0.09950962278099858,0.2291015262284472,0.07961888843859621,0.400547349217169,0.0,0.0,0.09438329808927043,0.0725366855215643,0.01825122600678376,5.17134016389854,83.33246316801024,34.43741281615457,21,0.001,25,0.053144216537475586,0.3116977701503954
S1,3,19,1,MGCUBED,det,sample,0,1,0,2.149449316392902e-18,6.622579310311139,1.25,7.07e-06,10100.0,3.16e-11,5,1e-06,0.3268938949351618,0.0,0.3725583099791361,0.0,0.3352444857336821,0.3268938949351618,0.3725583099791361,0.39393053742543305,0.4397808799776607,0.47771874903446804,0.5240858572705934,0.5072369267492726,0.5548671425948081,0.5157372300508694,0.5663703627363618,0.5726918613692218,0.6211607971212768,0.7046927938621386,0.7485798298527887,0.7724808526582555,0.7998977132029651,0.9258041952585725,0.9184056189818586,1.0488423981186321,1.035575621065321,5.116218180330753,0.21090675105485235,0.5736407405901451,8.278224137888923,3.449056891438664e+18,1.425334035277529e+18,1.119438911959933,0.4626117897884238,0.0825911948547862,0.05699567684902775,0.30236747234302686,0.09950202196118105,0.5124657510894302,0.0,0.0,0.1310426611465502,0.08888005463077166,0.01990234820678775,6.584281401621631,83.33246316801024,34.43741281615457,21,0.001,25,0.06894111633300781,0.3116977701503954
S1,3,20,1,MGCUBED,det,sample,0,1,0,5.3221468191554376e-18,3.331457365952751,1.25,7.07e-06,10100.0,3.16e-11,5,1e-06,0.30010420243223457,0.0,0.3487213219267812,0.0,0.31234832091841713,0.30010420243223457,0.3487213219267812,0.36017119386847957,0.409393719670868,0.4241968123134061,0.4693291992770076,0.45269174051241157,0.49665135035485064,0.49289513871150303,0.5372024466168331,0.5705339620774028,0.6159064242663185,0.7101548151851558,0.7441012618626474,0.8416124289011917,0.8673454936224686,0.9245254293511603,0.9238080158024994,1.0057127571518893,0.9950448007934637,1.0394330135496876,0.21090675105485235,0.5736407405901451,4.164321707440939,3.449056891438664e+18,1.425334035277529e+18,5.510017132879248,2.277032592286181,0.07327822929663257,0.036887022078216584,0.6594368721141516,0.12197307178795642,0.8414606384903259,0.06532,0.0,0.13622600454053457,0.11349800682472048,0.020427363559066554,6.668800119341467,83.33246316801024,34.43741281615457,21,0.001,25,0.053215980529785156,0.30010420243223457
S1,3,21,1,MGCUBED,det,sample,0,1,0,2e-17,0.9660833076202261,1.25,7.07e-06,10100.0,3.16e-11,5,1e-06,0.3748552952225076,0.0,0.4199992963829278,0.0,0.38321008065232814,0.3748552952225076,0.4199992963829278,0.41897436024092205,0.45766778819749,0.47919530876291794,0.5211757617236533,0.5808148103623731,0.6246353823045577,0.7109003583730263,0.7454234705284295,0.8440293696813317,0.8671001735974709,0.9325942871193185,0.9492380833320663,0.9670406278495549,0.9698904707445964,0.9934938631014556,0.9903906757509527,0.9995259129811609,0.9961398178785238,0.08021095372239573,0.21090675105485235,0.5736407405901451,1.2076041345252826,3.449056891438664e+18,1.425334035277529e+18,71.40288760261888,29.50747671623859,0.027143704595961732,0.011437194887843232,0.956671760494834,0.029587099785383885,0.9860411329807041,0.99816,0.94464,0.028167444843563143,0.027996417783917985,0.008689070796752149,3.2417096721195704,83.33246316801024,34.43741281615457,21,0.001,25,0.059890031814575195,0.30010420243223457
S1,3,22,1,MGCUBED,det,sample,0,1,0,1.532030128208524e-17,0.30432054298806305,1.25,7.07e-06,10100.0,3.16e-11,3,1e-06,0.49130860942385246,0.0,0.5353012528559361,0.0,0.4986760799358667,0.49130860942385246,0.5353012528559361,0.5339142895343393,0.5755234260216269,0.639399462090007,0.676583059183137,0.7782305265532046,0.8113785655984372,0.8787956732799774,0.8964438490964416,0.9460002335697492,0.9579233302757783,0.976350902568305,0.9774973638327467,0.9949604085088761,0.9928452679720738,0.998243760895453,0.9959037166405069,0.9987366671647507,0.996608380082463,0.03298473974308524,0.21090675105485235,0.5736407405901451,0.3804006787350788,3.449056891438664e+18,1.425334035277529e+18,173.63464916650523,71.75508637587636,0.03613227909595716,0.01505318159443377,0.9815375090569323,0.013291921835307759,0.9942042990891725,1.0,0.9998,0.01185185952897976,0.012656868542263144,0.0057420861956164375,2.0640337196657863,83.33246316801024,34.43741281615457,21,0.001,25,0.06560897827148438,0.30010420243223457
S1,3,23,1,MGCUBED,det,sample,0,1,0,5.591421531672569e-19,0.1,1.25,7.07e-06,10100.0,3.16e-11,5,1e-06,0.3828434933239991,0.0,0.4265754668071559,0.0,0.3922322186804415,0.3828434933239991,0.4265754668071559,0.40561389798821423,0.4508417935071171,0.43481644188981156,0.47916886109997114,0.5664038045990906,0.5977539714778467,0.7724373291188167,0.8048510129614759,0.8791203790454666,0.9054372971790573,0.9213752142268656,0.9436852807008651,0.9397242696787954,0.9482103458787078,0.9810336147446064,0.976098377104976,1.005525266216648,0.9989257217289788,0.29697976762577005,0.21090675105485235,0.5736407405901451,0.125,3.449056891438664e+18,1.425334035277529e+18,19.285130966753805,7.969643414676526,0.8918972171078783,0.39437753757230126,0.8687073849660188,0.0646304083131301,0.9346864955964069,0.87268,0.42748,0.01535594322099536,0.06439920663268099,0.014605211341266227,1.0514016443985292,83.33246316801024,34.43741281615457,21,0.001,25,0.05702710151672363,0.30010420243223457
S1,3,24,1,MGCUBED,det,sample,0,1,0,7.186654840918372e-19,0.6901305991910653,1.25,7.07e-06,10100.0,3.16e-11,1,1e-06,0.6213993303899035,0.0,0.6802385714136031,0.0,0.6272263605893519,0.6213993303899035,0.6802385714136031,0.6353057565975079,0.6939829626446017,0.6385788222748777,0.6966517590084655,0.643743837972071,0.6961234807569944,0.7043369979293216,0.742009718698682,0.8023331375870565,0.831770813897177,0.8658226560052884,0.8732613908402823,0.9682083258018962,0.9600777106442033,1.001149542908531,0.9887027949855509,1.0131890505693035,1.003525986727383,1.5946067353673203,0.21090675105485235,0.5736407405901451,0.8626632489888317,3.449056891438664e+18,1.425334035277529e+18,3.5916653216818344,1.4842674352593157,0.46661678472871165,0.2524576165369023,0.5706253844288085,0.11912148665468385,0.7363955218255958,0.0,0.0,0.055543050212031354,0.11765486541732788,0.021469933412497217,2.5870154855580902,83.33246316801024,34.43741281615457,21,0.001,25,0.05413699150085449,0.30010420243223457
S1,3,25,1,MGCUBED,det,sample,0,1,0,6.214335375849594e-19,0.9883116095460728,1.25,7.07e-06,10100.0,3.16e-11,5,1e-06,0.3631229380552691,0.0,0.4086439179399785,0.0,0.3702602808961025,0.3631229380552691,0.4086439179399785,0.4335463354065223,0.4763976351641008,0.46784055329226476,0.5133690712636322,0.48361523767985287,0.5330933405317195,0.5324273364375579,0.5856062087164134,0.6652713845662325,0.707222592385539,0.7906218535590712,0.8296432099561083,0.8237630956250607,0.8499690477113067,0.9252971054033041,0.9197851305081487,1.0347353550656413,1.0212958064026465,2.6408778074169375,0.21090675105485235,0.5736407405901451,1.235389511932591,3.449056891438664e+18,1.425334035277529e+18,2.168708335180792,0.8962258089729225,0.42688022486468,0.25545465663137057,0.4519515988707922,0.11373724187672979,0.6284484607477966,0.0,0.0,0.061112843784554796,0.1118405814683467,0.02162332365374423,2.826246545774321,83.33246316801024,34.43741281615457,21,0.001,25,0.05966997146606445,0.30010420243223457
S1,3,26,1,MGCUBED,det,sample,0,1,0,7.678354649133874e-18,0.5689137255317714,1.25,7.07e-06,10100.0,3.16e-11,3,1e-06,0.47093405759191265,0.0,0.5278312960648869,0.0,0.480188841378667,0.47093405759191265,0.5278312960648869,0.4960132978288076,0.5526804938638188,0.5236001122305058,0.5762826588501501,0.6247916099790997,0.6677996087172313,0.7482816531543542,0.7837449847263549,0.8549386149745006,0.8740639447644565,0.9333214314244493,0.9458967218361338,0.972276290349386,0.9712138765144489,0.9946292448453996,0.9904557153142856,0.9983913003540223,0.994313184333239,0.12303462268488591,0.21090675105485235,0.5736407405901451,0.7111421569147143,3.449056891438664e+18,1.425334035277529e+18,46.550260310122056,19.23704724492672,0.06948585884946303,0.02957267950206271,0.9364028703569928,0.0406307474995282,0.9783815282206277,0.9782,0.87588,0.03443705454601326,0.03896900560852364,0.010442717861569495,3.2977099451040344,83.33246316801024,34.43741281615457,21,0.001,25,0.06294417381286621,0.30010420243223457
S1,3,27,1,MGCUBED,det,sample,0,1,0,3.698432371702483e-18,2.7427570897831934,1.25,7.07e-06,10100.0,3.16e-11,2,1e-06,0.4799312510161024,0.0,0.5314338961174632,0.0,0.4857320179723403,0.4799312510161024,0.5314338961174632,0.5054738358713011,0.5589344124020623,0.5253689443926145,0.5816676495578889,0.5521201537666508,0.6065462686332918,0.6169163241641429,0.6621186298047327,0.7140386662323774,0.7470481399280966,0.8198153153443621,0.8479629740580563,0.8908165371371862,0.8946688062782805,0.9826738382010349,0.9721008528071763,1.006464079157828,0.9955317649642287,1.23145561189659,0.21090675105485235,0.5736407405901451,3.428446362228992,3.449056891438664e+18,1.425334035277529e+18,4.650832443987457,1.9219717109459515,0.09982208427494381,0.05161669705662501,0.6239877607274529,0.1237973412311827,0.8139720546680945,0.0074,0.0,0.13146843304482764,0.11591345886640447,0.020909086959576925,6.28762189850722,83.33246316801024,34.43741281615457,21,0.001,25,0.052761077880859375,0.30010420243223457
S1,3,28,1,MGCUBED,det,sample,0,1,0,7.455784062835161e-18,3.5915860724900615,1.25,7.07e-06,10100.0,3.16e-11,1,1e-06,0.5322456317242629,0.0,0.5706414742558567,0.0,0.5385154640621795,0.5322456317242629,0.5706414742558567,0.5535373426565158,0.5965621827206773,0.5986427086968856,0.6514343940956548,0.6408198325842983,0.6896408668393295,0.7082977116969251,0.7447389281850921,0.8052133757251034,0.8309646915673738,0.8829558168222331,0.8979643872635288,0.9554179946310568,0.9508291822481428,0.9903849138132548,0.9804763204650357,0.9987985239450281,0.9903654860953052,0.799911710991714,0.21090675105485235,0.5736407405901451,4.489482590612576,3.449056891438664e+18,1.425334035277529e+18,7.159907317819496,2.95885510466717,0.05626445305781639,0.02729722391733789,0.7114788371843412,0.1157670285090542,0.8748637277448249,0.22216,0.0,0.1303269218767267,0.10768862629289797,0.019498630177536287,6.68390141718119,83.33246316801024,34.43741281615457,21,0.001,25,0.05707979202270508,0.30010420243223457
S1,3,29,1,MGCUBED,det,sample,0,1,0,5.153681609120116e-20,0.14809975698587297,1.25,7.07e-06,10100.0,3.16e-11,5,1e-06,0.4900695625327857,0.0,0.5439252496744718,0.0,0.4951661534548984,0.4900695625327857,0.5439252496744718,0.5641160442866063,0.6235260001245739,0.61328257005335,0.678030246991707,0.6279700919351602,0.6938115910157083,0.6673540284702032,0.7328897921395742,0.695883813761699,0.7601227372022871,0.7028986239089896,0.7616284184217552,0.7396349490677367,0.7703865260096908,0.9755585712232766,0.9676898080823196,1.1027152670816038,1.0922380145896653,4.771839841227242,0.21090675105485235,0.5736407405901451,0.1851246962323412,3.449056891438664e+18,1.425334035277529e+18,1.2002275649859442,0.4959979647477384,3.6108100154475786,2.4550935185810356,0.32237710144590087,0.08119540340192671,0.4483124949940344,0.0,0.0,0.012087801474529765,0.081090066812485,0.020511615883451562,0.5893149298043362,83.33246316801024,34.43741281615457,21,0.001,25,0.05449795722961426,0.30010420243223457
S1,3,30,1,MGCUBED,det,sample,0,1,0,1.29838271269778e-19,4.383892745034082,1.25,7.07e-06,10100.0,3.16e-11,3,1e-06,0.5297012155384071,0.0,0.5787505426324454,0.0,0.533891504791396,0.5297012155384071,0.5787505426324454,0.5655845081788685,0.6257684036646897,0.5870008927233659,0.648838333408939,0.6472459675475439,0.7001742503374487,0.6927430996702235,0.7364488023459442,0.7282272901536267,0.757264899645903,0.8976510336094001,0.9029080293201156,0.9869247095851205,0.9844574278179772,1.0138751019919392,1.01095304896638,1.220108674035987,1.2282017616254435,56.06686763645737,0.21090675105485235,0.5736407405901451,5.479865931292602,3.449056891438664e+18,1.425334035277529e+18,0.10215112694141176,0.042214287138307355,0.17509471767851575,0.1655727711982806,0.04022849318627041,0.016315760722988827,0.07924409100479583,0.0,0.0,0.0182702962793364,0.014951054191748777,0.008557142377776314,2.135093173953263,83.33246316801024,34.43741281615457,21,0.001,25,0.05088210105895996,0.30010420243223457
S1,3,31,1,MGCUBED,det,sample,0,1,0,3.7639490308415694e-19,0.12623193736811422,1.25,7.07e-06,10100.0,3.16e-11,4,1e-06,0.3953637675101565,0.0,0.44129427148463624,0.0,0.4032222089277288,0.3953637675101565,0.44129427148463624,0.41718353058483926,0.4651280803798622,0.45324496281231486,0.4949662956687487,0.6217621465180602,0.6597029681177652,0.7661703311432753,0.7989060259673786,0.8714638324464742,0.9025631398358265,0.8964261765305359,0.9247589885242832,0.9161830848203376,0.9264879886389668,0.9805524454896922,0.9735360531468462,1.012780182767932,1.0039565013354363,0.5568966577582192,0.21090675105485235,0.5736407405901451,0.15778992171014278,3.449056891438664e+18,1.425334035277529e+18,10.284302542224331,4.250021644731179,1.2071455712675914,0.5616244649398596,0.7845700165949324,0.08775740379555819,0.8817872852050233,0.59204,0.0,0.01855491876037661,0.08751179063034445,0.017834824001213462,1.0403757704092933,83.33246316801024,34.43741281615457,21,0.001,25,0.05766415596008301,0.30010420243223457
S1,3,32,1,MGCUBED,det,sample,0,1,0,1.0389088675297399e-19,0.42405469026897236,1.25,7.07e-06,10100.0,3.16e-11,5,1e-06,0.4729503366093151,0.0,0.5244828283006312,0.0,0.47779350667127424,0.4729503366093151,0.5244828283006312,0.4924751585676971,0.5449057611608152,0.563878361049476,0.6248637194641541,0.615297400545175,0.6771153710899374,0.6680016060212121,0.7235902904618404,0.7299919574199283,0.78257162048423,0.7431026825926974,0.7922107449301037,0.769761396500698,0.7981768682409803,0.9638944612101429,0.95577310316291,1.0874575283337684,1.0758743053021345,6.7778743816504825,0.21090675105485235,0.5736407405901451,0.5300683628362155,3.449056891438664e+18,1.425334035277529e+18,0.8449985040508278,0.3491983940803779,1.3982740579676671,1.0225206737849244,0.25141319053645095,0.07666932598073228,0.37460333856543465,0.0,0.0,0.018379393865448117,0.07641939015612687,0.018938580219014702,0.970473691950511,83.33246316801024,34.43741281615457,21,0.001,25,0.052512407302856445,0.30010420243223457
S1,3,33,1,MGCUBED,det,sample,0,1,0,6.1760747605230596e-18,0.5368628341551964,1.25,7.07e-06,10100.0,3.16e-11,5,1e-06,0.3766616879596277,0.0,0.42925841320810165,0.0,0.38637867681795385,0.3766616879596277,0.42925841320810165,0.4261935538993377,0.477064723953263,0.4513475310757294,0.5049492021188171,0.5160811318290581,0.5683259506401189,0.6336788754749427,0.6787638580436596,0.7538178073607913,0.786104006827916,0.8882018203616344,0.9071398467899344,0.9505449983095814,0.9570998259459108,0.9868233128747718,0.9831003524864016,0.9999041024171651,0.995337725536292,0.14434438448294898,0.21090675105485235,0.5736407405901451,0.6710785426939956,3.449056891438664e+18,1.425334035277529e+18,39.67798077947146,16.397055263555956,0.08565464198800016,0.03663255922962017,0.9267774651820916,0.0455656843733722,0.9744677281989452,0.96672,0.82636,0.037025386838074936,0.043866105499625684,0.011157011705947701,3.318575601954154,83.33246316801024,34.43741281615457,21,0.001,25,0.04809403419494629,0.30010420243223457
S1,3,34,1,MGCUBED,det,sample,0,1,0,5.722876215294519e-19,3.3230167977321754,1.25,7.07e-06,10100.0,3.16e-11,5,1e-06,0.3987374426641378,0.0,0.44527176367387455,0.0,0.4059446469926418,0.3987374426641378,0.44527176367387455,0.47324558113675863,0.5196390136937783,0.5064896101332604,0.5533737343329096,0.5252365514830859,0.5793793467763648,0.5574708559328412,0.6143011142848323,0.6582203605122945,0.7067422329109629,0.729982807359439,0.7732106976649522,0.7758380502500712,0.7978467689922095,0.96736715885856,0.9578679476724513,1.0756319111457946,1.0654484943665132,9.642003436597545,0.21090675105485235,0.5736407405901451,4.1537709971652195,3.449056891438664e+18,1.425334035277529e+18,0.5939941580398488,0.24547002756369932,0.1932965798293169,0.15103260911823851,0.19159084190488054,0.06730781869171241,0.3337740530058042,0.0,0.0,0.06888346411474906,0.06285467042625788,0.017119984827818988,4.02357039492333,83.33246316801024,34.43741281615457,21,0.001,25,0.06226611137390137,0.30010420243223457
S1,3,35,1,MGCUBED,det,sample,0,1,0,6.955521414907e-20,0.67380106429691,1.25,7.07e-06,10100.0,3.16e-11,2,1e-06,0.5525368990262527,0.0,0.6178832096419898,0.0,0.5574408015886612,0.5525368990262527,0.6178832096419898,0.5707710691033775,0.6360803796368727,0.6083525692649663,0.6631029827396326,0.6947899922188505,0.7404318442329924,0.7186460165792851,0.7622679449546521,0.7275751517479915,0.7645665988899326,0.833039919772039,0.8464425599811366,0.9712748137808865,0.9702825250008117,1.0206918853647389,1.0113640272776303,1.1357302585038378,1.1371091693913973,16.086112370675462,0.21090675105485235,0.5736407405901451,0.8422513303711375,3.449056891438664e+18,1.425334035277529e+18,0.3560396434616349,0.14713454654622052,1.0350085451637965,0.8755599910759733,0.12615218391306657,0.04362307181256537,0.2034186114198893,0.0,0.0,0.013371929985770902,0.04338506163837021,0.014500715207802427,0.9221565829094996,83.33246316801024,34.43741281615457,21,0.001,25,0.054125070571899414,0.30010420243223457
S1,3,36,1,MGCUBED,det,sample,0,1,0,3.7259421827059895e-18,0.5265428260951012,1.25,7.07e-06,10100.0,3.16e-11,5,1e-06,0.3872669739574337,0.0,0.43652386829950623,0.0,0.3951246194281448,0.3872669739574337,0.43652386829950623,0.42912118381529285,0.4784899018179537,0.45320805434693384,0.5076352416476965,0.5100948912542345,0.5638069336391045,0.5905916198112887,0.6375206272811282,0.696163828156399,0.7309375917460056,0.8561264592808651,0.875906353063721,0.9378096347548951,0.9472003894826027,0.9785510812647551,0.9745618557593831,1.0005830965450413,0.9947157590515684,0.2346641172612189,0.21090675105485235,0.5736407405901451,0.6581785326188765,3.449056891438664e+18,1.425334035277529e+18,24.406346313116494,10.08600239770032,0.13705071913674954,0.059801774809791076,0.888823353987345,0.06297967145158447,0.9575381163582144,0.91632,0.58492,0.045666319698162414,0.06113714553883761,0.013496732052206434,3.38350939483139,83.33246316801024,34.43741281615457,21,0.001,25,0.04880881309509277,0.30010420243223457
S1,3,37,1,MGCUBED,det,sample,0,1,0,8.929612111009184e-18,6.17586487499431,1.25,7.07e-06,10100.0,3.16e-11,5,1e-06,0.30230289488755663,0.0,0.353230277812843,0.0,0.31582639964328124,0.30230289488755663,0.353230277812843,0.34631793284919343,0.39484361922939815,0.4096307447020599,0.4537456200187581,0.45268042189379815,0.4944502602243761,0.4923659457793654,0.533862162826881,0.5708607267424798,0.6143392037671632,0.710304743054404,0.7454845490026483,0.8333690099536127,0.8614447413355203,0.9171980010164077,0.9173640001550304,1.0059263451797658,0.9950327786574186,1.1484558087210996,0.21090675105485235,0.5736407405901451,7.719831093742887,3.449056891438664e+18,1.425334035277529e+18,4.986951757000473,2.060874115815162,0.04232010464686236,0.021636471805657094,0.6370255751581309,0.1256312582815663,0.8303873547669556,0.02912,0.0,0.15472607898004526,0.11514115508335684,0.020714499056278615,7.469457917358972,83.33246316801024,34.43741281615457,21,0.001,25,0.05979490280151367,0.30010420243223457
S1,3,38,1,MGCUBED,det,sample,0,1,0,8.96097637348848e-18,3.0381021661846437,1.25,7.07e-06,10100.0,3.16e-11,5,1e-06,0.3036473387785407,0.0,0.35280723101396255,0.0,0.3162832359763136,0.3036473387785407,0.35280723101396255,0.3526111076270246,0.400936967111348,0.4160231929519715,0.4626657256519031,0.44980325924631787,0.4954407701706356,0.5042286007398392,0.5464969987501597,0.6182480200661787,0.6599985802745653,0.7618330868805747,0.7916722598194954,0.8786008863243594,0.9006389819177992,0.9449485630251734,0.944008686325375,1.0010688220984594,0.9925188299869768,0.5629841131978269,0.21090675105485235,0.5736407405901451,3.7976277077308045,3.449056891438664e+18,1.425334035277529e+18,10.173100055359065,4.204066853515643,0.050599327591850415,0.02356752219404214,0.7739450084358456,0.10322220518436818,0.9088569209609106,0.51212,0.00864,0.11200843033760575,0.09654226282224256,0.01797208194117279,6.232356980356418,83.33246316801024,34.43741281615457,21,0.001,25,0.0582880973815918,0.30010420243223457
S1,3,39,1,MGCUBED,det,sample,0,1,0,8.18164518729429e-18,0.4956388556091459,1.25,7.07e-06,10100.0,3.16e-11,5,1e-06,0.37804430053139254,0.0,0.4307980045770934,0.0,0.3879991900362998,0.37804430053139254,0.4307980045770934,0.4271204055507112,0.47774678452886254,0.4591858406516308,0.5113812907211875,0.5401622342640545,0.5900389644110909,0.6714885363378071,0.7138902578466514,0.7978256001171873,0.825887044139026,0.9139218387079954,0.9311910432357534,0.9612367664475603,0.9650273411672031,0.9916266199394903,0.9882221656020482,0.9996678660355689,0.9958862218017438,0.10059439930571021,0.21090675105485235,0.5736407405901451,0.6195485695114323,3.449056891438664e+18,1.425334035277529e+18,56.93451874724778,23.528375989979505,0.06580453834734765,0.027860392963175263,0.9470900333757576,0.034674072367099205,0.9823024075573318,0.99068,0.91708,0.02930451439530288,0.03325505828357529,0.009574151664504276,3.06079488002556,83.33246316801024,34.43741281615457,21,0.001,25,0.051045894622802734,0.30010420243223457
S1,3,40,1,MGCUBED,det,sample,0,1,0,1.865138978110703e-17,9.761542127049786,1.25,7.07e-06,10100.0,3.16e-11,4,1e-06,0.3334845843086178,0.0,0.38264377047808484,0.0,0.3449900790894627,0.3334845843086178,0.38264377047808484,0.3812897287925954,0.42786577046269814,0.4353641246988916,0.47774980844064924,0.4815677287393365,0.5233189560046779,0.5420808203047247,0.5807706415285832,0.6491615109624328,0.6856274301641593,0.7962884282314396,0.828633437505638,0.8689021438320375,0.8919987084376707,0.9419837412740298,0.9386515038133406,1.0044183285358679,0.9943106144003625,0.8690731494040638,0.21090675105485235,0.5736407405901451,12.201927658812233,3.449056891438664e+18,1.425334035277529e+18,6.590116973544029,2.723387382263332,0.02201067348951436,0.010797496827998044,0.6940403000827207,0.12013169243212193,0.8670280164149244,0.1716,0.0,0.14877221493042248,0.11012200148613141,0.019815260909742928,7.507961444871662,83.33246316801024,34.43741281615457,21,0.001,25,0.04904484748840332,0.30010420243223457
S1,3,41,1,MGCUBED,det,sample,0,1,0,2.6502618652153418e-18,2.9658024056012207,1.25,7.07e-06,10100.0,3.16e-11,5,1e-06,0.32963161252837897,0.0,0.37818215405723926,0.0,0.3384232032677661,0.32963161252837897,0.37818215405723926,0.37474083036461586,0.4205719627593377,0.43996756330926146,0.48350396007783675,0.4733761973398078,0.5178809855897574,0.49961303204314744,0.5470497999798196,0.549083421506771,0.5961794056597032,0.6988076432482261,0.7362927793812581,0.8176600851161352,0.8444493582488856,0.9146173766765726,0.9117318722271067,1.0173873585452315,1.004798558839983,1.8582430757720025,0.21090675105485235,0.5736407405901451,3.7072530070015257,3.449056891438664e+18,1.425334035277529e+18,3.082101468754133,1.2736885072840065,0.11863608521822708,0.0660790785272113,0.5309183581987756,0.12485132230746665,0.739408695473126,0.0,0.0,0.13375389208874816,0.11657582614242641,0.021584957735936067,6.196625155585355,83.33246316801024,34.43741281615457,21,0.001,25,0.06236124038696289,0.30010420243223457
S1,3,42,1,MGCUBED,det,sample,0,1,0,6.388825550637131e-18,5.207580829560623,1.25,7.07e-06,10100.0,3.16e-11,5,1e-06,0.2999953386077049,0.0,0.34947986237315903,0.0,0.31285080620870154,0.2999953386077049,0.34947986237315903,0.3486114177556834,0.39667050360960965,0.41843654809833525,0.4623232896070137,0.45740763274352403,0.4997451147940333,0.49278592559657936,0.5358387355930745,0.5599279852557659,0.6046891313994458,0.6997221996251026,0.7360185819493391,0.824306265794638,0.8525482065046899,0.9138916958055355,0.9133906993298481,1.0087991637932385,0.9973258315138184,1.3535181614230545,0.21090675105485235,0.5736407405901451,6.509476036950779,3.449056891438664e+18,1.425334035277529e+18,4.231412533923857,1.7486450620377827,0.055890153868096704,0.02936533765018346,0.6014366195849844,0.12720780592772254,0.8047640063447828,0.0012,0.0,0.1549583609993493,0.1166838106354191,0.021114015982297552,7.339123032267747,83.33246316801024,34.43741281615457,21,0.001,25,0.04838919639587402,0.2999953386077049
S1,3,43,1,MGCUBED,det,sample,0,1,0,8.109656962813088e-18,9.96980455126036,1.25,7.07e-06,10100.0,3.16e-11,4,1e-06,0.3279754275481079,0.0,0.37563721637238084,0.0,0.3385563943003721,0.3279754275481079,0.37563721637238084,0.3896151197211783,0.43675200855438784,0.4509872225891053,0.494922505599879,0.4913179627226463,0.5349712159926638,0.5261977409140461,0.5710294565551578,0.5961612884612989,0.6366823864534621,0.7475600877030512,0.7871999375710744,0.8158010142524365,0.8414690748291761,0.9276622682954212,0.9219182672925851,1.0185405524801767,1.0058070151678091,2.041424196531334,0.21090675105485235,0.5736407405901451,12.46225568907545,3.449056891438664e+18,1.425334035277529e+18,2.805538272187898,1.1593978622240524,0.037159569625828566,0.02108566238779324,0.506322881178061,0.1283240516382829,0.7338522184220729,0.0,0.0,0.17232025934574297,0.11529638942029159,0.021579878817800335,7.985228313868159,83.33246316801024,34.43741281615457,21,0.001,25,0.050296783447265625,0.2999953386077049
S1,3,44,1,MGCUBED,det,sample,0,1,0,6.2071071232868534e-18,9.733242237261887,1.25,7.07e-06,10100.0,3.16e-11,5,1e-06,0.3130915822791548,0.0,0.3601551036237187,0.0,0.3230437753161152,0.3130915822791548,0.3601551036237187,0.3595922416966226,0.4059791102692398,0.4309097387499589,0.47460462013854227,0.48390448703959144,0.5277104284923199,0.5067442409284398,0.5523398172000445,0.5465358658036078,0.5915286281201999,0.6901113581262661,0.7317451331410249,0.7900934072231847,0.8201490976436517,0.9040293204590752,0.9009585411078178,1.0241638759864888,1.0110081274690939,2.6038585550754014,0.21090675105485235,0.5736407405901451,12.16655279657736,3.449056891438664e+18,1.425334035277529e+18,2.1995410242140583,0.9089675185072966,0.04305602336361606,0.02568885645009796,0.449728665214981,0.12419782685009514,0.6828989338427723,0.0,0.0,0.16928682000321527,0.11096418695378547,0.021492952064234957,7.876387547754066,83.33246316801024,34.43741281615457,21,0.001,25,0.05948495864868164,0.2999953386077049
S1,3,45,1,MGCUBED,det,sample,0,1,0,1.9641572009177602e-17,9.71558520018078,1.25,7.07e-06,10100.0,3.16e-11,2,1e-06,0.4403663122583701,0.0,0.49090101673172715,0.0,0.44818367643091117,0.4403663122583701,0.49090101673172715,0.4606415600410652,0.5045943752439404,0.5028655197817506,0.5464427617257297,0.5469735777675947,0.5872766302962266,0.6565595539433792,0.690482573521686,0.7882441776659437,0.8166271788760615,0.8623226166462183,0.8886727734568272,0.9097920236536701,0.9150773938058543,0.9812712638699448,0.9725305593544271,1.0013255232888476,0.9916573473702631,0.8213756402908058,0.21090675105485235,0.5736407405901451,12.144481500225975,3.449056891438664e+18,1.425334035277529e+18,6.97280687690148,2.881535235830607,0.021213752096574088,0.010327846581306982,0.7050778468946385,0.11848344726146598,0.8734083753419757,0.20856,0.0,0.14582333556336016,0.10873696511818427,0.019603465122196063,7.438651006563702,83.33246316801024,34.43741281615457,21,0.001,25,0.04793596267700195,0.2999953386077049
S1,3,46,1,MGCUBED,det,sample,0,1,0,1.3102989931649848e-18,0.11042108277089908,1.25,7.07e-06,10100.0,3.16e-11,5,1e-06,0.4231061345431212,0.0,0.4742335107336012,0.0,0.4339105947921242,0.4231061345431212,0.4742335107336012,0.4438604050269752,0.492244123537885,0.4805532576367165,0.529238354213695,0.5268970777293717,0.5699396251612096,0.6930734452329237,0.7180675467339694,0.8806113698160585,0.8978150219709097,0.9437368924185823,0.9577077992849424,0.9626120035156227,0.9658897147275752,0.9910019883310511,0.986969048686217,1.0009027957934375,0.996441380817135,0.13993639828556864,0.21090675105485235,0.5736407405901451,0.13802635346362385,3.449056891438664e+18,1.425334035277529e+18,40.92783423974784,16.91356129175842,0.4044418157865161,0.17279674439214243,0.9309737955612771,0.041200789553112786,0.9705573958113822,0.97384,0.85552,0.01512072572808604,0.04087030348691177,0.010904312504166286,1.3866739166094844,83.33246316801024,34.43741281615457,21,0.001,25,0.051811933517456055,0.2999953386077049
S1,3,47,1,MGCUBED,det,sample,0,1,0,1.803051751855304e-17,0.10102471316356906,1.25,7.07e-06,10100.0,3.16e-11,5,1e-06,0.4620903304373155,0.0,0.5013826863420994,0.0,0.46889536831183287,0.4620903304373155,0.5013826863420994,0.5626199932561368,0.6081090595933457,0.6905297373584852,0.7292159736743785,0.8221261042296635,0.8489567040145508,0.9245272721835759,0.9413150435223957,0.9650772863966518,0.9725607473266374,0.9896631243749983,0.9888896088174343,0.9979345089008022,0.9963241463005028,0.9989671353498422,0.9973101436967692,0.9991280124412424,0.9975908160169733,0.00930397492947839,0.21090675105485235,0.5736407405901451,0.12628089145446134,3.449056891438664e+18,1.425334035277529e+18,615.574929699448,254.38835199909275,0.03100710895387183,0.012843296207073678,0.9946753602852983,0.003971159890120128,0.9983600200439893,1.0,1.0,0.003534153297120266,0.003778057818022681,0.0031015715360016094,1.1394717987631262,83.33246316801024,34.43741281615457,21,0.001,25,0.05262589454650879,0.2999953386077049
S1,3,48,1,MGCUBED,det,sample,0,1,0,1.3634672825621106e-17,6.629331373161384,1.25,7.07e-06,10100.0,3.16e-11,5,1e-06,0.310334061478202,0.0,0.3608873869327586,0.0,0.3235461903481438,0.310334061478202,0.3608873869327586,0.3497925856550001,0.3982038809958676,0.4032745900521774,0.44687486779621766,0.44950530377019104,0.49149291006548146,0.49821518802174647,0.5379748083822099,0.5979935948627698,0.6389838714514385,0.7398392166384699,0.7723816699981387,0.8562275018688374,0.8824608980308828,0.9288022823535793,0.9292372959222852,1.0022240688998003,0.9925379935287145,0.8073727822562737,0.21090675105485235,0.5736407405901451,8.28666421645173,3.449056891438664e+18,1.425334035277529e+18,7.093741378218949,2.9315118138322545,0.030694507809857014,0.01490976971403728,0.7087207736252978,0.11745421182596145,0.8751452944900514,0.21948,0.0,0.14140632136615985,0.10817882493044954,0.019536958039599036,7.237888369292008,83.33246316801024,34.43741281615457,21,0.001,25,0.05457425117492676,0.2999953386077049
S1,3,49,1,MGCUBED,det,sample,0,1,0,5.1065833757317524e-20,0.10472895180431151,1.25,7.07e-06,10100.0,3.16e-11,1,1e-06,0.6592081853621788,0.0,0.7194113122323958,0.0,0.6641171375492538,0.6592081853621788,0.7194113122323958,0.6789877778456668,0.7356214865175065,0.7033382020518495,0.7595252793969411,0.7089140797968309,0.7650980794001147,0.7099430348625128,0.7648847737154536,0.7268730441400479,0.7723406223352487,0.8640873651742638,0.8901341855275723,0.9630723940016693,0.9720063843724945,1.0404965164522213,1.031970137694026,1.0858229986611616,1.07982733706956,3.405535622147873,0.21090675105485235,0.5736407405901451,0.13091118975538937,3.449056891438664e+18,1.425334035277529e+18,1.6817600367741508,0.6949928328331878,4.506665910142211,2.848415336538933,0.3986690453971615,0.08535367183072722,0.5291694903322258,0.0,0.0,0.011835364248794358,0.08525588461526462,0.021532696126152877,0.5496461836202448,83.33246316801024,34.43741281615457,21,0.001,25,0.05841803550720215,0.2999953386077049
S1,3,50,1,MGCUBED,det,sample,0,1,0,2.3847817505304807e-18,9.920080886542372,1.25,7.07e-06,10100.0,3.16e-11,4,1e-06,0.3934819761702984,0.0,0.438187260935741,0.0,0.4009297428223546,0.3934819761702984,0.438187260935741,0.47321045149412055,0.5219914046840842,0.5090723759782481,0.5571160478721473,0.5184194263769649,0.5674707168785474,0.5369466950931098,0.5878962175446152,0.6421431217334689,0.691050092286277,0.7230380962978994,0.7645571563231006,0.7873200074213043,0.8051340003731908,0.9688007749820994,0.9579811354290321,1.0551831480457374,1.0435520273658025,6.907416939920782,0.21090675105485235,0.5736407405901451,12.400101108177966,3.449056891438664e+18,1.425334035277529e+18,0.8291512967805257,0.3426494838717564,0.060063705898679896,0.04408848183648301,0.24513441786636297,0.08726572481340823,0.4426596973329859,0.0,0.0,0.12393868656691913,0.0763092885651571,0.018638253861644586,6.649694090816678,83.33246316801024,34.43741281615457,21,0.001,25,0.052886009216308594,0.2999953386077049
S1,3,51,1,MGCUBED,det,sample,0,1,0,1.0072349515441875e-17,3.4885716218761074,1.25,7.07e-06,10100.0,3.16e-11,4,1e-06,0.32745115057843116,0.0,0.37717745877551934,0.0,0.33891022267126586,0.32745115057843116,0.37717745877551934,0.38475234318403484,0.4336250200538643,0.4422173504137684,0.4892742539746898,0.4784030897622089,0.5237449401241866,0.5518836080219618,0.5939693413376508,0.6699098656071228,0.7070699928480306,0.8132247496646438,0.8413078122740228,0.8926441694307448,0.9112948236629232,0.9568863894920798,0.9529325985714259,1.0019435123722482,0.9932234697065636,0.5751299096480141,0.21090675105485235,0.5736407405901451,4.360714527345134,3.449056891438664e+18,1.425334035277529e+18,9.958260937331975,4.115283885686635,0.04483039880837835,0.020926697942751864,0.7702023950743773,0.10438898208639806,0.9072612243875652,0.49244,0.006,0.11549459583869466,0.09737881547581091,0.01807408793462283,6.390064951352402,83.33246316801024,34.43741281615457,21,0.001,25,0.05166983604431152,0.2999953386077049
S1,3,52,1,MGCUBED,det,sample,0,1,0,8.722668296380851e-19,0.10079543884683731,1.25,7.07e-06,10100.0,3.16e-11,3,1e-06,0.4936778349869178,0.0,0.5372410114755397,0.0,0.50160201354885,0.4936778349869178,0.5372410114755397,0.5096835059681861,0.557297753312116,0.5276043138112284,0.5740603743660428,0.6182671426250012,0.653336332484984,0.7886939570290559,0.8048452089587301,0.9161477100809575,0.9329851380892741,0.941635197062155,0.9538305215940547,0.9690065207225249,0.9671568317694075,0.9956712991991699,0.990429582772727,1.0006001081740716,0.9955033317144787,0.1918848204597574,0.21090675105485235,0.5736407405901451,0.12599429855854663,3.449056891438664e+18,1.425334035277529e+18,29.84756011140668,12.334601787050996,0.5952084061304757,0.25729318777209725,0.9091250105557724,0.05035876515755195,0.9583085076790226,0.94748,0.71984,0.014761921651920959,0.050092004980904006,0.012392373398369906,1.191210204645927,83.33246316801024,34.43741281615457,21,0.001,25,0.048664093017578125,0.2999953386077049
S1,3,53,1,MGCUBED,det,sample,0,1,0,1.8121824220956915e-19,0.10245663616523548,1.25,7.07e-06,10100.0,3.16e-11,5,1e-06,0.39403501735553736,0.0,0.43807149278353613,0.0,0.4013907190342232,0.39403501735553736,0.43807149278353613,0.4329399618051491,0.4751967286193485,0.5767909897863037,0.6284285663211456,0.6775088150478155,0.7374968891534567,0.7245457499404965,0.7803939835740049,0.7992156808933492,0.8502862847686574,0.8272266397753893,0.8715491132174368,0.8577121588273304,0.87703852554606,0.9589810692580947,0.9520958967194582,1.0299989150983242,1.019628401771454,0.9388306881756439,0.21090675105485235,0.5736407405901451,0.12807079520654435,3.449056891438664e+18,1.425334035277529e+18,6.100454304778307,2.5210326836994903,2.217582764347183,1.099673493683428,0.6918928987175926,0.09672718374577814,0.8104756303814786,0.0246,0.0,0.015939659367751092,0.09656009227980739,0.02014098033934938,0.7914043457264004,83.33246316801024,34.43741281615457,21,0.001,25,0.05216526985168457,0.2999953386077049
S1,3,54,1,MGCUBED,det,sample,0,1,0,3.4725528464287505e-19,9.748954037793576,1.25,7.07e-06,10100.0,3.16e-11,1,1e-06,0.642840998755417,0.0,0.7070613362620425,0.0,0.6483055660742052,0.642840998755417,0.7070613362620425,0.6490312258220351,0.7125055858506787,0.6554868761206026,0.7136592187103488,0.6656667904697001,0.7161567244938467,0.6959403206339995,0.728028006329958,0.8806263256933848,0.8808885514874734,0.9799368973782023,0.9732046304689322,0.9939752821399693,0.9883714016390596,1.0106337635807932,1.0092980104927913,1.2334992911298752,1.2424461967012708,46.618495843733754,0.21090675105485235,0.5736407405901451,12.18619254724197,3.449056891438664e+18,1.425334035277529e+18,0.12285453679880845,0.05077003894086429,0.07809518949568553,0.0730816705264638,0.04787151288724739,0.020569971914971525,0.10218875121038422,0.0,0.0,0.029485214768544182,0.017690876893209886,0.009271878278316444,3.1800692247545346,83.33246316801024,34.43741281615457,21,0.001,25,0.054351091384887695,0.2999953386077049
S1,3,55,1,MGCUBED,det,sample,0,1,0,1.1916761315890366e-17,9.495289983225742,1.25,7.07e-06,10100.0,3.16e-11,3,1e-06,0.37058801974716943,0.0,0.4197954531752091,0.0,0.37975557144906097,0.37058801974716943,0.4197954531752091,0.41672712868268175,0.46547850516714123,0.4700096019318605,0.5163008728700913,0.5027912398258414,0.5459815785456056,0.5667656757539618,0.609085143676117,0.6851098241028348,0.7193758972387595,0.809167198969363,0.8439611116559077,0.8561294516240933,0.8738392083093054,0.9566305887260667,0.9488913728350671,1.0093704295665888,0.9978763476818624,1.3231195585218267,0.21090675105485235,0.5736407405901451,11.869112479032179,3.449056891438664e+18,1.425334035277529e+18,4.3286290163661025,1.7888200912055663,0.03021073253619233,0.015811252314282393,0.6055731220102363,0.12834921306923797,0.8104280941249554,0.00396,0.0,0.1655380276120319,0.11661040492282852,0.02105707855172086,7.861395739462801,83.33246316801024,34.43741281615457,21,0.001,25,0.05197596549987793,0.2999953386077049
S1,3,56,1,MGCUBED,det,sample,0,1,0,1.993844870781424e-17,0.1222541085933994,1.25,7.07e-06,10100.0,3.16e-11,1,1e-06,0.6740539537913466,0.0,0.7128948737686654,0.0,0.677287384816026,0.6740539537913466,0.7128948737686654,0.7714872401081584,0.7981531372026784,0.8779236371041218,0.8931701704283153,0.9442147283789065,0.9537696579983174,0.9774554055575472,0.9773719918512976,0.9953672529528433,0.9937574911559596,0.9982520066765255,0.9965540040010015,0.9985595796952851,0.9968593520546125,0.9986077044244797,0.9969687802684633,0.9996028443518593,0.9985692884292667,0.01018172107653948,0.21090675105485235,0.5736407405901451,0.15281763574174925,3.449056891438664e+18,1.425334035277529e+18,562.5074258158381,232.45803254269745,0.02802965177855397,0.0116125308332968,0.9941712638104456,0.0043513161498061744,0.998206178703445,1.0,1.0,0.0039158226475256045,0.0041339801628232364,0.0032437438709951136,1.2071923071793924,83.33246316801024,34.43741281615457,21,0.001,25,0.05750417709350586,0.2999953386077049
S1,3,57,1,MGCUBED,det,sample,0,1,0,1.9205644932385487e-17,3.545590808762494,1.25,7.07e-06,10100.0,3.16e-11,4,1e-06,0.3582761638304341,0.0,0.4072445528587497,0.0,0.36798296192005964,0.3582761638304341,0.4072445528587497,0.4030220700784433,0.44565267568789324,0.45540253366031475,0.4963611868143052,0.5158517196113921,0.559250712841037,0.6113484476960176,0.6482157138929041,0.746259660968149,0.7766633648750015,0.8719602539622421,0.8952859285484208,0.9265143232430474,0.9393737632453977,0.974782705942289,0.9705998807173009,0.9998353028495448,0.9931911476855616,0.30655529011862,0.21090675105485235,0.5736407405901451,4.431988510953118,3.449056891438664e+18,1.425334035277529e+18,18.68274304097946,7.720704635157504,0.025873179209489894,0.011463460829046687,0.8580865103289308,0.07798478117603473,0.9486728192944017,0.83716,0.3332,0.08355554494633582,0.07299394491002052,0.014944416617862796,5.59108776761907,83.33246316801024,34.43741281615457,21,0.001,25,0.06173372268676758,0.2999953386077049
S1,3,58,1,MGCUBED,det,sample,0,1,0,5.764111143314934e-18,4.09955331850458,1.25,7.07e-06,10100.0,3.16e-11,4,1e-06,0.32086061301780844,0.0,0.3703184587377215,0.0,0.33252340702739974,0.32086061301780844,0.3703184587377215,0.38498248566827786,0.4346951586853711,0.44645795827677903,0.4924026563490654,0.47754703753804245,0.5234333008953372,0.5269492708514434,0.5726769094041542,0.6087226887187509,0.6493525245010444,0.7625384759845434,0.7967090215961594,0.8493547062764462,0.8725085999638125,0.9371817497420556,0.9325881926250819,1.00892865084869,0.9976957069654023,1.181009226588937,0.21090675105485235,0.5736407405901451,5.124441648130725,3.449056891438664e+18,1.425334035277529e+18,4.849491082877487,2.004068042877942,0.06495965092810768,0.033360716114407635,0.6318456486405591,0.12487730791607435,0.8243491272588187,0.0184,0.0,0.14558025656086654,0.11542101338982085,0.02079450929411142,7.000898867187595,83.33246316801024,34.43741281615457,21,0.001,25,0.052210092544555664,0.2999953386077049
S1,3,59,1,MGCUBED,det,sample,0,1,0,9.852889276904328e-19,9.864916762855264,1.25,7.07e-06,10100.0,3.16e-11,5,1e-06,0.40491407730477685,0.0,0.4536829449568544,0.0,0.41217037468330053,0.40491407730477685,0.4536829449568544,0.47528889424653253,0.5230182641593029,0.5091961542311081,0.5561617429118872,0.5323212435371941,0.587245315315251,0.5682983495995844,0.624936182437731,0.6596043594619347,0.7092693588791824,0.7172803965900183,0.7585679967669965,0.8057881726458673,0.8204415897736479,0.994457733341828,0.9848842303062267,1.1007805400110593,1.0960959097851564,16.62566098001061,0.21090675105485235,0.5736407405901451,12.33114595356908,3.449056891438664e+18,1.425334035277529e+18,0.3444851738541484,0.14235962420962178,0.07098943455094223,0.06031711271608655,0.12186347488428716,0.04904785091218754,0.24450456056886125,0.0,0.0,0.07029918594511633,0.04241211933021598,0.014194811209976368,4.9524565635440645,83.33246316801024,34.43741281615457,21,0.001,25,0.049324989318847656,0.2999953386077049
S1,3,60,1,MGCUBED,det,sample,0,1,0,1.3362246969819739e-18,1.3343086163788167,1.25,7.07e-06,10100.0,3.16e-11,5,1e-06,0.34945648656536665,0.0,0.40048276682004175,0.0,0.3579719124161497,0.34945648656536665,0.40048276682004175,0.3913531471602466,0.4362760533894695,0.4469822723903001,0.49086748275580133,0.4722112673483736,0.5175947168574823,0.4981145991175486,0.5481255531153101,0.5757966525834034,0.6200249037939277,0.758358569740306,0.7924867154582738,0.8459888143942984,0.8697324493264644,0.926490819568526,0.9226891490819492,1.0181408733317296,1.0057105617224225,1.6581579356885636,0.21090675105485235,0.5736407405901451,1.6678857704735208,3.449056891438664e+18,1.425334035277529e+18,3.4540097718500986,1.4273808292984107,0.24699933202917496,0.13461161383309841,0.559997956253545,0.12149728292507536,0.7439254372580341,0.0,0.0,0.0898668935558299,0.11770242496026127,0.021505429827761817,4.1788001577080225,83.33246316801024,34.43741281615457,21,0.001,25,0.06277203559875488,0.2999953386077049
S1,3,61,1,MGCUBED,det,sample,0,1,0,6.878631169734875e-18,1.8672771383363165,1.25,7.07e-06,10100.0,3.16e-11,5,1e-06,0.30963928809855035,0.0,0.35873791481285106,0.0,0.321529269083122,0.30963928809855035,0.35873791481285106,0.3712417590598846,0.4203656995102586,0.4279557164539358,0.4771849886282384,0.4536578235896361,0.5020826177132751,0.520524077507782,0.5655718196277335,0.6366381680727228,0.6793465221021778,0.77789118014675,0.8059613050492285,0.8931092684723475,0.9119337555048808,0.9549614081678308,0.952938872011839,1.0008730905658794,0.9930121305785125,0.4507708817258111,0.21090675105485235,0.5736407405901451,2.3340964229203958,3.449056891438664e+18,1.425334035277529e+18,12.70555385301664,5.250611663932948,0.06854230243643653,0.03125968637799417,0.8090796078135729,0.0930086150480058,0.9249404421375095,0.67464,0.07932,0.09245521771190161,0.08792648494809654,0.016883304800406493,5.4761327124577885,83.33246316801024,34.43741281615457,21,0.001,25,0.09351086616516113,0.2999953386077049
S1,3,62,1,MGCUBED,det,sample,0,1,0,2.2413492071432e-18,9.737514851441277,1.25,7.07e-06,10100.0,3.16e-11,1,1e-06,0.6261709174863839,0.0,0.6868480377178783,0.0,0.6311974244071855,0.6261709174863839,0.6868480377178783,0.6289349793936129,0.6906969886872455,0.6309236521908138,0.6932309628071467,0.6398002563877171,0.6967780592760925,0.6878710137433274,0.7362618192045394,0.7193943968102865,0.7575206857372581,0.8300004751876845,0.8359126227928603,0.966509172437847,0.9576191506671883,1.0006121690027472,0.9877931419551468,1.072387756143387,1.0699665977572226,7.214192137696063,0.21090675105485235,0.5736407405901451,12.171893564301596,3.449056891438664e+18,1.425334035277529e+18,0.7938925944614729,0.32807870987849175,0.06186115711761817,0.04579788443857221,0.23752543393189357,0.08518964749160098,0.431357412853727,0.0,0.0,0.12077370218695273,0.07448972155086822,0.018441368634011628,6.549063932500563,83.33246316801024,34.43741281615457,21,0.001,25,0.04970884323120117,0.2999953386077049
S1,3,63,1,MGCUBED,det,sample,0,1,0,8.087746080117473e-19,0.33735440594875754,1.25,7.07e-06,10100.0,3.16e-11,5,1e-06,0.36781442849429175,0.0,0.41579239065277107,0.0,0.3770277221952435,0.36781442849429175,0.41579239065277107,0.40698986266153697,0.45147830945323314,0.43347436658277894,0.48024312201086994,0.4568282553022156,0.5043012805460966,0.5530999615859721,0.5923622886869347,0.7533694221410897,0.7836919514464871,0.8764571374291944,0.9030852677131477,0.9109253294172173,0.926696560354319,0.9582930479269358,0.9541725736679739,1.0092786148994968,0.9996689532589399,0.6926406504505399,0.21090675105485235,0.5736407405901451,0.42169300743594695,3.449056891438664e+18,1.425334035277529e+18,8.268780802012806,3.417100696892888,0.5368664941019021,0.2558473887656273,0.7449447881307545,0.10255221123264113,0.8647280794652634,0.38296,0.0,0.037645774383091336,0.10176752345235378,0.018851840880656095,1.9969282905267745,83.33246316801024,34.43741281615457,21,0.001,25,0.06418299674987793,0.2999953386077049
S1,3,64,1,MGCUBED,det,sample,0,1,0,1.158052865413247e-17,9.968824196632019,1.25,7.07e-06,10100.0,3.16e-11,5,1e-06,0.3080741579551794,0.0,0.35836633889396996,0.0,0.320654375675404,0.3080741579551794,0.35836633889396996,0.35089267995199896,0.39943500360151896,0.4080090875506704,0.45152733103655573,0.45887320591187875,0.499812003577607,0.4990773105464036,0.5405960662334959,0.5656423747098166,0.6092310708442941,0.7026807983145549,0.7397941488858699,0.8198881427375921,0.8495554800351771,0.9093944134398082,0.9094545213866954,1.0089135548364596,0.9973500905700665,1.429435781965645,0.21090675105485235,0.5736407405901451,12.461030245790024,3.449056891438664e+18,1.425334035277529e+18,4.006681367149893,1.6557741727272413,0.03021724784707321,0.016028618663391822,0.5882560406275924,0.1290819046636173,0.7982475357957953,0.0,0.0,0.1681722693026293,0.11700041445575297,0.02121087605026055,7.928586679028918,83.33246316801024,34.43741281615457,21,0.001,25,0.0604100227355957,0.2999953386077049
S1,3,65,1,MGCUBED,det,sample,0,1,0,5.434245566773868e-18,0.1071215696548052,1.25,7.07e-06,10100.0,3.16e-11,5,1e-06,0.4373426529790073,0.0,0.4887872999978255,0.0,0.4453752085617938,0.4373426529790073,0.4887872999978255,0.46659033707842806,0.5227648286364095,0.5588047582756692,0.6126117855304427,0.6670641829493853,0.7099567978991741,0.7867424632737319,0.814467448656484,0.9149820932110039,0.9306661825706408,0.964037719607296,0.9698856300728208,0.9897095679738109,0.9880604154523893,0.9981913787507369,0.995889275030078,0.9993033275554306,0.9971014889683273,0.03273307199004437,0.21090675105485235,0.5736407405901451,0.1339019620685065,3.449056891438664e+18,1.425334035277529e+18,174.96963666841356,72.30677432508452,0.10187531141042387,0.042439994786908485,0.9820017075111973,0.012672779763128236,0.9940263945044586,1.0,1.0,0.00891249583080705,0.01231134693977688,0.005684499694468699,1.5678593209318583,83.33246316801024,34.43741281615457,21,0.001,25,0.05350017547607422,0.2999953386077049
S1,3,66,1,MGCUBED,det,sample,0,1,0,1.1951533852741422e-18,2.413541763649448,1.25,7.07e-06,10100.0,3.16e-11,4,1e-06,0.35927023947144454,0.0,0.40650508467683977,0.0,0.36704348069518367,0.35927023947144454,0.40650508467683977,0.44237623439430857,0.4880336032387714,0.493642524894901,0.5406298279748106,0.5069913406327564,0.5563737513207513,0.5270532642573583,0.5811893627477573,0.6163315603677731,0.6609492157944455,0.7546726473777585,0.7936882228165986,0.8072261798937469,0.8287930311048479,0.9460343400234953,0.9367914572146159,1.0361891710645652,1.0226505512233592,3.3533606967747303,0.21090675105485235,0.5736407405901451,3.01692720456181,3.449056891438664e+18,1.425334035277529e+18,1.707926534311567,0.7058062234782253,0.19431461847977446,0.1224047555632316,0.3950115615911807,0.11074141728033547,0.594371795011647,0.0,0.0,0.10391993927249646,0.10493341020028035,0.02121639333803848,4.898096373721557,83.33246316801024,34.43741281615457,21,0.001,25,0.055253028869628906,0.2999953386077049
S1,3,67,1,MGCUBED,det,sample,0,1,0,2.912248129755643e-19,0.10243112231595701,1.25,7.07e-06,10100.0,3.16e-11,1,1e-06,0.4848310110184739,0.0,0.5430070324116881,0.0,0.4914660267884252,0.4848310110184739,0.5430070324116881,0.5301265314237907,0.5734104074138536,0.6578418566246858,0.6942145242162738,0.7760128977204426,0.8058843360989997,0.8633838806111156,0.8934447110648703,0.8818702647221683,0.9047256084336551,0.9347576935327403,0.9378116456672084,0.9920604089362546,0.9857912071976352,1.0057081860398789,0.9968322905046633,1.0097668524858443,1.0022896670961259,0.5840535308863988,0.21090675105485235,0.5736407405901451,0.12803890289494627,3.449056891438664e+18,1.425334035277529e+18,9.806110930357638,4.052407397929492,1.545822745879896,0.7227508885949205,0.7778896240985895,0.08633852357169854,0.8751754818496918,0.55268,0.0,0.016147396584119414,0.08614427808064959,0.01806604850072922,0.8937979206392388,83.33246316801024,34.43741281615457,21,0.001,25,0.06543111801147461,0.2999953386077049
S1,3,68,1,MGCUBED,det,sample,0,1,0,5.354257403805236e-20,2.1337181016299254,1.25,7.07e-06,10100.0,3.16e-11,5,1e-06,0.5300319754321787,0.0,0.586338309163716,0.0,0.5342433352783663,0.5300319754321787,0.586338309163716,0.57505749344334,0.6354866229444146,0.591619646478003,0.6522476254050434,0.6415323349846384,0.6942635544625583,0.6959905257755599,0.7440540968029392,0.7102009619182018,0.7528289308207311,0.8033593487791693,0.8247212510139804,0.9585167698770811,0.9624131373490711,1.0173661680266874,1.014886314792982,1.219760008607671,1.2275768398087896,66.17392476451418,0.21090675105485235,0.5736407405901451,2.667147627037407,3.449056891438664e+18,1.425334035277529e+18,0.08654910122862099,0.035766699009820456,0.3619853558747958,0.34506712740397616,0.03435293278923747,0.013247565292149946,0.06263541999152618,0.0,0.0,0.009502573484941318,0.01281209103815232,0.007948815733382112,1.1954703447249373,83.33246316801024,34.43741281615457,21,0.001,25,0.05587506294250488,0.2999953386077049
S1,3,69,1,MGCUBED,det,sample,0,1,0,1.3836571285449757e-19,9.298156253948669,1.25,7.07e-06,10100.0,3.16e-11,5,1e-06,0.5274201689226643,0.0,0.576944430562674,0.0,0.531818231345817,0.5274201689226643,0.576944430562674,0.5699407351244686,0.6295661943026951,0.5877426125652789,0.6504880271382835,0.6305855356230885,0.6857439078567497,0.689623176658977,0.7367988020969447,0.7220155991825928,0.7571237857537092,0.8809236296840921,0.8927588774067758,0.9822438040475706,0.9832258734543237,1.0164129224615868,1.0159474061910152,1.2384140636414018,1.2474196373643534,111.58798949422473,0.21090675105485235,0.5736407405901451,11.622695317435836,3.449056891438664e+18,1.425334035277529e+18,0.051325359826789464,0.021210372729883967,0.0842515558142649,0.08183818825632944,0.020686045693191154,0.009067141807511836,0.044980096455325136,0.0,0.0,0.012867292451253207,0.007806141119267288,0.0061839416098774394,2.080759047061608,83.33246316801024,34.43741281615457,21,0.001,25,0.06347393989562988,0.2999953386077049
S1,3,70,1,MGCUBED,det,sample,0,1,0,1.2306410318165865e-17,1.9691130948153202,1.25,7.07e-06,10100.0,3.16e-11,5,1e-06,0.3237373403441501,0.0,0.3711481536820108,0.0,0.3348832829190888,0.3237373403441501,0.3711481536820108,0.3711227788382089,0.41673368363586083,0.4255261838936204,0.4710018985324206,0.473445772563493,0.5207154490147387,0.5613959612675414,0.6024173628952937,0.7001638545489791,0.7370288008069196,0.8386308324963417,0.8630447494002301,0.9217649991694393,0.9366875756646093,0.9706205273146238,0.967808997397685,0.9999756861363407,0.9937736743875215,0.2656980498039955,0.21090675105485235,0.5736407405901451,2.46139136851915,3.449056891438664e+18,1.425334035277529e+18,21.55564829084779,8.907942121129151,0.041004910260663566,0.018012086032995995,0.874304413616151,0.07094829651045997,0.9550513745224811,0.88104,0.4562,0.07158103837433853,0.06690221733452796,0.014199240511466553,5.041187823851105,83.33246316801024,34.43741281615457,21,0.001,25,0.06937432289123535,0.2999953386077049
S1,3,71,1,MGCUBED,det,sample,0,1,0,6.8697919452022336e-18,3.129833724691464,1.25,7.07e-06,10100.0,3.16e-11,5,1e-06,0.29877258878367174,0.0,0.34815360935325335,0.0,0.3115075087325175,0.29877258878367174,0.34815360935325335,0.35476878850372884,0.404153604526254,0.41956267843577566,0.46602886093463297,0.4488189274927271,0.49370634165056876,0.49520303138310157,0.5386260509450054,0.5921218202368207,0.6359916258194986,0.7331870218817346,0.7650301229729554,0.8602239911690487,0.884210483074544,0.9347431080150007,0.934129612693437,1.0026550178477982,0.9930929076941241,0.7565310878502033,0.21090675105485235,0.5736407405901451,3.9122921558643298,3.449056891438664e+18,1.425334035277529e+18,7.570467103227777,3.128520278097977,0.06191192379022999,0.029823885879890523,0.7222866962597425,0.11365388843572422,0.8804478535395884,0.26324,0.0,0.12483587667410358,0.1060923423816925,0.019274060847517142,6.476885056123747,83.33246316801024,34.43741281615457,21,0.001,25,0.05807304382324219,0.29877258878367174
S1,3,72,1,MGCUBED,det,sample,0,1,0,5.824171575966411e-20,9.918798102593916,1.25,7.07e-06,10100.0,3.16e-11,1,1e-06,0.6507864596454787,0.0,0.7123722231633765,0.0,0.6561126935314466,0.6507864596454787,0.7123722231633765,0.6578857921846406,0.7124310844898152,0.668777006887206,0.7135683637362623,0.7741319850689983,0.7878374866185976,0.9516836008124333,0.9467681700730213,0.9905848803504114,0.9846983692636626,0.9969395543122774,0.9941551834551638,0.9989073076878445,0.9975938670421877,1.0166926547519046,1.0181237272727581,1.25178218722163,1.2615226482973463,282.79647214950126,0.21090675105485235,0.5736407405901451,12.398497628242396,3.449056891438664e+18,1.425334035277529e+18,0.020252352052366956,0.008369350690130442,0.07998550660749311,0.07905390583042651,0.008286299968134299,0.00368522656557387,0.018319739071467667,0.0,0.0,0.005300275477784087,0.0031565180933857875,0.0039383894126509365,1.3457977163859127,83.33246316801024,34.43741281615457,21,0.001,25,0.054373979568481445,0.29877258878367174
S1,3,73,1,MGCUBED,det,sample,0,1,0,3.0846538787059285e-18,0.10168578308876003,1.25,7.07e-06,10100.0,3.16e-11,1,1e-06,0.6944768478378334,0.0,0.7528471181743148,0.0,0.7006445334211933,0.6944768478378334,0.7528471181743148,0.7091831386293954,0.7596113592123191,0.7357315526432241,0.7782097376079142,0.7755215079254486,0.8018544157608173,0.8909902730742654,0.9030575477706739,0.9584044699195265,0.9581957414434705,0.9905552174017151,0.9874134069465411,0.9966046874402122,0.9936695114678354,0.9972857542692474,0.9944628776688111,0.9984302633713882,0.9963449997657191,0.054739760775328494,0.21090675105485235,0.5736407405901451,0.12710722886095005,3.449056891438664e+18,1.425334035277529e+18,104.62767158676384,43.23772730876863,0.17784306817867268,0.07448212230429141,0.9707977497273312,0.019751304113355916,0.9894933562701554,1.0,0.97832,0.01116653898225919,0.019389723330425542,0.007213409117288355,1.5480251848597333,83.33246316801024,34.43741281615457,21,0.001,25,0.05655312538146973,0.29877258878367174
S1,3,74,1,MGCUBED,det,sample,0,1,0,1.960648296622094e-17,2.154973663140848,1.25,7.07e-06,10100.0,3.16e-11,1,1e-06,0.5579435824954389,0.0,0.6001368856977695,0.0,0.5659572071615884,0.5579435824954389,0.6001368856977695,0.5821951667266634,0.6238543185396989,0.6386198323840385,0.6802356212148566,0.7323907556952961,0.7638382913460774,0.837499270357433,0.8575622347593537,0.9177064582505837,0.9324588381544419,0.9580908484620346,0.9596979880346159,0.9878840564744418,0.9834097134615092,0.9941932112933235,0.9888629573833767,0.9962611309973801,0.9918891184634134,0.18251197639786768,0.21090675105485235,0.5736407405901451,2.69371707892606,3.449056891438664e+18,1.425334035277529e+18,31.380371996267527,12.968041309197805,0.026577401019646292,0.011464792170279181,0.9085275751703195,0.05602767314833448,0.9687934564336138,0.94332,0.71972,0.05673278931188308,0.052742862701969075,0.01232543138832628,4.602904963279103,83.33246316801024,34.43741281615457,21,0.001,25,0.05438399314880371,0.29877258878367174
S1,3,75,1,MGCUBED,det,sample,0,1,0,2.2068056406442703e-19,0.10031220418542187,1.25,7.07e-06,10100.0,3.16e-11,3,1e-06,0.4044065013310041,0.0,0.45199878470064286,0.0,0.41159797876416027,0.4044065013310041,0.45199878470064286,0.4389875702850292,0.48277120157798503,0.5947314085793862,0.6394695976444511,0.6988978590094636,0.7381239093159335,0.8210919023694268,0.859248085120415,0.8567074257066618,0.8955420776204147,0.8627815341968371,0.8955417064170274,0.9044129835536941,0.9105763298488708,0.9971577177172588,0.9882685527364243,1.0218744776157718,1.0122220333712904,0.7548119820628272,0.21090675105485235,0.5736407405901451,0.12539025523177735,3.449056891438664e+18,1.425334035277529e+18,7.587709057674144,3.1356455721365046,1.9283812552434696,0.9286646003117658,0.7337867896248381,0.09233944435357334,0.842697413630296,0.29756,0.0,0.015902575595262747,0.09216359427777475,0.019251476830563448,0.8260444502634717,83.33246316801024,34.43741281615457,21,0.001,25,0.05345320701599121,0.29877258878367174
S1,3,76,1,MGCUBED,det,sample,0,1,0,8.880350966346871e-19,0.7556614244267655,1.25,7.07e-06,10100.0,3.16e-11,4,1e-06,0.37339273635961806,0.0,0.4223083884043612,0.0,0.3807884603654334,0.37339273635961806,0.4223083884043612,0.4320876597013369,0.47805616055359934,0.46854611470572904,0.516126282220935,0.48731164701425056,0.5371655764861741,0.5367495526335574,0.5870755857000921,0.6788861975376693,0.7123443360402872,0.8296758056463408,0.8608960143164963,0.8688104264565772,0.8870331718224408,0.9524193449860079,0.944978534732313,1.0187001065984007,1.006619181000919,1.413013203613363,0.21090675105485235,0.5736407405901451,0.944576780533457,3.449056891438664e+18,1.425334035277529e+18,4.053248546080977,1.675018211647587,0.3957637307427877,0.20950388202606804,0.5979261952005273,0.11925453793207648,0.7628575495292633,0.0,0.0,0.06176234305692239,0.11744634886257309,0.02125046199732202,2.9064000144893636,83.33246316801024,34.43741281615457,21,0.001,25,0.053943634033203125,0.29877258878367174
S1,3,77,1,MGCUBED,det,sample,0,1,0,4.4435550846677896e-18,1.6400123889652292,1.25,7.07e-06,10100.0,3.16e-11,5,1e-06,0.31764015453984645,0.0,0.3640075423946789,0.0,0.3274981786195706,0.31764015453984645,0.3640075423946789,0.3917155733000857,0.4417258664304232,0.4336526379329931,0.48218579125261946,0.4549020358943597,0.5031601502642062,0.515477099684654,0.5626743653247825,0.6065757356191052,0.6513953150384556,0.748871489433557,0.7781690995328459,0.8789177042491201,0.8987159009853124,0.9469645197724891,0.9449470990174069,1.0024606450647244,0.9935157235743276,0.6128661827378863,0.21090675105485235,0.5736407405901451,2.0500154862065365,3.449056891438664e+18,1.425334035277529e+18,9.345096653160523,3.8618917408323337,0.1003315620916165,0.0471528888934072,0.7614332292302494,0.10436332198161072,0.8983820269479327,0.44948,0.0,0.09857557532273623,0.09919619864824455,0.018347462873723488,5.372708804546065,83.33246316801024,34.43741281615457,21,0.001,25,0.06831574440002441,0.29877258878367174
S1,3,78,1,MGCUBED,det,sample,0,1,0,4.202186587019972e-19,0.22831136352447176,1.25,7.07e-06,10100.0,3.16e-11,5,1e-06,0.37798930990456825,0.0,0.42097462912983696,0.0,0.38577583491531675,0.37798930990456825,0.42097462912983696,0.4113306962970389,0.45615513952773995,0.42793943350792113,0.4743000649607825,0.4989585267679939,0.5402511090267329,0.682862682857527,0.7261696968798567,0.8038643229910465,0.8401276372027041,0.8699761100134303,0.9033032827618324,0.8925187195665748,0.9112990334775746,0.9545105890888004,0.9497774863847747,1.0174845609653176,1.0068873876562043,0.9021968224427952,0.21090675105485235,0.5736407405901451,0.2853892044055897,3.449056891438664e+18,1.425334035277529e+18,6.348164359116031,2.62339967341323,0.9670439636679704,0.47685198790957395,0.6961311272449956,0.10692128963821457,0.8232930720179243,0.06068,0.0,0.027144230854402523,0.10651827999497789,0.019950381354880583,1.3605870670618567,83.33246316801024,34.43741281615457,21,0.001,25,0.06405401229858398,0.29877258878367174
S1,3,79,1,MGCUBED,det,sample,0,1,0,2.918331352794303e-18,9.573524937771275,1.25,7.07e-06,10100.0,3.16e-11,5,1e-06,0.3315160819927585,0.0,0.37726432450859954,0.0,0.3397156495634558,0.3315160819927585,0.37726432450859954,0.3920672734625898,0.4388221135941983,0.4762266022371299,0.5232739383805322,0.5079528521057394,0.5557949415508263,0.5158368550974997,0.5656313260720022,0.573208036176572,0.6214564680099247,0.701383467863865,0.7456800738440033,0.7691567254123857,0.7964665883773591,0.9276331865503948,0.9200508614466393,1.0503913145213144,1.037281078946433,5.447363663660292,0.21090675105485235,0.5736407405901451,11.966906172214093,3.449056891438664e+18,1.425334035277529e+18,1.0513881699043202,0.43448959817757493,0.05825332385670036,0.04073523887758589,0.2894920427941847,0.09802696476323364,0.5027952908616367,0.0,0.0,0.13776097680455565,0.086197460149689,0.01964046980120015,7.014138571987603,83.33246316801024,34.43741281615457,21,0.001,25,0.05714702606201172,0.29877258878367174
S1,3,80,1,MGCUBED,det,sample,0,1,0,1.4318013618177425e-19,0.20979431067235085,1.25,7.07e-06,10100.0,3.16e-11,1,1e-06,0.478235856901364,0.0,0.5365304680156686,0.0,0.4838202913586076,0.478235856901364,0.5365304680156686,0.5489440910652215,0.5991949687901327,0.6393448172698737,0.6863348937027702,0.7437488210237806,0.7865614184396851,0.7855957830196869,0.8274528730406171,0.7958297641114805,0.8304372744533877,0.875807029421724,0.8871476083289629,0.9804233472056506,0.9776166765299931,1.0229379740522186,1.0108910995470848,1.0469556093128032,1.037809275907709,2.4331004162474787,0.21090675105485235,0.5736407405901451,0.2622428883404386,3.449056891438664e+18,1.425334035277529e+18,2.3539076623776074,0.9727600363495007,1.9329562254148427,1.136959981423023,0.47401503809016676,0.10703777139846651,0.6229881692863692,0.0,0.0,0.019966503896782326,0.10681983958701109,0.02178905105314149,0.916354909081899,83.33246316801024,34.43741281615457,21,0.001,25,0.057394981384277344,0.29877258878367174
S1,3,81,1,MGCUBED,det,sample,0,1,0,1.2249265884128951e-17,8.004731272991162,1.25,7.07e-06,10100.0,3.16e-11,4,1e-06,0.3235215504437725,0.0,0.372603497898999,0.0,0.33546905770822116,0.3235215504437725,0.372603497898999,0.37703634601782593,0.42472865308944957,0.4345079914147844,0.47802568558080244,0.47745672660000377,0.5200211754210399,0.5299839585530443,0.5709665178878595,0.6254596927708291,0.6635855489820426,0.7773725107532586,0.8115800355564475,0.854265316410528,0.8784648235525394,0.9361880255041679,0.9324904746303242,1.0070049589538765,0.9961294834314965,1.0851400505766124,0.21090675105485235,0.5736407405901451,10.005914091238953,3.449056891438664e+18,1.425334035277529e+18,5.2779304478677815,2.1811220110189655,0.03141686917296195,0.015919401285714486,0.6487600518563598,0.12513871638255566,0.8390244185249098,0.05548,0.0,0.1567436786773448,0.1143990589232191,0.02055173719410347,7.626784889129293,83.33246316801024,34.43741281615457,21,0.001,25,0.06237196922302246,0.29877258878367174
S1,3,82,1,MGCUBED,det,sample,0,1,0,8.110804212050373e-20,0.10113098802941117,1.25,7.07e-06,10100.0,3.16e-11,5,1e-06,0.45350500135495836,0.0,0.5025096422215971,0.0,0.45900290984032976,0.45350500135495836,0.5025096422215971,0.5369026018436884,0.5906008912238044,0.6179611960957695,0.6811766695594305,0.6460943008042664,0.71170013456845,0.6814277511683732,0.74592529973968,0.723671330704529,0.7871042268522167,0.7358749878088193,0.7919250003240363,0.77616276458623,0.800566853190096,0.9647423701075718,0.9557225197295708,1.0687816973756294,1.0577921033334068,2.070472324744669,0.21090675105485235,0.5736407405901451,0.12641373503676395,3.449056891438664e+18,1.425334035277529e+18,2.766177381214394,1.1431318453593722,3.6911088031582886,2.1004142981136265,0.5161911257816123,0.09635366501701276,0.6528655077616567,0.0,0.0,0.013880850918783287,0.09623197201398967,0.02192398999509635,0.6331352514705563,83.33246316801024,34.43741281615457,21,0.001,25,0.04861116409301758,0.29877258878367174
S1,3,83,1,MGCUBED,det,sample,0,1,0,6.412091288818737e-18,1.9463210023070177,1.25,7.07e-06,10100.0,3.16e-11,4,1e-06,0.3486452090911465,0.0,0.40171559053406897,0.0,0.35956706282814016,0.3486452090911465,0.40171559053406897,0.41222234611939174,0.46557048954910485,0.45340773899431436,0.5045331004932043,0.4818529791684968,0.5306161511217248,0.5688600252881201,0.6151169705056512,0.6750041743138891,0.7135779780765299,0.8147507463167918,0.841226240907145,0.9004882591912095,0.9164711723954349,0.9630251922136052,0.9584328251027374,1.0017111310215252,0.9934134964131955,0.5040386850429828,0.21090675105485235,0.5736407405901451,2.432901252883772,3.449056891438664e+18,1.425334035277529e+18,11.362805838307196,4.695716657440783,0.07216508732028273,0.03324745978475098,0.7923864829442353,0.09761585008726283,0.9165923489559347,0.60416,0.0286,0.0975876394433056,0.09222364387996508,0.017432831494674728,5.597922487412103,83.33246316801024,34.43741281615457,21,0.001,25,0.055551767349243164,0.29877258878367174
S1,3,84,1,MGCUBED,det,sample,0,1,0,2.598781944395763e-18,0.1033005930215775,1.25,7.07e-06,10100.0,3.16e-11,4,1e-06,0.47243145728453523,0.0,0.5262844611434483,0.0,0.48136632978954863,0.47243145728453523,0.5262844611434483,0.5350021753175082,0.5923476394838653,0.5934711120960933,0.645867804960168,0.638434294759136,0.6811941079005817,0.7518387923023783,0.7754763078697834,0.9077883280659154,0.921179245621653,0.9579312374071968,0.9655551811593733,0.9835713647903134,0.9817539198658186,0.9971494978227374,0.9940562772532454,0.9992023388836527,0.9962434800812894,0.06600579580925117,0.21090675105485235,0.5736407405901451,0.12912574127697188,3.449056891438664e+18,1.425334035277529e+18,86.76955777777877,35.85780339942748,0.210115322001168,0.08823548193251982,0.9652221906825832,0.023097892727552357,0.9870875849598154,1.0,0.96812,0.012067348136404168,0.022735641018494703,0.007854773629598378,1.5363075634582206,83.33246316801024,34.43741281615457,21,0.001,25,0.05194592475891113,0.29877258878367174
S1,3,85,1,MGCUBED,det,sample,0,1,0,1.2539433023127389e-17,3.5846221838450796,1.25,7.07e-06,10100.0,3.16e-11,5,1e-06,0.31024688944712503,0.0,0.3575089965899894,0.0,0.32231458481279857,0.31024688944712503,0.3575089965899894,0.35396022646313285,0.4006031270717701,0.41180440850360006,0.4563480461831418,0.45400455221823466,0.49887454108161544,0.5156743911794147,0.5560779145325232,0.63918683847659,0.6783088080872508,0.7844659053312216,0.8130130090362144,0.8897593218840147,0.9108926328061284,0.9503501293176915,0.9492671515242717,1.0004131456843357,0.9924413554706609,0.4746949217204902,0.21090675105485235,0.5736407405901451,4.480777729806349,3.449056891438664e+18,1.425334035277529e+18,12.06520957161499,4.985987296372459,0.037282996321324355,0.017081665711280433,0.8003289496944329,0.09677642578585717,0.9225017872495436,0.63788,0.06196,0.10636906177028649,0.09035157464225681,0.017156027011401828,6.200098758272765,83.33246316801024,34.43741281615457,21,0.001,25,0.04868197441101074,0.29877258878367174
S1,3,86,1,MGCUBED,det,sample,0,1,0,2.889935037123998e-18,3.5136292289835263,1.25,7.07e-06,10100.0,3.16e-11,4,1e-06,0.3482138723987032,0.0,0.39732358714742155,0.0,0.35710843915045887,0.3482138723987032,0.39732358714742155,0.4083484816509234,0.45388752803662363,0.4675907486903995,0.5137800105986777,0.4947032057254258,0.5414915061234894,0.5252760228035617,0.5750160637564453,0.5875284896554109,0.6304466834086652,0.7435474803135245,0.7814976391572259,0.8220655551802529,0.8453284064114445,0.9340596620267386,0.9272310100265735,1.0201715593132625,1.0073194560896364,2.0189099503418095,0.21090675105485235,0.5736407405901451,4.392036536229408,3.449056891438664e+18,1.425334035277529e+18,2.836824749003507,1.172327101042902,0.10481147563814916,0.05934198821256644,0.5111078211396772,0.1248666491181442,0.7252396639310614,0.0,0.0,0.14062426351377422,0.11568179289922755,0.021619493021700506,6.504512542112944,83.33246316801024,34.43741281615457,21,0.001,25,0.06158280372619629,0.29877258878367174
S1,3,87,1,MGCUBED,det,sample,0,1,0,1.5397672453041002e-18,0.43360116247663316,1.25,7.07e-06,10100.0,3.16e-11,5,1e-06,0.39073911527927596,0.0,0.4422341470578832,0.0,0.4004609708258461,0.39073911527927596,0.4422341470578832,0.4240807979555332,0.47426178205258834,0.4480407716550768,0.4959485184385416,0.4818173811700943,0.5306850166579986,0.5270557241903245,0.5722836435938705,0.6766239954388401,0.7075474434887997,0.8617790850264435,0.8832882092560598,0.9245451781417786,0.9372123339886224,0.965652907376568,0.9616247862191887,1.003914239829045,0.9957561399164638,0.467610719776185,0.21090675105485235,0.5736407405901451,0.5420014530957915,3.449056891438664e+18,1.425334035277529e+18,12.247994904565857,5.0615239327356045,0.30438112992680477,0.13926737721559343,0.8078612866777701,0.08981427676319324,0.9105126133030819,0.68068,0.01964,0.04627592426788532,0.08848310062876957,0.01698931946871075,2.723824480027687,83.33246316801024,34.43741281615457,21,0.001,25,0.048593997955322266,0.29877258878367174
S1,3,88,1,MGCUBED,det,sample,0,1,0,1.1717333224286921e-17,9.857370303521321,1.25,7.07e-06,10100.0,3.16e-11,1,1e-06,0.5484147734336284,0.0,0.5810428059887691,0.0,0.5539258724673596,0.5484147734336284,0.5810428059887691,0.5561635822917343,0.5924061293424916,0.5870563764991538,0.6353247337297622,0.6424040681955262,0.6905987899463625,0.7004549427657476,0.7381467654361861,0.7925403506840196,0.8238015599084786,0.8555692894041935,0.8745211946004361,0.941901048830656,0.9375118225912831,0.9903124372608465,0.9787139628314098,1.0043716017015156,0.9948794919201649,1.3969516932973125,0.21090675105485235,0.5736407405901451,12.321712879401652,3.449056891438664e+18,1.425334035277529e+18,4.099850940171451,1.6942768033476683,0.030122201081131138,0.015913709751669187,0.593428826163367,0.12889863210733907,0.8019355138292485,0.00032,0.0,0.16746462145012916,0.11691287740084297,0.02116775038997363,7.911309343927774,83.33246316801024,34.43741281615457,21,0.001,25,0.04847574234008789,0.29877258878367174
S1,3,89,1,MGCUBED,det,sample,0,1,0,4.715025951382546e-18,7.891108604729424,1.25,7.07e-06,10100.0,3.16e-11,4,1e-06,0.3318611365340637,0.0,0.37797513086694823,0.0,0.3413059036065014,0.3318611365340637,0.37797513086694823,0.40513427820036274,0.4503726844588461,0.47165356174392803,0.5170314389754661,0.5016064162381964,0.5471875764467937,0.5239255202908104,0.5711719282509682,0.5946008677922016,0.637334222617357,0.7373002668157413,0.7784780138571405,0.8013345354847838,0.8259389916770631,0.9321319819136537,0.9247035925461818,1.0269222071797486,1.013629388200147,2.779092682962368,0.21090675105485235,0.5736407405901451,9.86388575591178,3.449056891438664e+18,1.425334035277529e+18,2.0608502005892406,0.8516530822671134,0.05475103633567546,0.03312149192036764,0.43498208426516916,0.12209932345002623,0.6664590173878183,0.0,0.0,0.1631613420399808,0.10945142133400348,0.02143090870927271,7.613365548488585,83.33246316801024,34.43741281615457,21,0.001,25,0.04755401611328125,0.29877258878367174
S1,3,90,1,MGCUBED,det,sample,0,1,0,1.4211681360250125e-18,1.2317856152281266,1.25,7.07e-06,10100.0,3.16e-11,3,1e-06,0.4620794110700061,0.0,0.5200581168806405,0.0,0.4679739234498857,0.4620794110700061,0.5200581168806405,0.4871938933935785,0.5417272755126737,0.5012078311361965,0.5509788408706253,0.5218375409073917,0.5716969256076339,0.5594475468447913,0.6114268942599742,0.6632923472991218,0.6989766074008612,0.8127941144703204,0.8431976149951458,0.868090351440515,0.8798331202096488,0.9698472093300358,0.9598101637666763,1.0148794034541195,1.0029196355958176,1.4392583710679794,0.21090675105485235,0.5736407405901451,1.5397320190351582,3.449056891438664e+18,1.425334035277529e+18,3.9793367391632657,1.6444739158227848,0.2455927664795144,0.1304317620782098,0.5924520790987479,0.12116737583517043,0.7704849732109473,0.0,0.0,0.08783634227074824,0.11755451280060968,0.021276252985277393,4.128374593568176,83.33246316801024,34.43741281615457,21,0.001,25,0.05454611778259277,0.29877258878367174
S1,3,91,1,MGCUBED,det,sample,0,1,0,5.106566174309389e-20,0.5988011667997561,1.25,7.07e-06,10100.0,3.16e-11,4,1e-06,0.5206803879401193,0.0,0.581712901268624,0.0,0.5250551244696546,0.5206803879401193,0.581712901268624,0.5745134032890757,0.6381313552240904,0.5945889084711573,0.6546732839791359,0.6536983256508803,0.7059631524466541,0.7069996328332846,0.7564932198429103,0.7162075385292965,0.7642964967760201,0.7331064414724512,0.770779038731323,0.8790582061207554,0.8895766248686318,1.0196663252071978,1.0117072342315028,1.1348159433414489,1.1340590796377905,19.47165075315511,0.21090675105485235,0.5736407405901451,0.7485014584996952,3.449056891438664e+18,1.425334035277529e+18,0.29413498556156364,0.12155224430406203,1.191208655254716,1.0323519228217288,0.10686166754185218,0.037373982050310055,0.17305629871798325,0.0,0.0,0.010377824506939477,0.03720757370823777,0.01349844190941145,0.7688164735297189,83.33246316801024,34.43741281615457,21,0.001,25,0.04705619812011719,0.29877258878367174
S1,3,92,1,MGCUBED,det,sample,0,1,0,1.2976711142051835e-17,3.1081403207055986,1.25,7.07e-06,10100.0,3.16e-11,3,1e-06,0.39258962156627014,0.0,0.44146364349664435,0.0,0.40066331857320564,0.39258962156627014,0.44146364349664435,0.4442741523712216,0.4925978740031541,0.478964646969226,0.5237000418271047,0.5326883185685499,0.5774890656463847,0.6379407203463439,0.6776202840413359,0.7616250099214457,0.7881854210490274,0.8785455498998744,0.9020821582368281,0.9247150930345671,0.9335603415929701,0.9795235020755683,0.9735553481352007,0.9996542476455461,0.9922163939237248,0.39772700280464324,0.21090675105485235,0.5736407405901451,3.885175400881998,3.449056891438664e+18,1.425334035277529e+18,14.400062537248035,5.950872917002887,0.037029685311713065,0.016713479970343087,0.8256724433529624,0.08903033198907845,0.9342585791015394,0.73768,0.15072,0.09560665971380444,0.08336048842092174,0.01627084280383668,5.875950057808948,83.33246316801024,34.43741281615457,21,0.001,25,0.056604862213134766,0.29877258878367174
S1,3,93,1,MGCUBED,det,sample,0,1,0,1.955844488187287e-19,1.0289034065973053,1.25,7.07e-06,10100.0,3.16e-11,1,1e-06,0.6322629861640795,0.0,0.7008177224506936,0.0,0.6382207484792694,0.6322629861640795,0.7008177224506936,0.6356576187318446,0.7030508809012479,0.6401984292987623,0.702405059352963,0.6790803254453261,0.7278708895033738,0.7204309797908028,0.7613279301427222,0.7505486037166426,0.7761351719368673,0.9040374621386819,0.9045759277774433,0.987130584076657,0.9799139782827978,1.0110487988096113,0.9994913011127756,1.1009956171365156,1.1005356367148127,8.73553246856852,0.21090675105485235,0.5736407405901451,1.2861292582466315,3.449056891438664e+18,1.425334035277529e+18,0.655631895794168,0.2709420241830698,0.6117720645104685,0.46962542095423265,0.20761892083653868,0.06784900915841993,0.32794662764860394,0.0,0.0,0.030642629985293865,0.06702823143400202,0.01768612916698147,1.732579791540882,83.33246316801024,34.43741281615457,21,0.001,25,0.044023752212524414,0.29877258878367174
S1,3,94,1,MGCUBED,det,sample,0,1,0,1.9879428580218654e-17,0.24017346888849925,1.25,7.07e-06,10100.0,3.16e-11,5,1e-06,0.4296179287331687,0.0,0.4676264821269501,0.0,0.43650398120015865,0.4296179287331687,0.4676264821269501,0.4934429744047389,0.5344242025711132,0.6073077975705807,0.6515465760371932,0.7387793092771571,0.7728297162780028,0.8641520972119253,0.8853902907579958,0.9441239568289614,0.9590713441427146,0.9737451125170077,0.9766592162321575,0.994355968548291,0.9926957075599243,0.9986700150576744,0.9966973845125663,0.9992036618990382,0.9973373325768633,0.020061815478180554,0.21090675105485235,0.5736407405901451,0.30021683611062405,3.449056891438664e+18,1.425334035277529e+18,285.4823243374037,117.97650376782026,0.027996500803733615,0.0116269853334414,0.9886140776756049,0.008385132796513595,0.9964716296691514,1.0,1.0,0.007609925613052489,0.007961990637761053,0.004522036642399237,1.6828535933788729,83.33246316801024,34.43741281615457,21,0.001,25,0.05380821228027344,0.29877258878367174
S1,3,95,1,MGCUBED,det,sample,0,1,0,1.9575417697979233e-17,2.363737889224856,1.25,7.07e-06,10100.0,3.16e-11,5,1e-06,0.3361847047907938,0.0,0.38268457936522565,0.0,0.34623134705569364,0.3361847047907938,0.38268457936522565,0.382115930170551,0.42434218040806215,0.4321551709276651,0.4724166892719321,0.5005850076072769,0.5455815050555086,0.6012962852732363,0.639143437267708,0.7441013496261139,0.776075617810141,0.8734021935981564,0.8957839448424062,0.9355402262544216,0.9480138728939902,0.9778676676693087,0.9747663878932936,0.9997877003578978,0.9943702522190242,0.20051061847952828,0.21090675105485235,0.5736407405901451,2.95467236153107,3.449056891438664e+18,1.425334035277529e+18,28.563543200700025,11.80397760127866,0.02643295791680291,0.011448120369221238,0.9007246026180471,0.05977784780036727,0.9658212883057246,0.93192,0.66768,0.06109958576173358,0.05622365195505117,0.012788535108673286,4.777684483994993,83.33246316801024,34.43741281615457,21,0.001,25,0.05123281478881836,0.29877258878367174
S1,3,96,1,MGCUBED,det,sample,0,1,0,1.9021633722086707e-19,2.4236800787499218,1.25,7.07e-06,10100.0,3.16e-11,5,1e-06,0.47714782662796756,0.0,0.5237743018297351,0.0,0.48200215694236787,0.47714782662796756,0.5237743018297351,0.5032834433769059,0.552207322051998,0.5419183243431279,0.5993371602708334,0.5760629730172365,0.6366277309482107,0.6401012810000195,0.6921004677848394,0.7069881338793452,0.7541709504503832,0.7256592162582285,0.7652258616462275,0.8371782273169402,0.8492849365209458,1.0068180791060417,0.9982451328205594,1.1244737710638053,1.1229869031624196,21.158095649913097,0.21090675105485235,0.5736407405901451,3.029600098437402,3.449056891438664e+18,1.425334035277529e+18,0.27069041599509974,0.11186369929094277,0.29686783303720554,0.2597615932931583,0.0991326895496617,0.03672381978577945,0.17666571790508429,0.0,0.0,0.029862220663838573,0.03518174181117688,0.013028369102010169,2.2920920055320724,83.33246316801024,34.43741281615457,21,0.001,25,0.0587770938873291,0.29877258878367174
S1,3,97,1,MGCUBED,det,sample,0,1,0,4.85986634021148e-19,0.4392286346596249,1.25,7.07e-06,10100.0,3.16e-11,4,1e-06,0.3894674764047179,0.0,0.435594135937782,0.0,0.39625937237893977,0.3894674764047179,0.435594135937782,0.4386587834921512,0.48594985546814856,0.45965166117849704,0.5089500359034528,0.4906651847214672,0.5409713234159431,0.6114049423409423,0.6541047092510447,0.7760532505494712,0.8098922336868984,0.8463304556091259,0.8798193474209989,0.867408870762325,0.8862124847210943,0.9575359343915198,0.9497379800460661,1.0250734469080671,1.0128061673643525,1.5007744168577228,0.21090675105485235,0.5736407405901451,0.5490357933245311,3.449056891438664e+18,1.425334035277529e+18,3.816225575813536,1.5770676943617328,0.7067625270420181,0.37817474438326876,0.5853315393406117,0.11736195059166825,0.7406479529545996,0.0,0.0,0.03963780219178963,0.11660671744904547,0.0213832632315862,1.853683498280974,83.33246316801024,34.43741281615457,21,0.001,25,0.07091212272644043,0.29877258878367174
S1,3,98,1,MGCUBED,det,sample,0,1,0,8.076289660517576e-18,5.829461489237179,1.25,7.07e-06,10100.0,3.16e-11,4,1e-06,0.31742857740629105,0.0,0.3661905141007746,0.0,0.3294945939348216,0.31742857740629105,0.3661905141007746,0.37603635127958024,0.4244963274910463,0.43960652742361583,0.4843637693267384,0.4769693496639326,0.5210698683283413,0.5253639982672998,0.5687726593263295,0.6125908165255892,0.6520441696298211,0.766705094102447,0.8014844360613788,0.8478708103789687,0.8719830571767189,0.9349735948593679,0.930792202023968,1.0086758970929417,0.9974400959764324,1.1985761965406545,0.21090675105485235,0.5736407405901451,7.286826861546474,3.449056891438664e+18,1.425334035277529e+18,4.7784143633665295,1.9746953561918188,0.04613378145142068,0.02374941235040754,0.6279129823594504,0.12614404233789786,0.8240786007180743,0.01784,0.0,0.15485126695509416,0.11564692449221992,0.020828480950430522,7.434592437327668,83.33246316801024,34.43741281615457,21,0.001,25,0.0525357723236084,0.29877258878367174
S1,3,99,1,MGCUBED,det,sample,0,1,0,1.92311723618134e-17,1.1411287720772219,1.25,7.07e-06,10100.0,3.16e-11,4,1e-06,0.4089854897417924,0.0,0.4552269411201306,0.0,0.41650250289276697,0.4089854897417924,0.4552269411201306,0.44913099856038297,0.48682009596647974,0.5098917883284579,0.5521074014417123,0.6070117297409947,0.6470503238042662,0.7402298931944723,0.774231240745284,0.8584840959364407,0.8791480986417292,0.9360989344633591,0.9514221667376667,0.9683951758620796,0.9699346584582915,0.9938305776146813,0.9902721295249882,0.9990616616600636,0.9953366882773457,0.09853215763761522,0.21090675105485235,0.5736407405901451,1.4264109650965273,3.449056891438664e+18,1.425334035277529e+18,58.12613719678315,24.020816209624282,0.02801907917958129,0.011857027429036176,0.947540756995873,0.03505181454037414,0.9829057264983686,0.99016,0.917,0.033682596919135124,0.03314893245217,0.009519102708628876,3.5384214195527615,83.33246316801024,34.43741281615457,21,0.001,25,0.05676126480102539,0.29877258878367174
S1,3,100,1,MGCUBED,det,sample,0,1,0,3.8140283477986877e-19,9.85352663990264,1.25,7.07e-06,10100.0,3.16e-11,5,1e-06,0.47367317196504216,0.0,0.5191908546273123,0.0,0.4789580938143904,0.47367317196504216,0.5191908546273123,0.5118638402288666,0.5580252024478367,0.5511630263867344,0.6089157109661596,0.5780871649682583,0.639217513425318,0.6403385382508544,0.6932601181185714,0.6986041073198778,0.7440603734200703,0.7474961877579444,0.77632286364389,0.9214346448938614,0.9261035464824007,1.0149293643714068,1.0094385398680799,1.1859911429061256,1.1914596328539255,42.89995889632073,0.21090675105485235,0.5736407405901451,12.3169082998783,3.449056891438664e+18,1.425334035277529e+18,0.1335034778700052,0.05517074864968858,0.07694413977861923,0.07162678117845445,0.05176566497861472,0.022182976804664602,0.11022486274559602,0.0,0.0,0.031858356999937415,0.019071783961992675,0.00962120898213549,3.3112633827091287,83.33246316801024,34.43741281615457,21,0.001,25,0.05358695983886719,0.29877258878367174
