set,search_seed,eval_index,is_finite,task,mode,node,N_R,R,seed,k_on,k_off,T,distance,N_max,D,L,lam_best,objective,opt_sd,held,held_sd,train,opt_lam_1e-06,held_lam_1e-06,opt_lam_1e-05,held_lam_1e-05,opt_lam_1e-04,held_lam_1e-04,opt_lam_1e-03,held_lam_1e-03,opt_lam_1e-02,held_lam_1e-02,opt_lam_1e-01,held_lam_1e-01,opt_lam_1e+00,held_lam_1e+00,opt_lam_1e+01,held_lam_1e+01,opt_lam_1e+02,held_lam_1e+02,opt_lam_1e+03,held_lam_1e+03,KD_nM,tau_D_over_T,phi_ISI,koff_T,c_peak,c_mean,c_peak_over_KD,c_mean_over_KD,tauR_mean_over_T,tauR_peak_over_T,occ_mean,occ_std,occ_max,occ_frac_above_0p8,occ_frac_above_0p9,contrast_within,contrast_between,binomial_sd_mean,snr_within,shell_molecules_peak,shell_molecules_mean,history_symbols,dt,n_sub,seconds,running_min
S1,8,1,1,SINE,det,sample,0,1,0,5.750256869909166e-18,1.1220086141059193,1.25,7.07e-06,10100.0,3.16e-11,2,1e-06,0.26694923476753646,0.0,0.27084651140202476,0.0,0.2670000309773087,0.26694923476753646,0.27084651140202476,0.2771859086084946,0.28318493968981495,0.2978619523005147,0.3063152199571171,0.32272650742158426,0.33133603776997045,0.3441840499801349,0.3520866969118621,0.3844046192918342,0.39831501063104013,0.4143651454332885,0.4339030018399026,0.4898000819275941,0.5203035526821232,0.6624187400629034,0.7028885363599673,0.7752447097636299,0.8173586121242669,0.3240097233183072,0.21090675105485235,0.5736407405901451,1.4025107676323991,3.5317197925357875e+18,1.252999095510113e+18,18.099946599613137,6.421578735104816,0.09607214705756394,0.03733031398384753,0.7473762473029393,0.23027723066003905,0.9461461447145447,0.61795,0.31,0.06524432513529149,0.22922422060994185,0.016055680184409872,4.063628845736725,85.32967671880311,30.273638348885868,21,0.0009615384615384616,13,0.35309791564941406,0.26694923476753646
S1,8,2,1,SINE,det,sample,0,1,0,5.2408525913790586e-20,2.476459276441419,1.25,7.07e-06,10100.0,3.16e-11,2,1e-06,0.4350538780177606,0.0,0.4416703456172235,0.0,0.43488128447410895,0.4350538780177606,0.4416703456172235,0.43509532308705584,0.44279221694122817,0.4351563147401288,0.44500547084971015,0.43524569179236144,0.4459126924009318,0.4355100996883731,0.4464226325739236,0.43958841598482296,0.4510506978536492,0.44401806601236943,0.4557899040091837,0.45017930409609686,0.4617785262037247,0.5951674676173239,0.6050968431014867,0.9183838807861892,0.8822526360489875,78.46542723908152,0.21090675105485235,0.5736407405901451,3.0955740955517737,3.5317197925357875e+18,1.252999095510113e+18,0.0747406710977011,0.02651682431917887,0.3146970882065599,0.30057656167263785,0.025513900351907887,0.017591283750536136,0.05610209560984603,0.0,0.0,0.007811942596302609,0.017312244098721393,0.00641745646105815,1.2172957687685704,85.32967671880311,30.273638348885868,21,0.0009615384615384616,13,0.2279491424560547,0.26694923476753646
S1,8,3,1,SINE,det,sample,0,1,0,3.020692700173209e-18,5.9408615288723325,1.25,7.07e-06,10100.0,3.16e-11,3,1e-06,0.28593260580996,0.0,0.2912058976693163,0.0,0.28607310367023125,0.28593260580996,0.2912058976693163,0.29042863612804926,0.2953022000213324,0.3057820582479825,0.31278324636564986,0.3416416598117978,0.353948813004543,0.3592068782643916,0.3712777960251884,0.3723633067375567,0.3772015422625398,0.40572069924448134,0.40776476500183106,0.43973229770431255,0.45838916815560216,0.4870626672130039,0.5215842008401966,0.53442481972373,0.5743116481759145,3.265818022732662,0.21090675105485235,0.5736407405901451,7.426076911090416,3.5317197925357875e+18,1.252999095510113e+18,1.7957395816285069,0.6371003940651465,0.0822555563435239,0.048166361627141115,0.336304421821442,0.18986266995647838,0.6326470524159309,0.0,0.0,0.12327191282139999,0.18459210088469394,0.018660762033577406,6.605942061722324,85.32967671880311,30.273638348885868,21,0.0009615384615384616,13,0.19690275192260742,0.26694923476753646
S1,8,4,1,SINE,det,sample,0,1,0,2.1331578135759381e-19,3.7147582332623625,1.25,7.07e-06,10100.0,3.16e-11,4,1e-06,0.35196033796544995,0.0,0.3575672060004689,0.0,0.35196046887541954,0.35196033796544995,0.3575672060004689,0.41383347763611905,0.4175280350256241,0.4310047749420904,0.4352564467299864,0.4341436661007596,0.440303367393511,0.43514446346956115,0.44540628805558935,0.4363791765902184,0.45028092703299705,0.4381627944846936,0.45297601364326845,0.4469589408738037,0.46245092094312984,0.4567509058552734,0.4728904212834437,0.5535600757845043,0.5587757100486597,28.917228402793267,0.21090675105485235,0.5736407405901451,4.6434477915779535,3.5317197925357875e+18,1.252999095510113e+18,0.2028050063487516,0.07195205295079578,0.2009019132604367,0.1790458280640256,0.06500736922272342,0.04435855474800516,0.14598039102703636,0.0,0.0,0.026067045660984584,0.04313317487050953,0.009994032061775118,2.6082611602463293,85.32967671880311,30.273638348885868,21,0.0009615384615384616,13,0.22386622428894043,0.26694923476753646
S1,8,5,1,SINE,det,sample,0,1,0,7.132020603880905e-19,0.33301744530190885,1.25,7.07e-06,10100.0,3.16e-11,4,1e-06,0.30793165454368077,0.0,0.31933582693173695,0.0,0.30916129553347055,0.30793165454368077,0.31933582693173695,0.32239102810713965,0.3340558780295837,0.3643007015659602,0.3708523512372161,0.3916710396404128,0.3947381684246968,0.39704521396708503,0.399868861293874,0.4190678305429174,0.43086305720279394,0.5416849234325536,0.5807539210427286,0.6182563446260178,0.6670352503149799,0.636462896231658,0.6841342260191765,0.6879006188654783,0.7351635445325693,0.7753601800776337,0.21090675105485235,0.5736407405901451,0.41627180662738605,3.5317197925357875e+18,1.252999095510113e+18,7.563657304698821,2.6834676356731513,0.6521779987875754,0.28051993041734685,0.6150510094446245,0.2477605717056339,0.8548979802727519,0.3236,0.0,0.030242671199252637,0.24754740124745808,0.01854101906182871,1.631122383208951,85.32967671880311,30.273638348885868,21,0.0009615384615384616,13,0.21881580352783203,0.26694923476753646
S1,8,6,1,SINE,det,sample,0,1,0,3.479264175776569e-19,0.16411815745016603,1.25,7.07e-06,10100.0,3.16e-11,1,1e-06,0.3958604474571308,0.0,0.39486512784580313,0.0,0.39510220881694763,0.3958604474571308,0.39486512784580313,0.41768548588102417,0.4105539152404366,0.42205463301257085,0.4164137519031118,0.4390933644210976,0.4489140251469455,0.5371053240295377,0.5752553803923817,0.6110463116000481,0.6600340351364488,0.6234556519041367,0.6738241543337579,0.625456473800158,0.6754946457246952,0.6333703758754701,0.6807554525140233,0.6878111426966538,0.7331123715361818,0.7832823215206473,0.21090675105485235,0.5736407405901451,0.20514769681270753,3.5317197925357875e+18,1.252999095510113e+18,7.487158242549713,2.6563269616358767,1.3331785868973869,0.5743426330276747,0.6146329141671838,0.24530432702571203,0.84691237052278,0.32325,0.0,0.017519919830204202,0.245234406625261,0.01863014882244972,0.9404068640123976,85.32967671880311,30.273638348885868,21,0.0009615384615384616,13,0.23522186279296875,0.26694923476753646
S1,8,7,1,SINE,det,sample,0,1,0,1.529684656594932e-17,7.9799585299080515,1.25,7.07e-06,10100.0,3.16e-11,4,1e-06,0.2619490306381122,0.0,0.2657435162437877,0.0,0.2621202797412471,0.2619490306381122,0.2657435162437877,0.274376027535311,0.28142927480830204,0.29304291943120103,0.3027385041138624,0.3179284163770576,0.32624172702479265,0.3441390954709596,0.3522380485296432,0.3667720567245454,0.3722262542591058,0.39406239597150855,0.40554658449840436,0.4147078010014539,0.4338540019375266,0.4813234236179125,0.5133780923933796,0.6185295292304087,0.6615265386530814,0.8662591231604696,0.21090675105485235,0.5736407405901451,9.974948162385065,3.5317197925357875e+18,1.252999095510113e+18,6.7699820215693265,2.401884024767272,0.029469301956513323,0.012902365445455376,0.5890995574218955,0.24949584460868743,0.8709873013133763,0.2027,0.0,0.13218606348066786,0.2455270934383861,0.01874071395474657,7.053416630756926,85.32967671880311,30.273638348885868,21,0.0009615384615384616,13,0.21895599365234375,0.2619490306381122
S1,8,8,1,SINE,det,sample,0,1,0,6.683562385416473e-18,0.700544465754593,1.25,7.07e-06,10100.0,3.16e-11,5,1e-06,0.26175712435310794,0.0,0.2660323541023287,0.0,0.26202656320059425,0.26175712435310794,0.2660323541023287,0.27286815450438495,0.280107092017228,0.29506421333917043,0.30285240523197665,0.3209362506515307,0.32989732084201107,0.3424243021631511,0.35096256585212476,0.3754124754363341,0.38993360690850437,0.43181364217286267,0.4559880938666753,0.49125363189011595,0.5222751513544113,0.6786032074024203,0.7138679343504211,0.8267783559871322,0.8646969135779294,0.1740511102606316,0.21090675105485235,0.5736407405901451,0.8756805821932412,3.5317197925357875e+18,1.252999095510113e+18,33.694462971451,11.954269904468728,0.08815386111856584,0.03291501906199396,0.8226661508195373,0.19726571457060635,0.970518068739675,0.7359,0.57015,0.04522916497093319,0.19666321473770573,0.01384518886757236,3.266778474713848,85.32967671880311,30.273638348885868,21,0.0009615384615384616,13,0.2311077117919922,0.26175712435310794
S1,8,9,1,SINE,det,sample,0,1,0,1.1441158687754176e-18,0.13124479153011698,1.25,7.07e-06,10100.0,3.16e-11,2,1e-06,0.332810503494171,0.0,0.3458774117483842,0.0,0.3343138905401732,0.332810503494171,0.3458774117483842,0.35553974316511877,0.36757609830255145,0.37774330233473474,0.3812388739306795,0.38940043619613596,0.3894971770883679,0.399187023606215,0.4047576429990104,0.5154041493120053,0.5420048223781826,0.7112291594763269,0.7556014187500802,0.7566422993172172,0.8025285348502335,0.7843590039274757,0.8245749073851866,0.8412353412951865,0.8800749651524793,0.19048516819551783,0.21090675105485235,0.5736407405901451,0.1640559894126462,3.5317197925357875e+18,1.252999095510113e+18,30.787482014333456,10.922918403244978,0.5112406023048144,0.19175724528786445,0.8167699678818778,0.1969311055680569,0.9613856893795464,0.72485,0.5559,0.01767206623246696,0.19684073660123044,0.014150180316790148,1.2488933594364062,85.32967671880311,30.273638348885868,21,0.0009615384615384616,13,0.20509004592895508,0.26175712435310794
S1,8,10,1,SINE,det,sample,0,1,0,9.86257273107899e-20,0.5222378122066748,1.25,7.07e-06,10100.0,3.16e-11,3,1e-06,0.36281326643443085,0.0,0.3696958986850067,0.0,0.3631560695088419,0.36281326643443085,0.3696958986850067,0.413625704991401,0.41573857193162483,0.43054559524970887,0.43425544771983515,0.4368401791449408,0.4510475891809831,0.44587703726402944,0.4686494549662876,0.4479706625919383,0.4722345736581211,0.4485779724421724,0.47302948473692624,0.45546133606267214,0.4803096243173986,0.4659332267596027,0.4917742071426929,0.49991218383019087,0.5271798858415631,8.792799943486031,0.21090675105485235,0.5736407405901451,0.6527972652583435,3.5317197925357875e+18,1.252999095510113e+18,0.6669728331714664,0.23663155793388058,1.23874338532859,0.9189526859683467,0.1769516422039386,0.10977742290277685,0.32710116267044137,0.0,0.0,0.013427888079011031,0.10966127997501038,0.015380265814733417,0.8730595583171183,85.32967671880311,30.273638348885868,21,0.0009615384615384616,13,0.18999195098876953,0.26175712435310794
S1,8,11,1,SINE,det,sample,0,1,0,2e-17,0.24588290937247712,1.25,7.07e-06,10100.0,3.16e-11,3,1e-06,0.29836002667531764,0.0,0.3066188079227486,0.0,0.2998523399106871,0.29836002667531764,0.3066188079227486,0.3208724021436959,0.3290670511141718,0.3467170096099801,0.36057380429602076,0.3953434349880649,0.41646215065939274,0.4686671326261083,0.5029449680469384,0.5351931424994192,0.5764700980607855,0.6207328598277191,0.6587313500278261,0.7910309981719388,0.8181745112764333,0.9322289476592659,0.9565275993449407,0.9650231892586356,0.9894899182733611,0.02041490884816823,0.21090675105485235,0.5736407405901451,0.3073536367155964,3.5317197925357875e+18,1.252999095510113e+18,287.26842394611026,101.91835607508617,0.03161322506477547,0.011286637326974925,0.9631350303104413,0.06004484816732661,0.9965240948730548,0.94895,0.88515,0.012356126811265519,0.059831360743497645,0.006578028628207547,1.8783935901830289,85.32967671880311,30.273638348885868,21,0.0009615384615384616,13,0.202683687210083,0.26175712435310794
S1,8,12,1,SINE,det,sample,0,1,0,2e-17,10.0,1.25,7.07e-06,10100.0,3.16e-11,1,1e-06,0.2780558339634209,0.0,0.2854928509608332,0.0,0.27896038572370996,0.2780558339634209,0.2854928509608332,0.29293857070068263,0.3027896288330557,0.3182769052340028,0.3241185201209821,0.3415954221173533,0.3493272832788354,0.3620100190632992,0.37170818264738703,0.38739617667599086,0.39667143787034337,0.41408807026624006,0.43235916822888404,0.4637774775339899,0.4942424034363702,0.5544844924225689,0.5952691436325429,0.6609500060306086,0.7048931772624253,0.8302695335869232,0.21090675105485235,0.5736407405901451,12.5,3.5317197925357875e+18,1.252999095510113e+18,7.063439585071576,2.5059981910202263,0.02281803801408136,0.009921324411992834,0.5965134269482171,0.24998308103400138,0.8758293581378478,0.22525,0.0,0.13357772317030747,0.24595518599678165,0.01865713256184261,7.159606264657161,85.32967671880311,30.273638348885868,21,0.0009615384615384616,13,0.19303607940673828,0.26175712435310794
S1,8,13,1,SINE,det,sample,0,1,0,7.326064529287236e-18,10.0,1.25,7.07e-06,10100.0,3.16e-11,5,1e-06,0.27487075735293737,0.0,0.2767393732245519,0.0,0.2744464379366286,0.27487075735293737,0.2767393732245519,0.28599580004478947,0.29127735430120727,0.29751827882486936,0.30728076068233623,0.31646143026699686,0.32537707295860147,0.352627739948593,0.36071398060042714,0.3745436465357934,0.3821375423950366,0.39078864773099364,0.3942807111544559,0.4123594911021989,0.4201414814765378,0.46730123074076657,0.4958260256690739,0.5523578335338549,0.594064488927146,2.266618128376496,0.21090675105485235,0.5736407405901451,12.5,3.5317197925357875e+18,1.252999095510113e+18,2.5873607099478106,0.9179552228845628,0.04171108847874026,0.022300517418880873,0.40546720190072044,0.21497395553218399,0.7194521311646126,0.0,0.0,0.14285886818114937,0.20916663700039426,0.019219622357728366,7.43296957256315,85.32967671880311,30.273638348885868,21,0.0009615384615384616,13,0.197005033493042,0.26175712435310794
S1,8,14,1,SINE,det,sample,0,1,0,9.245467072659978e-18,2.1259695954605755,1.25,7.07e-06,10100.0,3.16e-11,4,1e-06,0.2576153586656308,0.0,0.2613518955192763,0.0,0.25780702862314797,0.2576153586656308,0.2613518955192763,0.2688749978067672,0.27605131226453017,0.28651924318517347,0.29521806244293775,0.3112408223187692,0.31935962353437763,0.3377450362151853,0.3462581628460971,0.3628873284453306,0.37246572560034574,0.40147960768106095,0.4176957950361933,0.43903906780154156,0.4655721668378464,0.5512898383219648,0.5872445741626313,0.7225061636052905,0.7643545105938592,0.38183636815120775,0.21090675105485235,0.5736407405901451,2.657461994325719,3.5317197925357875e+18,1.252999095510113e+18,15.358826919007397,5.449072227724769,0.05834930625807818,0.023002804073851753,0.7234221509550341,0.2371650827332833,0.9382797170075794,0.5752,0.20685,0.08526195471005775,0.23539197273563486,0.016607107246753218,5.134064195721199,85.32967671880311,30.273638348885868,21,0.0009615384615384616,13,0.23621606826782227,0.2576153586656308
S1,8,15,1,SINE,det,sample,0,1,0,5e-20,0.1,1.25,7.07e-06,10100.0,3.16e-11,5,1e-06,0.36996507979632487,0.0,0.3760443272930088,0.0,0.37026328308558853,0.36996507979632487,0.3760443272930088,0.40235826642357214,0.4002285441133375,0.41435553838789596,0.4146497127098814,0.43547897970720606,0.4494990187061353,0.45926951061483573,0.48663622408839496,0.4810004487136623,0.517032669263386,0.48632939527744734,0.5238937214751687,0.48774133730666414,0.5249863616407592,0.507147162258063,0.5434593035387333,0.5657166020472661,0.6055477663609187,3.321078134347694,0.21090675105485235,0.5736407405901451,0.125,3.5317197925357875e+18,1.252999095510113e+18,1.7658598962678935,0.6264995477550565,4.918538102910536,2.8924097026009092,0.3385208660468891,0.1816689291805706,0.5549376394479364,0.0,0.0,0.007599528361644665,0.1816508490908467,0.018980616306158694,0.40038364608734145,85.32967671880311,30.273638348885868,21,0.0009615384615384616,13,0.22859811782836914,0.2576153586656308
S1,8,16,1,SINE,det,sample,0,1,0,1.04020627097152e-19,0.12318352897169402,1.25,7.07e-06,10100.0,3.16e-11,3,1e-06,0.38188121649638423,0.0,0.38849857163620494,0.0,0.3822267311880202,0.38188121649638423,0.38849857163620494,0.3845242675181013,0.388986977784159,0.3890466904295707,0.39051344128062015,0.40628203520076855,0.41838102108255537,0.4830730683759083,0.5188079391163496,0.5218393447114842,0.5650497197824176,0.5271556534460227,0.5711978980090788,0.5291728778678062,0.5727644629149516,0.5430338041460921,0.5858104328162557,0.5904195697043977,0.6348579649790133,1.9664471172510336,0.21090675105485235,0.5736407405901451,0.15397941121461753,3.5317197925357875e+18,1.252999095510113e+18,2.9823119260969824,1.0580777540240478,3.155553640247353,1.6308051376045127,0.44045789411362296,0.2170731348676921,0.6803079664622277,0.0,0.0,0.010809172045220425,0.21704269682074864,0.019607129068329298,0.5512878508399324,85.32967671880311,30.273638348885868,21,0.0009615384615384616,13,0.21033191680908203,0.2576153586656308
S1,8,17,1,SINE,det,sample,0,1,0,2e-17,2.7833839836536356,1.25,7.07e-06,10100.0,3.16e-11,5,1e-06,0.25854804522346564,0.0,0.2642883845354777,0.0,0.25928463703078525,0.25854804522346564,0.2642883845354777,0.2752442195260777,0.28443245836992426,0.30255122904095233,0.3115798528571684,0.32426502899934656,0.3321496448034293,0.348279408725478,0.35777685559808753,0.3797151254447527,0.39351590429731226,0.41656759741957716,0.4397091733943537,0.47884815685256416,0.5138960292565921,0.5774878021603274,0.6155174483016079,0.7473109192927376,0.7856748552910301,0.23109589219014168,0.21090675105485235,0.5736407405901451,3.4792299795670445,3.5317197925357875e+18,1.252999095510113e+18,25.37716544520632,9.003422473282697,0.028732158426885212,0.010896543069060396,0.7887963888683701,0.2154328360553644,0.9620222595981911,0.6846,0.4782,0.07781303059602235,0.21366810061459354,0.014894149689057758,5.224402347264512,85.32967671880311,30.273638348885868,21,0.0009615384615384616,13,0.23057818412780762,0.2576153586656308
S1,8,18,1,SINE,det,sample,0,1,0,2.9291667022047653e-18,1.47150975793496,1.25,7.07e-06,10100.0,3.16e-11,5,1e-06,0.27278627129997357,0.0,0.27797964885941245,0.0,0.27308491249157646,0.27278627129997357,0.27797964885941245,0.27848578971093774,0.28351269334623425,0.289761600530087,0.29734926364639835,0.3185523947323099,0.32862544068688415,0.34600747597081616,0.3545738508450611,0.3668562473616172,0.3770647372422569,0.3879468843579702,0.4007429170233295,0.4331835243950892,0.45161346817238374,0.5560530223847899,0.595391042525513,0.6654083829543795,0.711651404382645,0.8341961005289746,0.21090675105485235,0.5736407405901451,1.8393871974187002,3.5317197925357875e+18,1.252999095510113e+18,7.0301919250137885,2.4942024398204055,0.15558896005246697,0.06770190910767257,0.5990815633960355,0.24817605664562228,0.866742276143279,0.22845,0.0,0.08401839571188457,0.24649312022608047,0.018691379356487577,4.495034534876245,85.32967671880311,30.273638348885868,21,0.0009615384615384616,13,0.20241689682006836,0.2576153586656308
S1,8,19,1,SINE,det,sample,0,1,0,1.6081162317061166e-18,0.2654392574973016,1.25,7.07e-06,10100.0,3.16e-11,2,1e-06,0.30077315532321,0.0,0.3072552358010129,0.0,0.30105371967265626,0.30077315532321,0.3072552358010129,0.3259876885686942,0.33823737624549594,0.3505400396074371,0.3623265890484781,0.3675876583368503,0.37357838426889906,0.3788749427963397,0.3864270340405119,0.4064598972966626,0.41848942273668577,0.5703872572230142,0.6051472364355992,0.7100335719601878,0.7562059808026567,0.7485249526169748,0.7916481633515308,0.8056631199804012,0.8472660768565556,0.2740922878244032,0.21090675105485235,0.5736407405901451,0.33179907187162694,3.5317197925357875e+18,1.252999095510113e+18,21.396292235606087,7.591070751180727,0.3508145016154973,0.1345701409953665,0.7720259664621143,0.221002341750161,0.947665084706272,0.66025,0.4298,0.02859313407408997,0.2207992252049596,0.015441211576393806,1.851741615781144,85.32967671880311,30.273638348885868,21,0.0009615384615384616,13,0.18909192085266113,0.2576153586656308
S1,8,20,1,SINE,det,sample,0,1,0,2e-17,2.560067085968121,1.25,7.07e-06,10100.0,3.16e-11,3,1e-06,0.2617892095418554,0.0,0.26877105685209873,0.0,0.2627910734895754,0.2617892095418554,0.26877105685209873,0.28120807884279403,0.2902746760730088,0.3061041690072424,0.31429218161072026,0.3303320157077561,0.33888915514048346,0.35487146702841943,0.36503576339773636,0.39286673634758085,0.410789936521497,0.43753352188008127,0.465893861225737,0.49498243549675774,0.531726936654905,0.6237745189533923,0.6619471783239386,0.7817308674879765,0.8201981715258604,0.21255457054179858,0.21090675105485235,0.5736407405901451,3.2000838574601516,3.5317197925357875e+18,1.252999095510113e+18,27.59083784869039,9.788798913730622,0.02896446708370875,0.010929788509986497,0.7987212456841166,0.21074182863556884,0.9649620213485296,0.7,0.5073,0.07416672098054028,0.20908415636102493,0.014594629784044024,5.08178159213227,85.32967671880311,30.273638348885868,21,0.0009615384615384616,13,0.2078101634979248,0.2576153586656308
S1,8,21,1,SINE,det,sample,0,1,0,4.902640197069302e-19,0.2906164474909647,1.25,7.07e-06,10100.0,3.16e-11,2,1e-06,0.334259018176776,0.0,0.3447703072505321,0.0,0.3351673734698699,0.334259018176776,0.3447703072505321,0.37712226792495346,0.3843739100497199,0.3955155040538845,0.3993468572777242,0.4047256091516067,0.40260273538963076,0.4178614376416079,0.4218565213046277,0.506651735329326,0.5409385167278049,0.587957377225475,0.6357826817958486,0.6017181842675687,0.6509464612374687,0.6099060766577069,0.6573792936561073,0.6590070801368174,0.7057903492209701,0.9843266999493461,0.21090675105485235,0.5736407405901451,0.3632705593637059,3.5317197925357875e+18,1.252999095510113e+18,5.957939259514734,2.113783918830108,0.8840591551182173,0.395629952753227,0.572438976398143,0.24533540629888825,0.8185282723432862,0.11535,0.0,0.025487565599575962,0.2451815605353675,0.019010088000779073,1.3407389591532364,85.32967671880311,30.273638348885868,21,0.0009615384615384616,13,0.17361903190612793,0.2576153586656308
S1,8,22,1,SINE,det,sample,0,1,0,1.16362906653039e-17,1.299370877846106,1.25,7.07e-06,10100.0,3.16e-11,4,1e-06,0.2579079944609922,0.0,0.2637320437932938,0.0,0.25861397745512865,0.2579079944609922,0.2637320437932938,0.2736520297292378,0.28224017450068495,0.29831882729076437,0.30790561158205,0.31869597916665793,0.3264488168080221,0.3474201899009957,0.35818998311876155,0.38220160561568667,0.39872453891312515,0.43139056276035,0.4570348697422043,0.48551580749911344,0.5196034520610097,0.6353222927564512,0.6711136217034681,0.8048726281608368,0.8427017613238869,0.1854247343481158,0.21090675105485235,0.5736407405901451,1.6242135973076324,3.5317197925357875e+18,1.252999095510113e+18,31.627704418368936,11.221016206617957,0.05037899946049311,0.0188699321590416,0.8149511310614931,0.20181583973918704,0.9691523481650808,0.72415,0.55025,0.05850507839002662,0.20077797145183335,0.014093704491074884,4.151149786564356,85.32967671880311,30.273638348885868,21,0.0009615384615384616,13,0.20798897743225098,0.2576153586656308
S1,8,23,1,SINE,det,sample,0,1,0,1.783972716152512e-17,0.10107749032056808,1.25,7.07e-06,10100.0,3.16e-11,5,1e-06,0.30876586681426416,0.0,0.31649707798898447,0.0,0.3101217481655496,0.30876586681426416,0.31649707798898447,0.32938936675675806,0.339403628984491,0.3626880750582962,0.3783192213907531,0.41841055823580825,0.44419780992086283,0.4791910713721736,0.5139178187105233,0.5663108074370286,0.6067820525604535,0.6947051100940693,0.7264347339620331,0.8867915307385372,0.9086221917905603,0.9710774231497805,0.993121240599056,0.9828679436759122,1.0049218104146072,0.00940839060875193,0.21090675105485235,0.5736407405901451,0.1263468629007101,3.5317197925357875e+18,1.252999095510113e+18,623.3328242517294,221.14876345509705,0.035628015833382785,0.012677084007605224,0.981673007067066,0.03133325529525593,0.9983939095822494,1.0,0.94585,0.00575469559529459,0.031242245225669273,0.004665543301800415,1.233445972535262,85.32967671880311,30.273638348885868,21,0.0009615384615384616,13,0.25396299362182617,0.2576153586656308
S1,8,24,1,SINE,det,sample,0,1,0,1.93802723636214e-17,1.1155565003486787,1.25,7.07e-06,10100.0,3.16e-11,1,1e-06,0.2893269081732392,0.0,0.2951831995880138,0.0,0.29040989622209623,0.2893269081732392,0.2951831995880138,0.30801368136081575,0.31412991865034356,0.3267216453567076,0.33706862467902415,0.37671364852487443,0.4011910573084482,0.4517118352430627,0.4843450964970715,0.4772264105740168,0.5138202254560009,0.5107761418431751,0.5488613772946033,0.6486099846363172,0.6865406423803873,0.7985800751068117,0.8321870756707113,0.8863715061898033,0.9191589376093374,0.09558302977959653,0.21090675105485235,0.5736407405901451,1.3944456254358484,3.5317197925357875e+18,1.252999095510113e+18,61.355647580326604,21.7680267514619,0.03149727794046478,0.011500656228819116,0.8780454850583231,0.1578021658440924,0.9839297411618257,0.81275,0.6979,0.04343500916486639,0.15695963098502325,0.011667898782674177,3.7226076411773157,85.32967671880311,30.273638348885868,21,0.0009615384615384616,13,0.20413994789123535,0.2576153586656308
S1,8,25,1,SINE,det,sample,0,1,0,1.8530246595027685e-17,7.8611462624852875,1.25,7.07e-06,10100.0,3.16e-11,5,1e-06,0.2621387873819617,0.0,0.2664357335010783,0.0,0.26243810868556006,0.2621387873819617,0.2664357335010783,0.2718697245856128,0.2790911285543871,0.29509118411386887,0.30529209144051245,0.31812547800899355,0.32638149387056536,0.34551920818899334,0.3532438649909156,0.36592354312041714,0.37254541433523347,0.3922503323240824,0.4040772305977499,0.42294005332090256,0.4454330725283912,0.479487024922616,0.5117609803433797,0.6237136992115357,0.6656340771594303,0.7044558427585776,0.21090675105485235,0.5736407405901451,9.82643282810661,3.5317197925357875e+18,1.252999095510113e+18,8.324948611188702,2.95356191678446,0.02574041624762031,0.010913339434028137,0.6253736920645512,0.25016935533249757,0.8925872051139425,0.32525,0.0,0.1265122131540598,0.24654641671273633,0.01831186239234608,6.908757309520788,85.32967671880311,30.273638348885868,21,0.0009615384615384616,13,0.23326683044433594,0.2576153586656308
S1,8,26,1,SINE,det,sample,0,1,0,4.4314281897044535e-18,4.582903848813113,1.25,7.07e-06,10100.0,3.16e-11,1,1e-06,0.2871784067041599,0.0,0.29075424383333015,0.0,0.2870332889750981,0.2871784067041599,0.29075424383333015,0.2919082763284438,0.30067845349161415,0.2994294611892283,0.30901527637678783,0.3367740907855221,0.3427813939820826,0.3658284037580338,0.3737390616508642,0.37710393098417183,0.3849797060537616,0.41892679996069887,0.4318910428309577,0.46726606330545806,0.4953234420426797,0.5283089648659727,0.5691287323531103,0.593574822567054,0.636184464316029,1.7172998311777001,0.21090675105485235,0.5736407405901451,5.728629811016392,3.5317197925357875e+18,1.252999095510113e+18,3.4149882177505115,1.2115845535261909,0.07893065255238482,0.03953845477611222,0.46069076724290237,0.22932509232675885,0.7680495471772398,0.0,0.0,0.12761321298650458,0.22498937739026825,0.019397073729365243,6.578993036115074,85.32967671880311,30.273638348885868,21,0.0009615384615384616,13,0.2199690341949463,0.2576153586656308
S1,8,27,1,SINE,det,sample,0,1,0,1.8628866129898985e-17,0.7044830355939753,1.25,7.07e-06,10100.0,3.16e-11,5,1e-06,0.27029632933472186,0.0,0.2790688810245847,0.0,0.27176276380312164,0.27029632933472186,0.2790688810245847,0.29577084959663563,0.3044714859972954,0.32053434282429877,0.3286075054871226,0.34047240008988117,0.3514510084513206,0.3825928536650798,0.39983715384691887,0.42510278848940214,0.45154098032092793,0.500927973754086,0.5384846639062988,0.5922345879459671,0.6305929158371136,0.7643863306218374,0.7947513277976709,0.8985772069339993,0.9291144610145267,0.06279617850103487,0.21090675105485235,0.5736407405901451,0.8806037944924692,3.5317197925357875e+18,1.252999095510113e+18,93.39037549426898,33.13344854565867,0.033268964199372725,0.012030723171936082,0.9092802631689474,0.12774275780628083,0.9893806340506931,0.8573,0.7636,0.031153807969699267,0.1271831562465447,0.010158583104059763,3.0667473653140664,85.32967671880311,30.273638348885868,21,0.0009615384615384616,13,0.22957205772399902,0.2576153586656308
S1,8,28,1,SINE,det,sample,0,1,0,4.317384050541226e-18,0.6993192236349323,1.25,7.07e-06,10100.0,3.16e-11,4,1e-06,0.26926990016250285,0.0,0.2715367379971378,0.0,0.2689910806868462,0.26926990016250285,0.2715367379971378,0.28151935502191844,0.28821496023158216,0.2987176434726071,0.30929802867699513,0.31741795116786314,0.3246929086005109,0.34856780693250966,0.3559377240531489,0.3739964653886505,0.38813578411945043,0.4183523404357664,0.4389346661112274,0.48786549645156646,0.516340127561209,0.6776029249561711,0.7166527566725385,0.7948650446759752,0.8361977860157409,0.26897002390276487,0.21090675105485235,0.5736407405901451,0.8741490295436654,3.5317197925357875e+18,1.252999095510113e+18,21.803763128403038,7.735635068316061,0.1309543825408901,0.05016582964980082,0.7724477312609672,0.2215088639437524,0.9539536855799858,0.6606,0.4243,0.05049454480139726,0.22086144747821965,0.01540149652629549,3.2785479459860434,85.32967671880311,30.273638348885868,21,0.0009615384615384616,13,0.253385066986084,0.2576153586656308
S1,8,29,1,SINE,det,sample,0,1,0,1.9643708986123558e-17,9.55416208513004,1.25,7.07e-06,10100.0,3.16e-11,3,1e-06,0.26346424728430323,0.0,0.26849738173712184,0.0,0.26390668703071435,0.26346424728430323,0.26849738173712184,0.2780023405268592,0.2860493323490024,0.3003975907003552,0.31013679120702153,0.3252014985770372,0.33287640121523543,0.3503187539170698,0.357974681988426,0.37258291783133485,0.37863822950911624,0.39980438062013,0.41373122629786147,0.41983009743702376,0.441756342776506,0.500328538896556,0.5352109430891312,0.6329874942110426,0.6764521771218959,0.8076407264878924,0.21090675105485235,0.5736407405901451,11.94270260641255,3.5317197925357875e+18,1.252999095510113e+18,7.261345914685873,2.5762122698739716,0.023413918015869922,0.010135532606778772,0.6014422647866877,0.25012119167454333,0.8787951763689846,0.241,0.0,0.13240126032310381,0.2461645689022237,0.018603218716173483,7.117115717614784,85.32967671880311,30.273638348885868,21,0.0009615384615384616,13,0.24655699729919434,0.2576153586656308
S1,8,30,1,SINE,det,sample,0,1,0,9.826690431252567e-18,2.518849036412111,1.25,7.07e-06,10100.0,3.16e-11,5,1e-06,0.2573413209027338,0.0,0.26081225480170167,0.0,0.25748296169589724,0.2573413209027338,0.26081225480170167,0.26712620179769764,0.2739419939398173,0.28519714186932527,0.29423736625204644,0.30996065384880334,0.3185501088322696,0.33510102348189924,0.3432064624048849,0.36027189088292444,0.36889354675833447,0.39248548343435447,0.4061623920687542,0.4348421451885615,0.45998527259562627,0.521623034876202,0.5561702723287,0.6964145666018117,0.7380920011510794,0.4256414973624406,0.21090675105485235,0.5736407405901451,3.1485612955151385,3.5317197925357875e+18,1.252999095510113e+18,13.778164784584012,4.8882779572037975,0.053938584451265106,0.021491530409680704,0.7073505395220587,0.24080230404551853,0.9317847521713191,0.5448,0.15235,0.09199498561260844,0.23877374658721043,0.01695007310098222,5.427409372486868,85.32967671880311,30.273638348885868,21,0.0009615384615384616,13,0.22383880615234375,0.2573413209027338
S1,8,31,1,SINE,det,sample,0,1,0,5.546550128821985e-20,9.964948022128368,1.25,7.07e-06,10100.0,3.16e-11,5,0.001,0.435109366667592,0.0,0.4441730757782564,0.0,0.435228478349732,0.43518598129085423,0.44269913065735383,0.43512903039079714,0.4434435819560889,0.43510998155282027,0.4440416080798033,0.435109366667592,0.4441730757782564,0.4355459258360458,0.4448478662562399,0.44298800400395305,0.4531753855578928,0.4528834531816883,0.4635573587513923,0.5257689004537119,0.5368740046465726,0.8456018035591538,0.8548344522687257,1.0247115401620692,0.980064930223341,298.3329296370268,0.21090675105485235,0.5736407405901451,12.45618502766046,3.5317197925357875e+18,1.252999095510113e+18,0.01965776522542125,0.0069742684850764205,0.07972537601590975,0.07873367411228427,0.006900246054101126,0.005049824474644809,0.017974949187307236,0.0,0.0,0.0043940032328568385,0.004729500542295314,0.0033584972276724536,1.3083242102010082,85.32967671880311,30.273638348885868,21,0.0009615384615384616,13,0.24374103546142578,0.2573413209027338
S1,8,32,1,SINE,det,sample,0,1,0,2.3665940088061456e-18,0.1009958228596316,1.25,7.07e-06,10100.0,3.16e-11,5,1e-06,0.2994847988229608,0.0,0.3085967545357987,0.0,0.3003581258665359,0.2994847988229608,0.3085967545357987,0.3170691674303448,0.32753043233000484,0.3500557181373774,0.3569736862747641,0.3686106641046236,0.3797666505269028,0.3841417740452624,0.40242206687401083,0.43601852186005946,0.45660933782529306,0.6164217441337257,0.6504068753228968,0.7826333456960457,0.8194708515231359,0.8688689038606215,0.9004984878521444,0.9151257284378901,0.946812580271391,0.07086450352521159,0.21090675105485235,0.5736407405901451,0.1262447785745395,3.5317197925357875e+18,1.252999095510113e+18,82.75735238489808,29.36101779768765,0.2608976988938796,0.09457223102148885,0.9040869849006823,0.1300998061674064,0.986532780102507,0.8467,0.75145,0.01333580245513336,0.13001585561717147,0.010514131441021668,1.2683693874229813,85.32967671880311,30.273638348885868,21,0.0009615384615384616,13,0.22030115127563477,0.2573413209027338
S1,8,33,1,SINE,det,sample,0,1,0,1.1876323636148002e-17,4.638233449917237,1.25,7.07e-06,10100.0,3.16e-11,2,1e-06,0.26043829368143484,0.0,0.264659711461302,0.0,0.2606997473792348,0.26043829368143484,0.264659711461302,0.2736125380410787,0.2808954975396647,0.29457400105039505,0.3040411503948392,0.318756635855314,0.3260061222475777,0.34585562863793,0.35442710446857706,0.37127939764176804,0.37992083520290254,0.40073651396243604,0.4154866144514603,0.43503712105881004,0.46039717403767766,0.5439252137678509,0.5824028061335867,0.6757099238805152,0.7197541651415753,0.6485144799201665,0.21090675105485235,0.5736407405901451,5.797791812396547,3.5317197925357875e+18,1.252999095510113e+18,9.043065145652148,3.20833846221008,0.04098516822667236,0.017173985962156753,0.6399433542746655,0.24926739414011134,0.8999777286404783,0.38195,0.0,0.11619590610294675,0.24617823922917076,0.018123287622846023,6.4114143372348975,85.32967671880311,30.273638348885868,21,0.0009615384615384616,13,0.1918940544128418,0.2573413209027338
S1,8,34,1,SINE,det,sample,0,1,0,1.8246259832945856e-17,0.1066616817983503,1.25,7.07e-06,10100.0,3.16e-11,1,1e-06,0.31969658358604514,0.0,0.3280527502211654,0.0,0.3211984583050462,0.31969658358604514,0.3280527502211654,0.3727265763551731,0.39814891740274666,0.4772138840691885,0.5151170674997296,0.5238332543775693,0.5660404220400201,0.5471464720244544,0.5897265705269609,0.6367920168404876,0.6726763203897939,0.8108238992208242,0.8396047597746573,0.9334318764086965,0.9554937963135841,0.9775095040841797,0.999644074514326,0.9832810559913214,1.0045524702199666,0.009706969604632168,0.21090675105485235,0.5736407405901451,0.13332710224793787,3.5317197925357875e+18,1.252999095510113e+18,604.1595810723687,214.34639583450925,0.03482923633743132,0.012394004407305615,0.9811278982441025,0.0322229874645565,0.9983432416549642,1.0,0.9439,0.005984226550630022,0.03212697790836345,0.00473337770239674,1.2642613640571967,85.32967671880311,30.273638348885868,21,0.0009615384615384616,13,0.13962101936340332,0.2573413209027338
S1,8,35,1,SINE,det,sample,0,1,0,9.96088495325278e-18,2.492615036724993,1.25,7.07e-06,10100.0,3.16e-11,3,1e-06,0.2580294126900202,0.0,0.26208730383862205,0.0,0.25828348239401977,0.2580294126900202,0.26208730383862205,0.2701933520041338,0.2773897674986884,0.2900311602496219,0.29937200552102206,0.31269724645773134,0.32013241033246176,0.34136108201790866,0.350188014418212,0.36637787182020515,0.3766523184675097,0.405027957508364,0.42208788490071497,0.4384564376910959,0.4653000894650507,0.5617488863151111,0.5990786152378023,0.7196356395297202,0.7621037099843557,0.4155338272986662,0.21090675105485235,0.5736407405901451,3.1157687959062415,3.5317197925357875e+18,1.252999095510113e+18,14.113312333538657,5.0071830800253005,0.05342738378803247,0.02123611745846447,0.7109086639920503,0.24008102277501056,0.9333110548248726,0.55175,0.1639,0.09115862187682913,0.23808085050431393,0.01687541048640548,5.401861006596838,85.32967671880311,30.273638348885868,21,0.0009615384615384616,13,0.19776415824890137,0.2573413209027338
S1,8,36,1,SINE,det,sample,0,1,0,7.466482510080422e-18,9.878178665587077,1.25,7.07e-06,10100.0,3.16e-11,2,1e-06,0.277191485172285,0.0,0.27953039652804995,0.0,0.27682214054104487,0.277191485172285,0.27953039652804995,0.2889837405845335,0.2962020008078904,0.302477368672619,0.3126398995414522,0.32609034150275784,0.3333124770214951,0.36275783911862414,0.37081349389171564,0.3786459553368235,0.3852883797290221,0.39683320171127023,0.40001204885566166,0.4334537413732771,0.450666232824614,0.4951106172448917,0.5306627067267273,0.5626200929297587,0.6047419077584107,2.196898146427705,0.21090675105485235,0.5736407405901451,12.347723331983847,3.5317197925357875e+18,1.252999095510113e+18,2.669472273602183,0.947087124913511,0.04159371627661738,0.022070364183459472,0.4115574999657652,0.21683444209174532,0.725753303639273,0.0,0.0,0.1430427209231093,0.21108282490129426,0.01924967336233925,7.430916786513541,85.32967671880311,30.273638348885868,21,0.0009615384615384616,13,0.19544076919555664,0.2573413209027338
S1,8,37,1,SINE,det,sample,0,1,0,6.929299937415737e-19,9.26403873933299,1.25,7.07e-06,10100.0,3.16e-11,1,1e-06,0.3288915066079943,0.0,0.33715544785634977,0.0,0.3294116338900049,0.3288915066079943,0.33715544785634977,0.3795159827507528,0.38246704182922964,0.41949332310172033,0.4219276751890059,0.4311561197339848,0.4362340287195119,0.43600765233592836,0.44957338955688847,0.44068917808481306,0.45827982435680414,0.44269889213951974,0.4598163501070884,0.4435693977984164,0.46034557572255164,0.4642999678979082,0.4801364614985873,0.6726069714567923,0.6616247188586982,22.200364229307038,0.21090675105485235,0.5736407405901451,11.580048424166238,3.5317197925357875e+18,1.252999095510113e+18,0.26416497626984403,0.0937216132013426,0.07895558036181559,0.06831024933104939,0.08209968377851265,0.05698624087116824,0.19887790282508505,0.0,0.0,0.047256832373979096,0.05388622322840021,0.011081681570390129,4.264409879836984,85.32967671880311,30.273638348885868,21,0.0009615384615384616,13,0.21452713012695312,0.2573413209027338
S1,8,38,1,SINE,det,sample,0,1,0,9.419019986320154e-19,9.439372643561601,1.25,7.07e-06,10100.0,3.16e-11,5,1e-06,0.32043735456705164,0.0,0.332492079183398,0.0,0.32150248024900724,0.32043735456705164,0.332492079183398,0.3293496804021892,0.34072888345558217,0.3489904483649497,0.3560494649890349,0.40459911056771275,0.40681041691887576,0.4288972675336909,0.43223213759988616,0.43344750305560414,0.44060165629765136,0.437528406547703,0.4529887027825977,0.44431279959804193,0.46336561603371135,0.4562472062637577,0.476624726490151,0.49555332524511875,0.5160861535612109,16.641271668401927,0.21090675105485235,0.5736407405901451,11.799215804452,3.5317197925357875e+18,1.252999095510113e+18,0.3524104892147323,0.12502974476275966,0.0753325816059833,0.06266691639289892,0.10525523617046113,0.07190114436586721,0.24995540804437996,0.0,0.0,0.059201703480609755,0.06811817004608581,0.012366416160697122,4.787296716470233,85.32967671880311,30.273638348885868,21,0.0009615384615384616,13,0.21136784553527832,0.2573413209027338
S1,8,39,1,SINE,det,sample,0,1,0,6.359352342296561e-18,0.10919408635844366,1.25,7.07e-06,10100.0,3.16e-11,3,1e-06,0.28671354641026425,0.0,0.2950394160438329,0.0,0.28789910122592044,0.28671354641026425,0.2950394160438329,0.3124958126944941,0.3199965834703114,0.33221405015789424,0.34280256083250227,0.366718421021106,0.38493037438667516,0.44611152495328343,0.4763808412748925,0.4865926860962378,0.5194535119372459,0.6355751523070466,0.6673261266659996,0.829114398927805,0.8576516294527097,0.9318561390987725,0.9577798812261125,0.9570240253848432,0.9829958590031663,0.028512501988067197,0.21090675105485235,0.5736407405901451,0.13649260794805457,3.5317197925357875e+18,1.252999095510113e+18,205.68376259197356,72.9733907637714,0.09904107417694621,0.03544741004264758,0.9518731173453749,0.0753897673738967,0.995026777780689,0.92395,0.85605,0.010212292748688085,0.07529578664271343,0.007514314846481232,1.3590450969019816,85.32967671880311,30.273638348885868,21,0.0009615384615384616,13,0.18053197860717773,0.2573413209027338
S1,8,40,1,SINE,det,sample,0,1,0,6.277110044693909e-18,0.35735369869281547,1.25,7.07e-06,10100.0,3.16e-11,1,1e-06,0.2852420195901501,0.0,0.2905055929784496,0.0,0.2857983916076645,0.2852420195901501,0.2905055929784496,0.30613409265100927,0.31200598449154626,0.33135543989890953,0.3394614798515082,0.34695520870585855,0.360985827413004,0.4078956691108639,0.4312498873198985,0.4404528398168679,0.4659745043570396,0.5435093379228608,0.5754191575088636,0.7348231945007255,0.7728656837611159,0.8368129421308986,0.8706317223645207,0.8948729680980266,0.9276514765055589,0.0945339134177036,0.21090675105485235,0.5736407405901451,0.4466921233660193,3.5317197925357875e+18,1.252999095510113e+18,62.036558921494056,22.009603474623397,0.09729321865512301,0.03551396872428062,0.8802272640258617,0.15550255078046415,0.9836994585830384,0.81725,0.7036,0.027649838931584673,0.15520898031984828,0.01159270615494511,2.385106511113461,85.32967671880311,30.273638348885868,21,0.0009615384615384616,13,0.1677701473236084,0.2573413209027338
S1,8,41,1,SINE,det,sample,0,1,0,1.1865756751746607e-18,1.7410784437934443,1.25,7.07e-06,10100.0,3.16e-11,3,1e-06,0.2916990771433253,0.0,0.2941781784610609,0.0,0.29124431590488364,0.2916990771433253,0.2941781784610609,0.3048822770356764,0.3124089605637983,0.33398568319578886,0.3487962380016417,0.3474703576963157,0.36110721314157235,0.36258188925271506,0.3670444813961061,0.3861592866590696,0.3863908319833173,0.4242002609478786,0.4350261208815386,0.4840620031230153,0.5181568240964204,0.5167696070805393,0.5574802756320374,0.5598148289638025,0.6029469492754985,2.4365313021503603,0.21090675105485235,0.5736407405901451,2.1763480547418053,3.5317197925357875e+18,1.252999095510113e+18,2.406929344450048,0.8539409887292464,0.24784247767143813,0.13486787709636608,0.394846784900942,0.2084479422676508,0.6732137593326195,0.0,0.0,0.07859903490720853,0.20646974496576614,0.01923027588698144,4.08725466910325,85.32967671880311,30.273638348885868,21,0.0009615384615384616,13,0.16033697128295898,0.2573413209027338
S1,8,42,1,SINE,det,sample,0,1,0,2.5507802588290937e-19,0.10065209290786799,1.25,7.07e-06,10100.0,3.16e-11,5,1e-06,0.336156516106548,0.0,0.3430906535126015,0.0,0.33718580894670813,0.336156516106548,0.3430906535126015,0.3772068674436186,0.3772642866302128,0.38938935639515815,0.39122919026806485,0.3969963556906141,0.4083230162391114,0.43000935760617703,0.4588682739355705,0.4990670093537117,0.5378290357338511,0.5980857439157827,0.6451921936637455,0.6351330939384215,0.6849334504912371,0.649315751870688,0.6964265609490027,0.7090260577074398,0.7556546819965475,0.655237674385361,0.21090675105485235,0.5736407405901451,0.12581511613483498,3.5317197925357875e+18,1.252999095510113e+18,8.950277004932564,3.175418677168972,1.903562530636832,0.7987888718716056,0.6474305315739373,0.2399298412622739,0.8668770773884823,0.4129,0.0,0.013167151480369786,0.239888510818314,0.018310998359186214,0.7190843023457606,85.32967671880311,30.273638348885868,21,0.0009615384615384616,13,0.17377781867980957,0.2573413209027338
S1,8,43,1,SINE,det,sample,0,1,0,6.764897975139562e-18,0.24987119639611427,1.25,7.07e-06,10100.0,3.16e-11,5,1e-06,0.2688752461872388,0.0,0.27596791734466,0.0,0.26976716831130476,0.2688752461872388,0.27596791734466,0.289621942855892,0.2983722072891782,0.31481702594475597,0.32247390934085207,0.3385503195484879,0.34962639220099445,0.3660998052095733,0.3806764919726489,0.43705303859558914,0.46403313828706033,0.4926304456747669,0.5250750792491135,0.6515428629691123,0.6837934222746086,0.8442667395934402,0.8741685646411208,0.917547370312685,0.9482385994816906,0.06133438891495724,0.21090675105485235,0.5736407405901451,0.3123389954951428,3.5317197925357875e+18,1.252999095510113e+18,95.61615911667842,33.92312185767356,0.09167707139821384,0.0331378266872314,0.9118035694027522,0.12463575952675675,0.9894027378779218,0.8602,0.7698,0.02019269301322445,0.12443102766366654,0.010042592610119774,2.010705183129361,85.32967671880311,30.273638348885868,21,0.0009615384615384616,13,0.1891801357269287,0.2573413209027338
S1,8,44,1,SINE,det,sample,0,1,0,1.6467856060044153e-18,1.4265109642937444,1.25,7.07e-06,10100.0,3.16e-11,1,1e-06,0.2942330032976364,0.0,0.29506469515232736,0.0,0.2934101536127801,0.2942330032976364,0.29506469515232736,0.3071009093529703,0.31441972746339336,0.34485068758206516,0.35901446457259395,0.3587702082561325,0.36991736507577755,0.36807129495640545,0.37395809213174913,0.3848797881767019,0.3926214239370945,0.4683559411584547,0.4958904174525774,0.5349882087092801,0.5770157882903404,0.564214668431971,0.6092808596647964,0.6159728650589963,0.6601383349670441,1.4384247574940534,0.21090675105485235,0.5736407405901451,1.7831387053671803,3.5317197925357875e+18,1.252999095510113e+18,4.077070183381513,1.4464809079432424,0.22923083798752925,0.11045915230480463,0.49804957314661746,0.23584654430377436,0.7810187198803307,0.0,0.0,0.079244035081038,0.2341692476653388,0.019397270874995695,4.085318784880638,85.32967671880311,30.273638348885868,21,0.0009615384615384616,13,0.15064001083374023,0.2573413209027338
S1,8,45,1,SINE,det,sample,0,1,0,8.844674399629235e-18,0.556396570662719,1.25,7.07e-06,10100.0,3.16e-11,3,1e-06,0.26289464131105295,0.0,0.2689045461352106,0.0,0.2636167261584761,0.26289464131105295,0.2689045461352106,0.2843195670567815,0.29401599612119256,0.3054243345944466,0.31271265537805754,0.32952451476752675,0.3393621408351558,0.3639015681781441,0.38055778221781467,0.4233382693237127,0.44888329442096003,0.46478712857564297,0.4965432016100278,0.5702883902631315,0.6042515722166764,0.7721721443116875,0.805636769606571,0.8778149936117399,0.9120672203444735,0.10446040189627884,0.21090675105485235,0.5736407405901451,0.6954957133283988,3.5317197925357875e+18,1.252999095510113e+18,56.14145248684611,19.918111662005344,0.06873581167818904,0.02516252774977875,0.8714528585969931,0.1631091837788642,0.982274790399386,0.80475,0.68395,0.03471917961360536,0.16265299674681488,0.01197149960942325,2.9001529253926126,85.32967671880311,30.273638348885868,21,0.0009615384615384616,13,0.20552825927734375,0.2573413209027338
S1,8,46,1,SINE,det,sample,0,1,0,4.0477575512190235e-19,1.0560175776859706,1.25,7.07e-06,10100.0,3.16e-11,5,1e-06,0.3194404960080443,0.0,0.3303068177860047,0.0,0.32026745566637715,0.3194404960080443,0.3303068177860047,0.33258076560771627,0.34661621855768726,0.3500842868875252,0.36127942722033285,0.38395345129162406,0.3852157054680135,0.4167685307253824,0.4166646811586226,0.434219124974807,0.44619017999610017,0.4617893838678683,0.4909923775303131,0.47324328929303583,0.506927514500346,0.4823483422767369,0.5168141472353955,0.52039570229903,0.5583524659376118,4.332172619483458,0.21090675105485235,0.5736407405901451,1.3200219721074633,3.5317197925357875e+18,1.252999095510113e+18,1.3537223017018287,0.4802795576220878,0.5117703231328078,0.3218574880237143,0.28766317942830877,0.16561496243182336,0.5126723838508076,0.0,0.0,0.040685764572278744,0.16491110575563162,0.018041500544728202,2.255120879297775,85.32967671880311,30.273638348885868,21,0.0009615384615384616,13,0.2359309196472168,0.2573413209027338
S1,8,47,1,SINE,det,sample,0,1,0,1.9896508524940234e-17,4.446254484302873,1.25,7.07e-06,10100.0,3.16e-11,4,1e-06,0.2589368340299152,0.0,0.2642031956012381,0.0,0.25952406359446367,0.2589368340299152,0.2642031956012381,0.27478132640337316,0.2836270183939633,0.29824486261810085,0.30726580194471415,0.3239626787826876,0.33242181890308214,0.3456558404892855,0.35345583054653756,0.37477689674232206,0.38609537744730327,0.4051619351601429,0.42389005110381117,0.4532196655957766,0.48456786645797567,0.5420531895701245,0.579679876892876,0.7012460383764949,0.7421383833805164,0.3710791400675664,0.21090675105485235,0.5736407405901451,5.557818105378591,3.5317197925357875e+18,1.252999095510113e+18,15.804064568946032,5.607035601217545,0.027232594780509302,0.010707333484117959,0.7264413478995688,0.23719558362497342,0.9403938184784415,0.58135,0.2221,0.09921398955459879,0.23473865127844412,0.016512187024984415,6.008531117318327,85.32967671880311,30.273638348885868,21,0.0009615384615384616,13,0.23638391494750977,0.2573413209027338
S1,8,48,1,SINE,det,sample,0,1,0,1.1605444181154944e-17,1.4764345066929954,1.25,7.07e-06,10100.0,3.16e-11,2,1e-06,0.26172762216975903,0.0,0.26774088547398295,0.0,0.26241941499084614,0.26172762216975903,0.26774088547398295,0.2763839335651263,0.2850772175728526,0.3043166886992287,0.31321290075648206,0.32311415182181974,0.330725828788045,0.3569837612906886,0.37059597617012446,0.40204018345775405,0.42331248683392225,0.4353653424087937,0.4625821306065218,0.5014532572523702,0.5357451128968865,0.6724797638410468,0.7102807714190089,0.8080508740030539,0.8469671950443616,0.21125233469894472,0.21090675105485235,0.5736407405901451,1.8455431333662442,3.5317197925357875e+18,1.252999095510113e+18,27.760917758255115,9.849140612780314,0.049943671128303765,0.01883965996300311,0.8001667080465527,0.20955908493763045,0.9650073426988968,0.70215,0.5102,0.06374103688111661,0.20838454070677712,0.014567796743655022,4.3754754409845065,85.32967671880311,30.273638348885868,21,0.0009615384615384616,13,0.20012593269348145,0.2573413209027338
S1,8,49,1,SINE,det,sample,0,1,0,5.33884383716726e-18,2.5906751538806563,1.25,7.07e-06,10100.0,3.16e-11,5,1e-06,0.26432112770634514,0.0,0.2673441758696074,0.0,0.2642274585485505,0.26432112770634514,0.2673441758696074,0.2729408065593439,0.27683072921247365,0.28568759404464733,0.29346964744906545,0.30734438692727456,0.31675598181596953,0.3325755140910996,0.3396623151928236,0.3620922418064337,0.3676162917964418,0.388514886207382,0.40022758809065506,0.41553420243617595,0.43195149297290775,0.5020587158155528,0.5349735412876649,0.6468365964024809,0.6912614565808548,0.8057769499506476,0.21090675105485235,0.5736407405901451,3.2383439423508205,3.5317197925357875e+18,1.252999095510113e+18,7.278141538022378,2.5821710950598336,0.0862046517666055,0.037303036001460316,0.6037237695536123,0.24884496991916294,0.876098169740558,0.24475,0.0,0.10528230210021486,0.24626216543643198,0.01862021432123294,5.654193892932785,85.32967671880311,30.273638348885868,21,0.0009615384615384616,13,0.22152280807495117,0.2573413209027338
S1,8,50,1,SINE,det,sample,0,1,0,1.0559197186180999e-17,2.771303276256177,1.25,7.07e-06,10100.0,3.16e-11,1,1e-06,0.27169440271097306,0.0,0.27624819702536413,0.0,0.27205676690703035,0.27169440271097306,0.27624819702536413,0.2830553693548543,0.29120595230255386,0.3026285772531741,0.3101058679616563,0.3295445729971447,0.33613411627875756,0.3556326744495966,0.3695856013378921,0.38902892380780646,0.4034425686645604,0.41427218435764507,0.43371060679370754,0.4943667737706806,0.5286505377710221,0.6261568186963478,0.6677002985727688,0.7398518406175334,0.7824833628533039,0.43581507912673384,0.21090675105485235,0.5736407405901451,3.4641290953202213,3.5317197925357875e+18,1.252999095510113e+18,13.45653000710283,4.774166954932251,0.0499938513816597,0.019968335724820676,0.7036824050141156,0.24159953716239194,0.9303509905439602,0.5375,0.142,0.09484319034316907,0.2394493888714837,0.01702262610957323,5.57159569461676,85.32967671880311,30.273638348885868,21,0.0009615384615384616,13,0.1377391815185547,0.2573413209027338
S1,8,51,1,SINE,det,sample,0,1,0,1.8409372711702607e-19,9.342207486749388,1.25,7.07e-06,10100.0,3.16e-11,1,1e-06,0.4341362048059744,0.0,0.4401621861245511,0.0,0.4338962596270054,0.4341362048059744,0.4401621861245511,0.4348910232376743,0.44196347268719943,0.4351244466970161,0.4452931350865476,0.4354817750459985,0.4472490613745438,0.4366113628458041,0.4483855766290162,0.43979234076570195,0.45134566970110296,0.44106362698053,0.45249249172681055,0.4626505586613226,0.47371157606301045,0.7201480108414091,0.7293538395512791,0.9866126543524908,0.94492273774775,84.2674041551121,0.21090675105485235,0.5736407405901451,11.677759358436735,3.5317197925357875e+18,1.252999095510113e+18,0.06959462853539215,0.024691088684755853,0.08356944521801021,0.08006104697672425,0.023791983237424034,0.01718581137474952,0.060714160595516056,0.0,0.0,0.014632960943720736,0.016154165475920954,0.006177185584708733,2.368871833791717,85.32967671880311,30.273638348885868,21,0.0009615384615384616,13,0.15814614295959473,0.2573413209027338
S1,8,52,1,SINE,det,sample,0,1,0,2.720176770185856e-18,8.36645808967077,1.25,7.07e-06,10100.0,3.16e-11,5,1e-06,0.28960802656862616,0.0,0.29112153788529804,0.0,0.28896792041538305,0.28960802656862616,0.29112153788529804,0.301929044926348,0.30602971545498875,0.3216982355952254,0.33272576753676353,0.34501665180716673,0.3593657665451394,0.35674111751812326,0.3662835463462568,0.3884181137597681,0.38912997345613715,0.41923395033326244,0.4216858682522851,0.43786713537951943,0.45492072898886904,0.4705122761015199,0.5007951709441378,0.5109183660218707,0.5468927586137268,5.107326356155066,0.21090675105485235,0.5736407405901451,10.458072612088463,3.5317197925357875e+18,1.252999095510113e+18,1.148263941024475,0.40738613594186085,0.06794149181750472,0.04451031915266604,0.2566413346754693,0.1557708317686982,0.5257283602927427,0.0,0.0,0.11453221895037302,0.1499614899010884,0.017381240159814123,6.589415824031618,85.32967671880311,30.273638348885868,21,0.0009615384615384616,13,0.1925029754638672,0.2573413209027338
S1,8,53,1,SINE,det,sample,0,1,0,5.122026860572308e-20,0.10388002974894747,1.25,7.07e-06,10100.0,3.16e-11,1,1e-06,0.43334400060653205,0.0,0.43835190413149344,0.0,0.4330422398051239,0.43334400060653205,0.43835190413149344,0.44490752984124576,0.46107926421918527,0.4612524256819044,0.4901356444939363,0.4796294306467307,0.515503201237024,0.48335322177119877,0.5202582700237924,0.4842920770339639,0.521043860098502,0.49517605259531766,0.5313964445243045,0.5118873486935367,0.5482622800806979,0.518674723398439,0.5549468116867005,0.5622500432391933,0.5979078831364191,3.36774586297337,0.21090675105485235,0.5736407405901451,0.12985003718618435,3.5317197925357875e+18,1.252999095510113e+18,1.7413899173018335,0.6178179808945071,4.760233580363126,2.8092287897334467,0.3357567361479242,0.180933854286923,0.5516218851037529,0.0,0.0,0.00769319343281979,0.18091524015870786,0.01893495027506421,0.4062959406316002,85.32967671880311,30.273638348885868,21,0.0009615384615384616,13,0.1519010066986084,0.2573413209027338
S1,8,54,1,SINE,det,sample,0,1,0,1.866817912624054e-18,9.815893701602038,1.25,7.07e-06,10100.0,3.16e-11,1,1e-06,0.31997197694608137,0.0,0.3319769505846503,0.0,0.3210722572898529,0.31997197694608137,0.3319769505846503,0.3328882345376392,0.3481197907080988,0.34266777893072004,0.35285217534578484,0.3730957427714281,0.37510309124751506,0.41251295099420765,0.41365288165386127,0.43400688682842187,0.4463826943157586,0.44958015064861007,0.471012876508475,0.4536131708942454,0.478401088500565,0.4584806819750398,0.4837550718972422,0.5264107411962737,0.5448763817039389,8.731261287194625,0.21090675105485235,0.5736407405901451,12.269867127002547,3.5317197925357875e+18,1.252999095510113e+18,0.6716737132145869,0.2382993568500291,0.06581645595436354,0.04875381746699435,0.17627390197903137,0.1143036864582738,0.39240543593447447,0.0,0.0,0.09110851852697555,0.10899224690128016,0.015267919435122507,5.967317217916961,85.32967671880311,30.273638348885868,21,0.0009615384615384616,13,0.1520400047302246,0.2573413209027338
S1,8,55,1,SINE,det,sample,0,1,0,1.1236215078620282e-17,0.8390679595438255,1.25,7.07e-06,10100.0,3.16e-11,5,1e-06,0.25951878152580726,0.0,0.2658948367945378,0.0,0.2603526303279968,0.25951878152580726,0.2658948367945378,0.2779448759937538,0.28728046918209943,0.3030757856087941,0.3125999229950717,0.32210475318523196,0.330199321930017,0.3544254939991966,0.36725999992554265,0.3879971680356197,0.40574977323257577,0.4485222305413497,0.4774597752657221,0.5148002730476715,0.5503400570688306,0.684151918932766,0.7178433086925686,0.84622204680645,0.8814045130982772,0.12400128665100756,0.21090675105485235,0.5736407405901451,1.048834949429782,3.5317197925357875e+18,1.252999095510113e+18,47.29433740733799,16.779293226883066,0.053626364628297465,0.01974224955974616,0.8558576050988699,0.17540333584890108,0.9791453582105988,0.7827,0.649,0.043472166068513604,0.17472569220040787,0.012611020993107026,3.447156744269537,85.32967671880311,30.273638348885868,21,0.0009615384615384616,13,0.18590164184570312,0.2573413209027338
S1,8,56,1,SINE,det,sample,0,1,0,3.4938642738124086e-18,0.10211879457438365,1.25,7.07e-06,10100.0,3.16e-11,1,1e-06,0.3110935364543817,0.0,0.3223069711951156,0.0,0.3124676906965575,0.3110935364543817,0.3223069711951156,0.32822305787449296,0.3340477159471829,0.36136228505489254,0.3694928357001544,0.39872343569745067,0.42063863040528365,0.43314814213518377,0.4553480722089253,0.5922101075609448,0.6221734203126058,0.7800639067047815,0.8193469298021111,0.8359709816603155,0.8706099280064925,0.9033787834098583,0.932286340273134,0.9363611155347143,0.9644774708682854,0.04853429744093411,0.21090675105485235,0.5736407405901451,0.12764849321797955,3.5317197925357875e+18,1.252999095510113e+18,120.83328695452764,42.86976548409251,0.17857431567580562,0.06430109164750533,0.9271388366828442,0.1058251805891264,0.9911484041848029,0.8805,0.8004,0.012092805339185065,0.10573780276063183,0.009205453483539242,1.3136566667583351,85.32967671880311,30.273638348885868,21,0.0009615384615384616,13,0.1714310646057129,0.2573413209027338
S1,8,57,1,SINE,det,sample,0,1,0,1.4293314132332403e-17,3.388663605282948,1.25,7.07e-06,10100.0,3.16e-11,5,1e-06,0.25706821950873776,0.0,0.2611345947255381,0.0,0.2573790158578661,0.25706821950873776,0.2611345947255381,0.26806824447708133,0.27559987534779157,0.29127075303044925,0.3009734163693289,0.31570505475879307,0.3244046408645433,0.33845922773797854,0.3462350073488159,0.36641024042924175,0.3764001490060329,0.39531393432436956,0.41054632808397706,0.44238273857467286,0.4703735026523738,0.5226121774346104,0.5583450977275689,0.6913209082434617,0.7321945610777424,0.3936811470024194,0.21090675105485235,0.5736407405901451,4.235829506603685,3.5317197925357875e+18,1.252999095510113e+18,14.896722219163692,5.285124688013699,0.03756190680286094,0.014850939993839246,0.7183024167113483,0.23882215847882715,0.9368832221129093,0.56595,0.19085,0.09636789938514882,0.2365489442946055,0.016704141068710793,5.769102343469756,85.32967671880311,30.273638348885868,21,0.0009615384615384616,13,0.23566699028015137,0.25706821950873776
S1,8,58,1,SINE,det,sample,0,1,0,1.6865649231393038e-18,0.4770727884342294,1.25,7.07e-06,10100.0,3.16e-11,5,1e-06,0.284510341213959,0.0,0.2875651623201309,0.0,0.28427587224932893,0.284510341213959,0.2875651623201309,0.2901648219226465,0.29636160140115775,0.32371036476148385,0.33634798798932075,0.3461971641247841,0.357976629837735,0.36047696222682574,0.3677405512733746,0.373932893672114,0.3815698580568483,0.42548886165690014,0.44119270956168344,0.5713243889165053,0.6097646829351566,0.6773184668770723,0.7225129659382802,0.7453012591723691,0.790703457490043,0.4697109445428498,0.21090675105485235,0.5736407405901451,0.5963409855427868,3.5317197925357875e+18,1.252999095510113e+18,12.485463151224888,4.429647580924586,0.3088401105798092,0.1243481918639057,0.6962017894215902,0.24221904646742262,0.9144790491966448,0.52665,0.08745,0.0425335291851008,0.24179593325681173,0.01721431094802082,2.4708237996590277,85.32967671880311,30.273638348885868,21,0.0009615384615384616,13,0.21621298789978027,0.25706821950873776
S1,8,59,1,SINE,det,sample,0,1,0,1.4270927273799178e-17,4.27723592672196,1.25,7.07e-06,10100.0,3.16e-11,3,1e-06,0.26008227698425546,0.0,0.26520353054923734,0.0,0.2605712508857169,0.26008227698425546,0.26520353054923734,0.2711395732210431,0.2786769597838171,0.29495911330354313,0.30461388147271934,0.31676288473470066,0.3247224385955007,0.34417565820961926,0.35230948367402676,0.3690855925866705,0.37857455013745855,0.402379700822482,0.41866950286290006,0.43524051718898976,0.46219553147649706,0.5360866399715722,0.5732202987684241,0.6880590931389928,0.7307434309845762,0.4976913706848798,0.21090675105485235,0.5736407405901451,5.34654490840245,3.5317197925357875e+18,1.252999095510113e+18,11.783524961958836,4.180610860029221,0.036103209321093586,0.01463107232530532,0.6828233648286602,0.24541253434970534,0.9215247966624148,0.4941,0.08785,0.10742286484426672,0.24270563030868839,0.017414475939190516,6.168595897997497,85.32967671880311,30.273638348885868,21,0.0009615384615384616,13,0.1674339771270752,0.25706821950873776
S1,8,60,1,SINE,det,sample,0,1,0,5.665691542527518e-18,2.745474504946419,1.25,7.07e-06,10100.0,3.16e-11,3,1e-06,0.2649490189643702,0.0,0.2685590755996943,0.0,0.26496069817408313,0.2649490189643702,0.2685590755996943,0.275067639892359,0.2790631368893008,0.28965253399277757,0.2970076127918861,0.3147243786900588,0.3249297097210922,0.3353336775962664,0.34153547601165546,0.3668617338061869,0.3736526713836401,0.3941633739201756,0.40638735476842225,0.4185700650922414,0.43685856321496963,0.5316303820606284,0.5687013153408113,0.657630289048994,0.702715137600567,0.8046621739240515,0.21090675105485235,0.5736407405901451,3.4318431311830238,3.5317197925357875e+18,1.252999095510113e+18,7.28822464863412,2.5857484254310434,0.08126298209072942,0.03515693920358255,0.6038344634811611,0.24891537367172417,0.8765874822131047,0.2453,0.0,0.10715837073013301,0.2462444934929145,0.018616716973399897,5.756029426844915,85.32967671880311,30.273638348885868,21,0.0009615384615384616,13,0.14128518104553223,0.25706821950873776
S1,8,61,1,SINE,det,sample,0,1,0,1.9684742186326286e-17,4.582107206448296,1.25,7.07e-06,10100.0,3.16e-11,2,1e-06,0.26233516692575265,0.0,0.26866557259895163,0.0,0.2631490272794317,0.26233516692575265,0.26866557259895163,0.2802319437056846,0.28951805151920657,0.3061338310043167,0.3141415381680425,0.3282285657301829,0.3359211366166923,0.3548713787605194,0.3642269785257761,0.386043731573078,0.4003758486300238,0.4177026269123969,0.4403946854611211,0.4663450603691228,0.49933581893300777,0.5851228720407219,0.6248642500625884,0.726747138117682,0.7686845409356451,0.38653125117236903,0.21090675105485235,0.5736407405901451,5.72763400806037,3.5317197925357875e+18,1.252999095510113e+18,15.172275649198562,5.382886746976621,0.027353166069801017,0.010795769561560474,0.7205841144522741,0.2386216870828792,0.9380632890557732,0.57055,0.2008,0.10093108561576918,0.2361054881705558,0.016643077536021338,6.064448440940063,85.32967671880311,30.273638348885868,21,0.0009615384615384616,13,0.16488122940063477,0.25706821950873776
S1,8,62,1,SINE,det,sample,0,1,0,9.296203047632697e-18,0.4058484611517182,1.25,7.07e-06,10100.0,3.16e-11,4,1e-06,0.26480438165261005,0.0,0.27213455480004833,0.0,0.2658473832884165,0.26480438165261005,0.27213455480004833,0.28915833738461305,0.2991872575231612,0.309321246782308,0.3169241690985114,0.33495764573134196,0.34594824536309027,0.36963306849097455,0.386559758193843,0.43282744785636407,0.4597712792821911,0.48458170362395747,0.5186353152285357,0.6029333226182308,0.6365492647462397,0.8078228277077908,0.838639217764578,0.9035637199113519,0.9352874974458338,0.07249489083249237,0.21090675105485235,0.5736407405901451,0.5073105764396477,3.5317197925357875e+18,1.252999095510113e+18,80.8961655431348,28.70069773655667,0.06636810712895694,0.02406924763951665,0.9000459658284187,0.13705000819034063,0.9876460909265,0.8441,0.7451,0.026568687072615668,0.13671934218301765,0.010646904767835547,2.4954376555409845,85.32967671880311,30.273638348885868,21,0.0009615384615384616,13,0.23005199432373047,0.25706821950873776
S1,8,63,1,SINE,det,sample,0,1,0,1.0063508037990681e-19,0.6152391859024485,1.25,7.07e-06,10100.0,3.16e-11,5,1e-06,0.3542123616189631,0.0,0.3643136339772547,0.0,0.3550094888881769,0.3542123616189631,0.3643136339772547,0.38231641388976945,0.38651171667867035,0.4225758069404589,0.4248706812925532,0.43251582936764715,0.4414705543071364,0.441491151114908,0.4610834018846057,0.44509082915634673,0.4675836584991713,0.44559314220176527,0.4684345837308206,0.4481992412816921,0.4712472100942352,0.46420634696946694,0.4886136515706154,0.49756376040908235,0.5249082064031801,10.151814854129444,0.21090675105485235,0.5736407405901451,0.7690489823780606,3.5317197925357875e+18,1.252999095510113e+18,0.577685741326465,0.20495389042499046,1.0791344820196314,0.824186502001379,0.15846692497972392,0.09954670318628166,0.29736640625661576,0.0,0.0,0.013939124399820632,0.09940578166681122,0.014737785906718663,0.9458085826491796,85.32967671880311,30.273638348885868,21,0.0009615384615384616,13,0.2189960479736328,0.25706821950873776
S1,8,64,1,SINE,det,sample,0,1,0,8.095612074470662e-19,9.64116078084898,1.25,7.07e-06,10100.0,3.16e-11,3,1e-06,0.32418030189092306,0.0,0.33569963006528614,0.0,0.3251878349330246,0.32418030189092306,0.33569963006528614,0.3333238131628166,0.34236978207784424,0.3823121638021619,0.3854720213931377,0.42371867473541563,0.42647185600801857,0.43257854464512746,0.43737613013136195,0.43496044091379304,0.44607092488516564,0.43997638169352443,0.4571784926212922,0.44641851878318467,0.46447674460958666,0.4527983207798286,0.47133762385991856,0.5234073635361957,0.535368929987664,19.775557403484942,0.21090675105485235,0.5736407405901451,12.051450976061224,3.5317197925357875e+18,1.252999095510113e+18,0.2965559235656896,0.10521341607601785,0.07507831436657052,0.06399844294113284,0.09080316491023804,0.06269794831268487,0.2188245489080713,0.0,0.0,0.05222231175957786,0.059285176379122645,0.011590374229094189,4.505662261403887,85.32967671880311,30.273638348885868,21,0.0009615384615384616,13,0.23079609870910645,0.25706821950873776
S1,8,65,1,SINE,det,sample,0,1,0,5.899768221266531e-19,1.606061488606488,1.25,7.07e-06,10100.0,3.16e-11,1,1e-06,0.3263845336259069,0.0,0.34025010636316305,0.0,0.32779275126123564,0.3263845336259069,0.34025010636316305,0.3369253643832985,0.34533588509152213,0.3873205794029986,0.3866098344739081,0.4099897581466754,0.40743220690656706,0.4185886890776114,0.42057121901756045,0.4438202896757008,0.4650801651339486,0.4705614620179205,0.502663745770502,0.4754875533328707,0.5090087344113554,0.4791220895882804,0.512584618836574,0.5248133323783005,0.5564629717618531,4.520394269898852,0.21090675105485235,0.5736407405901451,2.00757686075811,3.5317197925357875e+18,1.252999095510113e+18,1.2973555711431368,0.4602815208140225,0.34110746916225565,0.21682013010351114,0.27978906348501964,0.1626368912745217,0.5126714334408254,0.0,0.0,0.056161673627674116,0.16125695314502553,0.01789522435767688,3.1383609674377344,85.32967671880311,30.273638348885868,21,0.0009615384615384616,13,0.1997380256652832,0.25706821950873776
S1,8,66,1,SINE,det,sample,0,1,0,6.901494210394058e-18,6.172471920283535,1.25,7.07e-06,10100.0,3.16e-11,4,1e-06,0.2683499350027906,0.0,0.2720778555841387,0.0,0.2683852620884463,0.2683499350027906,0.2720778555841387,0.2771331957222119,0.280718310797608,0.2929233646448367,0.3011352254730403,0.31408061929954606,0.32461189553860453,0.33791267114440343,0.34434698651964174,0.37134811178970084,0.37828866247735377,0.38899941940207805,0.39707135806351346,0.4082293004038092,0.41930579119935335,0.47981160219264984,0.5109447350282199,0.5858770458311292,0.629518728489033,1.4851321253342262,0.21090675105485235,0.5736407405901451,7.715589900354419,3.5317197925357875e+18,1.252999095510113e+18,3.9488464290656835,1.4009891199140208,0.05398096847831731,0.026189480691428697,0.4883889895146463,0.23599065996696592,0.7957842709648381,0.0,0.0,0.13567451687801538,0.23137020596704233,0.019363640109680908,7.0066638353903565,85.32967671880311,30.273638348885868,21,0.0009615384615384616,13,0.2032146453857422,0.25706821950873776
S1,8,67,1,SINE,det,sample,0,1,0,2.6609408772267002e-18,0.9428172877882122,1.25,7.07e-06,10100.0,3.16e-11,3,1e-06,0.2792422308256336,0.0,0.28397456216387934,0.0,0.27935358975010205,0.2792422308256336,0.28397456216387934,0.28592690533803294,0.29140622806666105,0.2973318355725987,0.3058439257536546,0.33119401592656467,0.34062997795691063,0.3595687546105889,0.36806602989867165,0.3760312999828994,0.3898007644869828,0.39856498913618615,0.4115920110396057,0.49214974273814743,0.5219325570198523,0.6317166607119075,0.6757713772008822,0.7150174445486035,0.7608664514984276,0.5883576568641787,0.21090675105485235,0.5736407405901451,1.1785216097352653,3.5317197925357875e+18,1.252999095510113e+18,9.967676329859696,3.536376088513031,0.18704814136813988,0.07736558687395997,0.6594088128058244,0.24681949625092292,0.9007528444243976,0.44085,0.00315,0.06548706836868817,0.24581384452479113,0.017869431453942472,3.664753886405266,85.32967671880311,30.273638348885868,21,0.0009615384615384616,13,0.20822691917419434,0.25706821950873776
S1,8,68,1,SINE,det,sample,0,1,0,3.713451394990755e-18,0.392972461564727,1.25,7.07e-06,10100.0,3.16e-11,5,1e-06,0.27345182197422074,0.0,0.27659130196155185,0.0,0.27332935339631126,0.27345182197422074,0.27659130196155185,0.28785652102027076,0.2963310952409463,0.3046882933900298,0.3149710626670049,0.33184197137725524,0.33764981197302046,0.3566452182026335,0.36598290610382683,0.38407613002913527,0.4032851079207324,0.4348895542172679,0.4576644231954116,0.5592123252813627,0.5915106448330756,0.7461581270582678,0.7837630554838423,0.840687134749127,0.8792045360260424,0.1757249672452833,0.21090675105485235,0.5736407405901451,0.49121557695590873,3.5317197925357875e+18,1.252999095510113e+18,33.37350851020973,11.840400267787697,0.15854381624668773,0.059224855094014706,0.822598111683132,0.19716466084367618,0.9689554554850826,0.73635,0.571,0.034390085273706295,0.19683012981485237,0.013857208324580577,2.4817470061919704,85.32967671880311,30.273638348885868,21,0.0009615384615384616,13,0.21653008460998535,0.25706821950873776
S1,8,69,1,SINE,det,sample,0,1,0,4.509162566010304e-18,0.3000606861608929,1.25,7.07e-06,10100.0,3.16e-11,3,1e-06,0.2755912353341543,0.0,0.28018983994699287,0.0,0.2758189421492841,0.2755912353341543,0.28018983994699287,0.29660416399901723,0.3059485607867125,0.3129562130488204,0.3226555176238715,0.3365595904546528,0.34308857682958777,0.3714258152510885,0.38779624466535145,0.41949856354339904,0.4437007960541908,0.4661195443675812,0.4932055336315665,0.6604504787969406,0.6958317281469321,0.810908027220878,0.8457633948474478,0.8816272370287931,0.9164868436988615,0.11050000628698001,0.21090675105485235,0.5736407405901451,0.37507585770111607,3.5317197925357875e+18,1.252999095510113e+18,53.07292629998518,18.829446433010713,0.13445293857448487,0.04930614127359255,0.8675002749458021,0.16602510027775252,0.9805718513233539,0.79985,0.6764,0.026711620095780046,0.1657782211050217,0.012152480842716036,2.1980384451122568,85.32967671880311,30.273638348885868,21,0.0009615384615384616,13,0.19219398498535156,0.25706821950873776
S1,8,70,1,SINE,det,sample,0,1,0,1.0211808363185737e-17,9.07930219724504,1.25,7.07e-06,10100.0,3.16e-11,1,1e-06,0.2763092688619755,0.0,0.2799484418563205,0.0,0.2763139845710715,0.2763092688619755,0.2799484418563205,0.28942424980559217,0.29649981849550944,0.31380905428216166,0.3241871394013458,0.3349894146112642,0.3400593727596081,0.36110742971728027,0.3661736563054695,0.3830401945678126,0.3899180777357478,0.41251100021773035,0.42486968149172694,0.45269743042472865,0.47789160913470835,0.5249066121702372,0.5646068362700669,0.6047001824622715,0.6477364290868741,1.4763825823009635,0.21090675105485235,0.5736407405901451,11.3491277465563,3.5317197925357875e+18,1.252999095510113e+18,3.972248629943052,1.4092918557636378,0.036571948787815264,0.017720855275271574,0.48908339224947717,0.23652919020370047,0.7980240427243299,0.0,0.0,0.1425837384657761,0.2315082906666035,0.019350976487695844,7.368296817291715,85.32967671880311,30.273638348885868,21,0.0009615384615384616,13,0.12342619895935059,0.25706821950873776
S1,8,71,1,SINE,det,sample,0,1,0,7.726684387240228e-19,0.10503693190768303,1.25,7.07e-06,10100.0,3.16e-11,5,1e-06,0.3186402791074846,0.0,0.3282311502576718,0.0,0.3196780136668446,0.3186402791074846,0.3282311502576718,0.36223338325147547,0.37186667002350654,0.3833726863504419,0.38688323402692754,0.3943627925835253,0.3941756230547777,0.4079584221481538,0.41508832551366004,0.5088465264841294,0.5422262734069596,0.6476870505676683,0.6912873119448217,0.7292746519823261,0.775592274725786,0.76487844407822,0.806382676494794,0.8254309461395523,0.8659923658025145,0.2257345067915792,0.21090675105485235,0.5736407405901451,0.13129616488460377,3.5317197925357875e+18,1.252999095510113e+18,25.979894581343466,9.217261369565911,0.7454413095158594,0.28229794123294005,0.7987560142183548,0.20393427332967004,0.9527503103637137,0.6965,0.5064,0.015197554035928642,0.2038680764127019,0.014796539534931307,1.0271019112307056,85.32967671880311,30.273638348885868,21,0.0009615384615384616,13,0.1587238311767578,0.25706821950873776
S1,8,72,1,SINE,det,sample,0,1,0,1.5621954044708306e-17,9.647458499421058,1.25,7.07e-06,10100.0,3.16e-11,2,1e-06,0.2662850854088074,0.0,0.2704882444422478,0.0,0.2664932036943823,0.2662850854088074,0.2704882444422478,0.2807174632205353,0.28952482762778375,0.3002815258654476,0.30871956434933173,0.3300756164673066,0.3387070926810534,0.3495280267634928,0.35576316177962053,0.3784259889890293,0.385304113626221,0.39769057293984766,0.4096216479683682,0.42487585278231627,0.4458240265847701,0.5116711819978249,0.548289074428816,0.6250555332528709,0.6693136230029422,1.025478739175626,0.21090675105485235,0.5736407405901451,12.059323124276322,3.5317197925357875e+18,1.252999095510113e+18,5.718849612163837,2.028958641210502,0.027376865645824127,0.01234190353316631,0.5581924418356453,0.24725103632652187,0.8508436525228835,0.1239,0.0,0.1382256014345702,0.2428613334237369,0.01901444151456775,7.2695062502188055,85.32967671880311,30.273638348885868,21,0.0009615384615384616,13,0.1409749984741211,0.25706821950873776
S1,8,73,1,SINE,det,sample,0,1,0,1.261577337693383e-18,2.0980562517448598,1.25,7.07e-06,10100.0,3.16e-11,5,1e-06,0.2898053672041894,0.0,0.2927202110530934,0.0,0.2894508606849034,0.2898053672041894,0.2927202110530934,0.3006465166649154,0.30661572989147334,0.32107629836135143,0.33328356530846326,0.34142257769585077,0.3562006374250457,0.3538811298193107,0.363494813949265,0.3762454385989447,0.3779540797400819,0.415720253449971,0.4218784320289663,0.46068878699534604,0.4878111606569305,0.5030506766660247,0.5414579948067504,0.5500781051638687,0.5926082280644223,2.7615464126206457,0.21090675105485235,0.5736407405901451,2.6225703146810746,3.5317197925357875e+18,1.252999095510113e+18,2.123650235612536,0.7534379794303522,0.2174615352767018,0.12207042602662896,0.37023210649756,0.20027846577144415,0.6483296981285707,0.0,0.0,0.08467038287417691,0.1978644152344904,0.019046645890130758,4.445422220930241,85.32967671880311,30.273638348885868,21,0.0009615384615384616,13,0.18380498886108398,0.25706821950873776
S1,8,74,1,SINE,det,sample,0,1,0,3.249106310861117e-18,0.6145640003367497,1.25,7.07e-06,10100.0,3.16e-11,1,1e-06,0.2934878800137914,0.0,0.3017649942107823,0.0,0.2942509939168139,0.2934878800137914,0.3017649942107823,0.2998090806127627,0.3115073591046468,0.31500325630324366,0.32276528795961046,0.35662619523527017,0.3631741820225552,0.37808253180595414,0.3918337641531088,0.39756072949827836,0.4122788159373083,0.5037793476434398,0.5331285036586223,0.6446202393996583,0.6876266735111181,0.7244980390948772,0.7677737197505086,0.7909696934745714,0.8324642494608031,0.31408868599542594,0.21090675105485235,0.5736407405901451,0.7682050004209372,3.5317197925357875e+18,1.252999095510113e+18,18.671664887356666,6.624415466077429,0.17073254597078036,0.06617314149648018,0.7527365151481414,0.2285435077179404,0.9452796463035545,0.62875,0.34655,0.048548756922632115,0.2279663011278374,0.01592930095329531,3.0477644351737094,85.32967671880311,30.273638348885868,21,0.0009615384615384616,13,0.14832282066345215,0.25706821950873776
S1,8,75,1,SINE,det,sample,0,1,0,1.9083087423909813e-17,1.4873330938297304,1.25,7.07e-06,10100.0,3.16e-11,4,1e-06,0.26329556725899894,0.0,0.27069741524853913,0.0,0.26441943149196323,0.26329556725899894,0.27069741524853913,0.2850611423504426,0.29439125432223645,0.3105720805022362,0.3187648172792844,0.3305918723402464,0.33965768250691575,0.36204938697291583,0.37460004619579934,0.40100384383400406,0.4218139652931802,0.4577876168792896,0.49006504654904753,0.5274541268104432,0.5661126487488471,0.6679436120356734,0.703545541558923,0.8307533988907645,0.8659719497389424,0.1294221764718403,0.21090675105485235,0.5736407405901451,1.859166367287163,3.5317197925357875e+18,1.252999095510113e+18,45.313398751973544,16.076487090145218,0.031498016891582596,0.011613820045788929,0.8512083545900024,0.1790863287431457,0.9783622947244441,0.77535,0.6385,0.05352235826135757,0.1780054570665201,0.012780196305539272,4.187913626816481,85.32967671880311,30.273638348885868,21,0.0009615384615384616,13,0.13789987564086914,0.25706821950873776
S1,8,76,1,SINE,det,sample,0,1,0,1.051128839974745e-17,0.27652538724914644,1.25,7.07e-06,10100.0,3.16e-11,2,1e-06,0.2793595702006827,0.0,0.2880011888302177,0.0,0.28076213251692217,0.2793595702006827,0.2880011888302177,0.3046387385488461,0.31350187623389175,0.3218222046614114,0.33027077104844965,0.3674518665062671,0.38855943146229416,0.444774772132776,0.4769166331341513,0.48136804265467015,0.5166985706086186,0.5483177135628797,0.5833207329623633,0.7474375965104866,0.7794467415810423,0.8898325145559187,0.9179455406912912,0.9375087798937138,0.9656977438395037,0.043684579009707014,0.21090675105485235,0.5736407405901451,0.34565673406143305,3.5317197925357875e+18,1.252999095510113e+18,134.24780146132673,47.62902599486426,0.0594921147244177,0.02139068851518746,0.9314601229639197,0.10232150321859472,0.9925419033825486,0.88925,0.8115,0.018407442983263776,0.10209347810630313,0.008896652392305717,2.0690302567270673,85.32967671880311,30.273638348885868,21,0.0009615384615384616,13,0.12431716918945312,0.25706821950873776
S1,8,77,1,SINE,det,sample,0,1,0,7.434766897681587e-18,1.1858672035700022,1.25,7.07e-06,10100.0,3.16e-11,4,1e-06,0.2600406313954593,0.0,0.26411130428934215,0.0,0.26027694722234246,0.2600406313954593,0.26411130428934215,0.27040359132120895,0.2772686243036479,0.2895809812137156,0.2974303460617224,0.3153175211319926,0.3240349565115755,0.3387848473423382,0.34744514950169497,0.36779372110266856,0.3795986639538155,0.41612441067137207,0.43647240910190704,0.4588217557664184,0.4877001414868231,0.6162177612850992,0.6527344012886792,0.7783249774814299,0.8188020835956753,0.2648608688218922,0.21090675105485235,0.5736407405901451,1.4823340044625026,3.5317197925357875e+18,1.252999095510113e+18,22.142035234961256,7.855648735439242,0.07617869822593208,0.029150927555098093,0.7733998600100521,0.22121153517602854,0.9560409920668301,0.66085,0.4264,0.06329337824446103,0.2201636438961193,0.015365808022323298,4.119105103520037,85.32967671880311,30.273638348885868,21,0.0009615384615384616,13,0.15102624893188477,0.25706821950873776
S1,8,78,1,SINE,det,sample,0,1,0,1.388772510704056e-17,1.081595771046577,1.25,7.07e-06,10100.0,3.16e-11,3,1e-06,0.2640144541520758,0.0,0.271861980897403,0.0,0.2651613789949321,0.2640144541520758,0.271861980897403,0.2810038178803348,0.28976765333471105,0.30869807966396706,0.3175753927404796,0.3269453745511848,0.33574334143736745,0.3617854365709751,0.37537446862908164,0.4131328784010858,0.43751026538976023,0.46036746966643666,0.4927514148893451,0.5301088396158818,0.5666535720420645,0.7053682583117288,0.7401738550064522,0.8479386069887385,0.8834478257295293,0.12932514280559446,0.21090675105485235,0.5736407405901451,1.3519947138082211,3.5317197925357875e+18,1.252999095510113e+18,45.347397749504694,16.088549404161416,0.04328324452086476,0.01595877866465762,0.8516541415474849,0.17856634256355647,0.9783343746296413,0.77675,0.63945,0.048359179016040046,0.1777207033024796,0.012771641859010056,3.7864496632376143,85.32967671880311,30.273638348885868,21,0.0009615384615384616,13,0.20723199844360352,0.25706821950873776
S1,8,79,1,SINE,det,sample,0,1,0,6.079387996064806e-18,0.10370724383821132,1.25,7.07e-06,10100.0,3.16e-11,5,1e-06,0.28293197516083846,0.0,0.29163251137694807,0.0,0.28416047567226016,0.28293197516083846,0.29163251137694807,0.3085047011428342,0.31657002561781133,0.32955533414415583,0.33924752903453254,0.3561286867886933,0.3696983222367174,0.41451503615615215,0.43871887534298987,0.4815387312525064,0.5138037049815921,0.59548828902291,0.6276220359762334,0.8055502685162137,0.8334806373942164,0.9285150261622491,0.9543374598969635,0.9568412304002126,0.9829263195125528,0.028326852974961587,0.21090675105485235,0.5736407405901451,0.12963405479776416,3.5317197925357875e+18,1.252999095510113e+18,207.0317763501839,73.45164501920314,0.10361117445593979,0.03708098116525811,0.9521860594502611,0.07489208513676726,0.9950470952358522,0.9242,0.8572,0.009946620938533445,0.07480247221264878,0.007492412840284774,1.3275591122065546,85.32967671880311,30.273638348885868,21,0.0009615384615384616,13,0.2108769416809082,0.25706821950873776
S1,8,80,1,SINE,det,sample,0,1,0,7.811475518880921e-18,2.735894804793938,1.25,7.07e-06,10100.0,3.16e-11,2,1e-06,0.26287385652407974,0.0,0.26635481877538575,0.0,0.2629145879739327,0.26287385652407974,0.26635481877538575,0.27371065705625774,0.28058055997519327,0.2894259667414903,0.2970809174256499,0.31814702738743267,0.32623167872221526,0.34063366161228037,0.3486779816270845,0.3694725122193365,0.37832243051658254,0.40051655595514396,0.41503692604413456,0.439119826862949,0.46417196452502346,0.5675676337244702,0.6069337547618201,0.6969636594794147,0.7412131707260929,0.5815879722156695,0.21090675105485235,0.5736407405901451,3.4198685059924228,3.5317197925357875e+18,1.252999095510113e+18,10.083700093512322,3.57753951014735,0.06387905617548464,0.0263818852050463,0.6587746120670096,0.24751612201778248,0.9086244660861159,0.43635,0.03025,0.10126444587367368,0.24514260594679926,0.017850864965356147,5.672803310663178,85.32967671880311,30.273638348885868,21,0.0009615384615384616,13,0.1781902313232422,0.25706821950873776
S1,8,81,1,SINE,det,sample,0,1,0,7.701024866713802e-18,0.101230612198275,1.25,7.07e-06,10100.0,3.16e-11,1,1e-06,0.30566352102599414,0.0,0.3108993540512052,0.0,0.3064892197539646,0.30566352102599414,0.3108993540512052,0.3292691447100682,0.33642983535337423,0.36214329076818347,0.38359892255023065,0.4382050513698098,0.46924184810021435,0.47570412003538226,0.5090723521964532,0.5595713736392749,0.5910857061480443,0.7742351114538991,0.8084438798839664,0.8785765993577215,0.9052081196537249,0.9509487686396988,0.9756613201795609,0.966279537005595,0.9902293980512257,0.02182792410861178,0.21090675105485235,0.5736407405901451,0.12653826524784376,3.5317197925357875e+18,1.252999095510113e+18,268.6723052836271,95.32074323124276,0.08204616737995304,0.029305003392915446,0.9615010895353442,0.06199031883653389,0.9962226935894396,0.9453,0.88055,0.008764669544524317,0.06190249405272987,0.006735941380958004,1.3011796048732511,85.32967671880311,30.273638348885868,21,0.0009615384615384616,13,0.14349603652954102,0.25706821950873776
S1,8,82,1,SINE,det,sample,0,1,0,1.4851179188023132e-17,1.569294736480228,1.25,7.07e-06,10100.0,3.16e-11,5,1e-06,0.2588962862543508,0.0,0.26489786982148034,0.0,0.25965985468247355,0.2588962862543508,0.26489786982148034,0.2739344640926462,0.2828242834590588,0.30202709277363454,0.3115433631523705,0.3211175799772652,0.329127369848973,0.3487428275199837,0.3595458158653297,0.38150128301045433,0.39692943121161145,0.42762005962739963,0.4531322042975343,0.4906778868753244,0.5262321856848201,0.6139964457793723,0.6501416701345191,0.793789195557378,0.8308384504480448,0.1754658794998068,0.21090675105485235,0.5736407405901451,1.9616184206002851,3.5317197925357875e+18,1.252999095510113e+18,33.42278684912781,11.857883453804634,0.039647516084898596,0.014809467440472134,0.8206480580985557,0.19874341614747787,0.9708487908171518,0.73235,0.56535,0.06092257232036768,0.19756407752760563,0.01389599678256895,4.384181521745066,85.32967671880311,30.273638348885868,21,0.0009615384615384616,13,0.1555318832397461,0.25706821950873776
S1,8,83,1,SINE,det,sample,0,1,0,2.5032629062507596e-18,0.1126967308581641,1.25,7.07e-06,10100.0,3.16e-11,3,1e-06,0.29855553543692975,0.0,0.3078919460728417,0.0,0.2994955127380839,0.29855553543692975,0.3078919460728417,0.3159078630116636,0.3246616934338036,0.35486792064625505,0.36256841526892813,0.37220434519277384,0.38674973231101095,0.3848653494563465,0.40350396897609375,0.44390322783623576,0.46538811173548983,0.6505418354569279,0.6848461062487012,0.7965464778967848,0.8345791904540516,0.8662085978867426,0.898339791266001,0.9119470799449931,0.9438631198737212,0.07475735923121282,0.21090675105485235,0.5736407405901451,0.14087091357270512,3.5317197925357875e+18,1.252999095510113e+18,78.44791135115707,27.832095336499236,0.2462081719328641,0.08935033489323,0.9000782584867466,0.1345551591694227,0.9859057623814969,0.83945,0.7438,0.014366502610103827,0.134462321636462,0.010708215894640273,1.3416336345342659,85.32967671880311,30.273638348885868,21,0.0009615384615384616,13,0.15691184997558594,0.25706821950873776
S1,8,84,1,SINE,det,sample,0,1,0,2.8303801074567725e-19,9.721681359444972,1.25,7.07e-06,10100.0,3.16e-11,5,1e-06,0.3994866029909394,0.0,0.4048991747577749,0.0,0.39929228269600625,0.3994866029909394,0.4048991747577749,0.43013150363694547,0.4355220705895335,0.434435159141189,0.4405085650783915,0.43497473120346186,0.4422973749426258,0.43519253508401357,0.4454413626401421,0.4355799596517593,0.4474031459932771,0.43908940001351826,0.45156219354811117,0.4500666739019243,0.4632119960932848,0.4744599653659583,0.4876379998509607,0.6872378678665493,0.6736236164561005,57.03556088966287,0.21090675105485235,0.5736407405901451,12.152101699306215,3.5317197925357875e+18,1.252999095510113e+18,0.10282284592873499,0.03647994193049366,0.07939400358588823,0.07461787043142964,0.034553661694776534,0.02480856353960784,0.08765176803773798,0.0,0.0,0.02122990797207362,0.02331814235636926,0.007396931474854291,2.87009661293257,85.32967671880311,30.273638348885868,21,0.0009615384615384616,13,0.19816875457763672,0.25706821950873776
S1,8,85,1,SINE,det,sample,0,1,0,4.428514294904303e-19,1.8370003543426086,1.25,7.07e-06,10100.0,3.16e-11,3,1e-06,0.32199067718952734,0.0,0.3348325715358371,0.0,0.3231849222790519,0.32199067718952734,0.3348325715358371,0.32804395657431284,0.3391510490844213,0.36670852315955565,0.3692178380305315,0.41249129416932173,0.41134241878383687,0.42471813381854795,0.42637083168655915,0.4348797815909183,0.4470923995136134,0.4500657547799153,0.4749411996482034,0.4580430031871161,0.4858270667755827,0.4659776149004661,0.4946664778011861,0.49906820924731,0.5299368597158548,6.888113375422712,0.21090675105485235,0.5736407405901451,2.296250442928261,3.5317197925357875e+18,1.252999095510113e+18,0.8514027528556598,0.30206441674609497,0.33446315056116144,0.23522303096220587,0.21114969518366744,0.12921269719073836,0.40710718110044547,0.0,0.0,0.04831375461754767,0.12788274905529556,0.016375036511998012,2.9504517185136114,85.32967671880311,30.273638348885868,21,0.0009615384615384616,13,0.18119287490844727,0.25706821950873776
S1,8,86,1,SINE,det,sample,0,1,0,1.9225273736492355e-18,3.578852822127828,1.25,7.07e-06,10100.0,3.16e-11,4,1e-06,0.28621995278588386,0.0,0.2891763185002927,0.0,0.2858910358871695,0.28621995278588386,0.2891763185002927,0.2937403944701391,0.2970292762007846,0.31584038434971706,0.3255174940231862,0.3441490032166372,0.3588533734540116,0.3549547401984568,0.3674448880928252,0.3684665077777093,0.3732843406510195,0.40644301399276617,0.4097557259225581,0.44344161447647706,0.4640236220090529,0.4923062456792694,0.5281755891546734,0.5396076921688872,0.5806523860971471,3.0911523072507885,0.21090675105485235,0.5736407405901451,4.473566027659785,3.5317197925357875e+18,1.252999095510113e+18,1.8972079363609924,0.6730997836462257,0.13360549033573127,0.0771554275304896,0.3475606391281692,0.19310069950344125,0.6354321604905253,0.0,0.0,0.1066717924115081,0.18914696203744422,0.01880887979170935,5.671352764906675,85.32967671880311,30.273638348885868,21,0.0009615384615384616,13,0.21277904510498047,0.25706821950873776
S1,8,87,1,SINE,det,sample,0,1,0,1.2551673729137372e-17,9.795329039678357,1.25,7.07e-06,10100.0,3.16e-11,5,1e-06,0.2684612650305236,0.0,0.27211855464092927,0.0,0.2685047582333509,0.2684612650305236,0.27211855464092927,0.2750077940741899,0.2811509455266611,0.2917483410157933,0.30013098844934444,0.32013012679956254,0.33063562065740637,0.3403080967441531,0.3473748469028005,0.3706200810049976,0.3759302320456324,0.38998016535235064,0.398623421185524,0.4073852375059989,0.4197805553814999,0.4607884851829437,0.48848030355261757,0.5824961393173649,0.6249379410100255,1.2958850665827701,0.21090675105485235,0.5736407405901451,12.244161299597947,3.5317197925357875e+18,1.252999095510113e+18,4.52552378374229,1.6055852504842043,0.03134481209442829,0.0147807851832514,0.5141066907338744,0.2412607010527986,0.8185041615158427,0.03665,0.0,0.14232561907244765,0.2364220508416177,0.019273483217334006,7.384530210109824,85.32967671880311,30.273638348885868,21,0.0009615384615384616,13,0.22641992568969727,0.25706821950873776
S1,8,88,1,SINE,det,sample,0,1,0,2.398859444211762e-19,0.44493702945558533,1.25,7.07e-06,10100.0,3.16e-11,4,1e-06,0.34802652604024076,0.0,0.36274470105517614,0.0,0.3496229288654528,0.34802652604024076,0.36274470105517614,0.36446723057294367,0.37772923362418176,0.37095402214004974,0.3802400209935575,0.3956620052000162,0.39656962571669474,0.4241915530975586,0.4339142541177088,0.4707285992414005,0.5025349188647099,0.4919208140351993,0.5300894043563212,0.495194389749313,0.533934944451541,0.5040256698472547,0.5427368636816245,0.544013789300798,0.5853579053082716,3.0799441860840364,0.21090675105485235,0.5736407405901451,0.5561712868194817,3.5317197925357875e+18,1.252999095510113e+18,1.9041120018714432,0.6755492384014474,1.0730852893522624,0.6191246199028562,0.35113804538592813,0.19135562024696498,0.584681534795983,0.0,0.0,0.02294428367623896,0.19117582417458728,0.018911211936525275,1.2132635260632967,85.32967671880311,30.273638348885868,21,0.0009615384615384616,13,0.223099946975708,0.25706821950873776
S1,8,89,1,SINE,det,sample,0,1,0,1.0198860536861e-17,5.220163916738542,1.25,7.07e-06,10100.0,3.16e-11,5,1e-06,0.2609066713004939,0.0,0.2641698475451824,0.0,0.260947569161579,0.2609066713004939,0.2641698475451824,0.27158524621020586,0.2775778402089307,0.28478463586816016,0.2934179807311367,0.3100393433145047,0.3186986151967718,0.3371241247560626,0.3456626912383005,0.3598361457756019,0.36516912347550784,0.3882478985072368,0.39821218425663124,0.4138686612854584,0.4314649809550904,0.4745117217347178,0.5049228092172364,0.6189378881374724,0.6617487364855564,0.8499269197246533,0.21090675105485235,0.5736407405901451,6.525204895923178,3.5317197925357875e+18,1.252999095510113e+18,6.900074057798641,2.448038650078405,0.04444610637162628,0.019398791896587254,0.5929713369264973,0.24928545840158442,0.8726547186797332,0.21225,0.0,0.12490763135699359,0.24570995881293112,0.018712829795956353,6.674972877912074,85.32967671880311,30.273638348885868,21,0.0009615384615384616,13,0.19591093063354492,0.25706821950873776
S1,8,90,1,SINE,det,sample,0,1,0,1.3039471149254738e-17,0.29916889679311814,1.25,7.07e-06,10100.0,3.16e-11,5,1e-06,0.27539775700661184,0.0,0.284683649188622,0.0,0.2769359218276263,0.27539775700661184,0.284683649188622,0.3033041093782062,0.31225950327916463,0.3213958878994122,0.33038141931364184,0.35198417859743064,0.3656840913339147,0.3967376559391392,0.41837216161560836,0.45902650659635047,0.4902355836778988,0.5317951213198941,0.5699431722741255,0.6701636027675131,0.7022791595136109,0.8665563154639926,0.8934350694672831,0.9389275164546789,0.9665901069522884,0.03809829671172411,0.21090675105485235,0.5736407405901451,0.37396112099139767,3.5317197925357875e+18,1.252999095510113e+18,153.93230658556107,54.61278137895731,0.04808381647936753,0.01725963314343493,0.9383158647532496,0.09387323994238328,0.9935121312240357,0.9011,0.8261,0.017935875075836178,0.09362505054223044,0.00845357975534834,2.1216899343131717,85.32967671880311,30.273638348885868,21,0.0009615384615384616,13,0.21971917152404785,0.25706821950873776
S1,8,91,1,SINE,det,sample,0,1,0,8.820193625287533e-18,0.9024559412996979,1.25,7.07e-06,10100.0,3.16e-11,1,1e-06,0.27670150440349084,0.0,0.28253976132345726,0.0,0.2773483929287329,0.27670150440349084,0.28253976132345726,0.29063059650631384,0.2988962858189499,0.3141034748889618,0.31929247185967935,0.33738975896879975,0.34878001419005744,0.38127566363140797,0.40292912075528514,0.4213424975461255,0.44523990316993173,0.4537758010456137,0.4820859727083852,0.6030078169700992,0.6405553848373005,0.755712060172934,0.793553822527302,0.8441532312368771,0.8811930456832578,0.1699014115330653,0.21090675105485235,0.5736407405901451,1.1280699266246224,3.5317197925357875e+18,1.252999095510113e+18,34.517421820686046,12.24624286787112,0.06692236264829488,0.024958733587322573,0.8248292541998664,0.19603863319029996,0.9714941284462031,0.73855,0.5752,0.04980499065641955,0.19528262199172666,0.013765910085393985,3.6179947673248307,85.32967671880311,30.273638348885868,21,0.0009615384615384616,13,0.16999602317810059,0.25706821950873776
S1,8,92,1,SINE,det,sample,0,1,0,5.044853589004849e-20,1.457771703023424,1.25,7.07e-06,10100.0,3.16e-11,5,1e-06,0.43442539296572824,0.0,0.4404019741821144,0.0,0.43418046176102465,0.43442539296572824,0.4404019741821144,0.43498884216460065,0.44173218343979187,0.4351354709552903,0.4443740107372992,0.43546423726858074,0.4469507328538386,0.4355629633533399,0.44749660717561285,0.435632321972538,0.44768877711137417,0.43882416236985294,0.45141610885106376,0.45215924723616485,0.46572966449069914,0.4708218652837158,0.4847599367446095,0.6433634207721881,0.6353391188937566,47.98329269984727,0.21090675105485235,0.5736407405901451,1.82221462877928,3.5317197925357875e+18,1.252999095510113e+18,0.12222084729578082,0.04336205025035015,0.5259754028088206,0.4890149527860478,0.040765083864730677,0.027609311809188727,0.08494582493769962,0.0,0.0,0.007932992773403105,0.027429963981669185,0.008046539637578995,0.985888733630839,85.32967671880311,30.273638348885868,21,0.0009615384615384616,13,0.15908193588256836,0.25706821950873776
S1,8,93,1,SINE,det,sample,0,1,0,1.1052505179566535e-17,8.244126882593298,1.25,7.07e-06,10100.0,3.16e-11,3,1e-06,0.2681293663522227,0.0,0.2722681583932224,0.0,0.26826668445935403,0.2681293663522227,0.2722681583932224,0.276016278660225,0.28249803321268535,0.29300326610574484,0.3010413183010901,0.32118740703077603,0.3314524806056733,0.34162514999524507,0.34797096952198614,0.37315154131174255,0.3791439988900401,0.3935148585236235,0.4028471895502802,0.4099378560291248,0.42453829603136023,0.48922311405772395,0.5223674523660512,0.6010945878620203,0.6449805532690361,1.2386055958239506,0.21090675105485235,0.5736407405901451,10.305158603241622,3.5317197925357875e+18,1.252999095510113e+18,4.734807197375482,1.6798357412909435,0.03621071870312551,0.016921018415907287,0.522876255313641,0.24255066667937702,0.8249400206806415,0.0512,0.0,0.13943436595880013,0.23792714019192787,0.019238760708298427,7.24757525045034,85.32967671880311,30.273638348885868,21,0.0009615384615384616,13,0.1296091079711914,0.25706821950873776
S1,8,94,1,SINE,det,sample,0,1,0,1.2823188453723011e-17,3.1636623618958954,1.25,7.07e-06,10100.0,3.16e-11,4,1e-06,0.25761502118899915,0.0,0.26200756612336507,0.0,0.25796498714001814,0.25761502118899915,0.26200756612336507,0.2689270940057348,0.27641320948832354,0.2906811655893877,0.30018201430134445,0.3145594355437903,0.32308894285180406,0.33954521485469485,0.34750239088090445,0.36661979100676884,0.37667348727131994,0.39951671571030617,0.4155578125569569,0.4398143918320145,0.4674637018353274,0.5340918197172008,0.5702274385370095,0.7013916969738356,0.7430178567803075,0.4096785262288164,0.21090675105485235,0.5736407405901451,3.954577952369869,3.5317197925357875e+18,1.252999095510113e+18,14.315025841850629,5.078747886497561,0.041599271738594526,0.016511332580961734,0.712609163882386,0.2399799639201882,0.9344255031513524,0.55515,0.1713,0.09611177895039481,0.23774121874241425,0.01683030545091641,5.710637827144221,85.32967671880311,30.273638348885868,21,0.0009615384615384616,13,0.14895105361938477,0.25706821950873776
S1,8,95,1,SINE,det,sample,0,1,0,3.841904680398633e-18,2.904149917896392,1.25,7.07e-06,10100.0,3.16e-11,4,1e-06,0.273141888530022,0.0,0.27653060221710657,0.0,0.2730244838299844,0.273141888530022,0.27653060221710657,0.2825342412170113,0.2873720019966323,0.292274879679011,0.3013984067435187,0.31063422804428736,0.31968053577556615,0.34624595104472683,0.3532863775648046,0.3708897310716021,0.3802524231550017,0.3864344671165412,0.3964859067701328,0.41605319234951293,0.4298499920477662,0.5103506010910537,0.5460788927431942,0.6134577531342092,0.65877316527291,1.255224894100263,0.21090675105485235,0.5736407405901451,3.63018739737049,3.5317197925357875e+18,1.252999095510113e+18,4.672117894873703,1.6575945545753663,0.10365308442757641,0.04856525866442722,0.5221481109887656,0.24112216728211544,0.816950240464754,0.03675,0.0,0.11249103971166616,0.23796703846456396,0.01928043520474984,5.834465794836071,85.32967671880311,30.273638348885868,21,0.0009615384615384616,13,0.14644193649291992,0.25706821950873776
S1,8,96,1,SINE,det,sample,0,1,0,1.0059645594163242e-17,0.10285031472057837,1.25,7.07e-06,10100.0,3.16e-11,4,1e-06,0.29359541299941216,0.0,0.3032898361578311,0.0,0.29520283359079935,0.29359541299941216,0.3032898361578311,0.3141710473774612,0.32235831752728894,0.339447124105113,0.35227007274681493,0.3881018895970868,0.4105446533159317,0.4606373743076345,0.4922864450037026,0.5185413364400625,0.5557954052421576,0.6488879429868868,0.6810041665424914,0.8517495151699543,0.8761007059145937,0.9543308947628812,0.9780785101373537,0.9717885833193103,0.9955939274356919,0.016977433654694448,0.21090675105485235,0.5736407405901451,0.12856289340072297,3.5317197925357875e+18,1.252999095510113e+18,345.43257886301166,122.55409100966877,0.06295456567754507,0.02245254809096148,0.9689436157615311,0.051146949005450006,0.9970849558833512,0.9679,0.9013,0.007829401598309997,0.051057344780202116,0.006058269185421815,1.2923495735630415,85.32967671880311,30.273638348885868,21,0.0009615384615384616,13,0.15840983390808105,0.25706821950873776
S1,8,97,1,SINE,det,sample,0,1,0,1.017024876081886e-18,0.5933840146998856,1.25,7.07e-06,10100.0,3.16e-11,1,1e-06,0.3334109712117704,0.0,0.3460327989582357,0.0,0.3345538996902001,0.3334109712117704,0.3460327989582357,0.35305041891072647,0.36893386237749604,0.3636837413657305,0.3722549909908012,0.3858698072845035,0.3850055259054827,0.39394526058442036,0.39385147435259416,0.43960724006578594,0.4597073536650529,0.5608926130364833,0.6045100307245252,0.5988420154995587,0.6474191875724529,0.6111719187193723,0.658439487653886,0.6622240798413941,0.7076174047011841,0.9688429077975526,0.21090675105485235,0.5736407405901451,0.741730018374857,3.5317197925357875e+18,1.252999095510113e+18,6.053157475393559,2.1475658566340106,0.4283308142241224,0.19114835460566051,0.5743598247407107,0.2462857810323536,0.8311292664536535,0.1358,0.0,0.04568533043168651,0.24577351765083078,0.018961210433949403,2.4094100210969907,85.32967671880311,30.273638348885868,21,0.0009615384615384616,13,0.13500094413757324,0.25706821950873776
S1,8,98,1,SINE,det,sample,0,1,0,4.553975828039837e-18,9.604754270940733,1.25,7.07e-06,10100.0,3.16e-11,5,1e-06,0.2866290813848824,0.0,0.29122753674327984,0.0,0.28663203070661986,0.2866290813848824,0.29122753674327984,0.2890519970022001,0.29437180479706243,0.30370688400422385,0.3107047130074005,0.3335294941134074,0.3442842372502006,0.3603096924297896,0.3718787749669395,0.37362540984495457,0.37838379934032007,0.4041394388029669,0.40488620104912165,0.42509894089655126,0.4358516237376576,0.47268851059300676,0.5031471718798493,0.5290129336860244,0.5683839536937472,3.5022297657576464,0.21090675105485235,0.5736407405901451,12.005942838675915,3.5317197925357875e+18,1.252999095510113e+18,1.6745213998111552,0.5940940738872178,0.05225041947828786,0.031142799625510975,0.3227732044501609,0.18522051296610156,0.6218035265816917,0.0,0.0,0.13219452120593553,0.17908261831708877,0.01847739506828497,7.154391661670821,85.32967671880311,30.273638348885868,21,0.0009615384615384616,13,0.14932918548583984,0.25706821950873776
S1,8,99,1,SINE,det,sample,0,1,0,7.233000496406103e-18,2.7813999100067877,1.25,7.07e-06,10100.0,3.16e-11,5,1e-06,0.25981781553720984,0.0,0.26356983511328275,0.0,0.2599648921605382,0.25981781553720984,0.26356983511328275,0.26933156198683883,0.27431936440693,0.2827263192096687,0.2905095192968081,0.30671988184048193,0.31544506068211653,0.333539250485279,0.3417557545762322,0.35717570080947053,0.36279598440866295,0.38871024042268,0.40005450562613587,0.4201037554845058,0.43966614940506193,0.5003483409168069,0.5330534097640324,0.6606788074529985,0.7040012489888141,0.6385487204507965,0.21090675105485235,0.5736407405901451,3.4767498875084843,3.5317197925357875e+18,1.252999095510113e+18,9.184199266230749,3.25841064681667,0.0675427924273264,0.028242274023641274,0.6433883858702841,0.2485322028203049,0.9003636146188057,0.3928,0.00115,0.10362808312171659,0.2460543118676793,0.0180914000093856,5.728030062237062,85.32967671880311,30.273638348885868,21,0.0009615384615384616,13,0.15612483024597168,0.25706821950873776
S1,8,100,1,SINE,det,sample,0,1,0,7.587570448109804e-19,1.4244075149040105,1.25,7.07e-06,10100.0,3.16e-11,5,1e-06,0.30130728890149294,0.0,0.30466298232738437,0.0,0.30091045254313414,0.30130728890149294,0.30466298232738437,0.31538607392707585,0.3246852485683619,0.3305194996680151,0.3440192125813986,0.3488498358225029,0.35917026548057185,0.3792311805927472,0.3791630227655422,0.4083192387212273,0.40913953763310207,0.4398546563695492,0.4567723982903645,0.4813089116519268,0.5160487355193966,0.49973135819603,0.5380580396900498,0.5412664238960033,0.5827802024722863,3.1173144845901977,0.21090675105485235,0.5736407405901451,1.7805093936300131,3.5317197925357875e+18,1.252999095510113e+18,1.8812855484446713,0.6674507687669374,0.3368237528694292,0.19492584688951378,0.3478621242091051,0.1911923638345942,0.6062510074974332,0.0,0.0,0.06176884859858712,0.1898211067480533,0.018850487784286305,3.2767772009633296,85.32967671880311,30.273638348885868,21,0.0009615384615384616,13,0.16970610618591309,0.25706821950873776
