set,search_seed,eval_index,is_finite,task,mode,node,N_R,R,seed,k_on,k_off,T,distance,N_max,D,L,lam_best,objective,opt_sd,held,held_sd,train,opt_lam_1e-06,held_lam_1e-06,opt_lam_1e-05,held_lam_1e-05,opt_lam_1e-04,held_lam_1e-04,opt_lam_1e-03,held_lam_1e-03,opt_lam_1e-02,held_lam_1e-02,opt_lam_1e-01,held_lam_1e-01,opt_lam_1e+00,held_lam_1e+00,opt_lam_1e+01,held_lam_1e+01,opt_lam_1e+02,held_lam_1e+02,opt_lam_1e+03,held_lam_1e+03,KD_nM,tau_D_over_T,phi_ISI,koff_T,c_peak,c_mean,c_peak_over_KD,c_mean_over_KD,tauR_mean_over_T,tauR_peak_over_T,occ_mean,occ_std,occ_max,occ_frac_above_0p8,occ_frac_above_0p9,contrast_within,contrast_between,binomial_sd_mean,snr_within,shell_molecules_peak,shell_molecules_mean,history_symbols,dt,n_sub,seconds,running_min
S2,10,1,1,SINE,det,sample,0,1,0,1e-18,1.0,0.9045765307415601,7.07e-06,17907.44359292558,3.16e-11,1,1e-06,0.30009050561847606,0.0,0.30303514435764056,0.0,0.29971832308278745,0.30009050561847606,0.30303514435764056,0.3278362527926511,0.33709959202112466,0.362726717395826,0.37476811884501,0.3719045807747699,0.3801465455592277,0.375386327950396,0.3826456229407598,0.41350864132459575,0.43205189042308517,0.5681949390081196,0.6101823542497052,0.6319539028848821,0.6806307532256185,0.6526841107274259,0.7000667796706302,0.7049782501014642,0.7501887102216903,1.6605390671738465,0.2914440402322202,0.6502412202343806,0.9045765307415601,7.621578045668656e+18,3.0566427216262103e+18,7.621578045668657,3.056642721626211,0.2725134388946786,0.12822358651532564,0.636022620993855,0.2496328014081339,0.8748890520504855,0.3896,0.0,0.0390236470690234,0.24926337234874393,0.018189156766754203,2.145434643806583,184.1445043569219,73.85136720996081,29,0.0009045765307415601,10,0.3542618751525879,0.30009050561847606
S2,10,2,1,SINE,det,sample,0,1,0,1e-18,1.0,0.6056537156610897,7.07e-06,6544.690190027431,3.16e-11,2,1e-06,0.3460612114338636,0.0,0.3565421917710888,0.0,0.3469879594814765,0.3460612114338636,0.3565421917710888,0.37946128706678656,0.38707112045369146,0.39031242329790006,0.3929452407146607,0.40370063329171507,0.40086110882641524,0.42228127020391104,0.43142009207350046,0.5153827711339158,0.5535464712654165,0.5658396553001669,0.6127540870000983,0.5750814834847225,0.6223589652882588,0.5887752219880165,0.63427404482109,0.6495666348430308,0.6953412028508994,1.6605390671738465,0.43528741259483794,0.7468548115289451,0.6056537156610897,3.7175053572473923e+18,1.6866567213718968e+18,3.7175053572473926,1.686656721371897,0.6145587898123877,0.3499961056305047,0.5392055681946099,0.22457248047658945,0.7737070868600938,0.0,0.0,0.01634417171572506,0.22449463044843637,0.019766849818721018,0.826847568814209,89.8184309538833,40.75121505234817,44,0.0008652195938015567,7,0.12425804138183594,0.30009050561847606
S2,10,3,1,SINE,det,sample,0,1,0,1e-18,1.0,1.8718988588642616,7.07e-06,19332.997052447925,3.16e-11,5,1e-06,0.2744826787131459,0.0,0.27735221219331,0.0,0.2742311693653265,0.2744826787131459,0.27735221219331,0.2862061712777485,0.28964645979899284,0.2951055113406723,0.30287367734509624,0.31678993859103066,0.328114828903146,0.3465529684071179,0.3591150356563578,0.36283361540480785,0.37489659377117773,0.3791115926971582,0.3863715580313176,0.4238963471284655,0.4370252019427499,0.5214861106375381,0.5590662304296711,0.6115557538257982,0.6577132072190297,1.6605390671738465,0.14083743764795068,0.48431389638721806,1.8718988588642616,5.574817032263918e+18,1.5939001797466094e+18,5.574817032263918,1.5939001797466097,0.20595121633251448,0.08125197924785359,0.5099452364170917,0.245865716660612,0.8192149871281348,0.0381,0.0,0.12064141903145409,0.24220094097137393,0.019067682158489595,6.3270101750537275,134.69283042639267,38.51012963918263,14,0.0009852099257180323,19,0.5835978984832764,0.2744826787131459
S2,10,4,1,SINE,det,sample,0,1,0,1e-18,1.0,1.1893506834484098,7.07e-06,5321.2079376085785,3.16e-11,3,1e-06,0.3160507103940597,0.0,0.32543334915858946,0.0,0.3166440339780712,0.3160507103940597,0.32543334915858946,0.3367800329384813,0.3508082292077345,0.35573567184606003,0.36446085064248146,0.3953037072253995,0.3933585549361118,0.4147614300939305,0.41279908698148615,0.4328065877345533,0.4445971316396962,0.4754411059629547,0.5083535938352338,0.4943579572292866,0.5326726645810123,0.5044650568531327,0.5432675417360737,0.5480282243489298,0.5893151325840312,1.6605390671738465,0.22166165327637868,0.5851944383012885,1.1893506834484098,1.9130532367276698e+18,6.997391297685659e+17,1.91305323672767,0.699739129768566,0.494661148032236,0.2886301213743438,0.3596532664926606,0.1896013900590299,0.6037926465735327,0.0,0.0,0.043347659674194614,0.18893018601473838,0.019185485585770153,2.2593986209213024,46.22116810649492,16.906356460340085,22,0.0009911255695403416,12,0.19185376167297363,0.2744826787131459
S2,10,5,1,SINE,det,sample,0,1,0,1e-18,1.0,1.3611192312300844,7.07e-06,12961.897495276535,3.16e-11,4,1e-06,0.29128201579175966,0.0,0.2949899504683044,0.0,0.29107841279036073,0.29128201579175966,0.2949899504683044,0.29586985778337355,0.3032232332044891,0.31377375900875004,0.3248668109590516,0.3397255557949933,0.35196865160973534,0.36157697905151864,0.37060949760453415,0.3745863807282324,0.37789494208965396,0.4129529378268637,0.421005873889901,0.49567273489236824,0.5296941151893395,0.5610801319365615,0.605711216238507,0.6136811315686752,0.6604371391783246,1.6605390671738465,0.19368871790924,0.554105274100225,1.3611192312300844,4.326787189488618e+18,1.4718241727808553e+18,4.326787189488619,1.4718241727808554,0.29722562900282967,0.1379235678851515,0.5003175226608648,0.23892660744847294,0.78178112605788,0.0,0.0,0.07234798798605246,0.23754447763993006,0.01929303822337362,3.7499530736637676,104.53925390412505,35.5606583273516,19,0.0009722280223072032,14,0.22350788116455078,0.2744826787131459
S2,10,6,1,SINE,det,sample,0,1,0,1e-18,1.0,1.024698322653168,7.07e-06,3183.937560962381,3.16e-11,4,1e-06,0.3343631794596108,0.0,0.3489064581647894,0.0,0.3359007392923502,0.3343631794596108,0.3489064581647894,0.35094601104556694,0.36399136590744036,0.37122057037827055,0.376254171150216,0.4126187029390255,0.41184956628344516,0.4280878344403984,0.43422716917218357,0.45237993464860193,0.4771940708303623,0.46931876018768565,0.5018750822339302,0.4731075738622283,0.5065386255266531,0.48602842335187635,0.5200303116598318,0.5340525236650597,0.5722160634789532,1.6605390671738465,0.2572790771589835,0.6203507105071973,1.024698322653168,1.2521693500059405e+18,4.926821304427503e+17,1.2521693500059405,0.49268213044275033,0.6537875422852463,0.43331420946328786,0.2960632813382261,0.15832569937878432,0.5039880058075406,0.0,0.0,0.026723859256973882,0.15801103291387605,0.018583071149634176,1.4380754957987645,30.253590915966768,11.903664329390613,26,0.0009315439296846982,11,0.25566792488098145,0.2744826787131459
S2,10,7,1,SINE,det,sample,0,1,0,1e-18,1.0,1.4684586546708025,7.07e-06,8864.518401615347,3.16e-11,1,1e-06,0.32264874948790445,0.0,0.33471186185198076,0.0,0.3237271465348644,0.32264874948790445,0.33471186185198076,0.3368871532739613,0.3528011536706407,0.34644249941463146,0.35646354493309224,0.3790828390272542,0.378887931971419,0.3943693439595265,0.39266696777259325,0.42037345023008715,0.4320488074931899,0.48801047498733335,0.5223594742479536,0.5162150334269938,0.5578212568733851,0.5251609607057609,0.5671509927293225,0.5715087042034288,0.6125665612279629,1.6605390671738465,0.17953071949285934,0.5369832320826055,1.4684586546708025,2.850698949170674e+18,9.379142048334076e+17,2.8506989491706745,0.9379142048334077,0.3514015968480893,0.17684741267029425,0.4136499131514047,0.21389626259426714,0.6902183217769947,0.0,0.0,0.07211658816071191,0.2122986645819766,0.019345870355811517,3.727751030805808,68.87557168874702,22.66089061129755,18,0.0009789724364472016,15,0.13846182823181152,0.2744826787131459
S2,10,8,1,SINE,det,sample,0,1,0,1e-18,1.0,0.7553458386605785,7.07e-06,15133.851300468841,3.16e-11,4,1e-06,0.28785864819451057,0.0,0.29207270523038287,0.0,0.2878897763133995,0.28785864819451057,0.29207270523038287,0.31009634645404743,0.32200665271693774,0.3366700259629322,0.34767091572273773,0.3632899773505893,0.36838857589571145,0.3757576227128963,0.37928506667538725,0.39042811749930806,0.39936399608411915,0.48702132232768375,0.5156985149571395,0.6139835484783454,0.6605418427890467,0.6523343391661636,0.6993593090332102,0.7095673216922402,0.756218873576576,1.6605390671738465,0.34902348742141087,0.6938172482751774,0.7553458386605785,7.295064202070621e+18,3.0986177128244623e+18,7.2950642020706224,3.0986177128244625,0.3230105791563978,0.1596005587069028,0.6422643466360146,0.24338711558341933,0.8712784370557416,0.39915,0.0,0.028139048226408257,0.24318617044766538,0.0182875832674039,1.5386969297667545,176.25562235180973,74.86552253360549,35,0.0009441822983257231,8,0.15242481231689453,0.2744826787131459
S2,10,9,1,SINE,det,sample,0,1,0,1e-18,1.0,1.8475054787688387,7.07e-06,1995.9950631153815,3.16e-11,2,1e-06,0.3610255342611442,0.0,0.36538205176746297,0.0,0.36080352325267434,0.3610255342611442,0.36538205176746297,0.4189096642409787,0.4213209000187126,0.43047874016235455,0.43305472672674084,0.43299157890804224,0.43760650097509207,0.43574618152041616,0.4478166109968737,0.44060553741381,0.4596172265867044,0.44318803096752424,0.46359698309124014,0.44632520236297396,0.46705823203397123,0.45212468949461243,0.473676468453512,0.5242895077164507,0.5438152054144637,1.6605390671738465,0.14269697267379602,0.4870728044790497,1.8475054787688387,5.783140951539077e+17,1.7400248735096083e+17,0.5783140951539077,0.17400248735096085,0.46104705046779304,0.3429421214046952,0.14022981006792723,0.08285476195905289,0.27647050249813415,0.0,0.0,0.03959435281071963,0.08150570882624832,0.014371167627683763,2.7551242763634196,13.972613253663171,4.2040639875522245,14,0.0009723713046151783,19,0.2520289421081543,0.2744826787131459
S2,10,10,1,SINE,det,sample,0,1,0,1e-18,1.0,1.5858287722743543,7.07e-06,11161.88289134905,3.16e-11,3,1e-06,0.2914520152957907,0.0,0.2951595073762678,0.0,0.2912438296414237,0.2914520152957907,0.2951595073762678,0.29925616401243166,0.3057966155174443,0.3260628047892611,0.3392491472989198,0.3478946404283311,0.36206638122033696,0.3612284435992363,0.3674855874833258,0.3821804427034095,0.38262842119720303,0.4205542984939025,0.42969002821160757,0.4913467635305183,0.5261328659019933,0.535274641119089,0.5782058201846935,0.5813560637015154,0.6263580761925162,1.6605390671738465,0.1662433192206932,0.5199413000778463,1.5858287722743543,3.46317563568558e+18,1.0927587265497331e+18,3.4631756356855803,1.0927587265497332,0.30131763169166514,0.14128619500074135,0.4419981165799534,0.2245883522169114,0.7310980999136363,0.0,0.0,0.08625119257514464,0.22244695980298257,0.019347520446622257,4.4579972308649305,83.67358532747797,26.402080104206014,17,0.0009911429826714715,16,0.20441794395446777,0.2744826787131459
S2,10,11,1,SINE,det,sample,0,1,0,1e-18,1.0,1.8546364380661242,7.07e-06,20000.0,3.16e-11,3,1e-06,0.2831848061213726,0.0,0.28636971642424514,0.0,0.2828598463952494,0.2831848061213726,0.28636971642424514,0.2875365693752291,0.2911220462792542,0.2952454445368097,0.30201375752553217,0.32925365514067695,0.3401613684633446,0.3591010282798407,0.37198592060617675,0.3655330760140701,0.37731414303235006,0.3838841286281764,0.3894386444530251,0.4363802081256766,0.4546922928184516,0.5431266102150535,0.5840776025244391,0.6195766192952273,0.6659229955926014,1.6605390671738465,0.14214831187802102,0.4862614599304979,1.8546364380661242,5.78639100420894e+18,1.662729224444684e+18,5.786391004208941,1.6627292244446843,0.2024949547404727,0.07945154257331377,0.517810792376821,0.24753280396253646,0.8256841496590949,0.0528,0.0,0.11972773451015885,0.24396449681522642,0.019024173192199897,6.2934527193669805,139.80465687036414,40.173104189248455,14,0.0009761244410874338,19,0.28402185440063477,0.2744826787131459
S2,10,12,1,SINE,det,sample,0,1,0,1e-18,1.0,0.7556070348309065,7.07e-06,12752.544579030297,3.16e-11,5,1e-06,0.2903012131075029,0.0,0.29465615510061643,0.0,0.29032879587076227,0.2903012131075029,0.29465615510061643,0.31114381801825897,0.32359794337737174,0.3342263032679422,0.3449535816189053,0.36729640666684604,0.37245404206119276,0.3808545095168867,0.38431658546194125,0.39408870549694486,0.40321490284113265,0.4842505155037253,0.5134874598376457,0.5988203685685974,0.6452999637612571,0.6330790350496731,0.6801773371443903,0.6904351393751108,0.7375024304266168,1.6605390671738465,0.3489028379381918,0.6937336346204949,0.7556070348309065,6.145854937534032e+18,2.613419244022948e+18,6.145854937534033,2.613419244022948,0.36625676422719916,0.18520376521508894,0.613591257237441,0.24248571202276298,0.8495360463689319,0.30785,0.0,0.027541116742174913,0.24229024117319434,0.01872078013423677,1.4711521926272406,148.48964407901136,63.14267051833707,35,0.0009445087935386332,8,0.11446905136108398,0.2744826787131459
S2,10,13,1,SINE,det,sample,0,1,0,1e-18,1.0,1.830836455892519,7.07e-06,20000.0,3.16e-11,2,1e-06,0.28615232061055396,0.0,0.2893522785594536,0.0,0.2858236900677196,0.28615232061055396,0.2893522785594536,0.288520401089617,0.2926314122691606,0.29778529419426575,0.30412571399625016,0.3416942202444265,0.35319071418255094,0.36215635181847317,0.374967772061707,0.366731351446216,0.3770886675233055,0.39003120095649724,0.3953324656031624,0.45998982484163886,0.48503020116939843,0.557069163842019,0.6000613046034324,0.6237123220166749,0.6698411529426773,1.6605390671738465,0.14399617069567588,0.4889851746194816,1.830836455892519,5.81355775204308e+18,1.6826067381631898e+18,5.813557752043081,1.68260673816319,0.20360734334776726,0.08016346981728395,0.5201895445725153,0.24792336396954648,0.826717502726617,0.05595,0.0,0.11781786078880034,0.24447789493664385,0.019013715224584265,6.196467097417382,140.46103108642956,40.653363643341734,14,0.0009635981346802732,19,0.2594716548919678,0.2744826787131459
S2,10,14,1,SINE,det,sample,0,1,0,1e-18,1.0,1.9597485708348947,7.07e-06,16464.31510793583,3.16e-11,5,1e-06,0.2829304832932809,0.0,0.28586564585021773,0.0,0.28260850701490114,0.2829304832932809,0.28586564585021773,0.2889457116156273,0.2932939558879614,0.2997333559221132,0.30815649177701604,0.3205223935791293,0.332429953626288,0.34886134112728306,0.3628387469670688,0.3600650724612977,0.3714782124850445,0.38312742579448583,0.387910167041732,0.43013567020015925,0.44466539167612185,0.5163772345734597,0.5544895176444904,0.5919895272983693,0.6376464546540012,1.6605390671738465,0.1345241133183998,0.4747499052598222,1.9597485708348947,4.656528452973464e+18,1.294785119356503e+18,4.656528452973464,1.2947851193565032,0.22236048804746897,0.09020895825883248,0.47056418446373,0.2365867571117398,0.7849301658212497,0.0,0.0,0.12494611777966365,0.2324051949054242,0.01919568507246606,6.509073122838636,112.50611341361328,31.283228043320985,13,0.0009798742854174474,20,0.21516799926757812,0.2744826787131459
S2,10,15,1,SINE,det,sample,0,1,0,1e-18,1.0,1.8489338882212871,7.07e-06,20000.0,3.16e-11,5,1e-06,0.2728146854874618,0.0,0.27592479391669755,0.0,0.27263245601895364,0.2728146854874618,0.27592479391669755,0.2853754888094639,0.2886749416628035,0.29420008722424024,0.3017301646124687,0.3163290341223134,0.32761412491453057,0.34569781620882006,0.35792555819591443,0.3633048894430295,0.3753283344853005,0.37888851143168695,0.3866474959230191,0.42279058678898895,0.4357742029160439,0.5226714398339417,0.5601470898362017,0.6158639535212573,0.6620883935992217,1.6605390671738465,0.14258673092534763,0.4869099609675241,1.8489338882212871,5.792836379057689e+18,1.6674483175016338e+18,5.7928363790576896,1.667448317501634,0.2027601500246652,0.0796209699245987,0.5183786533424523,0.24762651834074856,0.8259320663658791,0.0535,0.0,0.11926906392081796,0.2440878307092026,0.019021723882041555,6.270150101033698,139.96038319761627,40.28712192242381,14,0.0009731230990638354,19,0.3040499687194824,0.2728146854874618
S2,10,16,1,SINE,det,sample,0,1,0,1e-18,1.0,1.654682472276476,7.07e-06,200.28439802192204,3.16e-11,5,0.001,0.43510955013240876,0.0,0.4442603889993695,0.0,0.43523741023709894,0.43511636853086977,0.4438493485084894,0.43511167590950717,0.4441945817003041,0.4351112247060525,0.4442403773511998,0.43510955013240876,0.4442603889993695,0.43529024940711813,0.44459816065982616,0.4404472777834191,0.45054786683011466,0.45091393082707304,0.4618058561838961,0.5016271225359653,0.5142311952561089,0.789579105730318,0.805793066467746,0.9666251880997552,0.9379831175071958,1.6605390671738465,0.15932569736830796,0.5106599576482043,1.654682472276476,6.09413080165557e+16,2.7885031696846096e+16,0.0609413080165557,0.0278850316968461,0.587950537406999,0.5696314699147714,0.02708437606592091,0.006553430399212354,0.03917659038168662,0.0,0.0,0.006313758217330815,0.006202372710623566,0.0072023767736136175,0.8766214842386036,1.4723994023716163,0.6737286307408388,16,0.0009733426307508682,17,0.22734594345092773,0.2728146854874618
S2,10,17,1,SINE,det,sample,0,1,0,1e-18,1.0,1.9803518079649607,7.07e-06,9849.24265756034,3.16e-11,5,1e-06,0.29090437137878555,0.0,0.29395044827410005,0.0,0.2905577552573302,0.29090437137878555,0.29395044827410005,0.3019303289124953,0.3072541590390233,0.3156083117577933,0.3264294026839075,0.33522796399614874,0.35008989315342204,0.3478001152511284,0.3584420560777463,0.37503504202310445,0.3766124369213531,0.4160680945713896,0.4206024599278404,0.4578976763883143,0.4837308855316515,0.5019976364551217,0.5404811336755938,0.5483483911557913,0.5911121257319881,1.6605390671738465,0.13312454774865437,0.4725870890668312,1.9803518079649607,2.775742033044555e+18,7.702587141354305e+17,2.7757420330445552,0.7702587141354307,0.28524688464309883,0.13373815763897845,0.37264350596959955,0.20343288504907087,0.6683777564559434,0.0,0.0,0.10923934036174054,0.19950679007460206,0.018995218293487125,5.750886284849664,67.06454199313013,18.61017604112523,13,0.0009901759039824803,20,0.23304295539855957,0.2728146854874618
S2,10,18,1,SINE,det,sample,0,1,0,1e-18,1.0,1.6142338050280145,7.07e-06,17967.27785274264,3.16e-11,5,1e-06,0.2790817566246113,0.0,0.28051353018865566,0.0,0.2785224035028349,0.2790817566246113,0.28051353018865566,0.28810313574567487,0.29211428344611773,0.30000798072974,0.30950561942440175,0.3218235029107527,0.3339750750652828,0.3478478687322458,0.35982881021985524,0.3640149924155282,0.3748190934346145,0.38529899282730734,0.3919625863167288,0.44082810585120175,0.45956305763883154,0.5461173981347663,0.5871385718543549,0.6244924501020658,0.6713078749668031,1.6605390671738465,0.16331800139323074,0.5160521771566688,1.6142338050280145,5.517898161261317e+18,1.7164341211177444e+18,5.517898161261318,1.7164341211177445,0.22805226238661888,0.09504428139534282,0.5261189648343219,0.2474263836472019,0.8207999572309754,0.0497,0.0,0.09793838969274432,0.24503701752251297,0.01904256312574885,5.143130630367433,133.31761689101648,41.47066507757663,16,0.0009495492970753027,17,0.2560141086578369,0.2728146854874618
S2,10,19,1,SINE,det,sample,0,1,0,1e-18,1.0,0.5,7.07e-06,20000.0,3.16e-11,5,1e-06,0.28865592188779154,0.0,0.2972532094734396,0.0,0.28968803340144417,0.28865592188779154,0.2972532094734396,0.32124442596511754,0.33077141998472204,0.35507884148858554,0.3630586567227551,0.3674766706676525,0.3727375805035305,0.3754432468811059,0.38404242302512964,0.4394512134521097,0.46392383798521203,0.589516537103036,0.629845616040454,0.6884517748178892,0.7355812837931478,0.7285857671124275,0.7712287554054021,0.8012782828414031,0.8432736592770292,1.6605390671738465,0.5272668776371309,0.7914984825837854,0.5,1.3195241951818035e+19,6.177481870297087e+18,13.195241951818037,6.177481870297088,0.2786492583529461,0.14089227973629945,0.7603932693347702,0.20289900026999222,0.9276608165331228,0.62075,0.3375,0.013797515267314348,0.20283517802498557,0.01637361644301573,0.8426675508940339,318.80947417025646,149.25378056401294,53,0.001,5,0.09720706939697266,0.2728146854874618
S2,10,20,1,SINE,det,sample,0,1,0,1e-18,1.0,0.5,7.07e-06,13434.414714795565,3.16e-11,1,1e-06,0.35763078513127816,0.0,0.3731623029923395,0.0,0.3593982408164889,0.35763078513127816,0.3731623029923395,0.37053384017757446,0.3770504007243121,0.38406554124692494,0.38394787802476144,0.38716118136492145,0.3873867279028588,0.41530150675511873,0.4287015782681132,0.5790509351558419,0.6206947361965217,0.6562879804032605,0.7059655725057525,0.6677154777312184,0.7172343031994848,0.6866462345427542,0.7314023609023795,0.759206148434847,0.801997802663836,1.6605390671738465,0.5272668776371309,0.7914984825837854,0.5,8.863989065872591e+18,4.1596319167030733e+18,8.863989065872593,4.1596319167030735,0.38762455002370977,0.2027577267821186,0.7027148714412991,0.2169019463231575,0.8947982909850487,0.5129,0.0,0.013797898823859402,0.2168438677342163,0.01775735904428751,0.7770242629800372,214.1623248334896,100.50062506987294,53,0.001,5,0.09832596778869629,0.2728146854874618
S2,10,21,1,SINE,det,sample,0,1,0,1e-18,1.0,2.0,7.07e-06,15062.370464508305,3.16e-11,1,1e-06,0.2951455139866134,0.0,0.2945333582383757,0.0,0.2940054403369484,0.2951455139866134,0.2945333582383757,0.30175381503050996,0.3064107121596698,0.3357966732369466,0.34975748589159233,0.3518731633075539,0.3660260342104648,0.36003919483491825,0.3693025572449664,0.37599922677214315,0.38126413474320897,0.4321085568989356,0.4472345397508978,0.4948646272799635,0.5300822610518219,0.5394317835146752,0.5825372666263048,0.589619703105064,0.6324764518777901,1.6605390671738465,0.13181671940928272,0.4705516107728963,2.0,4.2308125503985495e+18,1.1632365908699594e+18,4.23081255039855,1.1632365908699596,0.2311351435669465,0.09558744366817419,0.4501600594791017,0.23086603280694473,0.7650015367097828,0.0,0.0,0.12560476845216317,0.2264829722855377,0.019216081367177975,6.5364402893663005,102.2204162250805,28.104891689368213,13,0.001,20,0.18215394020080566,0.2728146854874618
S2,10,22,1,SINE,det,sample,0,1,0,1e-18,1.0,0.9797818342781988,7.07e-06,20000.0,3.16e-11,3,1e-06,0.2853174751884801,0.0,0.288452364915636,0.0,0.2850620591263075,0.2853174751884801,0.288452364915636,0.2948706969458203,0.3026423668211747,0.32031460571388987,0.3323953092020609,0.3453719601880735,0.3546668987222256,0.3652920132471415,0.37367236257739267,0.3764695567622051,0.3872908939569884,0.4257950802405739,0.4425870919639659,0.569185991526409,0.6100570259457339,0.6478108881336269,0.6945935583710902,0.70507193805644,0.7518097012809073,1.6605390671738465,0.26907361373237043,0.6310568124333052,0.9797818342781988,8.086050257565411e+18,3.1520480271928986e+18,8.086050257565413,3.152048027192899,0.24581492518198858,0.11232992843140213,0.6395464867108562,0.2518459472582903,0.8810400826101623,0.40145,0.0,0.04496921071776157,0.2513646073200279,0.018060131895070677,2.4899713345967003,195.36659048328494,76.15644925482455,27,0.0009797818342781987,10,0.1003870964050293,0.2728146854874618
S2,10,23,1,SINE,det,sample,0,1,0,1e-18,1.0,0.5,7.07e-06,20000.0,3.16e-11,1,1e-06,0.3578998428602028,0.0,0.36891899094549807,0.0,0.3589938251069052,0.3578998428602028,0.36891899094549807,0.3727264955711486,0.3848774251190689,0.37557468884343603,0.38610158903787367,0.37633320642434187,0.3866769999306472,0.39511792134693613,0.41116262089863714,0.5702107918702997,0.608744221146416,0.6865758420918461,0.7352281738302229,0.7043135579415398,0.7528216302828694,0.7297719046269964,0.772345860197821,0.8017218649476942,0.8423244358333809,1.6605390671738465,0.5272668776371309,0.7914984825837854,0.5,1.3195241951818035e+19,6.177481870297087e+18,13.195241951818037,6.177481870297088,0.2786492583529461,0.14089227973629945,0.7603932693347702,0.20289900026999222,0.9276608165331228,0.62075,0.3375,0.013797515267314348,0.20283517802498557,0.01637361644301573,0.8426675508940339,318.80947417025646,149.25378056401294,53,0.001,5,0.09419488906860352,0.2728146854874618
S2,10,24,1,SINE,det,sample,0,1,0,1e-18,1.0,0.8087619504278019,7.07e-06,20000.0,3.16e-11,5,1e-06,0.2813474445122042,0.0,0.2854677451045352,0.0,0.28138309886560003,0.2813474445122042,0.2854677451045352,0.2895397026838129,0.29688281348797096,0.32572631895458837,0.3377475298989698,0.34945141923630135,0.3589433380058447,0.36183429250777277,0.3680246570405166,0.375529041373295,0.3859416740147339,0.44304949373111896,0.4641018746293891,0.5896825046924834,0.6313656276629832,0.6693203095461263,0.7154652689219704,0.7311134715014047,0.7771951408932065,1.6605390671738465,0.325971614613069,0.6772858596341816,0.8087619504278019,9.192493371655313e+18,3.8212308881124695e+18,9.192493371655315,3.82123088811247,0.2564610161917052,0.12131062810388211,0.6741766907228571,0.24488641007957124,0.895962390320556,0.48085,0.0,0.0322124338447551,0.24462995398724882,0.017643932135856497,1.8256947259104495,222.09929827980258,92.32453747878638,33,0.0008986243893642242,9,0.15107393264770508,0.2728146854874618
S2,10,25,1,SINE,det,sample,0,1,0,1e-18,1.0,1.3929261830502737,7.07e-06,20000.0,3.16e-11,1,1e-06,0.29041843647872445,0.0,0.2935825019188591,0.0,0.29008366807354896,0.29041843647872445,0.2935825019188591,0.29388526680823457,0.2986498168305741,0.3320841751777819,0.3426604789468172,0.3620785610043269,0.3741764581237479,0.3681358872208657,0.3778869176460508,0.3789275768846076,0.3880646274354402,0.4610695931579856,0.48585328078613477,0.5544549970639387,0.5963527676606193,0.6085588456354055,0.6552590822395946,0.6620669620916951,0.7076033168864044,1.6605390671738465,0.1892659080047247,0.5488646283400928,1.3929261830502737,6.604770406105436e+18,2.2172209187227581e+18,6.604770406105437,2.2172209187227585,0.22314698028417346,0.0944029989838597,0.574324305347218,0.253586246939095,0.8513123704628385,0.163,0.0,0.07961691836385013,0.2520771269354451,0.018697317821066393,4.258199979579167,159.57747405273065,53.57014579940333,19,0.0009949472736073383,14,0.1864321231842041,0.2728146854874618
S2,10,26,1,SINE,det,sample,0,1,0,1e-18,1.0,1.3567163238282258,7.07e-06,17130.241427723093,3.16e-11,2,1e-06,0.29063830980610394,0.0,0.29354526881286414,0.0,0.2902340861579257,0.29063830980610394,0.29354526881286414,0.2933861235434103,0.29969409270832614,0.3172956629159703,0.32748850142821445,0.3562719080031533,0.3687232897856358,0.3660426481777139,0.3764460952929819,0.37262837973492174,0.3790306420722443,0.41247791325811384,0.4238243080914521,0.5240657192028165,0.561944088637627,0.5914380506619129,0.6375939127797716,0.6449641285919638,0.6917139236466011,1.6605390671738465,0.19431728961193226,0.5548423969175038,1.3567163238282258,5.726881932917663e+18,1.9473130576493565e+18,5.726881932917664,1.9473130576493567,0.2500832941958889,0.10957138326996274,0.5516988209789551,0.2497794370300098,0.8304168031874376,0.09225,0.0,0.0755037385714108,0.24838050495627048,0.018935809261976442,3.9873520865582495,138.36686165630076,47.04891764932958,19,0.0009690830884487327,14,0.16960787773132324,0.2728146854874618
S2,10,27,1,SINE,det,sample,0,1,0,1e-18,1.0,1.026268732701392,7.07e-06,15572.054281107763,3.16e-11,5,1e-06,0.28503209781769345,0.0,0.2858095484144636,0.0,0.2843506718838222,0.28503209781769345,0.2858095484144636,0.29539499370352423,0.3035461517997085,0.31723846601797184,0.3296164057025729,0.34139235924564854,0.35213510946130877,0.3629768048672927,0.3691224826342251,0.37533107149445755,0.3820046800978028,0.41882416475154643,0.4322071211622864,0.5337681806158103,0.5717664767775432,0.6121683701418557,0.6585857516035629,0.6707409749896153,0.7182105501793148,1.6605390671738465,0.25688538529729665,0.6199858582284646,1.026268732701392,6.11809029940026e+18,2.3479288410409047e+18,6.118090299400261,2.347928841040905,0.2910467029660594,0.1368911618095144,0.5893136928640321,0.24945541699710003,0.844961296388789,0.20375,0.0,0.04767879313064974,0.24889684007736085,0.01874458407488376,2.5436036852124926,147.81882427015321,56.72817231655966,26,0.0009329715751830836,11,0.18236398696899414,0.2728146854874618
S2,10,28,1,SINE,det,sample,0,1,0,1e-18,1.0,1.3085944502015057,7.07e-06,20000.0,3.16e-11,5,1e-06,0.27677214320580257,0.0,0.27853157958804076,0.0,0.2763209164968802,0.27677214320580257,0.27853157958804076,0.2844784536937768,0.28807291197196266,0.30186403092051345,0.31198408146918866,0.3286382524436664,0.3410145166484834,0.3480098065474297,0.3579817344191388,0.3661038391279002,0.37622535021735387,0.3911448345909767,0.40082371940703665,0.46377738761671755,0.4883899328679229,0.586435305387314,0.6299687295389294,0.6639642940537441,0.7112273036161338,1.6605390671738465,0.2014630573880009,0.5630917585653581,1.3085944502015057,6.820341171839415e+18,2.3580287069074314e+18,6.8203411718394165,2.3580287069074317,0.22756764824834788,0.09771679761659594,0.5859770757708235,0.2541793306434038,0.856670016582408,0.19965,0.0,0.07233392456670096,0.25293910420663374,0.018598775342489715,3.889176746032893,164.78586679922822,56.9721945889708,20,0.000934710321572504,14,0.14576983451843262,0.2728146854874618
S2,10,29,1,SINE,det,sample,0,1,0,1e-18,1.0,2.0,7.07e-06,9944.023812352047,3.16e-11,3,1e-06,0.29351480719260037,0.0,0.29526460619346084,0.0,0.29290127477417965,0.29351480719260037,0.29526460619346084,0.3070515665821946,0.3145256023854119,0.33139078797588856,0.3466242743236049,0.340835343814951,0.35583143964084285,0.3539445883758063,0.36073692770628013,0.38408702978295306,0.38419367084712414,0.42077269124473204,0.4277039347433887,0.4701847828315804,0.5005681832789073,0.5055123042106698,0.5448372742067144,0.5478179356106175,0.5900225606138699,1.6605390671738465,0.13181671940928272,0.4705516107728963,2.0,2.793148256125492e+18,7.705639461485068e+17,2.793148256125493,0.7705639461485069,0.2823959005195186,0.13181662467122351,0.37259609269278304,0.2035598689785811,0.6694468973579992,0.0,0.0,0.11079929249754442,0.19952058564887365,0.01899059957256189,5.834428348309239,67.48509273770813,18.617550734059552,13,0.001,20,0.19200897216796875,0.2728146854874618
S2,10,30,1,SINE,det,sample,0,1,0,1e-18,1.0,0.5046195122020164,7.07e-06,200.0,3.16e-11,1,1e-06,0.4352749175161245,0.0,0.4460329793969719,0.0,0.43559125029871393,0.4352749175161245,0.4460329793969719,0.43527683880852314,0.4460547906541069,0.43528166214517877,0.4460918816956683,0.4362327861887108,0.44732839360408855,0.45561805647037434,0.4681480541477804,0.482482087159655,0.4962186989039191,0.48824865968310865,0.5021985571557267,0.5185501461766581,0.5334763895566887,0.7594686764954051,0.7787766764785798,0.9343575715279127,0.9159685176760041,1.6605390671738465,0.5224400413454959,0.789403376152563,0.5046195122020164,1.3229993970900982e+17,9.128615681850674e+16,0.13229993970900983,0.09128615681850674,1.8159225196019433,1.750146792382467,0.08332490380204556,0.017267458471139446,0.1081831794634855,0.0,0.0,0.00140027703724377,0.017259592714619677,0.012279101476805028,0.11403741877114255,3.196491156842692,2.205559531276493,52,0.000841032520336694,6,0.0550999641418457,0.2728146854874618
S2,10,31,1,SINE,det,sample,0,1,0,1e-18,1.0,0.5,7.07e-06,6757.457948852649,3.16e-11,5,1e-06,0.3150187754058539,0.0,0.3269267611394519,0.0,0.3165480491703594,0.3150187754058539,0.3269267611394519,0.35584107191852976,0.36160023251551043,0.38727195767041056,0.3915327275153287,0.39210420634849885,0.39766181889005187,0.39802254582638374,0.4114060512018197,0.46840773384865,0.49994841183616784,0.5706203404931197,0.6166536649216201,0.5951560999387291,0.64349143543107,0.6105852596988545,0.6560973154764602,0.684480083601703,0.7306360995147724,1.6605390671738465,0.5272668776371309,0.7914984825837854,0.5,4.459265495074786e+18,2.107553341062781e+18,4.459265495074787,2.1075533410627814,0.6435931359800896,0.3663496493812859,0.5862971248027637,0.2209037947364022,0.8076038258874395,0.0727,0.0,0.012411763569292784,0.2208582555293783,0.019593711070675455,0.6334564965525397,107.74005454856291,50.920473827114414,53,0.001,5,0.10780787467956543,0.2728146854874618
S2,10,32,1,SINE,det,sample,0,1,0,1e-18,1.0,2.0,7.07e-06,20000.0,3.16e-11,1,1e-06,0.288787085549175,0.0,0.2917241808235202,0.0,0.28839736165598,0.288787085549175,0.2917241808235202,0.29041964780512053,0.2932393440471212,0.31031184973971737,0.31838573686482496,0.3517607892676335,0.36445694129940054,0.3624199314550923,0.37421359651362346,0.3698319521714764,0.37822622065148115,0.41635115930726657,0.42798499858209116,0.4839549601520124,0.5152757409318158,0.5591894920659498,0.6030810060821561,0.6182156007128858,0.6626112379687356,1.6605390671738465,0.13181671940928272,0.4705516107728963,2.0,5.617716205807263e+18,1.5420448623924582e+18,5.617716205807263,1.5420448623924585,0.19669204403002646,0.07555476609305693,0.5025209820536842,0.24508147935797514,0.8189308429243617,0.0346,0.0,0.13197007083884596,0.24067418594987422,0.01907103866887281,6.9199204684243885,135.72931486598327,37.257256329320285,13,0.001,20,0.1905980110168457,0.2728146854874618
S2,10,33,1,SINE,det,sample,0,1,0,1e-18,1.0,1.3533196404640513,7.07e-06,8778.820565902968,3.16e-11,5,1e-06,0.2933714595930187,0.0,0.29670827289378776,0.0,0.29308678482972367,0.2933714595930187,0.29670827289378776,0.306373907542486,0.3139626367962362,0.3238823994274744,0.3355909778343091,0.34795888677387565,0.35979420067434276,0.36904001802129943,0.3731840151280938,0.3944665862593064,0.39454743082179405,0.43378293505921006,0.4477416903614416,0.49791688669308937,0.5349201468255411,0.5292814825017079,0.5716883257140483,0.5763245066791123,0.6212571568354145,1.6605390671738465,0.19480500462415953,0.5554130387912708,1.3533196404640513,2.938381396413091e+18,1.0057760294256749e+18,2.9383813964130914,1.005776029425675,0.3683979276158807,0.18762117177757556,0.42788874570487445,0.21760525586009363,0.7009234526960731,0.0,0.0,0.06422836097973902,0.21636541155327688,0.019417371556305,3.307778336192134,70.99406220232677,24.30049621258128,19,0.000966656886045751,14,0.24949407577514648,0.2728146854874618
S2,10,34,1,SINE,det,sample,0,1,0,1e-18,1.0,0.5183679344494664,7.07e-06,16058.690545429356,3.16e-11,5,1e-06,0.28938882385013187,0.0,0.2959421717873904,0.0,0.28998835229439796,0.28938882385013187,0.2959421717873904,0.3290232686463297,0.34041727243226194,0.35529994255233094,0.3626568222641543,0.3737251187816562,0.376492534688419,0.38202911360794906,0.3884664118934338,0.4356716866375799,0.459068114098645,0.5799391591684402,0.6208439873617629,0.669312186751646,0.7174150187844497,0.7013360472046511,0.7457541756332051,0.7723472605442835,0.8161022445856508,1.6605390671738465,0.5085836165745048,0.7832487116652426,0.5183679344494664,1.029441119529662e+19,4.789295913852758e+18,10.294411195296622,4.789295913852759,0.33322388430678423,0.1708040940300426,0.722541802218693,0.21566741014462307,0.9083489204234366,0.55515,0.1049,0.014761659523976945,0.21560060747776058,0.017255505123534957,0.8554753638503093,248.72267079670564,115.7139003222888,51,0.0008639465574157773,6,0.10223102569580078,0.2728146854874618
S2,10,35,1,SINE,det,sample,0,1,0,1e-18,1.0,1.998644819585117,7.07e-06,8284.36744906495,3.16e-11,1,1e-06,0.31852724353987927,0.0,0.3293412256268455,0.0,0.3193691228806342,0.31852724353987927,0.3293412256268455,0.3308622636610714,0.34643943669442556,0.33685822797288145,0.34921715910422296,0.36499121184079575,0.36821169719359775,0.38747375819042223,0.3868911472209776,0.416592167397147,0.42369002923105703,0.4602847096231001,0.4866186040620253,0.485931548063627,0.5221532285139646,0.49520430059490483,0.5328570634768782,0.5408689447747741,0.5775668095039783,1.6605390671738465,0.13190609768937886,0.47069116526362226,1.998644819585117,2.3275061186485115e+18,6.436387880364243e+17,2.327506118648512,0.6436387880364244,0.30440935591532986,0.15036456943521334,0.3392111766187209,0.18967339115401208,0.6227111472039583,0.0,0.0,0.10284159077623584,0.18588146869280517,0.018722448780030137,5.492956182416128,56.234740107372545,15.550919363111904,13,0.0009993224097925586,20,0.2352919578552246,0.2728146854874618
S2,10,36,1,SINE,det,sample,0,1,0,1e-18,1.0,1.9676287656235483,7.07e-06,19886.613174700615,3.16e-11,5,1e-06,0.2729050858101734,0.0,0.2763845589286648,0.0,0.2727821501054643,0.2729050858101734,0.2763845589286648,0.28549092788438524,0.2888460187241585,0.29366255176175604,0.3008115205105106,0.31482226865285745,0.3257000153838057,0.3459133542822716,0.3585144651088697,0.36259840831467577,0.3749428350436155,0.3774799986863611,0.3850216785027947,0.41926711012321105,0.43073702451359447,0.5126460894991043,0.5488208265895509,0.6069309881958526,0.652801315239139,1.6605390671738465,0.13398535507536102,0.4739192114574309,1.9676287656235483,5.616750343206972e+18,1.5565414301605425e+18,5.616750343206973,1.5565414301605427,0.1987943338946634,0.07680899600581739,0.5045367622048638,0.24538350793877184,0.8192843426518822,0.03615,0.0,0.12931121597578515,0.24115965004128503,0.019067136855807694,6.781889538722119,135.7059787158131,37.607507060931894,13,0.0009838143828117742,20,0.22485017776489258,0.2728146854874618
S2,10,37,1,SINE,det,sample,0,1,0,1e-18,1.0,1.698393659905062,7.07e-06,12276.254629457548,3.16e-11,5,1e-06,0.29007272539559703,0.0,0.29386033195540107,0.0,0.28989514909396824,0.29007272539559703,0.29386033195540107,0.2939663101757659,0.2997826308931919,0.3102094801271643,0.3200585784250818,0.3305036749296025,0.3437175030306046,0.3519520440341322,0.36408233847305804,0.3670620694370841,0.37183516992842613,0.40464248111539275,0.4089063147566147,0.46053429880280317,0.4860556043268851,0.5279727933480335,0.569349874763064,0.5830529024713182,0.6285223219209287,1.6605390671738465,0.15522516660436791,0.5050166028049832,1.698393659905062,3.6940997588016824e+18,1.1219899342074025e+18,3.694099758801683,1.1219899342074027,0.2774714607970241,0.12543228245993152,0.4460947698292845,0.2269260919286199,0.7424468049869378,0.0,0.0,0.09697352956319383,0.22425570190545455,0.019311199049402775,5.021621356349328,89.2529296496735,27.108333614125108,16,0.000999055094061801,17,0.21301007270812988,0.2728146854874618
S2,10,38,1,SINE,det,sample,0,1,0,1e-18,1.0,1.9995645940066953,7.07e-06,15749.791950877618,3.16e-11,3,1e-06,0.28768099514267564,0.0,0.2911349500646804,0.0,0.287415511367713,0.28768099514267564,0.2911349500646804,0.29044682705114644,0.29399319850005107,0.3054148626439535,0.31335766322067865,0.3414761244966805,0.355855918104735,0.3549617396800274,0.36927836187767754,0.36139858743023057,0.3702232454403728,0.3925147422256422,0.3955735842278735,0.4462072424300019,0.46731782078710343,0.5276526002782305,0.5684202761271316,0.5880947407835148,0.6333997431370328,1.6605390671738465,0.13184542255286738,0.4705964348139697,1.9995645940066953,4.4242221710679926e+18,1.216218353662731e+18,4.424222171067993,1.2162183536627311,0.2256586650743401,0.09219918716978281,0.4585191041023635,0.23337015245650763,0.7741791761934939,0.0,0.0,0.12680326398579025,0.22897369210755822,0.01920876745664193,6.601322248916326,106.89337483320958,29.384980982027944,13,0.0009997822970033475,20,0.18520307540893555,0.2728146854874618
S2,10,39,1,SINE,det,sample,0,1,0,1e-18,1.0,0.5251000483627161,7.07e-06,958.8594965362448,3.16e-11,5,1e-06,0.3938639604328017,0.0,0.39690084192892544,0.0,0.3935095260525636,0.3938639604328017,0.39690084192892544,0.4182350876441295,0.4175289374149806,0.42668461125126833,0.42969029662520863,0.4367057914034402,0.45268490206890843,0.4473565615471757,0.4712088950266895,0.44954790742016676,0.47467166154719764,0.4499083398982134,0.47509238932335407,0.4565217164855655,0.48146381548421063,0.5016895440879131,0.5288149190090968,0.5852853427431274,0.6205765074113514,1.6605390671738465,0.5020632537372365,0.7802785831454335,0.5251000483627161,6.094028964885292e+17,3.09644497288023e+17,0.6094028964885292,0.309644497288023,1.4541343017965196,1.1832953642749622,0.2231988428074083,0.10226001888321122,0.3578031612054012,0.0,0.0,0.005121910183001495,0.10224217832746291,0.017697755074775563,0.2894101631173382,14.723747976487154,7.481302709004645,50,0.0008751667472711934,6,0.10692310333251953,0.2728146854874618
S2,10,40,1,SINE,det,sample,0,1,0,1e-18,1.0,0.9286442037393409,7.07e-06,8970.532842173116,3.16e-11,4,1e-06,0.296353072601185,0.0,0.3029334291994573,0.0,0.2967113688906398,0.296353072601185,0.3029334291994573,0.3149711068062641,0.3252454739341238,0.3473226809177274,0.35810786276186857,0.3741914846577237,0.381028159658726,0.38609003784965273,0.38694985890871336,0.4064413486982816,0.41110931287529756,0.4812998880581008,0.5117509613848819,0.5522908945816822,0.5973239403268039,0.5721585835336088,0.6178866524971385,0.6230515810961818,0.6697851903162511,1.6605390671738465,0.28389068467449796,0.6439202482139633,0.9286442037393409,3.7508617645177656e+18,1.4987080999752072e+18,3.750861764517766,1.4987080999752074,0.43095817457758034,0.22666175842243927,0.508828970846273,0.23327805987915026,0.7654583173027726,0.0,0.0,0.036092761467706166,0.2329179927471258,0.01951730869965107,1.8492693856070141,90.62435317197581,36.210199330370635,28,0.0009286442037393409,10,0.10838770866394043,0.2728146854874618
S2,10,41,1,SINE,det,sample,0,1,0,1e-18,1.0,1.9978728165307644,7.07e-06,6313.7835878371725,3.16e-11,4,1e-06,0.30778391897137314,0.0,0.3122176766267704,0.0,0.3075102016903913,0.30778391897137314,0.3122176766267704,0.3193369524566886,0.3312486617416918,0.3290383050941575,0.3432382532283487,0.34146506447493824,0.3499402209110231,0.38444741696762547,0.38384523382016056,0.4162449282258976,0.4173547203233947,0.43695139042414566,0.451849554002834,0.4659770611750885,0.49683980447332626,0.4802865382142449,0.5147921708167719,0.5179707206500131,0.5559728434301826,1.6605390671738465,0.13195706785597874,0.47077072010699683,1.9978728165307644,1.774103487561932e+18,4.925390167441369e+17,1.7741034875619324,0.49253901674413697,0.3353562998809201,0.18043031355081918,0.29121669203608586,0.16764608175762621,0.5500980999663841,0.0,0.0,0.09030885637982311,0.16427359083637358,0.018138613908982314,4.978817942373303,42.86401128971412,11.900206567633148,13,0.0009989364082653822,20,0.2023909091949463,0.2728146854874618
S2,10,42,1,SINE,det,sample,0,1,0,1e-18,1.0,1.436618723347326,7.07e-06,19978.316472968574,3.16e-11,4,1e-06,0.27905923365224683,0.0,0.2810313325453851,0.0,0.2786092702344641,0.27905923365224683,0.2810313325453851,0.28765247669624383,0.2916842779429433,0.3005613436700665,0.31021112368989745,0.32613367417452777,0.33788499993157495,0.3549601175295137,0.36574872947239323,0.3678828468084713,0.3790103578883312,0.3890992831704644,0.3971557463073851,0.45717012708320176,0.48077506459980596,0.5767064005886136,0.6200279305620809,0.6517924071730534,0.698969178705244,1.6605390671738465,0.1835096776438349,0.5418983878791613,1.436618723347326,6.487815216415853e+18,2.1435259316506258e+18,6.487815216415854,2.143525931650626,0.22143253422814416,0.09296155064447141,0.5678051528787715,0.2532747201919304,0.8482373005322583,0.1455,0.0,0.08354634214261497,0.2516079713799173,0.01874297150076411,4.457475813758185,156.75172650959587,51.78960549834327,18,0.000957745815564884,15,0.20102691650390625,0.2728146854874618
S2,10,43,1,SINE,det,sample,0,1,0,1e-18,1.0,1.1816784036328072,7.07e-06,13861.170065273922,3.16e-11,1,1e-06,0.3002402513519565,0.0,0.30264305973445077,0.0,0.2997006395033489,0.3002402513519565,0.30264305973445077,0.33133485643425215,0.3438109964013668,0.3544434230194521,0.3685570087753998,0.36707310288149786,0.37346439317471114,0.3775819739702152,0.38005147749675733,0.4011981557673259,0.4122979863650967,0.5111845814420265,0.547453223023908,0.5721638713459273,0.6184322334542476,0.5920126358276465,0.6387525131590619,0.6409922222736052,0.6861622187264557,1.6605390671738465,0.2231008352256275,0.5867051089916882,1.1816784036328072,4.999828539511251e+18,1.812797817970734e+18,4.999828539511252,1.8127978179707342,0.3008584301571778,0.14104635329014692,0.5408431581226462,0.24531868140745167,0.8111545791082506,0.03775,0.0,0.05901294376954648,0.2444348268460905,0.01912193935628938,3.0861380046232907,120.8005668591324,43.79890275862733,22,0.0009847320030273393,12,0.15026617050170898,0.2728146854874618
S2,10,44,1,SINE,det,sample,0,1,0,1e-18,1.0,1.0853660501750246,7.07e-06,18182.115397951216,3.16e-11,4,1e-06,0.28279700901483007,0.0,0.28405164757559065,0.0,0.28220699058416876,0.28279700901483007,0.28405164757559065,0.29202024591795855,0.29867807834907967,0.31448229960895674,0.32653238295139947,0.3380455062765928,0.3491258508490811,0.3601922984822035,0.36793577158229784,0.37242638646783705,0.38134910805161715,0.4099290359020549,0.4219292117491665,0.525101548096759,0.5611052455921233,0.6194970967412095,0.6657429142403067,0.6800330070205776,0.7273542957093773,1.6605390671738465,0.24289818055028742,0.606693334116818,1.0853660501750246,6.894509156357589e+18,2.584912657224863e+18,6.89450915635759,2.5849126572248635,0.2570071396106346,0.11670746458572961,0.6047323074863036,0.25259969388292974,0.8605213612070528,0.27755,0.0,0.05321236841907007,0.25192222794893454,0.018490310670135315,2.877851506573992,166.5778351641015,62.45392453090681,24,0.0009866964092500223,11,0.150468111038208,0.2728146854874618
S2,10,45,1,SINE,det,sample,0,1,0,1e-18,1.0,1.6618995573850752,7.07e-06,16642.45148501264,3.16e-11,1,1e-06,0.29306007816182267,0.0,0.2935348728408724,0.0,0.2921572602080888,0.29306007816182267,0.2935348728408724,0.2992299772462165,0.3038315480102325,0.3373781869639866,0.35043940732682,0.35706378618549317,0.3703928024490158,0.3645230443827964,0.3732519913168568,0.37762907941998747,0.3842474349768671,0.4447422264676038,0.46496032097035467,0.5215182621713607,0.5605660920520177,0.568953053423253,0.6142199522272439,0.6203457232304288,0.6649228803136034,1.6605390671738465,0.15863379808186537,0.5097152944607506,1.6618995573850752,5.051268969657866e+18,1.5485169073728998e+18,5.051268969657867,1.5485169073729,0.23610637243662652,0.09943717344417535,0.5068422305071418,0.2434090394219163,0.804879345560617,0.01085,0.0,0.10069701488960803,0.24081503197478893,0.01915130040654697,5.257972709528604,122.0434161032779,37.41362703207474,16,0.0009775879749323972,17,0.2081141471862793,0.2728146854874618
S2,10,46,1,SINE,det,sample,0,1,0,1e-18,1.0,0.5052943662467737,7.07e-06,10986.072434841495,3.16e-11,4,1e-06,0.3168084668446559,0.0,0.3292162443561502,0.0,0.3182803401925285,0.3168084668446559,0.3292162443561502,0.34288331303572267,0.35144577116458237,0.379450549172827,0.38209077452890117,0.3901197255214285,0.39263602100776607,0.39545147182082585,0.4044065693293371,0.46953467418087114,0.49800753476308196,0.6067284568552365,0.6531046602395082,0.6433068493333726,0.6926396211623471,0.6629894471296534,0.7086062058228152,0.7347206840906281,0.7799972100591868,1.6605390671738465,0.5217422881176814,0.7890984550531027,0.5052943662467737,7.185728807533525e+18,3.3692006471423114e+18,7.1857288075335255,3.369200647142312,0.4529534319404377,0.24176765129796735,0.6682309024600886,0.222167568064801,0.8725461776428122,0.43535,0.0,0.01379334666929169,0.2221114354641789,0.01840097267569838,0.7495987800421091,173.6139762366533,81.40306108911739,52,0.0008421572770779561,6,0.06366205215454102,0.2728146854874618
S2,10,47,1,SINE,det,sample,0,1,0,1e-18,1.0,0.6604366489188159,7.07e-06,18536.551600234674,3.16e-11,4,1e-06,0.2845625365723549,0.0,0.2900260690621386,0.0,0.2849094677594081,0.2845625365723549,0.2900260690621386,0.3103411210976704,0.321382565419272,0.3417105153271006,0.3523591095754988,0.3619331640135577,0.3675042282483357,0.3701417720366733,0.3752986395163158,0.39484685501758576,0.4084732679436121,0.5151066903173718,0.547191617222296,0.6491484971737331,0.6960426224492634,0.6897669837608502,0.7356042425487401,0.7511031479136495,0.7961781608243362,1.6605390671738465,0.3991805107274907,0.72618639898102,0.6604366489188159,9.85620305376672e+18,4.3352393836485094e+18,9.856203053766722,4.33523938364851,0.2838016555638979,0.13947323593802907,0.6988071822222951,0.23393216416726412,0.9035859354609221,0.5243,0.03175,0.022529982615364097,0.23379674949442844,0.017398636386298807,1.2949280687942968,238.13514934856542,104.74346687615991,40,0.0009434809270268799,7,0.08887910842895508,0.2728146854874618
S2,10,48,1,SINE,det,sample,0,1,0,1e-18,1.0,1.2784547959416634,7.07e-06,236.8920087323971,3.16e-11,1,1e-06,0.4351295542935036,0.0,0.44468882614310007,0.0,0.43530346325146485,0.4351295542935036,0.44468882614310007,0.4351385729744901,0.44489420366213367,0.43514303545901223,0.4449538339650754,0.43577247260906316,0.44584868927539956,0.4408248490661412,0.45154856509911034,0.4438506311486022,0.45481730651349644,0.44616604061600307,0.45711454930251966,0.5294819856894804,0.5418100179943492,0.844371842236078,0.8573919049695973,1.0034052861414788,0.9654238076499573,1.6605390671738465,0.20621256195795534,0.5684460187088524,1.2784547959416634,8.20131571767146e+16,4.053539525505889e+16,0.0820131571767146,0.04053539525505889,0.7517228737986672,0.7229064197808241,0.038834041817296376,0.010837624857653575,0.05684693631840787,0.0,0.0,0.005497301573740314,0.01067346513306276,0.008545855054219875,0.6432710991307757,1.9815151256812316,0.9793733296999755,21,0.000983426766108972,13,0.16302990913391113,0.2728146854874618
S2,10,49,1,SINE,det,sample,0,1,0,1e-18,1.0,0.9716472810115778,7.07e-06,6560.19018792995,3.16e-11,5,1e-06,0.29701416324658136,0.0,0.30232247981489246,0.0,0.2971382831596223,0.29701416324658136,0.30232247981489246,0.3227966718152784,0.3340876325044992,0.35448524763950484,0.3665803748977263,0.37377958808139383,0.3819859916103726,0.3888082609748013,0.3897686469039171,0.4171827164174849,0.4246489304184774,0.48105099018859737,0.5134918151014926,0.5235261979873106,0.5661530937359223,0.5366048251398635,0.5796024556825756,0.5876449883272279,0.6327577725629423,1.6605390671738465,0.27132627649006313,0.6330534828622009,0.9716472810115778,2.6653708590052163e+18,1.0524907047784728e+18,2.6653708590052165,1.052490704778473,0.5014298239841984,0.28078469885188995,0.4403033956045097,0.21520933700184455,0.6929505591620999,0.0,0.0,0.03492231586375405,0.21483297418507175,0.01964938413895029,1.7772727947502822,64.39787046959758,25.42916676971402,27,0.0009716472810115778,10,0.09907984733581543,0.2728146854874618
S2,10,50,1,SINE,det,sample,0,1,0,1e-18,1.0,1.9966943791164606,7.07e-06,13038.352444503797,3.16e-11,5,1e-06,0.2884265604964413,0.0,0.29238987886775786,0.0,0.2882894944841061,0.2884265604964413,0.29238987886775786,0.2922367319036754,0.2973213422103686,0.30676383311417676,0.315630945681032,0.3293031323965505,0.3430910454562459,0.3483899360427169,0.3625498871473984,0.3599967169824537,0.36752612819249303,0.39686774077013953,0.3997323520262353,0.4430044612166652,0.462273313766117,0.5117741128223362,0.550695086271451,0.5703730821588602,0.6149928160843972,1.6605390671738465,0.13203494815026398,0.4708922351872354,1.9966943791164606,3.664329494838926e+18,1.0094924837740351e+18,3.6643294948389262,1.009492483774035,0.24923097618795434,0.10737401247650386,0.42348112327260695,0.22226151558745252,0.7340264469120813,0.0,0.0,0.12086552681039225,0.21797812709660974,0.019199800513765027,6.295144927351688,88.53365203168572,24.390289250170504,13,0.0009983471895582303,20,0.19926977157592773,0.2728146854874618
S2,10,51,1,SINE,det,sample,0,1,0,1e-18,1.0,1.6767005358615636,7.07e-06,7577.925809117566,3.16e-11,4,1e-06,0.30028438707509203,0.0,0.3029806757580195,0.0,0.2997645682020313,0.30028438707509203,0.3029806757580195,0.31162970011338653,0.3201261988625012,0.3299674689599956,0.34410524540690235,0.3442218337602659,0.35527685518481955,0.3751545433250623,0.37546423658388095,0.40554832390167905,0.40531105324565214,0.4351269054251456,0.4492451002498556,0.4801715539434224,0.5143590353831798,0.5018079291067842,0.5406047441885604,0.543141193731188,0.5849386081211004,1.6605390671738465,0.1572334672649811,0.5077940574106249,1.6767005358615636,2.291941656328346e+18,7.043552719310198e+17,2.2919416563283463,0.7043552719310199,0.3499325717689029,0.18117253760199156,0.3578831363577507,0.19455024930322565,0.6295550545148021,0.0,0.0,0.08047260182274689,0.19231175438248682,0.018982351843799837,4.239337806238771,55.375469199507336,17.01788680293485,16,0.0009862944328597432,17,0.1877429485321045,0.2728146854874618
S2,10,52,1,SINE,det,sample,0,1,0,1e-18,1.0,0.7397807743519245,7.07e-06,17657.437028466305,3.16e-11,5,1e-06,0.28256268583365246,0.0,0.286078458329132,0.0,0.28250471927418586,0.28256268583365246,0.286078458329132,0.29892233348486197,0.308168959744859,0.33275018202941276,0.3449736565735876,0.3552764032590666,0.36275109267734695,0.3686838780999835,0.37316109795990793,0.38409763204288633,0.3946431247560852,0.46873632413952787,0.4943094392866228,0.6130223110521027,0.6577219354550139,0.6695788187858951,0.7160057888140484,0.7299069626841237,0.7759866367573814,1.6605390671738465,0.356366977838155,0.6988513880613989,0.7397807743519245,8.642479265367438e+18,3.690050660966943e+18,8.64247926536744,3.6900506609669437,0.28821688862736394,0.14018716263810332,0.6709637386675352,0.24157337441563598,0.8902359859471406,0.4694,0.0,0.027435971847094245,0.24138204572777075,0.017812485125064906,1.5402663724045789,208.81043941293646,89.15509963213606,36,0.0009247259679399056,8,0.09530806541442871,0.2728146854874618
S2,10,53,1,SINE,det,sample,0,1,0,1e-18,1.0,1.7520810858729616,7.07e-06,13390.332373931715,3.16e-11,2,1e-06,0.2910838499688452,0.0,0.2931337735383699,0.0,0.2905420282545453,0.2910838499688452,0.2931337735383699,0.2977209258949658,0.30217836299704964,0.33132465198707783,0.34478514829019846,0.35052754731734465,0.3655819716494384,0.3584896495068584,0.3677294150480275,0.3739010071644668,0.37651418276298876,0.4136213844301852,0.421630074398757,0.49017929657850323,0.5240623821723663,0.5401223823506596,0.5833715928556048,0.588489492786137,0.633324576497741,1.6605390671738465,0.1504687431102608,0.49833208610547663,1.7520810858729616,3.96925478598631e+18,1.18241485022763e+18,3.9692547859863105,1.1824148502276302,0.2615221575615456,0.11485622390211239,0.4554973519069772,0.2304188947633426,0.756455645087338,0.0,0.0,0.10348349608264529,0.22744308778404362,0.019284140053188962,5.3662489381025065,95.90093427530657,28.56825649947519,15,0.0009733783810405342,18,0.17209577560424805,0.2728146854874618
S2,10,54,1,SINE,det,sample,0,1,0,1e-18,1.0,1.7131337995655043,7.07e-06,15789.243887954624,3.16e-11,4,1e-06,0.28746966897239895,0.0,0.29039159536484604,0.0,0.2871111665093647,0.28746966897239895,0.29039159536484604,0.2906885174583836,0.2957689310368989,0.3033766731434145,0.31281647749395075,0.3308439199047078,0.34371582171740483,0.35515214703665404,0.3684987945047043,0.3634799130881276,0.37251788924613094,0.3920088319452266,0.39631156693702246,0.4501794343923591,0.47221658531422905,0.5410815322441271,0.5829064924784388,0.6053880187287183,0.6517289424271504,1.6605390671738465,0.1538895787856324,0.5031548819768137,1.7131337995655043,4.720960584635868e+18,1.421793725918003e+18,4.720960584635868,1.4217937259180031,0.24103025853506585,0.10203278964100224,0.49041909188397476,0.23993821733019857,0.7915881278506156,0.0,0.0,0.10421451064972312,0.23709607133359298,0.01920591719667482,5.426166820492494,114.06285440327962,34.351875607406754,15,0.0009517409997586135,18,0.15562701225280762,0.2728146854874618
S2,10,55,1,SINE,det,sample,0,1,0,1e-18,1.0,1.989826465404317,7.07e-06,19932.182348308743,3.16e-11,4,1e-06,0.27845742676749674,0.0,0.28224921979680245,0.0,0.2783073193281446,0.27845742676749674,0.28224921979680245,0.28646907396180793,0.28987581831079634,0.29404353179169873,0.30086691915117586,0.31822279094856293,0.3287051999433473,0.3530608518494559,0.3660776677603368,0.3636532480201187,0.3761355182382997,0.3792332948972437,0.3857186159152873,0.42205611104148544,0.43496145808119135,0.5206875681959525,0.5584307550714076,0.6079144924105413,0.6538787614795818,1.6605390671738465,0.13249066860963538,0.47160228538072907,1.989826465404317,5.608276400505295e+18,1.544072135682007e+18,5.608276400505296,1.5440721356820073,0.19754014846831666,0.07604954105102255,0.5028570283390286,0.2451064660661196,0.818766495438725,0.03455,0.0,0.1311103676957159,0.2407568241211795,0.01907134833937202,6.874729849333407,135.5012402785237,37.30623716148695,13,0.0009949132327021584,20,0.1967170238494873,0.2728146854874618
S2,10,56,1,SINE,det,sample,0,1,0,1e-18,1.0,1.9972214006986975,7.07e-06,555.9345154311618,3.16e-11,1,1e-05,0.43505301031283394,0.0,0.4435385894994294,0.0,0.43510101757407743,0.4350589470708315,0.4416474734218966,0.43505301031283394,0.4435385894994294,0.43531413417349707,0.44631566511721144,0.43545578559766096,0.4470768383676265,0.4363444909919658,0.4481667051093662,0.4382552315510184,0.45022779512168953,0.4388374087714193,0.4508126375529365,0.44745284735881147,0.45937889731157083,0.6246605913756622,0.6370473513789215,0.9190374312770878,0.8873809334632154,1.6605390671738465,0.13200010711197932,0.47083787959150103,1.9972214006986975,1.562522758930943e+17,5.038684608790988e+16,0.15625227589309432,0.05038684608790989,0.47667734807374645,0.433033194125384,0.04741018357524901,0.02305852002577098,0.08905437483777227,0.0,0.0,0.01547114526630215,0.02237365702471964,0.009157779616051869,1.6893991682420635,3.7752021597845564,1.2173936609150944,13,0.0009986107003493486,20,0.17436003684997559,0.2728146854874618
S2,10,57,1,SINE,det,sample,0,1,0,1e-18,1.0,0.8936293250025334,7.07e-06,15757.979958861115,3.16e-11,2,1e-06,0.29548231250656737,0.0,0.30174148259819894,0.0,0.2957494075579531,0.29548231250656737,0.30174148259819894,0.30969184207753137,0.32117002065798295,0.3353374002908428,0.34566510616979124,0.3666384454232195,0.3738262074991877,0.3749699727685501,0.38035403722573596,0.3889512333804537,0.39636773943707665,0.4897596868240435,0.5199006387491589,0.608228280742041,0.655325565830884,0.6388335713619044,0.6862946521039568,0.691071755867052,0.7376641060853133,1.6605390671738465,0.29501431011993484,0.6531758285422127,0.8936293250025334,6.769087181432932e+18,2.7294215607655194e+18,6.769087181432933,2.7294215607655197,0.3000551676633276,0.14403651105590146,0.6176625173179341,0.24809806304511697,0.8604005508021698,0.33075,0.0,0.03776440705169096,0.24774628945972774,0.018494523273206078,2.04192378975251,163.5475221148121,65.94539575355985,30,0.0009929214722250372,9,0.10077476501464844,0.2728146854874618
S2,10,58,1,SINE,det,sample,0,1,0,1e-18,1.0,1.5902197389737287,7.07e-06,5190.8530381141845,3.16e-11,5,1e-06,0.312225489308239,0.0,0.3184730691731011,0.0,0.3122415999076812,0.312225489308239,0.3184730691731011,0.321183858116496,0.33291163387237543,0.33496419158474144,0.34804138480387864,0.3599369729461012,0.3646499877932308,0.40316987977645763,0.40159115711489846,0.4246674037645688,0.42889858097194833,0.44821113606916657,0.4703197529711129,0.4717682999990759,0.5047840708852266,0.48293559944918707,0.5178490141952179,0.5245195251133519,0.5632992611520085,1.6605390671738465,0.1657842827361111,0.5193344273351388,1.5902197389737287,1.608729814713439e+18,5.1207272273937875e+17,1.6087298147134392,0.5120727227393789,0.41588205483741264,0.2410536757964453,0.2999556785993221,0.16790685563921318,0.5403040238943808,0.0,0.0,0.06282765275100435,0.166292091622191,0.018386340456271102,3.4170830731884703,38.86842758803232,12.372159303299462,17,0.0009938873368585805,16,0.1931610107421875,0.2728146854874618
S2,10,59,1,SINE,det,sample,0,1,0,1e-18,1.0,1.9894297951757487,7.07e-06,11269.678560870041,3.16e-11,1,1e-06,0.30349096563264927,0.0,0.30530285418899067,0.0,0.3027474549715965,0.30349096563264927,0.30530285418899067,0.32404841450153976,0.3367550781271054,0.34007979272613464,0.3559546282727009,0.35029810208662754,0.36059969174964146,0.367407535735832,0.3711508926756325,0.39450273500079325,0.3982491921262462,0.44876565045837913,0.46960793529166184,0.4958866908357136,0.5330653182076139,0.5175856207201174,0.5586406741352592,0.5636824176937617,0.6040707539793568,1.6605390671738465,0.13251708577898108,0.47164339317050535,1.9894297951757487,3.1711498056108943e+18,8.765308078814738e+17,3.1711498056108947,0.8765308078814739,0.2678648223910735,0.12050792107451797,0.3968786145668274,0.21279510106511035,0.7007246927811206,0.0,0.0,0.11513097306657268,0.20867535467387194,0.019121778034201835,6.020934499953177,76.61796621339148,21.177809923843096,13,0.0009947148975878743,20,0.18459177017211914,0.2728146854874618
S2,10,60,1,SINE,det,sample,0,1,0,1e-18,1.0,1.9884146618252077,7.07e-06,18084.89950172938,3.16e-11,2,1e-06,0.2871005209906389,0.0,0.29053548737200235,0.0,0.28681768423686815,0.2871005209906389,0.29053548737200235,0.2892586894607588,0.29215806743337175,0.30259735283407474,0.30929592887466995,0.34436697735972,0.3575188509786705,0.359155554586124,0.372757832891412,0.36414092478106413,0.37347837606240125,0.3921323335159771,0.3962419975670505,0.45659735497161913,0.48090664517368087,0.5415930093591973,0.5837225429326043,0.6038372664526631,0.6493099966277596,1.6605390671738465,0.13258473892793105,0.47174864221416185,1.9884146618252077,5.089726602770843e+18,1.4026001405832033e+18,5.089726602770844,1.4026001405832036,0.20932039472951952,0.08258387323582775,0.4851791332997742,0.2407040752692632,0.8014429133526958,0.0026,0.0,0.12922136509698984,0.23635112610365966,0.01914732188632069,6.748795777508118,122.9725887425785,33.888140507256786,13,0.0009942073309126037,20,0.17616605758666992,0.2728146854874618
S2,10,61,1,SINE,det,sample,0,1,0,1e-18,1.0,0.9795643547024051,7.07e-06,10521.720867278751,3.16e-11,5,1e-06,0.2943879634052415,0.0,0.30015482731541177,0.0,0.2945899804274496,0.2943879634052415,0.30015482731541177,0.30271657657769957,0.31257375600543064,0.32952861638278597,0.3410082970072128,0.3603268512563436,0.3687279746083063,0.37809950121164454,0.38248490494404136,0.3910191896588506,0.39453501761043713,0.4508625222592782,0.4722917365693263,0.5469923391123658,0.5901321938498697,0.5814268188754357,0.6275552321852119,0.6337160124492098,0.6808860099361392,1.6605390671738465,0.26913335254900955,0.6311099574335731,0.9795643547024051,4.254607563516032e+18,1.6660209881114102e+18,4.254607563516033,1.6660209881114103,0.38291595517592536,0.19427939400647695,0.5280490297016502,0.23860761193662636,0.7874311498255177,0.0,0.0,0.04108348803519824,0.23815777363595964,0.019363319722403394,2.121717175782858,102.79532615455048,40.252636299952734,27,0.000979564354702405,10,0.11931085586547852,0.2728146854874618
S2,10,62,1,SINE,det,sample,0,1,0,1e-18,1.0,1.954895721170488,7.07e-06,4867.136991426255,3.16e-11,1,1e-06,0.3232713772001996,0.0,0.336468270587562,0.0,0.3245362800855442,0.3232713772001996,0.336468270587562,0.33197788955845897,0.3407729884938188,0.38295218435020334,0.3836423908639228,0.4097187512183037,0.40848657396173704,0.4219617679959482,0.4246164154311927,0.4417011901204139,0.4606549629436011,0.4605410423029472,0.4894010878668918,0.4643283263712734,0.49503286307641703,0.4684584743112132,0.49929580716325805,0.5218344044445636,0.5505363729751667,1.6605390671738465,0.13485805711453278,0.47526363104514097,1.954895721170488,1.3777339565045786e+18,3.891530303241336e+17,1.3777339565045787,0.3891530303241337,0.36823605848693297,0.21513602693958617,0.25151977934730824,0.14735431961437057,0.4831066735679619,0.0,0.0,0.07651112577563246,0.14456650555658815,0.01746988547597652,4.379600878371281,33.28735007842839,9.402303756340382,13,0.0009774478605852441,20,0.1812129020690918,0.2728146854874618
S2,10,63,1,SINE,det,sample,0,1,0,1e-18,1.0,0.9469819044826834,7.07e-06,11927.742852663796,3.16e-11,3,1e-06,0.2953925570925992,0.0,0.3020302908761267,0.0,0.2957564938058402,0.2953925570925992,0.3020302908761267,0.309274456330185,0.319882122981416,0.3350540416175782,0.34560108171512943,0.3674434834456293,0.37397089662821026,0.3799755298136923,0.3817212580822146,0.394287563576304,0.39783957464993974,0.47047199524158295,0.4971412053435242,0.5713747279945028,0.6169212378909024,0.6006729558213776,0.6476308535938345,0.6513715626599141,0.6985102427961243,1.6605390671738465,0.27839332258685867,0.6392210488031871,0.9469819044826834,4.929471291907882e+18,1.9518561969010084e+18,4.929471291907882,1.9518561969010086,0.35773639252715145,0.1780911543630236,0.5577192502706358,0.24319911530591434,0.8133525814677024,0.05895,0.0,0.03994976572604899,0.24278716189681518,0.01915012209265208,2.0861363459075677,119.1006694874585,47.15868417283784,28,0.0009469819044826834,10,0.10296988487243652,0.2728146854874618
S2,10,64,1,SINE,det,sample,0,1,0,1e-18,1.0,1.9981743699184042,7.07e-06,3559.8447810019334,3.16e-11,5,1e-06,0.317889127507349,0.0,0.3283310912854936,0.0,0.31863260433784374,0.317889127507349,0.3283310912854936,0.32321464518775667,0.33500007680113897,0.34050971120210044,0.34759129319144005,0.39820764975660466,0.39870743837665623,0.4242342105643867,0.4259085659806348,0.43353147559000116,0.44249997407833497,0.4448989253595646,0.4665400344294295,0.4516387577923595,0.47754378142297227,0.4606990563062797,0.4881491905779774,0.4990623052823482,0.5309215252882686,1.6605390671738465,0.131937153627554,0.4707396402950502,1.9981743699184042,1.0002378246667505e+18,2.81014464181009e+17,1.0002378246667505,0.281014464181009,0.39067226679336975,0.25019866055181084,0.20130573634932983,0.12031869104755565,0.3974577240905147,0.0,0.0,0.06428879483661594,0.11787338470666578,0.016306059262194472,3.9426322327718526,24.166687969163917,6.789574142476422,13,0.000999087184959202,20,0.20241189002990723,0.2728146854874618
S2,10,65,1,SINE,det,sample,0,1,0,1e-18,1.0,0.5006837331074895,7.07e-06,4171.638987315657,3.16e-11,5,1e-06,0.34451099617307507,0.0,0.35328381930457375,0.0,0.34534176084004603,0.34451099617307507,0.35328381930457375,0.3796938055103131,0.38760595951768023,0.3871884085370443,0.39309753306101936,0.38895296124579304,0.3943930326422964,0.40383996100099234,0.4173249451608921,0.48578932876408176,0.5211025033336727,0.5385045748054205,0.5830311805515167,0.5469344409338633,0.5921512461713369,0.561779490290628,0.6048016061105311,0.6384499840890087,0.6837137158617326,1.6605390671738465,0.5265468426192452,0.7911875198502295,0.5006837331074895,2.7505788599516764e+18,1.3111822550312005e+18,2.750578859951677,1.3111822550312007,0.8641762448818805,0.5325228123362891,0.49485096117740285,0.2066223124514098,0.7194784262132785,0.0,0.0,0.010757351879438683,0.2065855704076947,0.020232379180211348,0.531689910693257,66.45657602998307,31.679398285703574,53,0.0008344728885124825,6,0.11644697189331055,0.2728146854874618
S2,10,66,1,SINE,det,sample,0,1,0,1e-18,1.0,1.9929433177109561,7.07e-06,12408.697487068986,3.16e-11,3,1e-06,0.289484071919609,0.0,0.2926783384313836,0.0,0.289187204428245,0.289484071919609,0.2926783384313836,0.29658779769187543,0.3006643330207711,0.3222554376081864,0.3347222302770994,0.34379664689997047,0.3597049544766601,0.35105674410233684,0.3630156721994757,0.3679008070866771,0.3714343762631962,0.40773211177494556,0.4114291680130244,0.4615490395861404,0.4882145497321534,0.5181221329621022,0.5587490723594123,0.5667449870751602,0.6107430427002983,1.6605390671738465,0.13228346058600807,0.4712796499402277,1.9929433177109561,3.4895783004170317e+18,9.62777354524075e+17,3.489578300417032,0.9627773545240751,0.25564306417719307,0.11176337366953386,0.4145640441105822,0.21917340902043422,0.723047537027064,0.0,0.0,0.11889923186767194,0.2149484125122562,0.0191809785720442,6.1988094831076355,84.31149857609165,23.261607726454802,13,0.000996471658855478,20,0.18233084678649902,0.2728146854874618
S2,10,67,1,SINE,det,sample,0,1,0,1e-18,1.0,1.0740599226003922,7.07e-06,3846.9962952329256,3.16e-11,1,1e-06,0.35348798089231864,0.0,0.35795823877418825,0.0,0.35342120948975614,0.35348798089231864,0.35795823877418825,0.4098803555486868,0.40774740432366685,0.4239227974743144,0.4210402703148824,0.42561984555756316,0.42526690782841453,0.43640977161192673,0.4515838934367319,0.4704145076448421,0.5028838375540107,0.48200472324594495,0.5176468684414096,0.485815215988966,0.5215650273078477,0.4908691557599648,0.5263340867093411,0.544665207585016,0.5795794459776118,1.6605390671738465,0.24545505634386397,0.609172262222179,1.0740599226003922,1.4704891977954452e+18,5.652912581592453e+17,1.4704891977954455,0.5652912581592454,0.5948073528943478,0.37686736319478287,0.3206460645869867,0.1706458985335558,0.5426148013361295,0.0,0.0,0.03174975026725686,0.17023812625525522,0.018874503185910874,1.6821502507656407,35.52840407428954,13.657969245646232,25,0.000976418111454902,11,0.1410207748413086,0.2728146854874618
S2,10,68,1,SINE,det,sample,0,1,0,1e-18,1.0,0.5034720089856628,7.07e-06,18391.415138943605,3.16e-11,5,1e-06,0.2882744377698944,0.0,0.2958724983475236,0.0,0.28910955765902313,0.2882744377698944,0.2958724983475236,0.3249891311190992,0.3351228016115027,0.35564730926603205,0.363491100223505,0.3696476954081024,0.37375527456255603,0.377965037413891,0.38555866680724404,0.4392201163885982,0.4634623584706735,0.5873557945028873,0.6280207025474696,0.682234441993411,0.7297804638202524,0.7189322216745513,0.7622811486830422,0.7909427437672356,0.833612922859054,1.6605390671738465,0.5236307761174323,0.7899225266777392,0.5034720089856628,1.2061370439119907e+19,5.63850849405376e+18,12.061370439119909,5.63850849405376,0.2991948778182923,0.15206733068570283,0.747067988689348,0.20805576385771526,0.9211710904573828,0.59875,0.27935,0.014048583316841941,0.20799187470280595,0.01669700957366144,0.8413831982825694,291.4140704285223,136.23167613430005,52,0.0008391200149761046,6,0.07744097709655762,0.2728146854874618
S2,10,69,1,SINE,det,sample,0,1,0,1e-18,1.0,1.9899416041073998,7.07e-06,18293.600024259813,3.16e-11,5,1e-06,0.27745848546838303,0.0,0.2805054255394205,0.0,0.2771991146203536,0.27745848546838303,0.2805054255394205,0.28722016731616734,0.2909290581859406,0.29615501686153756,0.3038937831709662,0.3170273114252911,0.32824737233733714,0.34771303151779503,0.3610955310475768,0.3613030366044264,0.37356882563860233,0.37888913082868586,0.385183822347306,0.4232138041520814,0.43555395520834983,0.5131178839349851,0.5499813731791146,0.5989816200178826,0.6447347115367795,1.6605390671738465,0.13248300265415064,0.4715903553058333,1.9899416041073998,5.147133896850466e+18,1.4176954146418153e+18,5.147133896850466,1.4176954146418155,0.20785385382649677,0.0817498557448741,0.48714563190400195,0.24122218653055244,0.8035001722369722,0.00625,0.0,0.12957216712359487,0.23686073366838345,0.019139909365046465,6.769737758540337,124.35960303954184,34.25285654676972,13,0.0009949708020537,20,0.1921243667602539,0.2728146854874618
S2,10,70,1,SINE,det,sample,0,1,0,1e-18,1.0,1.6452278763328354,7.07e-06,18619.08354333989,3.16e-11,1,1e-06,0.2908700132332604,0.0,0.2926801297805495,0.0,0.2902472994177321,0.2908700132332604,0.2926801297805495,0.29393932251352833,0.2976126007053901,0.3284447035356248,0.33938943168450514,0.35799378430807965,0.37106455460630705,0.36494169282239025,0.37500622347082124,0.3751330380784194,0.3827835126454,0.4393490503263033,0.458254134895539,0.5213328252001441,0.5595369757748702,0.5796877352864213,0.6252867803503906,0.6335633044559222,0.6785783912020049,1.6605390671738465,0.16024129095490203,0.5119053851896733,1.6452278763328354,5.674123221382463e+18,1.7474924527428716e+18,5.674123221382464,1.7474924527428717,0.2212266446418132,0.09107091918106792,0.5291039440608858,0.2482239030449023,0.8250434675437323,0.059,0.0,0.10090585518173728,0.24570292782563308,0.019014379418263987,5.306818222256237,137.09216149211622,42.22106362351978,16,0.0009677811037251973,17,0.1779782772064209,0.2728146854874618
S2,10,71,1,SINE,det,sample,0,1,0,1e-18,1.0,1.4766335000352573,7.07e-06,15031.943447460431,3.16e-11,5,1e-06,0.2868616797621796,0.0,0.2885225057108697,0.0,0.2862924955202364,0.2868616797621796,0.2885225057108697,0.2919170127681699,0.29787834254366635,0.30712893277165754,0.31781933674518503,0.3268201109091288,0.3390633733462089,0.3524802586186289,0.36372622917513825,0.3664830253047708,0.3742332695562203,0.3966476341848056,0.4024543834273826,0.4644575291129408,0.49011784849166756,0.5553620292138233,0.5985164299857988,0.6189879758431689,0.6659011882209593,1.6605390671738465,0.17853681283288692,0.5357423818590106,1.4766335000352573,4.8221528253906e+18,1.5751052150580785e+18,4.822152825390601,1.5751052150580787,0.26298580328622373,0.11631713110917166,0.5118626211648994,0.24282165359461816,0.7995929282042722,0.0,0.0,0.08383237830161207,0.24101577832918825,0.019189940770977517,4.368558470404373,116.50775425300773,38.05602558930778,18,0.0009844223333568382,15,0.13195395469665527,0.2728146854874618
S2,10,72,1,SINE,det,sample,0,1,0,1e-18,1.0,0.5030429738077693,7.07e-06,13365.311876113647,3.16e-11,5,1e-06,0.29955915706968694,0.0,0.30770397909185965,0.0,0.3003662012655032,0.29955915706968694,0.30770397909185965,0.3368605423538449,0.34913249612333874,0.3610469780997665,0.36576295992920144,0.3818455801571463,0.3838478260252344,0.3895643867175013,0.39715749051412924,0.44798737166338337,0.47423928215105954,0.5883181271055562,0.6313625043760477,0.6583078295227621,0.707029199178468,0.6848090455518646,0.7298145680727369,0.7568944412726762,0.8013528398132777,1.6605390671738465,0.52407737021551,0.7901168469625859,0.5030429738077693,8.771208837375189e+18,4.1091444442894863e+18,8.77120883737519,4.109144444289487,0.3890870097444246,0.20344481089966557,0.7001951502989544,0.21830036963049923,0.893739995959445,0.5085,0.0,0.013954404135918072,0.21824145887107094,0.0177849322921907,0.7846194692596835,211.92066712318308,99.28080018214943,52,0.0008384049563462822,6,0.10310792922973633,0.2728146854874618
S2,10,73,1,SINE,det,sample,0,1,0,1e-18,1.0,0.9028198624402766,7.07e-06,10161.619089340355,3.16e-11,1,1e-06,0.3414979490810301,0.0,0.3560526746944939,0.0,0.34300267180925403,0.3414979490810301,0.3560526746944939,0.3525370224205205,0.3663416790804571,0.37250688283673566,0.37498800385697006,0.39204939966316504,0.38878973947254025,0.3972391153931849,0.3975361239012606,0.4525982818006481,0.47729625118444674,0.5567994240788628,0.6015394221920084,0.5808293821270322,0.6287598756575171,0.5893962259655273,0.6358747991565172,0.6410912208416363,0.6859834374225277,1.6605390671738465,0.2920111195892141,0.6507095830022146,0.9028198624402766,4.33011073868159e+18,1.7449615656060767e+18,4.33011073868159,1.7449615656060768,0.40351773476324526,0.20780819147474444,0.5378181174570734,0.23861213755057809,0.7924226353880579,0.0,0.0,0.03560529489796242,0.23827375404351267,0.019355658417664855,1.8395289961031451,104.61955398308224,42.15991500644917,29,0.0009028198624402765,10,0.10968923568725586,0.2728146854874618
S2,10,74,1,SINE,det,sample,0,1,0,1e-18,1.0,0.5336629903428273,7.07e-06,16770.584119460924,3.16e-11,3,1e-06,0.30484230023817965,0.0,0.31543820844888626,0.0,0.30609781720348467,0.30484230023817965,0.31543820844888626,0.3348962358144005,0.34628200941464693,0.3619642074480224,0.36721545886065343,0.37494669732885777,0.3772838086139106,0.3811717059915172,0.38818906578944123,0.4480374351528289,0.4702385738114589,0.6173362174935919,0.6612570660995085,0.6782529774060523,0.7270061606588623,0.7034469880613574,0.7480480113956219,0.7716446145791456,0.8153107738709487,1.6605390671738465,0.4940073484376465,0.7765415776391394,0.5336629903428273,1.0501205938689858e+19,4.852791476317316e+18,10.501205938689859,4.852791476317317,0.320162058236831,0.16292567714009548,0.7229720320846201,0.2179677208283408,0.909955290737364,0.55905,0.12295,0.015545686748678574,0.21789489355672267,0.01718329535288839,0.9046976397379711,253.71902657730485,117.24801291797951,49,0.0008894383172380455,6,0.08805298805236816,0.2728146854874618
S2,10,75,1,SINE,det,sample,0,1,0,1e-18,1.0,1.5797174145974813,7.07e-06,19829.771954339754,3.16e-11,5,1e-06,0.27456747365001266,0.0,0.2767085090064397,0.0,0.2741971780137885,0.27456747365001266,0.2767085090064397,0.28529619708653087,0.28863804593458364,0.2970488132847469,0.3058226370394458,0.3215741748434979,0.3336703171382568,0.34607061401121736,0.35738670183624377,0.36469248234133916,0.3758230504321701,0.3835873806844861,0.391852347962312,0.43734253966975367,0.4552540724065859,0.5509850468823065,0.5916813716554039,0.6372035172238836,0.6841028203891041,1.6605390671738465,0.16688645474338862,0.5207894535288089,1.5797174145974813,6.162429307096734e+18,1.9407145595804708e+18,6.162429307096734,1.9407145595804711,0.2152621742075517,0.08838127158782237,0.548740856222761,0.25130731256199634,0.8390062150008678,0.1013,0.0,0.09573540138040142,0.24908714033954912,0.018882284215080564,5.070117592231833,148.89009645906492,46.889491720852,17,0.0009873233841234258,16,0.17335009574890137,0.2728146854874618
S2,10,76,1,SINE,det,sample,0,1,0,1e-18,1.0,1.2403901932606187,7.07e-06,14797.420155514632,3.16e-11,3,1e-06,0.2915197467168778,0.0,0.2950828519183154,0.0,0.2912677860381684,0.2915197467168778,0.2950828519183154,0.29643228281874195,0.3045003830054954,0.3150792022914355,0.3265125882819446,0.34855556223546214,0.36003683924938346,0.36611350846768137,0.37454021577104246,0.3752558195595122,0.3797127354203127,0.4164914889124511,0.42763699126135374,0.5220467865427647,0.5599797300502949,0.5873076260620644,0.6334230740026978,0.6397598168026746,0.686900405288636,1.6605390671738465,0.21254073133676682,0.5754268510155283,1.2403901932606187,5.194280145326356e+18,1.843094477709399e+18,5.194280145326357,1.8430944777093994,0.2835635366053334,0.13015199604923494,0.5431670895356784,0.24663410972610575,0.8164784921258199,0.0534,0.0,0.06440273016550138,0.2455925712210798,0.019070710579943723,3.3770493184051786,125.49870080982774,44.53089859437388,21,0.0009541463025081683,13,0.14969992637634277,0.2728146854874618
S2,10,77,1,SINE,det,sample,0,1,0,1e-18,1.0,1.2599371698331834,7.07e-06,17379.6634374747,3.16e-11,5,1e-06,0.2817247110369606,0.0,0.28219371540566923,0.0,0.2809809464948217,0.2817247110369606,0.28219371540566923,0.2894272772611174,0.29458046363786383,0.3074835334564565,0.3188496296136641,0.3308810095641866,0.343153590316332,0.3521065067424206,0.36145979220363295,0.36822294112063136,0.3769072666803215,0.39743914919943407,0.4061934086814178,0.4810283307427662,0.5096921008336099,0.5874032753502759,0.6320308023643993,0.6547654545040081,0.7021795031200081,1.6605390671738465,0.20924332191379885,0.5718107980539102,1.2599371698331834,6.053220484960811e+18,2.1316516415776532e+18,6.0532204849608116,2.1316516415776534,0.25344146221492936,0.11252879062572421,0.5690429531606228,0.25113618639218827,0.840235098736528,0.1384,0.0,0.06735551925502756,0.2500347346573234,0.018819402258436396,3.5790466843777304,146.25150845233955,51.50271146577209,21,0.000969182438333218,13,0.15616488456726074,0.2728146854874618
S2,10,78,1,SINE,det,sample,0,1,0,1e-18,1.0,1.999909184941113,7.07e-06,7483.210689858728,3.16e-11,5,1e-06,0.3008702642625519,0.0,0.3031729946644962,0.0,0.3002607382746368,0.3008702642625519,0.3031729946644962,0.3108033181087978,0.31808847582172806,0.3243385390338079,0.33779270300302294,0.33630198037343406,0.349504442445849,0.35907815893704487,0.36301698000830196,0.3999825899880457,0.39983109229905,0.42921202409593273,0.43849883915366344,0.4639442236459766,0.4932974211279545,0.4877384782808622,0.5239414076806028,0.5284256882786369,0.5685589241175925,1.6605390671738465,0.13182270515264827,0.4705609589244773,1.999909184941113,2.101976036326004e+18,5.81798002488733e+17,2.101976036326004,0.5817980024887331,0.31611034026403884,0.16119489607273685,0.3208043013301463,0.1815194215844082,0.5957266636518965,0.0,0.0,0.09829932714641305,0.17787117307428046,0.018526864588659177,5.305772419073267,50.78572089140381,14.05678773636908,13,0.0009999545924705565,20,0.18300580978393555,0.2728146854874618
S2,10,79,1,SINE,det,sample,0,1,0,1e-18,1.0,1.0626921156957616,7.07e-06,19102.853321520135,3.16e-11,5,1e-06,0.2799152260174047,0.0,0.28142322997755276,0.0,0.2794076402632399,0.2799152260174047,0.28142322997755276,0.28652533960889975,0.29158240586360656,0.31179785475132915,0.3236139929946569,0.33771938408124375,0.3494380932438524,0.3546575596410969,0.3624745459861218,0.36940882668362834,0.3783676802661509,0.4064849609681514,0.41904419703200246,0.5139430417262784,0.5475399647162941,0.6221988489663791,0.6678999473817072,0.6882881040356154,0.7355090143347641,1.6605390671738465,0.24808073281503587,0.6116946697332355,1.0626921156957616,7.344464866685199e+18,2.777348217129499e+18,7.3444648666852,2.7773482171294996,0.24911823550627765,0.11277012220412104,0.6173124266095028,0.25284464908755955,0.8688462814308684,0.33275,0.0,0.051473434727929764,0.2522143132616507,0.01833824208338506,2.806890349351756,177.4491889394436,67.10334891348913,25,0.0009660837415416014,11,0.12304997444152832,0.2728146854874618
S2,10,80,1,SINE,det,sample,0,1,0,1e-18,1.0,0.6762579695136146,7.07e-06,9247.274804485785,3.16e-11,5,1e-06,0.3030271973738979,0.0,0.31350457528212144,0.0,0.30413164058959624,0.3030271973738979,0.31350457528212144,0.3172803602075476,0.3287635210013837,0.3588570091819154,0.3659855186594602,0.3846857217888732,0.38905382423577534,0.3894843573738046,0.394577984025866,0.41449929657783996,0.4294754465412731,0.5283373247376236,0.5673527143553609,0.5931332081296743,0.6410463831016217,0.6108746874864615,0.6575644915338258,0.6706681221688275,0.71765930290772,1.6605390671738465,0.3898415260202828,0.7205010515573758,0.6762579695136146,4.830928241516346e+18,2.1232200147115098e+18,4.830928241516347,2.12322001471151,0.4734618870420273,0.25360038411794855,0.5793260292851592,0.235259304114014,0.8159192077410726,0.10785,0.0,0.021433510254429328,0.23513411769008175,0.019268197195133476,1.112377563783847,116.7197765721808,51.29899541892653,39,0.000966082813590878,7,0.10451102256774902,0.2728146854874618
S2,10,81,1,SINE,det,sample,0,1,0,1e-18,1.0,1.2865527470893405,7.07e-06,19108.412348494934,3.16e-11,2,1e-06,0.28948676976475207,0.0,0.29208451131126484,0.0,0.28901505052463694,0.28948676976475207,0.29208451131126484,0.292547168545441,0.2988013432359179,0.3119470727992413,0.3216036555164944,0.3547445840931132,0.36584108420810474,0.3677307056451525,0.37872571105448416,0.37284446654698783,0.3814016511034296,0.41073796934446816,0.4227993018831975,0.5315058163779974,0.5695258974239968,0.608124599983507,0.6545744145879622,0.6639993094165186,0.7108570291244749,1.6605390671738465,0.20491459787793548,0.5669927416417047,1.2865527470893405,6.570341533781067e+18,2.2889408585702886e+18,6.570341533781067,2.288940858570289,0.23632863112658203,0.10267316045039618,0.5810323367980037,0.2534057576282159,0.8517252742605842,0.1818,0.0,0.07029728992363596,0.2522261257370615,0.018663442029542916,3.766576916110131,158.74564006877745,55.30296709921763,20,0.0009896559592994928,13,0.10815310478210449,0.2728146854874618
S2,10,82,1,SINE,det,sample,0,1,0,1e-18,1.0,1.7227261826335318,7.07e-06,17927.647743696845,3.16e-11,3,1e-06,0.2867913347867833,0.0,0.28957356050091243,0.0,0.2863773139670507,0.2867913347867833,0.28957356050091243,0.289561238685825,0.2938067079057462,0.3003433072377542,0.30845187056738194,0.33816607458018344,0.3506160940464985,0.35974807340213166,0.37294080796466145,0.3651447208156581,0.3752465980798425,0.3897832280557153,0.3946703951050169,0.4528105355939063,0.47586476045350096,0.5520369367342275,0.594626277388536,0.6182371647674629,0.6647374939581127,1.6605390671738465,0.15303269984295992,0.501954220577663,1.7227261826335318,5.348763341508483e+18,1.604875390005654e+18,5.348763341508484,1.6048753900056543,0.22284186935492922,0.09143123945892552,0.5127185818533638,0.2454028689797019,0.8140162412899852,0.0304,0.0,0.10712934409552259,0.24250650615536853,0.01909376091099092,5.610698939560716,129.231160337497,38.775301056604945,15,0.0009570701014630733,18,0.1771869659423828,0.2728146854874618
S2,10,83,1,SINE,det,sample,0,1,0,1e-18,1.0,1.090277331074082,7.07e-06,13465.175115854827,3.16e-11,5,1e-06,0.2893011435299822,0.0,0.2914413933030071,0.0,0.2888382049605037,0.2893011435299822,0.2914413933030071,0.297915347442451,0.3069846083407574,0.31801994229018216,0.3299438248588382,0.3417769722349693,0.35235778274562846,0.366139431880879,0.37252783985452625,0.3779091685367358,0.38268166124733577,0.4215144605519067,0.43411006321868795,0.5256310039196036,0.5638240177653394,0.590976968095943,0.6370953814376366,0.6463024858833527,0.6937582115995214,1.6605390671738465,0.24180401747768898,0.6056256246536724,1.090277331074082,5.093329288383776e+18,1.9100277693931328e+18,5.093329288383776,1.9100277693931331,0.3151852493183369,0.15052490758508477,0.5515469429788381,0.24560409608679104,0.8159044275138616,0.0597,0.0,0.05160009670170208,0.24492934895597687,0.019089460577429423,2.703067302106581,123.05963302036089,46.14806996600117,24,0.0009911612100673474,11,0.12128901481628418,0.2728146854874618
S2,10,84,1,SINE,det,sample,0,1,0,1e-18,1.0,1.494453890694815,7.07e-06,11861.76390539376,3.16e-11,1,1e-06,0.3034680660348199,0.0,0.3065847847263304,0.0,0.30300124370554815,0.3034680660348199,0.3065847847263304,0.33084011564692256,0.34466661798034615,0.34673607345879215,0.3618328136039757,0.36065797329787713,0.36758674994166196,0.3771500339974543,0.37856041958605513,0.3992187405863141,0.4061899480395084,0.477839123888709,0.5079528818872773,0.5310221972767095,0.5736335239348289,0.5500107086525399,0.5943923673038289,0.5971415894907472,0.6404687826468435,1.6605390671738465,0.176407877459501,0.5330665564854615,1.494453890694815,3.78518142205309e+18,1.2314256133274038e+18,3.7851814220530904,1.231425613327404,0.29987141307197246,0.13983602559971184,0.46552102346198815,0.23084256863396108,0.752346580820667,0.0,0.0,0.08088071766865117,0.2290297309263541,0.019361491359367808,4.177401222221349,91.45354842375613,29.752402699262685,18,0.0009963025937965433,15,0.1333472728729248,0.2728146854874618
S2,10,85,1,SINE,det,sample,0,1,0,1e-18,1.0,1.9856719191271655,7.07e-06,14701.034732530074,3.16e-11,5,1e-06,0.2866415361346132,0.0,0.2901142623741639,0.0,0.2864078824537161,0.2866415361346132,0.2901142623741639,0.29029483106363224,0.2951926688706938,0.30312842184656297,0.3117362333703531,0.3247838408404985,0.33755970193738466,0.34904499631847064,0.3634102378460424,0.3590721794406761,0.3689702774129178,0.3889382935754527,0.39246340706991567,0.4361874407344578,0.45278001740900803,0.5144511342701121,0.5530572531214316,0.5810455341683228,0.6262594904001852,1.6605390671738465,0.13276787382602953,0.47203335978555094,1.9856719191271655,4.1393205343457797e+18,1.1430537568759726e+18,4.139320534345781,1.1430537568759727,0.23499544307199632,0.09799113788653449,0.44698742512518025,0.2297994983831081,0.7606933838501225,0.0,0.0,0.12386627638913683,0.22550816007300772,0.019220306817864918,6.444552501836518,100.00988294080516,27.617255409837774,13,0.0009928359595635827,20,0.22465896606445312,0.2728146854874618
S2,10,86,1,SINE,det,sample,0,1,0,1e-18,1.0,1.2836596456725555,7.07e-06,9586.096981935038,3.16e-11,3,1e-06,0.2947581659896119,0.0,0.29882965568837694,0.0,0.2945889109198787,0.2947581659896119,0.29882965568837694,0.30715896068327925,0.3156826690626273,0.33438341444197744,0.3473212588188402,0.35741733338929166,0.36705162824285903,0.37890560478008056,0.3788802432214017,0.39856705356423594,0.39875675408713335,0.4442277734259963,0.46365344753394616,0.5184390338993939,0.5591263429697273,0.5448988747795281,0.5888976804422597,0.5902703488653084,0.6356717193296572,1.6605390671738465,0.20537643269173456,0.5675106895755084,1.2836596456725555,3.308153445568413e+18,1.1610894627815101e+18,3.3081534455684136,1.1610894627815103,0.3604768386677843,0.18082519749222992,0.4561910252736072,0.22552403320349165,0.7295326180211805,0.0,0.0,0.06110617414018225,0.22445256639180935,0.019465035299272716,3.1392788762353487,79.9281031986591,28.05301505236874,21,0.0009874304966711967,13,0.15493416786193848,0.2728146854874618
S2,10,87,1,SINE,det,sample,0,1,0,1e-18,1.0,1.2198922232049239,7.07e-06,16171.250665487232,3.16e-11,1,1e-06,0.2943775147567028,0.0,0.2956495358708022,0.0,0.29366031341166565,0.2943775147567028,0.2956495358708022,0.31385478458262556,0.32239133733680136,0.35228974898754656,0.3662259698477354,0.3644716807679615,0.3744455431575102,0.3722099262815877,0.3777205363601482,0.3910519481808862,0.40115614100616004,0.49928160778157477,0.5326066530883927,0.5758084766139177,0.6214431583391619,0.6047910590175876,0.6518219492775912,0.6548571755901555,0.700303313179405,1.6605390671738465,0.21611207433222476,0.5792918480041229,1.2198922232049239,5.738424738734824e+18,2.051710036477445e+18,5.7384247387348255,2.0517100364774454,0.26861809900777206,0.1216522526413824,0.5628411906922198,0.24947200738193878,0.8327400639989926,0.114,0.0,0.06343209023723918,0.24848283742175237,0.018909920441484453,3.354434537867346,138.64574671702613,49.57124698945666,22,0.0009383786332345568,13,0.18759608268737793,0.2728146854874618
S2,10,88,1,SINE,det,sample,0,1,0,1e-18,1.0,1.5830744326815387,7.07e-06,10297.68349192221,3.16e-11,5,1e-06,0.29133770487048627,0.0,0.2949768750052356,0.0,0.2911229009336089,0.29133770487048627,0.2949768750052356,0.2996675986416357,0.30589368970809383,0.3157778751966193,0.32628658745856803,0.3369489680801103,0.35024148498615404,0.35641893183265055,0.3652604061927322,0.37907413334868145,0.3802202961758982,0.41804937837730854,0.4250656328157667,0.4768260163309202,0.5079592734314672,0.525534334546688,0.5672348949380442,0.57455362403915,0.6194776908831645,1.6605390671738465,0.16653256055181306,0.520323049276654,1.5830744326815387,3.197361853626507e+18,1.0105224399926668e+18,3.197361853626507,1.0105224399926669,0.3141881060778156,0.15049506325085443,0.4270800057397877,0.2196692793746952,0.7133344492080939,0.0,0.0,0.08395750347896877,0.21757956260032182,0.019335355699128864,4.342175276493693,77.25127398260837,24.41517396252965,17,0.0009894215204259618,16,0.16996192932128906,0.2728146854874618
S2,10,89,1,SINE,det,sample,0,1,0,1e-18,1.0,0.5174642859912394,7.07e-06,3026.2849833485357,3.16e-11,3,1e-06,0.373901177437621,0.0,0.3838761113585163,0.0,0.37477201112930564,0.373901177437621,0.3838761113585163,0.38115791581280467,0.388869906759771,0.3873975459010319,0.39017046393462984,0.40797249871221763,0.4131810140513647,0.4636791182256327,0.4935012188059293,0.5054200915025131,0.5457932914267046,0.5119875847493536,0.5535657814632781,0.5162634494716353,0.5570771214117646,0.5405681337540034,0.5805956463349445,0.6078927271682023,0.6511260291005577,1.6605390671738465,0.5094717567098509,0.7836495596730578,0.5174642859912394,1.9435937508041992e+18,9.280942477803676e+17,1.9435937508041994,0.9280942477803678,1.0022852974248913,0.6565106058102625,0.4251231407741585,0.18921194829220006,0.642439136694755,0.0,0.0,0.009846968041229132,0.18917787266811376,0.02021595754632031,0.48708887613495544,46.95905569273097,22.423631199466694,51,0.0008624404766520657,6,0.07094097137451172,0.2728146854874618
S2,10,90,1,SINE,det,sample,0,1,0,1e-18,1.0,1.5976930805853968,7.07e-06,5869.229023310471,3.16e-11,1,1e-06,0.3273532209279642,0.0,0.3420467542133456,0.0,0.3288810865634559,0.3273532209279642,0.3420467542133456,0.33262949521820584,0.3437688011759387,0.37438838701373073,0.37520303998829907,0.4059688724035593,0.4032405329331833,0.41545116622421574,0.41594163936866413,0.4413100290462915,0.46074351549296005,0.4764051188176726,0.5099049147101485,0.4841642682650469,0.5202685292518958,0.48868685656519634,0.5247669762148569,0.5368011441214863,0.5719058285469513,1.6605390671738465,0.16500881303308254,0.5183063482665496,1.5976930805853968,1.8154235661221143e+18,5.752361966868722e+17,1.8154235661221145,0.5752361966868723,0.39733878822441604,0.22231199919268282,0.3208739082537594,0.17766288441704303,0.5720284929422772,0.0,0.0,0.06731775933767706,0.17592413904734452,0.01865011304941004,3.6095094522661095,43.86234330716003,13.898248327623309,17,0.000998558175365873,16,0.15236306190490723,0.2728146854874618
S2,10,91,1,SINE,det,sample,0,1,0,1e-18,1.0,1.9988025648045453,7.07e-06,17243.4977614976,3.16e-11,1,1e-06,0.2916398966087709,0.0,0.2922125684490979,0.0,0.29075708933810257,0.2916398966087709,0.2922125684490979,0.2947959607125936,0.29744253147248695,0.3255513969262866,0.3368130359119959,0.3532863545349864,0.36736610799394726,0.360526056667249,0.37150359738634975,0.37156601472233475,0.37841293950216565,0.4243098559193845,0.43748665314793395,0.49085767159597626,0.524407939847221,0.5493857435993994,0.5930363309305168,0.6030964134045187,0.6468052670931571,1.6605390671738465,0.13189568767856022,0.4706749145565504,1.9988025648045453,4.844431514556138e+18,1.331303412770987e+18,4.844431514556139,1.331303412770987,0.21460078314858289,0.08560277195336655,0.47540581018277894,0.23815834921513973,0.7920321726568513,0.0,0.0,0.1289908775828622,0.23374786995541197,0.019175640281225568,6.7268094150240305,117.04602836757137,32.165544408839594,13,0.0009994012824022726,20,0.19572091102600098,0.2728146854874618
S2,10,92,1,SINE,det,sample,0,1,0,1e-18,1.0,1.026688449072822,7.07e-06,19970.074731347657,3.16e-11,1,1e-06,0.2927081223662039,0.0,0.29631770601281954,0.0,0.29249373154236064,0.2927081223662039,0.29631770601281954,0.30538973568823363,0.3121247437277167,0.35245370950310767,0.3639538175322224,0.3691338923398488,0.37980936195441406,0.3725587403883006,0.38169346606227783,0.3957167188709442,0.4103920892149224,0.5337215753542267,0.571111303080745,0.6177804064786014,0.6650501829105321,0.6491389018594061,0.696494765783499,0.7011076439692644,0.7464458491934718,1.6605390671738465,0.25678036901715073,0.6198884511837199,1.026688449072822,7.844152398688338e+18,3.0056910132420224e+18,7.844152398688339,3.0056910132420227,0.24315537711132965,0.11012986491060256,0.6310186395971249,0.25266292192684486,0.8771353196294076,0.37765,0.0,0.048656804452288996,0.2521013943413833,0.018160911374885493,2.679204994060811,189.5221103689294,72.62032594392316,26,0.0009333531355207473,11,0.1499171257019043,0.2728146854874618
S2,10,93,1,SINE,det,sample,0,1,0,1e-18,1.0,1.3667629998390078,7.07e-06,18834.629799854996,3.16e-11,5,1e-06,0.27823509306654837,0.0,0.2792945678516408,0.0,0.27762811833595546,0.27823509306654837,0.2792945678516408,0.2866851370022725,0.2906130376310715,0.3025910652135204,0.3129433129886637,0.3271785636242243,0.3396147669004503,0.34834366996756194,0.35869468150639644,0.36613864470064655,0.37612689883273637,0.39046179258567926,0.39894074712972344,0.46022868933589783,0.48416138218817095,0.5763316082860861,0.619629964651883,0.6517092664146296,0.6989863252503892,1.6605390671738465,0.19288891991487847,0.5531646164653932,1.3667629998390078,6.27495583358055e+18,2.1254585559130345e+18,6.274955833580551,2.125458555913035,0.23409548751423967,0.10057184690726993,0.5671532309701763,0.2523738704640315,0.8441951751427715,0.13955,0.0,0.07708096775706544,0.250944756146884,0.01878132186979961,4.10412900068614,151.60884332778517,51.35308068284003,19,0.0009762592855992913,14,0.1839301586151123,0.2728146854874618
S2,10,94,1,SINE,det,sample,0,1,0,1e-18,1.0,0.8541042298211554,7.07e-06,17553.987759482996,3.16e-11,3,1e-06,0.288991107589426,0.0,0.2932484218269719,0.0,0.2889509340868156,0.288991107589426,0.2932484218269719,0.30414516866648816,0.3147491184910142,0.33056263321435664,0.34262097468042746,0.3546206955609919,0.36152346610892444,0.37023201173411735,0.3764879764454027,0.38245081423316923,0.39137622605133376,0.4612052172217077,0.4850418223289619,0.6043171783377659,0.6494312104371346,0.654035711744055,0.7011449263242722,0.7091146959425482,0.7557209167783502,1.6605390671738465,0.3086665884721924,0.6640954546292275,0.8541042298211554,7.768300873637776e+18,3.1760545942107827e+18,7.768300873637777,3.176054594210783,0.2803644597777331,0.13352841185323971,0.6435504922681673,0.24777616877603448,0.8775917409145767,0.40835,0.0,0.03526881574256557,0.24747111865622398,0.018129894051130694,1.945340421907539,187.68946607906474,76.7364705257911,31,0.0009490046998012838,9,0.09187984466552734,0.2728146854874618
S2,10,95,1,SINE,det,sample,0,1,0,1e-18,1.0,1.988121426167109,7.07e-06,17755.717272366695,3.16e-11,4,1e-06,0.28313837348837106,0.0,0.2865142271465994,0.0,0.2828742382437516,0.28313837348837106,0.2865142271465994,0.288280495807825,0.29218144690049125,0.29755639354961216,0.30495326813795337,0.32499976177276124,0.33683192313916094,0.3537600400013153,0.36778134872522683,0.3615449831755179,0.3733528426294758,0.3825087608828074,0.3873458892413615,0.4291578097390958,0.44406927713161454,0.521944604004567,0.5607010718684361,0.5981326684063096,0.643938750116697,1.6605390671738465,0.1326042943598386,0.47177905790767466,1.988121426167109,4.997331061751668e+18,1.3773972539846295e+18,4.997331061751669,1.3773972539846298,0.21157060964892221,0.08386853772522804,0.4818223898070498,0.23982103600846919,0.7980309072914556,0.0,0.0,0.1288164475023898,0.23546997825055413,0.019158750307577934,6.723635176321419,120.74022544408355,33.279215028405915,13,0.0009940607130835544,20,0.20052099227905273,0.2728146854874618
S2,10,96,1,SINE,det,sample,0,1,0,1e-18,1.0,0.6082731803867111,7.07e-06,19999.327748569514,3.16e-11,4,1e-06,0.28559549284954705,0.0,0.2926664728008542,0.0,0.2862777799204255,0.28559549284954705,0.2926664728008542,0.312737930892066,0.3234551142858217,0.34593750368570747,0.35587502476551963,0.36281102863777076,0.368693455186094,0.3690973942807957,0.37572781279266554,0.4032239368347872,0.4197772238653925,0.5407970423963763,0.5756455607180009,0.6680407701486581,0.7151452167946456,0.7070573301021956,0.7519439389527987,0.770842970922221,0.8148651358125535,1.6605390671738465,0.43341289295536567,0.7458303692292769,0.6082731803867111,1.1310804218143523e+19,5.072472344739243e+18,11.310804218143524,5.072472344739244,0.270729627770245,0.13354108703259665,0.7244050940159278,0.22557105312593576,0.9156863491597073,0.5703,0.17585,0.019518749978470973,0.22546346912749418,0.016936864244455827,1.1524417800573863,273.2796835705027,122.55570961672858,43,0.0008689616862667301,7,0.07874512672424316,0.2728146854874618
S2,10,97,1,SINE,det,sample,0,1,0,1e-18,1.0,0.7755706171610899,7.07e-06,6231.25467983637,3.16e-11,4,1e-06,0.306652697882207,0.0,0.3150274330434844,0.0,0.30735229444162593,0.306652697882207,0.3150274330434844,0.3474175465159908,0.3593075850580915,0.3747319968296133,0.38417553134318183,0.38387119125383107,0.38906017968310375,0.3986160878688562,0.3995102282260522,0.44068536513528384,0.45974633546478255,0.5200175036038319,0.5609891946126476,0.5434716667374581,0.5885456264039507,0.5553335875560493,0.5995203095594797,0.6105521854251713,0.6563508465256248,1.6605390671738465,0.3399219013525463,0.6874254087538911,0.7755706171610899,2.947749172015157e+18,1.2539631328607788e+18,2.9477491720151576,1.253963132860779,0.5720471740862196,0.3266097171997786,0.47733891615281865,0.22018938907950175,0.7225577070950672,0.0,0.0,0.023841448102133803,0.22001816623661186,0.019800392515984484,1.2040896705904718,71.22039648439186,30.296930399305896,34,0.0009694632714513623,8,0.09531092643737793,0.2728146854874618
S2,10,98,1,SINE,det,sample,0,1,0,1e-18,1.0,1.8056095673036872,7.07e-06,13750.11344793305,3.16e-11,4,1e-06,0.28914597668344927,0.0,0.2928429711483201,0.0,0.2889445816916597,0.28914597668344927,0.2928429711483201,0.29220942159204777,0.29756934845966165,0.30706648816187065,0.3166114346803669,0.3363396530693718,0.3505190611343481,0.3533025360036358,0.3666411051200003,0.3637576571086883,0.3702909996744459,0.39877647600868354,0.4023175790641929,0.4543922065249622,0.47802096636533925,0.5297626366834695,0.5710810968438192,0.5867467732544573,0.6322950870081196,1.6605390671738465,0.14600799840258305,0.4919222661611579,1.8056095673036872,4.0299745270431585e+18,1.1807432190505132e+18,4.029974527043159,1.1807432190505134,0.2539636861596416,0.11010584318073609,0.4548180004628044,0.23056746755136767,0.758629162512375,0.0,0.0,0.10810573645040435,0.22732347751697948,0.0192728325054469,5.6092292827144865,97.36798041123747,28.52786831572462,15,0.0009503208248966775,19,0.2495720386505127,0.2728146854874618
S2,10,99,1,SINE,det,sample,0,1,0,1e-18,1.0,1.6695108396745688,7.07e-06,4464.360163019215,3.16e-11,3,1e-06,0.32006157613654274,0.0,0.3319201134890002,0.0,0.321070476175508,0.32006157613654274,0.3319201134890002,0.32756370916133437,0.3407594977232915,0.3487482612870292,0.35452239454714274,0.40189129121465367,0.4004537257278257,0.4201527222374889,0.4198551512652299,0.4322567050403221,0.4416656510614978,0.45411376952037724,0.48036082349608206,0.4663464870524086,0.49771557320866167,0.4740354604343385,0.5064422082050684,0.5132118576446351,0.5486839766839614,1.6605390671738465,0.1579105882714451,0.5087246268234208,1.6695108396745688,1.3525739618105567e+18,4.203857633971519e+17,1.3525739618105568,0.42038576339715195,0.42170082062849756,0.25460531815655923,0.2654115089024718,0.15178392222623804,0.4905120143788603,0.0,0.0,0.06121171464179352,0.1500691756744128,0.017814207600802483,3.436117733299352,32.67946090839143,10.15691600553351,16,0.00098206519980857,17,0.189605712890625,0.2728146854874618
S2,10,100,1,SINE,det,sample,0,1,0,1e-18,1.0,1.5438930371317763,7.07e-06,14589.97484439667,3.16e-11,1,1e-06,0.29623094318901194,0.0,0.29643413733329077,0.0,0.2952601647747421,0.29623094318901194,0.29643413733329077,0.31208010224385213,0.32047100883516627,0.34595232230528233,0.3609420252389112,0.3574090548854368,0.36903927674992437,0.36823681051985024,0.3738753122484449,0.38565011020755197,0.39184929805574453,0.4622494655044873,0.48753839684211564,0.5328804815134158,0.5744912165219889,0.5657178202536791,0.6110489875591824,0.6146282466186329,0.6589644035799535,1.6605390671738465,0.17075887543889703,0.5258450206940197,1.5438930371317763,4.57814435305715e+18,1.4610310514079818e+18,4.578144353057151,1.461031051407982,0.26318776624122037,0.11611626090589854,0.49718947704475114,0.24003772508454463,0.7888334403211239,0.0,0.0,0.08888279994879622,0.2379705982765403,0.019237687403012287,4.620243488044136,110.61227972955675,35.299886348928915,17,0.0009649331482073602,16,0.15288710594177246,0.2728146854874618
