set,search_seed,eval_index,is_finite,task,mode,node,N_R,R,seed,k_on,k_off,T,distance,N_max,D,L,lam_best,objective,opt_sd,held,held_sd,train,opt_lam_1e-06,held_lam_1e-06,opt_lam_1e-05,held_lam_1e-05,opt_lam_1e-04,held_lam_1e-04,opt_lam_1e-03,held_lam_1e-03,opt_lam_1e-02,held_lam_1e-02,opt_lam_1e-01,held_lam_1e-01,opt_lam_1e+00,held_lam_1e+00,opt_lam_1e+01,held_lam_1e+01,opt_lam_1e+02,held_lam_1e+02,opt_lam_1e+03,held_lam_1e+03,KD_nM,tau_D_over_T,phi_ISI,koff_T,c_peak,c_mean,c_peak_over_KD,c_mean_over_KD,tauR_mean_over_T,tauR_peak_over_T,occ_mean,occ_std,occ_max,occ_frac_above_0p8,occ_frac_above_0p9,contrast_within,contrast_between,binomial_sd_mean,snr_within,shell_molecules_peak,shell_molecules_mean,history_symbols,dt,n_sub,seconds,running_min
S2,4,1,1,SINE,det,sample,0,1,0,1e-18,1.0,0.6866743958883772,7.07e-06,9915.581161638804,3.16e-11,2,1e-06,0.31165621587849746,0.0,0.32208969388309483,0.0,0.31266823402454064,0.31165621587849746,0.32208969388309483,0.34245868684762065,0.35172917430527817,0.3780184378035654,0.38236358611635474,0.39035625584492845,0.3893900797562607,0.39735156320432397,0.397262262720279,0.45386022487353345,0.4761594872424827,0.5725819107370449,0.6177303964753388,0.6049896311855507,0.6538505410668193,0.6181387575004033,0.6650801562048638,0.674837560196857,0.7212161354434793,1.6605390671738465,0.3839278709052384,0.7168239119122113,0.6866743958883772,5.118912260381892e+18,2.238619488361937e+18,5.118912260381892,2.238619488361937,0.4496651405269047,0.23799888368664937,0.5883818968140672,0.23709220121135718,0.8245993414830716,0.1711,0.0,0.022350637812640947,0.2369578443251663,0.01914197864155965,1.1676242164493327,123.6777417204676,54.08715539722447,38,0.0009809634226976816,7,0.25156188011169434,0.31165621587849746
S2,4,2,1,SINE,det,sample,0,1,0,1e-18,1.0,1.6136870755693031,7.07e-06,2148.312734035619,3.16e-11,5,1e-06,0.3257681078256428,0.0,0.33689158051899776,0.0,0.3267199555896036,0.3257681078256428,0.33689158051899776,0.3517912136193412,0.35806220045958803,0.41129985040058636,0.4132013583617328,0.4294413496380596,0.43207322004542525,0.43397944853923986,0.44200661542327635,0.4402889397681836,0.4584045806845974,0.44420129753008436,0.46608460850341765,0.44656254051781136,0.4691559416539034,0.4585835304144402,0.4827842366205919,0.5038331156995349,0.5328078163968516,1.6605390671738465,0.16337333477468455,0.5161262218454695,1.6136870755693031,6.598979542345668e+17,2.1366161474281488e+17,0.6598979542345669,0.21366161474281492,0.5106026482059797,0.37333550109674674,0.1650946372914239,0.09591412023280785,0.31457230659864677,0.0,0.0,0.03653632682153795,0.0949297411241898,0.015331111693185132,2.3831492166206574,15.943756132987307,5.162265860319412,16,0.0009492276915113548,17,0.27978014945983887,0.31165621587849746
S2,4,3,1,SINE,det,sample,0,1,0,1e-18,1.0,1.4958108099666894,7.07e-06,12679.733578853184,3.16e-11,4,1e-06,0.2909286763692167,0.0,0.2947245270799673,0.0,0.2907438304489165,0.2909286763692167,0.2947245270799673,0.29519874039963867,0.3018814091866616,0.3120946572722061,0.32278538400983126,0.339161593642897,0.3523345998663129,0.3585098481484483,0.36862152300820894,0.37255188724157623,0.3758763264449063,0.41001201218736527,0.4164232704548563,0.4824548777474292,0.5139000720303478,0.5481592094192026,0.5917685572033078,0.6006017896267538,0.6468635081514477,1.6605390671738465,0.1762478497026214,0.5328644230175412,1.4958108099666894,4.0445943848002156e+18,1.3145325865821873e+18,4.044594384800216,1.3145325865821875,0.28884179343096344,0.13252477647700547,0.4778816805388697,0.23435253048639268,0.7658175342264347,0.0,0.0,0.08235181976309809,0.23251352848713863,0.01933213178721751,4.259841628927312,97.72120994510965,31.760345451656747,18,0.0009972072066444595,15,0.14979290962219238,0.2909286763692167
S2,4,4,1,SINE,det,sample,0,1,0,1e-18,1.0,1.3569935798633046,7.07e-06,4488.631753411299,3.16e-11,3,1e-06,0.32096676093944887,0.0,0.33265863314048394,0.0,0.3219500203977082,0.32096676093944887,0.33265863314048394,0.3342829202895065,0.34794818826631424,0.35948599370302353,0.36440766841351974,0.4068421279157875,0.4046108587282536,0.4210927067360127,0.42078176174434323,0.4355352583276425,0.44859725799782074,0.4646536390268813,0.49499806953791503,0.4764799700918098,0.5108081605374665,0.485287479978502,0.520334417569572,0.5266552913577556,0.5646960378814192,1.6605390671738465,0.194277587404004,0.5547958941973075,1.3569935798633046,1.5005278975741473e+18,5.184966675869193e+17,1.5005278975741476,0.5184966675869194,0.4852978461928663,0.29470703484088,0.30323982322559373,0.16700331910926508,0.532746481562693,0.0,0.0,0.04764610634819526,0.1660688623927726,0.01851134590229657,2.5738866638694353,36.254167354430585,12.527367861537453,19,0.000969281128473789,14,0.23021292686462402,0.2909286763692167
S2,4,5,1,SINE,det,sample,0,1,0,1e-18,1.0,1.157104739083703,7.07e-06,2435.245889122931,3.16e-11,1,1e-06,0.41265176432846484,0.0,0.41326510339527256,0.0,0.41183796565927666,0.41265176432846484,0.41326510339527256,0.4291267716571611,0.42919409755531723,0.43095800898521586,0.4317140828977264,0.43216834919741587,0.43901836451480175,0.4454046629818805,0.4674021180557457,0.4551741624027159,0.48287752028287967,0.4597169846744714,0.4879848902493569,0.4629081228921,0.49119956042754886,0.46861569349874266,0.497054207153178,0.5360808221399547,0.5623519264655581,1.6605390671738465,0.22783887224187976,0.5916215863225489,1.157104739083703,8.903094890649934e+17,3.3680504277878016e+17,0.8903094890649935,0.3368050427787802,0.6464861906839479,0.45718756891000895,0.231204211241139,0.12780162128229103,0.4093356888622838,0.0,0.0,0.02684147414087764,0.12740557985293438,0.017327912887088934,1.549030995006749,21.51071583939338,8.137527070611943,23,0.0009642539492364192,12,0.09850335121154785,0.2909286763692167
S2,4,6,1,SINE,det,sample,0,1,0,1e-18,1.0,1.884715828821841,7.07e-06,6933.002183408696,3.16e-11,1,1e-06,0.32507174359130925,0.0,0.33914298017715444,0.0,0.3264841049160691,0.32507174359130925,0.33914298017715444,0.32971520239130314,0.34425519475395494,0.3446168207306561,0.35200900196545104,0.3845619079816921,0.38407278432944036,0.402986679168243,0.4018980332445609,0.4279724716156154,0.4398472109167211,0.4668976209883429,0.4965975478124157,0.48200311998102446,0.5175883202028644,0.4879576804211669,0.5241006663673989,0.5347019573656189,0.5697611824716764,1.6605390671738465,0.13987967564498352,0.482882782234807,1.884715828821841,1.994335860354653e+18,5.732351468577494e+17,1.9943358603546533,0.5732351468577495,0.3372566189252612,0.17719587619699695,0.3187476843471876,0.17951777449104736,0.5856944790782102,0.0,0.0,0.08878028285206536,0.1765144087700379,0.01853541225703444,4.789765753301335,48.185032853524206,13.849901078960452,14,0.0009919556993799163,19,0.3429441452026367,0.2909286763692167
S2,4,7,1,SINE,det,sample,0,1,0,1e-18,1.0,0.6189992642653241,7.07e-06,11310.279231906492,3.16e-11,4,1e-06,0.3039108051487735,0.0,0.31424500637451047,0.0,0.3050063962819198,0.3039108051487735,0.31424500637451047,0.3256034714538539,0.3369551804321435,0.36425260886423133,0.3698923598665453,0.38497719036829714,0.38748374930734775,0.3891178876381114,0.3933999303282775,0.4247741817677416,0.44184868300585994,0.5616639373021908,0.6033467436985971,0.6244545673830607,0.6733515370249953,0.6436543938048073,0.6903552894260335,0.7062060442304742,0.7526293177739591,1.6605390671738465,0.4259026690951981,0.741674372123989,0.6189992642653241,6.317583691312724e+18,2.8336213638166313e+18,6.317583691312724,2.833621363816632,0.4214059376651357,0.22077107329706974,0.6326113002656301,0.23437740655054812,0.8552680311384115,0.35575,0.0,0.01924361968371129,0.23427671092396946,0.018698212624953973,1.0291689408873999,152.63877252182516,68.46296114119508,43,0.0008842846632361774,7,0.0865640640258789,0.2909286763692167
S2,4,8,1,SINE,det,sample,0,1,0,1e-18,1.0,0.8757954476753649,7.07e-06,17695.033707696304,3.16e-11,2,1e-06,0.29451992495813567,0.0,0.3002113719679438,0.0,0.2946610887376764,0.29451992495813567,0.3002113719679438,0.30771942093185845,0.31876749254209263,0.33286659885728587,0.3436322746549401,0.3635225912634524,0.37103363045131965,0.37319002354138375,0.3810100469845213,0.3859638369769184,0.39509007043789546,0.48560568893137585,0.5145644881542515,0.6176408026605376,0.6644617019388691,0.6536385894399773,0.7009670673984862,0.7066327836156242,0.752952868470354,1.6605390671738465,0.30102170491789043,0.6580388313572443,0.8757954476753649,7.695996097325614e+18,3.1202396411208105e+18,7.695996097325615,3.120239641120811,0.2771244475762175,0.13130400722907348,0.6400544415613706,0.24869622660939628,0.8763036965579676,0.3998,0.0,0.03687531407296873,0.24836455744524308,0.018156877982674024,2.0309281203605893,185.94251457940678,75.38792868696564,30,0.0009731060529726276,9,0.08203697204589844,0.2909286763692167
S2,4,9,1,SINE,det,sample,0,1,0,1e-18,1.0,1.831295720164704,7.07e-06,18661.80892812605,3.16e-11,3,1e-06,0.28526139157571595,0.0,0.28822524367840535,0.0,0.2848859046958947,0.28526139157571595,0.28822524367840535,0.2886390148144204,0.292477699966959,0.2977846947161575,0.30494543271745317,0.3345923617638503,0.3465540699454655,0.35903080379016516,0.37242569722122837,0.3645061867914468,0.37553606983503024,0.38643429680208635,0.39124202620560944,0.4425702563308069,0.4626545570188342,0.5438430043253283,0.5853634302700227,0.614417469886086,0.6607190057338371,1.6605390671738465,0.14396005839780734,0.48893218580217357,1.831295720164704,5.424083191385727e+18,1.5702220804844342e+18,5.424083191385727,1.5702220804844345,0.2124569141901033,0.08500223856615412,0.5075742275266139,0.24509594330308154,0.8149423262026813,0.03025,0.0,0.11689791879274054,0.24163842833782928,0.019089110502439794,6.123801251912693,131.0509588543888,37.93804445857818,14,0.0009638398527182652,19,0.25156497955322266,0.28526139157571595
S2,4,10,1,SINE,det,sample,0,1,0,1e-18,1.0,1.023220734885402,7.07e-06,15287.170071515673,3.16e-11,5,1e-06,0.28553842723968353,0.0,0.2864159476393053,0.0,0.2848729620556635,0.28553842723968353,0.2864159476393053,0.29612177175556764,0.30455586380760846,0.31764751731690205,0.3300047526773352,0.34189409327885867,0.3525106031341909,0.36382525710208735,0.369848559662364,0.37593647407566533,0.3823961890327324,0.4201537798952991,0.43373154187324725,0.5351846409394933,0.5735373311697332,0.6110033116308721,0.6574574861339849,0.6690472686202171,0.7165282711778947,1.6605390671738465,0.25765060248519267,0.6206945667096581,1.023220734885402,6.016315976917278e+18,2.311576013709115e+18,6.016315976917278,2.3115760137091153,0.29511816339405633,0.13929051005126455,0.5866210446204914,0.24911297197058077,0.8425957565970904,0.1917,0.0,0.047344589890726575,0.24856054659955718,0.01877820688866285,2.521251905010717,145.35986077760708,55.84985376745164,26,0.0009302006680776383,11,0.17804193496704102,0.28526139157571595
S2,4,11,1,SINE,det,sample,0,1,0,1e-18,1.0,1.167593932327501,7.07e-06,20000.0,3.16e-11,5,1e-06,0.27816424318191496,0.0,0.280008973555512,0.0,0.2777276903887755,0.27816424318191496,0.280008973555512,0.28439277909991306,0.2884964740876929,0.30607616680388783,0.31698994539001174,0.3335239158493009,0.3456437744959685,0.3509031839540574,0.3598650531464636,0.36723132835511685,0.3768677174242754,0.3978995254693142,0.4091407803657025,0.4878459339749511,0.5170690974016956,0.6082521367600812,0.6530368108741537,0.6803097292233669,0.7275529611402585,1.6605390671738465,0.2257920596529944,0.5895083057550097,1.167593932327501,7.276317481145272e+18,2.648148180386376e+18,7.2763174811452735,2.6481481803863764,0.23476627028901587,0.10348348087444956,0.6077800568177508,0.2540628118855287,0.8666660521833809,0.28765,0.0,0.0602117418636594,0.25320651747429085,0.01840454349889541,3.271569428889836,175.8026839166942,63.98175433210461,23,0.0009729949436062509,12,0.12977004051208496,0.27816424318191496
S2,4,12,1,SINE,det,sample,0,1,0,1e-18,1.0,1.1329305277964963,7.07e-06,20000.0,3.16e-11,4,1e-06,0.28007628148874175,0.0,0.2818093464596619,0.0,0.2795981413863079,0.28007628148874175,0.2818093464596619,0.2885176742242914,0.2938558648723292,0.3096384428719019,0.3209521014893778,0.3354270093786765,0.34696586008759617,0.35689674387177067,0.3653970394242187,0.370885701071331,0.381341049415788,0.40272985054097954,0.4141502787957473,0.5080864740866909,0.5410037206574838,0.619273659849859,0.6649626326835713,0.684611354294923,0.7318209308636104,1.6605390671738465,0.2327004457469442,0.5965775912038539,1.1329305277964963,7.393207390881004e+18,2.722700192548256e+18,7.393207390881004,2.722700192548256,0.2371038788912525,0.10516440432073654,0.6127534815952572,0.2541784498920871,0.8689770871087542,0.31465,0.0,0.05742274099587129,0.25340030408964465,0.018345063160127975,3.130146813594874,178.62685423465663,65.78300116656592,23,0.0009441087731637469,12,0.1143181324005127,0.27816424318191496
S2,4,13,1,SINE,det,sample,0,1,0,1e-18,1.0,1.3057154560725248,7.07e-06,19806.162683153503,3.16e-11,5,1e-06,0.2770713191081525,0.0,0.27868509277638137,0.0,0.27658856512078456,0.2770713191081525,0.27868509277638137,0.28482619891800737,0.2884858298982635,0.3022983684570439,0.3125317777565043,0.3287708900386544,0.3411610841667318,0.34821138616590575,0.358161934957104,0.3662120598745306,0.3762659007420714,0.3914538160140377,0.4010254415388708,0.46481070933942475,0.4896649471730963,0.5865057554300044,0.6301223654915861,0.6632446942144453,0.7105232842705196,1.6605390671738465,0.2019072666961845,0.5635968096925396,1.3057154560725248,6.761451391880172e+18,2.3400291065267717e+18,6.761451391880172,2.340029106526772,0.22929849462583568,0.09867531309083379,0.5846817002241984,0.2540005633454012,0.8555160193225221,0.19455,0.0,0.07205207155809,0.2527680035399279,0.018615132462151233,3.87061825665695,163.363034247058,56.53730728992873,20,0.0009326538971946606,14,0.12547612190246582,0.2770713191081525
S2,4,14,1,SINE,det,sample,0,1,0,1e-18,1.0,1.9958055557918788,7.07e-06,6352.419298077553,3.16e-11,5,1e-06,0.30728165432036203,0.0,0.3108906461860581,0.0,0.3068518042921319,0.30728165432036203,0.3108906461860581,0.31499431793455396,0.3243567242664487,0.3267755270669689,0.34059941743673205,0.3382826701018812,0.34884086286874877,0.37584572624483625,0.3764601338453194,0.41309299902627244,0.41389137346440774,0.4349210151944756,0.44791212367341937,0.4638494726508661,0.4938589320435762,0.4800242823567461,0.5144883543074225,0.519099643704589,0.5575257134786313,1.6605390671738465,0.13209374934020723,0.4709839483747424,1.9958055557918788,1.785578306887337e+18,4.9597836674352294e+17,1.7855783068873372,0.495978366743523,0.3349318586303134,0.1798731752057738,0.2924405687656322,0.16822071624119997,0.5519147699770455,0.0,0.0,0.0904992336633776,0.16484734368794393,0.018157054905595722,4.984246296214434,43.14125373276209,11.983304503146234,13,0.0009979027778959395,20,0.24357891082763672,0.2770713191081525
S2,4,15,1,SINE,det,sample,0,1,0,1e-18,1.0,1.2785837583917379,7.07e-06,20000.0,3.16e-11,1,1e-06,0.29068239474957075,0.0,0.2940441016275952,0.0,0.29039568759382006,0.29068239474957075,0.2940441016275952,0.2957514524083976,0.30108199086988047,0.3379629658962814,0.34894233042999556,0.3642056646758381,0.3759713651119988,0.36944713378206234,0.37884631646226724,0.3821513805650186,0.39231159129165777,0.4786699887352839,0.5072598804997059,0.5731772704395223,0.616995368456432,0.620405747247637,0.6674490595126811,0.6731049297265894,0.718688805451774,1.6605390671738465,0.20619176263444472,0.5684227889552151,1.2785837583917379,6.915348099541164e+18,2.418239859989963e+18,6.915348099541165,2.418239859989963,0.22880646027913945,0.09880997688461762,0.5908230132096419,0.2541246662219065,0.8588985298557292,0.21615,0.0,0.06962950586881829,0.25297627583272325,0.018562975191821686,3.75098846759732,167.0813236596424,58.42695276040258,21,0.0009835259679936445,13,0.13027381896972656,0.2770713191081525
S2,4,16,1,SINE,det,sample,0,1,0,1e-18,1.0,1.9318955629085661,7.07e-06,13692.699098059145,3.16e-11,1,1e-06,0.2977057309471024,0.0,0.29721246101237486,0.0,0.29656989033349973,0.2977057309471024,0.29721246101237486,0.30958005486295626,0.31711207947717496,0.3404180342374,0.3556952932773362,0.3513243767105266,0.36451975274621123,0.3623348847384164,0.3694541315158485,0.38175109723581124,0.3862308234381813,0.4407689400516657,0.4588921535614008,0.5009703305715407,0.5379573925528338,0.5359641231032696,0.5789067474935041,0.5843415375481343,0.6267904170747529,1.6605390671738465,0.13646360801287416,0.47772113897163104,1.9318955629085661,3.9045897952648627e+18,1.0988658592001594e+18,3.9045897952648634,1.0988658592001594,0.24662191843558162,0.1055391676658935,0.4401290932369409,0.2270736253170686,0.7494350612211893,0.0,0.0,0.1174425838911338,0.22315233901347922,0.019240323444387454,6.103981787551117,94.33856719144353,26.54963418135593,14,0.0009659477814542831,20,0.19252920150756836,0.2770713191081525
S2,4,17,1,SINE,det,sample,0,1,0,1e-18,1.0,0.8431283824412399,7.07e-06,17782.09622686067,3.16e-11,5,1e-06,0.28204680600112636,0.0,0.284338429202636,0.0,0.28171761729529554,0.28204680600112636,0.284338429202636,0.2937609083054727,0.3017493728024215,0.3251913975492293,0.33782092277025844,0.3487407325148618,0.35810375803837646,0.36455928031257395,0.3696598492341948,0.377440133081993,0.3862712281828825,0.4395505683692284,0.4592653862787388,0.5797171701479678,0.6215987251419255,0.6524058535048192,0.6990388031793066,0.7120075863916963,0.7587406047884235,1.6605390671738465,0.31268481088873656,0.6672213054528753,0.8431283824412399,7.933352605393612e+18,3.255643712026786e+18,7.933352605393613,3.255643712026786,0.27870260598978,0.13276751126892603,0.6476800476613581,0.24762804328386995,0.8800840235235875,0.419,0.0,0.03454092767595192,0.2473354158791184,0.018065501534393947,1.9119827705968353,191.67727138071123,78.65941857731194,31,0.0009368093138235998,9,0.10322880744934082,0.2770713191081525
S2,4,18,1,SINE,det,sample,0,1,0,1e-18,1.0,2.0,7.07e-06,17068.957942744426,3.16e-11,5,1e-06,0.28116509403138146,0.0,0.2841778387045889,0.0,0.2808678275116497,0.28116509403138146,0.2841778387045889,0.28832500722202253,0.29242140507635606,0.2982923011531793,0.3063869628053959,0.3192598621907489,0.3308852718034247,0.34861084160614153,0.36250567447144766,0.360239842830119,0.37211179917757686,0.3810667675888096,0.38633994568289876,0.426898569864385,0.44026733833101683,0.5135303770342005,0.5509644033929751,0.5927839847070816,0.6383961563311351,1.6605390671738465,0.13181671940928272,0.4705516107728963,2.0,4.794431892120973e+18,1.3171792730468278e+18,4.794431892120974,1.317179273046828,0.21577959280748987,0.08628973630355015,0.47341043395867455,0.23761826315497284,0.7900336237755008,0.0,0.0,0.12884803215281293,0.23320202281260774,0.01918060222819484,6.717621825419572,115.83799039483301,31.82429188955964,13,0.001,20,0.17188572883605957,0.2770713191081525
S2,4,19,1,SINE,det,sample,0,1,0,1e-18,1.0,1.98447283176548,7.07e-06,15117.799422767119,3.16e-11,3,1e-06,0.28820586381603025,0.0,0.2917183306985158,0.0,0.28795588171308756,0.28820586381603025,0.2917183306985158,0.2911798398881027,0.29475209692008936,0.308222400904607,0.31691644210640163,0.3427525328297246,0.35757196479404957,0.3542857188588862,0.3684239041327201,0.3618050248725499,0.3697177108109969,0.3951489644559784,0.39812280865697264,0.44967001144005664,0.4719658876865437,0.5271698925927487,0.568104923542177,0.5850674531343701,0.6302367209288642,1.6605390671738465,0.13284809678347914,0.47215799495574523,1.98447283176548,4.257537893163159e+18,1.1758930257087716e+18,4.25753789316316,1.1758930257087716,0.23158866659471064,0.09584565526991376,0.45232045644619195,0.23142399988178028,0.7665663028981767,0.0,0.0,0.12457628637731159,0.22712771695871248,0.019217977171804505,6.482278819650314,102.8661256789061,28.410683076185176,13,0.00099223641588274,20,0.1743910312652588,0.2770713191081525
S2,4,20,1,SINE,det,sample,0,1,0,1e-18,1.0,1.919338218004616,7.07e-06,13034.809199283727,3.16e-11,5,1e-06,0.28874385938624914,0.0,0.29258165364590444,0.0,0.28858049684926834,0.28874385938624914,0.29258165364590444,0.29227844673914727,0.2975236439648038,0.30706147932421574,0.3161635482041767,0.3289644917515806,0.34252955293520854,0.34919802687567425,0.36300247875140385,0.36127577122356475,0.3684264485538776,0.39758191616397554,0.4007178658104346,0.4459562250002382,0.4663722449430713,0.5163385674934721,0.5559067686188827,0.5749149146777506,0.6198447983152756,1.6605390671738465,0.1373564264732061,0.4790789149224508,1.919338218004616,3.725487105532367e+18,1.0527629638107752e+18,3.7254871055323675,1.0527629638107754,0.2538105588769678,0.11025591721047709,0.4321273650625708,0.22440276909468151,0.7394219388756271,0.0,0.0,0.1150756659461613,0.22057689086467175,0.01923738262057289,5.9818774838473505,90.01127751046664,25.435744804375556,14,0.000959669109002308,20,0.17566990852355957,0.2770713191081525
S2,4,21,1,SINE,det,sample,0,1,0,1e-18,1.0,1.2052313565156096,7.07e-06,210.0636833368083,3.16e-11,5,1e-06,0.4351155239540034,0.0,0.4441456110047088,0.0,0.4352263615654707,0.4351155239540034,0.4441456110047088,0.4351243327969851,0.44459230217670953,0.43512604538915167,0.44464998463485905,0.43512467836509616,0.4446635352880371,0.43517989877063423,0.444808628133916,0.43850773355886824,0.44877010652772603,0.4539723847957044,0.4654487941299822,0.47922747869887256,0.4921680759090938,0.7020618766721594,0.7209436982806587,0.9106584406787552,0.8941575572856083,1.6605390671738465,0.218740939151089,0.582103393615993,1.2052313565156096,7.511853614558538e+16,3.953532475779192e+16,0.07511853614558539,0.03953532475779192,0.7981606740986402,0.7717439404706472,0.037942816459182065,0.00924735106851103,0.05327618743585382,0.0,0.0,0.004773175989848042,0.009104186003396379,0.008474016138571187,0.5632719966300245,1.8149345875172727,0.9552106845183962,22,0.0009271010434735459,13,0.19562816619873047,0.2770713191081525
S2,4,22,1,SINE,det,sample,0,1,0,1e-18,1.0,0.5323188410740091,7.07e-06,4082.1994145729204,3.16e-11,5,1e-06,0.34245279765142117,0.0,0.35195915011578005,0.0,0.3433784799659798,0.34245279765142117,0.35195915011578005,0.37741593752917174,0.38615765117826517,0.38570793833379086,0.3921684013222636,0.38802072290144146,0.39311484362978016,0.4028783004575691,0.4147858237756828,0.4813521435827924,0.5158318092724399,0.5314628211648662,0.5752725479935218,0.5393831107938918,0.5839264920544748,0.5534635237172347,0.5960920560275299,0.6272010213937683,0.6722660043720546,1.6605390671738465,0.4952547580067941,0.7771251786090256,0.5323188410740091,2.5641135670136837e+18,1.207722798468209e+18,2.564113567013684,1.207722798468209,0.8509099841807033,0.5270801101587764,0.4771103583457532,0.20534785930535773,0.7034648825109763,0.0,0.0,0.011541004267241967,0.2053049266798001,0.020204180069375657,0.5712186402820257,61.95139892071652,29.17972036655459,50,0.0008871980684566818,6,0.08541274070739746,0.2770713191081525
S2,4,23,1,SINE,det,sample,0,1,0,1e-18,1.0,0.5,7.07e-06,20000.0,3.16e-11,5,1e-06,0.28865592188779154,0.0,0.2972532094734396,0.0,0.28968803340144417,0.28865592188779154,0.2972532094734396,0.32124442596511754,0.33077141998472204,0.35507884148858554,0.3630586567227551,0.3674766706676525,0.3727375805035305,0.3754432468811059,0.38404242302512964,0.4394512134521097,0.46392383798521203,0.589516537103036,0.629845616040454,0.6884517748178892,0.7355812837931478,0.7285857671124275,0.7712287554054021,0.8012782828414031,0.8432736592770292,1.6605390671738465,0.5272668776371309,0.7914984825837854,0.5,1.3195241951818035e+19,6.177481870297087e+18,13.195241951818037,6.177481870297088,0.2786492583529461,0.14089227973629945,0.7603932693347702,0.20289900026999222,0.9276608165331228,0.62075,0.3375,0.013797515267314348,0.20283517802498557,0.01637361644301573,0.8426675508940339,318.80947417025646,149.25378056401294,53,0.001,5,0.08448004722595215,0.2770713191081525
S2,4,24,1,SINE,det,sample,0,1,0,1e-18,1.0,2.0,7.07e-06,20000.0,3.16e-11,5,1e-06,0.2726308519528773,0.0,0.2762773431714229,0.0,0.2725416546161521,0.2726308519528773,0.2762773431714229,0.2853206608839612,0.28867841252276466,0.2932666692902644,0.30025784653654264,0.31431845402612796,0.32505074404718826,0.34582706572506244,0.35842895339886,0.36255082057950433,0.37495241186600775,0.37704631644943337,0.38468351637944254,0.4181950630316812,0.42926106554472754,0.51010149059443,0.5458599105737592,0.6054079243783355,0.6511828169302369,1.6605390671738465,0.13181671940928272,0.4705516107728963,2.0,5.617716205807263e+18,1.5420448623924582e+18,5.617716205807263,1.5420448623924585,0.19669204403002646,0.07555476609305693,0.5025209820536842,0.24508147935797514,0.8189308429243617,0.0346,0.0,0.13197007083884596,0.24067418594987422,0.01907103866887281,6.9199204684243885,135.72931486598327,37.257256329320285,13,0.001,20,0.1725480556488037,0.2726308519528773
S2,4,25,1,SINE,det,sample,0,1,0,1e-18,1.0,2.0,7.07e-06,3961.0884300336784,3.16e-11,5,1e-06,0.31651802611290125,0.0,0.3259504114577852,0.0,0.31707918396890605,0.31651802611290125,0.3259504114577852,0.32238157084400193,0.33463741938778496,0.33373639532094473,0.3429488579128837,0.38363865867907837,0.38465643532457316,0.419259062197986,0.4199309412423092,0.43179668965643025,0.43896159720597117,0.44449223345500044,0.4655420968361455,0.45406018238559803,0.48109084845424277,0.4631346616438665,0.49184323589305495,0.5011019891158479,0.5341688086006291,1.6605390671738465,0.13181671940928272,0.4705516107728963,2.0,1.1126343795441912e+18,3.115612213559646e+17,1.1126343795441913,0.31156122135596465,0.38122505595512524,0.23667133548582922,0.2164801547829396,0.12884618252402058,0.42477269846733007,0.0,0.0,0.0689657462555034,0.12622703068503985,0.016692965131324476,4.131425766060498,26.882294601453683,7.52761256785083,13,0.001,20,0.17081093788146973,0.2726308519528773
S2,4,26,1,SINE,det,sample,0,1,0,1e-18,1.0,2.0,7.07e-06,9208.546923096215,3.16e-11,5,1e-06,0.29254789059158914,0.0,0.2950491215773203,0.0,0.2920716155042827,0.29254789059158914,0.2950491215773203,0.3045224107416873,0.3101163889803395,0.31810260881576546,0.3297020734685965,0.3356307469752012,0.35040326452320686,0.3485473208597447,0.3577989467128211,0.38059576095226233,0.3813191783446596,0.4197175626410298,0.4251113104052323,0.45969552777297945,0.48651196096586713,0.498059905154535,0.5360108775897283,0.5425427386142989,0.5846515178369508,1.6605390671738465,0.13181671940928272,0.4705516107728963,2.0,2.586564190057853e+18,7.141391521940127e+17,2.586564190057853,0.7141391521940128,0.29169160471016886,0.1394091875968724,0.3584099209762235,0.1978127829269155,0.6500353351403715,0.0,0.0,0.10755855424956703,0.1938696704740483,0.018889713217931942,5.694027908664174,62.49382711973261,17.254274565537393,13,0.001,20,0.18362069129943848,0.2726308519528773
S2,4,27,1,SINE,det,sample,0,1,0,1e-18,1.0,1.5711632536465447,7.07e-06,20000.0,3.16e-11,5,1e-06,0.2742959140322632,0.0,0.2765294478544345,0.0,0.27394744628333806,0.2742959140322632,0.2765294478544345,0.28501671737395123,0.28831609210364467,0.2968791650207697,0.3056038934316692,0.32164953115525563,0.3337503543599106,0.3458967355650827,0.3571456292126589,0.36474063312709476,0.3758625059262038,0.3836280437418173,0.39202622495485595,0.4373741068787116,0.45532480891593863,0.551944135678819,0.5926659927590647,0.638680740564338,0.685592373679362,1.6605390671738465,0.16779506407541878,0.5219835374032794,1.5711632536465447,6.229484439482826e+18,1.967111722163797e+18,6.229484439482826,1.9671117221637973,0.21450863898754807,0.08803824153342905,0.5512237243118212,0.25169617174564424,0.8407483530182264,0.1071,0.0,0.09509119717975945,0.24951175760875643,0.01886176371636269,5.041479609739108,150.5102116168231,47.52727203238448,17,0.0009819770335290905,16,0.17778682708740234,0.2726308519528773
S2,4,28,1,SINE,det,sample,0,1,0,1e-18,1.0,0.5,7.07e-06,15419.970459156473,3.16e-11,1,1e-06,0.36008022463479417,0.0,0.37536405061016764,0.0,0.3618203625945034,0.36008022463479417,0.37536405061016764,0.36960423333695763,0.37959456159418964,0.37895041300438215,0.3822435413613085,0.38174185923620074,0.3846410152265905,0.4056649674022762,0.4187636489048562,0.5750677271538933,0.6153731235147402,0.6673319636222969,0.7167302550637971,0.6808437658154953,0.7301375143912797,0.7016673935290347,0.7457918128245864,0.7742078599720991,0.8163282169485818,1.6605390671738465,0.5272668776371309,0.7914984825837854,0.5,1.0173840918280743e+19,4.769867469601269e+18,10.173840918280744,4.7698674696012695,0.34662841227065677,0.17898948218673305,0.7235542446116533,0.2129086667542077,0.9074567057872664,0.5552,0.09725,0.01387338538420597,0.21284840777432693,0.017297193232246436,0.8020599179260133,245.8095793387125,115.2444908094977,53,0.001,5,0.06151890754699707,0.2726308519528773
S2,4,29,1,SINE,det,sample,0,1,0,1e-18,1.0,2.0,7.07e-06,11691.354332595121,3.16e-11,1,1e-06,0.3022227172699834,0.0,0.30325212259723106,0.0,0.30134067213898025,0.3022227172699834,0.30325212259723106,0.32141707375910916,0.33318711520599537,0.34034778088992074,0.35629180443592884,0.34976261561277644,0.3608733772061233,0.3655750576453706,0.3700958056148981,0.391595364327859,0.39526242136512685,0.4464861279402578,0.4664202714738736,0.49593993564380884,0.5329329595249317,0.5199742190078233,0.5613054287748127,0.5663708696877362,0.6070791372228131,1.6605390671738465,0.13181671940928272,0.4705516107728963,2.0,3.283946334092476e+18,9.046167845386755e+17,3.283946334092476,0.9046167845386756,0.26252000090459504,0.11671481410047155,0.40275312061256685,0.2150213107444291,0.7087735664800563,0.0,0.0,0.11720063095539356,0.21080924325783704,0.019142537675897256,6.122523196230308,79.34323658469292,21.856393574096426,13,0.001,20,0.1714789867401123,0.2726308519528773
S2,4,30,1,SINE,det,sample,0,1,0,1e-18,1.0,1.1904014127149425,7.07e-06,9078.526162650327,3.16e-11,5,1e-06,0.29355188050783043,0.0,0.29805988694021,0.0,0.2935047931007377,0.29355188050783043,0.29805988694021,0.3048125176439188,0.3129826034349844,0.3276078419670536,0.339487726477023,0.3542727351020688,0.36488880817944286,0.3737799662831033,0.3777945342537318,0.3946328764924886,0.39556815298062936,0.4403858982124386,0.4577270001502978,0.514661892278968,0.5544192576890457,0.5453533255565729,0.5892797345358813,0.5941937114520378,0.6401077859449427,1.6605390671738465,0.22146599962217617,0.5849884354059618,1.1904014127149425,3.262290371440369e+18,1.1837498209699133e+18,3.2622903714403697,1.1837498209699135,0.38468361093198217,0.1970895207261288,0.4606866207298232,0.2256973406233367,0.7293188725575389,0.0,0.0,0.05371307819340631,0.22486841574667704,0.0195007858041101,2.754405834357989,78.82000812924065,28.60051065001931,22,0.000992001177262452,12,0.12920093536376953,0.2726308519528773
S2,4,31,1,SINE,det,sample,0,1,0,1e-18,1.0,1.5484070002537917,7.07e-06,7834.915038253657,3.16e-11,5,1e-06,0.29659086987175165,0.0,0.29898918629691756,0.0,0.29606987791346584,0.29659086987175165,0.29898918629691756,0.31051528275687634,0.3180718638828491,0.3243732401420468,0.33669132240046784,0.3446415745718769,0.3568980645971124,0.36881140034821025,0.3714290477840899,0.40039159438894945,0.4001335137369095,0.43366352216161097,0.4468338985202507,0.48344376261815825,0.5180123478786179,0.5090102364791135,0.5489094729166304,0.5533651645244494,0.5963958416275161,1.6605390671738465,0.17026107397819473,0.5251999982620925,1.5484070002537917,2.4554763993807724e+18,7.870693367061823e+17,2.4554763993807724,0.7870693367061824,0.3613877863716406,0.18689898498528779,0.37960730379767965,0.20207897869555672,0.6514461762019067,0.0,0.0,0.0738480162636723,0.20028132136557947,0.01917126673439974,3.8520154816459757,59.326622625225966,19.016336516380296,17,0.0009677543751586198,16,0.16728711128234863,0.2726308519528773
S2,4,32,1,SINE,det,sample,0,1,0,1e-18,1.0,1.428340492389469,7.07e-06,16755.02766827632,3.16e-11,5,1e-06,0.2828467652610802,0.0,0.28364444793099997,0.0,0.2821441226631621,0.2828467652610802,0.28364444793099997,0.290099425912708,0.2951557066752349,0.30491500182689263,0.3156419235533397,0.32624664675030485,0.33858474002426675,0.3503448224176302,0.36123980606640843,0.36615394445816024,0.37529430415257764,0.3926722966995025,0.3994575309484253,0.46138236535775673,0.48588136295663964,0.5646143210830205,0.607866611781593,0.6337636791241178,0.680938749809267,1.6605390671738465,0.18457324442124678,0.5431982162130045,1.428340492389469,5.455261002694318e+18,1.8090064580760924e+18,5.455261002694319,1.8090064580760927,0.24923872104742023,0.1084562152843415,0.5376208427875552,0.24799241403222996,0.8215564102970996,0.05955,0.0,0.08137406336985822,0.24634826638063848,0.019024884597236617,4.277243467835694,131.80424414202247,43.70729993248632,18,0.0009522269949263126,15,0.13431501388549805,0.2726308519528773
S2,4,33,1,SINE,det,sample,0,1,0,1e-18,1.0,2.0,7.07e-06,14731.021512356156,3.16e-11,5,1e-06,0.2865437678540603,0.0,0.29003717708802795,0.0,0.28631435289571944,0.2865437678540603,0.29003717708802795,0.29022278770505433,0.29508696088671627,0.3029870471767792,0.3115342384781661,0.3247899562226222,0.3375671365899438,0.34901179083170875,0.36341903059186603,0.35893747980870166,0.3689215868276142,0.3886266553591259,0.3921565874936034,0.43563914585076047,0.4520037270594251,0.5136662518677234,0.5521417733990135,0.580497248269268,0.6256715203420476,1.6605390671738465,0.13181671940928272,0.4705516107728963,2.0,4.1377417621483525e+18,1.1378159466249179e+18,4.137741762148353,1.137815946624918,0.2338835580253652,0.09731902130303342,0.44600729889590063,0.22958799369823704,0.7603696520342892,0.0,0.0,0.12496180259381001,0.22521451368066178,0.019217514060614328,6.502495702600535,99.97173831746787,27.49070498067249,13,0.001,20,0.18387198448181152,0.2726308519528773
S2,4,34,1,SINE,det,sample,0,1,0,1e-18,1.0,0.8032006851166937,7.07e-06,20000.0,3.16e-11,5,1e-06,0.281413641662353,0.0,0.28559581615748914,0.0,0.2814620937698748,0.281413641662353,0.28559581615748914,0.2897733254424642,0.2971852546172112,0.32616985192879866,0.3381874579405168,0.3497129006989381,0.35914620870416014,0.3619884766054541,0.36815848675720936,0.3758059017984088,0.3862695053219387,0.4443265546231748,0.46561421775131434,0.5915271364725778,0.6333677740129938,0.6702688670513369,0.716413967993412,0.7319138065553422,0.7779681707669597,1.6605390671738465,0.3282286030175176,0.6789553130095777,0.8032006851166937,9.233354902157892e+18,3.84560429431973e+18,9.233354902157894,3.8456042943197306,0.25693778994647176,0.12166282419024765,0.6752255046948645,0.244730704611334,0.8964385570321646,0.48345,0.0,0.03183994303346232,0.24447986192652627,0.017626450531615493,1.8063729266622879,223.08655134426982,92.91342193009454,33,0.0008924452056852152,9,0.13176298141479492,0.2726308519528773
S2,4,35,1,SINE,det,sample,0,1,0,1e-18,1.0,0.5,7.07e-06,8177.541656643494,3.16e-11,5,1e-06,0.3178056451711529,0.0,0.33146478166594484,0.0,0.31957055868449685,0.3178056451711529,0.33146478166594484,0.3429113393951835,0.35024367912452625,0.38271711097266226,0.3858231101235026,0.3922238787084379,0.3966165273195058,0.397906824990052,0.4102388928927927,0.4619569537349965,0.4921240979518303,0.5794876527413263,0.6252363256772178,0.6140870967928708,0.6629787648624644,0.6313838555952324,0.6771916264938372,0.7047090704288431,0.7507021610851157,1.6605390671738465,0.5272668776371309,0.7914984825837854,0.5,5.396080933526849e+18,2.5439981848031903e+18,5.396080933526849,2.5439981848031907,0.5643343748244799,0.3126914779199306,0.620530085468612,0.2226155549146234,0.8361522014746235,0.2877,0.0,0.012940435915323519,0.22256639751795426,0.01917646918530243,0.6748080572226276,130.3743979291578,61.4653923398082,53,0.001,5,0.09636139869689941,0.2726308519528773
S2,4,36,1,SINE,det,sample,0,1,0,1e-18,1.0,2.0,7.07e-06,20000.0,3.16e-11,1,1e-06,0.288787085549175,0.0,0.2917241808235202,0.0,0.28839736165598,0.288787085549175,0.2917241808235202,0.29041964780512053,0.2932393440471212,0.31031184973971737,0.31838573686482496,0.3517607892676335,0.36445694129940054,0.3624199314550923,0.37421359651362346,0.3698319521714764,0.37822622065148115,0.41635115930726657,0.42798499858209116,0.4839549601520124,0.5152757409318158,0.5591894920659498,0.6030810060821561,0.6182156007128858,0.6626112379687356,1.6605390671738465,0.13181671940928272,0.4705516107728963,2.0,5.617716205807263e+18,1.5420448623924582e+18,5.617716205807263,1.5420448623924585,0.19669204403002646,0.07555476609305693,0.5025209820536842,0.24508147935797514,0.8189308429243617,0.0346,0.0,0.13197007083884596,0.24067418594987422,0.01907103866887281,6.9199204684243885,135.72931486598327,37.257256329320285,13,0.001,20,0.1688706874847412,0.2726308519528773
S2,4,37,1,SINE,det,sample,0,1,0,1e-18,1.0,1.0092929316019859,7.07e-06,11905.414111660486,3.16e-11,5,1e-06,0.2920719970437259,0.0,0.29613550519206766,0.0,0.29196488273198673,0.2920719970437259,0.29613550519206766,0.30103083463256475,0.31100990309619375,0.3238436502524638,0.33555552085757406,0.3518314226806977,0.36097880222836887,0.373655835470971,0.37868690292017904,0.3848108870935116,0.3886866795870872,0.4379229126807132,0.45533645523830824,0.5431439749970867,0.5848011225116423,0.5898141374968472,0.6361747605922949,0.643043151480588,0.6904165791548992,1.6605390671738465,0.26120606868822216,0.6239631570122028,1.0092929316019859,4.72221199536397e+18,1.8264572313822464e+18,4.7222119953639705,1.8264572313822467,0.3505422338748846,0.17314853637776367,0.5445539474766322,0.24261603886802802,0.8049181958299778,0.01965,0.0,0.044411328284145055,0.24210504576290492,0.019210400190122774,2.3118377464608777,114.09308966517582,44.12892705246746,26,0.000917539028729078,11,0.1528162956237793,0.2726308519528773
S2,4,38,1,SINE,det,sample,0,1,0,1e-18,1.0,1.1216448838607764,7.07e-06,17934.528206608673,3.16e-11,5,1e-06,0.28111318113874745,0.0,0.2818360546428936,0.0,0.28043735721281016,0.28111318113874745,0.2818360546428936,0.28870010937059654,0.2940969274885406,0.3109927283904833,0.3228707883139772,0.3357325372295597,0.3476297163938272,0.3547372472344965,0.36275998195268716,0.36982629898353425,0.3782922305465908,0.4041390389954182,0.4152357675973113,0.5046579782096187,0.5372872524375318,0.6090041890651251,0.6545638201680737,0.674256659363939,0.72164952645088,1.6605390671738465,0.23504180566590877,0.5989331794592081,1.1216448838607764,6.680315453105906e+18,2.4738260121624724e+18,6.680315453105907,2.4738260121624727,0.2566472158915168,0.11608218177451143,0.5969110675526385,0.25218248175583124,0.8559505009980832,0.2391,0.0,0.055987343744328046,0.251429527901302,0.01858183555677043,3.0130147031641683,161.402713544233,59.76996655355428,24,0.0009347040698839804,12,0.11138486862182617,0.2726308519528773
S2,4,39,1,SINE,det,sample,0,1,0,1e-18,1.0,1.274645341083232,7.07e-06,11566.025456444884,3.16e-11,1,1e-06,0.30858026846216785,0.0,0.3143154577894652,0.0,0.30859625221841563,0.30858026846216785,0.3143154577894652,0.3384562817021926,0.35350058958130437,0.35077817366168584,0.36407688726519827,0.36994210577970627,0.37323710005244076,0.3836890482277819,0.3836889236658285,0.40837588050311346,0.4191385969180319,0.5029286777739296,0.5388311274003921,0.5501076493636555,0.5951176595467025,0.5646973539159001,0.6101273903596286,0.612551401079403,0.6566842890834674,1.6605390671738465,0.20682885687600114,0.5691334692451935,1.274645341083232,4.005293576518786e+18,1.4075418327328558e+18,4.0052935765187865,1.407541832732856,0.3258643082572488,0.15674044727452896,0.49290929093587477,0.23573071612707253,0.7689814276590449,0.0,0.0,0.06375889100352099,0.23463482067462893,0.019374443236631428,3.2908760383354654,96.77166539955152,34.00753644417819,21,0.0009804964162178707,13,0.15474414825439453,0.2726308519528773
S2,4,40,1,SINE,det,sample,0,1,0,1e-18,1.0,0.5030882115502822,7.07e-06,19984.27441873478,3.16e-11,2,1e-06,0.32109276891367006,0.0,0.333698572498865,0.0,0.3225925107129373,0.32109276891367006,0.333698572498865,0.34344009996068386,0.35424303567572735,0.36234024091495115,0.36795668824758654,0.36979320577413255,0.3754749816890502,0.3823801796218309,0.39438772309074127,0.488609080837893,0.5167301461531043,0.6583266998607403,0.7044193342357836,0.7011308010008636,0.7494115292422545,0.728805589606565,0.7716742671840601,0.7993763335153629,0.841045663200259,1.6605390671738465,0.5240302451257418,0.7900963521274917,0.5030882115502822,1.3113436250992228e+19,6.128513962501745e+18,13.11343625099223,6.128513962501746,0.2788411430928508,0.14083905198619429,0.7586038421280584,0.20455464805536575,0.9272157989328194,0.61915,0.33225,0.013980082011052577,0.2044898090379133,0.016394233176126025,0.8527438801718987,316.83297138541656,148.07066978874596,52,0.0008384803525838036,6,0.06428813934326172,0.2726308519528773
S2,4,41,1,SINE,det,sample,0,1,0,1e-18,1.0,1.8086812522282703,7.07e-06,20000.0,3.16e-11,5,1e-06,0.2729777638858361,0.0,0.27594937847332457,0.0,0.27277183894050444,0.2729777638858361,0.27594937847332457,0.2853242749030005,0.2886306661599003,0.2943792608034199,0.30207400361277753,0.31709264072357923,0.32851133599496496,0.3458188255431198,0.35787252329810176,0.36362239874581526,0.3754958260068287,0.37945885128279094,0.3873842098623012,0.42465061611999,0.438350141656286,0.5268910257593877,0.5648709395122695,0.6194468496618099,0.6657912366186998,1.6605390671738465,0.14576003289345354,0.4915618342506876,1.8086812522282703,5.858004296563574e+18,1.7108713357291392e+18,5.858004296563575,1.7108713357291394,0.20395251147781415,0.08061952038907556,0.5236031126142308,0.24825969443410983,0.8283243277924098,0.0604,0.0,0.11550588546442413,0.24495825662333795,0.019006828042327208,6.077073207964979,141.53490146629866,41.336262942993656,15,0.0009519375011727738,19,0.22487998008728027,0.2726308519528773
S2,4,42,1,SINE,det,sample,0,1,0,1e-18,1.0,1.7039891562896594,7.07e-06,16137.55352595142,3.16e-11,5,1e-06,0.2841595986196221,0.0,0.286168662520463,0.0,0.2836636699048792,0.2841595986196221,0.286168662520463,0.28995246281362896,0.29475530025484115,0.30235942114476005,0.31198451473465055,0.3222701855206149,0.3344362564317575,0.34947023787851217,0.36236442685049897,0.362628444477373,0.3727273354496988,0.3879235919960904,0.3929890659561377,0.4423059357827382,0.46137284791942723,0.5360480527767072,0.5767912848471273,0.6073351121072361,0.6537578552086364,1.6605390671738465,0.15471544396010853,0.5043074718288744,1.7039891562896594,4.835144500878308e+18,1.4601316449602524e+18,4.835144500878309,1.4601316449602526,0.23854747605630833,0.10057303543780076,0.49544170652953734,0.2411594202572305,0.7961869723410272,0.0,0.0,0.10390501754532486,0.2383562957539142,0.019186830839177656,5.4154340764375135,116.82164536966559,35.278155841999755,15,0.0009466606423831441,18,0.1704261302947998,0.2726308519528773
S2,4,43,1,SINE,det,sample,0,1,0,1e-18,1.0,1.942363364571474,7.07e-06,16857.10760426993,3.16e-11,1,1e-06,0.29231497567841935,0.0,0.29270434980430277,0.0,0.2913908282982627,0.29231497567841935,0.29270434980430277,0.29598646060829614,0.2990607400584745,0.32885873939838933,0.3407775675302843,0.3538510593923368,0.3679150589271783,0.3610686257071303,0.37149902393917283,0.3727825284390497,0.37939939003989076,0.42818251130262025,0.44278042917231886,0.4964707656078345,0.5312247376934761,0.551488104820374,0.5953867023704525,0.604378931874261,0.6481668025180619,1.6605390671738465,0.13572817714090715,0.4765980038086858,1.942363364571474,4.79790749279962e+18,1.3442580611226547e+18,4.797907492799621,1.344258061122655,0.21961606401120648,0.08879698909471595,0.4778677061714582,0.23825442456086648,0.7911454793568263,0.0,0.0,0.12362093434122058,0.23420662432382847,0.01919010078219064,6.441911678543497,115.9219641809016,32.47854091501482,14,0.000971181682285737,20,0.1642320156097412,0.2726308519528773
S2,4,44,1,SINE,det,sample,0,1,0,1e-18,1.0,0.8050349361770458,7.07e-06,8797.293106790718,3.16e-11,5,1e-06,0.2986929090490077,0.0,0.3073801269073994,0.0,0.2994543386041853,0.2986929090490077,0.3073801269073994,0.3104042583608157,0.3209205916641624,0.3505869947967176,0.36031101212442196,0.37888386822775655,0.3850635334361519,0.38641681664045524,0.3903686426303284,0.4058796245867549,0.414605969094637,0.49631120874131285,0.5301556414249854,0.5669006020040741,0.6131595480415902,0.5856615509140876,0.6318624524172631,0.6408295426402525,0.6878408943993249,1.6605390671738465,0.327480742724669,0.6784033977443937,0.8050349361770458,4.0556811009131295e+18,1.698688218169136e+18,4.05568110091313,1.6986882181691363,0.4602910803284749,0.24570025098822834,0.5347946621823442,0.2345203450056993,0.7833953749078575,0.0,0.0,0.02829994349397338,0.23430040030469865,0.01948937615656118,1.4520702595422013,97.98907544898894,41.04190734745084,33,0.0008944832624189398,9,0.15252089500427246,0.2726308519528773
S2,4,45,1,SINE,det,sample,0,1,0,1e-18,1.0,1.3758299426958325,7.07e-06,15778.644931047982,3.16e-11,2,1e-06,0.2913647586522202,0.0,0.29470354121231107,0.0,0.29105383355779435,0.2913647586522202,0.29470354121231107,0.29435051594442924,0.30078132894119863,0.3230779843265011,0.33417268039430864,0.35685253461110694,0.3698892163361253,0.36543209086330913,0.37475309510553256,0.3741688337744958,0.3789556888857621,0.41667962982899326,0.42863394867976595,0.5240969037681777,0.5626345832857994,0.5827530738739392,0.6287360588056649,0.6342886608227798,0.6808725022474088,1.6605390671738465,0.19161775059350436,0.5516632172032694,1.3758299426958325,5.240645010997095e+18,1.7716007513860884e+18,5.240645010997096,1.7716007513860887,0.26224340347697656,0.11646777101437855,0.5344562737238091,0.2466758223230445,0.8157268188658026,0.045,0.0,0.07620369435286184,0.24521977074338006,0.019076068854464844,3.994727369367091,126.61891963555577,42.80354282637551,19,0.000982735673354166,14,0.17565488815307617,0.2726308519528773
S2,4,46,1,SINE,det,sample,0,1,0,1e-18,1.0,1.9928649636182476,7.07e-06,434.3365200820843,3.16e-11,5,1e-06,0.43507418190305946,0.0,0.4417888824223914,0.0,0.4349126889439474,0.43507418190305946,0.4417888824223914,0.43513412944019997,0.4426952963445221,0.43514333091120544,0.444635310891993,0.43521974892360815,0.4456272887490378,0.4352334823110257,0.4457878618669336,0.4354970996639452,0.4462380385424775,0.440795507397949,0.45229536414757443,0.44962354888541645,0.4619546186389068,0.5249652220217675,0.5405780037871697,0.7857474013449528,0.774895309756276,1.6605390671738465,0.13228866161604463,0.4712877525766689,1.9928649636182476,1.2217107984088402e+17,4.112863999672393e+16,0.12217107984088403,0.041128639996723934,0.48196747855630273,0.44716011175686693,0.039190638364283076,0.017329720748972103,0.07091714807858172,0.0,0.0,0.012753686291109415,0.01672949901614578,0.008428161397958711,1.5132228357893502,2.9517683620434285,0.9937066814365416,13,0.0009964324818091239,20,0.19298100471496582,0.2726308519528773
S2,4,47,1,SINE,det,sample,0,1,0,1e-18,1.0,1.2762195382367674,7.07e-06,4879.179379729787,3.16e-11,5,1e-06,0.31357568068624203,0.0,0.321667383112868,0.0,0.3139467544565561,0.31357568068624203,0.321667383112868,0.3287210047274547,0.3421767259626577,0.3470054808609408,0.35985534553598975,0.37071248166657916,0.37474528608724944,0.4073603176073151,0.40600636094526527,0.4284522946681756,0.4366049522561484,0.4620715008750438,0.4905449661093297,0.4824714894991708,0.5183597391038296,0.4927448127932648,0.5295590657947259,0.5382206475964508,0.578673836134068,1.6605390671738465,0.20657373666509055,0.5688490950788709,1.2762195382367674,1.6886808892795223e+18,6.00070208356148e+17,1.6886808892795224,0.600070208356148,0.4897061652321308,0.29143073429076033,0.33035370303334455,0.17820166394055187,0.5677332000201664,0.0,0.0,0.04583908968251089,0.17739794267297657,0.018878067178886824,2.428166466839211,40.8001208555626,14.4982614407386,21,0.0009817073371052056,13,0.16200590133666992,0.2726308519528773
S2,4,48,1,SINE,det,sample,0,1,0,1e-18,1.0,1.6738928995931779,7.07e-06,9179.149566471036,3.16e-11,3,1e-06,0.2947863422978181,0.0,0.2973119043298407,0.0,0.2943069876669052,0.2947863422978181,0.2973119043298407,0.3079532645742657,0.3163931959855954,0.3333744801405622,0.3483617255418902,0.34545024273998076,0.35794021766122397,0.36827706121940884,0.3703255523264028,0.39550024074908474,0.3948384409619459,0.42994077277692117,0.44223654421600517,0.4875565789849662,0.5227834969223955,0.515712952416196,0.5565860984386093,0.558015718924528,0.601156433647472,1.6605390671738465,0.1574971964351117,0.5081568513642731,1.6738928995931779,2.7780665450875597e+18,8.525639445822655e+17,2.77806654508756,0.8525639445822656,0.32247728257078745,0.1581257978143057,0.39397638180131345,0.2087841353981832,0.6776052839374407,0.0,0.0,0.08671791385452297,0.20639971443863467,0.01920537807948496,4.515293242112969,67.12070439354984,20.598747932116733,16,0.000984642882113634,17,0.18121600151062012,0.2726308519528773
S2,4,49,1,SINE,det,sample,0,1,0,1e-18,1.0,0.5451991739351114,7.07e-06,6448.879497848876,3.16e-11,1,1e-06,0.3787685944648229,0.0,0.37804173360821774,0.0,0.37792268881742536,0.3787685944648229,0.37804173360821774,0.40826926658751167,0.4019710951282025,0.41287457886388346,0.4064184080246814,0.41487307807623025,0.41375412676333195,0.4649104330765784,0.49031188704900663,0.5572954143144462,0.6024494705650891,0.5791364972296921,0.6270974738337991,0.5868867673303062,0.6346148594187738,0.5985314639956152,0.6439092832963822,0.664852004275758,0.7091207284444775,1.6605390671738465,0.48355436218973913,0.7715784155337253,0.5451991739351114,3.9714272623564227e+18,1.8440251301812332e+18,3.971427262356423,1.8440251301812334,0.6449282209088537,0.3689467773804779,0.5585123358219541,0.22301060076028292,0.7871697085406503,0.0,0.0,0.013901367255837033,0.2229540143770713,0.01973333769259141,0.7044610228839339,95.9534233506666,44.55338403467608,48,0.0009086652898918524,6,0.0464940071105957,0.2726308519528773
S2,4,50,1,SINE,det,sample,0,1,0,1e-18,1.0,0.5066415252469988,7.07e-06,13736.27168536797,3.16e-11,5,1e-06,0.297427430699362,0.0,0.30512324605515256,0.0,0.29816617719519795,0.297427430699362,0.30512324605515256,0.3358506907929527,0.34811046475117846,0.3597797986604795,0.364938381089139,0.3806558743645897,0.38268354293722573,0.3884372932620398,0.39570473349100094,0.4455768343431246,0.4712545093442025,0.5867938991871449,0.6294976937277946,0.6597584178006018,0.7084007217790843,0.687025716918257,0.7319576444300123,0.759015932246238,0.8033837976266605,1.6605390671738465,0.5203549762132869,0.7884906376478272,0.5066415252469988,8.966162248345672e+18,4.1947229450478285e+18,8.966162248345674,4.194722945047829,0.37995908018392266,0.19804836634466066,0.7033049081228154,0.2179490941261683,0.8958445168703624,0.5153,0.0,0.014128803064873617,0.21788862603354966,0.017715817325221286,0.7975247658914961,216.6309251590832,101.34845736696421,52,0.0008444025420783313,6,0.08286285400390625,0.2726308519528773
S2,4,51,1,SINE,det,sample,0,1,0,1e-18,1.0,1.989206266975447,7.07e-06,18786.988697183973,3.16e-11,5,1e-06,0.2759578376728842,0.0,0.27911280987294285,0.0,0.27573445145493375,0.2759578376728842,0.27911280987294285,0.28671285721097023,0.2902920667296919,0.2953136549293094,0.3028623144688343,0.31622896624014774,0.3273086554058776,0.3472346222017946,0.36039513816793495,0.3617016042102198,0.37404897882030297,0.3782396047308858,0.38493743630419563,0.42176410767940714,0.43372576787254885,0.5125924352122199,0.5491810414201771,0.6011539457574124,0.6469351434996193,1.6605390671738465,0.13253197679666243,0.47166656257786416,1.989206266975447,5.286611224437321e+18,1.4562187701573742e+18,5.286611224437322,1.4562187701573743,0.2046695031686829,0.07996566948621801,0.4921019038163907,0.2424791665241072,0.8083800781255513,0.015,0.0,0.13003149886786075,0.2381236438890292,0.01912068689428963,6.800566296951105,127.72950664790358,35.18361710122071,13,0.0009946031334877234,20,0.21410584449768066,0.2726308519528773
S2,4,52,1,SINE,det,sample,0,1,0,1e-18,1.0,1.9723745158727626,7.07e-06,19990.924875655204,3.16e-11,3,1e-06,0.2824850782705331,0.0,0.28592299038848834,0.0,0.28221351317791926,0.2824850782705331,0.28592299038848834,0.28724679011755033,0.290819864918868,0.29444289079426444,0.30057429298789207,0.3272905976928159,0.3380669226066007,0.3579214804665462,0.37111240718445226,0.3645428184706721,0.37657114958439514,0.3824262621170765,0.3876940458239523,0.4306569245071528,0.44700655409478063,0.5333452059910047,0.5732396862002649,0.611562953060791,0.6576105405880037,1.6605390671738465,0.13366297155888238,0.47342101835140776,1.9723745158727626,5.641585651694273e+18,1.5612020737971558e+18,5.641585651694273,1.5612020737971561,0.19795513531532796,0.07633765935986654,0.5050390437661485,0.24552670156053458,0.8199863602011552,0.0373,0.0,0.12977070751342698,0.24127714084450197,0.019063589302976268,6.807254680689474,136.30602316127332,37.72011260105835,13,0.0009861872579363814,20,0.22952485084533691,0.2726308519528773
S2,4,53,1,SINE,det,sample,0,1,0,1e-18,1.0,0.5216882165191189,7.07e-06,16003.484652262896,3.16e-11,5,1e-06,0.2892417989708221,0.0,0.29572592692455835,0.0,0.28982612911556915,0.2892417989708221,0.29572592692455835,0.32858876243072627,0.34003225922209973,0.35494148895343774,0.36236994159451785,0.37369358925849633,0.3764529391581875,0.38195865488575265,0.3882831605754035,0.43431490749078455,0.4574211293486711,0.5782719225199788,0.6190427375748411,0.6682819856673111,0.7163874181086419,0.7002817647983611,0.7447565261522727,0.7712259002613548,0.8150420851853667,1.6605390671738465,0.5053467386662811,0.7817802885273851,0.5216882165191189,1.0209966589997175e+19,4.744938411363355e+18,10.209966589997176,4.744938411363355,0.3336595774561038,0.17099548936722747,0.7210774932190821,0.21610581546778637,0.9076178528362172,0.55215,0.09445,0.014909147287869906,0.21603794290772396,0.017285905281918135,0.8625031229035814,246.6824095941953,114.64218128175965,51,0.0008694803608651981,6,0.087432861328125,0.2726308519528773
S2,4,54,1,SINE,det,sample,0,1,0,1e-18,1.0,1.9744303734934507,7.07e-06,11174.583418647075,3.16e-11,4,1e-06,0.2895884701193522,0.0,0.2932811805697763,0.0,0.28938858052295935,0.2895884701193522,0.2932811805697763,0.2979430215106641,0.30293013915502986,0.31683488374535035,0.328381138391867,0.33922235006262297,0.3547695290077939,0.3489176046850771,0.36061767733465616,0.36980110950293615,0.372526178578412,0.41082050497816514,0.414559547213997,0.4581122574160573,0.48378014061209235,0.5106408438439121,0.5502908010327878,0.558419588862199,0.6020297498354871,1.6605390671738465,0.133523796208679,0.4732056845258655,1.9744303734934507,3.1524493798083226e+18,8.752729649522236e+17,3.152449379808323,0.8752729649522237,0.27008078300953636,0.1219702263424799,0.39670998961077814,0.2126252587105405,0.6996594340015762,0.0,0.0,0.11384930120236404,0.20859402485054493,0.019124331745094765,5.953112648318572,76.1661463120477,21.147419253908637,13,0.0009872151867467253,20,0.19579505920410156,0.2726308519528773
S2,4,55,1,SINE,det,sample,0,1,0,1e-18,1.0,1.4245159933921498,7.07e-06,18164.595776631348,3.16e-11,1,1e-06,0.2916429767113376,0.0,0.2934218744079544,0.0,0.29102173573241674,0.2916429767113376,0.2934218744079544,0.29775277731361455,0.302733910524475,0.3391017912844951,0.3512910903659171,0.3613396869518685,0.37377244458652215,0.36762512652038615,0.3762595965526612,0.3800802040421261,0.3884135389998134,0.46283893142607035,0.4881480633041239,0.5500315316006934,0.592163890340191,0.5967028165056855,0.643222009978106,0.6487237967565507,0.6940964754917276,1.6605390671738465,0.18506878128534338,0.5438018464870795,1.4245159933921498,5.937339859070552e+18,1.9735395815150328e+18,5.937339859070553,1.9735395815150332,0.23607986415574597,0.10119049011963124,0.5535081346254397,0.25053851821608863,0.8351873704561174,0.10205,0.0,0.08157061718193387,0.24891762428276829,0.018901767416689298,4.3155021106603595,143.4517233827294,47.68257516871883,19,0.0009496773289280999,15,0.18930578231811523,0.2726308519528773
S2,4,56,1,SINE,det,sample,0,1,0,1e-18,1.0,1.9971959121885674,7.07e-06,4245.54308708269,3.16e-11,1,1e-06,0.3222004095069977,0.0,0.33414326720010784,0.0,0.3232542692406404,0.3222004095069977,0.33414326720010784,0.341940406149901,0.34787818603173776,0.3980513104297829,0.39810716232338805,0.4165913794451713,0.4160392741069967,0.426474648053309,0.4313507142596824,0.4441371283483786,0.46474755841881593,0.45677842022730514,0.4843768541249544,0.4588353621161693,0.48747746143842147,0.46305106765428145,0.49179437503315265,0.5215875199729494,0.5473705627987226,1.6605390671738465,0.13200179171690304,0.47084050797847093,1.9971959121885674,1.193094725838614e+18,3.338150035953056e+17,1.1930947258386142,0.33381500359530564,0.3753908936747019,0.2283084265796612,0.22700409340300218,0.1346074666796602,0.44317166710195094,0.0,0.0,0.0719469849254098,0.13188632641044523,0.0169418657251036,4.246697860366252,28.8262923536243,8.065284907617679,13,0.0009985979560942838,20,0.19445204734802246,0.2726308519528773
S2,4,57,1,SINE,det,sample,0,1,0,1e-18,1.0,1.398352229884394,7.07e-06,17264.740081237294,3.16e-11,3,1e-06,0.2888169341059985,0.0,0.291410450783518,0.0,0.2883668505228793,0.2888169341059985,0.291410450783518,0.2918588588639069,0.2976611216187919,0.3069355267848784,0.317440457039707,0.34185658168113264,0.35377290673331757,0.3630640985312226,0.3743674103325799,0.36935947179675543,0.3775598374260894,0.3998044217451956,0.4072516006810988,0.4898272858857817,0.5212837230114046,0.5820971454047259,0.627239388748793,0.6413796862774612,0.6884791193538244,1.6605390671738465,0.18853149670334549,0.5479851212076988,1.398352229884394,5.691286182142824e+18,1.908646680602314e+18,5.691286182142825,1.9086466806023141,0.24586258920488752,0.10687443108973008,0.547746658375139,0.24935594805168376,0.8288777876700129,0.0839,0.0,0.07897257797365997,0.2478225462082599,0.018960548984438125,4.165099757315927,137.5068347899,46.11470155996579,19,0.0009988230213459957,14,0.1875629425048828,0.2726308519528773
S2,4,58,1,SINE,det,sample,0,1,0,1e-18,1.0,0.5305413364373773,7.07e-06,10397.79128053364,3.16e-11,5,1e-06,0.3108704125578379,0.0,0.3225691335393717,0.0,0.312230760118874,0.3108704125578379,0.3225691335393717,0.3333119944687308,0.34487026606458315,0.3685044464888487,0.37201077837150376,0.3883389928056876,0.391082492990338,0.3935922821745523,0.40192968383759076,0.44352108092746234,0.4691195733275237,0.575865276920047,0.6196488294919088,0.631125347008871,0.6801390068715388,0.6513154721409765,0.6973544296573829,0.7211706163293269,0.7669796111260412,1.6605390671738465,0.4969140398915618,0.7778986485121671,0.5305413364373773,6.545529484734089e+18,3.0408775804449403e+18,6.54552948473409,3.0408775804449406,0.466449980644193,0.24979920534370822,0.6494915122755704,0.22587972808493112,0.8610860455427325,0.39085,0.0,0.014773438141622894,0.2258169189068345,0.018653922472841433,0.7919748869510848,158.1461575933035,73.4704665498158,50,0.0008842355607289622,6,0.08526492118835449,0.2726308519528773
S2,4,59,1,SINE,det,sample,0,1,0,1e-18,1.0,1.095725448166967,7.07e-06,8143.501647363913,3.16e-11,3,1e-06,0.30034385983578776,0.0,0.30572544081987396,0.0,0.30037586726753773,0.30034385983578776,0.30572544081987396,0.31823870344687233,0.32864512758028164,0.34889348824462113,0.36087903055548853,0.3714145677140368,0.37599498195765385,0.39357236622065556,0.3908296643533736,0.41289437492942566,0.41672812762164924,0.47358568591299455,0.5032378619111675,0.5297525997031045,0.5728321815223412,0.546100502070717,0.5901461909443861,0.5924045751713131,0.6377375876932996,1.6605390671738465,0.24060173035097102,0.6044475885676543,1.095725448166967,3.072050975986486e+18,1.1554005491862912e+18,3.0720509759864862,1.1554005491862913,0.4234189224474176,0.2241222871130532,0.4569905530803992,0.22295997073260349,0.7195318513295842,0.0,0.0,0.04561519077916596,0.2223504489703631,0.019560998319745566,2.331945948439675,74.22364514835846,27.91556554151366,24,0.0009961140437881517,11,0.12414693832397461,0.2726308519528773
S2,4,60,1,SINE,det,sample,0,1,0,1e-18,1.0,0.5301780562790862,7.07e-06,18807.860643213142,3.16e-11,5,1e-06,0.2868184945264656,0.0,0.2943209274841716,0.0,0.28762643722098286,0.2868184945264656,0.2943209274841716,0.31869722555087243,0.3287524159210833,0.3524715779864267,0.3611769724417386,0.3673010816042768,0.37189877838222113,0.3752198740318974,0.38221723538324087,0.4258857643823571,0.44757196414830236,0.5708984124805239,0.6098558443596117,0.6773531016518173,0.7247090621672313,0.7155004353535949,0.7592626393065426,0.7856651097905262,0.8287130220370409,1.6605390671738465,0.49725452741067155,0.7780569683912126,0.5301780562790862,1.1844839827938748e+19,5.480465823457075e+18,11.84483982793875,5.480465823457076,0.2910529642896903,0.14684175226479942,0.7411825847095537,0.2125713457031886,0.9196803544731859,0.59165,0.25795,0.015330288218894294,0.21249804182640064,0.016771129375349546,0.9140880065851128,286.1824869119413,132.4132163521018,50,0.0008836300937984771,6,0.1257472038269043,0.2726308519528773
S2,4,61,1,SINE,det,sample,0,1,0,1e-18,1.0,1.9991225950837208,7.07e-06,7258.4960514441245,3.16e-11,3,1e-06,0.30522991773912767,0.0,0.30961461807336194,0.0,0.3049893695958026,0.30522991773912767,0.30961461807336194,0.3223185103412751,0.3355298692920865,0.3314354502208244,0.34649610464314473,0.3414114566092109,0.3506872501892117,0.3785097976773397,0.378277929480831,0.4106021269110996,0.4108700379090866,0.4352620720259501,0.4495722004653548,0.4716026538819334,0.5038661001085684,0.4874252152818566,0.5236549634752397,0.5256265169866929,0.5646291688239982,1.6605390671738465,0.1318745731086716,0.47064195058431596,1.9991225950837208,2.0391255840893192e+18,5.647619385689301e+17,2.0391255840893194,0.5647619385689302,0.319677668002782,0.16459321395602014,0.31545388269875346,0.1790737889599445,0.5876278627788,0.0,0.0,0.09685562598279086,0.17547576436589443,0.018463708051928943,5.245729931950053,49.26719476644863,13.645180385777456,13,0.0009995612975418604,20,0.23984789848327637,0.2726308519528773
S2,4,62,1,SINE,det,sample,0,1,0,1e-18,1.0,1.0254908566719951,7.07e-06,13731.834680567114,3.16e-11,3,1e-06,0.29328683609306044,0.0,0.2983519687537783,0.0,0.29334015568330646,0.29328683609306044,0.2983519687537783,0.30291277824809215,0.3129533957908989,0.3250514234307009,0.33655445240532106,0.35732923302264263,0.3657885392019668,0.373288724520194,0.377992034836633,0.38398239135290874,0.38764434028273814,0.4442452883284771,0.4639798789246276,0.5614738418735196,0.6049530680686562,0.6054445862464242,0.6524356783962459,0.6566806508063455,0.7039206419561491,1.6605390671738465,0.25708024318630174,0.6201665038052979,1.0254908566719951,5.397430092016475e+18,2.0736825778648205e+18,5.397430092016476,2.0736825778648207,0.31725552348934755,0.15242726551986832,0.567399661841229,0.24658687342545016,0.8263211167784315,0.11045,0.0,0.04678385827940687,0.2460364031567392,0.01899098109595849,2.463477692016819,130.40699486904117,50.10212428533892,26,0.0009322644151563592,11,0.22489595413208008,0.2726308519528773
S2,4,63,1,SINE,det,sample,0,1,0,1e-18,1.0,1.9569350023740277,7.07e-06,780.8689710821238,3.16e-11,1,1e-06,0.4347028179566153,0.0,0.44043769177340053,0.0,0.43442970147300775,0.4347028179566153,0.44043769177340053,0.4348828246601575,0.4415053188865136,0.4351828936514467,0.4454606747441454,0.43584404390302167,0.44868183053209887,0.4363342537179406,0.44961424290643126,0.43827806643417055,0.4516754980076618,0.4391849374867807,0.45260112102074496,0.4415807921464792,0.45492351433404965,0.5276781119378138,0.5412291787762542,0.8260308236261107,0.80357731124476,1.6605390671738465,0.1347175243422711,0.47504755000675375,1.9569350023740277,2.209832824152645e+17,6.894602920338348e+16,0.22098328241526455,0.06894602920338348,0.4780439435708832,0.41851774927990076,0.06328272329509183,0.03370580119198671,0.12269216909832237,0.0,0.0,0.019938354622514472,0.03290027914165471,0.010377329031639395,1.9213378087679889,5.33916424757342,1.6658010059019304,13,0.0009784675011870138,20,0.22306418418884277,0.2726308519528773
S2,4,64,1,SINE,det,sample,0,1,0,1e-18,1.0,1.1802043013850003,7.07e-06,10639.876712771547,3.16e-11,3,1e-06,0.29391200575777526,0.0,0.29880127531238826,0.0,0.29392436096317054,0.29391200575777526,0.29880127531238826,0.3056074718986219,0.3144809159988016,0.33071247152694994,0.3425740183777456,0.3596017785074982,0.36927544468774487,0.3768078653619984,0.37811686723886717,0.39399013470430505,0.3947266818793365,0.4453178074474227,0.4651314808473406,0.5324011350387153,0.5744297939218697,0.5632151704237215,0.6085556406314655,0.6102938323894281,0.6566314856284309,1.6605390671738465,0.22337949328703918,0.58699666917491,1.1802043013850003,3.8403959890742405e+18,1.3961298585680018e+18,3.840395989074241,1.396129858568002,0.353616446710704,0.17504991912992077,0.4922438848429669,0.2343758531470825,0.7630523652385396,0.0,0.0,0.05555085595082835,0.23353485125214965,0.01941913386636398,2.8606248009365847,92.78758436965451,33.73181239940307,22,0.0009835035844875002,12,0.14127492904663086,0.2726308519528773
S2,4,65,1,SINE,det,sample,0,1,0,1e-18,1.0,1.985987525681046,7.07e-06,12801.402811523098,3.16e-11,3,1e-06,0.2892893680139518,0.0,0.29265072393987845,0.0,0.28902456397598186,0.2892893680139518,0.29265072393987845,0.2954646072689289,0.29935358164158515,0.32019668476527047,0.3320935835829631,0.3440376070356034,0.35988483543260735,0.3514361455652817,0.36388580176660734,0.36643922358313935,0.3706176956864371,0.4057998657704841,0.4092630023299312,0.46012876993615504,0.48622449608406093,0.5200060803909489,0.5607752790186412,0.5698290163904202,0.6140609723441448,1.6605390671738465,0.13274677479565677,0.47200057138095186,1.985987525681046,3.6042567853764864e+18,9.962033615753978e+17,3.604256785376487,0.9962033615753979,0.2522427549836646,0.10936137120559351,0.42105974554565667,0.22136624156368756,0.7305335662286638,0.0,0.0,0.11950907050361663,0.21715557950546718,0.019197456020907954,6.225255594984006,87.08223878851558,24.069211540811175,13,0.000992993762840523,20,0.2368297576904297,0.2726308519528773
S2,4,66,1,SINE,det,sample,0,1,0,1e-18,1.0,1.6275505533800643,7.07e-06,18356.456284413285,3.16e-11,5,1e-06,0.27792396653225476,0.0,0.2794914966104726,0.0,0.27740135726828574,0.27792396653225476,0.2794914966104726,0.2875617836502011,0.2913858578005762,0.2991268407378777,0.30839941256125364,0.3213698274146385,0.33347551331463415,0.3474369437064995,0.3593804992818709,0.3640182269632795,0.3750248594543739,0.3843615878333617,0.39129741940364215,0.4386480213929508,0.4567417216702341,0.5450107357080526,0.5857458073781756,0.6255194517307231,0.6723147497696084,1.6605390671738465,0.16198172048853218,0.5142583277198949,1.6275505533800643,5.618583453404737e+18,1.7401989526005955e+18,5.618583453404737,1.7401989526005956,0.22422468208798327,0.09283258922853391,0.5285010137660403,0.24799928884947167,0.8236503879189828,0.0563,0.0,0.09929021009891532,0.24555390808031655,0.01902263975114081,5.2195810569855725,135.7502683847998,42.044845790325795,16,0.0009573826784588614,17,0.24416208267211914,0.2726308519528773
S2,4,67,1,SINE,det,sample,0,1,0,1e-18,1.0,1.627281073377605,7.07e-06,19925.866814875164,3.16e-11,2,1e-06,0.28700503323766535,0.0,0.28966914598618243,0.0,0.2865608383967924,0.28700503323766535,0.28966914598618243,0.2893203261247036,0.29385355778288647,0.30095905894964237,0.30831955264855787,0.3464734251140528,0.35790074033175295,0.3643024118634221,0.37658016402477523,0.36868444010170487,0.37854763401930525,0.3943012138502408,0.4011276364292249,0.47960979349078087,0.5090029569598095,0.5751764059601144,0.6196033275967601,0.6383637700041805,0.6848857589595923,1.6605390671738465,0.16200854488608077,0.5142944453544414,1.627281073377605,6.099356437047277e+18,1.888461374644883e+18,6.099356437047278,1.8884613746448833,0.21275063369123287,0.08656023870579695,0.5432389782434562,0.25088744552807746,0.836812000947751,0.09145,0.0,0.10012798803776554,0.2484514063826242,0.01890703035225875,5.2958072300234935,147.36619651025757,45.62700555547019,16,0.0009572241608103559,17,0.2077193260192871,0.2726308519528773
S2,4,68,1,SINE,det,sample,0,1,0,1e-18,1.0,1.6678990523312414,7.07e-06,10675.939940477605,3.16e-11,5,1e-06,0.2908235376707624,0.0,0.2945563432543399,0.0,0.29063021721274496,0.2908235376707624,0.2945563432543399,0.29831219413654847,0.3042261661856764,0.31398564342758317,0.3241922666083193,0.3349899443512455,0.34861112654663734,0.35352915363358356,0.3636853134211211,0.3749373728851941,0.3768517202299206,0.41437917588168566,0.42002991165377146,0.4696157389997404,0.49859524723232357,0.5223463395153557,0.563558097816858,0.5721528225685433,0.6169320488345629,1.6605390671738465,0.15806318640812345,0.5089339369161012,1.6678990523312414,3.235684986894548e+18,9.933673153210769e+17,3.2356849868945483,0.993367315321077,0.30077581004033965,0.1415489279369681,0.42313193826712625,0.21918742853012063,0.7136876920660725,0.0,0.0,0.09095045681860638,0.2167245170076233,0.019298972206449792,4.712709871057816,78.17719697896976,24.00068999203139,16,0.0009811170896066126,17,0.22948884963989258,0.2726308519528773
S2,4,69,1,SINE,det,sample,0,1,0,1e-18,1.0,0.5138280501798014,7.07e-06,247.42372505939906,3.16e-11,5,1e-06,0.43498818247699117,0.0,0.4436992851332045,0.0,0.4350615756770406,0.43498818247699117,0.4436992851332045,0.43539808393799884,0.4466995615643172,0.43555948160781643,0.4474793124253653,0.4355795344971985,0.44757219190379344,0.4355818554114875,0.4475965583558004,0.43599874511232467,0.44816144659103635,0.4518696120253002,0.4651756424387183,0.5007141454860493,0.5165757295670247,0.594724822362672,0.6186185777548687,0.7712254143124166,0.7924859659014073,1.6605390671738465,0.5130771640947073,0.7852677677574872,0.5138280501798014,1.609493695843833e+17,1.0381103407103254e+17,0.16094936958438333,0.10381103407103255,1.7631426860515003,1.6763662589368649,0.0933868721705282,0.024487805559855427,0.12831207962818625,0.0,0.0,0.0016771355079056992,0.02447956487469178,0.01287182375947684,0.13029509564803615,3.88868836756432,2.508172362894529,51,0.0008563800836330023,6,0.10509896278381348,0.2726308519528773
S2,4,70,1,SINE,det,sample,0,1,0,1e-18,1.0,1.3914188678515285,7.07e-06,14424.200572450638,3.16e-11,5,1e-06,0.2880682585666275,0.0,0.28988296497839317,0.0,0.2875252741145646,0.2880682585666275,0.28988296497839317,0.29309521580859726,0.29972952240652984,0.3096367342145166,0.3206629679443408,0.32931340512861323,0.34143328081560914,0.3547996176281283,0.36513144821285803,0.36879086136697337,0.375367456515296,0.401588848513311,0.4080900098813734,0.47619219934446816,0.5048918397880026,0.5618377046489451,0.6057862415457761,0.622256497111415,0.6692941616546395,1.6605390671738465,0.18947093855758787,0.5491096886769181,1.3914188678515285,4.765837093456089e+18,1.6037560986008968e+18,4.765837093456089,1.603756098600897,0.27602080088505043,0.12464640120700408,0.5160573598355784,0.2428722019522281,0.7990288380588868,0.0,0.0,0.07629266354119724,0.24137534390220203,0.01919894739014283,3.9737940831260157,115.14711312561401,38.748257922004086,19,0.0009938706198939489,14,0.22338390350341797,0.2726308519528773
S2,4,71,1,SINE,det,sample,0,1,0,1e-18,1.0,1.7422231862323394,7.07e-06,4814.416749216235,3.16e-11,4,1e-06,0.31426350249769086,0.0,0.322451250337312,0.0,0.3146201969872045,0.31426350249769086,0.322451250337312,0.32438304763612097,0.33763013791639845,0.33455563570929453,0.3454517637761865,0.37646103513991314,0.37736724019640233,0.41244769331583714,0.4112944349165518,0.42849506534179344,0.4341844750546265,0.4484423068782468,0.47131450217754994,0.4655379508100922,0.49675880649330045,0.4752119471715188,0.5080604387940221,0.5137035165379652,0.550209039199223,1.6605390671738465,0.15132012987881785,0.499539796032777,1.7422231862323394,1.430224117087645e+18,4.329877202882007e+17,1.430224117087645,0.43298772028820076,0.4005472385526514,0.23618367960612155,0.2701082318993106,0.15490055842233988,0.502083150667701,0.0,0.0,0.06707309976408524,0.15288085004127716,0.017872624452404673,3.7528399895998983,34.55556179866093,10.461391153819667,15,0.0009679017701290774,18,0.17428207397460938,0.2726308519528773
S2,4,72,1,SINE,det,sample,0,1,0,1e-18,1.0,1.9935607484145423,7.07e-06,9644.182818372958,3.16e-11,1,1e-06,0.310378142133667,0.0,0.3165890201024482,0.0,0.3104117451937683,0.310378142133667,0.3165890201024482,0.3302270424360011,0.34532966710963675,0.33785242652081604,0.3525943868731426,0.35510095546828646,0.3618124453168162,0.3763416436726697,0.37740186702190176,0.40616356277329,0.4109908020904347,0.45562393230095466,0.479490137795299,0.4917651033332962,0.5287947770989635,0.5058435698766852,0.5452958188265812,0.5512904198124425,0.589935416928792,1.6605390671738465,0.1322424907433748,0.47121581562185205,1.9935607484145423,2.711862656337611e+18,7.497826633998076e+17,2.711862656337611,0.7497826633998077,0.2866727526366389,0.1351383548031439,0.36752407163125733,0.2014826996229557,0.6621977553397352,0.0,0.0,0.1091464808824786,0.19751395969013982,0.01895814468024174,5.757234303430099,65.52115608382829,18.11545536893566,13,0.0009967803742072711,20,0.26053500175476074,0.2726308519528773
S2,4,73,1,SINE,det,sample,0,1,0,1e-18,1.0,0.8376331972634334,7.07e-06,16405.36158624618,3.16e-11,4,1e-06,0.28533879097400794,0.0,0.28802230430130993,0.0,0.2850601534840554,0.28533879097400794,0.28802230430130993,0.30284933264759833,0.3133292623259305,0.32947223677147064,0.3415792684958491,0.35371919721005946,0.36117338399930893,0.3699983447042763,0.3744339050682224,0.38228027150471244,0.3904214400971045,0.45462487250454703,0.4769089172709648,0.5937651928715515,0.6380923279795749,0.6474917898297406,0.6945368377592465,0.7038118090762435,0.7506963795175748,1.6605390671738465,0.31473613949382834,0.668802110967658,0.8376331972634334,7.349357211739578e+18,3.0231359725855375e+18,7.349357211739579,3.023135972585538,0.2967436320248224,0.1429858551214164,0.6356707846605507,0.24740231659996942,0.8712459609019914,0.38585,0.0,0.03396386536728411,0.24711742178631058,0.01826689623706824,1.8593123279674995,177.56739260406312,73.04181259309075,31,0.000930703552514926,9,0.13078713417053223,0.2726308519528773
S2,4,74,1,SINE,det,sample,0,1,0,1e-18,1.0,1.985587233627774,7.07e-06,18557.97486137097,3.16e-11,1,1e-06,0.29004616584523274,0.0,0.2916954614534994,0.0,0.2893889032377988,0.29004616584523274,0.2916954614534994,0.2923295338476058,0.2948078782792912,0.31847221961724975,0.32813085504458045,0.35326717919812645,0.36681413412182123,0.36148329145600244,0.3729727303894182,0.37050734249905737,0.37815063404004534,0.420710486598034,0.4332016188251499,0.4886636650526654,0.521337106313551,0.5551907015664678,0.599073482636077,0.6112403321457226,0.6553575309850069,1.6605390671738465,0.13277353638948064,0.4720421589263474,1.985587233627774,5.225374758748102e+18,1.4409739318802163e+18,5.225374758748102,1.4409739318802166,0.20632311532449918,0.08089944229360674,0.4901937941566158,0.241977124366126,0.80631079143934,0.01135,0.0,0.12951515909063496,0.2376413439708523,0.01912911469084159,6.770577791174135,126.24997595815104,34.81528744931299,13,0.000992793616813887,20,0.18309593200683594,0.2726308519528773
S2,4,75,1,SINE,det,sample,0,1,0,1e-18,1.0,1.0061561051046963,7.07e-06,19017.312806552825,3.16e-11,3,1e-06,0.2866778597986305,0.0,0.289620494256303,0.0,0.2863620749783475,0.2866778597986305,0.289620494256303,0.2955629536067457,0.30352454765933545,0.31985629189091397,0.33206426022658386,0.3454760358536725,0.35479702868981294,0.366211765858073,0.3744882629268562,0.3759709118466975,0.38563209971443213,0.42425769828209825,0.4402591285798377,0.5630775075488719,0.6037966570230433,0.6392388143085836,0.6861201702536233,0.6956552051380274,0.7426043685116875,1.6605390671738465,0.2620204136127891,0.6247062166529149,1.0061561051046963,7.556438432834135e+18,2.9167822524818447e+18,7.556438432834136,2.916782252481845,0.2537495057380955,0.11615598808461373,0.6262887833346091,0.2522433911432535,0.8728744494435784,0.363,0.0,0.0469804416881696,0.25171680929317825,0.018242405318296157,2.57534249834098,182.57066995575988,70.4722065406881,26,0.0009146873682769966,11,0.190446138381958,0.2726308519528773
S2,4,76,1,SINE,det,sample,0,1,0,1e-18,1.0,1.2170081893204168,7.07e-06,8876.732468557724,3.16e-11,1,1e-06,0.3297856780495025,0.0,0.3436274498058796,0.0,0.3311752791949702,0.3297856780495025,0.3436274498058796,0.34142107130608607,0.3567486444366534,0.35762003636475553,0.3636477060052657,0.38946098485693886,0.38688263119626115,0.3989405310056037,0.3972741543314301,0.4308637053885221,0.4479109968427922,0.5110603459905907,0.5502582319282321,0.535641170178095,0.579808964707924,0.543473453568238,0.5872505674606182,0.591316727762973,0.6340077219305154,1.6605390671738465,0.21662421102176774,0.5798417797722802,1.2170081893204168,3.1537958585167084e+18,1.1343861631544325e+18,3.153795858516709,1.1343861631544327,0.38497586420903007,0.19781597018819122,0.4523178991733952,0.22342419044895362,0.7212406270115062,0.0,0.0,0.05508706181105327,0.22254117816955643,0.019500011774668733,2.824975822969168,76.19867850589223,27.40783818150837,22,0.0009361601456310898,13,0.20374703407287598,0.2726308519528773
S2,4,77,1,SINE,det,sample,0,1,0,1e-18,1.0,1.994474004391174,7.07e-06,2836.1825307201916,3.16e-11,3,1e-06,0.32042096815947096,0.0,0.3312320553462898,0.0,0.3212742459924047,0.32042096815947096,0.3312320553462898,0.33943653331914636,0.34561393198575835,0.4032448588334411,0.40446588928738436,0.425457581983317,0.4268214053051094,0.43193921685849,0.43691621794239816,0.4378890229986832,0.4532496852368539,0.4450914870901122,0.467447460641826,0.44927421642020327,0.47294799750663136,0.4551679986343776,0.4798769809431929,0.5001175105129988,0.5272137675593913,1.6605390671738465,0.13218193781324378,0.4711214439784061,1.994474004391174,7.974055187536e+17,2.2583433103419366e+17,0.7974055187536001,0.2258343310341937,0.40901556912135023,0.2789494754106035,0.1714407302274254,0.10294358090989557,0.3419986752724546,0.0,0.0,0.05495382428871205,0.10084575574523368,0.015432953402040076,3.5608106146065164,19.26606841030826,5.456370151415301,13,0.000997237002195587,20,0.22438502311706543,0.2726308519528773
S2,4,78,1,SINE,det,sample,0,1,0,1e-18,1.0,1.6715092470855484,7.07e-06,19959.18101321931,3.16e-11,4,1e-06,0.2788784287620733,0.0,0.2816162786457631,0.0,0.27855399031538497,0.2788784287620733,0.2816162786457631,0.287176435612694,0.2907766369435797,0.2967224158006045,0.30509686854994267,0.3219404488030071,0.3332269935799246,0.3544841265323191,0.3664270915503255,0.3660703913397329,0.37781071136874667,0.38375446610663705,0.3908944725643266,0.4369110484990703,0.4551184205034749,0.5499551727482771,0.5909879529901355,0.6315298051414704,0.6783093270220746,1.6605390671738465,0.15772179500546465,0.5084654635907735,1.6715092470855484,6.044023979737933e+18,1.8454506561165573e+18,6.044023979737934,1.8454506561165576,0.21025201066645,0.0849318121888241,0.5387092748928612,0.25027359795799986,0.834918907568471,0.08355,0.0,0.10381288624397786,0.24764495916373147,0.01893500827334807,5.48258995957765,146.02931222395546,44.58782608397811,16,0.0009832407335797343,17,0.21973299980163574,0.2726308519528773
S2,4,79,1,SINE,det,sample,0,1,0,1e-18,1.0,0.5372697330484738,7.07e-06,12009.021685329406,3.16e-11,1,1e-06,0.35657198753221964,0.0,0.3722511384994803,0.0,0.35834137807625827,0.35657198753221964,0.3722511384994803,0.37053598862232817,0.37620800276405286,0.3874111143767395,0.3857002895480912,0.391078253568243,0.38958834360914096,0.41235387497721543,0.42362829704090604,0.5607717785509571,0.6013977228917546,0.6393831749526725,0.6889285336376293,0.6512386123600337,0.7009723387248584,0.6664395512720547,0.7122137571874056,0.7348735463041317,0.7786654663392367,1.6605390671738465,0.4906910302255567,0.7749811086544015,0.5372697330484738,7.482360697461693e+18,3.4615991068261366e+18,7.4823606974616945,3.461599106826137,0.4171738525406657,0.21942741581876216,0.6704342527939952,0.2257009988819183,0.8767257797011025,0.44675,0.0,0.01537683806935523,0.22563298053720635,0.018265758888412507,0.8418395404918019,180.78088209525328,83.63549490529938,49,0.0008954495550807897,6,0.08999204635620117,0.2726308519528773
S2,4,80,1,SINE,det,sample,0,1,0,1e-18,1.0,1.992857925149897,7.07e-06,16889.02339929828,3.16e-11,3,1e-06,0.2866364973189133,0.0,0.2899617141270496,0.0,0.2863393163033419,0.2866364973189133,0.2899617141270496,0.2894552065381054,0.29310241481879923,0.30129258989387236,0.3083093103743247,0.33862331859480616,0.3520803821266101,0.35627709912768574,0.37057267442955544,0.3617019801142673,0.37179911540078003,0.38876802268573973,0.3922496446669131,0.44159272719836595,0.4611771357730689,0.5298701112572705,0.5704927172283063,0.5949027773545132,0.6404938602640381,1.6605390671738465,0.1322891288392953,0.4712884804485452,1.992857925149897,4.74959640613746e+18,1.307673483203968e+18,4.74959640613746,1.3076734832039683,0.21744493810323282,0.08727428540586188,0.47212400199321397,0.23722012724991956,0.7883290202740173,0.0,0.0,0.12805866487258957,0.23284636109528054,0.019185232103113545,6.674856169804018,114.75472282287292,31.594623053441214,13,0.0009964289625749485,20,0.21379709243774414,0.2726308519528773
S2,4,81,1,SINE,det,sample,0,1,0,1e-18,1.0,1.5397826743848453,7.07e-06,13609.116747123066,3.16e-11,2,1e-06,0.29142264262667894,0.0,0.29468784584730595,0.0,0.2911194474536312,0.29142264262667894,0.29468784584730595,0.29682675053851787,0.30247182824406027,0.332305869546541,0.34551448266659235,0.3538200036020208,0.3679646102184013,0.36277533393327266,0.3705681408401847,0.3769460904416478,0.37932306658362624,0.41883903864895666,0.4298064439271986,0.5083217508039283,0.545526610557438,0.5562146399274217,0.6008522078165456,0.604716715010041,0.650381105117164,1.6605390671738465,0.17121470659740276,0.5264344145830457,1.5397826743848453,4.275219192302252e+18,1.3668283431191803e+18,4.275219192302252,1.3668283431191806,0.27439349409504027,0.12311190783111556,0.48474545527269775,0.23679590669781067,0.7757863033888999,0.0,0.0,0.087301385465848,0.23476036124372515,0.019288643236532406,4.526051127354591,103.2933225201436,33.02386018702675,17,0.0009623641714905283,16,0.20233392715454102,0.2726308519528773
S2,4,82,1,SINE,det,sample,0,1,0,1e-18,1.0,0.5266475462090969,7.07e-06,17692.788983659815,3.16e-11,4,1e-06,0.290943618841814,0.0,0.29870997516060976,0.0,0.29180377644277444,0.290943618841814,0.29870997516060976,0.3298481982961541,0.3412681784467534,0.3562154896853459,0.3630396040493358,0.3720852527368315,0.37545865713699295,0.378260609110558,0.38512225509253717,0.43545196303763817,0.45733249366658474,0.5978355107736244,0.6393854873745491,0.6800008564751171,0.7281928811472161,0.7102189159309138,0.7543264296358444,0.7798919090158714,0.8232174156320862,1.6605390671738465,0.5005879942216498,0.7795998562453204,0.5266475462090969,1.1198453887579357e+19,5.189100303029377e+18,11.198453887579358,5.189100303029377,0.30679792209848383,0.1556593261841075,0.73347352335134,0.21440058105998733,0.9153015525532302,0.5776,0.209,0.015184615320033462,0.21432943038072558,0.016964719718086458,0.8950702146788085,270.5651937611604,125.373550941033,50,0.0008777459103484949,6,0.08063793182373047,0.2726308519528773
S2,4,83,1,SINE,det,sample,0,1,0,1e-18,1.0,1.3003122303425645,7.07e-06,14374.564965100166,3.16e-11,1,1e-06,0.2972572518457359,0.0,0.298440158438233,0.0,0.29649156823394696,0.2972572518457359,0.298440158438233,0.32220059613434004,0.3329459909440003,0.3515441876990857,0.3663026048189742,0.3627900230877052,0.3716506124420046,0.3737489965053369,0.3774613276322873,0.39362591617710807,0.40235130987593365,0.4913744704883578,0.5237128412123547,0.5594238238640957,0.6042695339752259,0.5844308978410893,0.6308322140651678,0.6332510791664487,0.6782530316228231,1.6605390671738465,0.20274625791154158,0.5645482853957733,1.3003122303425645,4.917107959949133e+18,1.708036185789592e+18,4.917107959949133,1.7080361857895923,0.28398662689473225,0.1299699223195978,0.5285828628490365,0.24457868834343494,0.8061457715504071,0.01805,0.0,0.06892932129498633,0.24336919464325793,0.01915335106058583,3.5988126086630627,118.80195974229781,41.26776305002305,20,0.0009287944502446889,14,0.10521507263183594,0.2726308519528773
S2,4,84,1,SINE,det,sample,0,1,0,1e-18,1.0,0.5236104371231743,7.07e-06,443.2703993181194,3.16e-11,1,1e-06,0.4357738179433196,0.0,0.4477446933706198,0.0,0.43623785426878386,0.4357738179433196,0.4477446933706198,0.4372583560357248,0.4525586806018876,0.4375884063591766,0.4534387933686911,0.4376324674442025,0.4535567038929094,0.4386689629906128,0.4547569710394281,0.45734034614092756,0.4744097765427399,0.480526209604538,0.4985165128367997,0.4859127397635402,0.5042071805106275,0.5327464615462311,0.5537794533614545,0.7272107320352318,0.7345278452468191,1.6605390671738465,0.5034915657278012,0.7809333339155041,0.5236104371231743,2.8298543540478954e+17,1.5928583665957088e+17,0.2829854354047896,0.1592858366595709,1.6474080175179295,1.4885724570251255,0.13439948573490748,0.05104963904562057,0.20524964438883977,0.0,0.0,0.002793227277925212,0.051038713012679746,0.014855854071228861,0.18802199217443977,6.837194663703136,3.848495845217181,50,0.0008726840618719572,6,0.08038592338562012,0.2726308519528773
S2,4,85,1,SINE,det,sample,0,1,0,1e-18,1.0,0.8257500855319624,7.07e-06,6502.465068785279,3.16e-11,4,1e-06,0.30403565230194296,0.0,0.31173644857048644,0.0,0.3045939762257528,0.30403565230194296,0.31173644857048644,0.3405969141814086,0.35267514637044256,0.3704354484551139,0.380448433032076,0.3821237717694969,0.38754636916306623,0.3974957254219073,0.3974880313988538,0.4326074173393151,0.4477897446846372,0.5117250392139714,0.5510097831086437,0.5408596959870672,0.5856327206966461,0.5529733043451364,0.5971223472206474,0.6064445499233864,0.6522040116283996,1.6605390671738465,0.3192654090356264,0.6722572579767045,0.8257500855319624,2.944705075001629e+18,1.2284136396099758e+18,2.9447050750016297,1.228413639609976,0.5434449590620507,0.30699891021654097,0.47243241354834664,0.22065835502527736,0.7203843872052065,0.0,0.0,0.026799910415775032,0.2204428316061219,0.019756435654649962,1.3565154607970638,71.14684823330636,29.679630577267943,32,0.0009175000950355138,9,0.1030280590057373,0.2726308519528773
S2,4,86,1,SINE,det,sample,0,1,0,1e-18,1.0,0.5218010476384468,7.07e-06,3278.6605800318785,3.16e-11,3,1e-06,0.3730699701659557,0.0,0.38338011892528395,0.0,0.3740014144587798,0.3730699701659557,0.38338011892528395,0.38144476900513086,0.38942004910426814,0.3862753734010379,0.3899034636985347,0.40487891625386674,0.4088964532255216,0.45919300062294977,0.487466996273608,0.5094126574353183,0.5502828345107652,0.5180144703665378,0.5604599638294294,0.5220145523787123,0.5637480787708662,0.5450967305478139,0.5858621138930201,0.6123786771513873,0.6560743052033363,1.6605390671738465,0.5052374655277343,0.7817305097186265,0.5218010476384468,2.0924116585082176e+18,9.953337605194739e+17,2.092411658508218,0.9953337605194741,0.9604604862852021,0.6197231952146718,0.4389982097155301,0.19375428026531008,0.659206096239434,0.0,0.0,0.010296582907994551,0.1937179179133022,0.020237908812294036,0.5087770185889774,50.55463651462708,24.04820116022177,51,0.0008696684127307446,6,0.07617688179016113,0.2726308519528773
S2,4,87,1,SINE,det,sample,0,1,0,1e-18,1.0,0.9473119498193728,7.07e-06,13802.297474939523,3.16e-11,5,1e-06,0.28804444358133674,0.0,0.29006460076747,0.0,0.2875932604998315,0.28804444358133674,0.29006460076747,0.3009641214924354,0.31116840872761475,0.32233746774548866,0.3344908008264272,0.3493309259023766,0.3584033007851845,0.37097475902695254,0.37572517034811614,0.381511339771582,0.3872491483256098,0.43586298621790337,0.4533742923084254,0.5553006784793513,0.597059018590786,0.612393412489071,0.6592038356887554,0.668068057161005,0.7155281700827346,1.6605390671738465,0.27829632980860564,0.6391373743109072,0.9473119498193728,5.702970073355172e+18,2.2553338012647055e+18,5.702970073355172,2.255333801264706,0.32427349816012885,0.15748518460662406,0.5835746624254484,0.24685012541511717,0.835971689824257,0.17295,0.0,0.04101823159122371,0.24642801316189977,0.018878582270436817,2.1727389802706103,137.78912860666156,54.490988940186874,28,0.0009473119498193728,10,0.12390613555908203,0.2726308519528773
S2,4,88,1,SINE,det,sample,0,1,0,1e-18,1.0,1.714779126984241,7.07e-06,11069.351360819785,3.16e-11,2,1e-06,0.29383208625832974,0.0,0.2953231704875952,0.0,0.29317938058977594,0.29383208625832974,0.2953231704875952,0.3095051300055266,0.31806994426549945,0.3386949487522427,0.35433385493360525,0.34818538930240933,0.3616114674626932,0.3641337817741867,0.36841971677890345,0.3870505508716235,0.38716916730770745,0.42687039481149064,0.43926984045393064,0.4963571176605764,0.5327971911857622,0.5279881183514153,0.5703384260090599,0.5722518163964505,0.6159548529468902,1.6605390671738465,0.15374192201780182,0.5029483336571082,1.714779126984241,3.308497247776549e+18,9.98568318510324e+17,3.308497247776549,0.9985683185103241,0.2917916184633749,0.13535240960608777,0.4236915872823828,0.21994066839427492,0.7174316113275955,0.0,0.0,0.09552057976643107,0.21723608057704136,0.019280127603670583,4.954354127212607,79.93640978383537,24.126351127914784,15,0.0009526550705468006,18,0.24240899085998535,0.2726308519528773
S2,4,89,1,SINE,det,sample,0,1,0,1e-18,1.0,1.0615356335477593,7.07e-06,7221.920836925481,3.16e-11,5,1e-06,0.295679596302152,0.0,0.3002666876896693,0.0,0.2956539511205703,0.295679596302152,0.3002666876896693,0.31598408702161274,0.32614136817560085,0.3445194155748394,0.3570562597774319,0.3683298818441211,0.37733624642244146,0.384677751587024,0.3858815523197037,0.4102376587982603,0.41418343163683374,0.46599483625812094,0.4934934638635911,0.520236396718162,0.5620931230256923,0.5367309693196115,0.5798467448433887,0.5861967582906684,0.6314051039864894,1.6605390671738465,0.24835100253533257,0.6119529880305272,1.0615356335477593,2.778390622248765e+18,1.0600474592842954e+18,2.7783906222487653,1.0600474592842957,0.457286307109056,0.24932083241431635,0.4407356609753775,0.2171739616393083,0.6987117451852688,0.0,0.0,0.041585652058732096,0.21664859010172677,0.01958956421136734,2.1228472267188554,67.12853440301323,25.61174507629089,25,0.0009650323941343266,11,0.14568400382995605,0.2726308519528773
S2,4,90,1,SINE,det,sample,0,1,0,1e-18,1.0,1.36817931642753,7.07e-06,15336.229871057823,3.16e-11,4,1e-06,0.2885367852516883,0.0,0.2908617191271829,0.0,0.2880744345678239,0.2885367852516883,0.2908617191271829,0.2930408222737472,0.29961677615906135,0.30969067124396926,0.32088748056133093,0.33350226952287826,0.34551544883283414,0.35935460999506663,0.36986506709290856,0.3694679276831861,0.3762097818950423,0.402358795982472,0.40930005519402934,0.48501437187459684,0.515717485856693,0.5720628747193174,0.6167706909834663,0.630782752796148,0.6779362868533878,1.6605390671738465,0.1926892444967974,0.5529292940769759,1.36817931642753,5.106967347040308e+18,1.7311035435373274e+18,5.1069673470403085,1.7311035435373276,0.2676201523600303,0.11968270090500846,0.5302992071339887,0.24577835069246978,0.8114865118596934,0.03245,0.0,0.07525695260483542,0.24434912713751078,0.01910933243399177,3.9382303314252884,123.38914136320665,41.825092140380455,19,0.0009772709403053786,14,0.20102310180664062,0.2726308519528773
S2,4,91,1,SINE,det,sample,0,1,0,1e-18,1.0,1.034581151104656,7.07e-06,2897.461250057101,3.16e-11,5,1e-06,0.3323713889629908,0.0,0.3466838744687397,0.0,0.3338688329149243,0.3323713889629908,0.3466838744687397,0.3504037640666464,0.3633620548352177,0.3655682086689583,0.37271635672385234,0.40595494392409115,0.40614425580243485,0.42726086299809146,0.4336406205373343,0.44985001411392556,0.47372551404641206,0.46465156662217205,0.49577048628773845,0.46756865212507404,0.4995350376399586,0.4800000777685827,0.5125877217282803,0.5304847722854262,0.5678918579353508,1.6605390671738465,0.25482142076247516,0.6180649560382254,1.034581151104656,1.1309653774775063e+18,4.443643366351215e+17,1.1309653774775064,0.44436433663512154,0.6692042364826681,0.4535853765230425,0.2777786407799054,0.1497958205110413,0.4771128409785771,0.0,0.0,0.025664876216039353,0.149487865422846,0.01829084518579587,1.4031541984713718,27.325188777511674,10.73626092040995,25,0.000940528319186051,11,0.14116406440734863,0.2726308519528773
S2,4,92,1,SINE,det,sample,0,1,0,1e-18,1.0,0.6417852889894857,7.07e-06,14832.274650457717,3.16e-11,4,1e-06,0.2907020912737416,0.0,0.2969560117030411,0.0,0.2911634289746059,0.2907020912737416,0.2969560117030411,0.3199997582854453,0.3325878626871708,0.3475383926931451,0.3561444987898655,0.3726071581106915,0.3755719020361545,0.38000580658099037,0.3837848533466911,0.4059709965984634,0.4195122355090972,0.5387324010660113,0.5752658831731221,0.6410570672655984,0.6892397909399968,0.6693558877594858,0.7158218939805716,0.7306544623728721,0.7764974908118895,1.6605390671738465,0.41078136775878094,0.7330483502975955,0.6417852889894857,8.056482701670846e+18,3.573381154541606e+18,8.056482701670847,3.5733811545416065,0.3407005574756562,0.1720484166125022,0.6696655697548346,0.23550960250514225,0.8836993077273957,0.4589,0.0,0.021184849693930426,0.23538973382828746,0.018015443746214013,1.1759271651791796,194.65221048315564,86.33625446575088,41,0.0009168361271278368,7,0.0971221923828125,0.2726308519528773
S2,4,93,1,SINE,det,sample,0,1,0,1e-18,1.0,1.9982258194247935,7.07e-06,9544.832595328882,3.16e-11,3,1e-06,0.2948175731784879,0.0,0.2964849004669901,0.0,0.29417450983008847,0.2948175731784879,0.2964849004669901,0.309354097710881,0.3177094274380756,0.331998500975248,0.3474525206280342,0.340289662373324,0.35484678179065554,0.3558744445742822,0.36154120373760035,0.38774357091362727,0.387539753003546,0.4229355980228149,0.4307126724973845,0.4711763743218108,0.5020678840772672,0.5031696534662805,0.5421757528172415,0.5446796287246276,0.5865161076187974,1.6605390671738465,0.13193375656333706,0.4707343382253819,1.9982258194247935,2.6818204192645463e+18,7.405432183552454e+17,2.6818204192645467,0.7405432183552455,0.28752169649119197,0.1359229625484299,0.3651814580136598,0.20057063858538826,0.6592663730268695,0.0,0.0,0.10898316884429457,0.19659074925103598,0.01894065311174681,5.75392876905096,64.79530733932367,17.89222167401459,13,0.0009991129097123967,20,0.1945333480834961,0.2726308519528773
S2,4,94,1,SINE,det,sample,0,1,0,1e-18,1.0,0.6379211273117845,7.07e-06,19930.283358839886,3.16e-11,4,1e-06,0.28474608830418513,0.0,0.2912382847617323,0.0,0.2852982925784612,0.28474608830418513,0.2912382847617323,0.30922019458723027,0.3197764587875489,0.34314688771289653,0.35360571145469505,0.3611606396582527,0.36739069816411307,0.36807987175491186,0.3743642596707205,0.3969169375929473,0.41209935517682583,0.5231450456811401,0.5559340113279004,0.65922052819895,0.7059874724705226,0.7012519236832753,0.7465383682019493,0.763587210104928,0.8080400040396487,1.6605390671738465,0.4132696465619869,0.734492121019493,0.6379211273117845,1.0871500295875158e+19,4.820095784736808e+18,10.87150029587516,4.820095784736808,0.2693412566562294,0.13204665572600852,0.715385253600492,0.22992029894403726,0.912290122106191,0.55555,0.12355,0.02122602298822168,0.22979703147873795,0.01707354473339448,1.2432112557567079,262.665687027604,116.45805421328303,41,0.0009113158961596921,7,0.07895874977111816,0.2726308519528773
S2,4,95,1,SINE,det,sample,0,1,0,1e-18,1.0,0.5162319621686505,7.07e-06,8557.97059427292,3.16e-11,3,1e-06,0.3252777695158097,0.0,0.3351257455770502,0.0,0.32633978526134594,0.3252777695158097,0.3351257455770502,0.3716736019892421,0.3775929903280023,0.3907994617841092,0.39424287199490415,0.3938034264167459,0.39672680019817613,0.4043369799437578,0.4131306619955161,0.5129061589304357,0.5485027835028858,0.6021637799921176,0.6503937993689646,0.6170938494158386,0.6662101529698828,0.63398286210718,0.6799477509814681,0.7034837405269586,0.749420730323397,1.6605390671738465,0.5106879428988894,0.7841970350567604,0.5162319621686505,5.503743966969144e+18,2.575926007112034e+18,5.503743966969145,2.575926007112034,0.541709667357112,0.29784593268806575,0.6215047484143019,0.22479036569309657,0.8385807817967549,0.29765,0.0,0.013702292817364643,0.22473593198140954,0.019108741302836584,0.7170693558623149,132.9756382250649,62.23679859964425,51,0.0008603866036144175,6,0.08063530921936035,0.2726308519528773
S2,4,96,1,SINE,det,sample,0,1,0,1e-18,1.0,1.6468544372209442,7.07e-06,15320.501128854914,3.16e-11,1,1e-06,0.2949821684049234,0.0,0.29497236562506984,0.0,0.2939722399261773,0.2949821684049234,0.29497236562506984,0.3053654903386009,0.3117247554345852,0.34224682830779546,0.3566263547200554,0.3562681327229125,0.36912015260258296,0.36541452688024856,0.3726896433627338,0.3811087606396828,0.3870752281831799,0.45071195706609307,0.4725979754650224,0.523232263408633,0.563138145688601,0.5626898810683335,0.6077233895390742,0.612473846602867,0.6567131013047237,1.6605390671738465,0.16008302425528578,0.5116904814413674,1.6468544372209442,4.66703139596373e+18,1.4382485601300477e+18,4.667031395963731,1.4382485601300479,0.24903868202938048,0.1071492577767092,0.49326870346031193,0.23999046054045586,0.7906126953510456,0.0,0.0,0.09808389352557924,0.23747291024749748,0.01921974655963442,5.103287560075136,112.7598744089928,34.749439900797974,16,0.0009687379042476142,17,0.19985198974609375,0.2726308519528773
S2,4,97,1,SINE,det,sample,0,1,0,1e-18,1.0,1.1510596869709153,7.07e-06,16583.15664848514,3.16e-11,1,1e-06,0.2943924364750371,0.0,0.2959718200178148,0.0,0.29374368019210195,0.2943924364750371,0.2959718200178148,0.3150277838461253,0.3236363277601015,0.3540458439159011,0.3676547761124736,0.36610201885191523,0.37568302580592355,0.3728848718435646,0.37859750462183467,0.39347338038722707,0.40486314637876286,0.5108563436019536,0.5460331064484347,0.5869665109954069,0.6333751012782022,0.6145978984427021,0.6618554584486095,0.664899927039106,0.7104354731104932,1.6605390671738465,0.22903541997229798,0.5928496035809325,1.1510596869709153,6.078707376796996e+18,2.2270640595635515e+18,6.078707376796997,2.227064059563552,0.2692120960206939,0.1227292827947432,0.5781696332894927,0.2506996888374142,0.842313687158086,0.16385,0.0,0.05801045940775663,0.24987959543723823,0.018782946099647292,3.088464349522142,146.86729576523598,53.80796535338314,23,0.0009592164058090961,12,0.1323091983795166,0.2726308519528773
S2,4,98,1,SINE,det,sample,0,1,0,1e-18,1.0,1.007088480695105,7.07e-06,19986.748588687817,3.16e-11,2,1e-06,0.2911611911509236,0.0,0.29506578843888476,0.0,0.29094140667676466,0.2911611911509236,0.29506578843888476,0.29752754271612664,0.3059184521770905,0.3221758243752913,0.33315410764632547,0.35756440423929986,0.36656476774384583,0.370842496243074,0.38123771407591317,0.37865524191128686,0.388798899823647,0.44246283933018193,0.46328950664465657,0.5904888461247326,0.6342974298819604,0.6478017494948821,0.6949585843049554,0.7016715038015073,0.7481505836445672,1.6605390671738465,0.261777831712068,0.6244850854286006,1.007088480695105,7.937413345136692e+18,3.0620792213400284e+18,7.937413345136693,3.0620792213400287,0.2444465895648092,0.11110165479131241,0.6342418496665904,0.2525805399142511,0.8786661022716953,0.3871,0.0,0.04715361268376867,0.25205298706740664,0.01811660577802499,2.602784056876972,191.77538267771973,73.9827181636923,26,0.0009155349824500955,11,0.1648402214050293,0.2726308519528773
S2,4,99,1,SINE,det,sample,0,1,0,1e-18,1.0,1.7528208377766368,7.07e-06,14298.943103580654,3.16e-11,4,1e-06,0.28897998093262894,0.0,0.292454403772502,0.0,0.2887313585396072,0.28897998093262894,0.292454403772502,0.291823798909998,0.2972784451470693,0.306007213167329,0.3155587037735839,0.3348448352479977,0.34858459286593,0.35418179511429515,0.36749573935488056,0.36376962469320206,0.3709427004165326,0.3971453718682026,0.40091541242916096,0.45469816307197913,0.4783138978527841,0.5347055220335368,0.5764041208565042,0.5934609273360206,0.6393477473207207,1.6605390671738465,0.15040524002040673,0.49824180698887444,1.7528208377766368,4.2379083860328207e+18,1.2615631858839997e+18,4.237908386032822,1.261563185884,0.25226311050047834,0.10891923298730534,0.4677116127538914,0.23401347462695288,0.7698721715895503,0.0,0.0,0.10514603884751357,0.23100950309578433,0.019265517604311284,5.457732359289622,102.39185829758065,30.48055483884604,15,0.0009737893543203537,18,0.19479608535766602,0.2726308519528773
S2,4,100,1,SINE,det,sample,0,1,0,1e-18,1.0,0.8741026653224511,7.07e-06,18967.229114836733,3.16e-11,1,1e-06,0.29992019768723843,0.0,0.3031486189031937,0.0,0.29962127266599153,0.29992019768723843,0.3031486189031937,0.32538620707154836,0.33386159202554816,0.3631208402848424,0.3747498679384744,0.37229968425130233,0.38141571082030096,0.37507017761595685,0.3837187845226348,0.41619599626786413,0.4358875932974167,0.5772233468718305,0.6196708291603222,0.6417244578139394,0.6904814410850196,0.6631775155564051,0.7103913441819268,0.7160564694318202,0.7610283133192624,1.6605390671738465,0.3016046618749443,0.6585058242078072,0.8741026653224511,8.259151366495924e+18,3.349272490441976e+18,8.259151366495924,3.3492724904419764,0.2630394801698852,0.12355672023493354,0.6514970087458453,0.24873259868350261,0.8842879434577398,0.43065,0.0,0.03688920054786726,0.24840231426684337,0.01796357465035419,2.05355566839476,199.54887631918973,80.92157805288241,30,0.0009712251836916123,9,0.09839272499084473,0.2726308519528773
