set,search_seed,eval_index,is_finite,task,mode,node,N_R,R,seed,k_on,k_off,T,distance,N_max,D,L,lam_best,objective,opt_sd,held,held_sd,train,opt_lam_1e-06,held_lam_1e-06,opt_lam_1e-05,held_lam_1e-05,opt_lam_1e-04,held_lam_1e-04,opt_lam_1e-03,held_lam_1e-03,opt_lam_1e-02,held_lam_1e-02,opt_lam_1e-01,held_lam_1e-01,opt_lam_1e+00,held_lam_1e+00,opt_lam_1e+01,held_lam_1e+01,opt_lam_1e+02,held_lam_1e+02,opt_lam_1e+03,held_lam_1e+03,KD_nM,tau_D_over_T,phi_ISI,koff_T,c_peak,c_mean,c_peak_over_KD,c_mean_over_KD,tauR_mean_over_T,tauR_peak_over_T,occ_mean,occ_std,occ_max,occ_frac_above_0p8,occ_frac_above_0p9,contrast_within,contrast_between,binomial_sd_mean,snr_within,shell_molecules_peak,shell_molecules_mean,history_symbols,dt,n_sub,seconds,running_min
S2,5,1,1,SINE,det,sample,0,1,0,1e-18,1.0,1.9533378622706654,7.07e-06,15825.864847662802,3.16e-11,2,1e-06,0.2888071915673057,0.0,0.29133041527109127,0.0,0.2883453295138141,0.2888071915673057,0.29133041527109127,0.29211675865148445,0.29439237656321043,0.3149256600682682,0.3244548470202813,0.348575776222001,0.3633946105380185,0.3568873729032416,0.3699415685413992,0.3650018397724104,0.3716948070393954,0.3998821221698394,0.40424122740843965,0.46750629124321974,0.4951541032458675,0.5376479424372831,0.5800503404698162,0.5925905579960907,0.6376075276461928,1.6605390671738465,0.13496561138281715,0.4754288980412394,1.9533378622706654,4.480973120667425e+18,1.248635359808827e+18,4.480973120667425,1.2486353598088271,0.22766884069511023,0.09340388909832267,0.4638350960149659,0.23463442852047975,0.7774393332665936,0.0,0.0,0.12349441746490289,0.23049796611862486,0.01921047656497955,6.4284931738774045,108.26453122931983,30.168206384134866,13,0.0009766689311353327,20,0.3618319034576416,0.2888071915673057
S2,5,2,1,SINE,det,sample,0,1,0,1e-18,1.0,1.592368684773938,7.07e-06,16603.139906227017,3.16e-11,4,1e-06,0.28629382824367366,0.0,0.28867401456850306,0.0,0.28584066853468815,0.28629382824367366,0.28867401456850306,0.2904511876278737,0.29546843193603095,0.3034260978364073,0.3133802788375085,0.3291461371402813,0.3414493344708969,0.35635208526142387,0.36883299815429843,0.3653003890818865,0.37464117482742276,0.3917357249945742,0.3971181995665518,0.45588009944943414,0.4794454386011648,0.5539477902348899,0.5966946965252732,0.620106067460354,0.6668996849610949,1.6605390671738465,0.16556055223856175,0.5190381865249505,1.592368684773938,5.14257826236057e+18,1.6145934760812756e+18,5.142578262360571,1.614593476081276,0.24018849370074685,0.10223642936841071,0.5152994600301706,0.24464770457348362,0.8091580842692274,0.02125,0.0,0.09474560378056993,0.24236917609762748,0.019130098748346525,4.952698102970278,124.24953461930832,39.01009916966898,17,0.0009952304279837113,16,0.15915894508361816,0.28629382824367366
S2,5,3,1,SINE,det,sample,0,1,0,1e-18,1.0,0.5125621025080177,7.07e-06,4420.729337395904,3.16e-11,3,1e-06,0.3706410665392709,0.0,0.38114164845144727,0.0,0.3716163128656297,0.3706410665392709,0.38114164845144727,0.3842577442921364,0.39205576128059444,0.38743428558177045,0.3930572559598819,0.39577394600076854,0.3987634678919764,0.4410610557042703,0.46337600944379764,0.5255180520680365,0.5677615724638884,0.5461682549364096,0.5917981622577306,0.5502403675573039,0.5953883271000991,0.5697182093071232,0.6131242394631177,0.6380947473790837,0.6833372540337027,1.6605390671738465,0.514344383887495,0.785833109306866,0.5125621025080177,2.858966488768962e+18,1.3538762515044252e+18,2.8589664887689623,1.3538762515044254,0.8288384316511268,0.5055714026737088,0.5003924437947196,0.20948348711477907,0.7268389044667104,0.0,0.0,0.011323215770159855,0.20944328067369744,0.020173183748697133,0.5613003832818979,69.0753232326472,32.71092545402353,51,0.0008542701708466961,6,0.08273696899414062,0.28629382824367366
S2,5,4,1,SINE,det,sample,0,1,0,1e-18,1.0,0.7673935922475583,7.07e-06,19169.613362047865,3.16e-11,2,1e-06,0.2967005394144551,0.0,0.3038060625669551,0.0,0.2971147673496464,0.2967005394144551,0.3038060625669551,0.31316168738756994,0.3247056442397387,0.3391914335976026,0.3496120364028479,0.3634465058719967,0.3699248483279075,0.37352226304036534,0.3828348517616547,0.39286081117486377,0.4053398532715749,0.5213072205990593,0.5549843261697505,0.6464292752903344,0.694162170353543,0.6782290579240028,0.72498127861697,0.7334663412239063,0.7789272013431836,1.6605390671738465,0.3435439668533462,0.689989701387459,0.7673935922475583,9.130646188363165e+18,3.8539567047994655e+18,9.130646188363166,3.853956704799466,0.268463923652758,0.12863071495951864,0.6764568988373829,0.24327645203876977,0.8955700528139742,0.4848,0.0,0.02939536004237745,0.24306007953696834,0.01764494496120034,1.6659366241728282,220.60501207752762,93.11522403443047,34,0.0009592419903094479,8,0.11591506004333496,0.28629382824367366
S2,5,5,1,SINE,det,sample,0,1,0,1e-18,1.0,1.5107631151257912,7.07e-06,3135.483665718625,3.16e-11,4,1e-06,0.3232452717404234,0.0,0.33598569067996437,0.0,0.3244269873430952,0.3232452717404234,0.33598569067996437,0.33388487508504455,0.34477144976429414,0.3795300028611121,0.38175133565973296,0.41989686514706664,0.4196496587831805,0.429380305768738,0.4329614318211424,0.43930246101819936,0.455592403321634,0.45240192054884815,0.47860220868065556,0.4568400783200617,0.4848294642069905,0.46665756065686465,0.4957827851877193,0.5079037881942013,0.5411989119586683,1.6605390671738465,0.17450349176456723,0.5306519573762084,1.5107631151257912,9.931032463735053e+17,3.2828306553403494e+17,0.9931032463735054,0.32828306553403497,0.4983253622083328,0.3321037888788828,0.22588258564122088,0.12951969893743645,0.41743025900780606,0.0,0.0,0.04397714322386867,0.12847332762880787,0.017057735954226237,2.5781348323059756,23.994309837531198,7.9316280735182385,17,0.0009442269469536195,16,0.1931009292602539,0.28629382824367366
S2,5,6,1,SINE,det,sample,0,1,0,1e-18,1.0,0.8236056858442973,7.07e-06,1097.2885058553038,3.16e-11,4,1e-06,0.37157668642924435,0.0,0.37763545487848577,0.0,0.37172697964961776,0.37157668642924435,0.37763545487848577,0.41648174136702076,0.41892391022072023,0.4309135352974235,0.4358428975905771,0.43715891895030334,0.45224321405065443,0.4427030709789825,0.46344401297404125,0.44369603205187813,0.46527014749431167,0.44413665498407734,0.4658169186329891,0.4534126311357083,0.4755548236661636,0.4769685886959861,0.5013461044253362,0.5440306491405967,0.5743860556815394,1.6605390671738465,0.3200966716837423,0.6728861804743824,0.8236056858442973,4.9802605655475354e+17,2.232942534288328e+17,0.4980260565547536,0.22329425342883283,0.9925439083407831,0.8105154473357422,0.1732460354373328,0.08810627072892506,0.29519466163450314,0.0,0.0,0.009811568985694408,0.0880271732288161,0.01597821296957263,0.614059219537167,12.032778617707072,5.394999483967618,32,0.0009151174287158858,9,0.11706185340881348,0.28629382824367366
S2,5,7,1,SINE,det,sample,0,1,0,1e-18,1.0,1.3145042493243828,7.07e-06,10421.531295056253,3.16e-11,5,1e-06,0.29245046559016397,0.0,0.2967737371145435,0.0,0.2923683520835128,0.29245046559016397,0.2967737371145435,0.2995155147918797,0.3068539603187827,0.31982916558286345,0.33102891496669373,0.34257380726349707,0.35432014801971967,0.36514090966170765,0.3719282853832274,0.38383832562717796,0.38500594870884586,0.4249450325679469,0.4359289282288001,0.5003235517801622,0.536519205125157,0.5461981328049856,0.5900240621874054,0.5961629172858462,0.642279747538039,1.6605390671738465,0.20055731197070334,0.5620591830899127,1.3145042493243828,3.546239898905525e+18,1.2292209254218248e+18,3.5462398989055255,1.229220925421825,0.3412596134932288,0.16733456401709315,0.46674315871207217,0.22921540273302177,0.7433244859687993,0.0,0.0,0.06497598556310782,0.22803142584761876,0.019429972620493927,3.3441110202375612,85.68049616520172,29.699135362865697,20,0.0009389316066602734,14,0.12223696708679199,0.28629382824367366
S2,5,8,1,SINE,det,sample,0,1,0,1e-18,1.0,1.7450972691048032,7.07e-06,9296.611495684549,3.16e-11,1,1e-06,0.3149112204618982,0.0,0.3237454632412082,0.0,0.3154173639483519,0.3149112204618982,0.3237454632412082,0.33340959877251936,0.34916736101380497,0.3402452733813048,0.35358529728230903,0.36459004789280447,0.36820840464899374,0.38498993778344115,0.3844435479934374,0.41154950105505267,0.41871126175591555,0.4685981241117384,0.4972243974422427,0.5022654955134542,0.5414485787467749,0.5138729908236155,0.5544830745053003,0.5594923557667115,0.5992502035706385,1.6605390671738465,0.15107091363096548,0.49918678964707264,1.7450972691048032,2.7599807805038157e+18,8.266387670350318e+17,2.759980780503816,0.8266387670350319,0.3137095144843031,0.15240342815475313,0.38758630374074,0.20711003169940437,0.6737679235558237,0.0,0.0,0.09189835890184991,0.2044035894747696,0.01914984729237571,4.798908184423913,66.68373528620307,19.972371223619522,15,0.0009694984828360018,18,0.17706918716430664,0.28629382824367366
S2,5,9,1,SINE,det,sample,0,1,0,1e-18,1.0,1.202669702573763,7.07e-06,6437.096382789373,3.16e-11,1,1e-06,0.33332295693686576,0.0,0.34870415784913966,0.0,0.33497838900141175,0.33332295693686576,0.34870415784913966,0.34302848482484044,0.35221885836933436,0.3884389534476714,0.386503651172903,0.40911800292812517,0.4048815203861391,0.4145400879023324,0.415624050189025,0.45338339025983015,0.47837926016333165,0.502023488887631,0.5412132546354391,0.5112502634381628,0.5523772253702155,0.5163358880728806,0.556932366426019,0.5648916165813964,0.604721419735255,1.6605390671738465,0.2192068514359171,0.5825987640114083,1.202669702573763,2.3009687110838262e+18,8.351617829875333e+17,2.3009687110838266,0.8351617829875334,0.45308457072649316,0.25189075130177974,0.3933716841178653,0.20306642687589355,0.6489947261212664,0.0,0.0,0.0479758444997608,0.20230959789639816,0.019388799637772767,2.4744102469497635,55.593571344993514,20.17829531687098,22,0.0009251305404413561,13,0.1784529685974121,0.28629382824367366
S2,5,10,1,SINE,det,sample,0,1,0,1e-18,1.0,0.95798559307956,7.07e-06,12543.558946482333,3.16e-11,3,1e-06,0.29483621447068753,0.0,0.3011330808338289,0.0,0.2951338664933972,0.29483621447068753,0.3011330808338289,0.30747391308355476,0.31805828686442705,0.33200956991591923,0.3428548632690341,0.3646852173788262,0.3716029020862553,0.37798796048049194,0.38059121781785477,0.39098296734378174,0.3945459061456715,0.463993361128153,0.48894281063721484,0.5716920459691236,0.6169028845119876,0.6046632869686058,0.6517031362457355,0.6556900304889358,0.7028705480406209,1.6605390671738465,0.27519561956154687,0.6364482530587834,0.95798559307956,5.148671342059127e+18,2.0300612117937605e+18,5.148671342059127,2.0300612117937606,0.34450031244872553,0.16976952842825674,0.5647199712235612,0.24443346216511122,0.820147697377963,0.09,0.0,0.0410981373533856,0.24400155641055224,0.019077461110760773,2.1542770872274986,124.39674916390459,49.04819099404472,28,0.00095798559307956,10,0.0931539535522461,0.28629382824367366
S2,5,11,1,SINE,det,sample,0,1,0,1e-18,1.0,2.0,7.07e-06,20000.0,3.16e-11,5,1e-06,0.2726308519528773,0.0,0.2762773431714229,0.0,0.2725416546161521,0.2726308519528773,0.2762773431714229,0.2853206608839612,0.28867841252276466,0.2932666692902644,0.30025784653654264,0.31431845402612796,0.32505074404718826,0.34582706572506244,0.35842895339886,0.36255082057950433,0.37495241186600775,0.37704631644943337,0.38468351637944254,0.4181950630316812,0.42926106554472754,0.51010149059443,0.5458599105737592,0.6054079243783355,0.6511828169302369,1.6605390671738465,0.13181671940928272,0.4705516107728963,2.0,5.617716205807263e+18,1.5420448623924582e+18,5.617716205807263,1.5420448623924585,0.19669204403002646,0.07555476609305693,0.5025209820536842,0.24508147935797514,0.8189308429243617,0.0346,0.0,0.13197007083884596,0.24067418594987422,0.01907103866887281,6.9199204684243885,135.72931486598327,37.257256329320285,13,0.001,20,0.22051668167114258,0.2726308519528773
S2,5,12,1,SINE,det,sample,0,1,0,1e-18,1.0,2.0,7.07e-06,20000.0,3.16e-11,1,1e-06,0.288787085549175,0.0,0.2917241808235202,0.0,0.28839736165598,0.288787085549175,0.2917241808235202,0.29041964780512053,0.2932393440471212,0.31031184973971737,0.31838573686482496,0.3517607892676335,0.36445694129940054,0.3624199314550923,0.37421359651362346,0.3698319521714764,0.37822622065148115,0.41635115930726657,0.42798499858209116,0.4839549601520124,0.5152757409318158,0.5591894920659498,0.6030810060821561,0.6182156007128858,0.6626112379687356,1.6605390671738465,0.13181671940928272,0.4705516107728963,2.0,5.617716205807263e+18,1.5420448623924582e+18,5.617716205807263,1.5420448623924585,0.19669204403002646,0.07555476609305693,0.5025209820536842,0.24508147935797514,0.8189308429243617,0.0346,0.0,0.13197007083884596,0.24067418594987422,0.01907103866887281,6.9199204684243885,135.72931486598327,37.257256329320285,13,0.001,20,0.16290688514709473,0.2726308519528773
S2,5,13,1,SINE,det,sample,0,1,0,1e-18,1.0,0.5,7.07e-06,20000.0,3.16e-11,5,1e-06,0.28865592188779154,0.0,0.2972532094734396,0.0,0.28968803340144417,0.28865592188779154,0.2972532094734396,0.32124442596511754,0.33077141998472204,0.35507884148858554,0.3630586567227551,0.3674766706676525,0.3727375805035305,0.3754432468811059,0.38404242302512964,0.4394512134521097,0.46392383798521203,0.589516537103036,0.629845616040454,0.6884517748178892,0.7355812837931478,0.7285857671124275,0.7712287554054021,0.8012782828414031,0.8432736592770292,1.6605390671738465,0.5272668776371309,0.7914984825837854,0.5,1.3195241951818035e+19,6.177481870297087e+18,13.195241951818037,6.177481870297088,0.2786492583529461,0.14089227973629945,0.7603932693347702,0.20289900026999222,0.9276608165331228,0.62075,0.3375,0.013797515267314348,0.20283517802498557,0.01637361644301573,0.8426675508940339,318.80947417025646,149.25378056401294,53,0.001,5,0.10823202133178711,0.2726308519528773
S2,5,14,1,SINE,det,sample,0,1,0,1e-18,1.0,2.0,7.07e-06,13260.550557415752,3.16e-11,5,1e-06,0.2882511145571699,0.0,0.2921679997655058,0.0,0.2881046891555036,0.2882511145571699,0.2921679997655058,0.2918801672087716,0.29695225356763266,0.3062422827860399,0.31504673656493554,0.32874372255636836,0.3424069382831642,0.3484867596267328,0.3627303373906079,0.3596492262102576,0.3675629404657945,0.3956353624527012,0.39853714381231653,0.4419092500942413,0.46072881394734394,0.5120024400451967,0.5508646525250622,0.5716372230344212,0.6163341961009209,1.6605390671738465,0.13181671940928272,0.4705516107728963,2.0,3.7247092476755763e+18,1.0250034002884404e+18,3.7247092476755768,1.0250034002884405,0.2469131656414899,0.10582661784870379,0.4263336480127127,0.22324319942813445,0.7375911311357797,0.0,0.0,0.12165904288865349,0.21892956306108263,0.019203890103727438,6.335124926852175,89.99248373198132,24.765047602909537,13,0.001,20,0.2033710479736328,0.2726308519528773
S2,5,15,1,SINE,det,sample,0,1,0,1e-18,1.0,1.1420870404822658,7.07e-06,19926.972287914392,3.16e-11,5,1e-06,0.2784847243405731,0.0,0.280306646332962,0.0,0.27804211258868,0.2784847243405731,0.280306646332962,0.2846260843351272,0.28886647303317725,0.3072033155050475,0.3182986542432406,0.33439569945689257,0.34647455360641677,0.35145088515722156,0.36023212296667534,0.36750457073356585,0.3770238626619611,0.3994514125494404,0.4109115736020282,0.49287272792568404,0.5229702822455988,0.6118718311399683,0.6568705174117768,0.6826370145034265,0.7298781808204726,1.6605390671738465,0.2308348045935638,0.594686159132932,1.1420870404822658,7.334732994856355e+18,2.692776046681207e+18,7.334732994856355,2.692776046681207,0.23710888397575147,0.10505315620084346,0.610819974984617,0.2541041299868902,0.8678939544720955,0.3055,0.0,0.05814648827317591,0.2533056427563882,0.01836975948229245,3.165337484642969,177.2140577495969,65.06000561682889,23,0.0009517392004018882,12,0.12618303298950195,0.2726308519528773
S2,5,16,1,SINE,det,sample,0,1,0,1e-18,1.0,1.994305418333398,7.07e-06,301.9914060887137,3.16e-11,4,1e-05,0.43511708584057196,0.0,0.44401170395341555,0.0,0.4352117709614265,0.43516751928367264,0.4427229013622815,0.43511708584057196,0.44401170395341555,0.43513025842476977,0.44470214735153163,0.43513292283693034,0.44481065998351155,0.43518349128248474,0.4449585589955366,0.43743760760570966,0.4477246036963322,0.44395206299469236,0.45489503430365924,0.4589883579311803,0.4706139877875515,0.6643545423349784,0.6792725467032523,0.9210040983414673,0.894275106689147,1.6605390671738465,0.13219311164429307,0.47113886064706567,1.994305418333398,8.493197703107194e+16,3.0921280325525124e+16,0.08493197703107194,0.030921280325525127,0.48638797170372294,0.46217433086994053,0.029872631214880353,0.01083439232394284,0.05026393057108324,0.0,0.0,0.009741754718013484,0.010300409976844982,0.007473782252250229,1.3034571237448624,2.0520365626024515,0.7470872574559749,13,0.000997152709166699,20,0.1818068027496338,0.2726308519528773
S2,5,17,1,SINE,det,sample,0,1,0,1e-18,1.0,1.7790620909130686,7.07e-06,20000.0,3.16e-11,5,1e-06,0.27306336158721195,0.0,0.27593400883502367,0.0,0.2728384746317346,0.27306336158721195,0.27593400883502367,0.28532031885881953,0.2886140509941108,0.2946607914057667,0.30246939882105767,0.3175360559914154,0.32905609357635307,0.34573885365473456,0.35772389649055,0.36372758632690066,0.37552821648996,0.37989167505368204,0.38781883308394344,0.42575953999119437,0.4398720379987421,0.5295472250440969,0.5678581312563212,0.6214916505887967,0.6679137284161241,1.6605390671738465,0.14818675534998374,0.4950704181554225,1.7790620909130686,5.894296964657358e+18,1.737116094402208e+18,5.894296964657358,1.7371160944022082,0.20535991505919451,0.08153027517310134,0.5266323271356587,0.24873513664499702,0.8296372351127478,0.06475,0.0,0.113112785481111,0.24558005826023968,0.018991941902566208,5.955830428579139,142.4117665115524,41.9703610325049,15,0.0009883678282850382,18,0.16391706466674805,0.2726308519528773
S2,5,18,1,SINE,det,sample,0,1,0,1e-18,1.0,0.8487201077864956,7.07e-06,16620.36739793517,3.16e-11,5,1e-06,0.2831394978022058,0.0,0.2849502416479479,0.0,0.28271057242848613,0.2831394978022058,0.2849502416479479,0.29703370663422124,0.30589323145526637,0.32536590704037355,0.3380317305805935,0.34973198105529824,0.3586734540481506,0.3670958721686981,0.3716876714561085,0.3793934118902976,0.387610875763663,0.44189195870353526,0.4618397234336679,0.5790018396003328,0.6214540293602965,0.6451581946370056,0.6919667732776795,0.7037382949971406,0.7506797060904382,1.6605390671738465,0.31062471172756184,0.6656235947071097,0.8487201077864956,7.38434313395461e+18,3.0256641921020426e+18,7.384343133954611,3.025664192102043,0.2926833139964885,0.14052916465331783,0.635682319978464,0.24757187997793698,0.8717037437308468,0.3862,0.0,0.03475708225398203,0.24727412259820694,0.01826119909152917,1.9033296816803678,178.41268543806066,73.10289675794255,31,0.0009430223419849952,9,0.10507392883300781,0.2726308519528773
S2,5,19,1,SINE,det,sample,0,1,0,1e-18,1.0,1.4359915595643347,7.07e-06,20000.0,3.16e-11,5,1e-06,0.2754886074250044,0.0,0.2774007998717475,0.0,0.2750717944028861,0.2754886074250044,0.2774007998717475,0.2847611508587959,0.2881345817580723,0.2991120080749553,0.3085252864127194,0.32488808604908703,0.3372341198779985,0.3464636264377202,0.35715443198063324,0.3653486120914717,0.3759747932005441,0.3869336334903783,0.3957621520823894,0.44846649916147596,0.46949405480539924,0.5685232104622093,0.6107360414291979,0.6507798131208851,0.6979222923299635,1.6605390671738465,0.18358982478876767,0.5419965423049842,1.4359915595643347,6.496131311684374e+18,2.1467032156250964e+18,6.496131311684374,2.146703215625097,0.221305561892175,0.09289897605667066,0.568070356718743,0.25331090708091386,0.848428920385914,0.14625,0.0,0.0835005570564101,0.2516464455587413,0.01874031622261798,4.455664251579276,156.9526512042235,51.8663716718541,18,0.0009573277063762231,15,0.15497803688049316,0.2726308519528773
S2,5,20,1,SINE,det,sample,0,1,0,1e-18,1.0,0.5,7.07e-06,8040.557362203359,3.16e-11,4,1e-06,0.3204788601355,0.0,0.33226728823801366,0.0,0.32194639886743465,0.3204788601355,0.33226728823801366,0.3619276472220166,0.36770917943210435,0.3892630315391076,0.39304758043366156,0.3933205727371175,0.39785555088897767,0.39998436418505995,0.4117813122914995,0.4909763999783789,0.5245671959291939,0.5936400176097283,0.6411586297574098,0.6133125687810161,0.6623032946120156,0.6300380365830792,0.6757744438492993,0.7027749230580095,0.7487692333520793,1.6605390671738465,0.5272668776371309,0.7914984825837854,0.5,5.305713724077895e+18,2.501897787021132e+18,5.305713724077895,2.5018977870211323,0.5711188965630227,0.3171726607827358,0.6175517864334862,0.22255427991171656,0.8337642025188969,0.27615,0.0,0.012897201689041474,0.22250544198139785,0.019216701295446396,0.671145452632789,128.19104103188732,60.448207074978136,53,0.001,5,0.08812594413757324,0.2726308519528773
S2,5,21,1,SINE,det,sample,0,1,0,1e-18,1.0,0.5,7.07e-06,20000.0,3.16e-11,4,1e-06,0.2912008017783134,0.0,0.29998075182109457,0.0,0.29228916639031755,0.2912008017783134,0.29998075182109457,0.3299845610556817,0.3404733408796244,0.35698565382516306,0.3641132956161254,0.36909309689069175,0.37411159716108344,0.37594585027309635,0.3849535170396125,0.4465551344184811,0.47087674804830104,0.6134793319992483,0.6554890605869601,0.694253819491853,0.7418855545769567,0.7289842728270916,0.7716547855780377,0.8011908959055735,0.8431407266778038,1.6605390671738465,0.5272668776371309,0.7914984825837854,0.5,1.3195241951818035e+19,6.177481870297087e+18,13.195241951818037,6.177481870297088,0.2786492583529461,0.14089227973629945,0.7603932693347702,0.20289900026999222,0.9276608165331228,0.62075,0.3375,0.013797515267314348,0.20283517802498557,0.01637361644301573,0.8426675508940339,318.80947417025646,149.25378056401294,53,0.001,5,0.11646294593811035,0.2726308519528773
S2,5,22,1,SINE,det,sample,0,1,0,1e-18,1.0,0.5,7.07e-06,14388.674851519265,3.16e-11,5,1e-06,0.2956249400737861,0.0,0.3029941460170153,0.0,0.2963266014328943,0.2956249400737861,0.3029941460170153,0.33589754835919644,0.3478827770703078,0.3595506964141873,0.3649921483316796,0.37926052720960074,0.38139007768442196,0.38742507835014844,0.39481739078515043,0.4475774442925513,0.47361544446165255,0.5901988320395517,0.6328759722557435,0.6647192115430712,0.7132262340419993,0.6935527205278355,0.738118109140728,0.7664744169529735,0.810458631312181,1.6605390671738465,0.5272668776371309,0.7914984825837854,0.5,9.493505215855634e+18,4.452911752233315e+18,9.493505215855636,4.452911752233315,0.3667765206691402,0.19059408261197697,0.7132016947733502,0.21503481201432664,0.9012793731037874,0.53465,0.01565,0.0138447924357107,0.21497562553822672,0.01753118460438461,0.7897237264986685,229.37202795910198,107.58654213691491,53,0.001,5,0.11073827743530273,0.2726308519528773
S2,5,23,1,SINE,det,sample,0,1,0,1e-18,1.0,1.9896706361017866,7.07e-06,17771.108196099267,3.16e-11,5,1e-06,0.27907050379208437,0.0,0.28205050991873193,0.0,0.2787837318156158,0.27907050379208437,0.28205050991873193,0.28772564119003485,0.2915918426594311,0.2970805584578652,0.3050061215068363,0.31793909380818824,0.3293258028358275,0.34814471558466203,0.36174618776366463,0.36087674482412524,0.3730021328065358,0.37975186949936324,0.3856114114599931,0.4248525352584277,0.4376512969157383,0.5136571860363017,0.5508145865292619,0.5966521641700908,0.6423676577938963,1.6605390671738465,0.13250104516548666,0.47161843303501877,1.9896706361017866,5.000354026573005e+18,1.3775967326484178e+18,5.000354026573006,1.377596732648418,0.21138813840113693,0.08376101559297883,0.48183538765857103,0.23983344850484703,0.7981206150793322,0.0,0.0,0.1289538025810822,0.2354734859626965,0.019158395497468922,6.7309291426893605,120.81326312150127,33.28403462081223,13,0.0009948353180508933,20,0.25353121757507324,0.2726308519528773
S2,5,24,1,SINE,det,sample,0,1,0,1e-18,1.0,1.217535228409237,7.07e-06,15942.511130453844,3.16e-11,5,1e-06,0.28470738415191355,0.0,0.28524690549189424,0.0,0.2839579748870916,0.28470738415191355,0.28524690549189424,0.2923345724363224,0.2988460552989175,0.3106628741001484,0.32238373086195077,0.33307233219827936,0.34502326748938095,0.35583563563279214,0.36446528849712645,0.37040081205948133,0.377773920635254,0.4034326344216914,0.4124212576941086,0.49403800144540694,0.5256870555651856,0.5880393775574948,0.6332344310411784,0.6503827754468436,0.697832055100811,1.6605390671738465,0.21653044007852987,0.5797411688842053,1.217535228409237,5.662840924231874e+18,2.026476919460317e+18,5.662840924231874,2.0264769194603174,0.271382036849781,0.12327046078721723,0.560654931601127,0.24910537229420246,0.8307244973300227,0.10635,0.0,0.06312853491736267,0.2481228188725348,0.018932358724426196,3.33442524707264,136.81957056614866,48.96159111521944,22,0.0009365655603147976,13,0.2689507007598877,0.2726308519528773
S2,5,25,1,SINE,det,sample,0,1,0,1e-18,1.0,2.0,7.07e-06,11474.107945313059,3.16e-11,1,1e-06,0.3028399039011645,0.0,0.30423066865011095,0.0,0.30202142352202893,0.3028399039011645,0.30423066865011095,0.3227150583706452,0.3349527089801434,0.34018281477546386,0.3561061323719669,0.3499161595228028,0.36065623981214007,0.366376723913054,0.3705267771923866,0.3929918434538273,0.39667126608927666,0.447459972923686,0.46777851817417815,0.4956846453169161,0.532727580524997,0.5185391546610497,0.5597031243324591,0.5647781428494713,0.6052991207527496,1.6605390671738465,0.13181671940928272,0.4705516107728963,2.0,3.222925188929581e+18,8.879499350172013e+17,3.2229251889295814,0.8879499350172014,0.2648375312957885,0.1184013397421182,0.3992461789627517,0.21374233905545015,0.704324944882814,0.0,0.0,0.11649425449138312,0.20954799280221592,0.019129153462637338,6.089880282413818,77.86890824166704,21.453706791131914,13,0.001,20,0.24344396591186523,0.2726308519528773
S2,5,26,1,SINE,det,sample,0,1,0,1e-18,1.0,2.0,7.07e-06,19012.33466951233,3.16e-11,5,1e-06,0.2752916373037163,0.0,0.27855500636850994,0.0,0.2750956509972142,0.2752916373037163,0.27855500636850994,0.2864517176968583,0.28998106966019055,0.29485895232146886,0.30227442817480055,0.3157928940390547,0.3267779389068949,0.34701797509764376,0.3600967235574619,0.3618272926079736,0.3742216012505439,0.3778596030279526,0.38474196395573257,0.4208535636103019,0.4325357342042055,0.5115498463136005,0.5478957737179162,0.6014688945862267,0.6472264042656268,1.6605390671738465,0.13181671940928272,0.4705516107728963,2.0,5.340296312855047e+18,1.46627251171377e+18,5.340296312855048,1.4662725117137703,0.20273509826071842,0.07886066759786012,0.4932703378622602,0.24283173193322233,0.8100677047325339,0.01805,0.0,0.13109812353128578,0.23841541955541165,0.0191136717542697,6.85886653368945,129.02658895012547,35.42652496685455,13,0.001,20,0.20879101753234863,0.2726308519528773
S2,5,27,1,SINE,det,sample,0,1,0,1e-18,1.0,1.395218260592103,7.07e-06,19844.895195390643,3.16e-11,1,1e-06,0.29049391890052306,0.0,0.2935353712053542,0.0,0.2901339096851038,0.29049391890052306,0.2935353712053542,0.2941342849484243,0.29888332977746945,0.3327236371391063,0.34343093708031874,0.36205542769558424,0.3741977749720778,0.36807739706761944,0.3777487397594388,0.3789921904422756,0.3880666475616484,0.46123278414997676,0.48606284176306014,0.5541409014267726,0.5960635755732363,0.6076219714335763,0.6543133548388991,0.6610033069798565,0.7065313175929798,1.6605390671738465,0.18895498020982365,0.5484925982188544,1.395218260592103,6.548591029949819e+18,2.1967813051956667e+18,6.54859102994982,2.196781305195667,0.2242048079359693,0.0949493403074794,0.5726881044712002,0.25336883402249294,0.8500720028610892,0.1577,0.0,0.07976517181140015,0.25185147729683105,0.018714796530774274,4.262144751626647,158.22012740938865,53.076305484492124,19,0.0009965844718515021,14,0.19935202598571777,0.2726308519528773
S2,5,28,1,SINE,det,sample,0,1,0,1e-18,1.0,0.8816477304000491,7.07e-06,9688.662906699197,3.16e-11,5,1e-06,0.2964607290622074,0.0,0.3037230548651221,0.0,0.2969467300288906,0.2964607290622074,0.3037230548651221,0.3062101063247653,0.3166300591690513,0.3386912913412194,0.34948144505753703,0.37099532144806135,0.3779800653944047,0.3830181400385607,0.386897506721267,0.3979471702924257,0.403468091896244,0.473379744032396,0.5014261966953227,0.5602824849031766,0.6054301763824079,0.5853763785661968,0.6316632804925288,0.638760452957362,0.6858929277529118,1.6605390671738465,0.29902355524574575,0.65643161046539,0.8816477304000491,4.1966786843260457e+18,1.705879621886249e+18,4.196678684326046,1.705879621886249,0.41917602422368677,0.21826245777927475,0.5340509933619064,0.23710530011142536,0.7874462499576096,0.0,0.0,0.03380342094968754,0.2367971863686179,0.01940909780575448,1.7416276267959954,101.39570987003913,41.21565843484813,30,0.000979608589333388,9,0.16481399536132812,0.2726308519528773
S2,5,29,1,SINE,det,sample,0,1,0,1e-18,1.0,0.5,7.07e-06,10733.877175515094,3.16e-11,1,1e-06,0.3544456188851275,0.0,0.366629018883978,0.0,0.3556405612124897,0.3544456188851275,0.366629018883978,0.38079691300181767,0.3806600229711686,0.3944234629046354,0.390403256214597,0.39698383844079926,0.3948941044713235,0.4349111113268819,0.45151234644848437,0.5835046285487597,0.6274054021623047,0.636761449824336,0.6866011619535206,0.6456424711140814,0.695203130496525,0.6622001747628868,0.7076528517856681,0.7344671600267131,0.778107345962976,1.6605390671738465,0.5272668776371309,0.7914984825837854,0.5,7.082470663092702e+18,3.3296557132721347e+18,7.082470663092703,3.329655713272135,0.461930493426809,0.24744908869668739,0.6668968055632589,0.22123994872435193,0.8709543302134731,0.43115,0.0,0.013514992023964032,0.22118574940669006,0.018450831970201944,0.7324868626949027,171.11916220799205,80.44761823939294,53,0.001,5,0.07794594764709473,0.2726308519528773
S2,5,30,1,SINE,det,sample,0,1,0,1e-18,1.0,1.98465562309134,7.07e-06,7448.138071368158,3.16e-11,5,1e-06,0.3010266229767623,0.0,0.3033589172438482,0.0,0.3004213908675162,0.3010266229767623,0.3033589172438482,0.31090304068500074,0.3182179152887068,0.32439598104085454,0.33783817771578367,0.33648567828188514,0.3496028192833107,0.3598087261849606,0.36356256671490356,0.4005482799870795,0.4004002002367406,0.4295186561590563,0.4390155118389692,0.4644231565284641,0.493959433798821,0.4879335447917393,0.5241818415847014,0.5286251318066356,0.568783005909299,1.6605390671738465,0.13283586116966964,0.47213898898842116,1.98465562309134,2.0975236905465805e+18,5.832019790367899e+17,2.0975236905465806,0.5832019790367899,0.3182574047307254,0.1626672798502104,0.32131397379193793,0.18163200802969937,0.5956228204495964,0.0,0.0,0.09730749218987883,0.17806182402928125,0.01853613829965159,5.249609741620662,50.67814802370307,14.090709132177338,13,0.00099232781154567,20,0.2228529453277588,0.2726308519528773
S2,5,31,1,SINE,det,sample,0,1,0,1e-18,1.0,1.988387202622201,7.07e-06,19939.267827359232,3.16e-11,3,1e-06,0.28247282143371893,0.0,0.2859402849234724,0.0,0.2822073563003683,0.28247282143371893,0.2859402849234724,0.2872427964375044,0.2908261031745383,0.2944138053193892,0.3004766556361793,0.3272253516109893,0.33801454639250184,0.35778346978651815,0.37102382683388185,0.3643857170393348,0.37642836677253005,0.3823107827713261,0.38753866968950484,0.43022146249845133,0.4463946873725037,0.5321883104912826,0.5719646127248875,0.6104052629833775,0.6564093279228842,1.6605390671738465,0.13258656989488607,0.4717514901559239,1.988387202622201,5.611634389017013e+18,1.545647092836792e+18,5.611634389017014,1.5456470928367922,0.19756083093503632,0.07606593549147657,0.5030571223784274,0.2451460840509832,0.8188866274510402,0.0348,0.0,0.13100197480066897,0.24080476050537167,0.01907062221266155,6.869307846373931,135.58237244386027,37.3442896098006,13,0.0009941936013111005,20,0.18108105659484863,0.2726308519528773
S2,5,32,1,SINE,det,sample,0,1,0,1e-18,1.0,1.248970948270556,7.07e-06,5843.67030883578,3.16e-11,5,1e-06,0.30522606596108237,0.0,0.31047672010604227,0.0,0.3051750243055858,0.30522606596108237,0.31047672010604227,0.3230908502174903,0.33488818935581616,0.3432851623006619,0.35669663661594886,0.36353888614432606,0.3709837232066335,0.3953018268811437,0.39396587570284797,0.42065613387432493,0.4253952323290133,0.4594777477501528,0.48595156980589554,0.4932435108182597,0.5311645510559105,0.5055932798206055,0.544838667441582,0.5516028176885432,0.5939510292904236,1.6605390671738465,0.21108052127522853,0.5738312258274214,1.248970948270556,2.0442721295329587e+18,7.30692533913734e+17,2.044272129532959,0.7306925339137341,0.4626235567816733,0.26300511309988983,0.36745617179887435,0.193658071328168,0.6177339549062378,0.0,0.0,0.048565705922993474,0.19283831276725102,0.01921419595392449,2.5275950156568454,49.39154015190433,17.6542198595361,21,0.000960746883285043,13,0.16698813438415527,0.2726308519528773
S2,5,33,1,SINE,det,sample,0,1,0,1e-18,1.0,1.406217744840782,7.07e-06,15177.960146429117,3.16e-11,1,1e-06,0.29532658451447474,0.0,0.29590654802585925,0.0,0.29444717938563325,0.29532658451447474,0.29590654802585925,0.31249086181536334,0.32093705712372944,0.34835295765907465,0.3629910213548856,0.3602403089100445,0.37121998198419565,0.3700912193616119,0.3754942856207862,0.38721030684938346,0.3947000638844553,0.4749466641577562,0.5034577834301678,0.5491255900155299,0.592480828105004,0.5807739290172979,0.6269242513676848,0.6301385776000006,0.6750599349166407,1.6605390671738465,0.18747696776391848,0.5467175504412266,1.406217744840782,4.990514424295706e+18,1.6706200975533391e+18,4.990514424295706,1.6706200975533394,0.266278016440372,0.1187089074284137,0.5234689675967987,0.24460902828989609,0.806903794362796,0.01875,0.0,0.07815154288768514,0.24305708149062252,0.019147369863320367,4.0815810968062,120.57552906254845,40.363755115976474,19,0.0009374784965605214,15,0.17183184623718262,0.2726308519528773
S2,5,34,1,SINE,det,sample,0,1,0,1e-18,1.0,0.5328782123557668,7.07e-06,19905.74877716519,3.16e-11,1,1e-06,0.3531912341098536,0.0,0.36287408839837776,0.0,0.3540526818462545,0.3531912341098536,0.36287408839837776,0.37159537334262993,0.38329717965614524,0.3755046579317153,0.3861207851178749,0.37628657338034704,0.3866155033667693,0.388865142382913,0.403791395515485,0.5467077468899137,0.5832358903993515,0.6788402469335997,0.727198156890693,0.7004478212137113,0.7492624816254322,0.7223593243111749,0.7658666678368471,0.7906926397527536,0.8320610965992625,1.6605390671738465,0.4947348807020753,0.7768821759712047,0.5328782123557668,1.2477806289699633e+19,5.762417875224437e+18,12.477806289699634,5.762417875224437,0.27750450147731565,0.1392364128782316,0.7475369725545783,0.21187516717419938,0.9235566272034376,0.60305,0.29475,0.015472993238469134,0.2118000851227715,0.016582083164579587,0.9331151632094367,301.47555281995915,139.22544349377938,49,0.000888130353926278,6,0.09906291961669922,0.2726308519528773
S2,5,35,1,SINE,det,sample,0,1,0,1e-18,1.0,1.1881093224323147,7.07e-06,20000.0,3.16e-11,3,1e-06,0.28547317144401974,0.0,0.2880337558158646,0.0,0.2850614977012978,0.28547317144401974,0.2880337558158646,0.29099553294623326,0.2967423812182082,0.3097483910848253,0.3209727137779315,0.3392288938216884,0.34965437413871514,0.36413337702359294,0.37396423682035285,0.3725760699912086,0.3831460335521424,0.40398000829728975,0.4150384165563125,0.5166935358347956,0.5514572532762306,0.6177076520441478,0.6638012672942168,0.678842654872874,0.7259856448780136,1.6605390671738465,0.22189324992320675,0.5854380898657853,1.1881093224323147,7.193854398910681e+18,2.5968909903721523e+18,7.193854398910682,2.596890990372153,0.23400024947245232,0.10272008118477119,0.6040253304002009,0.2543713931261561,0.8649753292984717,0.27085,0.0,0.06205550622996893,0.25346275853177436,0.01843289305478804,3.366563569024217,173.81029817782974,62.743332342151774,22,0.000990091102026929,12,0.12726283073425293,0.2726308519528773
S2,5,36,1,SINE,det,sample,0,1,0,1e-18,1.0,1.9992285544346755,7.07e-06,10535.247459570883,3.16e-11,3,1e-06,0.2919372099196087,0.0,0.2939799642527555,0.0,0.2913965996558922,0.2919372099196087,0.2939799642527555,0.30392793756474995,0.31023996268132437,0.33001284954262117,0.3447810802648088,0.3417016659854434,0.35716227089096336,0.35208358166272313,0.3604131086638012,0.3791754788513371,0.3799020338981618,0.4176019034039468,0.4234716015337276,0.4685077382425074,0.4980876556169738,0.5088970940379347,0.5486436715599785,0.552506443827807,0.595219742015062,1.6605390671738465,0.1318675837406261,0.4706310380027735,1.9992285544346755,2.959597282697127e+18,8.162116168954564e+17,2.959597282697127,0.8162116168954565,0.2754045460110394,0.12632419412874146,0.38339351843881975,0.20777745227890465,0.68381432282607,0.0,0.0,0.1131125341036065,0.20367566100102222,0.019054819925127014,5.936163897012137,71.506657998218,19.72044145490207,13,0.0009996142772173379,20,0.19880414009094238,0.2726308519528773
S2,5,37,1,SINE,det,sample,0,1,0,1e-18,1.0,1.6515272255018052,7.07e-06,9113.204064121031,3.16e-11,4,1e-06,0.29378210224281015,0.0,0.2964482646796607,0.0,0.2933332417997407,0.29378210224281015,0.2964482646796607,0.30536854710494543,0.3121344938655017,0.32394292043750106,0.33681722019810667,0.3431464615189113,0.35669864660795086,0.36207823040148973,0.3664439442030572,0.3913933520153381,0.39086495141551714,0.4265430227869905,0.4364726129715491,0.48141292583304734,0.5148924118733542,0.5150494721222278,0.5557370858664608,0.5589078594895688,0.6024533217612722,1.6605390671738465,0.1596300895000155,0.511074590191313,1.6515272255018052,2.7729853053854285e+18,8.570628957203647e+17,2.7729853053854288,0.8570628957203648,0.32605258649445606,0.16048304231883417,0.39511145857838076,0.20903807528050633,0.6778216326800646,0.0,0.0,0.08508379265254831,0.20674738666156595,0.01921589911104919,4.427780982864597,66.99793685632054,20.70744682918072,16,0.000971486603236356,17,0.22749114036560059,0.2726308519528773
S2,5,38,1,SINE,det,sample,0,1,0,1e-18,1.0,0.7996763590724635,7.07e-06,19910.47240173932,3.16e-11,4,1e-06,0.2821896017598053,0.0,0.28612042368018853,0.0,0.2821802524459511,0.2821896017598053,0.28612042368018853,0.29596662603246476,0.30467154416714604,0.3293315249251856,0.3412566776892904,0.3516261477880378,0.36030603010165946,0.3634365323391251,0.36942937262809694,0.3796453286842388,0.3910447418306693,0.45368733810175366,0.4762043733314896,0.6066614277838497,0.6501993755130745,0.6729134663512122,0.7192966442472734,0.7320430735678292,0.778048148374043,1.6605390671738465,0.32967516899505594,0.6800193342222677,0.7996763590724635,9.218113185848982e+18,3.844017068737451e+18,9.218113185848983,3.8440170687374513,0.25815472486248997,0.12238129201200687,0.6752058246959283,0.24467356748239183,0.8962979373632517,0.48305,0.0,0.031603059978431935,0.2444262603164832,0.01762868881204972,1.792706214022584,222.71829712205553,92.87507306501698,33,0.0009995954488405793,8,0.1129002571105957,0.2726308519528773
S2,5,39,1,SINE,det,sample,0,1,0,1e-18,1.0,0.9345114258383517,7.07e-06,16694.776702170122,3.16e-11,3,1e-06,0.2900956717241011,0.0,0.29400291640699966,0.0,0.28995200741272154,0.2900956717241011,0.29400291640699966,0.30169211841478794,0.3117512946589336,0.32603928655370346,0.33822890033391023,0.3525173702430789,0.36031113718744423,0.37034972529999033,0.3767658847232481,0.38017826062117405,0.3874797930349133,0.445038558694321,0.4653799841154122,0.5828331475723303,0.6266456286109807,0.6370347082778246,0.6842557646171384,0.6909551077885072,0.7379765133846574,1.6605390671738465,0.28210830978557533,0.6424059193214668,0.9345114258383517,6.954142400285786e+18,2.758928199902265e+18,6.954142400285787,2.758928199902265,0.2846763272181523,0.1345308922538865,0.6183898747723818,0.2498500802781044,0.863359503506238,0.33535,0.0,0.04105499047469017,0.24943945448184973,0.018427796295138764,2.227883888944466,168.0186305060312,66.65830394744268,28,0.0009345114258383516,10,0.12067103385925293,0.2726308519528773
S2,5,40,1,SINE,det,sample,0,1,0,1e-18,1.0,1.6823126161015889,7.07e-06,19928.096420537044,3.16e-11,2,1e-06,0.2867554140684675,0.0,0.28955986722682736,0.0,0.2863417631849184,0.2867554140684675,0.28955986722682736,0.2890755258833694,0.2935105568281208,0.29992944449010955,0.30701729311141407,0.3451956218059068,0.35663313292290294,0.3637811455900075,0.37617617148087285,0.368173356058581,0.3781846889071837,0.39302369018974104,0.39948813068333705,0.4742481552033952,0.5025288432784998,0.5703945784957714,0.6144647765512812,0.6345572101561673,0.6809863911056621,1.6605390671738465,0.15670894713342953,0.507071178637478,1.6823126161015889,6.019184698528109e+18,1.8316801430108657e+18,6.019184698528109,1.8316801430108658,0.20991772103550932,0.08468502651696759,0.5372657026868604,0.25005450176016797,0.8341463572264863,0.08075,0.0,0.10468950163594004,0.24737735271240757,0.01894427452808152,5.526181616548919,145.42917179377713,44.25511751688167,16,0.0009895956565303464,17,0.24840807914733887,0.2726308519528773
S2,5,41,1,SINE,det,sample,0,1,0,1e-18,1.0,1.4264516905570157,7.07e-06,244.79724133885742,3.16e-11,1,1e-06,0.43512329068370365,0.0,0.44456257726385096,0.0,0.4352829981493502,0.43512329068370365,0.44456257726385096,0.4351334128527271,0.4448264316091789,0.4351383797286634,0.4448933861047172,0.4357344428153544,0.4457432917543732,0.43975295359343386,0.4503073676398508,0.4418656822249663,0.45259970220089707,0.4443623731802662,0.4550659614857631,0.5366880363052103,0.548883665157605,0.8542592275350681,0.8667984601768509,1.0087823754207974,0.9695925903408943,1.6605390671738465,0.18481764266101372,0.5434960832141955,1.4264516905570157,7.981842263900734e+16,3.7051269372856136e+16,0.07981842263900736,0.03705126937285614,0.6759937872111897,0.6492204619015772,0.035615454166069566,0.010392918152969471,0.053403929617983355,0.0,0.0,0.006279803727312349,0.010169563248081402,0.008189805325535059,0.7667830281304122,1.9284882720271124,0.8951935666835802,18,0.0009509677937046771,15,0.12153410911560059,0.2726308519528773
S2,5,42,1,SINE,det,sample,0,1,0,1e-18,1.0,1.1714240612635467,7.07e-06,7610.508543885664,3.16e-11,3,1e-06,0.30229813563102415,0.0,0.3074545461636898,0.0,0.3022523403070771,0.30229813563102415,0.3074545461636898,0.3196170705944184,0.33039593284912316,0.3478893003845718,0.3604776952718224,0.37054034047778994,0.374333427883964,0.39614541388230046,0.3930461920156001,0.41514125657332746,0.41886201654209093,0.46866539063705387,0.4973700971756236,0.51852557134093,0.5602854947178585,0.5337006005621049,0.5765819955567542,0.5787643917117585,0.6232436944983141,1.6605390671738465,0.2250538020656665,0.5887421273675075,1.1714240612635467,2.7641554249921024e+18,1.0127865477988819e+18,2.7641554249921025,1.012786547798882,0.4241194001605296,0.2267870815417873,0.43089093203089446,0.21579765588474653,0.693457974434171,0.0,0.0,0.04927065330354317,0.21505712414598843,0.01951896224269369,2.5242455357474802,66.78459862914276,24.469876939693687,23,0.0009761867177196222,12,0.1472771167755127,0.2726308519528773
S2,5,43,1,SINE,det,sample,0,1,0,1e-18,1.0,1.6999676594064543,7.07e-06,19979.328650543823,3.16e-11,4,1e-06,0.2788241514973949,0.0,0.28167336983460056,0.0,0.27851918503165757,0.2788241514973949,0.28167336983460056,0.2870882440620674,0.2906610764141656,0.29631429540452425,0.3045364564142215,0.32153742505052274,0.33274324858902427,0.35442687508138765,0.36645204503759465,0.365907215575353,0.37771798371292253,0.38323293783379336,0.3903595944999548,0.43519133286630207,0.45286317066813275,0.5472107986322609,0.5879557409803234,0.6295658860193758,0.6762850187960399,1.6605390671738465,0.1550814436732363,0.5048168269845585,1.6999676594064543,6.009843425552471e+18,1.8187701512452572e+18,6.0098434255524715,1.8187701512452574,0.20868905702987678,0.08391720743762177,0.5358332125170161,0.24987173349000646,0.8337047796822027,0.0789,0.0,0.10616838745095472,0.24711519691487543,0.0189518279281853,5.602013054005218,145.2034778401294,43.943199955887735,16,0.0009999809761214438,17,0.19577431678771973,0.2726308519528773
S2,5,44,1,SINE,det,sample,0,1,0,1e-18,1.0,0.506830150675577,7.07e-06,322.4636520853495,3.16e-11,5,1e-06,0.43446796866179854,0.0,0.4407140560980725,0.0,0.43425378261108216,0.43446796866179854,0.4407140560980725,0.43518867180181464,0.44581145812785483,0.4360960960054896,0.44940482913166385,0.4363010653063035,0.4500670913445578,0.4363230713465376,0.4501429534876922,0.4364142496924625,0.4502878430845494,0.44245874124208984,0.4568326781483044,0.48742206258190673,0.5039996935385946,0.5524595091573796,0.5755367497352338,0.7058782124915441,0.7329398925764716,1.6605390671738465,0.5201613172917128,0.7884056255174927,0.506830150675577,2.1176220609024477e+17,1.2803380476979347e+17,0.2117622060902448,0.12803380476979348,1.7491032336044594,1.6282465038285296,0.11205374064432179,0.035885835701223355,0.16254307756536326,0.0,0.0,0.0020628959905258392,0.03587736029275428,0.013864419167750214,0.1487906536556761,5.116374358218014,3.093417318433573,52,0.0008447169177926284,6,0.08694720268249512,0.2726308519528773
S2,5,45,1,SINE,det,sample,0,1,0,1e-18,1.0,0.5158562538298319,7.07e-06,14639.033872159156,3.16e-11,3,1e-06,0.31284595162709544,0.0,0.3247677934581889,0.0,0.31426418660162736,0.31284595162709544,0.3247677934581889,0.3398798093798848,0.3496123209968998,0.37081319448611305,0.3740080386729492,0.3817205400811875,0.38329704000418324,0.3876314310588184,0.39448217772872257,0.468431940185758,0.4939840529501788,0.6258369624361972,0.67169588876553,0.6695775109558424,0.718696934972384,0.6924767930309447,0.7373443295583206,0.7625887996241356,0.8066438264388335,1.6605390671738465,0.5110598870543722,0.7843641391178966,0.5158562538298319,9.418786912336462e+18,4.3881100019404897e+18,9.418786912336463,4.388110001940491,0.3597782015250098,0.18606048308961362,0.7094519784299139,0.21813987770896248,0.900421174471996,0.5295,0.00485,0.014608994773229224,0.2180754123522456,0.017551837781327607,0.8323341951559565,227.56676336881844,106.02087081299338,51,0.0008597604230497198,6,0.09822487831115723,0.2726308519528773
S2,5,46,1,SINE,det,sample,0,1,0,1e-18,1.0,1.6171462728959742,7.07e-06,12495.06742053593,3.16e-11,2,1e-06,0.29176104470538333,0.0,0.2943168979521594,0.0,0.29132731877262924,0.29176104470538333,0.2943168979521594,0.3009672461203564,0.3072465931438957,0.3362403983132874,0.350680393942974,0.3514799714415703,0.3656486850683948,0.3624527989924626,0.36892816190488575,0.38034823341394347,0.3815865127381275,0.4218536008567053,0.4331034424153439,0.5026521802456695,0.5394783618083189,0.5436131584394338,0.5873655195285095,0.5902552435604691,0.6351920225153778,1.6605390671738465,0.1630238669421366,0.5156582654426841,1.6171462728959742,3.83453539882621e+18,1.1945780195976704e+18,3.83453539882621,1.1945780195976705,0.28177319131269796,0.1279074825508306,0.4585839395725343,0.23018798378163632,0.7520858235715487,0.0,0.0,0.09151269540188307,0.22785615254409367,0.019321652760009682,4.736276784317762,92.64598698916505,28.862130127959286,16,0.0009512625134682201,17,0.2097947597503662,0.2726308519528773
S2,5,47,1,SINE,det,sample,0,1,0,1e-18,1.0,1.6648093604767402,7.07e-06,14060.318668018199,3.16e-11,5,1e-06,0.28848176421033545,0.0,0.2913778495707307,0.0,0.2881340489211167,0.28848176421033545,0.2913778495707307,0.29186164890997907,0.2975956808788031,0.30675431570965234,0.3166926611311555,0.32616924264342745,0.33871297967793224,0.3514111762244301,0.3640600247041779,0.3640721578891505,0.37158297818688446,0.3963302516799523,0.4006784115408175,0.4540723883644206,0.4770777173454801,0.535973122726787,0.5775851932559087,0.5977568282030491,0.6439247802291735,1.6605390671738465,0.15835653323277238,0.5093358858426018,1.6648093604767402,4.2645732895362186e+18,1.307584710418391e+18,4.264573289536219,1.3075847104183913,0.2603021997235231,0.1140964980702533,0.47529315488213164,0.23532769985256652,0.7728582739852394,0.0,0.0,0.09774926495131289,0.23275206322604933,0.019277584970314093,5.070617771979155,103.03610748192756,31.59247821932648,16,0.0009792996238098472,17,0.2006058692932129,0.2726308519528773
S2,5,48,1,SINE,det,sample,0,1,0,1e-18,1.0,1.059591145492882,7.07e-06,12316.79039733156,3.16e-11,1,1e-06,0.3134159728979512,0.0,0.32021947435372544,0.0,0.3136326228243164,0.3134159728979512,0.32021947435372544,0.34455949255937723,0.35937599559761024,0.3577228446569392,0.368994255010538,0.37622223715839537,0.3779270338088778,0.38516472669533147,0.38568130707336945,0.4177958851521324,0.43339677390749265,0.5342941839067842,0.5749452791843643,0.5790226153273859,0.6263782012812853,0.5922145394674196,0.6389507577150959,0.6418414301599012,0.6869395879010695,1.6605390671738465,0.24880675904094413,0.6123880357316007,1.059591145492882,4.743191422614016e+18,1.8007078036849362e+18,4.743191422614017,1.8007078036849364,0.3369720485070933,0.1643267961018026,0.5412876687764783,0.24300454595831536,0.8046194127055531,0.01745,0.0,0.04839140612249826,0.24239976772626182,0.01920312553183202,2.519975513479946,114.59997238808481,43.506796625883396,25,0.0009632646777208017,11,0.1366727352142334,0.2726308519528773
S2,5,49,1,SINE,det,sample,0,1,0,1e-18,1.0,1.9991222223892375,7.07e-06,6278.552476297786,3.16e-11,2,1e-06,0.31931458696785037,0.0,0.33103939033573715,0.0,0.32031065430915856,0.31931458696785037,0.33103939033573715,0.327360491711629,0.34221208461996155,0.33221071862893164,0.3440304573806258,0.3670893744232147,0.36885046414198885,0.4004557295389528,0.3988660232596554,0.42261568297065205,0.42621901674649104,0.44767729674622375,0.4699430309595461,0.4720458535775366,0.5048836852221937,0.4793432515938904,0.5137590100615305,0.5189100712110122,0.5550366676965062,1.6605390671738465,0.13187459769392473,0.47064198896884507,1.9991222223892375,1.7638341582454118e+18,4.895517038734167e+17,1.763834158245412,0.4895517038734168,0.3358188503667947,0.18098753836743578,0.2901507626718258,0.16714008594198487,0.5484823634137804,0.0,0.0,0.0901039644839282,0.16377123812424138,0.018122538493431938,4.97192843687898,42.61589462073331,11.828030274922947,13,0.0009995611111946188,20,0.20107793807983398,0.2726308519528773
S2,5,50,1,SINE,det,sample,0,1,0,1e-18,1.0,1.9830065354102235,7.07e-06,17522.792442467344,3.16e-11,1,1e-06,0.2912946813078362,0.0,0.29207342673771514,0.0,0.29045556943863216,0.2912946813078362,0.29207342673771514,0.2942553529479338,0.2968527769641805,0.3244017956627255,0.3353632438502363,0.35349362930411704,0.3674708426942827,0.36082392782151995,0.37188728314168307,0.37144014860784164,0.3784446448806126,0.4239573142432768,0.4371310643493517,0.49129218652155765,0.5248312241112787,0.5513808698325579,0.5951530539160385,0.6055022291025529,0.6493438783094445,1.6605390671738465,0.13294632877446758,0.47231053747828383,1.9830065354102235,4.936071783078955e+18,1.3626554117093297e+18,4.9360717830789556,1.36265541170933,0.21343983139263695,0.08495260689933491,0.47987135915945683,0.23927214079060993,0.795800562981389,0.0,0.0,0.12814102736532265,0.23495094637866637,0.019165952672955566,6.685867879979593,119.26014357116223,32.92303823367562,13,0.0009915032677051117,20,0.1859760284423828,0.2726308519528773
S2,5,51,1,SINE,det,sample,0,1,0,1e-18,1.0,0.9052830088896364,7.07e-06,13605.629583025679,3.16e-11,5,1e-06,0.2883075161735676,0.0,0.29068872212783736,0.0,0.2879327044611963,0.2883075161735676,0.29068872212783736,0.30271195552907626,0.3134345542597038,0.32436836969985383,0.3364336191782336,0.35267796977180554,0.36102033237543785,0.3731516110284088,0.3774563041671543,0.3835774664837416,0.38961571057678174,0.4434813190572616,0.4631072109975294,0.5650163040546877,0.6079628750633775,0.6169238217587618,0.6638716950607705,0.6724346431553897,0.7198545800826017,1.6605390671738465,0.29121659882020956,0.6500531315436302,0.9052830088896364,5.787997142413597e+18,2.324766722325341e+18,5.787997142413597,2.3247667223253417,0.33224193825230464,0.16273238142073862,0.589609641329227,0.2464594211903028,0.8387926835890135,0.201,0.0,0.03793160156120247,0.2460976693861264,0.01884303733953842,2.013030111743739,139.84346268221216,56.168553711964044,29,0.0009052830088896364,10,0.11567997932434082,0.2726308519528773
S2,5,52,1,SINE,det,sample,0,1,0,1e-18,1.0,1.9978930784326754,7.07e-06,15086.026309854704,3.16e-11,4,1e-06,0.28725400741039825,0.0,0.2909003813076874,0.0,0.28704073768576643,0.28725400741039825,0.2909003813076874,0.2903430229076091,0.29490683432674775,0.3031489211925217,0.31137403744858577,0.3334276935487833,0.34725141077719174,0.3523508404347852,0.36690547387798644,0.35986607763831874,0.36929792033533376,0.39061288728684446,0.39374857723219225,0.43936747297199386,0.45768359966708905,0.5199733562078505,0.5595501655724937,0.5833190329290452,0.6285873429016625,1.6605390671738465,0.1319557295955912,0.4707686316084124,1.9978930784326754,4.23895628045643e+18,1.166182261273724e+18,4.2389562804564305,1.166182261273724,0.23106425290940272,0.09553950425850977,0.45065245049078867,0.2310027393027254,0.7654352968429713,0.0,0.0,0.12549600924777213,0.2266310632989576,0.01921625092283172,6.53072286325448,102.41717641386808,28.176061860853675,13,0.0009989465392163377,20,0.1801011562347412,0.2726308519528773
S2,5,53,1,SINE,det,sample,0,1,0,1e-18,1.0,0.5109484040167839,7.07e-06,315.79013433459625,3.16e-11,1,1e-06,0.435879064631759,0.0,0.44861513216550314,0.0,0.4364311521112811,0.435879064631759,0.44861513216550314,0.43609252645082563,0.44940809242281593,0.43611693292766424,0.449502109634534,0.4361745309459733,0.44961905902584387,0.4401398985420461,0.4540560461233506,0.4689748372851165,0.48435518838712466,0.48511745858228744,0.5011435196071784,0.49082320297543497,0.50719712449687,0.5904459654973067,0.6107522511750894,0.8153729310957372,0.8123277559024071,1.6605390671738465,0.5159688077035377,0.7865552241800287,0.5109484040167839,2.061393141753376e+17,1.2507533498930744e+17,0.20613931417533762,0.12507533498930745,1.7395677566364285,1.6226523367016423,0.10981751963474765,0.03473179587327981,0.15876240490769294,0.0,0.0,0.0020425317427570666,0.0347231762712075,0.013750116374860216,0.14854650586750623,4.980519993345171,3.0219379019507704,52,0.0008515806733613065,6,0.05591392517089844,0.2726308519528773
S2,5,54,1,SINE,det,sample,0,1,0,1e-18,1.0,1.557028524472357,7.07e-06,18315.313612473878,3.16e-11,5,1e-06,0.278316999186193,0.0,0.2796267466898573,0.0,0.27774576331152007,0.278316999186193,0.2796267466898573,0.28760878025818487,0.29151704137137446,0.30007749015458307,0.3096937654815552,0.32282207745216607,0.33505706702781785,0.34770082164138383,0.3592578495894423,0.36463426685147576,0.37530473335185977,0.3859395398660169,0.39312740691938325,0.44388567349490177,0.46356885623345306,0.5527573069042074,0.5942719389658359,0.6314686818571621,0.6784261532946284,1.6605390671738465,0.16931831027816593,0.523974506511643,1.557028524472357,5.726500127437736e+18,1.8173081372251878e+18,5.7265001274377365,1.817308137225188,0.2279654764362698,0.09548041025830854,0.5371540939340909,0.2490207759830934,0.8277130828693583,0.07035,0.0,0.09310413729100611,0.24688484912640946,0.018985118958220686,4.904058673316418,138.35763687628267,43.90787632009009,17,0.0009731428277952231,16,0.20859289169311523,0.2726308519528773
S2,5,55,1,SINE,det,sample,0,1,0,1e-18,1.0,1.3420137358427477,7.07e-06,17675.193140235355,3.16e-11,2,1e-06,0.29029562315727087,0.0,0.2931009881901449,0.0,0.28986925114026874,0.29029562315727087,0.2931009881901449,0.2931092841625916,0.2994310587110491,0.31521750493889494,0.32514964571377236,0.3558943195800007,0.36796598572534556,0.3665541537292008,0.3771818305240624,0.37244382076096294,0.3795331185955483,0.41166784572765036,0.42320699665854783,0.5258283407730683,0.5636909652990795,0.5959963999799511,0.642234585616043,0.6504168122163355,0.6972108924443766,1.6605390671738465,0.19644615533909635,0.5573249561308211,1.3420137358427477,5.955061125838625e+18,2.037404378299405e+18,5.9550611258386255,2.037404378299405,0.24532421870596055,0.10713764300820822,0.5601046896351777,0.2507267980881011,0.8367239090732385,0.1153,0.0,0.07433069224177537,0.24938130411967985,0.018873683464395916,3.938324619144737,143.87988587952862,49.22560881335849,20,0.000958581239887677,14,0.11768984794616699,0.2726308519528773
S2,5,56,1,SINE,det,sample,0,1,0,1e-18,1.0,0.5205724764727431,7.07e-06,17834.275498912088,3.16e-11,5,1e-06,0.28742631105280175,0.0,0.2944955330525921,0.0,0.28815026119295456,0.28742631105280175,0.2944955330525921,0.3233627327030612,0.33383434745327917,0.354008323621573,0.36221742171026056,0.36966853433471397,0.3734946456770534,0.3778687455716587,0.38467585205701,0.43167127244729186,0.45438081093929805,0.5775612974557478,0.6175158908380707,0.6761315232274566,0.7237786256702744,0.7119982306211746,0.7558628035175999,0.7830134263541072,0.8261862911641387,1.6605390671738465,0.5064298454748772,0.7822729607729128,0.5205724764727431,1.1396124140278825e+19,5.29482155635677e+18,11.396124140278827,5.29482155635677,0.3051654582100831,0.154964735981832,0.7371102190567597,0.21233968174092613,0.9167253338350239,0.5823,0.2286,0.01486442184574905,0.2122705376495514,0.016905885308663448,0.8792453973488009,275.3410932522293,127.92787600039901,51,0.0008676207941212384,6,0.08987998962402344,0.2726308519528773
S2,5,57,1,SINE,det,sample,0,1,0,1e-18,1.0,1.3259867922206499,7.07e-06,12827.709255037747,3.16e-11,4,1e-06,0.29146292473834007,0.0,0.2952337239042594,0.0,0.2912722059688066,0.29146292473834007,0.2952337239042594,0.29636588723894675,0.30391433552654146,0.31487950271529425,0.3260841558999151,0.3409025895712085,0.3528685488634062,0.36287107260685725,0.3713102765619031,0.3758882079216291,0.37891750296151877,0.41505227533924505,0.42392248317458786,0.5007854752952223,0.5358338250844243,0.5638611173621694,0.6087222959272676,0.616188722693831,0.663012707394325,1.6605390671738465,0.19882056168678316,0.5600687530214848,1.3259867922206499,4.346774398046175e+18,1.4982807762473492e+18,4.3467743980461755,1.4982807762473493,0.30186972256864986,0.14104865264185504,0.5040903955451204,0.23926096630583918,0.7834601979861293,0.0,0.0,0.06934638785553571,0.23799406328200146,0.019296086883540602,3.593805742794804,105.0221636888515,36.19987478660885,20,0.0009471334230147499,14,0.15494489669799805,0.2726308519528773
S2,5,58,1,SINE,det,sample,0,1,0,1e-18,1.0,1.350131088036795,7.07e-06,497.2810966657072,3.16e-11,5,1e-06,0.4345171283305895,0.0,0.44059269666418155,0.0,0.4342831408303515,0.4345171283305895,0.44059269666418155,0.4350061770165734,0.4422298720365603,0.4352455690283451,0.44549376337946034,0.43555497245855196,0.44740370817006325,0.43561216252789514,0.44770310405457325,0.4356727763567584,0.44786293568333724,0.43877689009396936,0.4515134727185333,0.4524708343933195,0.4664475055481465,0.48553945338768273,0.5030374532670003,0.6617468812596493,0.6709272463215519,1.6605390671738465,0.1952650680771382,0.5559502910667151,1.350131088036795,1.6714820330151277e+17,6.808116355139045e+16,0.16714820330151278,0.06808116355139046,0.6934574313336355,0.6345970614846149,0.06289691267670279,0.028131184908593464,0.1079181918707998,0.0,0.0,0.009919408500199569,0.02790344703254052,0.010513295218830017,0.9435108872842496,4.038458028859133,1.6449050371317764,20,0.0009643793485977107,14,0.14392399787902832,0.2726308519528773
S2,5,59,1,SINE,det,sample,0,1,0,1e-18,1.0,1.984631889105977,7.07e-06,19423.982971738893,3.16e-11,4,1e-06,0.27957858457258256,0.0,0.28321246445659,0.0,0.2793876183275508,0.27957858457258256,0.28321246445659,0.28692742306147717,0.2904198756257073,0.29484284078234707,0.30182484979576857,0.3197494295555327,0.3305216177838848,0.35339831101719926,0.3666701444316498,0.36319791623852615,0.3755971994766792,0.3798200078429351,0.3859252198067596,0.423729859199094,0.4370953961919029,0.5214658146368448,0.5595040803829631,0.6060421016327021,0.6519983266638564,1.6605390671738465,0.13283744973851305,0.4721414566319796,1.984631889105977,5.470107416670924e+18,1.5085244454508178e+18,5.470107416670924,1.508524445450818,0.20086381043619908,0.077876879970698,0.49863603803178,0.2440668606186014,0.8144995876035953,0.0266,0.0,0.1302715676536444,0.23974187854377885,0.019092862047441313,6.823050799296088,132.16294748755254,36.44737148308905,13,0.0009923159445529885,20,0.21504426002502441,0.2726308519528773
S2,5,60,1,SINE,det,sample,0,1,0,1e-18,1.0,1.9873806062624833,7.07e-06,15430.467394705773,3.16e-11,3,1e-06,0.2879811977122113,0.0,0.29146131113688095,0.0,0.2877226769306776,0.2879811977122113,0.29146131113688095,0.29081126800901225,0.2943874472838051,0.30681480472888184,0.3151438259932595,0.3422054412729588,0.35681316749198694,0.3546643532804409,0.3688929805509479,0.36160901064858714,0.369967869936119,0.39387268906013795,0.39688714573046796,0.4481402982419841,0.4699098701590608,0.5277010247434673,0.5685906772526936,0.5868155996521612,0.6320690280510616,1.6605390671738465,0.1326537241974807,0.4718559250165285,1.9873806062624833,4.34343806616163e+18,1.1984374651230444e+18,4.343438066161631,1.1984374651230445,0.22887841430719877,0.09416687809246889,0.4558605646466018,0.23250600583345735,0.7706038098778836,0.0,0.0,0.12535286420048483,0.22818572617400926,0.01921430223309692,6.523935279032026,104.94155476802587,28.955377967068724,13,0.0009936903031312417,20,0.18456077575683594,0.2726308519528773
S2,5,61,1,SINE,det,sample,0,1,0,1e-18,1.0,0.756891120234821,7.07e-06,15746.490259075192,3.16e-11,4,1e-06,0.2866286280247076,0.0,0.29049379277769705,0.0,0.2866024334757843,0.2866286280247076,0.29049379277769705,0.30889915655054756,0.32055541517854447,0.3357809016536979,0.3470358941045471,0.3613574821200087,0.36685020635098253,0.3740902572889009,0.3778185561386671,0.38887603791931624,0.3980860056507611,0.4834232345398899,0.5113281343840529,0.6151589015996867,0.6614612991352318,0.6562924080605357,0.7032433580652578,0.7137790448772272,0.7603248942141183,1.6605390671738465,0.3483109152301519,0.6933229856523151,0.756891120234821,7.580122154409327e+18,3.217167731015767e+18,7.580122154409327,3.2171677310157674,0.31328941019375356,0.1539831213777181,0.6483905449608999,0.2434009587301642,0.8757462599995005,0.4155,0.0,0.028341506007995128,0.2431976187259986,0.018184678749974096,1.5585376237694328,183.14289097674248,77.72980263551274,35,0.0009461139002935262,8,0.07819008827209473,0.2726308519528773
S2,5,62,1,SINE,det,sample,0,1,0,1e-18,1.0,1.9967768273438817,7.07e-06,6656.926341153432,3.16e-11,4,1e-06,0.3061448267856558,0.0,0.3098749733549895,0.0,0.3057566335903596,0.3061448267856558,0.3098749733549895,0.31772864939971235,0.32898598505021454,0.3290669179352065,0.34354512945729826,0.3395025310082206,0.3492850738483319,0.37861697509166437,0.3785738516201046,0.4128438617802534,0.4134369157443619,0.43521131493894905,0.44887017419650865,0.46674319426285993,0.4976858906382169,0.4828440212053775,0.5179781310595858,0.5208757164314247,0.559475086736793,1.6605390671738465,0.13202949634048558,0.4708837304652245,1.9967768273438817,1.8708652550329267e+18,5.191523945109838e+17,1.870865255032927,0.5191523945109838,0.32966218246108137,0.17444465322344943,0.3004605743784511,0.17206250064648812,0.5645003565297608,0.0,0.0,0.09272819820830364,0.16861024566565336,0.018270522239975485,5.075289966556975,45.20186673183901,12.543210841652835,13,0.000998388413671941,20,0.19066596031188965,0.2726308519528773
S2,5,63,1,SINE,det,sample,0,1,0,1e-18,1.0,1.1430322084533011,7.07e-06,6896.9247171295,3.16e-11,4,1e-06,0.3023285260468595,0.0,0.307442113239597,0.0,0.3022902039756086,0.3023285260468595,0.307442113239597,0.3218816846190677,0.33304867217996986,0.34722558561582617,0.3600062048201198,0.3681632242676847,0.37464334377516223,0.39445974209553913,0.3923946354721419,0.41687057140273587,0.4210826678189456,0.4669701611202316,0.4952975297875444,0.5119471891521608,0.5528626613138459,0.5266616444042154,0.5687197456869106,0.5730187738801155,0.6172700580269758,1.6605390671738465,0.23064392837652592,0.5944919147678536,1.1430322084533011,2.537597440230892e+18,9.400723526023132e+17,2.5375974402308925,0.9400723526023134,0.45094503035313976,0.24730512748065442,0.4166724559793113,0.2106263750015318,0.6747547548917464,0.0,0.0,0.045768789873663014,0.20996652133667892,0.019502384760724845,2.346830422802197,61.31074432207242,22.7130334941563,23,0.0009525268403777509,12,0.1528928279876709,0.2726308519528773
S2,5,64,1,SINE,det,sample,0,1,0,1e-18,1.0,0.5122882631659083,7.07e-06,6212.755298666807,3.16e-11,5,1e-06,0.3134848451125822,0.0,0.32422507802401446,0.0,0.31482498388636143,0.3134848451125822,0.32422507802401446,0.36058043239628806,0.3666837728953966,0.38757994433458015,0.3925761518424366,0.3913406083797235,0.39722629604107507,0.3970230682552674,0.40978801692116895,0.46820445473441674,0.49966805382059626,0.5632023462289881,0.6089900429439249,0.5844455781862429,0.632335870748247,0.5987751284960839,0.644101196410102,0.6712533535844678,0.7174743034334344,1.6605390671738465,0.5146193223114812,0.7859555331948284,0.5122882631659083,4.018990486990823e+18,1.8914858576246956e+18,4.018990486990823,1.8914858576246958,0.6750944248626796,0.3889280099476875,0.5650479257188677,0.2206057458853155,0.7901774059973968,0.0,0.0,0.01258295481861856,0.22055887908683974,0.019758098815905862,0.6368504852546291,97.10259565769245,45.700079913026634,51,0.0008538137719431804,6,0.09439611434936523,0.2726308519528773
S2,5,65,1,SINE,det,sample,0,1,0,1e-18,1.0,0.6310919671442282,7.07e-06,19995.21794600713,3.16e-11,3,1e-06,0.29008655869767336,0.0,0.29743189447416984,0.0,0.29077004464720385,0.29008655869767336,0.29743189447416984,0.3195244709285492,0.33143936485006287,0.3471873487071442,0.35711264826154704,0.3626197259390867,0.36792595980988557,0.3701585339964122,0.3779587817601329,0.40444583366316367,0.4204766475877284,0.5522362648889815,0.5884622127239529,0.6701047608090813,0.7177476258707912,0.703914823986518,0.7491473389008255,0.7658262972070425,0.8100056208180014,1.6605390671738465,0.4177417120543309,0.7370626134154037,0.6310919671442282,1.1003203886981011e+19,4.893200266168947e+18,11.003203886981012,4.8932002661689475,0.26887854411617546,0.1320110132821466,0.7182383432069123,0.22832133197492382,0.9133271356575142,0.5596,0.13785,0.02079883217841708,0.22820177166186625,0.01703820969843554,1.2207169970637726,265.84776984049296,118.22432734188287,42,0.0009015599530631832,7,0.12470221519470215,0.2726308519528773
S2,5,66,1,SINE,det,sample,0,1,0,1e-18,1.0,1.5681607673723543,7.07e-06,5037.48195510015,3.16e-11,3,1e-06,0.31616333159483956,0.0,0.3260710085713165,0.0,0.31684388351475684,0.31616333159483956,0.3260710085713165,0.3286883101363693,0.3426874850018807,0.34288878281907637,0.35133363335361256,0.39200703996781744,0.3907389245788345,0.4151524312733685,0.413613882229012,0.4294935622941748,0.4371101759993837,0.45646601741289394,0.4832309153584735,0.47415607225212114,0.5078374356637865,0.48283598043169157,0.5176108113550766,0.5224613760465318,0.5601381986516579,1.6605390671738465,0.16811633367178008,0.5224045835229976,1.5681607673723543,1.5703464300373204e+18,5.036732547799615e+17,1.5703464300373207,0.5036732547799615,0.42408795764078305,0.24809485294534547,0.29710524122198206,0.16636429354422244,0.5348220126357746,0.0,0.0,0.06080039341114733,0.16483596927858946,0.018352397459367138,3.312940096560222,37.94104886090091,12.169220245930925,17,0.0009801004796077214,16,0.1815638542175293,0.2726308519528773
S2,5,67,1,SINE,det,sample,0,1,0,1e-18,1.0,1.1941676320078418,7.07e-06,9225.820802194894,3.16e-11,2,1e-06,0.29822332775913885,0.0,0.3033745195741008,0.0,0.2982450088163074,0.29822332775913885,0.3033745195741008,0.3182411537555892,0.329380749631238,0.3484052695855014,0.3615122068970986,0.36937990887299643,0.3727390020660859,0.39042460197503254,0.387716939219456,0.40872061443238694,0.41204338608941643,0.47281083715255234,0.5023028555019485,0.5339201069914598,0.5773701552821999,0.5491295623446767,0.5935410523953752,0.59447310163203,0.6394379472699128,1.6605390671738465,0.22076753024640197,0.5842517827559651,1.1941676320078418,3.3098205680163144e+18,1.1992528519935324e+18,3.3098205680163146,1.1992528519935326,0.3807672090788374,0.19430121446974374,0.46315724731349445,0.2264671772840213,0.7322867679503705,0.0,0.0,0.054240153284167404,0.22562594815176534,0.019495921982256924,2.7821281462621217,79.96838244726504,28.97507848187359,22,0.000995139693339868,12,0.1133580207824707,0.2726308519528773
S2,5,68,1,SINE,det,sample,0,1,0,1e-18,1.0,1.9891612723801655,7.07e-06,11026.365848196769,3.16e-11,2,1e-06,0.29609581817509395,0.0,0.29623098279616156,0.0,0.295136834834784,0.29609581817509395,0.29623098279616156,0.3102947659583688,0.3183467347944852,0.33612415408486784,0.35186460220400667,0.34418297862405567,0.3588264896705811,0.3573836695761093,0.36376273601216425,0.3831902997159356,0.38361427336246623,0.4216335124941985,0.4306840241631478,0.4807024043918698,0.5137053089378815,0.5138961207150449,0.5544866179924083,0.5575706435058612,0.5999787685708488,1.6605390671738465,0.13253497465447348,0.47167122682006435,1.9891612723801655,3.1028259271835e+18,8.578794802518559e+17,3.1028259271835004,0.857879480251856,0.2705904511117743,0.12253126396170744,0.39282726976235643,0.21128616902482628,0.6955216358167182,0.0,0.0,0.11427698844597663,0.20718964238909746,0.019104115792309095,5.981799403245979,74.96719695624202,20.727176280603505,13,0.0009945806361900827,20,0.1958012580871582,0.2726308519528773
S2,5,69,1,SINE,det,sample,0,1,0,1e-18,1.0,1.1524365844172755,7.07e-06,18333.32155866286,3.16e-11,4,1e-06,0.2825035523691337,0.0,0.28370738621311176,0.0,0.28189851615809053,0.2825035523691337,0.28370738621311176,0.291017939342315,0.29708008308048384,0.3115379194189436,0.3232912243149001,0.33543567874165486,0.3468582843586752,0.3589452193738565,0.3674406223876206,0.37121372497962685,0.3804280573832866,0.40451229075778217,0.41517287329107055,0.5097707934378959,0.5435262515654099,0.6106849760847262,0.6565449134902025,0.6730935241727478,0.7204520000389978,1.6605390671738465,0.22876177516689175,0.5925692395662898,1.1524365844172755,6.715993022635621e+18,2.457987971022577e+18,6.715993022635622,2.4579879710225776,0.2509339859389774,0.11245820237941781,0.5952629707140052,0.2527526033305798,0.8563042527625551,0.2328,0.0,0.05867129151427727,0.25192866085455423,0.018576329978819126,3.158389820872838,162.26471722881678,59.38730456174433,23,0.0009603638203477295,12,0.13080406188964844,0.2726308519528773
S2,5,70,1,SINE,det,sample,0,1,0,1e-18,1.0,1.9983131583311318,7.07e-06,12043.475716313747,3.16e-11,4,1e-06,0.28903261854399537,0.0,0.29301735321447514,0.0,0.2888964890349213,0.28903261854399537,0.29301735321447514,0.29534601900432317,0.30008450950670884,0.3132642626515714,0.3238343426719315,0.3388448951108196,0.35431709294103786,0.34914739581211723,0.3621544577819611,0.3650796421193728,0.36948296250122026,0.4056482732449731,0.4086834883440345,0.45324597737940353,0.4769421260338248,0.5129519133980429,0.5526742796395386,0.5636840659355422,0.6077293931973758,1.6605390671738465,0.1319279902248834,0.4707253380218946,1.9983131583311318,3.3838100739448975e+18,9.323548892402036e+17,3.383810073944898,0.9323548892402038,0.2589700624783133,0.11415231452910331,0.40846381151953637,0.21706128546964343,0.7158310112183264,0.0,0.0,0.1181856253447365,0.2128317817360717,0.019162318994080864,6.167605569098574,81.75603860130462,22.526572310239672,13,0.000999156579165566,20,0.19641995429992676,0.2726308519528773
S2,5,71,1,SINE,det,sample,0,1,0,1e-18,1.0,0.9906988355185697,7.07e-06,14503.6857457997,3.16e-11,2,1e-06,0.2948550097156472,0.0,0.30062756380052524,0.0,0.2950317193589413,0.2948550097156472,0.30062756380052524,0.3063435748227819,0.3170746538357865,0.3346334837530172,0.3454661359443651,0.3658086519941983,0.374150273124416,0.37494676336733374,0.3790952435991393,0.38781605679272585,0.3928999878462654,0.47142867073914696,0.4984693888327728,0.5858574305861074,0.6319360771815837,0.6171518270906993,0.6645130508310597,0.6676476962781283,0.7144615892078359,1.6605390671738465,0.2661085582891289,0.6284055628779062,0.9906988355185697,5.826333784575559e+18,2.266860813022497e+18,5.826333784575559,2.266860813022497,0.3089781126677309,0.14786685213615303,0.5837774868411676,0.24791106207262964,0.838436231022265,0.1772,0.0,0.04453752175488484,0.24741779702222236,0.018841282203262952,2.3638264781773604,140.76971206617472,54.769492401561415,27,0.0009906988355185698,10,0.0888817310333252,0.2726308519528773
S2,5,72,1,SINE,det,sample,0,1,0,1e-18,1.0,1.988441613626857,7.07e-06,19660.40013550223,3.16e-11,2,1e-06,0.28595424232879485,0.0,0.28965686544875846,0.0,0.2857298268801742,0.28595424232879485,0.28965686544875846,0.2882179604080845,0.2919508710569432,0.2971230138786448,0.3029249052330588,0.33941734754529074,0.35117415805552027,0.36039390179220415,0.37366124550953284,0.3651211005584356,0.37564421004995907,0.38847378484508305,0.39295812136467,0.45060420076381236,0.4731667455344715,0.544414771537044,0.5863310898281746,0.6120153325033223,0.6577365164497512,1.6605390671738465,0.13258294184343994,0.47174584694748783,1.988441613626857,5.533100413499085e+18,1.5240993944672018e+18,5.533100413499086,1.5240993944672019,0.19924191349335774,0.07697821269698159,0.5004850259917261,0.24453363927281835,0.8164530802378503,0.0303,0.0,0.13077686280611464,0.24018905256439124,0.019083320295380946,6.8529407242495815,133.6849176241007,36.82367692138818,13,0.0009942208068134284,20,0.17159795761108398,0.2726308519528773
S2,5,73,1,SINE,det,sample,0,1,0,1e-18,1.0,1.552742616514801,7.07e-06,13182.764273520026,3.16e-11,3,1e-06,0.29094390762125016,0.0,0.29481345844723983,0.0,0.29076613030664467,0.29094390762125016,0.29481345844723983,0.29495399720305704,0.3012567155886137,0.31652991984260814,0.3279076448120432,0.34788280834200563,0.36215995056364275,0.35947601830274567,0.3692528836926486,0.37307951558755775,0.37611383091147155,0.41082852280337806,0.4177133433964719,0.48797917587749157,0.5208877067645714,0.5495593760154702,0.5934426480893796,0.5999227719448603,0.6459311556914615,1.6605390671738465,0.1697856657082693,0.5245826603482688,1.552742616514801,4.126574547609622e+18,1.31413710154706e+18,4.126574547609622,1.3141371015470602,0.27829886937138215,0.1256241829607654,0.4772469438664205,0.23485156491585898,0.7685438056844754,0.0,0.0,0.0876512155004942,0.23277465138376727,0.019309168123196913,4.539357415154262,99.70192789579929,31.75079016070024,17,0.0009704641353217506,16,0.1864168643951416,0.2726308519528773
S2,5,74,1,SINE,det,sample,0,1,0,1e-18,1.0,1.9980047684334719,7.07e-06,5077.341219513671,3.16e-11,1,1e-06,0.3234891908741107,0.0,0.33698127598219885,0.0,0.3248032838389847,0.3234891908741107,0.33698127598219885,0.32949313081896653,0.339407082568954,0.375509763061955,0.37689082020445325,0.40627993281360564,0.40503233407493877,0.42004035536579476,0.42196700445288765,0.4398905080296949,0.45765404064639803,0.46050695631996635,0.4892273942682912,0.46511451901696355,0.4960962926636041,0.4693119132275724,0.5004697050183698,0.5219045523345578,0.5509979517000828,1.6605390671738465,0.1319483531689798,0.4707571196397873,1.9980047684334719,1.4266503433014863e+18,3.9756370202441395e+17,1.4266503433014865,0.397563702024414,0.35812271403600193,0.20625110139528807,0.2548821793007413,0.1494380588756975,0.4909656097294085,0.0,0.0,0.08013822869036337,0.1464215475598039,0.017525113916476726,4.572765065739126,34.46921605784549,9.605513506640989,13,0.0009990023842167358,20,0.18173623085021973,0.2726308519528773
S2,5,75,1,SINE,det,sample,0,1,0,1e-18,1.0,1.9892083575831077,7.07e-06,10754.359911011825,3.16e-11,5,1e-06,0.28967893788190124,0.0,0.293377874576279,0.0,0.28948009286785786,0.28967893788190124,0.293377874576279,0.29837659240458564,0.3034706263696379,0.3126808932689481,0.3226781189964141,0.3341365909818441,0.34894261511345653,0.34736280236223605,0.3596069448371115,0.3683329105021063,0.3715241403336743,0.4104568667955425,0.4140031950239764,0.45369208105365066,0.4775916472310875,0.5055770169554125,0.5443856295746777,0.5548723061085225,0.5982859556782737,1.6605390671738465,0.13253183750890762,0.471666345864051,1.9892083575831077,3.026259864061361e+18,8.368886966173595e+17,3.0262598640613616,0.8368886966173595,0.2736761067498137,0.12485844530558528,0.3881629588667291,0.20952804777686215,0.6894836194928986,0.0,0.0,0.11330622892915895,0.20545717958473775,0.019081843231635327,5.937907965898771,73.11728875354382,20.220019176749613,13,0.0009946041787915539,20,0.18666481971740723,0.2726308519528773
S2,5,76,1,SINE,det,sample,0,1,0,1e-18,1.0,0.8906181088706308,7.07e-06,16572.390705813395,3.16e-11,1,1e-06,0.3049966424424906,0.0,0.3084281820066005,0.0,0.3046836528603171,0.3049966424424906,0.3084281820066005,0.3375730645619156,0.3484480781602587,0.36418740176993336,0.3760543030108332,0.37310838333515806,0.3795605859272124,0.37725178688449335,0.3830169719960094,0.41946937487604335,0.4388192541828519,0.5716906811941601,0.614563735512249,0.6281387754187261,0.6770391241006223,0.6459769397623003,0.6933921127322958,0.6985503480290104,0.7438265868093301,1.6605390671738465,0.29601176552863045,0.6539897202497731,0.8906181088706308,7.133659641113709e+18,2.8785369643939185e+18,7.133659641113709,2.878536964393919,0.28949465108501365,0.13804557293644054,0.6266133354638231,0.24850730020801515,0.8670632530067119,0.3599,0.0,0.03773332114586197,0.24815809949087914,0.018362983692405833,2.054857847609313,172.35593613193979,69.54816435720076,30,0.000989575676522923,9,0.10063290596008301,0.2726308519528773
S2,5,77,1,SINE,det,sample,0,1,0,1e-18,1.0,1.975523609939762,7.07e-06,17925.540208858332,3.16e-11,3,1e-06,0.28547366183195516,0.0,0.28871504383224583,0.0,0.28515682139104337,0.28547366183195516,0.28871504383224583,0.2887401347520915,0.2924357812809288,0.2984602421415649,0.3050123063576143,0.3353947616451694,0.3479516658046683,0.35726150977048066,0.3713042204480985,0.3625434944457546,0.37349240458836275,0.38617618418140864,0.3901996357601931,0.43809876846493173,0.45660801091970726,0.5321067840987811,0.5726141966144279,0.60135283721244,0.6471723519749246,1.6605390671738465,0.13344990537805024,0.47309129583240156,1.975523609939762,5.055989409989612e+18,1.3986535645667558e+18,5.055989409989612,1.398653564566756,0.21103293928501776,0.08358583177540199,0.4847733676244761,0.24052432982461774,0.8003709197320343,0.00065,0.0,0.12804405181177214,0.2362449711966755,0.019151344185809153,6.685904162625346,122.15746638788133,33.792787513414694,13,0.0009877618049698809,20,0.19926810264587402,0.2726308519528773
S2,5,78,1,SINE,det,sample,0,1,0,1e-18,1.0,1.4216219902264982,7.07e-06,10308.393566524215,3.16e-11,3,1e-06,0.29293837741338574,0.0,0.2967128266923172,0.0,0.29272834755378274,0.29293837741338574,0.2967128266923172,0.30291959039556937,0.3105076713335627,0.32957876243773604,0.3427929559550417,0.35163018641276306,0.36380368437024024,0.37000361920838026,0.3726431619399835,0.3909635104345232,0.39073624014426434,0.4312832039421607,0.4452507969638984,0.5063338880459538,0.5445565181838841,0.5404974613002932,0.5840583093459247,0.5858031908264989,0.6310232101823252,1.6605390671738465,0.18544552675114598,0.5442599325476432,1.4216219902264982,3.3725841898431724e+18,1.126766589143902e+18,3.372584189843173,1.126766589143902,0.33074709487912946,0.16087097247419033,0.4492332689452633,0.2251083944854089,0.7297208170696345,0.0,0.0,0.07241238093642786,0.22360222564418097,0.019409065408489877,3.730853568289454,81.48481066773314,27.22374209652799,19,0.0009477479934843321,15,0.19148492813110352,0.2726308519528773
S2,5,79,1,SINE,det,sample,0,1,0,1e-18,1.0,0.5027565680989317,7.07e-06,9939.077506743623,3.16e-11,5,1e-06,0.31617103635768123,0.0,0.32900863928710455,0.0,0.3177411157120234,0.31617103635768123,0.32900863928710455,0.33748287590950793,0.3478015869570505,0.3740699835039716,0.3767281828614455,0.3901433129685588,0.39321018251754253,0.39615726406933055,0.4064722572027669,0.45551741179590677,0.4840702833939132,0.5846622106011456,0.6295665534625142,0.6323167654959834,0.6814099714067965,0.6522634306149929,0.6980691397280369,0.7244723758764431,0.7700876933034662,1.6605390671738465,0.5243759217615792,0.7902466328213089,0.5027565680989317,6.52585103428298e+18,3.065183811696838e+18,6.525851034282981,3.0651838116968384,0.48928517768871316,0.2642935894668385,0.6524479991925964,0.22305625788324962,0.8611377531062954,0.39395,0.0,0.013509680211608055,0.22300270044452863,0.018674554177688412,0.7234271877691658,157.67070769524847,74.05772799093023,52,0.0008379276134982194,6,0.1071779727935791,0.2726308519528773
S2,5,80,1,SINE,det,sample,0,1,0,1e-18,1.0,1.985093373593715,7.07e-06,14495.063669273448,3.16e-11,1,1e-06,0.29618855432469426,0.0,0.29548707459582496,0.0,0.2950240863000505,0.29618855432469426,0.29548707459582496,0.3045656576356865,0.31024095069899915,0.3378687127807789,0.35244150880451663,0.3514455796811539,0.36534997937386765,0.3604755503711725,0.3690335141940365,0.37805257438022527,0.38290944518717507,0.43490841066510694,0.4508948903198458,0.49646401766671255,0.5322495587756776,0.537233136779541,0.5802057341954016,0.5865912976975486,0.6292239722559905,1.6605390671738465,0.13280656835869462,0.4720934825613553,1.985093373593715,4.081729359894017e+18,1.1274492910239932e+18,4.081729359894018,1.1274492910239933,0.2367880838538427,0.09913055289671971,0.4444060540358499,0.22899299820586222,0.7577512221350408,0.0,0.0,0.12341006170333163,0.22471148271359398,0.01922079170412757,6.420654445614222,98.61842592085378,27.24023681698872,13,0.0009925466867968576,20,0.1935591697692871,0.2726308519528773
S2,5,81,1,SINE,det,sample,0,1,0,1e-18,1.0,1.9819157371309315,7.07e-06,4294.022876279103,3.16e-11,5,1e-06,0.3152153685026695,0.0,0.3235648446589745,0.0,0.3155844521867593,0.3152153685026695,0.3235648446589745,0.3219270056829382,0.33432735537353137,0.33122765963343354,0.34183417712442116,0.3721873335344646,0.3740861852594215,0.4144905744838245,0.4144914655947672,0.4301510715712658,0.43606340324934834,0.44395131147480354,0.46436837833757144,0.45627238028378314,0.48421903079998113,0.46557295569752816,0.4953599502133739,0.5034968000830808,0.5375851351122346,1.6605390671738465,0.13301949920444522,0.47242411117568894,1.9819157371309315,1.209846651647986e+18,3.3993312756774874e+17,1.209846651647986,0.3399331275677488,0.37655783592679604,0.22832458461642993,0.22986309713071978,0.13604391361764337,0.44742675494902023,0.0,0.0,0.07192035858414851,0.13335704559810957,0.01700998361583671,4.228126270338609,29.23103465983788,8.213104545460265,13,0.0009909578685654659,20,0.2165980339050293,0.2726308519528773
S2,5,82,1,SINE,det,sample,0,1,0,1e-18,1.0,1.9849325261451387,7.07e-06,3503.0913747988457,3.16e-11,3,1e-06,0.3205557629440175,0.0,0.3326185063384994,0.0,0.3216042668167783,0.3205557629440175,0.3326185063384994,0.3257995099959139,0.3357873809339518,0.37105787743226354,0.37342162424284536,0.4156687144230038,0.41560941439383914,0.42788691077437635,0.43042544893557605,0.4353913064984699,0.4475025954248078,0.44738711195630215,0.47089742357443504,0.45334509853818256,0.47950022331651637,0.4593540724511334,0.48654489173666066,0.49989664709028653,0.5299170494925124,1.6605390671738465,0.13281733023467443,0.4721102019678071,1.9849325261451387,9.864980211442378e+17,2.7835477782581405e+17,0.9864980211442379,0.2783547778258141,0.39409674936749073,0.25360984864679814,0.19997079117608155,0.11946100709129867,0.39443982969717184,0.0,0.0,0.06321033492319475,0.11708050361301776,0.01627320529704909,3.8843198847037854,23.834721374522477,6.725313614973121,13,0.0009924662630725694,20,0.19975805282592773,0.2726308519528773
S2,5,83,1,SINE,det,sample,0,1,0,1e-18,1.0,0.8644692169153263,7.07e-06,3837.5851668681066,3.16e-11,5,1e-06,0.3281029145811316,0.0,0.3409162400978871,0.0,0.32938785053381936,0.3281029145811316,0.3409162400978871,0.3534564995049637,0.36692014035875864,0.3686880060988109,0.37929412132259543,0.38227797925917445,0.385571590464316,0.41180874013670976,0.41501838752695436,0.4508333126410581,0.4748857435661597,0.486972887785538,0.5237144148060525,0.49413573619206036,0.5325615889164799,0.5049381847128356,0.5431400187002122,0.5599773512278166,0.601839391594738,1.6605390671738465,0.3049656756538828,0.6611815766130114,0.8644692169153263,1.6827971023154854e+18,6.987528412262879e+17,1.6827971023154857,0.698752841226288,0.6809579129590565,0.4311840013530357,0.36221746024746077,0.18399020803188143,0.5885107995354435,0.0,0.0,0.02293187554803102,0.18379247937529716,0.01941791409752733,1.1809649292325974,40.65796302056542,16.88252680017228,30,0.0009605213521281403,9,0.10502815246582031,0.2726308519528773
S2,5,84,1,SINE,det,sample,0,1,0,1e-18,1.0,0.5029087911607557,7.07e-06,18072.409702144083,3.16e-11,3,1e-06,0.30574206936610276,0.0,0.3163501735681455,0.0,0.3070435883379732,0.30574206936610276,0.3163501735681455,0.3384614611551143,0.3494291783629307,0.362856941894679,0.3680653349663856,0.3731793532791037,0.3763588068363225,0.3810554337464246,0.3898639205120243,0.46323982023658505,0.4881334821667254,0.6346182903378582,0.6793236799033484,0.6898513538028375,0.7382739866506038,0.7178933496051192,0.7613914422409577,0.7889779260257739,0.8315857107086907,1.6605390671738465,0.5242172009164472,0.790177645782435,0.5029087911607557,1.186222693234182e+19,5.54694916278764e+18,11.862226932341821,5.546949162787641,0.3037188899649996,0.15459470143379853,0.7447781172754497,0.2086777603102092,0.9199162107744449,0.59555,0.2674,0.014031157768607819,0.20861428670415796,0.016756020598186334,0.8373800740091324,286.6025757312541,134.0195164510659,52,0.0008381813186012595,6,0.08030891418457031,0.2726308519528773
S2,5,85,1,SINE,det,sample,0,1,0,1e-18,1.0,0.9170539197794949,7.07e-06,18488.8045359182,3.16e-11,5,1e-06,0.2812100717699471,0.0,0.28320950800009986,0.0,0.28081142813547827,0.2812100717699471,0.28320950800009986,0.28976898518669486,0.2964587805114635,0.3200276674358449,0.3324891957307922,0.3444865924834436,0.35497432428077685,0.36052618782832685,0.3666335382687711,0.37351093125314755,0.38224255000062535,0.42447925292077027,0.44103476340019143,0.5559674175457289,0.5950903190622949,0.6436237022591871,0.6900311448008841,0.7050634180238713,0.7519807424959446,1.6605390671738465,0.28747866742879846,0.6469421095899568,0.9170539197794949,7.803945760668349e+18,3.115756964511235e+18,7.80394576066835,3.1157569645112355,0.2649448040095919,0.12385905728600957,0.6390149741617652,0.24986321544768195,0.8775334851782732,0.3983,0.0,0.03999556591300047,0.24947656005916052,0.018135000784503568,2.2054350252455928,188.55068012368554,75.27962299783978,29,0.0009170539197794949,10,0.12630105018615723,0.2726308519528773
S2,5,86,1,SINE,det,sample,0,1,0,1e-18,1.0,1.2547933175698698,7.07e-06,8214.615165564897,3.16e-11,5,1e-06,0.29421536827090544,0.0,0.2977424927500464,0.0,0.2939687676560306,0.29421536827090544,0.2977424927500464,0.3093060261227521,0.31769200833786027,0.329426721077681,0.34169960668877797,0.35480564482812027,0.3656808943086398,0.37524506707404914,0.37785047265852434,0.4001938470855597,0.40084163802566597,0.4425158282985156,0.4606458583327502,0.5062119122542168,0.5451778826552869,0.5315062786089743,0.5741698774961604,0.5789167731452767,0.623919318251313,1.6605390671738465,0.2101010860729944,0.572755901374985,1.2547933175698698,2.8669844963494804e+18,1.017798753672333e+18,2.8669844963494806,1.0177987536723332,0.3949571254442566,0.20608926573865533,0.4310477185144494,0.2172439237829866,0.6987221335945152,0.0,0.0,0.05616218823448332,0.2162919738930187,0.019471190706934108,2.884373589668698,69.26904584796354,24.59097655459903,21,0.0009652256288998998,13,0.17486882209777832,0.2726308519528773
S2,5,87,1,SINE,det,sample,0,1,0,1e-18,1.0,1.9671716407701372,7.07e-06,15994.078786239503,3.16e-11,5,1e-06,0.28411137092008304,0.0,0.2871672413757033,0.0,0.28380594884808447,0.28411137092008304,0.2871672413757033,0.28930072564850895,0.29381594555785645,0.3005954120611459,0.30908184138003986,0.32154553872455277,0.3336499063111758,0.3490151220460169,0.36313763074540595,0.3597075022361973,0.3708071948486481,0.384422492750837,0.3888380189649322,0.4316536771034188,0.4466675106610252,0.5159674798502116,0.554226184815232,0.5891433291936787,0.6347006348433182,1.6605390671738465,0.13401649014996697,0.4739672813242295,1.9671716407701372,4.5177101497816105e+18,1.2536618425375736e+18,4.517710149781611,1.2536618425375738,0.22556358764967024,0.09212953140934041,0.46446983082976573,0.23490241477012638,0.7788349549899051,0.0,0.0,0.12479308503617922,0.23068561987924924,0.019206504358332,6.497438717006438,109.15213245537065,30.289650941311542,13,0.0009835858203850686,20,0.20693397521972656,0.2726308519528773
S2,5,88,1,SINE,det,sample,0,1,0,1e-18,1.0,1.62920115439085,7.07e-06,18502.845210159347,3.16e-11,1,1e-06,0.29100274339056376,0.0,0.29271744659567955,0.0,0.29036101223092264,0.29100274339056376,0.29271744659567955,0.29431811663653884,0.29807092760652315,0.32966082741292363,0.34080291670644,0.3582147001815517,0.3712882374302483,0.3650661405539479,0.3749962859200274,0.37553367605833493,0.3831283872542191,0.44082848926677676,0.46013958232167873,0.5231572910268473,0.5616767576742064,0.5803520061814765,0.6260133312471754,0.6339327408357668,0.6789629762124985,1.6605390671738465,0.16181761110839418,0.5140372663054548,1.62920115439085,5.661066572539076e+18,1.7523655638911084e+18,5.6610665725390765,1.7523655638911086,0.22300734913107048,0.09214706707382923,0.5297501147827469,0.24826554909065932,0.8248702735986366,0.0592,0.0,0.09951944222910707,0.24581351965299877,0.01901319046068409,5.234231594897008,136.77670055798666,42.33880257885046,16,0.0009583536202299118,17,0.20751523971557617,0.2726308519528773
S2,5,89,1,SINE,det,sample,0,1,0,1e-18,1.0,0.822934844838366,7.07e-06,10237.13930738476,3.16e-11,3,1e-06,0.29899872386692194,0.0,0.307195945793107,0.0,0.2996623533636163,0.29899872386692194,0.307195945793107,0.32052524877715516,0.33146889836758703,0.3551088127633051,0.363556345121811,0.37989845918826587,0.38385527436648564,0.38871219383798644,0.3884140016820082,0.4112635975984377,0.41925657418179985,0.5128203661335429,0.5489651642122697,0.5822446193033417,0.6295344165474057,0.6006969256914451,0.6475484150040718,0.6532552720703104,0.7002452117554954,1.6605390671738465,0.32035760846941186,0.6730832718545776,0.822934844838366,4.645876230474836e+18,1.929323464811789e+18,4.645876230474837,1.9293234648117894,0.4148271930868212,0.2152301929667057,0.5579104629853107,0.23937061946840535,0.8062837855982395,0.03205,0.0,0.030523999447274203,0.23912316582841067,0.01927264264707334,1.5837993785408275,112.2487456847052,46.61427214195473,32,0.0009143720498204067,9,0.07753396034240723,0.2726308519528773
S2,5,90,1,SINE,det,sample,0,1,0,1e-18,1.0,1.2889028160266764,7.07e-06,15148.891861271408,3.16e-11,3,1e-06,0.2911110597427657,0.0,0.29442999747532433,0.0,0.2908088573771874,0.2911110597427657,0.29442999747532433,0.2952988805774303,0.30288205524016226,0.3131823601500195,0.324452196483458,0.34716189328361524,0.3590587869347509,0.36483820369706654,0.3741438771535577,0.3734657169590009,0.37849377603657003,0.41206474856707953,0.4218097372161132,0.5132725199306544,0.5496874092109731,0.5839362923412603,0.6297957257952574,0.6372505716761215,0.6843538159034818,1.6605390671738465,0.2045409751149997,0.5665730334237087,1.2889028160266764,5.204254212337096e+18,1.814062273665795e+18,5.204254212337096,1.8140622736657952,0.2757059403800623,0.12505188518973115,0.539679075693761,0.2467186152305964,0.8159681597818614,0.0492,0.0,0.06863765503221263,0.24553654062156172,0.019071772528954863,3.598913259268722,125.73968366339297,43.82945319921235,20,0.000991463704635905,13,0.10613584518432617,0.2726308519528773
S2,5,91,1,SINE,det,sample,0,1,0,1e-18,1.0,1.9962500378613308,7.07e-06,13486.4498215207,3.16e-11,2,1e-06,0.2911312742591399,0.0,0.29202917192961525,0.0,0.29035034554005423,0.2911312742591399,0.29202917192961525,0.29790796256640933,0.3011225139017784,0.32800152254693016,0.34102078550296255,0.3476331328745593,0.36330789189940865,0.3543174011807191,0.36539089549101034,0.36960815963366345,0.3731217018688665,0.40919475730886024,0.41466490626033803,0.47392486013613583,0.5040248138632942,0.5264166567009685,0.5681561562946844,0.5752399711407946,0.6191885755003654,1.6605390671738465,0.1320643375421084,0.47093807787063036,1.9962500378613308,3.7905452552644065e+18,1.0441361518521736e+18,3.790545255264407,1.0441361518521737,0.24506158807463274,0.10456831632331874,0.42985156289805987,0.22438743610906825,0.7415459976603259,0.0,0.0,0.121954386270478,0.2200836574847109,0.0192096087727137,6.3486137439565224,91.58314368634252,25.227312901851136,13,0.0009981250189306655,20,0.22323298454284668,0.2726308519528773
S2,5,92,1,SINE,det,sample,0,1,0,1e-18,1.0,1.1854020836334973,7.07e-06,3019.488318938354,3.16e-11,2,1e-06,0.3348066208981009,0.0,0.3460723562333912,0.0,0.335844532843377,0.3348066208981009,0.3460723562333912,0.3830067301766103,0.38485987482101114,0.4217359713652701,0.42062685231030456,0.42802455961973696,0.42828371576911684,0.4337726005747429,0.4440720113304492,0.4534052126370771,0.4795416031743211,0.46238703222165867,0.49275225448005594,0.4680735520416267,0.49897808919910763,0.4749051781167679,0.5063153157889222,0.5223173502140018,0.5560551341265502,1.6605390671738465,0.22240001300695844,0.5859704926592064,1.1854020836334973,1.0874700407279136e+18,4.038807225554245e+17,1.0874700407279136,0.40388072255542457,0.6009026277265314,0.4041234598528701,0.26064457166459926,0.14373019898306313,0.4581962134360572,0.0,0.0,0.031725622562005826,0.1432415678732704,0.017911122717786325,1.7712805088706838,26.27430047333129,9.758138672679472,22,0.0009878350696945811,12,0.1161048412322998,0.2726308519528773
S2,5,93,1,SINE,det,sample,0,1,0,1e-18,1.0,1.6817627332738931,7.07e-06,11738.262486091377,3.16e-11,5,1e-06,0.2903735005625478,0.0,0.2942609209707591,0.0,0.2902147960373722,0.2903735005625478,0.2942609209707591,0.29515172368339126,0.3010073864996385,0.3115034212540702,0.3214465651512742,0.3319797230026209,0.3453322237999437,0.35244035377353194,0.3640184544978411,0.36930663551928833,0.3730638749595954,0.40795520186914624,0.412574244804505,0.46405033006292445,0.49085783058439364,0.5267732204662913,0.5681992538057496,0.5799142123575641,0.6252063218581007,1.6605390671738465,0.15676018596591765,0.5071418728874195,1.6817627332738931,3.545961627863346e+18,1.0830009325734303e+18,3.545961627863347,1.0830009325734304,0.2854603612376428,0.13080053184483953,0.43949174654758316,0.2247126165972219,0.7338949933218815,0.0,0.0,0.0945838683479962,0.22213724232089074,0.01931423414583965,4.897106850512625,85.67377287471884,26.166322610860604,16,0.0009892721960434666,17,0.22337985038757324,0.2726308519528773
S2,5,94,1,SINE,det,sample,0,1,0,1e-18,1.0,1.9990718938909493,7.07e-06,2158.2244935828503,3.16e-11,1,1e-06,0.3879188596419723,0.0,0.39113582915415807,0.0,0.38747007409021395,0.3879188596419723,0.39113582915415807,0.4247003531335833,0.42710832751062644,0.4304222762409733,0.43312881475535653,0.4327826229962155,0.4389350391937041,0.43792020264443593,0.4539977445264749,0.4426078791356133,0.462964868235288,0.44423545001337494,0.4648452591432721,0.4447239851310408,0.4652966982365182,0.4538520077767153,0.4745491957275727,0.5701577914903972,0.5798385588116725,1.6605390671738465,0.13187791775984362,0.47064717248427823,1.9990718938909493,6.06332340351865e+17,1.7332196774504237e+17,0.606332340351865,0.17332196774504238,0.42633833508738034,0.311412602288948,0.13957304739698592,0.08362456419051363,0.2807200585259767,0.0,0.0,0.04516544699078441,0.08187798066355223,0.01430737428637701,3.1567949566951214,14.649560448064813,4.187621992890995,13,0.0009995359469454747,20,0.21617794036865234,0.2726308519528773
S2,5,95,1,SINE,det,sample,0,1,0,1e-18,1.0,0.5235626801057318,7.07e-06,6869.607843919765,3.16e-11,1,1e-06,0.378525663600654,0.0,0.3778160676488171,0.0,0.3776746721884311,0.378525663600654,0.3778160676488171,0.40686509747705446,0.400579706336708,0.4113029192766624,0.4048596648822213,0.41355585427519936,0.41252890942775117,0.4683784350070661,0.4943249447646058,0.5664964405949579,0.6122263136654729,0.589264681119951,0.6377802744828734,0.5969677458336288,0.645181835437937,0.6095815165625252,0.6551406285487831,0.6778937731576713,0.7222263674042677,1.6605390671738465,0.5035374919490547,0.7809543482205288,0.5235626801057318,4.3679628916404255e+18,2.0436472479346324e+18,4.367962891640426,2.043647247934633,0.6275336236960116,0.35581300118956827,0.5789218882189632,0.223257023021499,0.8036500107726238,0.03225,0.0,0.013325969703964585,0.22320515063725702,0.019595388249736875,0.6800564262432272,105.53409765155631,49.37644242391204,50,0.0008726044668428863,6,0.0687251091003418,0.2726308519528773
S2,5,96,1,SINE,det,sample,0,1,0,1e-18,1.0,0.8394179319053158,7.07e-06,7429.612682299703,3.16e-11,5,1e-06,0.29723906957076,0.0,0.3048461554119088,0.0,0.29782115027214556,0.29723906957076,0.3048461554119088,0.3166355594479458,0.32683252463272916,0.3583428608781957,0.36877823349298733,0.379511692886989,0.38671164867306357,0.38725766778589255,0.3904037686110522,0.4135300644146571,0.42304345541380994,0.49710906312226066,0.5323706883462018,0.5488212770556292,0.5940403478827792,0.5633392539539335,0.6083902367722095,0.6173792802201006,0.6637879130552864,1.6605390671738465,0.31406696092394487,0.6682875270499302,0.8394179319053158,3.3240685202950666e+18,1.3764310104296512e+18,3.324068520295067,1.3764310104296513,0.5012986632918384,0.27550481296544405,0.4940584422662993,0.22703494424517617,0.7447003921531851,0.0,0.0,0.02884621248943056,0.22679510799216288,0.019670777613839324,1.4664500334311077,80.31262639448316,33.25586967401166,31,0.0009326865910059064,9,0.10604119300842285,0.2726308519528773
S2,5,97,1,SINE,det,sample,0,1,0,1e-18,1.0,0.5787082307240756,7.07e-06,12368.904517388077,3.16e-11,4,1e-06,0.30309727592706853,0.0,0.3129537076316706,0.0,0.30414200282188164,0.30309727592706853,0.3129537076316706,0.32923413986869776,0.34088348574051675,0.36407608499939204,0.3690403265167582,0.3839829267006455,0.3860051979361885,0.3883960376858592,0.3934204912690068,0.4311424443697146,0.4506176551996874,0.577258971639902,0.6198549179911365,0.640269411544789,0.6893232488090054,0.6610861405202486,0.7073503489733928,0.7265231290955828,0.7723139554616764,1.6605390671738465,0.4555550186122446,0.7576142993378759,0.5787082307240756,7.275175784189201e+18,3.3121423466677135e+18,7.275175784189202,3.312142346667714,0.4007257515120478,0.20881568290028202,0.6608675780931413,0.23021771771167018,0.8730452089678749,0.4285,0.0,0.017420007383991888,0.23013316414144294,0.01833404211697178,0.9501454874408861,175.7750994428698,80.02447880636896,46,0.0009645137178734594,6,0.07637214660644531,0.2726308519528773
S2,5,98,1,SINE,det,sample,0,1,0,1e-18,1.0,1.5913060632515708,7.07e-06,18815.7814811164,3.16e-11,3,1e-06,0.28625431264904655,0.0,0.28887870767769513,0.0,0.2858107569884844,0.28625431264904655,0.28887870767769513,0.28934493524905835,0.29364737253380296,0.30035803736957734,0.30914892575376995,0.33668480417853475,0.3483472199700226,0.3614553320633134,0.37380304739966136,0.36719182665176503,0.3776071766861488,0.3904686531147229,0.39660336208335606,0.46087505240403087,0.4858958373675812,0.5666623162276417,0.6101763031238088,0.6338692523881884,0.6807263748077554,1.6605390671738465,0.1656711080958707,0.5191846105947497,1.5913060632515708,5.82952209636502e+18,1.8296024268797865e+18,5.829522096365021,1.8296024268797868,0.22208583691691194,0.09201443589298776,0.5380690142080102,0.24939675748007983,0.8301756743499802,0.075,0.0,0.0962071719973818,0.24712360110017512,0.0189700493515428,5.071529873988306,140.84674468208283,44.20491793815147,17,0.0009945662895322316,16,0.17682194709777832,0.2726308519528773
S2,5,99,1,SINE,det,sample,0,1,0,1e-18,1.0,0.5088722114952801,7.07e-06,14533.334590931077,3.16e-11,1,1e-06,0.35944275266395337,0.0,0.3750295832941151,0.0,0.36122188048545045,0.35944275266395337,0.3750295832941151,0.36931182638985366,0.3784464170822112,0.38061302545196657,0.3825740634011694,0.3837505509753246,0.38539431087247683,0.40669717564424585,0.4191128702972963,0.5710073108115205,0.611310851115401,0.6608705488516476,0.7103382233224166,0.6740944904053873,0.7235612033039083,0.6932914493940456,0.7379012795372034,0.7648574863915419,0.8074439275079119,1.6605390671738465,0.5180739542524827,0.7874867397425129,0.5088722114952801,9.454937126166948e+18,4.418450574800985e+18,9.45493712616695,4.4184505748009855,0.36267377115062566,0.187961905465501,0.711231540643757,0.21665379389644762,0.9008328416016393,0.53115,0.0098,0.014264380793938982,0.2165916959945738,0.017542750040704366,0.8131211332796399,228.44018658489304,106.75392763112518,52,0.0008481203524921334,6,0.05127692222595215,0.2726308519528773
S2,5,100,1,SINE,det,sample,0,1,0,1e-18,1.0,1.1397055819386632,7.07e-06,18173.32281717096,3.16e-11,1,1e-06,0.2925669162045538,0.0,0.2948079799557502,0.0,0.29206209486633156,0.2925669162045538,0.2948079799557502,0.30677079039778743,0.31377541779991464,0.35138080419934464,0.3640771450406981,0.36652366030420147,0.37716045443026386,0.37164415475021856,0.3790711484145425,0.39060676963956564,0.40233793034467924,0.5094591850721015,0.543915469714125,0.5930724703399053,0.6393279302063508,0.6255303812012513,0.672878527385234,0.6765041044831797,0.7220794641817565,1.6605390671738465,0.23131714277482032,0.5951764033781063,1.1397055819386632,6.696674325902666e+18,2.461712096967528e+18,6.696674325902666,2.461712096967528,0.25346405522450827,0.1139998327802732,0.5956372269705339,0.2526845172283204,0.8560404185021346,0.23425,0.0,0.057618644942903086,0.251889152309504,0.01857556769233412,3.1018510926415193,161.79795931944477,59.47728295233307,23,0.0009497546516155527,12,0.0938570499420166,0.2726308519528773
