set,search_seed,eval_index,is_finite,task,mode,node,N_R,R,seed,k_on,k_off,T,distance,N_max,D,L,lam_best,objective,opt_sd,held,held_sd,train,opt_lam_1e-06,held_lam_1e-06,opt_lam_1e-05,held_lam_1e-05,opt_lam_1e-04,held_lam_1e-04,opt_lam_1e-03,held_lam_1e-03,opt_lam_1e-02,held_lam_1e-02,opt_lam_1e-01,held_lam_1e-01,opt_lam_1e+00,held_lam_1e+00,opt_lam_1e+01,held_lam_1e+01,opt_lam_1e+02,held_lam_1e+02,opt_lam_1e+03,held_lam_1e+03,KD_nM,tau_D_over_T,phi_ISI,koff_T,c_peak,c_mean,c_peak_over_KD,c_mean_over_KD,tauR_mean_over_T,tauR_peak_over_T,occ_mean,occ_std,occ_max,occ_frac_above_0p8,occ_frac_above_0p9,contrast_within,contrast_between,binomial_sd_mean,snr_within,shell_molecules_peak,shell_molecules_mean,history_symbols,dt,n_sub,seconds,running_min
S3,1,1,1,MGCUBED,det,sample,0,1,0,1.015042684006846e-18,0.1402707405725091,1.0612637542932046,7.07e-06,10504.974508783875,3.16e-11,5,1e-06,0.4121139826466495,0.0,0.45554706043558546,0.0,0.4217013973474501,0.4121139826466495,0.45554706043558546,0.4345783021282378,0.47617033351419785,0.4667016142295318,0.5122751389533757,0.5176278857126779,0.5543058587849022,0.7157783429734456,0.7418115822870021,0.8786221424810094,0.8996662657123833,0.932677893255015,0.9500852786119457,0.9527899331483757,0.957407230692328,0.9888349896713632,0.9845024946710608,1.0024987939493144,0.9975519533470546,0.22947315257974704,0.24841462619642912,0.6120137625663373,0.14886425275746915,3.9116099479365315e+18,1.7470548372934986e+18,28.305625564790972,12.642231900364562,0.49240692329219665,0.2292232056963117,0.9125078750240718,0.04591290403229222,0.9588192661119493,0.95708,0.73836,0.014024295207930788,0.0456442369132637,0.012226260883838927,1.147063304241165,94.50818069228133,42.21049042207241,25,0.0009647852311756406,22,0.27867698669433594,0.4121139826466495
S3,1,2,1,MGCUBED,det,sample,0,1,0,5.697539569583672e-20,1.0805427952311024,1.7180107954745245,7.07e-06,4979.251678209551,3.16e-11,4,1e-06,0.5750078221017408,0.0,0.6328727330302354,0.0,0.5798062010515439,0.5750078221017408,0.6328727330302354,0.5878888943745886,0.6474943438988479,0.627258735032948,0.6794625894702054,0.6933072521821185,0.7396025666614742,0.7087185393711208,0.7529054692280288,0.7356957837093464,0.7670632399490069,0.899605162254516,0.9074485459040513,0.9866868679950315,0.9859871967702366,1.0154991576882173,1.0142896324221091,1.2340933918035673,1.242874892496069,31.492252108493684,0.15345272539207086,0.5025433733553493,1.8563841871792526,1.4687923389072625e+18,5.144021043207261e+17,0.07744720993337108,0.027123648938102544,0.5244564257805017,0.499961012280143,0.026297771953791835,0.010485067595934447,0.048233712341814235,0.0,0.0,0.007287606452161407,0.010175641200943131,0.006970451572713702,1.045499904294469,35.48740636527761,12.42843935635214,15,0.0009817204545568713,35,0.0813148021697998,0.4121139826466495
S3,1,3,1,MGCUBED,det,sample,0,1,0,4.229834444881379e-18,0.4542335270514108,1.6705592625676138,7.07e-06,2974.9499939849456,3.16e-11,4,1e-06,0.403303877639703,0.0,0.4502321623483452,0.0,0.41222658030942083,0.403303877639703,0.4502321623483452,0.4296649351131289,0.479262271871382,0.4663335822259367,0.5147124937248718,0.504815618596174,0.5514132642221401,0.5480654076189602,0.5933758898950969,0.6702029505677214,0.6998637938012141,0.8466919033440905,0.8709335806736085,0.8992708885651164,0.9132344523113017,0.9581103774147027,0.9516322828924009,1.0040456779606677,0.9938362902816699,0.17832199513193683,0.15781148548622362,0.5085886133850741,0.7588240259844911,8.89151933170954e+17,3.2016928057755437e+17,8.279805980137825,2.981424686924426,0.3309942291028798,0.14201036075542522,0.7173153002297121,0.11044333416063963,0.8612560281219281,0.21768,0.0,0.07628057875096805,0.10761195719965003,0.01944371198807441,3.9231489747304384,21.482748198690093,7.735591386585816,16,0.0009826819191574199,34,0.08381104469299316,0.403303877639703
S3,1,4,1,MGCUBED,det,sample,0,1,0,1.53807791762147e-17,0.17762974564964168,1.1500419348783408,7.07e-06,7448.393700428099,3.16e-11,2,1e-06,0.5405740551801815,0.0,0.59119633529342,0.0,0.5498067693696028,0.5405740551801815,0.59119633529342,0.6015192828735179,0.6449369379794185,0.7279156612094653,0.7639638523172618,0.8328290594610914,0.8522403601357798,0.9220345632691431,0.935895397054593,0.9647374959378979,0.9678954789228345,0.9921579237431716,0.9906152879106542,0.9978244175473122,0.9958162060706237,0.9984604471669728,0.9964421144000271,0.9988114658485605,0.99711804781366,0.019177255505983752,0.2292381093446426,0.5930570877907118,0.20428165637886145,2.656020997576212e+18,1.1461861585729723e+18,229.9821592476148,99.2470947665305,0.04883136158919915,0.021192988015855663,0.9869661523844789,0.00878348559966745,0.9956015920659068,1.0,1.0,0.007363341390947031,0.00841606275727895,0.004863728852334003,1.5139292535630384,64.17196901082706,27.69293718525023,23,0.000958368279065284,24,0.07806181907653809,0.403303877639703
S3,1,5,1,MGCUBED,det,sample,0,1,0,2.441061889274533e-19,0.8282264824085115,0.5210724363621818,7.07e-06,13739.277714009859,3.16e-11,3,1e-06,0.5375935717209065,0.0,0.5757975242727637,0.0,0.5423656974690453,0.5375935717209065,0.5757975242727637,0.5619329468297429,0.6038107058493418,0.6028080416667949,0.6479360189883647,0.6692721054369861,0.7099898361465733,0.7776569880881464,0.8197127471967454,0.8096361827438753,0.853325656637511,0.8158952574776441,0.8538919000597628,0.873030356859593,0.8824096382409679,1.0018196008984441,0.9923754074531664,1.0359429976773387,1.0254687318993403,5.634033436637021,0.5059439348953045,0.7820520990902871,0.4315659910482828,8.191006527669108e+18,4.6452889119366e+18,2.414165001262281,1.3691228146463654,0.9780593554501936,0.6786850466274131,0.5616975597548192,0.0904647276797446,0.6868144419349946,0.0,0.0,0.014331809035969529,0.09030771422788454,0.021813180970328454,0.6570251746164157,197.90243282742784,112.23455551562537,51,0.0009474044297494215,11,0.11347198486328125,0.403303877639703
S3,1,6,1,MGCUBED,det,sample,0,1,0,2.1980025405918295e-18,4.656803697795639,0.9466492389276062,7.07e-06,9108.096192107727,3.16e-11,4,1e-06,0.35334765567072274,0.0,0.39528771887250735,0.0,0.36150321224807147,0.35334765567072274,0.39528771887250735,0.426611906734745,0.46314003866625153,0.500048610270361,0.539127179975347,0.5202107119009162,0.5632329559348365,0.5373358289585649,0.5851000433936592,0.6149378449394985,0.6569309392590408,0.7458165840277265,0.7844560540879713,0.8065781115293019,0.8271331038142009,0.9503293278129235,0.9413439210369006,1.0351197242567098,1.0224510897330585,3.5181053367969137,0.27849115382717426,0.6393054195331067,4.408359676353504,3.6199398327173965e+18,1.6998067663012265e+18,1.7086047567065756,0.8023055798151528,0.1258619776712594,0.08374855876695002,0.4271253238332457,0.10591518750298445,0.6154198833690848,0.0,0.0,0.09626706809587858,0.1006695915879735,0.021566906976910095,4.463647392690281,87.4611559841532,41.06893252388398,28,0.0009964728830816907,19,0.13764500617980957,0.35334765567072274
S3,1,7,1,MGCUBED,det,sample,0,1,0,9.140532045039275e-18,0.3127274989097817,0.7320789615282928,7.07e-06,18065.621208136494,3.16e-11,2,1e-06,0.5699984004188102,0.0,0.6014284429065575,0.0,0.574557123852344,0.5699984004188102,0.6014284429065575,0.680992726579292,0.7165548354029536,0.7724777130561077,0.7936591599165652,0.8858340990378213,0.9057025029369986,0.9320517086193582,0.9437256352222382,0.9762812254642422,0.9763930181095654,0.995941176792562,0.994316186818419,0.9985765162643361,0.9968138561259903,0.9988551428917708,0.9971108572657195,0.9991667477485322,0.9977357111259397,0.056812472923946485,0.3601161249985966,0.7013803647871837,0.2289412226432133,8.42557274138034e+18,4.33950717389321e+18,246.26621550353053,126.83695716215773,0.03416800149262271,0.017664901508012865,0.9905556930005537,0.005117389948526404,0.9959145991406207,1.0,1.0,0.003330950156782097,0.004983766775717478,0.004202714939720251,0.7925710414715441,203.56977348889123,104.84658070830866,36,0.0009761052820377237,15,0.048951148986816406,0.35334765567072274
S3,1,8,1,MGCUBED,det,sample,0,1,0,3.9587865251921145e-19,2.321686777572333,1.5138167463373047,7.07e-06,17906.61495524565,3.16e-11,1,1e-06,0.6380353222306127,0.0,0.7045148982006653,0.0,0.6435202697339661,0.6380353222306127,0.7045148982006653,0.6470551574571384,0.7085178450476903,0.6501807137464982,0.7100742799465677,0.6540952096631939,0.7101754274766986,0.6897302937182667,0.7361962906417174,0.7286187636219967,0.7616428039190842,0.8532713101798889,0.8552749717923082,0.971488027782043,0.9614607129472386,0.9993286944483442,0.9858021848933005,1.0643268465793099,1.0609082176344318,9.738468016313979,0.17415148792377233,0.5302034485062227,3.5146083236388908,5.577124617070417e+18,2.076623181550437e+18,0.9509743517797904,0.3540920312092927,0.2101236249717269,0.14583827095597837,0.25139130982536206,0.08824538964215134,0.4318561979847263,0.0,0.0,0.09565166497040908,0.08179527390278876,0.018781787491437756,5.0927881605525975,134.7485838488346,50.17317204014158,17,0.0009766559653789063,31,0.09722614288330078,0.35334765567072274
S3,1,9,1,MGCUBED,det,sample,0,1,0,1.3122421766889598e-19,6.78262422953873,1.9733080691920888,7.07e-06,15060.188281729257,3.16e-11,3,1e-06,0.5265935621258817,0.0,0.5790230090098907,0.0,0.5312862442969448,0.5265935621258817,0.5790230090098907,0.5610071566427941,0.6153561300303025,0.6081498087191575,0.6593038946939136,0.6795489877213216,0.7258311015435175,0.7043709857389231,0.7432235605758655,0.769276713266358,0.7865520060584561,0.9410006556982689,0.9386734604821095,0.9910411453642476,0.986567077026968,1.0119181758217717,1.0107985143755274,1.2361550275649487,1.2451593369012084,85.82876477516689,0.1335997368756021,0.4733232003420519,13.384207122446549,4.2075934206350787e+18,1.3405406205477732e+18,0.08140479793750593,0.025935594871768563,0.07282613356242688,0.06909061509721269,0.025091514350294337,0.013512223666694214,0.0660334723118661,0.0,0.0,0.025141708718750738,0.010130264907525888,0.006702851376131175,3.7508975371705624,101.65942017986868,32.388724049263914,13,0.0009866540345960443,40,0.14441895484924316,0.35334765567072274
S3,1,10,1,MGCUBED,det,sample,0,1,0,6.522273934515115e-19,3.110790059111,1.3742596989664704,7.07e-06,938.3130118042042,3.16e-11,2,1e-06,0.5854720810510557,0.0,0.6509255318226504,0.0,0.5907363619867667,0.5854720810510557,0.6509255318226504,0.6075796409020088,0.6689915855293855,0.6619032565875058,0.7144717367538308,0.6870415340976832,0.7304608601072936,0.720170418594478,0.7479333318366204,0.8945743863489881,0.896894973534927,0.9847763133939849,0.981321076525557,0.9972194230394164,0.9941426603037947,1.014302314617019,1.014334807756091,1.241677874091795,1.2509911414665495,7.919919455688854,0.1918366950706874,0.5519223746611222,4.275033410181771,3.0648116064239725e+17,1.2910348858801814e+17,0.0642587268023194,0.02706863216327882,0.22775138215307839,0.21979270138952517,0.026267158310632,0.009311892239608722,0.0484753845440177,0.0,0.0,0.011285534803425524,0.008429578645949537,0.007019751254539811,1.6076830067343122,7.40487351609572,3.1192618870183613,19,0.000981614070690336,28,0.11205196380615234,0.35334765567072274
S3,1,11,1,MGCUBED,det,sample,0,1,0,3.37038639659654e-18,10.0,0.6170127910047201,7.07e-06,11618.947295011758,3.16e-11,5,1e-06,0.31730715767720635,0.0,0.35283750938055514,0.0,0.3251219014174273,0.31730715767720635,0.35283750938055514,0.36227970758362715,0.39883424516318666,0.4618256388947835,0.5009375040382077,0.5141000688503615,0.5552764152580604,0.540033817473301,0.5827081001045454,0.6163411176023664,0.6526531603807425,0.7568436945016574,0.795777354886227,0.8176118575743107,0.8414198501666652,0.936074195990801,0.9302203881049331,1.0289027685621213,1.0177093433732318,4.926850728007568,0.42727386313867954,0.7424393838637708,6.170127910047201,6.108110062835018e+18,3.320596406082295e+18,2.0586691064693583,1.1191692955647126,0.07647864412819763,0.05298748859760668,0.5108996301006231,0.0972672936329999,0.6690154932751992,0.0,0.0,0.06474289196737278,0.09466384307372366,0.021919953119738413,2.9536054029729333,147.5776923543401,80.22873684471402,43,0.0009492504476995694,13,0.04971432685852051,0.31730715767720635
S3,1,12,1,MGCUBED,det,sample,0,1,0,2e-17,10.0,1.9587478441214554,7.07e-06,6703.701360503712,3.16e-11,5,1e-06,0.29294567857386966,0.0,0.34292396457115965,0.0,0.30591152513212355,0.29294567857386966,0.34292396457115965,0.3617226197169855,0.4076851383207604,0.4171902716904871,0.46304867159688645,0.45715578909659116,0.5001050592427729,0.49984248098792494,0.5397832393333679,0.5614191063391054,0.6021173079109963,0.6748820231744651,0.7095671653681757,0.8031479822663993,0.834158068568092,0.8891306648373495,0.8917724509182524,1.0042518346789626,0.9919485996517272,0.8302695335869232,0.1345928418554616,0.47485570759635043,19.587478441214554,1.877663381286172e+18,6.045205481068529e+17,3.755326762572344,1.209041096213706,0.023110943355574773,0.010735965411789105,0.5020943483226799,0.1508476467313695,0.7874256923264081,0.0,0.0,0.2716696279612031,0.12346359118034683,0.021260103153635173,12.778377696382506,45.36611586528075,14.605785840896017,13,0.0009793739220607276,40,0.09183311462402344,0.29294567857386966
S3,1,13,1,MGCUBED,det,sample,0,1,0,2e-17,10.0,0.7498223903761627,7.07e-06,2044.950835668067,3.16e-11,4,1e-06,0.3576031837289319,0.0,0.39949952396037103,0.0,0.3642908587362363,0.3576031837289319,0.39949952396037103,0.4218438688431864,0.4577112785722838,0.5033629786411724,0.5414228881320824,0.5281379826601585,0.568387041779235,0.5485681430693772,0.589391383970579,0.6472779227576042,0.6853451500663067,0.7568838548346871,0.7943558850033277,0.8141167824131155,0.8318483580912006,0.9579080704763097,0.9493016777531105,1.0274836094839344,1.016166459843669,0.8302695335869232,0.35159451385055157,0.6955920392014839,7.498223903761627,9.412454192894281e+17,4.950517042968221e+17,1.8824908385788564,0.9901034085936443,0.0670140633299872,0.04626724708775494,0.48153888475854306,0.09498482785587917,0.6483956061539923,0.0,0.0,0.08783068975216456,0.0902244156306534,0.021926996984240266,4.0055959242978725,22.741375890229925,11.960915465609464,35,0.000999763187168217,15,0.03936505317687988,0.29294567857386966
S3,1,14,1,MGCUBED,det,sample,0,1,0,2e-17,0.5730688776283921,0.7357108751834822,7.07e-06,15724.849338709611,3.16e-11,5,1e-06,0.4775706773470779,0.0,0.5117486496557253,0.0,0.4851975572409121,0.4775706773470779,0.5117486496557253,0.560671944348448,0.5966860335745791,0.6665799757893145,0.6974542321058903,0.8003972413036947,0.8262803284843452,0.9042534227076243,0.9273702723664486,0.9417935739898475,0.9529598491787552,0.9803354978713812,0.9799568249645625,0.9969351318482826,0.9952607996205147,0.9991197355559379,0.9973712706580247,0.999400674214924,0.9977716538471704,0.04758016297417067,0.35833837409677644,0.7001846102270484,0.4216130055004002,7.311481176531061e+18,3.762382287293622e+18,255.16936835897093,131.306460154109,0.01792688988311721,0.009258887419685854,0.9908655387050912,0.0049622050351502715,0.9960600917536867,1.0,1.0,0.0033967667925586414,0.004819751072537788,0.004133336827401551,0.8217977228567749,176.65227191794202,90.90269985343483,36,0.0009809478335779762,15,0.0379948616027832,0.29294567857386966
S3,1,15,1,MGCUBED,det,sample,0,1,0,4.906589638253227e-18,10.0,2.0,7.07e-06,430.13382652427947,3.16e-11,5,1e-06,0.5330366416004546,0.0,0.5878425639390588,0.0,0.5378549728345453,0.5330366416004546,0.5878425639390588,0.5728008364177762,0.6335138746468859,0.590410414859075,0.649136258869513,0.662916843142586,0.7125522270462283,0.7057242617664311,0.7490934343808126,0.7534045746218678,0.779441685386138,0.9257557659970806,0.9299948893134118,0.9911319445490748,0.9893063263558608,1.0143397603976445,1.0138735905915066,1.2348617844655012,1.243888733979361,3.384303945509916,0.13181671940928272,0.4705516107728963,20.0,1.1993857413617592e+17,4.422397779351011e+16,0.05884893650834273,0.021698891120397752,0.04893809754963115,0.04722108912427098,0.021141309856021327,0.00970509965595261,0.0510551464505884,0.0,0.0,0.023525500290313077,0.005636582335233771,0.006261253346673607,3.7573148677670716,2.8978289214178607,1.0684929581093054,13,0.001,40,0.11901402473449707,0.29294567857386966
S3,1,16,1,MGCUBED,det,sample,0,1,0,2e-17,10.0,0.5409640181172743,7.07e-06,8271.67120151855,3.16e-11,4,1e-06,0.4180317267551456,0.0,0.45645365142918876,0.0,0.42687302826897344,0.4180317267551456,0.45645365142918876,0.4734011032028347,0.5133733718631628,0.5120745998849001,0.5499006184118223,0.559070765743737,0.5962445588776127,0.6514146566485001,0.6860052115018712,0.7889678080211493,0.8192834374697184,0.8691882114841932,0.8976376514303789,0.9108123391255162,0.9181401562419894,0.9832435136732084,0.9777489574337994,1.0056516345795892,0.999299646662597,0.8302695335869232,0.4873400632746205,0.7733910392099046,5.409640181172744,4.793686106820825e+18,2.703046663730588e+18,9.587372213641652,5.406093327461177,0.028856148171483246,0.017459967830297594,0.8279911297222825,0.06072354765437669,0.9048381278279904,0.7522,0.00828,0.03354940835602615,0.059603628720670106,0.01653511075989758,2.0289799592629976,115.81997151952535,65.30815339864854,49,0.000983570942031408,11,0.044251203536987305,0.29294567857386966
S3,1,17,1,MGCUBED,det,sample,0,1,0,7.249813412839034e-18,6.347494131023051,1.2752369373879562,7.07e-06,8465.669578993105,3.16e-11,5,1e-06,0.3015281910629097,0.0,0.3496438027587357,0.0,0.3133102931494915,0.3015281910629097,0.3496438027587357,0.34947992829364916,0.39622372884738677,0.42266157616204436,0.4657594043259058,0.467386064096647,0.5097226197534317,0.49801396255418756,0.541764593865559,0.5512238343348297,0.596096814888183,0.691920072678782,0.7304243396251053,0.808783033384205,0.8382034524027556,0.9068973207893958,0.9056743749630299,1.0134453423210001,1.0011940576411227,1.453866656009966,0.20673290671658306,0.5690265500913902,8.094558975733863,2.863676222584824e+18,1.1745688274145738e+18,3.2707581700713635,1.3415380406063222,0.0527600976479572,0.028926895588361447,0.5406907116314783,0.12841023403374732,0.7611474030141914,0.0,0.0,0.1667107594122232,0.11622358688414652,0.021509697969166183,7.750492807997605,69.18911483774238,28.378689198133387,21,0.0009809514902984278,26,0.08351612091064453,0.29294567857386966
S3,1,18,1,MGCUBED,det,sample,0,1,0,2e-17,0.1,0.8343406233561407,7.07e-06,6911.784469219923,3.16e-11,5,1e-06,0.4937775673749562,0.0,0.5351504846993597,0.0,0.501865276486162,0.4937775673749562,0.5351504846993597,0.5831620716158197,0.6211695814403643,0.710015494805437,0.7430549607891924,0.8498231768562929,0.8723856948658238,0.9294374426647186,0.9460051864146412,0.9674366586962205,0.9695121878052524,0.9940136843750169,0.9926934322384159,0.9986047095642335,0.99706759611013,0.9990980896540528,0.9975547096529821,0.9992028341810195,0.9977804171207428,0.008302695335869234,0.3159781885701528,0.669754406376511,0.08343406233561407,2.9658273837755827e+18,1.4681215866841956e+18,593.1654767551165,293.6243173368391,0.04068066289878928,0.02017201100410898,0.9958410724236108,0.002351980868510245,0.9982965978729182,1.0,1.0,0.0017067477319266183,0.002276694654195609,0.00279102347428585,0.6115132128594263,71.65718310841324,35.47120035978598,32,0.0009815772039484009,17,0.06822085380554199,0.29294567857386966
S3,1,19,1,MGCUBED,det,sample,0,1,0,4.980108326800647e-18,10.0,2.0,7.07e-06,9598.88472323165,3.16e-11,5,1e-06,0.33484426377516185,0.0,0.38062393767412606,0.0,0.34351070705488257,0.33484426377516185,0.38062393767412606,0.38539950576358145,0.43194984577751105,0.45032035217958727,0.49899014483258086,0.4872227444073038,0.5349682633175984,0.5051984891296311,0.550594804904676,0.5498550231379827,0.5911259512764905,0.6984072325679777,0.7395082050445698,0.7718273953203084,0.7997949945917034,0.9124412990110469,0.9060731485936137,1.0376099315021,1.024145199473376,3.334343267670687,0.13181671940928272,0.4705516107728963,20.0,2.670154555768671e+18,8.463102131835456e+17,1.3297658937028243,0.4214716539731806,0.035174813272036844,0.021461383796177163,0.2767054301858076,0.11615413860762516,0.5623473272063663,0.0,0.0,0.22550727937999362,0.08927401968138515,0.019073049855762744,11.823346611336975,64.51344908917241,20.447651891126505,13,0.001,40,0.07594013214111328,0.29294567857386966
S3,1,20,1,MGCUBED,det,sample,0,1,0,9.335602293246024e-18,10.0,1.5069882161312251,7.07e-06,6214.397491769924,3.16e-11,5,1e-06,0.3169344048272287,0.0,0.3633288693954852,0.0,0.32681266323775227,0.3169344048272287,0.3633288693954852,0.3686557864208576,0.4154742239636478,0.4364750319157051,0.4836989555195097,0.480890467535292,0.5280787908299646,0.5035580002400187,0.5508938525161216,0.5412991176384554,0.5862915331783702,0.6885910118890936,0.7311317432273048,0.7792939739111765,0.8099304424039127,0.9011249362729398,0.8973839483666411,1.0281171009441075,1.0144692661277661,1.7787165894750974,0.17494061068066694,0.5312079580558733,15.06988216131225,1.9395453640257088e+18,7.293938571253946e+17,1.8106824148253102,0.6809330965259397,0.039476597657666666,0.023609042128345383,0.38050434951237666,0.12384419177875425,0.6385747653813937,0.0,0.0,0.19852019535807613,0.10512697794464533,0.02088896749122805,9.503590612673468,46.861242854982244,17.62284260510458,17,0.0009722504620201453,31,0.053954124450683594,0.29294567857386966
S3,1,21,1,MGCUBED,det,sample,0,1,0,2e-17,10.0,2.0,7.07e-06,10504.115158557368,3.16e-11,5,1e-06,0.2985264743536039,0.0,0.35193104334195496,0.0,0.3133444496765352,0.2985264743536039,0.35193104334195496,0.34958786856861684,0.3975314696763091,0.40714347931027534,0.4516146542375863,0.45123517826338017,0.49236983143558777,0.50001684629953,0.5376520215757764,0.5837784927253975,0.6224476467780192,0.6915272385378943,0.7235085772115117,0.8246389166988672,0.8536491369752471,0.8993064629901912,0.904428974529306,0.9968375195789246,0.9859914971907596,0.8302695335869232,0.13181671940928272,0.4705516107728963,20.0,2.921937284870496e+18,9.255001573984801e+17,5.8438745697409935,1.8510003147969605,0.017537704131597352,0.007305803093041236,0.595571925673071,0.15341270130715048,0.8526747056243458,0.06004,0.0,0.2638190519089825,0.12871590650102088,0.02078316447257648,12.69388269804117,70.59675697872916,22.36095553246343,13,0.001,40,0.09940600395202637,0.29294567857386966
S3,1,22,1,MGCUBED,det,sample,0,1,0,2e-17,2.6633404961994405,2.0,7.07e-06,7987.951692868427,3.16e-11,5,1e-06,0.2970609234011486,0.0,0.3416380368003139,0.0,0.3104074020765277,0.2970609234011486,0.3416380368003139,0.3708295407262692,0.4178220796578029,0.41117362331812657,0.4563194655427536,0.45717506089330934,0.49918020898739784,0.5244804136492065,0.5602624478678314,0.642222553292149,0.6733131902317102,0.7800513923522308,0.8051318602232203,0.8923002177445875,0.9122281211120822,0.9449536550747086,0.9470221491503351,0.9948041737145871,0.9869350269306958,0.2211290471562674,0.13181671940928272,0.4705516107728963,5.326680992398881,2.2220861977497746e+18,7.053851052439773e+17,16.686459736715367,5.296995305335947,0.029813292583719977,0.010614569915683797,0.7940997437129588,0.11715908022057216,0.9427340581507274,0.60872,0.13768,0.16793004396887734,0.10407801694172795,0.01704994713031257,9.849299982304329,53.687695523308236,17.042768545777143,13,0.001,40,0.09293889999389648,0.29294567857386966
S3,1,23,1,MGCUBED,det,sample,0,1,0,2e-17,10.0,2.0,7.07e-06,7829.12651370057,3.16e-11,4,1e-06,0.31361404065959114,0.0,0.3638508400925916,0.0,0.32674656295740717,0.31361404065959114,0.3638508400925916,0.3900868720235121,0.43638970141824673,0.444179788343009,0.48829689994617803,0.4795280118348092,0.5199691391461384,0.5332111445768593,0.5701675346603238,0.6116987080599577,0.6483299812836286,0.7430288598669288,0.7758103516681897,0.8313365943237808,0.857363546720894,0.9150679430047637,0.9129170867459575,1.0045743717485915,0.9923465696451258,0.8302695335869232,0.13181671940928272,0.4705516107728963,20.0,2.177910222771006e+18,6.914910108925162e+17,4.355820445542013,1.3829820217850326,0.020982113814919275,0.00933563783707838,0.5315307810354611,0.1532054921758771,0.8115662629894831,0.0028,0.0,0.27443145543639674,0.1259790015801175,0.021182719324240897,12.955440292424838,52.62036235841699,16.707074139381593,13,0.001,40,0.09501004219055176,0.29294567857386966
S3,1,24,1,MGCUBED,det,sample,0,1,0,2.755023768292453e-18,10.0,0.5,7.07e-06,6724.073818248242,3.16e-11,5,1e-06,0.3013724156327526,0.0,0.34298296404990636,0.0,0.31237762279797504,0.3013724156327526,0.34298296404990636,0.4069315697530298,0.44846530927583433,0.4940236358600997,0.5391156811269834,0.5418403790385836,0.5916301945617567,0.5775212042677177,0.6267108511846035,0.6813816928323447,0.7271961720768133,0.7566532588386055,0.8018622673636718,0.7920411207071872,0.8164427941453603,0.9524510925739973,0.9446241332677506,1.0482719866097232,1.036510475416797,6.027313035498923,0.5272668776371309,0.7914984825837854,5.0,4.14153974641774e+18,2.382193700605066e+18,1.1410040438708773,0.6563000265843513,0.12075106972765269,0.09341411594833117,0.3858612557034317,0.08273947690270717,0.5269150379418409,0.0,0.0,0.039785287851524916,0.08148948722170228,0.021418530267241203,1.8575171757874975,100.06350119474224,57.55604359774241,53,0.001,10,0.045992136001586914,0.29294567857386966
S3,1,25,1,MGCUBED,det,sample,0,1,0,2e-17,10.0,2.0,7.07e-06,20000.0,3.16e-11,5,1e-06,0.3173346752803173,0.0,0.36828034819664107,0.0,0.3316621767757032,0.3173346752803173,0.36828034819664107,0.36601046395734793,0.4133668193936303,0.41340804717243457,0.45723277507728216,0.4576615376764085,0.4979521642767529,0.5263773510942479,0.5621455569150624,0.6333576699968478,0.666897324111952,0.7513236865988075,0.7793506290715643,0.8669934563141825,0.8904113451565564,0.9265408398589855,0.9315398423923416,0.9936453979265768,0.9848304383602122,0.8302695335869232,0.13181671940928272,0.4705516107728963,20.0,5.563143001462194e+18,1.756204209670772e+18,11.12628600292439,3.5124084193415444,0.01108055728858339,0.004123274017118014,0.7229608847051822,0.14012082392537825,0.9168384239414082,0.32292,0.01716,0.2174563420827075,0.1220084439819931,0.018841719926651887,11.541215076396096,134.41077484643932,42.43154787651223,13,0.001,40,0.07110404968261719,0.29294567857386966
S3,1,26,1,MGCUBED,det,sample,0,1,0,1.2157404176055937e-19,0.30240370234591096,0.5347515479114737,7.07e-06,14435.713645276071,3.16e-11,3,1e-06,0.564873222177616,0.0,0.6056058194821896,0.0,0.5691002968807911,0.564873222177616,0.6056058194821896,0.6223735749994723,0.6734673496033874,0.6535043900687035,0.7062400237651816,0.7300096973279777,0.7808320465560773,0.7861844417233548,0.8387677581804673,0.7953343079907981,0.8464078922601856,0.8007342764207355,0.8422957191850957,0.881703545532013,0.8889830888950897,1.0101417195944618,1.0016857980430756,1.0378362301877977,1.0286819704913133,4.130430760806567,0.49300173108093376,0.7760697660728876,0.16171084792363644,8.429652897288268e+18,4.74940269474093e+18,3.388936595060843,1.909381654619,2.125495303338277,1.4089693274380746,0.6401714433743649,0.0819820808352494,0.7508039913661114,0.0,0.0,0.010484852416250792,0.08188682438662008,0.021130734562769135,0.4961896797816183,203.66835389873054,114.75004257307576,49,0.0009722755416572249,11,0.03987407684326172,0.29294567857386966
S3,1,27,1,MGCUBED,det,sample,0,1,0,8.749717167768347e-20,1.6352969055991005,0.9795363501664855,7.07e-06,5106.627607020085,3.16e-11,2,1e-06,0.5914273088405188,0.0,0.649441749237952,0.0,0.5962929061772683,0.5914273088405188,0.649441749237952,0.5970118325459219,0.6516822630079921,0.6485195064680621,0.6956998464451928,0.6945071505957716,0.737673169715863,0.7061635828489955,0.744237354739597,0.7917178431834856,0.8090847780055593,0.9551170239003455,0.9584652187510532,0.9951237290354762,0.9934736500146241,1.0159096513210295,1.0137798966777443,1.224166267362487,1.2325457459079938,31.034996287410298,0.2691410469593674,0.6311168017798183,1.6018327623490907,1.9903385953429699e+18,9.268081386150683e+17,0.10649380988686132,0.049589215596887566,0.5947897397047631,0.5642009840124024,0.046973695236847336,0.016307110585208128,0.07862753117289573,0.0,0.0,0.006547537865067959,0.016140356757946908,0.009276582071011823,0.7058136083901213,48.0884551658132,22.392557590645286,27,0.0009795363501664855,20,0.04767012596130371,0.29294567857386966
S3,1,28,1,MGCUBED,det,sample,0,1,0,2.718564993824819e-19,0.16012292657184282,1.3654315846662963,7.07e-06,18712.992200831704,3.16e-11,3,1e-06,0.4392733805875594,0.0,0.4852460817354641,0.0,0.44693617404605496,0.4392733805875594,0.4852460817354641,0.4563504152711196,0.5051095515561709,0.4698972842318168,0.5170254312512579,0.568514563642536,0.607510224078655,0.7325135104126373,0.7566229763910777,0.8748560656391705,0.8987753259566942,0.9071771176460495,0.929755990542822,0.9293666086722165,0.9343939039279532,0.9886548038773681,0.9803240638608354,1.0090935961517427,1.0000020957697182,0.9780541415295215,0.19307700347578816,0.5533861017689649,0.21863690137039635,6.116246924868489e+18,2.407087862047892e+18,10.384156185201812,4.086750685191847,0.8991581478366478,0.40176832170919635,0.7751887805413042,0.09724264614773732,0.8813551783329998,0.56364,0.0,0.025396364617921923,0.09685371288794208,0.018028460585326075,1.4086818171592983,147.77428660518893,58.157509986041816,19,0.0009753082747616402,28,0.09722113609313965,0.29294567857386966
S3,1,29,1,MGCUBED,det,sample,0,1,0,1.543633309389258e-18,0.3270511896544582,2.0,7.07e-06,20000.0,3.16e-11,5,1e-06,0.405820032796687,0.0,0.4520351477711404,0.0,0.4140038094807152,0.405820032796687,0.4520351477711404,0.4359864140619491,0.48586560299166326,0.4547687889725364,0.5067459236279734,0.5142075323780965,0.5646850742752013,0.6028200550536889,0.6464062756555523,0.6951840835945642,0.728722411687433,0.8381772845009976,0.8565547843687398,0.9369363999356899,0.9470191699664806,0.9722742009925013,0.9694339730968411,0.9978703447205167,0.9909847978732593,0.3518201337607713,0.13181671940928272,0.4705516107728963,0.6541023793089163,5.563143001462194e+18,1.756204209670772e+18,26.25721328525281,8.289024476570914,0.16458269286145735,0.056088369944890006,0.8599258592325107,0.09042094703156432,0.956323068551447,0.84384,0.3822,0.0759303575581503,0.0870559218657223,0.014672680992115009,5.174947754875521,134.41077484643932,42.43154787651223,13,0.001,40,0.0921170711517334,0.29294567857386966
S3,1,30,1,MGCUBED,det,sample,0,1,0,4.009915622029197e-18,10.0,1.590737221654027,7.07e-06,17144.62241810951,3.16e-11,5,1e-06,0.3091842155957662,0.0,0.355387037723877,0.0,0.319503404508353,0.3091842155957662,0.355387037723877,0.3638123484225588,0.4108077320630354,0.43099290626011727,0.4780031285566567,0.4757694973841989,0.5225013214631898,0.5025150992033933,0.5487784537916252,0.539077052406474,0.583586784803846,0.6798658737556229,0.7211580872655788,0.782430178958408,0.8137636970538568,0.8961096486523359,0.8938295267108408,1.0239822604013273,1.0104605807019231,4.141082316174871,0.16573035145581302,0.5192630444924506,15.90737221654027,5.23220507966891e+18,1.899868681632892e+18,2.098070088662488,0.7618313106283747,0.0356810177006933,0.020291320848492028,0.40369953403783343,0.1314156867178774,0.6720834645056053,0.0,0.0,0.21291089925359047,0.1112285846418124,0.021041747640436387,10.11849884771144,126.4150029450853,45.902616836856716,17,0.000994210763533767,32,0.0722188949584961,0.29294567857386966
S3,1,31,1,MGCUBED,det,sample,0,1,0,1.780518428177699e-18,10.0,1.1303479201159634,7.07e-06,11393.697514624166,3.16e-11,5,1e-06,0.34840368440395253,0.0,0.3953410947390241,0.0,0.3563898375096818,0.34840368440395253,0.3953410947390241,0.42079776131841146,0.4676902266566771,0.49467884342425494,0.5409439955977207,0.5152553927736406,0.5626799192152424,0.530228556860785,0.5816058011504324,0.6036824792506961,0.6530615217635559,0.7097941024844667,0.7537380813432973,0.7673682276074464,0.7916964154020865,0.9508101248488404,0.9418377636341372,1.0646823805482943,1.0530427044844137,9.326154904632764,0.23323211740993785,0.5971142568957245,11.303479201159634,4.098027290291856e+18,1.7752359780102753e+18,0.729661310953977,0.31608403732113555,0.06722088700316176,0.05114778008801918,0.23182251748888383,0.0804050346323886,0.41091910393350156,0.0,0.0,0.10487182274983615,0.07182867333508303,0.018332210871397345,5.7206314876871405,99.0121992703059,42.89137332564022,23,0.0009829112348834464,23,0.07489705085754395,0.29294567857386966
S3,1,32,1,MGCUBED,det,sample,0,1,0,8.112025176656468e-18,4.61579641641422,2.0,7.07e-06,14919.109080121534,3.16e-11,5,1e-06,0.28934751546816473,0.0,0.33916873483967946,0.0,0.3038105614611984,0.28934751546816473,0.33916873483967946,0.35027123681069805,0.39962765861942295,0.4004863864877519,0.4469799815710823,0.4420961126671787,0.4843786169834946,0.4889326699722273,0.5255443692981251,0.5823020086079805,0.619017493450188,0.7011132500543658,0.7317525278652801,0.8375968214617874,0.8646109842455751,0.9098153666857819,0.9147325382733287,0.9956515992661916,0.9854399407193468,0.9448578016785711,0.13181671940928272,0.4705516107728963,9.23159283282844,4.149933135605911e+18,1.3117257069538724e+18,7.293294383123643,2.3052905717067094,0.032772812544123515,0.013061596912661753,0.6431768762419267,0.1492593711652253,0.8773284556082789,0.13096,0.0,0.23939675774448296,0.12840826602135993,0.02027138004545808,11.80959348636558,100.26629338327187,31.69252859603335,13,0.001,40,0.07567000389099121,0.28934751546816473
S3,1,33,1,MGCUBED,det,sample,0,1,0,8.364182997956716e-18,10.0,1.66928640623641,7.07e-06,13600.49923414599,3.16e-11,5,1e-06,0.2932874397202892,0.0,0.34305173149963947,0.0,0.30611442997301064,0.2932874397202892,0.34305173149963947,0.356548566459285,0.4029139780912882,0.4140914195858764,0.4597739660370973,0.456250177438137,0.5003904972968414,0.4946789356316489,0.5373937712998604,0.5531600702767256,0.5967389700152345,0.6758163848416888,0.7130011048927581,0.8015945315391012,0.8333586631280334,0.8931553134880907,0.8948415800138704,1.0090721598733299,0.9966324169729786,1.9852973895711026,0.15793181914957066,0.508753756922849,16.692864062364098,4.0644612996414495e+18,1.4364536764933284e+18,3.399589809831407,1.2014761418277913,0.027211667774273505,0.013616232415699429,0.5058674322856948,0.14387983000173876,0.7699587714098577,0.0,0.0,0.23224637527503333,0.12279097241921347,0.021364177524240868,10.870831559582154,98.20121332034495,34.706073821531774,16,0.0009819331801390646,34,0.08140397071838379,0.28934751546816473
S3,1,34,1,MGCUBED,det,sample,0,1,0,3.834992216610333e-18,1.9700713110521837,0.5,7.07e-06,4210.726982673659,3.16e-11,5,1e-06,0.3709587111623232,0.0,0.4095101026518013,0.0,0.3797034746958637,0.3709587111623232,0.4095101026518013,0.4233690235971456,0.4609391169310392,0.48383754254115663,0.522886881609792,0.5277704133673758,0.570359258576935,0.6061957751319986,0.6472332300079507,0.7625890139636695,0.7997736620985875,0.8433757189068062,0.8785262148298267,0.8786610001714269,0.8933657089341528,0.9637974854139169,0.958109912595798,1.0144704651203729,1.0061190049628617,0.8530344241512055,0.5272668776371309,0.7914984825837854,0.9850356555260918,2.595706519162718e+18,1.5016494827151939e+18,5.052870036606532,2.9231500636461787,0.2587695248732754,0.16772071295709445,0.7282363295670127,0.07553959562279622,0.8285697561287771,0.10872,0.0,0.022258801993488012,0.07509039166521035,0.019553683401681086,1.1383431722932753,62.71471440207698,36.28126590786067,53,0.001,10,0.04285001754760742,0.28934751546816473
S3,1,35,1,MGCUBED,det,sample,0,1,0,7.290922235101325e-18,1.209074050953309,2.0,7.07e-06,11463.016369001041,3.16e-11,5,1e-06,0.34077740738190343,0.0,0.3851430907884963,0.0,0.3528059350251696,0.34077740738190343,0.3851430907884963,0.3750621026493273,0.42207598630364584,0.42049396802588895,0.46890211903792334,0.46114883478622054,0.5080856153528,0.523913192041357,0.5630739029957024,0.6527367083090143,0.6903417186079213,0.7837927953546953,0.8103443993675669,0.8996170057908641,0.9175743268195674,0.9537331912248838,0.9541823195467766,0.995951626034907,0.988367025778896,0.27537184350262234,0.13181671940928272,0.4705516107728963,2.418148101906618,3.188648118137695e+18,1.0093852438906779e+18,19.228090658395825,6.086764754121677,0.05835379257571653,0.02044382771852331,0.8160359101844129,0.10905674063121679,0.9486590653837462,0.70136,0.192,0.13862354863375084,0.09951867984036662,0.016346381402666026,8.480381389555852,77.04074192572071,24.38769823357922,13,0.001,40,0.06727313995361328,0.28934751546816473
S3,1,36,1,MGCUBED,det,sample,0,1,0,1.0850000186660788e-17,1.778352681163708,0.6275180741620652,7.07e-06,9732.965927349149,3.16e-11,3,1e-06,0.4881195315439516,0.0,0.5279664825249908,0.0,0.4958418875411552,0.4881195315439516,0.5279664825249908,0.5189547772029777,0.5562688610371899,0.5723643668652841,0.6073725818728707,0.6492091058721204,0.6834425863680266,0.763604445265879,0.7851391191325489,0.8804280165745989,0.9042013590401025,0.9221003403606889,0.9325904872152155,0.9771690793702454,0.9748788612392666,0.9975649258707601,0.9939252084967786,1.0002726810712306,0.9968220400855872,0.2721681153440164,0.4201208693002179,0.7384175349749561,1.1159484496647951,5.053782055978381e+18,2.737039075088881e+18,30.833892979443608,16.69909168758323,0.05062964564123201,0.028149203771359665,0.9349141572718661,0.029131922560148092,0.9682438328338242,1.0,0.89,0.01675426483399638,0.02853821422418336,0.010772187276634298,1.5553261750598848,122.10413463586059,66.12944207455821,42,0.0009654124217877925,13,0.06064891815185547,0.28934751546816473
S3,1,37,1,MGCUBED,det,sample,0,1,0,8.028844910648614e-20,1.8516109218257322,1.6180226937768296,7.07e-06,518.8949984629171,3.16e-11,2,1e-06,0.678586556118851,0.0,0.7256857286565388,0.0,0.6827114168379127,0.678586556118851,0.7256857286565388,0.6937421612291129,0.7346915958206361,0.7306596834464523,0.7554081246502741,0.9089055161688304,0.9094702613348058,0.9866588239619158,0.9828056778546342,0.9972782890329391,0.9949665074731316,0.998798547940533,0.9973241906843026,0.9992558134806613,0.9981856612907839,1.016914481655383,1.0184326537217896,1.252262339518731,1.2620233792324635,38.29532525680608,0.16293556316146937,0.5155399036775093,2.9959484915590697,1.5743915619644858e+17,6.424076667209389e+16,0.006826782846572759,0.0027855698325803544,0.3328569135357387,0.3315208885970945,0.002777204881351405,0.0008747123052194103,0.004824128940541652,0.0,0.0,0.0010726312630110378,0.0007927449549870356,0.002321359406011689,0.4620703111432098,3.803878305837587,1.5521174312535122,16,0.0009806198144101997,33,0.06660795211791992,0.28934751546816473
S3,1,38,1,MGCUBED,det,sample,0,1,0,6.579937179811852e-18,10.0,2.0,7.07e-06,17742.50930486115,3.16e-11,5,1e-06,0.293231990239176,0.0,0.34165332333639664,0.0,0.3054228102931703,0.293231990239176,0.34165332333639664,0.36500334775079174,0.4108956845210282,0.4202436963140825,0.46684381315398904,0.46026483482747255,0.5041946707022307,0.500207428921408,0.5410521697429476,0.5547124263790526,0.5956415085223782,0.6681116116645724,0.703533636913771,0.7957818138151991,0.8270249990347162,0.8873249876136995,0.889241646759707,1.0085421523334093,0.9958050627340161,2.523639697151833,0.13181671940928272,0.4705516107728963,20.0,4.935239711909721e+18,1.558717961708446e+18,3.2473567271678707,1.025626626908595,0.024683719761478144,0.01177202745419971,0.4633113475934349,0.15120507612965478,0.7617893476575331,0.0,0.0,0.2749524187019739,0.12291542456363384,0.021168202772218075,12.988935416984551,119.2400399479847,37.66009411320694,13,0.001,40,0.09316182136535645,0.28934751546816473
S3,1,39,1,MGCUBED,det,sample,0,1,0,5e-20,0.1,2.0,7.07e-06,20000.0,3.16e-11,5,1e-06,0.386201797328373,0.0,0.4352779577591279,0.0,0.39431449699606114,0.386201797328373,0.4352779577591279,0.43987383106637706,0.48752656824079604,0.5677470162958659,0.62582625418274,0.6378533143749294,0.7023530709449229,0.6814848028228676,0.7417716727383716,0.7508839486851436,0.8078133147353245,0.770704208075272,0.8233950084030982,0.7897203875730865,0.821928457881163,0.9366036716734214,0.9299785847565515,1.063263987221489,1.049899558280093,3.321078134347694,0.13181671940928272,0.4705516107728963,0.2,5.563143001462194e+18,1.756204209670772e+18,2.7815715007310966,0.8781021048353859,2.662262071442727,1.3222016294107735,0.4480314139043137,0.11057672756779022,0.6030840254917345,0.0,0.0,0.022111177341832537,0.11035034312662735,0.02164524203377813,1.0215259920553117,134.41077484643932,42.43154787651223,13,0.001,40,0.06679606437683105,0.28934751546816473
S3,1,40,1,MGCUBED,det,sample,0,1,0,2e-17,5.591878192078204,1.6308847208945543,7.07e-06,7089.765439336462,3.16e-11,5,1e-06,0.29838339469351033,0.0,0.3491539601824734,0.0,0.3127028700997085,0.29838339469351033,0.3491539601824734,0.35252476255156445,0.4000506353004599,0.4015116399716825,0.4466082422738272,0.44082314864540795,0.4843898552439804,0.48875765856533704,0.5281927095401082,0.5917631097206614,0.6311083047057553,0.7242003347988959,0.7555323700316694,0.8511779866879692,0.8784029505475488,0.919440635236012,0.9225503288281138,0.9978678565770447,0.988039748254361,0.46427660984116587,0.16165056637109226,0.5138120797825922,9.119708704563807,2.1383393986276426e+18,7.689064321408901e+17,7.648018519634225,2.7500829085661054,0.029240053571372254,0.01267950859432228,0.6877303488078107,0.1323184603450392,0.882963289720935,0.19516,0.0,0.18991016195062807,0.11744529735196768,0.019764961556859542,9.60842556684451,51.66429397530628,18.577503634421088,16,0.0009884149823603358,33,0.09241795539855957,0.28934751546816473
S3,1,41,1,MGCUBED,det,sample,0,1,0,8.775052351167942e-18,3.451909412631463,2.0,7.07e-06,20000.0,3.16e-11,5,1e-06,0.2930297918172014,0.0,0.33979390800224313,0.0,0.30700671011251596,0.2930297918172014,0.33979390800224313,0.3668139919340344,0.41486100347436317,0.4080258461541139,0.4536864241551592,0.4516702536107581,0.4934562511009161,0.5159240272353149,0.5518679914981581,0.6279650438522058,0.6590813413613414,0.7638954421151857,0.7903948512333989,0.8812560335428619,0.9023043261672945,0.9384038842953466,0.9418522595000556,0.9944480169824896,0.9861979084992415,0.6532189446433044,0.13181671940928272,0.4705516107728963,6.903818825262926,5.563143001462194e+18,1.756204209670772e+18,14.141990776533786,4.464423029993299,0.026507349309255787,0.009565939655309438,0.7655764448891677,0.12877328370109514,0.9332267301931017,0.47956,0.07888,0.18593559289218187,0.11428073395069384,0.017830424163394958,10.427996058214873,134.41077484643932,42.43154787651223,13,0.001,40,0.0766439437866211,0.28934751546816473
S3,1,42,1,MGCUBED,det,sample,0,1,0,2e-17,0.1,2.0,7.07e-06,200.0,3.16e-11,5,1e-06,0.41277347799074265,0.0,0.46361348282699777,0.0,0.4199141482939707,0.41277347799074265,0.46361348282699777,0.44432284591792737,0.49439639314752676,0.5494274540362593,0.6025411838410862,0.6609756071920817,0.7088350206095982,0.7536519022342666,0.797949152515341,0.7755639132872432,0.8165991954633458,0.7990749490230322,0.8222388277810748,0.9224939802020166,0.9231403648502124,0.9916756512573877,0.9882086530762523,1.0013843968512268,0.9977522267548379,0.008302695335869234,0.13181671940928272,0.4705516107728963,0.2,5.5928659489327064e+16,2.4091772585595628e+16,11.185731897865413,4.8183545171191255,0.85934949224711,0.4103159368602106,0.8247787917054166,0.02504076573885949,0.8689903892428049,0.82044,0.0,0.028781374537498124,0.023261283770984912,0.016938784960306135,1.6991404404119643,1.3512890925340701,0.5820799177376887,13,0.001,40,0.08827710151672363,0.28934751546816473
S3,1,43,1,MGCUBED,det,sample,0,1,0,8.325113905404187e-18,7.208553859896972,1.577272341740813,7.07e-06,20000.0,3.16e-11,5,1e-06,0.30136111380696523,0.0,0.35350908154246435,0.0,0.3158300630347013,0.30136111380696523,0.35350908154246435,0.3512254461681017,0.3991561864988205,0.40006414670302604,0.44440856703646364,0.44311150955210693,0.4861671053986092,0.4903541473840757,0.5301306202374748,0.5899364515648718,0.6298358812997826,0.7188199030287541,0.7509519387615484,0.8470641718042764,0.8748775053875656,0.917801984294581,0.9212184978469844,0.9990931070895289,0.9890793290830461,1.437828411502629,0.1671451605672594,0.5211299378282299,11.369852627164473,6.124558848402552e+18,2.23232994786294e+18,7.073214825647578,2.578103937572519,0.024580584887622006,0.01089428306736294,0.6747029771523242,0.1353505216091511,0.8748958777853314,0.1622,0.0,0.1895992657200598,0.12086010213675183,0.019972282840816986,9.493119401082147,147.9751105067827,53.935194174642916,17,0.0009857952135880082,32,0.07835960388183594,0.28934751546816473
S3,1,44,1,MGCUBED,det,sample,0,1,0,5e-20,10.0,0.5,7.07e-06,20000.0,3.16e-11,5,1e-06,0.5554839119952236,0.0,0.6050321498728378,0.0,0.5609303988044483,0.5554839119952236,0.6050321498728378,0.5945591406720665,0.6505244299492146,0.6150872858814447,0.6712494606818219,0.6671306437285462,0.720684436164535,0.6926896161213927,0.744827982040569,0.7045459479703928,0.7500949759675853,0.8246101813786516,0.8482858516367402,0.9612479344907743,0.9671614773904091,1.0200534569982724,1.0186295265717369,1.2227110964936296,1.2308838912494686,332.10781343476935,0.5272668776371309,0.7914984825837854,5.0,1.2306894214753612e+19,7.033378276888106e+18,0.06153447107376806,0.03516689138444053,0.19320556102071465,0.1884065053466376,0.0338564956942049,0.010634052759614683,0.055484496853617685,0.0,0.0,0.0045163717533657655,0.010497896853043783,0.007966453274883396,0.5669237736703943,297.3461561069734,169.93304391711115,53,0.001,10,0.03804588317871094,0.28934751546816473
S3,1,45,1,MGCUBED,det,sample,0,1,0,1.1737532677367307e-17,4.904467617256672,2.0,7.07e-06,17175.91819834518,3.16e-11,5,1e-06,0.29733327907575674,0.0,0.34771236559387814,0.0,0.3120114395257086,0.29733327907575674,0.34771236559387814,0.36112525229064973,0.4108251193839656,0.4046709654542798,0.4503742336951326,0.4482444697920345,0.4896134080088906,0.508804523674126,0.5446149009463891,0.6164207160835923,0.6489210247634797,0.7459247044204207,0.7737486219688626,0.8674932432160922,0.8906410891426796,0.9285133068734649,0.9329946266823802,0.9940126873185763,0.9852121193621045,0.6938477025795527,0.13181671940928272,0.4705516107728963,9.808935234513344,4.77764684989765e+18,1.5091523302772255e+18,11.434021059550174,3.6117528290791685,0.022106098973709774,0.008199106627988801,0.7290553234147065,0.13748673246076124,0.9188107079042656,0.33888,0.0224,0.20867360616149372,0.12044973684267281,0.018730974347678026,11.140563341135632,115.43244796486599,36.46254177190053,13,0.001,40,0.07576870918273926,0.28934751546816473
S3,1,46,1,MGCUBED,det,sample,0,1,0,8.8210632155836e-18,8.822415993458053,2.0,7.07e-06,20000.0,3.16e-11,3,1e-06,0.3703153321412045,0.0,0.4180714571207428,0.0,0.380887283317764,0.3703153321412045,0.4180714571207428,0.43735209791924673,0.48427154255260946,0.4716940413390415,0.5159310735734844,0.5077029626979044,0.5462889456044718,0.5772608337138028,0.6115203990270444,0.6899303734427052,0.7216005907930892,0.8030023515469867,0.8315792457943608,0.8637032749537483,0.8814789008496007,0.9460317739612436,0.9398770034997935,1.0020984702201001,0.9904724237184638,1.6607937236086594,0.13181671940928272,0.4705516107728963,17.644831986916106,5.563143001462194e+18,1.756204209670772e+18,5.5622899815218085,1.7559349235478294,0.020564280275505116,0.008636286776182294,0.5836402558281887,0.15505457972719314,0.8462343467460782,0.04476,0.0,0.2643924072825337,0.1304540082704162,0.020862489979132676,12.673099306314223,134.41077484643932,42.43154787651223,13,0.001,40,0.10471296310424805,0.28934751546816473
S3,1,47,1,MGCUBED,det,sample,0,1,0,8.09727645774875e-18,2.279262202030162,1.843321717816748,7.07e-06,8722.5644928264,3.16e-11,4,1e-06,0.33086860894917974,0.0,0.3773693212809972,0.0,0.34341575347915293,0.33086860894917974,0.3773693212809972,0.3912831667948731,0.43989365518814894,0.43935036610796385,0.48914170657450307,0.4664407039131438,0.5100834806279556,0.5328410773744088,0.5721023995344816,0.6451099276030887,0.6833353248960435,0.7756018814917769,0.8021374853941879,0.8770507846787768,0.8982255441835367,0.9401201488206645,0.9379481915363328,0.999051009332121,0.9890521282755975,0.4674169087041454,0.14302084995277764,0.48755070042425525,4.201413517601022,2.5012166718739343e+18,8.345756665724279e+17,8.88578894295439,2.964902366707814,0.06003051567418058,0.02407649354489635,0.6998676188798412,0.13420683443449297,0.8949759888652292,0.23532,0.0,0.18708170516276298,0.11994154688815932,0.019483578581039017,9.602019689792856,60.43175069147867,20.164134192218274,14,0.0009963901177387827,37,0.1510171890258789,0.28934751546816473
S3,1,48,1,MGCUBED,det,sample,0,1,0,2e-17,2.2113892946691522,2.0,7.07e-06,200.0,3.16e-11,1,1e-06,0.6810676038830633,0.0,0.732062797466618,0.0,0.6856822672606961,0.6810676038830633,0.732062797466618,0.6884212393148896,0.7375540427009291,0.6909992577144359,0.7377415070061871,0.6949015225575681,0.7377432032746984,0.719731316059093,0.7465826599174685,0.8846055086276021,0.8817491101669701,0.9747835505199917,0.9651288873771167,0.9878279531568357,0.9794483103323428,0.9931617536003079,0.9875483848646809,1.1057418760434752,1.1099154810214167,0.18360491582640723,0.13181671940928272,0.4705516107728963,4.4227785893383045,5.5928659489327064e+16,2.4091772585595628e+16,0.5058237337419561,0.21788811805928562,0.1856510492382261,0.15015184175017174,0.17686346774728784,0.040819959248560314,0.2708577862046382,0.0,0.0,0.10252503813071143,0.02210325673320638,0.016893332356165587,6.068964723427862,1.3512890925340701,0.5820799177376887,13,0.001,40,0.06643199920654297,0.28934751546816473
S3,1,49,1,MGCUBED,det,sample,0,1,0,6.554124396339808e-18,5.374161501374137,2.0,7.07e-06,20000.0,3.16e-11,4,1e-06,0.3118978185756133,0.0,0.3616667932499307,0.0,0.3260386957461196,0.3118978185756133,0.3616667932499307,0.3805820473155157,0.42739032062058174,0.43501261515982437,0.48029089341601866,0.4728036478808949,0.5128378529291462,0.528509702769749,0.5633661184056534,0.6315401777019454,0.6668416940786972,0.7581656970953837,0.7863965223808226,0.8582601366321098,0.8822137226326511,0.925470407040287,0.9248374251072261,0.9996944747393288,0.9888168895923817,1.3615861687515538,0.13181671940928272,0.4705516107728963,10.748323002748274,5.563143001462194e+18,1.756204209670772e+18,6.784599096414848,2.1418003259884824,0.029612884342981496,0.011951517159706592,0.6272036249118513,0.15163650383141736,0.8697079649690932,0.10424,0.0,0.24653680959295513,0.12984873403259356,0.020455329880180426,12.052448483455137,134.41077484643932,42.43154787651223,13,0.001,40,0.09939289093017578,0.28934751546816473
S3,1,50,1,MGCUBED,det,sample,0,1,0,2.0848561579755686e-19,0.1,0.5,7.07e-06,200.0,3.16e-11,5,1e-06,0.6401460932421541,0.0,0.6926258050322962,0.0,0.6440989678278513,0.6401460932421541,0.6926258050322962,0.6455520024062326,0.699956554801922,0.6479429936545302,0.7035340469238802,0.6507639823031417,0.7066272332881995,0.6530918891845789,0.7079945822938991,0.6619297901053298,0.706532913500064,0.7981271900021425,0.8069606269676729,0.9873783932110431,0.9864323628771321,1.0257210672403578,1.024920108615111,1.053155006900863,1.0557097931115222,0.7964765630575967,0.5272668776371309,0.7914984825837854,0.05,1.2891007566755227e+17,9.650220891252669e+16,0.2687589650805928,0.20119322450952604,16.650110566654625,15.763435412438309,0.1673519139747611,0.007145951062190534,0.18169449210044056,0.0,0.0,0.0008084760366370766,0.0071404113271866035,0.016688532683537986,0.04844500424142016,3.1145888486840425,2.331584262873783,53,0.001,10,0.04378318786621094,0.28934751546816473
S3,1,51,1,MGCUBED,det,sample,0,1,0,7.623197208978657e-19,0.1,2.0,7.07e-06,11015.898289413233,3.16e-11,3,1e-06,0.5302952237119625,0.0,0.5683755659683045,0.0,0.5378040970152499,0.5302952237119625,0.5683755659683045,0.5404577798933394,0.579553234716803,0.5527387819775615,0.5908455411581944,0.5862733495387362,0.6187543487583397,0.7094028714585706,0.7283736830310531,0.8802218734781475,0.892705952384029,0.9357135477938932,0.9488786969478405,0.9532886326051248,0.9548625154226071,0.9875446322902702,0.9805683235013571,0.9993242754315718,0.9920996305084514,0.21782711658279702,0.13181671940928272,0.4705516107728963,0.2,3.0642857393265167e+18,9.702711637644319e+17,23.359654495547,7.39656842756149,0.5954813615985842,0.20525742682081188,0.853511915159903,0.08481803032755615,0.9371624435946413,0.82944,0.3374,0.033139967659244034,0.08413679448478849,0.015096078130300242,2.1952700147150686,74.03602971656781,23.442665216129797,13,0.001,40,0.08261919021606445,0.28934751546816473
S3,1,52,1,MGCUBED,det,sample,0,1,0,9.122620551441037e-18,10.0,0.5,7.07e-06,200.0,3.16e-11,5,1e-06,0.5699242400947688,0.0,0.621408302380263,0.0,0.5750458328701124,0.5699242400947688,0.621408302380263,0.598052645909262,0.6545341464779308,0.6209051657728516,0.6766615676412494,0.6734718510584902,0.7268208603420879,0.6932421379753932,0.7449004156990731,0.7108190859143015,0.7532466330619796,0.8569930195835406,0.8743838824387725,0.9821007329339062,0.9816552014247708,1.0168155450241783,1.0126660065150033,1.1255409624897659,1.1300305990619526,1.8202434901356748,0.5272668776371309,0.7914984825837854,5.0,1.2891007566755227e+17,9.650220891252669e+16,0.11759977055726314,0.08803530342848724,0.18381756489866075,0.1789549401037144,0.08081716669251597,0.00939189246487986,0.10159821375499135,0.0,0.0,0.010157043803290746,0.00870574456733046,0.012164141527180407,0.8349988185023282,3.1145888486840425,2.331584262873783,53,0.001,10,0.04387497901916504,0.28934751546816473
S3,1,53,1,MGCUBED,det,sample,0,1,0,2e-17,3.7125554381271386,2.0,7.07e-06,4680.097816890988,3.16e-11,4,1e-06,0.31617930352245877,0.0,0.3652879440477018,0.0,0.3301423960580185,0.31617930352245877,0.3652879440477018,0.38148118970511596,0.428588458079964,0.43635734479606897,0.48257496672265565,0.47054448102936275,0.5111177546293297,0.5282992767233327,0.5639487555663035,0.6295199702295903,0.665065037171237,0.7632956331358155,0.791883123020315,0.858640622060295,0.8820315932210743,0.9279398185717208,0.9262318382093518,0.9988743523975437,0.9880408859789882,0.3082421672029415,0.13181671940928272,0.4705516107728963,7.425110876254277,1.3020326468945485e+18,4.1601263864595066e+17,7.014212547632048,2.241112061916119,0.04155305987018048,0.016804910370708574,0.6404291417877466,0.1437416416852204,0.8722847436450054,0.11616,0.0,0.2362246219216264,0.12246403338884118,0.0203977723630641,11.580902939645384,31.458335135095105,10.051257192493003,13,0.001,40,0.08301830291748047,0.28934751546816473
S3,1,54,1,MGCUBED,det,sample,0,1,0,8.708277431116123e-18,10.0,2.0,7.07e-06,14974.67047670107,3.16e-11,4,1e-06,0.3124332186987223,0.0,0.36156443210454514,0.0,0.32494252809877616,0.3124332186987223,0.36156443210454514,0.39474121372724996,0.44125880828033687,0.4471052277392701,0.4918490030978851,0.48020169698556336,0.5212781365724191,0.5318221510947468,0.5700340037833262,0.6018410041499109,0.6387882084864137,0.7361689675955679,0.7702501125394356,0.8220452902588342,0.8483771209682812,0.9135184133909139,0.9105150254544515,1.00850763863396,0.9957751794354482,1.9068513610286053,0.13181671940928272,0.4705516107728963,20.0,4.1653871012676726e+18,1.3165862416022164e+18,3.6273346485831484,1.146519825386258,0.023293518843229267,0.010805356387031482,0.4885424703649031,0.15295245726157888,0.7816058939608245,0.0,0.0,0.27574629268833567,0.1250714242059204,0.021212489899753245,12.99924214420219,100.63967574976895,31.809963691280796,13,0.001,40,0.07497906684875488,0.28934751546816473
S3,1,55,1,MGCUBED,det,sample,0,1,0,2.5547347658264803e-18,3.166038760645311,0.5,7.07e-06,8226.691584088587,3.16e-11,5,1e-06,0.34117635408264685,0.0,0.38223715725847274,0.0,0.3506490513424228,0.34117635408264685,0.38223715725847274,0.4031271900261391,0.4420146044202075,0.4687873204901203,0.5084216300364817,0.520322642725069,0.563621944301604,0.5710098632482323,0.6142219376010494,0.7128556929690595,0.7494096555039357,0.8264183871993075,0.8629159086427235,0.8666124058490277,0.8839162870504724,0.956414167924683,0.9506828644002804,1.0172488552384038,1.0080026264792508,2.0578774440944407,0.5272668776371309,0.7914984825837854,1.5830193803226555,5.065724358514339e+18,2.908631741977431e+18,4.087625929807896,2.347028319609586,0.18873584123511722,0.12416482938302983,0.6831414664893267,0.08369321380508088,0.798095296602236,0.0,0.0,0.02917033905264084,0.08301360109523011,0.02043350566631284,1.4275738842371894,122.3926719135985,70.27528252992579,53,0.001,10,0.04022502899169922,0.28934751546816473
S3,1,56,1,MGCUBED,det,sample,0,1,0,3.5830941355670774e-18,10.0,0.5,7.07e-06,5615.333824276058,3.16e-11,4,1e-06,0.33004244646705705,0.0,0.36729301850778223,0.0,0.33960968344156744,0.33004244646705705,0.36729301850778223,0.45828896402642016,0.5002368346578772,0.521856685307349,0.5671648030395507,0.5545652199690766,0.6033418095033258,0.5955017539851273,0.6394957916584286,0.7111939871239517,0.7547168675736784,0.7666971763235826,0.8085695341266309,0.8105154621009659,0.8286279950478115,0.9754279043890558,0.9661162194632038,1.0432289629784959,1.0316724399586379,4.634371870643141,0.5272668776371309,0.7914984825837854,5.0,3.4596095413185664e+18,1.9937496637468316e+18,1.239610665885046,0.7143792727960104,0.11666029983774628,0.08930123572213132,0.40565010847773714,0.0841792839758648,0.5477984312502198,0.0,0.0,0.04089895250073038,0.08288756686527236,0.021606247357447678,1.892922534122174,83.58742512866233,48.17086979133995,53,0.001,10,0.03251314163208008,0.28934751546816473
S3,1,57,1,MGCUBED,det,sample,0,1,0,2.8322399130203834e-18,10.0,0.5,7.07e-06,20000.0,3.16e-11,4,1e-06,0.36746488040293096,0.0,0.40426215675430194,0.0,0.3747204629883433,0.36746488040293096,0.40426215675430194,0.4369222321059375,0.47483104149730143,0.5095175616190786,0.5516885130137092,0.5354836083124693,0.5791091217999567,0.5791170037971433,0.6197824295643144,0.7112212968623283,0.7464046139216158,0.8158142259036236,0.8517912257922906,0.8594105074460215,0.8746907536705353,0.9674935495533016,0.9600999781639988,1.0185907468315814,1.0087421879424496,5.862988723306986,0.5272668776371309,0.7914984825837854,5.0,1.2306894214753612e+19,7.033378276888106e+18,3.4856077000344827,1.9920214679173023,0.06684444017014918,0.04458704670015225,0.6469830124346099,0.0891700046933236,0.7749966468900017,0.0,0.0,0.04380809757614294,0.08782482701923044,0.020975605362954376,2.088526019540475,297.3461561069734,169.93304391711115,53,0.001,10,0.04109477996826172,0.28934751546816473
S3,1,58,1,MGCUBED,det,sample,0,1,0,8.00138438331021e-18,10.0,2.0,7.07e-06,15261.19418216006,3.16e-11,5,1e-06,0.2924553569414252,0.0,0.34142757639879284,0.0,0.3049262824858298,0.2924553569414252,0.34142757639879284,0.3636381469136716,0.4095640985449164,0.4190510443112928,0.4654755932893283,0.4593446726604542,0.503027555916649,0.4998279662196188,0.540386143665639,0.5566193646117965,0.5975046719812985,0.6686678941443532,0.7038131768850934,0.797605754391478,0.8287981282728466,0.8875677065229856,0.8898192622891198,1.0072822374508839,0.9946731684078722,2.075314705087164,0.13181671940928272,0.4705516107728963,20.0,4.245081417430246e+18,1.3416514574479368e+18,3.3966528159306737,1.0735069019469303,0.02411373695117785,0.011372287531740462,0.47368443439075325,0.15187932457438524,0.7699966522940865,0.0,0.0,0.27549114554096643,0.12370656075567081,0.02119526013151463,12.997771380561943,102.56516549242939,32.41556291507048,13,0.001,40,0.0822761058807373,0.28934751546816473
S3,1,59,1,MGCUBED,det,sample,0,1,0,3.93511220773764e-19,0.14205785038564156,0.9852433154866358,7.07e-06,8079.436544441724,3.16e-11,3,1e-06,0.46147409859422867,0.0,0.5023247701167558,0.0,0.46767814450068246,0.46147409859422867,0.5023247701167558,0.47561130364032417,0.5161393403983708,0.5674376338376036,0.6050542598662471,0.682370884600038,0.7157683059697638,0.8207969564836184,0.8534278375639511,0.8711652396579456,0.9057833268016542,0.8799621878148652,0.9079891241069293,0.9235545615531414,0.9265637112912556,0.9977303089878735,0.9898513013797734,1.014989685826712,1.0067414000150423,0.5994558678663793,0.2675820629022491,0.6297264294812686,0.13996154750485396,3.1379055050690806e+18,1.4507100051646694e+18,8.692240679556667,4.01857879428227,1.4236738799416606,0.7371690179876539,0.7794402034126088,0.07959318195840132,0.8714587503158143,0.5396,0.0,0.013960039627428486,0.07942452191426407,0.018091219252322766,0.7716472523340919,75.81475259945444,35.05052015028457,27,0.0009852433154866357,20,0.049459218978881836,0.28934751546816473
S3,1,60,1,MGCUBED,det,sample,0,1,0,1.8322888053541527e-17,1.1489130848140336,1.1432560398776928,7.07e-06,19325.57141809492,3.16e-11,2,1e-06,0.5187857656345501,0.0,0.5552525474208821,0.0,0.5249922264537976,0.5187857656345501,0.5552525474208821,0.5858005781680765,0.620979276995565,0.6889657893450163,0.7197692259660537,0.8090075957538635,0.8348024484049762,0.9035836514572191,0.9185064487207956,0.9490425871187985,0.9592293131139732,0.9782757967129264,0.9784008258057684,0.9950738959384957,0.9925551765654984,0.9977490496676205,0.9950025953440327,0.9983327263505458,0.9959320110042514,0.10412196246279917,0.2305987719485561,0.5944459416297407,1.313501823508156,6.910103307690222e+18,2.9717313634980316e+18,110.2024609335082,47.39322914699531,0.015732028250116794,0.00684628417090632,0.9727369875672742,0.01883108380165054,0.9909226408410161,1.0,0.98464,0.01705915196864388,0.017889822706755057,0.0069606038552623515,2.4508149470030287,166.95460454844786,71.79982881947322,23,0.0009941356868501676,23,0.06589221954345703,0.28934751546816473
S3,1,61,1,MGCUBED,det,sample,0,1,0,3.108438542441531e-19,0.4835987556979771,1.510857139375458,7.07e-06,15987.21411658017,3.16e-11,2,1e-06,0.4926255353986468,0.0,0.5351115876527676,0.0,0.49830883681881094,0.4926255353986468,0.5351115876527676,0.5026278192824836,0.5469671242981217,0.5106525248987965,0.5600750959995688,0.5417295552287636,0.5911244636742783,0.6599270571089214,0.6954599203825063,0.7987891409268937,0.8315075229375102,0.8351800886875046,0.8607032068986455,0.9003342444854701,0.9006904381100707,0.9952699867670539,0.9825027760829355,1.020877050647752,1.0085798052529582,2.583401974041945,0.1744926319953344,0.5306381306084565,0.7306486326393766,4.983444073943886e+18,1.8583072551164764e+18,3.2032194977820567,1.1944683123027615,0.623680420181097,0.3256187119928648,0.5177863031078982,0.12437013493429451,0.6922184871432704,0.0,0.0,0.05423225646314654,0.12308207738267796,0.02161378068071401,2.509151789049938,120.40470273847694,44.89845362546228,17,0.0009747465415325535,31,0.05022382736206055,0.28934751546816473
S3,1,62,1,MGCUBED,det,sample,0,1,0,9.654213245077225e-19,0.289415177734603,1.1769128018442658,7.07e-06,1650.9124780063626,3.16e-11,3,1e-06,0.4748827321943653,0.0,0.5248942450656628,0.0,0.4798657803158703,0.4748827321943653,0.5248942450656628,0.49261511959612003,0.5463885021824592,0.5627418384262501,0.6184622918179228,0.6436513025310974,0.6914139937506657,0.7537322155105519,0.7986589945943218,0.7812552883674964,0.8262644862475891,0.7868200815619245,0.8264793441539331,0.8470483737745728,0.8587284438809795,1.0005613387312646,0.9896876767952099,1.0476690283211545,1.0355575506590882,0.4977984192615858,0.22400422393693237,0.5876492230558594,0.34061642772388784,5.821517457538872e+17,2.565514501283886e+17,1.9419220299689361,0.8557956176522692,1.5819919355383822,0.9979372910723814,0.44657628988860476,0.09476008188914073,0.5847268228152986,0.0,0.0,0.020470886378171193,0.09450465008945609,0.021803519011937323,0.9388799288299967,14.065334506846412,6.1985246812226285,22,0.0009807606682035548,24,0.05844402313232422,0.28934751546816473
S3,1,63,1,MGCUBED,det,sample,0,1,0,5e-20,0.1,2.0,7.07e-06,20000.0,3.16e-11,2,1e-06,0.5097571873867504,0.0,0.5373216180098752,0.0,0.5153004833973671,0.5097571873867504,0.5373216180098752,0.6094916056191297,0.6443118773886501,0.6914555322095588,0.7330426497945003,0.753696644576193,0.79778595059813,0.7783462918641854,0.8244854078402003,0.7819902299699797,0.8275102273204167,0.7918203253679139,0.8266248309798732,0.8991104281178325,0.9042612246100259,1.0186892409229553,1.0066438775480893,1.0555176782380349,1.0433231980470836,3.321078134347694,0.13181671940928272,0.4705516107728963,0.2,5.563143001462194e+18,1.756204209670772e+18,2.7815715007310966,0.8781021048353859,2.662262071442727,1.3222016294107735,0.4480314139043137,0.11057672756779022,0.6030840254917345,0.0,0.0,0.022111177341832537,0.11035034312662735,0.02164524203377813,1.0215259920553117,134.41077484643932,42.43154787651223,13,0.001,40,0.08455801010131836,0.28934751546816473
S3,1,64,1,MGCUBED,det,sample,0,1,0,1.2679029448569087e-19,4.262394286823143,0.8532377908816119,7.07e-06,7653.920007831227,3.16e-11,4,1e-06,0.5307318035243352,0.0,0.5794064836495395,0.0,0.5351444885454762,0.5307318035243352,0.5794064836495395,0.5697266718373345,0.6217797002016008,0.5932253421145799,0.6445117322157171,0.6415250397874227,0.6884984671378378,0.6956114407869081,0.7409845302317061,0.7129931087720918,0.7520164027032792,0.8276874015986565,0.8449559647654749,0.9677178946372423,0.9704652080591646,1.0187185171452133,1.0155782735871566,1.2092078248294735,1.2166258197538415,55.82345448189822,0.30898003069714597,0.664340695469777,3.636835885155382,3.238034512345063e+18,1.5869431984235732e+18,0.09631942090487691,0.04720562714768336,0.2625695314219711,0.2508067316691967,0.044826668888761904,0.015578039029259978,0.07787153522782984,0.0,0.0,0.010167698120494542,0.015139459101795304,0.009075431769634998,1.1203542022666182,78.23396372687506,38.34204241762897,31,0.0009480419898684577,18,0.04255986213684082,0.28934751546816473
S3,1,65,1,MGCUBED,det,sample,0,1,0,2e-17,0.1,0.5,7.07e-06,200.0,3.16e-11,3,1e-06,0.6230367502513461,0.0,0.6732352386952849,0.0,0.6265464404065607,0.6230367502513461,0.6732352386952849,0.7032363459158739,0.750079807724639,0.7507191596697822,0.7988907225816508,0.7579718664230432,0.8048015673434703,0.7729555256254654,0.8052097221154553,0.8965439070768987,0.9014570807025211,0.9852657037208103,0.9839989467731811,0.9986834714906648,0.9968340430109508,1.000095222015181,0.998211753807828,1.0003951207424793,0.9987369691850467,0.008302695335869234,0.5272668776371309,0.7914984825837854,0.05,1.2891007566755227e+17,9.650220891252669e+16,25.782015133510455,19.300441782505338,0.9852002342744945,0.7467697968318823,0.9501006636085011,0.005832758172402282,0.9595355260498313,1.0,1.0,0.001614153273648196,0.005802345585785235,0.009719581055560282,0.16607230953897825,3.1145888486840425,2.331584262873783,53,0.001,10,0.03071308135986328,0.28934751546816473
S3,1,66,1,MGCUBED,det,sample,0,1,0,5.560740910153697e-19,2.8940182118248012,0.6228014979810746,7.07e-06,15908.260275586987,3.16e-11,2,1e-06,0.5160665809267364,0.0,0.5470180960647938,0.0,0.5213184590156615,0.5160665809267364,0.5470180960647938,0.5437862660402952,0.576600011971684,0.5607286865175457,0.598998888718758,0.579143406704284,0.6160163705016142,0.6769215884172735,0.711175207304183,0.7683875768669308,0.8060650284855864,0.7961700073934553,0.823312525073128,0.9090709969465071,0.9091959256472877,1.0081699289362944,0.9969493735847451,1.0322689257821651,1.0221944983376041,8.642068349332343,0.42330251239469013,0.7402159734245768,1.8023988775089972,8.299241435977027e+18,4.491352355789683e+18,1.5946662390621476,0.8629954948005294,0.2978086357312743,0.21382948539870644,0.4489905482112406,0.09333207762430448,0.596173769608301,0.0,0.0,0.035123826403240285,0.09246558825610399,0.021828403343310078,1.6090882072694044,200.517490158738,108.51530332608769,42,0.0009581561507401149,13,0.06003713607788086,0.28934751546816473
S3,1,67,1,MGCUBED,det,sample,0,1,0,1.56989854936148e-19,7.099579031405587,0.6860085247543937,7.07e-06,5123.808887074258,3.16e-11,4,1e-06,0.5583971068662601,0.0,0.6056151518063748,0.0,0.5623043927129163,0.5583971068662601,0.6056151518063748,0.5899963037458756,0.6383928533722301,0.6177263617474651,0.6640579511423874,0.6752629135015812,0.7216060030285715,0.7007049933737504,0.745845909632787,0.735651113890571,0.7677582952665225,0.9036391363370849,0.9155307767714335,0.9848074720858732,0.9864121409482665,1.0178767316413428,1.017208363209103,1.233098022352566,1.2419498178252049,75.09484193696588,0.38430052879146376,0.7170574312445976,4.870371737711774,2.498848265234239e+18,1.3260495865614533e+18,0.055255927841809126,0.029322348735261065,0.1994740875147592,0.19457188617024707,0.02839739604620528,0.009390391731110346,0.048565103151192515,0.0,0.0,0.0059122921617377365,0.009138552833894812,0.007305137078780907,0.8093335002447879,60.37452775625855,32.03860701903201,38,0.0009800121782205624,14,0.050457000732421875,0.28934751546816473
S3,1,68,1,MGCUBED,det,sample,0,1,0,1.01424044220115e-19,0.9941105241978578,0.6170674278183842,7.07e-06,14996.532592489793,3.16e-11,3,1e-06,0.5546899322549027,0.0,0.5924617097965985,0.0,0.5588945608329221,0.5546899322549027,0.5924617097965985,0.583280895888132,0.6281401670891131,0.6097800260734452,0.6551417493393967,0.6747297831874897,0.7185242362783045,0.7392146674146639,0.7867641185356107,0.7507565663005901,0.7987187519993669,0.7580384827128523,0.7984596517488305,0.8580054162931763,0.8690421512519962,1.017140689817299,1.0074647504135108,1.0707793473370881,1.061591460102338,16.275818768739516,0.4272360311589129,0.7424183143500039,0.6134332241339577,7.882016296276675e+18,4.2793056435671055e+18,0.8041620623846476,0.4365958052549033,1.1347445665752285,0.9035603388218315,0.29674198622191306,0.07307192862854928,0.4133971646616706,0.0,0.0,0.01253385862504268,0.07293163561778754,0.02008793137094503,0.6239496936539478,190.43693779871447,103.39205503173585,43,0.0009493345043359757,13,0.024606943130493164,0.28934751546816473
S3,1,69,1,MGCUBED,det,sample,0,1,0,6.621071290919208e-18,3.5008589469392373,1.5349345242707784,7.07e-06,9538.45996665626,3.16e-11,4,1e-06,0.3171026058453329,0.0,0.3649564281665381,0.0,0.33001077402748885,0.3171026058453329,0.3649564281665381,0.3825688577077885,0.4308547447006681,0.43545732057962994,0.484202917698113,0.4619054374882075,0.5082859470016671,0.5190294133909754,0.5625913624712569,0.61406370727484,0.6546289224984815,0.7596251694107472,0.7916008481276378,0.8535076025181906,0.8775650148648189,0.9320709238623226,0.9289200845657074,1.0049709364399937,0.9937701952608659,0.8780018813618045,0.17175549487611744,0.5271321205069232,5.3735892622592765,2.953995202655396e+18,1.0961732624477464e+18,5.586804017601049,2.0731601666532358,0.06055504583252699,0.028252754180191922,0.6329476960224543,0.1346890998761426,0.8432466412244752,0.055,0.0,0.1796612716611736,0.12148250492411206,0.02064513037580823,8.7023558771854,71.37130646780382,26.484578507657503,17,0.0009902803382392119,31,0.06360006332397461,0.28934751546816473
S3,1,70,1,MGCUBED,det,sample,0,1,0,2e-17,10.0,1.3726266207542988,7.07e-06,4713.780776138242,3.16e-11,4,1e-06,0.3253212469417597,0.0,0.3723400628944948,0.0,0.3364063055121059,0.3253212469417597,0.3723400628944948,0.39068084416927945,0.43728973125786136,0.4448458498443961,0.4892879239781302,0.48375526047797673,0.5279777362902498,0.5255774372711565,0.5700954540563111,0.5979131573523507,0.6381840293360438,0.7501008869725407,0.7891710116243716,0.8181964431181322,0.8443643812705578,0.9247611824070538,0.9196637331093794,1.0145253731526482,1.0019076250852805,0.8302695335869232,0.19206493217630524,0.5521922835738048,13.726266207542988,1.537573721625876e+18,6.106071416369071e+17,3.0751474432517525,1.2212142832738144,0.03279873735869107,0.017877395826527,0.5168810311731977,0.13094224920612071,0.7516633731529215,0.0,0.0,0.1917814049524548,0.11520249278880075,0.021538068428606186,8.904299175581444,37.14922935702677,14.752843673551926,19,0.0009804475862530706,28,0.08711600303649902,0.28934751546816473
S3,1,71,1,MGCUBED,det,sample,0,1,0,7.801686532292411e-18,10.0,1.6248767806382343,7.07e-06,11252.9531881983,3.16e-11,4,1e-06,0.3216717465375605,0.0,0.3680073801338652,0.0,0.33282959495234243,0.3216717465375605,0.3680073801338652,0.3992572468483161,0.44527813479196443,0.45045412461333273,0.4962276671513666,0.48084147779370595,0.5254532244069124,0.5241246650292152,0.5679304164724361,0.5891533438211456,0.629112472232108,0.7384387339687372,0.7771364322068539,0.8088350968633427,0.8355133015700071,0.9192431536848955,0.9140614905988969,1.0173878764417363,1.0041438413222392,2.1284360250833116,0.16224826519769273,0.5146170189430415,16.248767806382343,3.3986652204356265e+18,1.219803405907736e+18,2.651532067804325,0.9516523803914799,0.031533857569109154,0.016854056611005964,0.4533609685529854,0.13858716945458832,0.7227078645157274,0.0,0.0,0.22481780542405655,0.11767506003288929,0.021314787755070494,10.54750382727013,82.11495293260106,29.471599221032307,16,0.0009847738064474147,33,0.09913802146911621,0.28934751546816473
S3,1,72,1,MGCUBED,det,sample,0,1,0,4.815486981480403e-19,0.20983818102524057,0.79051103954754,7.07e-06,12552.260552610049,3.16e-11,3,1e-06,0.4711009646870252,0.0,0.5075710249826643,0.0,0.47703705730492846,0.4711009646870252,0.5075710249826643,0.49265527371908613,0.5321618397420605,0.5302260357458958,0.5654413473562782,0.6511280300797394,0.6782105412161524,0.8126412029973221,0.8360869326344174,0.8918910612715025,0.9194487755390018,0.9068044219548107,0.927160084921159,0.949413412778455,0.9490516256406533,0.9975606766272688,0.9912900086034362,1.0068254740988218,1.000552115579864,0.7235914014868525,0.3334974790098563,0.6828086181508802,0.1658793986190278,5.567071065254552e+18,2.795229332761441e+18,12.77563411421532,6.414652660635567,0.8130490308663082,0.4376187774702255,0.848166817098401,0.06095752994681126,0.9157253834308668,0.82896,0.11192,0.012170610499955496,0.06078307773105001,0.015659852025628314,0.7771855366217727,134.5056805675107,67.53537350940125,33,0.000988138799434425,16,0.04016685485839844,0.28934751546816473
S3,1,73,1,MGCUBED,det,sample,0,1,0,5.4437862108510555e-18,10.0,0.7519924183138446,7.07e-06,7002.025216294058,3.16e-11,5,1e-06,0.3260356191073999,0.0,0.3691519693615906,0.0,0.33317005052029475,0.3260356191073999,0.3691519693615906,0.3729648060837796,0.4133716519608656,0.4596995619825986,0.4972966826233782,0.5118642955903264,0.5520111861836712,0.5303846519383599,0.5732298038416066,0.5907911334831466,0.6296624798177177,0.7294194985046192,0.7679123598807117,0.8021021498093008,0.8264287553090881,0.9302990599614259,0.9239832867151805,1.0333676464787511,1.0214961653828303,3.0503385012877753,0.35057991596470833,0.694893252689538,7.519924183138445,3.2098096899884636e+18,1.648006802601255e+18,1.74735177298153,0.897139670738945,0.07009503104290851,0.04840299863343112,0.455961431785504,0.1003510751779397,0.630896060446643,0.0,0.0,0.08666885296868779,0.09592267347905918,0.021794915076561856,3.9765630039958744,77.55202543374536,39.81739661044429,35,0.0009399905228923057,16,0.031905174255371094,0.28934751546816473
S3,1,74,1,MGCUBED,det,sample,0,1,0,6.2109750094396585e-18,0.17767342238816317,1.5720482434434884,7.07e-06,11150.851512702075,3.16e-11,2,1e-06,0.5533445846316937,0.0,0.6118133650045383,0.0,0.5636856376116882,0.5533445846316937,0.6118133650045383,0.5838299195310626,0.6442046950839871,0.6457463529799278,0.6906832057313015,0.7649811032962595,0.7971269226478906,0.8569260847722149,0.8717865021722859,0.9389274804204941,0.9479803441720522,0.9754008264272315,0.9752753080544391,0.9936860452747349,0.9907505231165404,0.9969795951402488,0.9938935375936597,0.9976396729467438,0.9949311468617488,0.04750198779187209,0.16770060328497957,0.5218596246871354,0.27931119157190487,3.419548378290524e+18,1.2521521296478057e+18,119.53802226385947,43.77180042307379,0.07996631866645075,0.029702130437025624,0.9690048474569034,0.024037887184013496,0.9913191093829501,1.0,0.9698,0.020138333920292392,0.02308863645971017,0.007338358226864916,2.7442560444335062,82.619509696247,30.253174855894354,17,0.0009825301521521803,32,0.0845952033996582,0.28934751546816473
S3,1,75,1,MGCUBED,det,sample,0,1,0,6.733938036386132e-20,3.961219565238157,0.8643296170068829,7.07e-06,10135.166901365455,3.16e-11,4,1e-06,0.5503422492151729,0.0,0.6019984780832074,0.0,0.5548197561859455,0.5503422492151729,0.6019984780832074,0.5803820322774959,0.6325441040649673,0.6013805437073368,0.6516323401183076,0.6610947076948586,0.7075257104278636,0.6995333934664177,0.7443363617936665,0.7215614287078966,0.7568769380641294,0.8713352203595139,0.884882290103206,0.9789579428356301,0.9809589830490124,1.0179660182693735,1.0163299640098766,1.2256856339949842,1.2340697927987185,97.68073014912108,0.30501493137711844,0.661220579878512,3.4237993897024674,4.2544409084692127e+18,2.0715745818572483e+18,0.07232404310154808,0.035216060716241886,0.28213741870797615,0.27237399837715004,0.03387286374003479,0.011929990800704416,0.059145170419438085,0.0,0.0,0.007493803684544493,0.011618483506249352,0.007932727441422887,0.9446692502522608,102.79129961164674,50.05119311627199,31,0.0009603662411187588,18,0.04945635795593262,0.28934751546816473
S3,1,76,1,MGCUBED,det,sample,0,1,0,1.3738424581270598e-18,3.075764380742487,1.3034866839493282,7.07e-06,19724.119764241048,3.16e-11,4,1e-06,0.35264011659756694,0.0,0.40232822426762116,0.0,0.36140342581856416,0.35264011659756694,0.40232822426762116,0.40918231778513453,0.45640687674897373,0.46281499558375616,0.5106294011278474,0.4901627286569826,0.5378510664749915,0.5245365463654654,0.5746537712740204,0.585638843915567,0.628862829120217,0.7433709886731068,0.780705714644303,0.8249541973381203,0.8482996259179022,0.9331122555386484,0.9264897091360995,1.0197299433800562,1.0068015570338291,3.717621977273549,0.20225249867517167,0.5639887112270371,4.009217913263483,6.594592695913884e+18,2.6581996393046333e+18,2.945586956018401,1.1873300664770572,0.11403180930316523,0.06321624838178533,0.512976572343786,0.12780417437990244,0.7301762902491993,0.0,0.0,0.14230726154439874,0.11862069982526961,0.02157959732442945,6.594528127885781,159.3315709881052,64.224607047051,20,0.0009655456918143171,27,0.0556941032409668,0.28934751546816473
S3,1,77,1,MGCUBED,det,sample,0,1,0,1.0151498626713434e-18,4.340375290613505,1.7428597709135252,7.07e-06,2879.4493046270054,3.16e-11,1,1e-06,0.6558863910249079,0.0,0.7139115281070725,0.0,0.6611094306664098,0.6558863910249079,0.7139115281070725,0.6744897932827687,0.7291514073472628,0.6788838204541204,0.7304063818451078,0.6841716865410743,0.7311676390884193,0.7021860439152732,0.7350585048878724,0.8591167233738911,0.859392111604168,0.9712254367527879,0.9620669249771792,0.9884692670469664,0.9801396460019884,1.0041291935573953,1.0008619050108605,1.2180251030603473,1.2263251393715533,7.0998017152795105,0.15126485975425388,0.49946154425673106,7.564665484677378,8.450003583752374e+17,2.9676028164144454e+17,0.19763314006900295,0.0694078596858014,0.12361378382250303,0.11037900302063271,0.06402280323126759,0.028606737759853288,0.13986008156476556,0.0,0.0,0.0459490298105665,0.02350096990923226,0.010597883342808456,4.335679901755734,20.41600456520395,7.17000792332503,15,0.0009959198690934429,35,0.08953595161437988,0.28934751546816473
S3,1,78,1,MGCUBED,det,sample,0,1,0,1.741060248874117e-18,10.0,0.7762065673085063,7.07e-06,20000.0,3.16e-11,5,1e-06,0.3261585666451812,0.0,0.37012834323611604,0.0,0.33320384547928295,0.3261585666451812,0.37012834323611604,0.375030831784831,0.4161440557588921,0.4620660390191745,0.5002992454835756,0.5118470990969183,0.5525499031477183,0.5293792161160786,0.5728943948174878,0.5876774176852396,0.6276125287838297,0.7239523342092271,0.7630592255422725,0.7962329524470364,0.8211987289832093,0.9297031914735013,0.9231937418838043,1.0379256961488523,1.025780965018341,9.537516396963628,0.33964340154028005,0.6872270979285248,7.762065673085063,8.976260524709132e+18,4.5298268272605834e+18,1.5628210383108991,0.7886701423226963,0.07202651958267632,0.050269481601362354,0.4246344755897188,0.1007691957713524,0.6039576964557157,0.0,0.0,0.08873586972076103,0.09612430957301814,0.021604601948278224,4.107267050473606,216.87490902760314,109.44488279597579,34,0.000970258209135633,16,0.04660987854003906,0.28934751546816473
S3,1,79,1,MGCUBED,det,sample,0,1,0,9.212930834136188e-18,3.476913431047413,1.850848266541826,7.07e-06,9814.632705664735,3.16e-11,3,1e-06,0.3633557216187349,0.0,0.4091090091150378,0.0,0.37355487036466617,0.3633557216187349,0.4091090091150378,0.4398512525056233,0.4895150656787788,0.46728044061721913,0.5141252933154358,0.5029544508032283,0.5451716054143447,0.57386462419957,0.6114368635243657,0.6918596858202819,0.7225909362909066,0.8194332757416107,0.8457938137305735,0.8820972601588362,0.8982223920362327,0.9543085603219318,0.9481890136750472,1.0000673541504186,0.9894256778357463,0.6266790329135281,0.14243924992897725,0.4866919689247441,6.435239196770097,2.8102752338254275e+18,9.346576381186867e+17,7.446510207278871,2.476603557825863,0.04469718120504258,0.018397465389709173,0.6625497614613919,0.1414617788628703,0.8786585074855615,0.15192,0.0,0.211211362194407,0.124223871945057,0.020089866921935887,10.513328087991853,67.89889665085956,22.582208892105772,14,0.0009741306666009611,38,0.14398694038391113,0.28934751546816473
S3,1,80,1,MGCUBED,det,sample,0,1,0,2e-17,2.086969747764232,2.0,7.07e-06,4833.98844679084,3.16e-11,5,1e-06,0.3069072547187739,0.0,0.35023967640688947,0.0,0.3194107214682405,0.3069072547187739,0.35023967640688947,0.36210043686366705,0.4103631682902183,0.4073164040711309,0.4547011439520119,0.44781010910729513,0.49154990090251416,0.5016468584844623,0.5378793687770437,0.6153562043656492,0.6509807247854755,0.7490294632650115,0.7763905589417721,0.8745807015600889,0.8969534110324257,0.9351588510952089,0.9372971111485455,0.9947302898036403,0.9860939257810296,0.1732747399086228,0.13181671940928272,0.4705516107728963,4.173939495528464,1.3448361157874624e+18,4.294750565247588e+17,12.887931099415155,4.115776541417094,0.046831954650684654,0.017251080328355813,0.7568713908662186,0.1229331113909878,0.9260801173240546,0.42556,0.04852,0.1812798789213121,0.10841613504720636,0.01818756174186357,9.967244729899537,32.492507260186954,10.376521888712668,13,0.001,40,0.07378530502319336,0.28934751546816473
S3,1,81,1,MGCUBED,det,sample,0,1,0,1.3077556684227819e-18,0.9407246720714638,1.2324896300380046,7.07e-06,6971.378542494601,3.16e-11,3,1e-06,0.47117154411520157,0.0,0.5280272272009273,0.0,0.4770858086458267,0.47117154411520157,0.5280272272009273,0.48604620987732766,0.5372315984405297,0.49678396087737964,0.5452348557885451,0.5140764515119274,0.5665910502216012,0.5589816564350931,0.6085418466674453,0.7101413411972892,0.7444508830746998,0.8235211135770854,0.8546628418140533,0.8642971613842398,0.875781725802903,0.9736987267765296,0.9630978654970755,1.0200753794836652,1.0076969308631656,1.1944968828259437,0.21390316996860748,0.5769075639760475,1.1594334030489817,2.3971825765311263e+18,9.999917816186918e+17,3.3324618730364914,1.3901462985002861,0.3608524907720494,0.19907624588486664,0.5554429139771893,0.1184748402532229,0.7280584880945059,0.0,0.0,0.06763461566040238,0.11627150100324198,0.021565837383858914,3.1361924165775235,57.918188958156364,24.160743337374573,21,0.0009859917040304037,25,0.04871392250061035,0.28934751546816473
S3,1,82,1,MGCUBED,det,sample,0,1,0,5.652293773253438e-19,10.0,1.680122317178319,7.07e-06,20000.0,3.16e-11,5,1e-06,0.40102940819185223,0.0,0.4494237765294662,0.0,0.4083662864676316,0.40102940819185223,0.4494237765294662,0.47257583441238554,0.5206211520375545,0.5053991580612107,0.5556882068086069,0.5210642533473704,0.5775518299977495,0.5610228576313978,0.6164555720771031,0.6656665026541998,0.7142961939263369,0.7213548550090736,0.7610793449614667,0.8194027777155414,0.831433842273403,0.9943688210616144,0.9844972225372233,1.10729727212621,1.1042499172637879,29.378145117500623,0.15691324144858962,0.5073529425211745,16.801223171783192,5.961782275928007e+18,2.096087326390556e+18,0.33697744835720583,0.11847701343152786,0.05321475124147708,0.04451793567064484,0.10320750984638614,0.04883177299076073,0.23947689971993255,0.0,0.0,0.08653231975467636,0.03845745385941309,0.013079469316970656,6.615889196849935,144.04227519634748,50.64344411278039,16,0.0009883072453990111,34,0.07218098640441895,0.28934751546816473
S3,1,83,1,MGCUBED,det,sample,0,1,0,3.76256915462e-18,10.0,1.1007007252725813,7.07e-06,8472.247254259373,3.16e-11,5,1e-06,0.3310131473426582,0.0,0.37719864380306367,0.0,0.3390172204325764,0.3310131473426582,0.37719864380306367,0.38649675740794115,0.43159521122604416,0.47412150551687804,0.5175504484114647,0.5105213703795755,0.5555644427975756,0.5194621401883966,0.5672693528601647,0.5731798701686381,0.6200059704418289,0.7017846597408989,0.7452938522539372,0.7727649114275269,0.799855252493312,0.9259030722574795,0.9186059300711826,1.0470481203483963,1.0339653353069325,4.413311753047506,0.23951418652266113,0.6033776074894638,11.007007252725813,3.0924678089541996e+18,1.3603854586095662e+18,1.1635623989626367,0.5118544364957937,0.06009256870481663,0.041991493585008574,0.32426358001257294,0.09963723777888801,0.5294908446202027,0.0,0.0,0.1264582113817137,0.08993805202514248,0.020337556158942525,6.21796495082372,74.71693506349806,32.86819402871377,24,0.0009571310654544185,23,0.05424809455871582,0.28934751546816473
S3,1,84,1,MGCUBED,det,sample,0,1,0,3.8941303809832904e-19,8.755740989316319,0.9578107376982625,7.07e-06,13082.458980354939,3.16e-11,5,1e-06,0.43743236839578514,0.0,0.48375189717734524,0.0,0.4438564215488375,0.43743236839578514,0.48375189717734524,0.4911672910075843,0.5335339806827183,0.5235898423655795,0.5713475659448615,0.5652540837357817,0.6192979305708243,0.6066180155122229,0.6574197803316213,0.6870994131649594,0.7339581863812958,0.7201873723262024,0.7585341962593461,0.8465457603734937,0.8574595948922236,1.0106584833115533,1.0027018142047066,1.1281064342559302,1.1277108968456542,37.33632044221357,0.27524585854206346,0.6364920436351158,8.386342736071978,5.164546086294654e+18,2.409266984355434e+18,0.2296940469478042,0.10715255020821568,0.10770104766523973,0.09696842062351477,0.09545333487230837,0.03475097385168161,0.17619266681713233,0.0,0.0,0.037576560731477644,0.032070606814507734,0.012836861989702086,2.9272388190838305,124.78029793707569,58.21015963350996,28,0.0009578107376982625,20,0.04278922080993652,0.28934751546816473
S3,1,85,1,MGCUBED,det,sample,0,1,0,1.1148852018122509e-17,6.085193206639613,1.7581637462097244,7.07e-06,9685.85197168619,3.16e-11,5,1e-06,0.2903271666547476,0.0,0.34286485327724264,0.0,0.3051794605978248,0.2903271666547476,0.34286485327724264,0.3473354161961961,0.3937562746826071,0.40468393963730953,0.4506720213398451,0.4429184156017074,0.4864402141454502,0.484707485717842,0.5247085139911664,0.567441721215057,0.6087996629669233,0.6879222040803796,0.7215773084884034,0.823158652180683,0.8530053641879146,0.9020214363994065,0.9055632311211304,1.0006070201721737,0.9894128233629127,0.9063445307643097,0.14994817142994238,0.4975911987114261,10.698766084595468,2.832219746863111e+18,9.724773752005262e+17,5.188988708875889,1.7817028940433721,0.03360126017174464,0.01510242255397864,0.5937272963449431,0.14541812761120163,0.8359064466614685,0.02964,0.0,0.22791312906517935,0.1257143252593085,0.020928895943345915,10.889878266017254,68.42909675541333,23.495969362459054,15,0.0009767576367831802,36,0.07648277282714844,0.28934751546816473
S3,1,86,1,MGCUBED,det,sample,0,1,0,6.349248950047415e-20,1.9851685303684747,1.8718628423623371,7.07e-06,6324.087589451145,3.16e-11,3,1e-06,0.5720153114393476,0.0,0.627828427895433,0.0,0.5766713432458567,0.5720153114393476,0.627828427895433,0.5892371298710369,0.6448731648059376,0.6529966164900224,0.7015331851630578,0.6980373532514333,0.7412107811865213,0.7126429501794743,0.7477864205472877,0.8284639999997391,0.8382746539575353,0.9693056616171638,0.9672056744181411,0.9957021656500458,0.9928800944611326,1.0147244609585733,1.0148616305692442,1.2440958405902338,1.2534693233371117,51.918737563067616,0.1408401475002589,0.48431793569459447,3.7159632078237967,1.8037685079277965e+18,5.98529629736608e+17,0.05769069542404743,0.01914302773312679,0.26405442939019635,0.25443093318238663,0.018716234892133282,0.008180165023851523,0.03850384946727561,0.0,0.0,0.009754455783859653,0.007412605033125075,0.005879573706864014,1.659041330236573,43.58074612327192,14.461039610217652,14,0.000985190969664388,38,0.11787080764770508,0.28934751546816473
S3,1,87,1,MGCUBED,det,sample,0,1,0,1.0790892349326125e-17,6.615048001344626,1.255042413390687,7.07e-06,827.2230824603099,3.16e-11,4,1e-06,0.46918978659743305,0.0,0.517540335994225,0.0,0.4748212466666204,0.46918978659743305,0.517540335994225,0.5073022959707083,0.5541736550218521,0.520035872615924,0.5684291655879753,0.5422550131885632,0.5992449404788072,0.5933383138384972,0.6486844805104708,0.682686994001861,0.7300157226612742,0.7264344451614437,0.7625664770660304,0.8479084391554672,0.8546520591581274,1.0011711715743232,0.9899506840410791,1.0659277887229355,1.0593573674793242,1.017945993887057,0.21005938604602198,0.5727100281365243,8.3021658083028,2.8279415859529238e+17,1.2596753936069326e+17,0.46131204517333324,0.20548636328480765,0.09991858965405992,0.08242626731536488,0.16699794342708854,0.05355221195881818,0.2959068669234388,0.0,0.0,0.08342428456444012,0.04517362711532112,0.01634893460215439,5.102735229820225,6.832573235821827,3.043494399931827,21,0.0009654172410697592,26,0.07835173606872559,0.28934751546816473
S3,1,88,1,MGCUBED,det,sample,0,1,0,2.9060630691055414e-19,1.3294176278977052,0.8655247095037782,7.07e-06,15314.189935129923,3.16e-11,2,1e-06,0.5173263345553136,0.0,0.5584293176003245,0.0,0.5223209524294412,0.5173263345553136,0.5584293176003245,0.5326768576269795,0.5757271596580286,0.54733264261942,0.596665598057972,0.5743131666496627,0.6189346569482143,0.6872047912451228,0.7258790198939248,0.7676311527339167,0.8055212942679603,0.7919703991821873,0.8188308462456433,0.9065981409765965,0.9070111290283084,1.0104924563978361,0.9983550191061699,1.0413211736400574,1.0307448009390372,7.596359250362679,0.304593775225333,0.6608868915357036,1.1506438061953632,6.417208647582235e+18,3.1103411854063585e+18,1.4027806361326827,0.6799103202445937,0.5173363538038375,0.3616970549552839,0.39094183832088375,0.09613881319020179,0.5423561652805535,0.0,0.0,0.03407058838948864,0.09538886308232192,0.021339703790316397,1.596582067130159,155.0458053021632,75.14877267353708,30,0.0009616941216708647,18,0.054779767990112305,0.28934751546816473
S3,1,89,1,MGCUBED,det,sample,0,1,0,1.1653451989193713e-17,6.4957356733709055,0.6865043612291237,7.07e-06,3601.667948460288,3.16e-11,3,1e-06,0.4579562420161327,0.0,0.5020471350076944,0.0,0.46374668276196895,0.4579562420161327,0.5020471350076944,0.5051000873452818,0.5449397031945581,0.5290487579981459,0.5665321058456109,0.5470391756477314,0.5866483815574397,0.5769975935252037,0.6111603400997467,0.7103299992516361,0.7434124647867669,0.8023854785654382,0.8344901215794137,0.8619757964887321,0.8708223760587244,0.9801526928755249,0.9710823059591497,1.0163926103090821,1.0063259421262227,0.925598944044176,0.38402296286443643,0.7168835227427781,4.459350869160725,1.756737728410928e+18,9.372086869364826e+17,3.1516151218354884,1.6813671285675715,0.08363192134825799,0.054014613161690275,0.607151367227924,0.09548770514607731,0.7550634537499322,0.0,0.0,0.06990664172799212,0.09246603180524497,0.02140655856725471,3.2656646563884046,42.444438191796344,22.643844634379683,38,0.0009807205160416053,14,0.05119895935058594,0.28934751546816473
S3,1,90,1,MGCUBED,det,sample,0,1,0,1.392881275199284e-17,7.408493385845105,0.7638785934248217,7.07e-06,5640.657407415957,3.16e-11,3,1e-06,0.40045965647530396,0.0,0.44122459628841476,0.0,0.4085008726734929,0.40045965647530396,0.44122459628841476,0.4824586431001261,0.5216321782161202,0.5176359424790511,0.5556385597671315,0.5416105806862398,0.5801032171999988,0.5878167269635544,0.6227918802451172,0.7231783278904729,0.7541432807099747,0.8230373634767415,0.8537199879894214,0.8777651018333068,0.8867755990830342,0.9776262012820377,0.9694664521070638,1.0098397952730511,1.000533825368337,0.8832118655866592,0.34512478957758796,0.6911002829911697,5.659189506976453,2.561225546106734e+18,1.3119143454816532e+18,4.815396220168426,2.466548637241268,0.05097397068534051,0.030385504602629773,0.6880911617001073,0.09490409557659324,0.8260280882966243,0.03928,0.0,0.0788866650723518,0.09117312474339781,0.020232247474128367,3.899055958722665,61.881621615374236,31.69708628054339,35,0.0009548482417810271,16,0.03454422950744629,0.28934751546816473
S3,1,91,1,MGCUBED,det,sample,0,1,0,4.802065052673644e-18,2.771811584082732,1.70227218388008,7.07e-06,20000.0,3.16e-11,5,1e-06,0.30561637061186264,0.0,0.3509708183521353,0.0,0.31884637407721367,0.30561637061186264,0.3509708183521353,0.35551751131354004,0.40293134129731784,0.4028916313989412,0.45108765172097987,0.43869400815190346,0.484822187408626,0.48805581297364903,0.5277357195270934,0.601867991638098,0.6405309550114933,0.7370407587540104,0.7668031854229117,0.8673613714357966,0.8910604725333839,0.9329947353985611,0.9355556762739038,0.9971412089988595,0.9880709403858638,0.9584837714040874,0.15487149547239362,0.5045247536796222,4.718377758540616,5.918955839007613e+18,2.0604073577948987e+18,10.254380617369085,3.569582515621381,0.04638000252219262,0.018831533764976854,0.7347533723416395,0.12830337090282484,0.9092399416166578,0.34652,0.00608,0.16795552268544364,0.11632979643198005,0.018742386891512388,8.96126644154931,143.0075481420781,49.78138246450379,15,0.0009727269622171886,35,0.06931400299072266,0.28934751546816473
S3,1,92,1,MGCUBED,det,sample,0,1,0,1.2157232578646134e-17,1.5396180484151256,1.348200720532056,7.07e-06,1628.03582516336,3.16e-11,2,1e-06,0.5043480679068744,0.0,0.5544595269733723,0.0,0.5095173335660773,0.5043480679068744,0.5544595269733723,0.5224397970848974,0.5747260737376754,0.5315159362151864,0.5840780274844025,0.5602707759654432,0.6139290915539958,0.6051103113250456,0.6508201492861198,0.7212227453241631,0.7576881265690274,0.8112436542241155,0.8375659806700103,0.8987292037890928,0.8985667167861117,0.9864440702363344,0.9753967129142466,1.004820151499568,0.9940519666885735,0.21029423443044645,0.19554465058772905,0.556276291500118,2.07571416221743,5.366414059842354e+17,2.216971718925861e+17,4.237462915297635,1.7505796866311802,0.17514922508643158,0.09198383042384817,0.6097304355561276,0.1099911011565949,0.7865300365375126,0.0,0.0,0.11486050143432414,0.10318617421077125,0.021232716027922382,5.409600038133379,12.965761831767624,5.3564124897588705,20,0.0009986672003941155,27,0.05032825469970703,0.28934751546816473
S3,1,93,1,MGCUBED,det,sample,0,1,0,1.8311031361142847e-19,0.1,2.0,7.07e-06,15757.885259033726,3.16e-11,5,1e-06,0.34159289378657187,0.0,0.3841647862000866,0.0,0.35166275187923335,0.34159289378657187,0.3841647862000866,0.3530033897247394,0.3975534028187191,0.39354424989854186,0.4321475878823858,0.5631102134414724,0.6013941888810709,0.7295050876273121,0.7737702787483086,0.8207406286113184,0.8569658798079204,0.873336564789897,0.906874370531504,0.8909778904220944,0.911393629356727,0.9490093550564195,0.9450502205736375,1.0169596976754298,1.0056293749785552,0.9068517411300024,0.13181671940928272,0.4705516107728963,0.2,4.3832321357175485e+18,1.385102204500568e+18,8.026150110029317,2.536264990499799,1.4139211890038033,0.5539460278246757,0.6851774741123693,0.11759440666215998,0.8216653315733535,0.05048,0.0,0.030263395079069135,0.11718866240688879,0.02004010726189678,1.5101413721777022,105.90301697057903,33.46537389017318,13,0.001,40,0.11704325675964355,0.28934751546816473
S3,1,94,1,MGCUBED,det,sample,0,1,0,1.1816887443475496e-18,7.5458804638646635,1.0548932250875107,7.07e-06,16208.148656179437,3.16e-11,3,1e-06,0.47828150242703227,0.0,0.5264421524330316,0.0,0.4839184851735397,0.47828150242703227,0.5264421524330316,0.5021245221976568,0.5476121538399101,0.5200381591328723,0.5639098151376616,0.5316468986120216,0.5803996461321693,0.5774181002309,0.6278052551344705,0.6833010340997175,0.7301876140141176,0.7373145384181534,0.7741831162302266,0.8249301833838883,0.8339580084978409,0.9894913911896894,0.9774064807183325,1.048116373730252,1.0369610249355345,10.603663076599368,0.24991480895774568,0.6134428412037317,7.9600981786510365,6.053735355867685e+18,2.7037319941533706e+18,0.9480180564143048,0.4234058146724301,0.08825774767112204,0.06448943879719818,0.2863411958882204,0.09029262429971897,0.47290510579988493,0.0,0.0,0.1041904494124181,0.08289607599485527,0.019666162288033005,5.297955334977517,146.26394821840717,65.32471162717651,25,0.0009589938409886461,22,0.0658411979675293,0.28934751546816473
S3,1,95,1,MGCUBED,det,sample,0,1,0,2.15585272391586e-18,10.0,1.6350917133963698,7.07e-06,20000.0,3.16e-11,5,1e-06,0.32818162726622196,0.0,0.3750398983707791,0.0,0.33711512035990665,0.32818162726622196,0.3750398983707791,0.3801545930788891,0.42778602364227597,0.45188395007067206,0.5008814890299707,0.4903673654797991,0.5392681140040426,0.50453356634966,0.5528365061938844,0.5482857998008719,0.593497221347993,0.6943888896164453,0.7377355305699173,0.7704746818072052,0.7995933415653006,0.9121499584896613,0.9061040981715576,1.040863075386247,1.027272227278224,7.702469880028111,0.1612346491995565,0.5132506465218651,16.350917133963698,6.025196681762175e+18,2.1492229770430275e+18,1.2989436678505786,0.4633408209360764,0.04179385144830025,0.026602934966917673,0.29807533433235656,0.11289129976605339,0.5567404337295175,0.0,0.0,0.19099638191089446,0.0931297635359205,0.019622808471795407,9.733386644700767,145.57442697140644,51.92725148107763,16,0.0009909646747856787,33,0.07622504234313965,0.28934751546816473
S3,1,96,1,MGCUBED,det,sample,0,1,0,1.5031217439211027e-18,0.6191715752388639,0.8819971378600481,7.07e-06,20000.0,3.16e-11,5,1e-06,0.4318548717601014,0.0,0.4723622668886809,0.0,0.4398988864008703,0.4318548717601014,0.4723622668886809,0.45380731717985867,0.49774058195668297,0.4778248011031483,0.5238282718384051,0.518377199456348,0.5637656287785673,0.5728306099908935,0.6130779992683931,0.7185551293029809,0.7439212640868378,0.8842072038127718,0.9036924524359558,0.9370558102994693,0.944343207312744,0.9824754708066361,0.9780749671302048,1.002636325984049,0.9972065394693865,0.6840155124664815,0.2989050956085957,0.6563360070129531,0.5461075572049754,8.288125296623215e+18,3.9875432500853053e+18,20.120531768421092,9.680294128031916,0.1714504386145871,0.08669957427500706,0.8901423237440892,0.05316752363207897,0.9496546736266569,0.92716,0.582,0.028094315895090878,0.05228659898312939,0.013563869137660335,2.0712612020921437,200.24891376164484,96.34280079386471,30,0.000979996819844498,18,0.04563498497009277,0.28934751546816473
S3,1,97,1,MGCUBED,det,sample,0,1,0,4.1902957309995336e-19,0.19331229014146373,0.6740492106754614,7.07e-06,15609.862500898009,3.16e-11,3,1e-06,0.4867378546372131,0.0,0.5196145597581475,0.0,0.49271225087942766,0.4867378546372131,0.5196145597581475,0.5101242151638057,0.5441309386504788,0.5706960873819827,0.5986255111570995,0.705029515427964,0.727012643155706,0.8545250349184083,0.8797029155493705,0.900330882271202,0.9280460442802377,0.9130741418778595,0.9295230239376828,0.9643858724926121,0.9624417389102436,0.9992888272130424,0.9941379652526198,1.004725123963192,0.9997081966849712,0.7660619453896532,0.39111897861934986,0.7212874472872481,0.1303019965837194,7.701984751595067e+18,4.074126984010225e+18,16.695055343462574,8.831201004424036,0.7806248172870981,0.4337075719080234,0.8853755558977757,0.0463230801644577,0.9362970015829433,0.92812,0.51404,0.008481406792866618,0.04620448986916834,0.01393013432352805,0.6088531952302492,186.08720610727744,98.43474535881435,39,0.0009629274438220877,14,0.0577549934387207,0.28934751546816473
S3,1,98,1,MGCUBED,det,sample,0,1,0,1.6949968394923414e-17,0.1879034580144758,1.6728892026686513,7.07e-06,787.9815160174044,3.16e-11,3,1e-06,0.5027819671203376,0.0,0.5541240567105234,0.0,0.5096388036919023,0.5027819671203376,0.5541240567105234,0.51782047493169,0.5657622991797235,0.5314817689106901,0.5759356270010246,0.5745647645185427,0.6207717461226973,0.6667604990805794,0.6957640925971437,0.8404514867618261,0.8646909450693887,0.8937564084871662,0.9099716084253674,0.9499979375386649,0.9483213112347423,0.9914653724144281,0.986074340581736,0.9981623633769754,0.9928730762599991,0.01840835484882375,0.1575916913074746,0.5082867325883504,0.3143416660565188,2.3572312236020586e+17,9.050504600739037e+16,21.263576073466123,8.164073645138423,0.34714385239088236,0.14289042417397377,0.8766797770545489,0.048890175799471705,0.940582482435367,0.91532,0.396,0.03885868771955907,0.04724555180104347,0.014375245381376014,2.703166915668988,5.69529266411625,2.186687158350705,16,0.0009840524721580301,34,0.07886791229248047,0.28934751546816473
S3,1,99,1,MGCUBED,det,sample,0,1,0,1.122198662010409e-17,0.2749885681755617,1.3153466677937953,7.07e-06,8666.592255629168,3.16e-11,5,1e-06,0.40529338009383614,0.0,0.4562495619025891,0.0,0.4142119040896481,0.40529338009383614,0.4562495619025891,0.44008899793364264,0.48972806136254865,0.4960696473943479,0.5471079501991704,0.6161756672423667,0.6623639977707756,0.7520096750116235,0.7883616970437858,0.8732671300583471,0.893530976838894,0.9485951041026275,0.9603324937170804,0.9803031999588171,0.9799207883940871,0.9966914183529199,0.9939904496203961,0.9993238841728715,0.9966317892482321,0.04069059035088062,0.20042886432422605,0.5619124467819909,0.361705296831112,2.8858824229373394e+18,1.1639135650934738e+18,117.76974640167782,47.49805615954833,0.057006030295209974,0.02327765902050416,0.97240515814512,0.019629829247806683,0.9913986453374802,1.0,0.98168,0.01696003883907815,0.018777995931497503,0.00698558083800928,2.4278638000718273,69.72563755430609,28.12124802425116,20,0.000974330865032441,27,0.04960203170776367,0.28934751546816473
S3,1,100,1,MGCUBED,det,sample,0,1,0,3.2364525255870218e-18,2.503177288867023,1.386722156489493,7.07e-06,10328.574772590957,3.16e-11,2,1e-06,0.4881572454355173,0.0,0.5373581474224031,0.0,0.4938112336468336,0.4881572454355173,0.5373581474224031,0.5045624260005608,0.5568138925771183,0.5232175570455243,0.57883798319391,0.5488433109696197,0.6026401188730428,0.6178318773010311,0.6628941922945837,0.7109638508685558,0.744504891977442,0.8149022640923964,0.8432015517479019,0.8858244589751869,0.8899216610331865,0.9809352186531183,0.9699330346446771,1.006671645187467,0.9952989120444014,1.284314738858122,0.19011266069762472,0.5498753574376929,3.471211408093201,3.3527809691126533e+18,1.314056463604681e+18,4.334937234963543,1.6989932672017172,0.10673752650010328,0.053999485409787065,0.5943239489074693,0.12961846335256527,0.8001139651245265,8e-05,0.0,0.14733237381247588,0.12016576413659552,0.021150620786588057,6.9658652244335855,81.00634620220627,31.748841872059387,19,0.0009905158260639236,28,0.06804108619689941,0.28934751546816473
