set,search_seed,eval_index,is_finite,task,mode,node,N_R,R,seed,k_on,k_off,T,distance,N_max,D,L,lam_best,objective,opt_sd,held,held_sd,train,opt_lam_1e-06,held_lam_1e-06,opt_lam_1e-05,held_lam_1e-05,opt_lam_1e-04,held_lam_1e-04,opt_lam_1e-03,held_lam_1e-03,opt_lam_1e-02,held_lam_1e-02,opt_lam_1e-01,held_lam_1e-01,opt_lam_1e+00,held_lam_1e+00,opt_lam_1e+01,held_lam_1e+01,opt_lam_1e+02,held_lam_1e+02,opt_lam_1e+03,held_lam_1e+03,KD_nM,tau_D_over_T,phi_ISI,koff_T,c_peak,c_mean,c_peak_over_KD,c_mean_over_KD,tauR_mean_over_T,tauR_peak_over_T,occ_mean,occ_std,occ_max,occ_frac_above_0p8,occ_frac_above_0p9,contrast_within,contrast_between,binomial_sd_mean,snr_within,shell_molecules_peak,shell_molecules_mean,history_symbols,dt,n_sub,seconds,running_min
S3,4,1,1,MG,det,sample,0,1,0,6.951088817063085e-20,1.2866730088914076,1.902766555761239,7.07e-06,7576.082505203128,3.16e-11,3,1e-06,0.20772091664456285,0.0,0.2199530016276942,0.0,0.20766424759617963,0.20772091664456285,0.2199530016276942,0.2336192073282695,0.24541663588913673,0.2913070883761302,0.29823080291000525,0.38450517041212157,0.3895600463456323,0.42392438421063844,0.4293646842426124,0.4928821544234898,0.4909389541437485,0.7828592679370633,0.7685362908723911,0.9057534348610906,0.8926142531138554,0.9953102683194555,0.9857980158895788,1.7172504512010682,1.682347560658624,30.737210445327477,0.13855269739755002,0.4808884383492889,2.4482383695192538,2.1485398073873948e+18,7.049110474610092e+17,0.11607215605628554,0.03808193119129918,0.39347275682625343,0.36597719695890557,0.03645142613090885,0.015116405281420615,0.06993808315153872,0.0,0.0,0.013906715270220854,0.014315701688787529,0.008141514547001346,1.7081238619591887,51.91074545871922,17.031314863225035,14,0.0009757777209031995,39,0.23630905151367188,0.20772091664456285
S3,4,2,1,MG,det,sample,0,1,0,5.66571578244126e-18,7.6821485639522376,0.7725134950386354,7.07e-06,11789.34728488484,3.16e-11,2,1e-06,0.20625156525985971,0.0,0.2104235343311556,0.0,0.2066298891062636,0.20625156525985971,0.2104235343311556,0.2184507472926726,0.22264013471727376,0.24099758376713443,0.242839938781808,0.3338521299514336,0.3361639654273776,0.4207345311080934,0.41703840296968114,0.5729389769386413,0.5791392858188328,0.6466212292516484,0.6531773538295483,0.7792757733028229,0.7687729327862736,0.918226560165683,0.9053194580695069,0.9489880089748198,0.937584310354647,2.2515262501889204,0.341267098260051,0.6883809747789087,5.934563436544777,5.307936799690554e+18,2.688956855506574e+18,3.914694053083468,1.9831516102194895,0.056485359579430565,0.03428583540769661,0.6405154161795891,0.10256271027444436,0.7939024674079188,0.0,0.0,0.0849130539350592,0.09854396908252476,0.020937338298039218,4.055580166224439,128.24475263260678,64.96773036074897,34,0.0009656418687982943,16,0.0506749153137207,0.20625156525985971
S3,4,3,1,MG,det,sample,0,1,0,1.0373775225910355e-18,1.6785919422448101,1.4647300316054959,7.07e-06,5445.538504928819,3.16e-11,4,1e-06,0.13355596273086537,0.0,0.1405670947352815,0.0,0.1330552992021755,0.13355596273086537,0.1405670947352815,0.16862477280385915,0.17330565612164797,0.21467264167938616,0.22084780819005936,0.24191014099143776,0.2530334345695048,0.2901972330758364,0.3005296105451029,0.43316738586603754,0.44043669319720197,0.5133804565727512,0.5212328868603419,0.5896225130441262,0.5843235396543381,0.8732882328801871,0.8538862858114198,1.0162877797686418,0.9993990265139645,2.6869364693566764,0.17998773366420012,0.5375520224493147,2.4586840286169713,1.7234012149419374e+18,6.602096349029606e+17,1.0650698587269327,0.4080125837673536,0.28886221937375545,0.1969529689925104,0.2791158931986174,0.08973635754292471,0.4504801342966623,0.0,0.0,0.07966601602762145,0.08547001844466715,0.019488602920252538,4.087825913104966,41.63899662668323,15.9512866315081,18,0.0009764866877369973,30,0.056073904037475586,0.13355596273086537
S3,4,4,1,MG,det,sample,0,1,0,2.20039245307309e-19,0.44407683249722907,1.3911766315363998,7.07e-06,14991.213414970716,3.16e-11,2,1e-06,0.22257294277986484,0.0,0.22500084192373604,0.0,0.22179215802400581,0.22257294277986484,0.22500084192373604,0.2268848033588731,0.23059323760317685,0.24611749823996162,0.25468261372551587,0.2835588579020032,0.2907831590949758,0.43983461627222104,0.44669632893658945,0.5659658817683175,0.5779540783265077,0.5992737702992673,0.6048221108995394,0.7598819178450498,0.7471950816761054,0.9291188487433613,0.9128556727239203,0.9795098707072938,0.9661565892323584,3.3512518558159727,0.18950392986935932,0.5491491017273937,0.6177893119768492,4.859047592688419e+18,1.897349540932038e+18,2.407649052969066,0.9401331718277823,0.8343111895937508,0.4750121827092469,0.4629614492350158,0.11618384573498611,0.6295440591026588,0.0,0.0,0.03965455161342051,0.11543591910755072,0.021642458378510074,1.832257265782504,117.39916658214891,45.84175202474241,19,0.0009936975939545713,28,0.06905078887939453,0.13355596273086537
S3,4,5,1,MG,det,sample,0,1,0,4.3295183501581515e-19,3.0159825422559705,1.1410460602697974,7.07e-06,1224.2229948246927,3.16e-11,1,1e-06,0.38103058661744255,0.0,0.3892884650838043,0.0,0.3808648772561392,0.38103058661744255,0.3892884650838043,0.3878510651295531,0.3962125192790568,0.3889949731843599,0.39711302512230906,0.4062794857331693,0.4102160852827882,0.6385129747035048,0.6265994284099148,0.8528072403444605,0.8344373316872232,0.899406539063187,0.8853992449079257,0.9600761763176328,0.9547798975677217,1.0512884223135126,1.0438618093263046,1.7961561548138854,1.7580239088423584,11.567468785869437,0.2310453959730863,0.5949003089013968,3.441374997683663,4.392648842491421e+17,1.9942341620037728e+17,0.06305757245909642,0.028627730028069946,0.28249435436387,0.2733450511084465,0.027740365434054184,0.009461645835827632,0.04884745651186473,0.0,0.0,0.008433949350079484,0.00898107241705809,0.007215843772742497,1.1688098600385892,10.613053347584328,4.818257572557714,23,0.0009922139654519977,23,0.06598591804504395,0.13355596273086537
S3,4,6,1,MG,det,sample,0,1,0,1.9568177562812557e-18,0.3079056784561394,0.534273361549268,7.07e-06,14045.549557694289,3.16e-11,3,1e-06,0.3020068931625544,0.0,0.30139375955273295,0.0,0.30229445028810953,0.3020068931625544,0.30139375955273295,0.35622182916641865,0.35517217030511794,0.4218529672170561,0.42404558019405614,0.5555009742847787,0.5576694221371341,0.7369766240857892,0.7504226884906178,0.7959290875157791,0.8076233787975678,0.888248065090698,0.8850457661475574,0.975594005365254,0.972063859927811,0.9908089944745542,0.9877316042711713,0.9930791778185273,0.9899431924162784,0.2612861654795818,0.4934429784297874,0.7762769355810724,0.16450580186886962,8.207082464907448e+18,4.625512922218256e+18,52.15806598670155,29.396293902369266,0.19998533298564192,0.11435353872948423,0.9623058842606647,0.016685113360899465,0.9805309028584381,1.0,0.9916,0.005079320703072188,0.01657582373530591,0.008334817089346833,0.6094099784822314,198.29084261305084,111.75674897700159,49,0.0009714061119077599,11,0.037462711334228516,0.13355596273086537
S3,4,7,1,MG,det,sample,0,1,0,1.8496283374060973e-17,0.7548595406423763,0.8648079927786896,7.07e-06,8176.90409103257,3.16e-11,5,1e-06,0.20930219463905453,0.0,0.2068050126867218,0.0,0.21010062189171316,0.20930219463905453,0.2068050126867218,0.29434078849533835,0.2938917938157178,0.4142426614398463,0.42038265967261707,0.5616516625911602,0.5718642590081949,0.6976088267904772,0.7106595040686244,0.8088141044460134,0.8222386737653347,0.8641831850946663,0.8701331261013087,0.9486982535322165,0.9445300390706554,0.988683578712255,0.9854020021127364,0.9942858829122595,0.9911906479216719,0.06776895293588714,0.30484620981761795,0.6610869522372473,0.6528085641727771,3.4291257518470047e+18,1.6691201593358781e+18,84.02368681394324,40.89836292744219,0.03656091889071926,0.018016657546223013,0.9707862953829267,0.01637166580904832,0.9881053825032571,1.0,0.9944,0.012438647048614282,0.015805717044549177,0.007292489801078201,1.705679046239491,82.85090806231128,40.327515195848996,30,0.0009608977697540995,18,0.05025196075439453,0.13355596273086537
S3,4,8,1,MG,det,sample,0,1,0,1.2382866935072648e-19,0.18493318026074648,1.0777485566935083,7.07e-06,18685.304607469203,3.16e-11,4,1e-06,0.1722097465125115,0.0,0.18005841305722636,0.0,0.17240710272916926,0.1722097465125115,0.18005841305722636,0.21544404915867313,0.22018246837685201,0.2751934506128789,0.2837152388029673,0.3762137976235143,0.39119206558487674,0.5359637967959657,0.548067539060264,0.6573467309303079,0.6720717504015629,0.7025512277028788,0.7193909713253043,0.7469356400917488,0.7517384526903491,0.9193972826283225,0.9086411763657586,1.0169488332502539,1.0059480914412293,2.4799488862299657,0.24461497738153584,0.6083602717016661,0.19931146811075992,6.894046206083001e+18,3.0443286226845645e+18,4.616156856968748,2.0384398401727775,1.651266118594971,0.8933640724868283,0.6464688277312367,0.10375415797213673,0.7759348282670673,0.0,0.0,0.01832839177076538,0.10354605806534398,0.0208435684386825,0.8793308029133182,166.56664984941403,73.55384698086597,24,0.0009797714151759166,22,0.05149388313293457,0.13355596273086537
S3,4,9,1,MG,det,sample,0,1,0,8.977549397395008e-18,0.10215135016638656,1.620402105228213,7.07e-06,2954.1920039299735,3.16e-11,3,1e-06,0.2489297224918468,0.0,0.2550666791219515,0.0,0.2508893221324879,0.2489297224918468,0.2550666791219515,0.32527599602390705,0.3308897068275484,0.3976732541785169,0.3970698901373686,0.5122539507702959,0.5110276840217614,0.637005422068882,0.6351245030009726,0.8041064995377089,0.8121627302147749,0.8732303302602077,0.8727328484160034,0.9510024327169186,0.9447295655159615,0.9799046909871804,0.9753090839073912,0.9842347748317786,0.9799084330881493,0.01889450006981421,0.16269630727333326,0.515218966653184,0.16552626286151714,8.935646878931799e+17,3.270461192453047e+17,78.53074004663097,28.74237771667938,0.20312220638174824,0.07596229308703858,0.956656928411456,0.02837336984982574,0.9850779181643473,0.9998,0.94544,0.019441603919461734,0.027653265284471103,0.00872345897661158,2.2286576886056917,21.589364509158074,7.901742286101312,16,0.0009820618819564926,33,0.08056020736694336,0.13355596273086537
S3,4,10,1,MG,det,sample,0,1,0,7.274121550458481e-19,4.94101790194651,1.812587166378555,7.07e-06,16382.38321423902,3.16e-11,3,1e-06,0.18598161768886448,0.0,0.19514946137632525,0.0,0.18545991959893435,0.18598161768886448,0.19514946137632525,0.19769069042129567,0.20589255293210643,0.21269674484509282,0.21978634431569333,0.22800433248134375,0.2348501710262041,0.33970108147547556,0.34522052435100775,0.43577657081062454,0.4419498082975308,0.4785161846984246,0.48044238873650225,0.6882854415519681,0.6736348046858955,0.8914179650492954,0.8705815679498902,1.070862719478445,1.0552357460386286,11.27937332483865,0.14544593700577163,0.4911046449791805,8.956025637914937,4.7369567799693e+18,1.5941897686556593e+18,0.697370462535477,0.23469516568904122,0.09043258060463047,0.06578214512259901,0.18237608637331817,0.078464039278548,0.37883112111472705,0.0,0.0,0.13030631532528905,0.06402997621100193,0.016593433291361624,7.852884513847127,114.44933754937104,38.51712637998942,15,0.0009797768466911108,37,0.08843588829040527,0.13355596273086537
S3,4,11,1,MG,det,sample,0,1,0,1.7197750668525067e-17,10.0,2.0,7.07e-06,200.0,3.16e-11,4,1e-06,0.20668474052187494,0.0,0.21967895159450787,0.0,0.20663390310001467,0.20668474052187494,0.21967895159450787,0.2455577106059476,0.2573218812095429,0.29890547463919703,0.3067664836744537,0.3975687993208392,0.4029587846013301,0.43896873517530843,0.4431329987323254,0.5950883488564307,0.5879798005160912,0.8574648940544375,0.8444217473954991,0.9431568757373388,0.9357822402621553,1.0100323362043817,1.0028158532470097,1.6735823758249369,1.6399660701233496,0.9655559608809353,0.13181671940928272,0.4705516107728963,20.0,5.5928659489327064e+16,2.4091772585595628e+16,0.09618471411222854,0.041432429808988105,0.04801079606208406,0.04561275062158999,0.03953878216693252,0.015277800715929189,0.08117379597230337,0.0,0.0,0.04321595393898752,0.005732504765304463,0.00854447986958931,5.0577629766321515,1.3512890925340701,0.5820799177376887,13,0.001,40,0.10168194770812988,0.13355596273086537
S3,4,12,1,MG,det,sample,0,1,0,2.4007899162619664e-19,10.0,1.1636080592151476,7.07e-06,5689.922539786954,3.16e-11,4,1e-06,0.20551270945547478,0.0,0.21586673338886272,0.0,0.20525166882501317,0.20551270945547478,0.21586673338886272,0.24240849194933314,0.2555928682369202,0.2924375899470749,0.3047972011908688,0.3839355122446868,0.39125281573064974,0.43825924989407616,0.4437653372472416,0.550070222749201,0.5470678910137583,0.8517912846513784,0.8405712666925743,0.9535251393356831,0.945908889704448,1.0404468017110065,1.0324362476344031,1.7748567457016915,1.7377202013968793,69.16636295104524,0.22656549748923696,0.5903087445719165,11.636080592151476,2.017292097000502e+18,8.688567156154752e+17,0.04843094524633762,0.02085942441526124,0.08418356959720101,0.08196971941154264,0.020358704403703128,0.008553942237555633,0.04291354240468911,0.0,0.0,0.011714669226136181,0.007455060567645187,0.006151431184376316,1.9043810903533522,48.73967715339494,20.992396626459797,23,0.0009696733826792897,24,0.05655717849731445,0.13355596273086537
S3,4,13,1,MG,det,sample,0,1,0,6.419801281352415e-20,0.7408261933713352,2.0,7.07e-06,2387.0392340341195,3.16e-11,4,1e-06,0.2335506591493402,0.0,0.2450528738206228,0.0,0.23373759626940774,0.2335506591493402,0.2450528738206228,0.26481619936085077,0.2744359538852546,0.359725255418783,0.3643674142738747,0.420390596039233,0.42587357802360415,0.4589206954290183,0.4642074514826632,0.5886547113732828,0.5841810706174666,0.8671727919323061,0.8554280277559532,0.955492727033794,0.9484044804788985,1.0440607997115259,1.0362006265052597,1.7830608683639115,1.7455485421470092,19.162132629432993,0.13181671940928272,0.4705516107728963,1.4816523867426703,6.64236428990845e+17,2.1541489671002688e+17,0.05756094906081351,0.01866727772715573,0.6625540596319468,0.6381874641567732,0.018276249810895845,0.007120948223960782,0.032964938021016146,0.0,0.0,0.0047392490639134146,0.006936070920825102,0.005845412714095054,0.8107638067173006,16.048577769513603,5.204626804065657,13,0.001,40,0.08576059341430664,0.13355596273086537
S3,4,14,1,MG,det,sample,0,1,0,9.164757174954544e-19,0.27101825013792563,1.7873239227591307,7.07e-06,16486.141728181014,3.16e-11,1,1e-06,0.4201398440823281,0.0,0.4353435966850673,0.0,0.42083726123781906,0.4201398440823281,0.4353435966850673,0.4222239991085627,0.43519916294892613,0.4338241935825645,0.4415383528811037,0.44884832365103045,0.45297407140094403,0.4995803380814118,0.4994725352170062,0.7036119703580261,0.708327577773836,0.817905933724292,0.8125135275935816,0.90280048075877,0.8930394298635337,0.9261837358878829,0.9169286968004333,0.93795020117586,0.9299407999179582,0.4910510815289019,0.14750176812471058,0.49408427627130647,0.48439740197583253,4.791324786341037e+18,1.625141364599023e+18,16.202351019095346,5.495580454063334,0.3178192720026756,0.12000805290239819,0.8135141392371362,0.1007052382610261,0.9236959800043231,0.70528,0.08432,0.05988385915699364,0.09882922029492155,0.01662424399223828,3.6022004480295706,115.76291979260307,39.26494609132669,15,0.0009929577348661838,36,0.06385922431945801,0.13355596273086537
S3,4,15,1,MG,det,sample,0,1,0,9.524351635482663e-18,0.2035890884743012,1.4312049826176372,7.07e-06,377.81368306538013,3.16e-11,4,1e-06,0.15134050144748168,0.0,0.15674489282964493,0.0,0.1511537843025789,0.15134050144748168,0.15674489282964493,0.21018757251397313,0.21409278488066474,0.2577874927679184,0.26853053445597047,0.33222277713781884,0.3435358602436535,0.48940629584707773,0.4976530842208895,0.5781531282726087,0.5895780513519451,0.6231150148625638,0.6341520817810535,0.7354525991555066,0.731886948991405,0.9278101544053293,0.9189690018523617,0.9722383949134242,0.9634152872958799,0.03549508124022111,0.18420382965435647,0.5427473998410595,0.29137771783100286,1.2137284180185282e+17,5.536356448007761e+16,5.678092244440573,2.5900310269748945,0.9559726348160402,0.5139149467103569,0.7114348045079019,0.057384007808115416,0.7973247078856114,0.0,0.0,0.027748810292745518,0.05666520562938793,0.02007155190307515,1.3824945089818461,2.932482179159061,1.3376358648469315,18,0.0009870379190466464,29,0.06270313262939453,0.13355596273086537
S3,4,16,1,MG,det,sample,0,1,0,6.638338304836251e-20,10.0,2.0,7.07e-06,7964.256764539313,3.16e-11,5,1e-06,0.24309027086896862,0.0,0.25539665201476003,0.0,0.24343244708868597,0.24309027086896862,0.25539665201476003,0.28316923631285956,0.29438512397481614,0.37526024377087236,0.3815066959344817,0.44314474286073463,0.44856997587141834,0.5287494940644549,0.5271681219831855,0.8204387959539118,0.8095738725483769,0.9513074135115918,0.9453720327124464,0.9917379609885597,0.9891430341507931,1.0667978765734678,1.059557912932425,1.813133588488733,1.7743426051649493,250.14378462213782,0.13181671940928272,0.4705516107728963,20.0,2.215495639713102e+18,7.033122628169722e+17,0.01470720956930518,0.004668824734518967,0.04976764359460678,0.04927529786767024,0.00464019264150263,0.002636715952872232,0.013202047265840827,0.0,0.0,0.0052612931499713194,0.0018836537142416783,0.0029085736161745136,1.8088911763186548,53.52846143348765,16.992686720327914,13,0.001,40,0.07271289825439453,0.13355596273086537
S3,4,17,1,MG,det,sample,0,1,0,1.3971091886115592e-18,0.1,1.151256658790242,7.07e-06,9501.573583269004,3.16e-11,4,1e-06,0.20730982239372686,0.0,0.21266517824719786,0.0,0.20781229734219986,0.20730982239372686,0.21266517824719786,0.27838413134545203,0.2788183496262438,0.3482665501226183,0.3508645248663878,0.4401015846091111,0.4444390131265853,0.6288200927548419,0.635741052143426,0.7995028261831275,0.8114811888507172,0.8534015766367682,0.8633009689314822,0.9150836109980466,0.91070062913965,0.9763340473334516,0.9715193703601156,0.9878556067523584,0.9835440322172855,0.11885535366237789,0.22899623364228397,0.5928094723877486,0.1151256658790242,3.386034237543572e+18,1.4575524806321034e+18,47.30659546225459,20.363599635746834,0.4065869304919035,0.17981313559849968,0.9425115143557862,0.03356193417790102,0.9749570115484342,0.99404,0.90764,0.01173204728894725,0.033311793056792036,0.01003801793032251,1.1687613401752823,81.80977648879097,35.21584080251368,23,0.0009593805489918683,24,0.05217790603637695,0.13355596273086537
S3,4,18,1,MG,det,sample,0,1,0,2e-17,4.251812349483677,1.6183420871157268,7.07e-06,17465.480664884028,3.16e-11,4,1e-06,0.1667201329917874,0.0,0.17001468918755439,0.0,0.16654233268580937,0.1667201329917874,0.17001468918755439,0.21767868221236242,0.22458835951534042,0.27143455032679553,0.26878610071004955,0.37813340325081524,0.3791041174067186,0.47945107182662183,0.47758683257915335,0.6199503400252341,0.6195832457686957,0.7573736526259842,0.7598319266185025,0.8344182994039129,0.8371695319044726,0.9132055993076581,0.9043185614066722,0.9620421121954641,0.9546574925129987,0.3530150256304933,0.16290340646607254,0.5154967892084942,6.880886871687836,5.283156541483501e+18,1.8957692694332257e+18,24.851315661308835,8.917464429790465,0.01465395760675356,0.005621768161616184,0.8659978787646172,0.08685090054586934,0.9609928304547108,0.84888,0.42032,0.10387003589638522,0.07981785066309709,0.01438610168659017,7.220165556956017,127.64603825376923,45.80357117687148,16,0.0009808133861307436,33,0.06768798828125,0.13355596273086537
S3,4,19,1,MG,det,sample,0,1,0,5e-20,8.072931710893636,1.5619554610976887,7.07e-06,200.0,3.16e-11,4,1e-06,0.5023756989643885,0.0,0.5014533267316719,0.0,0.5018073191982266,0.5023756989643885,0.5014533267316719,0.8013279227953323,0.7894477978074496,0.9372082424163765,0.9293271571586548,0.9879619828573721,0.9854100738021049,0.997804242188961,0.996180736564657,0.9988907313038476,0.9973639278650117,0.9990300695279494,0.9974859476699969,1.0002124802329209,0.9983579767274114,1.069841318713167,1.0626653412471765,1.8163109371075308,1.7773843615982448,268.1083698513097,0.1687842229722049,0.523277965200571,12.609559772899022,6.202129201947904e+16,3.0899758025478104e+16,0.000384131157307991,0.00019137878983778523,0.07928973539407971,0.07927445797839779,0.00019133993377058682,5.883151464725342e-05,0.0003442742642605408,0.0,0.0,0.00015388072580005047,2.805206194860989e-05,0.000611290523080643,0.2517309200616384,1.4984928331204812,0.7465672584149585,17,0.0009762221631860554,32,0.06859016418457031,0.13355596273086537
S3,4,20,1,MG,det,sample,0,1,0,1.0861391883540266e-18,1.1075162199967348,1.390311826611915,7.07e-06,11639.302422607178,3.16e-11,5,1e-06,0.115001484055389,0.0,0.12274385539830518,0.0,0.11500235217835392,0.115001484055389,0.12274385539830518,0.14305409511921297,0.15203757601165935,0.18262781444057472,0.19001528364487735,0.24911719684378644,0.2508985693600634,0.3170314835611203,0.32403485544366345,0.41482751632090825,0.4241267664625589,0.5871498101112791,0.59636200544123,0.6741833123912064,0.6816858590594849,0.7959867305544558,0.7859456592444823,0.9655091660512949,0.9524553789485002,1.693221246919817,0.18962180553482036,0.5492898778704518,1.539792898825984,3.7738109899051054e+18,1.4760861731481516e+18,3.700969729896255,1.4475950862809586,0.26533718352505603,0.13814979119593018,0.5616955796529897,0.12541056340491916,0.7503120127941205,0.0,0.0,0.09490963836479441,0.12135430969930196,0.021447466262343527,4.4252144847259824,91.17882807323706,35.66363227060877,19,0.0009930798761513678,28,0.08892512321472168,0.115001484055389
S3,4,21,1,MG,det,sample,0,1,0,1.0061263144913657e-18,6.554549773379673,1.3186331355724434,7.07e-06,3565.8464405903214,3.16e-11,4,1e-06,0.1826976077101668,0.0,0.1927145644760634,0.0,0.18215285639496134,0.1826976077101668,0.1927145644760634,0.20263105316836424,0.21422681886305803,0.23203457541389944,0.2460885246962735,0.2902408842248796,0.3018442046165622,0.39144822992068473,0.39884634711267,0.4473933360747301,0.4534912248312321,0.5494366772207968,0.5459838287853455,0.8437931134574357,0.8295195689281143,0.9588636662491534,0.9439741538185121,1.483833729367722,1.4583001118726973,10.817812644066208,0.19992932962671017,0.5613410706396837,8.643046519937286,1.186496114783365e+18,4.836839246585377e+17,0.1821276829681895,0.07424569822810084,0.1077034279794569,0.09787432090317189,0.06827149574486806,0.02798856894178176,0.13948001863034656,0.0,0.0,0.0393927293518216,0.02424317868776173,0.01097063469631237,3.590742964494382,28.666863695289763,11.686259202223141,20,0.0009767652856092174,27,0.06109285354614258,0.115001484055389
S3,4,22,1,MG,det,sample,0,1,0,1.0438357107629058e-17,0.7685016091498411,0.613993279290902,7.07e-06,2747.846088784898,3.16e-11,5,1e-06,0.17055132882750454,0.0,0.1789824210920425,0.0,0.17040786499311322,0.17055132882750454,0.1789824210920425,0.22360406172440656,0.22813665636073796,0.3214957512561893,0.3194651364058678,0.40025328108298025,0.4004850134047146,0.5327092545540226,0.5403693207983806,0.6963079967350815,0.7087945735788352,0.7717772369416761,0.786556191966837,0.8441798080217379,0.8429698474889717,0.9615248753486028,0.9562891170958021,0.9895675377661021,0.9847878365859123,0.12225362018383117,0.42937512137434874,0.7436062902279827,0.47185482314224597,1.4525615298640584e+18,8.05296609646243e+17,19.729764764316457,10.938134011651055,0.1775232138217955,0.10223444119499449,0.9063723207988046,0.03614827322206771,0.9499105320241665,0.97504,0.69224,0.015241371994630132,0.035735702848159245,0.01277474255921335,1.1930864300382953,35.09525473097516,19.45672459890256,43,0.0009446050450629261,13,0.030711889266967773,0.115001484055389
S3,4,23,1,MG,det,sample,0,1,0,1.6004736074643418e-19,0.1,0.5,7.07e-06,6188.0642316104595,3.16e-11,5,1e-06,0.29168575610759595,0.0,0.30778584794009234,0.0,0.2915651169675531,0.29168575610759595,0.30778584794009234,0.36364879923527704,0.38708766643001924,0.4351475266572703,0.4664172450562294,0.49113215636861174,0.5198019392962602,0.612770500780876,0.640006045637221,0.6539597173432494,0.682244906992274,0.678420119814709,0.6974615975179749,0.810191751506029,0.8075224076841838,0.9972292491953317,0.9899611986878593,1.045590887607032,1.0384872347310377,1.037529803321573,0.5272668776371309,0.7914984825837854,0.05,3.8118672088180936e+18,2.1944042019306662e+18,6.100792862872126,3.5120860092988835,4.4325396188774615,2.816586877864567,0.7675071667995257,0.05319417192917576,0.842166299050503,0.36776,0.0,0.006090606282293309,0.053147318487506985,0.0186885453431614,0.3259005005717051,92.09830216737342,53.01887243061328,53,0.001,10,0.03056192398071289,0.115001484055389
S3,4,24,1,MG,det,sample,0,1,0,1.1210004473963445e-18,0.6221229810863143,0.615745779303709,7.07e-06,8391.038876171662,3.16e-11,1,1e-06,0.34658299546738436,0.0,0.35167847896412274,0.0,0.34688671253592634,0.34658299546738436,0.35167847896412274,0.3838709226140072,0.38878014612764455,0.4332282409422236,0.4427777564551294,0.5077306558327382,0.5172279314581835,0.6408232386966488,0.6563155007836217,0.6850649251838244,0.6917252786076215,0.8272464974899564,0.8174162708139486,0.9398533775284429,0.9308689590242055,0.9591025705210897,0.951048383290385,0.9705013673108028,0.9631348531176546,0.9215513848186977,0.42815305874558257,0.7429284296117512,0.38306959981173916,4.418440523310582e+18,2.408595281390161e+18,7.961567011680772,4.340036407786209,0.48885278533303683,0.291298571814898,0.7953348515152848,0.0691220584422855,0.8788665599978819,0.6168,0.0,0.016098905939543606,0.06885948352953576,0.017675891605169615,0.9107832464210862,106.75368477764953,58.19393065719113,43,0.0009473011989287831,13,0.02695298194885254,0.115001484055389
S3,4,25,1,MG,det,sample,0,1,0,1.1626885198058281e-18,0.15849352191627814,1.4612633447256487,7.07e-06,1248.4552937867857,3.16e-11,4,1e-06,0.13513526461627035,0.0,0.14058213998852773,0.0,0.13549822827534302,0.13513526461627035,0.14058213998852773,0.19610285328558094,0.2012955275040503,0.2700174036067673,0.2827000429453614,0.35999932796670936,0.37417254310215936,0.5125417006026197,0.5235306019295091,0.5888786915777104,0.6022780565310909,0.6316130036461063,0.64699604006714,0.6878212938710471,0.6890555990151799,0.9175356272478736,0.9035944565777771,1.0227020408319962,1.0086502366054642,0.22635871994324552,0.1804147348047401,0.5380824552307844,0.2316007739527285,3.959958196893677e+17,1.5865574471683706e+17,2.9049754707775155,1.1638785658441781,1.9953868627604932,1.1057111357564513,0.5209780881185926,0.09600470149712241,0.6558063463198468,0.0,0.0,0.02067967970072044,0.09576103974821323,0.021918724683667824,0.9434709363419019,9.567631992636006,3.8332722303963696,18,0.0009741755631504324,30,0.0569310188293457,0.115001484055389
S3,4,26,1,MG,det,sample,0,1,0,9.980639863294696e-18,0.16467763601746074,1.263249482678578,7.07e-06,757.0618545636102,3.16e-11,5,1e-06,0.1592219408649865,0.0,0.167101710758651,0.0,0.15920163817500974,0.1592219408649865,0.167101710758651,0.20329994608982976,0.20854652980894164,0.2583606595881532,0.2616668321140916,0.34448235150905837,0.35362576261920153,0.5089035532403249,0.5207536693562237,0.6664858799585043,0.6791428470004346,0.7324891819205033,0.7472981746433744,0.792719155998323,0.7938933047735734,0.9356317238393091,0.928992637987405,0.9817056123018262,0.9753527594180429,0.027398408503095627,0.2086946738814889,0.5712046306065514,0.20802893850778845,2.5807773527029165e+17,1.1548042688211827e+17,15.64135237036302,6.998937924077021,0.6009577226922389,0.2888601486121316,0.8626525168808958,0.04756268429435273,0.9224959604399574,0.89084,0.2058,0.020948370875460733,0.04704918044178396,0.015118090243331992,1.3856492809798018,6.235401167860825,2.7901158846255445,21,0.0009717303712912139,26,0.06752490997314453,0.115001484055389
S3,4,27,1,MG,det,sample,0,1,0,3.5300880245753827e-19,3.75074965641809,1.466278520459614,7.07e-06,12516.189206998664,3.16e-11,5,1e-06,0.13974176955814618,0.0,0.1459428482948966,0.0,0.13925314104077635,0.13974176955814618,0.1459428482948966,0.18276458674412108,0.1905694227786954,0.21575348194612845,0.2272059293389989,0.24744757752173743,0.2619747638206558,0.3176683385504803,0.32795255423470854,0.43175434586828393,0.4391798814646304,0.48845242220136453,0.49407453630210085,0.6427987190837804,0.6338384328041817,0.9331604854677927,0.9135541742872343,1.1951542955875307,1.1782409494568977,17.64337402442051,0.17979765449740606,0.5373155890287517,5.499643656827122,3.9585161208721777e+18,1.504274319156504e+18,0.37256313093218674,0.14157758438087398,0.1592795487655471,0.1324747535638362,0.12131602153987778,0.048782551537306366,0.23609210211339376,0.0,0.0,0.06184110384636767,0.04360982889147889,0.014155769930600456,4.368614646151183,95.64147801138749,36.34468442861934,18,0.0009775190136397426,30,0.0575716495513916,0.115001484055389
S3,4,28,1,MG,det,sample,0,1,0,1.9048588186870507e-18,0.4385565838028577,1.8944476519362854,7.07e-06,200.0,3.16e-11,5,1e-06,0.2166205065088058,0.0,0.22817586786194818,0.0,0.21671767369649997,0.2166205065088058,0.22817586786194818,0.2582448665752188,0.2715766390720443,0.2947318338806878,0.30548049911532393,0.4017881797543083,0.4078929244074341,0.45989537772108524,0.467264031651807,0.49891475794275336,0.5054469188442655,0.6684030353860975,0.6643449721608565,0.9186457633672795,0.9084251844060544,0.9783449226747207,0.9679258500055256,1.2823128331612708,1.2635048905525414,0.38230672710584174,0.13916111038967469,0.4818045082233961,0.8308224904265226,5.714193424218649e+16,2.54741523671811e+16,0.2481944665252001,0.11064630101874287,1.0837172369729688,0.9642940846749701,0.09941126006402444,0.014099871819302313,0.12822596461340086,0.0,0.0,0.013608686788778551,0.013378114238917506,0.01333835201517551,1.0202674793179451,1.380602953348109,0.6154795153259798,14,0.0009970777115454134,38,0.10992980003356934,0.115001484055389
S3,4,29,1,MG,det,sample,0,1,0,2.530360582161009e-18,10.0,1.2018926629081486,7.07e-06,10639.838439037254,3.16e-11,4,1e-06,0.1358322527235222,0.0,0.1407572274877851,0.0,0.1352919535142856,0.1358322527235222,0.1407572274877851,0.1799025260936061,0.18803318810096456,0.2130474700517421,0.22163674249813708,0.24161104899670494,0.24942126620122587,0.2711717308401193,0.27768862750522477,0.4180504946875344,0.4249975805819229,0.5078183417880422,0.5157240394281647,0.5878369048919282,0.5827347009080256,0.8748923827528197,0.8557363811194167,1.0181827530798613,1.001563326796878,6.562460223576883,0.21934857159429463,0.5827492716132898,12.018926629081486,3.70733612940267e+18,1.561919357822034e+18,0.9380897206661881,0.3952219175547111,0.05963359974318923,0.04292995545932887,0.27165796131850084,0.09238328580399309,0.4740911733191081,0.0,0.0,0.12668799917633,0.0816802235676815,0.019287600404390363,6.568364986838513,89.57273283074682,37.73744285871009,22,0.0009615141303265188,25,0.053266286849975586,0.115001484055389
S3,4,30,1,MG,det,sample,0,1,0,6.984066501878139e-19,8.4374158586483,1.6185522803879508,7.07e-06,19171.296171197442,3.16e-11,5,1e-06,0.12071562879814135,0.0,0.12749803846966345,0.0,0.1202698038056005,0.12071562879814135,0.12749803846966345,0.1696025323778931,0.176053288294307,0.21227744956331043,0.2213606676884406,0.23461012072322912,0.24517686453925736,0.27926596138644855,0.28744355525576165,0.4111975906413761,0.41819323701543337,0.48542746411679627,0.4917563421373745,0.5983838724024274,0.591046655054711,0.9025960437064364,0.882472522846456,1.1282599328295966,1.1118407300320698,20.060889534070096,0.16288225101717144,0.5154684213356848,13.656398678596668,5.798805649943903e+18,2.0798804644764846e+18,0.47999583011146024,0.17216199513233513,0.062470671888099225,0.04947699575079014,0.14212331991141408,0.06315476749675497,0.30777526187441817,0.0,0.0,0.1064338156585136,0.05123033835599635,0.01502628849982213,7.083173976046945,140.10460640469066,50.25187106367361,16,0.0009809407759926974,33,0.06922602653503418,0.115001484055389
S3,4,31,1,MG,det,sample,0,1,0,3.0563175552387615e-18,8.81673292553469,1.3556795169878781,7.07e-06,5706.195242369178,3.16e-11,5,1e-06,0.11807597348423293,0.0,0.1242532414120599,0.0,0.11765984586177831,0.11807597348423293,0.1242532414120599,0.1618788474209214,0.16878973675751097,0.21204922743644714,0.2207480791593459,0.2380620160564189,0.2483485676861277,0.268967660256358,0.2780545152283554,0.39635845827633626,0.40395799999697785,0.49391522947142763,0.5016243069309702,0.5727649383547626,0.5685952100651717,0.8780818207642168,0.8584133938302869,1.0649478750903907,1.0481297209826335,4.790251406498428,0.1944659010592123,0.5550163969907109,11.952664233899991,1.871613316407098e+18,7.456147773590042e+17,0.6487941376773357,0.25846711619083834,0.06648036700910467,0.05074214775600396,0.1981692788760131,0.07572898210603339,0.3795289940765274,0.0,0.0,0.11457581938194765,0.06468773431630154,0.01725920219660883,6.638535088514117,45.2199405992389,18.014755316452952,19,0.0009683425121341986,28,0.07107686996459961,0.115001484055389
S3,4,32,1,MG,det,sample,0,1,0,5e-20,0.6475219411260912,1.8596401828441338,7.07e-06,20000.0,3.16e-11,5,1e-06,0.1393874157521955,0.0,0.1460251309741859,0.0,0.1390513448683935,0.1393874157521955,0.1460251309741859,0.1676381979535514,0.17553995170204725,0.23423365954436617,0.24805896748672876,0.282764558281393,0.2952238804339937,0.3879663448657987,0.3943324153775667,0.46227890355826884,0.46934479480732355,0.5088431101160796,0.51522114543819,0.6492203376714545,0.6412668157870623,0.9449321097974596,0.9253552282115957,1.2059443682321116,1.1888991241373552,21.50470960184236,0.14176583257916295,0.4856945377045931,1.2041578209913126,5.716784905647812e+18,1.8889679798306412e+18,0.4414356134176609,0.1458613106256738,0.7247438409223361,0.5761311290610699,0.12482192082555134,0.047199090770386254,0.2132636978513175,0.0,0.0,0.025364961057478225,0.04641697971763637,0.014352027457963754,1.7673434036947537,138.12290796705898,45.63924561393014,14,0.0009787579909705968,38,0.10872817039489746,0.115001484055389
S3,4,33,1,MG,det,sample,0,1,0,2e-17,6.5657681095666,1.643669490762997,7.07e-06,14048.378298054087,3.16e-11,5,1e-06,0.11166409007985338,0.0,0.11701777626566408,0.0,0.11177579770637129,0.11166409007985338,0.11701777626566408,0.1495432250351293,0.15380611875910685,0.20300388298151004,0.20464707761105563,0.2752207945652987,0.274774007635007,0.36777059917385946,0.36649105901679757,0.48836386639287116,0.4886469679487819,0.6340958811579045,0.6349984592815207,0.7668436103350822,0.7751924034733035,0.8462282707318106,0.8407271439211961,0.9493267030099116,0.9404602224981365,0.5451357225969756,0.16039321791888095,0.5121115326969545,10.791952725119257,4.2236699626317353e+18,1.504787977622281e+18,12.865729925726956,4.5837378125789785,0.01659491178851531,0.0066827809964780825,0.7770517131331061,0.11744863188370915,0.9272826410497672,0.5326,0.06756,0.15703435194925583,0.10598170219619434,0.01765247472374563,8.895883121589602,102.04784457702223,36.357094900968036,16,0.0009961633277351496,33,0.06599712371826172,0.11166409007985338
S3,4,34,1,MG,det,sample,0,1,0,5e-20,2.4354816696646178,1.8203856046743143,7.07e-06,11735.048730166807,3.16e-11,5,1e-06,0.2023569118997071,0.0,0.21397348128617172,0.0,0.20213641271807578,0.2023569118997071,0.21397348128617172,0.2368259859369113,0.24957983793543528,0.2754758517275983,0.2872428918695264,0.36351963180522145,0.3699493418823036,0.43850411806887823,0.4447140200513826,0.4889622509252636,0.49152528346694624,0.7444650861323422,0.7352930513476159,0.9279482117288868,0.9184373416631884,1.025266637639485,1.0165584644240442,1.7527495183494488,1.7165594217988756,80.88424919727774,0.1448228540929009,0.4901956005738317,4.4335157719056335,3.379951359101859e+18,1.1333197907193574e+18,0.06938979260655452,0.023266851170253792,0.22042600871142054,0.21091900204170674,0.022632832062677154,0.010172270225887773,0.047884660280904,0.0,0.0,0.013004584395564279,0.009051346175107439,0.006440493466827581,2.019190681978907,81.66280841616863,27.382073619059472,14,0.0009839922187428725,37,0.12402820587158203,0.11166409007985338
S3,4,35,1,MG,det,sample,0,1,0,2e-17,10.0,0.5,7.07e-06,200.0,3.16e-11,5,1e-06,0.19767346524670856,0.0,0.2103467447946308,0.0,0.1971104524289803,0.19767346524670856,0.2103467447946308,0.24145696946034845,0.255836273541514,0.2750099945557709,0.28795783336766023,0.3570987613300936,0.3647206577814137,0.44791220292169,0.45643438951812587,0.4909383043399265,0.4998112343739984,0.6225333806305712,0.6229458775824511,0.9102965241428135,0.9026717263816064,0.9867659990769184,0.9778224435049417,1.102619376871729,1.0913395393430396,0.8302695335869232,0.5272668776371309,0.7914984825837854,5.0,1.2891007566755227e+17,9.650220891252669e+16,0.25782015133510455,0.1930044178250534,0.16764397265570627,0.15900524394342974,0.1614260569408126,0.01729852870403787,0.1992922597800434,0.0,0.0,0.019519021210114885,0.015930251855111894,0.01641987610633109,1.1887435132710193,3.1145888486840425,2.331584262873783,53,0.001,10,0.03296089172363281,0.11166409007985338
S3,4,36,1,MG,det,sample,0,1,0,4.830724138609989e-18,10.0,1.5874217194961364,7.07e-06,11924.16538823659,3.16e-11,5,1e-06,0.09610696908666594,0.0,0.102522833428256,0.0,0.09653020325140357,0.09610696908666594,0.102522833428256,0.11647667573193476,0.12232004353247447,0.16824556623526854,0.1730779506055149,0.21904459535322549,0.22331636964486098,0.2733266539989116,0.27684252520408525,0.32369194843087307,0.3260735639633133,0.49447355589540115,0.5009719466399009,0.5878042088365096,0.5918576711096076,0.7762757238786109,0.7617527323010042,0.9812062472210289,0.9647419815428054,3.437453722314304,0.16607649724122794,0.5197208971477074,15.874217194961364,3.642251247335069e+18,1.3264504150470164e+18,1.7594711019383862,0.6407716038636861,0.03839366317998885,0.022828734198296754,0.36591042268237767,0.1247030216759664,0.6315539501557884,0.0,0.0,0.20494294251494846,0.10469256138778185,0.020680942293597054,9.909748772830339,88.00022077646454,32.048291412784046,17,0.0009921385746850852,32,0.08869671821594238,0.09610696908666594
S3,4,37,1,MG,det,sample,0,1,0,1.6146966490271584e-19,10.0,0.9291175864815283,7.07e-06,20000.0,3.16e-11,5,1e-06,0.17332793289673237,0.0,0.18127066074576823,0.0,0.17294941423289284,0.17332793289673237,0.18127066074576823,0.20512528998763135,0.2151727659219017,0.2398589437376012,0.25274197341277743,0.2957281339847823,0.3080980728381022,0.38975134340543843,0.3969965581043791,0.46294569307050804,0.4692537231388155,0.5510767663327224,0.55016386682278,0.8538246333041383,0.8429876043661059,0.9944425615715904,0.9813098295983234,1.5365874065725174,1.5099098350410851,102.83907309613282,0.2837460431858984,0.6437976872375485,9.291175864815283,8.031200728209148e+18,3.7803525641584635e+18,0.12967952903503785,0.06104122617487897,0.10143715520194223,0.09527392571864697,0.057041501941502426,0.02148830594290907,0.10829212708236215,0.0,0.0,0.023147825325580962,0.01982237864723868,0.010134218156665509,2.284125422182283,194.04137419119965,91.33687866871489,28,0.0009780185120858193,19,0.06455707550048828,0.09610696908666594
S3,4,38,1,MG,det,sample,0,1,0,4.1680170799491005e-18,10.0,2.0,7.07e-06,19862.615252667398,3.16e-11,5,1e-06,0.09026071677431087,0.0,0.09753316722779501,0.0,0.09075494138833533,0.09026071677431087,0.09753316722779501,0.10642140003377577,0.1131316274802843,0.15684486393460512,0.16114338255161503,0.20322061913651246,0.2054518929988047,0.26790325906788365,0.26837894954474356,0.316812610469006,0.31661590824863944,0.4662736827772254,0.4688783995208278,0.5906465462433987,0.5946435731610105,0.7557471268324072,0.7431754870279599,0.9605756834835043,0.9449791645332818,3.9840025492268984,0.13181671940928272,0.4705516107728963,20.0,5.524930514044091e+18,1.7441857334323581e+18,2.3028004748067734,0.7269795927549617,0.02895228189711123,0.015138668042890236,0.3869934281649528,0.14141777164809385,0.6923125598746146,0.0,0.0,0.26442491596420054,0.11261953096166526,0.020706254216554927,12.770292163842424,133.48752515802988,42.14117017037486,13,0.001,40,0.07547211647033691,0.09026071677431087
S3,4,39,1,MG,det,sample,0,1,0,2.093979890112034e-18,1.8987831647581068,1.5593802480523855,7.07e-06,20000.0,3.16e-11,5,1e-06,0.10257435798890481,0.0,0.11019246628463128,0.0,0.10310153082932438,0.10257435798890481,0.11019246628463128,0.1290449448145089,0.137808233599075,0.17507936874546,0.18380696363995122,0.2208946363896699,0.22748025965337906,0.3152099583969383,0.3188338078834791,0.4398462067833364,0.44900415615511524,0.5835271615881358,0.5899205938716611,0.7186140586377419,0.7280399461450712,0.8090049675279292,0.8028222520365352,0.9467491658310943,0.9361692341356852,1.5057468507990954,0.1690629589209142,0.5236416914979609,2.9609249624581904,6.153114166892845e+18,2.2559271187969871e+18,6.785660188154494,2.487838584202459,0.0968314022062307,0.043378762059402734,0.672040354141824,0.13070317433869935,0.8629282750761103,0.12852,0.0,0.15203198631731274,0.12097502059464867,0.020094032576504987,7.5660266667964216,148.66503389779717,54.5053240506133,17,0.000974612655032741,32,0.06789493560791016,0.09026071677431087
S3,4,40,1,MG,det,sample,0,1,0,2.394688578766636e-18,1.3212519006789547,2.0,7.07e-06,15025.10690034784,3.16e-11,5,1e-06,0.10522286473922425,0.0,0.11187395872735298,0.0,0.1055023119838062,0.10522286473922425,0.11187395872735298,0.12944583321925063,0.13678011220401579,0.17346653796971223,0.18225498203514107,0.21853740568274624,0.22311920689351977,0.3099858199363704,0.31177459420255604,0.42351961083843215,0.43091374650400344,0.560576308049,0.5647058102382171,0.7083189665641304,0.716316863821004,0.7983361983204118,0.7925969816954859,0.9365164991856598,0.9261194317842907,0.9161902796500994,0.13181671940928272,0.4705516107728963,2.6425038013579094,4.179415595998243e+18,1.3209984414345754e+18,7.574936156014691,2.394229199327041,0.11149187367485204,0.04413198725093998,0.6581503388075032,0.1407298256642664,0.8694354023733065,0.12688,0.0,0.18210520234893085,0.12767815491068715,0.020179847845963064,9.024111764319404,100.97861739591566,31.91656659508694,13,0.001,40,0.0747518539428711,0.09026071677431087
S3,4,41,1,MG,det,sample,0,1,0,5e-20,10.0,0.5,7.07e-06,20000.0,3.16e-11,1,1e-06,0.39346571721406737,0.0,0.40262488692849274,0.0,0.3933118618513277,0.39346571721406737,0.40262488692849274,0.39758110352024617,0.40578146351433125,0.3993915930359334,0.4069799933565308,0.40785617930507523,0.41304818369930013,0.5908189281736398,0.5841994652189354,0.8704205358864696,0.8568433961864909,0.9327527395631985,0.9211925259811121,0.96824820325874,0.9629517669247756,1.0496435913691304,1.0423035277349306,1.7883610457584083,1.7506485315759701,332.10781343476935,0.5272668776371309,0.7914984825837854,5.0,1.2306894214753612e+19,7.033378276888106e+18,0.06153447107376806,0.03516689138444053,0.19320556102071465,0.1884065053466376,0.0338564956942049,0.010634052759614683,0.055484496853617685,0.0,0.0,0.0045163717533657655,0.010497896853043783,0.007966453274883396,0.5669237736703943,297.3461561069734,169.93304391711115,53,0.001,10,0.0336308479309082,0.09026071677431087
S3,4,42,1,MG,det,sample,0,1,0,5e-20,0.1,1.8528307569131222,7.07e-06,200.0,3.16e-11,2,1e-06,0.40809491449672275,0.0,0.42238972031988264,0.0,0.4087493974990211,0.40809491449672275,0.42238972031988264,0.4357317769115795,0.45220952784845864,0.45358790659789305,0.4680040415468303,0.6837510880857401,0.6879257998372523,0.9455611730342889,0.945441518579893,0.9931873384964338,0.9921384300809528,0.9985038870385678,0.9968807547784024,1.0002071666541348,0.9981791223225526,1.0680978505245462,1.0609494250379436,1.809455769655284,1.7708051592800018,3.321078134347694,0.14228684289426818,0.4864665263878859,0.18528307569131222,5.759305614974988e+16,2.6000606283120256e+16,0.028796528074874938,0.013000303141560126,5.327882927787003,5.246078183263636,0.012831206549474852,0.00156449467888849,0.0157338105093375,0.0,0.0,0.00045135509716838983,0.0015581896983335296,0.005023344036413934,0.0898515200027198,1.3915024835471101,0.6281991378026491,14,0.0009751740825858537,38,0.09225082397460938,0.09026071677431087
S3,4,43,1,MG,det,sample,0,1,0,2e-17,10.0,0.5,7.07e-06,20000.0,3.16e-11,5,1e-06,0.2514232059117939,0.0,0.25048354630352626,0.0,0.253884616587303,0.2514232059117939,0.25048354630352626,0.3278107376876753,0.3275906497107269,0.42124346337318463,0.42565948232369366,0.5207095593643521,0.5298962066691808,0.6467885521247193,0.6618845595558599,0.7476137082174231,0.7636563864846271,0.7939972254441615,0.8087810609282897,0.8692756612175717,0.8673946597129939,0.970572228351493,0.9658964001032335,0.9915742148430932,0.9872219228671485,0.8302695335869232,0.5272668776371309,0.7914984825837854,5.0,1.2306894214753612e+19,7.033378276888106e+18,24.613788429507228,14.066756553776214,0.013274257089517622,0.007808294370449274,0.9248446382687723,0.031134712336265143,0.9606668431895058,0.99832,0.83388,0.01496166930061722,0.030681667009543008,0.01154269791525968,1.2962021020092358,297.3461561069734,169.93304391711115,53,0.001,10,0.03827404975891113,0.09026071677431087
S3,4,44,1,MG,det,sample,0,1,0,1.4709158155529351e-18,0.1,2.0,7.07e-06,20000.0,3.16e-11,5,1e-06,0.17430363213125377,0.0,0.18228142048242185,0.0,0.17426715082879476,0.17430363213125377,0.18228142048242185,0.21746338092269366,0.2214655868806662,0.3327193601190429,0.33848636021786555,0.4551007488925488,0.4560875704211392,0.6016514188387189,0.602433326798624,0.7657040813915881,0.7724582503266145,0.8753956454465492,0.8841230572942758,0.9153423204615202,0.916310566228534,0.9628125168877797,0.9568647748930582,0.9839202492638005,0.9794154895214863,0.11289150946749661,0.13181671940928272,0.4705516107728963,0.2,5.563143001462194e+18,1.756204209670772e+18,81.82915025033365,25.832285473453812,0.18634268053486114,0.06036522148167104,0.9478906547992922,0.04235600641330642,0.9852863888134863,0.97712,0.91492,0.027817243627791324,0.04137725376761552,0.009350420219359754,2.9749725654250905,134.41077484643932,42.43154787651223,13,0.001,40,0.07047700881958008,0.09026071677431087
S3,4,45,1,MG,det,sample,0,1,0,1.8782155710488074e-17,10.0,2.0,7.07e-06,9126.50066333973,3.16e-11,5,1e-06,0.09148095085766346,0.0,0.09999766518792028,0.0,0.09286716572925625,0.09148095085766346,0.09999766518792028,0.11087986104612066,0.118190465245499,0.1536051420157767,0.15618035785013978,0.21153344098468632,0.2119668902008799,0.2739457452033418,0.27134540312921196,0.35531228433237866,0.35443188470923337,0.48026631933613834,0.47832663606244213,0.6429889357094758,0.649152161048989,0.7610236864395059,0.7540038209701108,0.9340374517115246,0.9214413193333647,0.8841046218387973,0.13181671940928272,0.4705516107728963,20.0,2.538764643164826e+18,8.049858543340713e+17,4.768347284020346,1.5119369660842799,0.019904958076214087,0.008667994061056544,0.5512589235443275,0.1539323298156313,0.8251135595408983,0.01116,0.0,0.2720174993195292,0.1274718533627515,0.02109440595944355,12.895243404460619,61.338945044346126,19.449216457859688,13,0.001,40,0.06621909141540527,0.09026071677431087
S3,4,46,1,MG,det,sample,0,1,0,1.823143867925481e-19,0.1,2.0,7.07e-06,7019.283250834347,3.16e-11,4,1e-06,0.1433225365951623,0.0,0.14756749518625517,0.0,0.14356479905071462,0.1433225365951623,0.14756749518625517,0.21947626163977083,0.22501985539263694,0.28376513449343865,0.2939084926955909,0.36733534192289546,0.3794983719622208,0.5202614583514039,0.5306196418224078,0.6009387140178742,0.6138765667192431,0.6439247591392838,0.6598717379414069,0.6888181472298565,0.6932669602642149,0.9062192318609549,0.8926228319973564,1.0397014047993505,1.02573388273391,0.9108107683588027,0.13181671940928272,0.4705516107728963,0.2,1.9526586858009574e+18,6.20645577170283e+17,3.559977709169444,1.1315261781730723,2.34573708322245,1.0964965881183446,0.5081478769861051,0.11430316802506185,0.662623165240325,0.0,0.0,0.024254428243072404,0.11403966235614559,0.02174825366037231,1.1152356700375725,47.17807306052587,14.995381731252841,13,0.001,40,0.06224370002746582,0.09026071677431087
S3,4,47,1,MG,det,sample,0,1,0,8.168215047246181e-18,10.0,2.0,7.07e-06,14033.057353522201,3.16e-11,5,1e-06,0.08977805199319551,0.0,0.09805599414744787,0.0,0.09086232875192504,0.08977805199319551,0.09805599414744787,0.10435099853491017,0.11118219660065486,0.15291865627671355,0.15663039338116655,0.20249704260222096,0.20370136397745245,0.267545822616304,0.2664225874454076,0.33079818093232544,0.33043435192346854,0.4644682541587081,0.4646915135312933,0.6122797570533165,0.6175421905858411,0.7513268376428737,0.7416403417110504,0.9455835935319845,0.9313355437741697,2.0329277052196097,0.13181671940928272,0.4705516107728963,20.0,3.903484813562595e+18,1.2342135243506652e+18,3.1884503390838943,1.0081321481115846,0.02489875979876086,0.011937589311596348,0.45959237107082807,0.15048873326170947,0.7583874968158657,0.0,0.0,0.2748686737766196,0.12203526341526855,0.021164408440814197,12.98730718343883,94.31186979273313,29.819761255521442,13,0.001,40,0.07243013381958008,0.08977805199319551
S3,4,48,1,MG,det,sample,0,1,0,2e-17,10.0,0.5,7.07e-06,2777.766236340037,3.16e-11,3,1e-06,0.17569676006493007,0.0,0.18242797950584122,0.0,0.17459654007363506,0.17569676006493007,0.18242797950584122,0.22135042779004224,0.22552956425176665,0.2823804506952848,0.2857395838111749,0.3316305731538339,0.3367139918487852,0.4351127817817109,0.4377560164389533,0.5887127351045264,0.6008263585081085,0.6364906886883719,0.6481834710398541,0.7370028071408846,0.731480331440891,0.9251927733119756,0.9140213671643639,0.972092331392229,0.9616155637464239,0.8302695335869232,0.5272668776371309,0.7914984825837854,5.0,1.7143644362948524e+18,9.996155883924603e+17,3.428728872589705,1.999231176784921,0.06668375600656218,0.04515968481110692,0.649938379208129,0.08277988929538388,0.7721415025886988,0.0,0.0,0.04363034669521307,0.0813524823639492,0.02098713296592244,2.0789093377383763,41.42065954281693,24.151654154691965,53,0.001,10,0.03981804847717285,0.08977805199319551
S3,4,49,1,MG,det,sample,0,1,0,3.807960180273077e-18,3.9876239740937267,2.0,7.07e-06,9906.778315660578,3.16e-11,5,1e-06,0.09857760966860242,0.0,0.10523824020278864,0.0,0.09874293165412121,0.09857760966860242,0.10523824020278864,0.11404424577006538,0.12111844289263829,0.15299167518459983,0.15910815125812652,0.19541643921562982,0.19792220032863903,0.272361578173395,0.27404760291731295,0.326807661704057,0.32825563425107473,0.4805851105057518,0.48398509815403234,0.6021305988439472,0.6066615132097789,0.754744785961985,0.7425045416171585,0.9547747638582792,0.9394268104940624,1.7388851460381647,0.13181671940928272,0.4705516107728963,7.975247948187453,2.755792737992214e+18,8.732448758474332e+17,2.6316295316548852,0.8339005223305374,0.06837227516220162,0.03452663605688633,0.4203113253619408,0.1408066745999482,0.7079774279251354,0.0,0.0,0.2402895398853355,0.11643276300400468,0.02105693082637113,11.411422769381158,66.58254823440048,21.098418710877326,13,0.001,40,0.07466506958007812,0.08977805199319551
S3,4,50,1,MG,det,sample,0,1,0,2.2679316143742037e-18,2.527202956741082,2.0,7.07e-06,20000.0,3.16e-11,5,1e-06,0.10057726310610235,0.0,0.10814651871741558,0.0,0.1012544223617681,0.10057726310610235,0.10814651871741558,0.11691607337389161,0.12390922629047084,0.15654818681133204,0.16429420423450566,0.20019856525246746,0.20340540570178844,0.2761058783134964,0.27600338204136354,0.36826741206048763,0.3719082790760211,0.5013640391302273,0.5028647366655199,0.6584398417013992,0.665258065028988,0.768948695480496,0.7618423733593376,0.9371203922581106,0.9249706737318186,1.8503729185431281,0.13181671940928272,0.4705516107728963,5.054405913482164,5.563143001462194e+18,1.756204209670772e+18,4.9924078533726295,1.5760313344780046,0.07680309860633505,0.03301630887550007,0.5647879871149943,0.14974391276115354,0.8213037480931904,0.0088,0.0,0.22811409219167278,0.13008487718834916,0.021084032430454668,10.819281982424537,134.41077484643932,42.43154787651223,13,0.001,40,0.06819891929626465,0.08977805199319551
S3,4,51,1,MG,det,sample,0,1,0,5e-20,0.1,2.0,7.07e-06,20000.0,3.16e-11,3,1e-06,0.1967098380011707,0.0,0.20473965159413282,0.0,0.19660807961726093,0.1967098380011707,0.20473965159413282,0.23289891682074892,0.2418675725652019,0.28371360357080755,0.29048046334639316,0.43700671020117215,0.44321383113301505,0.5415630939600349,0.5521532898267224,0.5862639023240139,0.6013951110433009,0.6181453983866239,0.6328731121818321,0.7059788851408306,0.7026139959595089,0.9636795917397457,0.9479745077715086,1.05538552379046,1.0408526512579146,3.321078134347694,0.13181671940928272,0.4705516107728963,0.2,5.563143001462194e+18,1.756204209670772e+18,2.7815715007310966,0.8781021048353859,2.662262071442727,1.3222016294107735,0.4480314139043137,0.11057672756779022,0.6030840254917345,0.0,0.0,0.022111177341832537,0.11035034312662735,0.02164524203377813,1.0215259920553117,134.41077484643932,42.43154787651223,13,0.001,40,0.06840920448303223,0.08977805199319551
S3,4,52,1,MG,det,sample,0,1,0,2e-17,10.0,2.0,7.07e-06,20000.0,3.16e-11,5,1e-06,0.11223711825839823,0.0,0.11771188359561909,0.0,0.11233340068307499,0.11223711825839823,0.11771188359561909,0.14442644973127258,0.14810925565820562,0.19346170797316994,0.1951234671554214,0.2564626367599727,0.2547731644261806,0.33893975606870463,0.3362678485201752,0.4418371057844498,0.4401037470756734,0.5699359575915816,0.566876871544134,0.7249005498746983,0.7309785837749655,0.817088988406789,0.8129511778742838,0.936780874351789,0.9275706936641195,0.8302695335869232,0.13181671940928272,0.4705516107728963,20.0,5.563143001462194e+18,1.756204209670772e+18,11.12628600292439,3.5124084193415444,0.01108055728858339,0.004123274017118014,0.7229608847051822,0.14012082392537825,0.9168384239414082,0.32292,0.01716,0.2174563420827075,0.1220084439819931,0.018841719926651887,11.541215076396096,134.41077484643932,42.43154787651223,13,0.001,40,0.06614804267883301,0.08977805199319551
S3,4,53,1,MG,det,sample,0,1,0,2e-17,10.0,2.0,7.07e-06,8465.77293893641,3.16e-11,4,1e-06,0.10216581938206291,0.0,0.10996322789660806,0.0,0.10262142028524106,0.10216581938206291,0.10996322789660806,0.13481503728393476,0.1404723911049676,0.17809635078854658,0.18036308411078844,0.22607695365496408,0.22658754416422036,0.28943710054368543,0.2873979165516823,0.37381476039887335,0.37187445482873643,0.5241725632051196,0.5236214569730716,0.6465102369891291,0.6495195163243477,0.7906892671342984,0.7793676810863078,0.9304613998637188,0.9176305414277707,0.8302695335869232,0.13181671940928272,0.4705516107728963,20.0,2.3549884209439647e+18,7.471851114570025e+17,4.70997684188793,1.4943702229140052,0.020045139867644973,0.008756602939823508,0.5487629013594633,0.15368141984041203,0.8233179746211108,0.00984,0.0,0.27244018898036926,0.12707086849960564,0.021110463564200536,12.905457435921857,56.898738416444424,18.052696067360174,13,0.001,40,0.05948185920715332,0.08977805199319551
S3,4,54,1,MG,det,sample,0,1,0,2e-17,10.0,2.0,7.07e-06,6777.601851763739,3.16e-11,2,1e-06,0.18415803286791566,0.0,0.1942871502198199,0.0,0.18367255727374204,0.18415803286791566,0.1942871502198199,0.20185763129418088,0.2090212824221507,0.2168312435722749,0.22026301230848522,0.25717300543452776,0.25494584698022,0.39396290223387104,0.39439160897030345,0.4638587871803145,0.463798481354921,0.5454407603000685,0.5416389243227275,0.7171598586851985,0.7054822579716205,0.8607914854617942,0.8449358651659572,0.9059497621307262,0.8924650587794067,0.8302695335869232,0.13181671940928272,0.4705516107728963,20.0,1.8854369046317788e+18,5.995031853954171e+17,3.7708738092635583,1.1990063707908343,0.02273754213000228,0.010480260430052771,0.4995527260932701,0.15152253006176064,0.7882583975299513,0.0,0.0,0.2764172449457648,0.12329491612128282,0.02124914872167397,13.008391468587226,45.55393151120163,14.48456163192773,13,0.001,40,0.06129908561706543,0.08977805199319551
S3,4,55,1,MG,det,sample,0,1,0,5e-20,0.1,2.0,7.07e-06,15423.842867167948,3.16e-11,5,1e-06,0.15691520786691682,0.0,0.16451806447462344,0.0,0.15707068305165806,0.15691520786691682,0.16451806447462344,0.22468830938175885,0.23638901914057045,0.2842679150602651,0.3011354598838238,0.3600593261603833,0.38127091304784066,0.45530950967740863,0.4705452317050759,0.5600896946554914,0.5746480003133267,0.603231040700057,0.6205898671935601,0.6492883184353934,0.6557500975875152,0.9080417148235252,0.892883127097254,1.1039807181426498,1.088006223817736,3.321078134347694,0.13181671940928272,0.4705516107728963,0.2,4.290320870499866e+18,1.3558800337195384e+18,2.1451604352499327,0.6779400168597691,2.9798443029908777,1.589744021946108,0.3886880689768318,0.10172575642509324,0.5375764147197176,0.0,0.0,0.019587022989698666,0.10153328357067777,0.02125582602382031,0.9214896173758902,103.65819328968689,32.75933871970555,13,0.001,40,0.07943177223205566,0.08977805199319551
S3,4,56,1,MG,det,sample,0,1,0,2e-17,10.0,1.4876978246130845,7.07e-06,6420.2582619437735,3.16e-11,4,1e-06,0.10075423188969035,0.0,0.1078405720053776,0.0,0.10112751730560025,0.10075423188969035,0.1078405720053776,0.1317451932544408,0.13613023467515958,0.17855294745887695,0.18144434832005124,0.23218930801503462,0.23475840304273907,0.3010348923156814,0.30156685777879677,0.39481402049258196,0.3947382093946985,0.5658831363547403,0.5705513175535685,0.6611708220359664,0.6661274064186701,0.8072221124291667,0.795369256653648,0.9440928687939072,0.9308921937881421,0.8302695335869232,0.1772089966503314,0.5340763587643431,14.876978246130845,2.0183055587339164e+18,7.657115704572339e+17,4.036611117467833,1.531423140914468,0.026553423749943062,0.013345868835890524,0.5659746533068746,0.13670047713694658,0.7993478511979654,0.0,0.0,0.20414892368073623,0.11974762090993742,0.021272662630861965,9.596773437499118,48.76416334345507,18.500312766899874,18,0.0009917985497420562,30,0.050958871841430664,0.08977805199319551
S3,4,57,1,MG,det,sample,0,1,0,2e-17,0.1,0.5,7.07e-06,200.0,3.16e-11,4,1e-06,0.2904815732435855,0.0,0.3059889657664931,0.0,0.2905234980292684,0.2904815732435855,0.3059889657664931,0.37401087642239345,0.38417396116488867,0.5052915070792128,0.515961727077176,0.5600632530079291,0.5744525610552242,0.5942922110686133,0.6090209772373486,0.7294945721343,0.7335944113976068,0.9459225773497486,0.9444813234799114,0.9923391423884722,0.9903173843957392,0.9974855228625481,0.9953952803908122,0.9984132989819442,0.9961808584108365,0.008302695335869234,0.5272668776371309,0.7914984825837854,0.05,1.2891007566755227e+17,9.650220891252669e+16,25.782015133510455,19.300441782505338,0.9852002342744945,0.7467697968318823,0.9501006636085011,0.005832758172402282,0.9595355260498313,1.0,1.0,0.001614153273648196,0.005802345585785235,0.009719581055560282,0.16607230953897825,3.1145888486840425,2.331584262873783,53,0.001,10,0.03883075714111328,0.08977805199319551
S3,4,58,1,MG,det,sample,0,1,0,3.58415676393589e-19,0.4382053664333566,1.814294927819275,7.07e-06,13744.116126832048,3.16e-11,4,1e-06,0.12110746082528741,0.0,0.12905708489950973,0.0,0.12106320543497967,0.12110746082528741,0.12905708489950973,0.15199002680584353,0.15694636648361313,0.2231334095007225,0.22429646160814554,0.2717164781634078,0.27654725033303884,0.336811061361824,0.34388275547565667,0.4963780604671443,0.5023810509120993,0.6046260511634017,0.6146741269094257,0.6545351800138883,0.6580559538739154,0.827639897137457,0.8139114736189901,0.9748521795764564,0.9611611940629305,2.030204531591842,0.1453090315009834,0.4909051471901125,0.7950337736632257,3.9728130593282826e+18,1.3374703847660137e+18,3.2494318621289255,1.0939399407953359,0.6006897216859518,0.2959944390385634,0.495858891930308,0.12650993649971484,0.6789619398026174,0.0,0.0,0.06533752258829124,0.12469705083644061,0.02158963531576644,3.026337482438931,95.98690551079058,32.314544260917806,15,0.0009806999609833918,37,0.06875801086425781,0.08977805199319551
S3,4,59,1,MG,det,sample,0,1,0,4.823534208319411e-18,10.0,2.0,7.07e-06,10323.103585475617,3.16e-11,5,1e-06,0.09955940318856533,0.0,0.10696243262147767,0.0,0.09960162015565574,0.09955940318856533,0.10696243262147767,0.11809770885012949,0.12456344988281977,0.16862646540527987,0.17338746630399549,0.22123016282195995,0.2257071091177683,0.26328235075208406,0.2659409919454895,0.31797304481817434,0.31912651633632955,0.4803979348674132,0.4859647853533908,0.5640919756299271,0.5648151595673826,0.7885510513030103,0.771578480904705,0.9897179442299346,0.9726550269451872,3.442577569595805,0.13181671940928272,0.4705516107728963,20.0,2.8715903388432804e+18,9.096651878534675e+17,1.3851214231690092,0.4387801151728504,0.034751661822899994,0.020963293320961047,0.28422496833807,0.11829604555925274,0.5726583091732295,0.0,0.0,0.22908047521137337,0.0911679919735709,0.019225163894038208,11.915657857273823,69.38032734086235,21.978367753278985,13,0.001,40,0.07107210159301758,0.08977805199319551
S3,4,60,1,MG,det,sample,0,1,0,2e-17,4.4536478789251435,1.6298735003150002,7.07e-06,6481.9496768982,3.16e-11,5,1e-06,0.09850492115994304,0.0,0.10613933045319515,0.0,0.09958332675712138,0.09850492115994304,0.10613933045319515,0.12733573377827395,0.135148956123641,0.1723191951607586,0.17533592887295107,0.2376318213867741,0.23947255040546156,0.313443587591674,0.3116428675914009,0.43540295993817996,0.43730843874498276,0.585006590589281,0.5872033089252058,0.7277319267349265,0.7365976274221626,0.8170608978466635,0.810946201776543,0.943344758507216,0.9330913572023786,0.3697728147195569,0.1617508590498673,0.5139473011657223,7.2588826575942,1.9555343586238733e+18,7.04082568408429e+17,8.781719667949266,3.1618241385457466,0.03310141043807456,0.01408364312795427,0.7150862504734543,0.1270208136150142,0.896423378958933,0.26956,0.0,0.17762772374416727,0.11346375893117347,0.019248610171394058,9.228080477630806,47.247552024527224,17.01129802896928,16,0.0009878021214030305,33,0.060865163803100586,0.08977805199319551
S3,4,61,1,MG,det,sample,0,1,0,1.2833319146158345e-18,0.37859751896847993,2.0,7.07e-06,9034.923980910462,3.16e-11,5,1e-06,0.12890784528265706,0.0,0.13413843496489875,0.0,0.1289245041332266,0.12890784528265706,0.13413843496489875,0.15035851579153883,0.15851968441657321,0.19531436545285225,0.20040628159382726,0.27406459187573806,0.2715533868536277,0.35781506941258123,0.35657848532591696,0.4839158948399692,0.4886737538007652,0.6611697829207059,0.6693169005765804,0.7429337415315694,0.7518148480893724,0.8202108180139586,0.814453722536353,0.947107055903829,0.9375162778211419,0.48987792154334964,0.13181671940928272,0.4705516107728963,0.7571950379369599,2.513293308878726e+18,7.96974687132923e+17,8.51930969559003,2.7015048960841215,0.356791017847334,0.13873523833903234,0.6922294167826649,0.12746832991571697,0.8550618937435406,0.15336,0.0,0.08836874340662518,0.12424886780576794,0.01976930835570487,4.469996714939419,60.72353361651342,19.255659112551882,13,0.001,40,0.07606005668640137,0.08977805199319551
S3,4,62,1,MG,det,sample,0,1,0,2e-17,10.0,1.476802150957786,7.07e-06,7937.754568270612,3.16e-11,5,1e-06,0.09210625369435638,0.0,0.10016495010485647,0.0,0.0936847079419487,0.09210625369435638,0.10016495010485647,0.11483365998098159,0.12038024892727656,0.16676023215632058,0.16933715471376085,0.22221892203407326,0.22419081237326602,0.29713081444231626,0.2961454642268349,0.3913028604830226,0.3936125160349268,0.5403094594307319,0.5429232218756138,0.6811753430458204,0.6902323701770218,0.7861080382441967,0.778973953040072,0.9456573155060091,0.9335332016810064,0.8302695335869232,0.17851642391473016,0.5357168716686844,14.76802150957786,2.5030341239330376e+18,9.510167315920645e+17,5.006068247866076,1.9020334631841294,0.023333251803783994,0.011274243772294959,0.6139956427493678,0.13569560403292738,0.831942527199429,0.02712,0.0,0.19562444538840146,0.12016216532350002,0.020864423532655933,9.375981324488551,60.47566204508689,22.977459999072483,18,0.0009845347673051908,30,0.05762481689453125,0.08977805199319551
S3,4,63,1,MG,det,sample,0,1,0,5.1422981579847885e-18,10.0,2.0,7.07e-06,17243.55611213157,3.16e-11,5,1e-06,0.08975084625056229,0.0,0.09719450390437115,0.0,0.09036234500224408,0.08975084625056229,0.09719450390437115,0.10551417747678833,0.11221234086401533,0.1560008665924141,0.16022149128557595,0.20226664312099854,0.20423574981135284,0.2678565033681421,0.2680024325962831,0.3191949328800378,0.31895876985509497,0.4652056683782513,0.4673192348968118,0.5949453229616603,0.599254012623532,0.7537765905692088,0.7418166915134412,0.9569167903532111,0.9415773155420898,3.229176948044946,0.13181671940928272,0.4705516107728963,20.0,4.796459803880755e+18,1.5150693237968161e+18,2.4664826414344088,0.7790938192979626,0.028104195213117085,0.014423842601245598,0.40213601545522004,0.14367749222551932,0.7068802441846991,0.0,0.0,0.26759170893530587,0.11482149893876427,0.02084216628856732,12.838958543483532,115.88698665304189,36.60550190855719,13,0.001,40,0.06321382522583008,0.08975084625056229
S3,4,64,1,MG,det,sample,0,1,0,1.7329754252531007e-18,10.0,0.5,7.07e-06,7947.4128932805625,3.16e-11,5,1e-06,0.13509345633977932,0.0,0.14344474782970287,0.0,0.13470807606380414,0.13509345633977932,0.14344474782970287,0.17160835051206497,0.17929701053056082,0.22896723800483396,0.23772384670804877,0.26801782797200957,0.2812226177991315,0.3356116452496197,0.34511024773400223,0.4710265722950361,0.4800625643400406,0.5458181881166334,0.557252358979566,0.6124268297909575,0.6123061968945903,0.8986498821076462,0.8831231614561522,1.0481559462327141,1.0332573736820645,9.58201162564856,0.5272668776371309,0.7914984825837854,5.0,4.893954082400962e+18,2.810787213363202e+18,0.8481102157117955,0.4871025166374073,0.13448971927788417,0.10821865400650386,0.3197444187216359,0.07485142130001411,0.4519172181171395,0.0,0.0,0.035233229118041436,0.07375119889585487,0.020524168872185625,1.7166702017244433,118.24254025206876,67.91126655872633,53,0.001,10,0.03452014923095703,0.08975084625056229
S3,4,65,1,MG,det,sample,0,1,0,5.136793468924533e-19,0.609251232806422,1.6978479097207115,7.07e-06,20000.0,3.16e-11,5,1e-06,0.11733002113174851,0.0,0.12376546404010495,0.0,0.11754584491824868,0.11733002113174851,0.12376546404010495,0.14054113121615705,0.14949615115444648,0.183680894151266,0.1896265482658121,0.2552816963922375,0.2549408593520609,0.3268396535186591,0.3307038719558357,0.44275428281975415,0.4502887755073278,0.6164298542788045,0.6252168243525412,0.699004531092475,0.7073185954495101,0.8007127598151076,0.7928996258946512,0.9575931360080697,0.9460232347317016,1.9694883197449329,0.15527506162900773,0.5050859255211533,1.0344159321151503,5.937807691970829e+18,2.0758964689707405e+18,5.006357005031586,1.7502552066826111,0.35150523995326743,0.16095099168228855,0.6025651353058514,0.13100063198635026,0.7857192534252427,0.0,0.0,0.08929793162418775,0.12767921579513047,0.021057269396574756,4.240717537607856,143.4630266662525,50.155613979724656,16,0.000998734064541595,34,0.0694570541381836,0.08975084625056229
S3,4,66,1,MG,det,sample,0,1,0,2e-17,3.0922394299293945,2.0,7.07e-06,10828.75405876719,3.16e-11,5,1e-06,0.11280390836696341,0.0,0.12024484969265002,0.0,0.11328875441814946,0.11280390836696341,0.12024484969265002,0.15455559137294192,0.16106995166745808,0.20809243899632862,0.21186169121783943,0.2819161496458722,0.27967100692000985,0.3777742102176901,0.3740740946823667,0.4993586302283595,0.49565087113769807,0.6494251171178422,0.6489911562732822,0.7837325599468177,0.7901564823844672,0.8623150821097391,0.8564744735129335,0.9498754853261503,0.9417220253041902,0.25673921892265716,0.13181671940928272,0.4705516107728963,6.184478859858789,3.0122330428097807e+18,9.538997067224745e+17,19.482534331945697,6.169636784847899,0.02255276195210476,0.007894292233141273,0.8148326085943853,0.11236014008092195,0.9507090150711078,0.69536,0.20092,0.15763864925684493,0.10027387834483424,0.016331134926728927,9.652645083400792,72.77838754022575,23.047115393700945,13,0.001,40,0.06768989562988281,0.08975084625056229
S3,4,67,1,MG,det,sample,0,1,0,2e-17,10.0,0.5,7.07e-06,200.00000000000009,3.16e-11,1,1e-06,0.38217655035380055,0.0,0.3925643165633461,0.0,0.38176358337753535,0.38217655035380055,0.3925643165633461,0.3973630531990586,0.4063195970467535,0.40331045962551365,0.4115074827790212,0.40599297058154443,0.4129772732201783,0.4797345932932552,0.4783264778170832,0.7971698610224683,0.78479450619338,0.9201914713117624,0.9075816547899048,0.9500786025457684,0.9420286631087562,0.9779309803076627,0.9712600795830694,1.4341596765427882,1.40977789394389,0.8302695335869232,0.5272668776371309,0.7914984825837854,5.0,1.2891007566755234e+17,9.650220891252678e+16,0.2578201513351047,0.1930044178250536,0.1676439726557062,0.1590052439434297,0.1614260569408127,0.01729852870403788,0.1992922597800435,0.0,0.0,0.019519021210114892,0.0159302518551119,0.016419876106331093,1.1887435132710196,3.114588848684044,2.3315842628737853,53,0.001,10,0.03404402732849121,0.08975084625056229
S3,4,68,1,MG,det,sample,0,1,0,5e-20,0.21982398417427879,0.5,7.07e-06,20000.0,3.16e-11,5,1e-06,0.25601618351013966,0.0,0.26819712133536755,0.0,0.2554884408016258,0.25601618351013966,0.26819712133536755,0.3127086081464348,0.3309287629470776,0.3886852658233545,0.41592847328549504,0.4390721362310682,0.46748241097301363,0.5553276110024656,0.5791132469506161,0.6299644074159442,0.6548936079960253,0.6538756287662411,0.676985430942376,0.7374512468289991,0.7395046488233745,0.9786291910278867,0.968214273967965,1.0777888826261357,1.0673041558914664,7.300526272463907,0.5272668776371309,0.7914984825837854,0.10991199208713939,1.2306894214753612e+19,7.033378276888106e+18,2.799261022627216,1.5997749980074898,3.4996060439837926,2.3947257747859347,0.6020321752223786,0.07650762656215378,0.7120771966694688,0.0,0.0,0.009011907163333952,0.07643630525715213,0.021612770659612056,0.41697139646119363,297.3461561069734,169.93304391711115,53,0.001,10,0.03950214385986328,0.08975084625056229
S3,4,69,1,MG,det,sample,0,1,0,4.690391623650974e-18,10.0,1.636159632319212,7.07e-06,20000.0,3.16e-11,5,1e-06,0.08972711792390518,0.0,0.09703331701836615,0.0,0.09081583462935064,0.08972711792390518,0.09703331701836615,0.1060403053445192,0.11218736951189524,0.15799947466788358,0.1618839956118453,0.20580190236355336,0.20765951907842098,0.2753090670911282,0.2757316067327164,0.33763033750660915,0.33920878737526405,0.48920474352057436,0.49250087198141784,0.6213665364358515,0.6279912926021183,0.7613235014949218,0.7511237443479017,0.9571651147641603,0.9426735535770427,3.5402994044264746,0.16112941158734748,0.5131084193166466,16.36159632319212,6.023651984906191e+18,2.1479311533753147e+18,2.825328681379256,1.007463828997055,0.03044574445016935,0.01597738019954037,0.4658417953248151,0.1409740175035418,0.7354139125188819,0.0,0.0,0.2269484291771622,0.12013655840119919,0.02133386416247611,10.637942917830104,145.537105640414,51.896039804495416,16,0.00099161189837528,33,0.066741943359375,0.08972711792390518
S3,4,70,1,MG,det,sample,0,1,0,7.283011525142168e-20,4.793975131422323,0.5,7.07e-06,11115.398262973156,3.16e-11,3,1e-06,0.21906491789713295,0.0,0.2325343699398324,0.0,0.2187908822383613,0.21906491789713295,0.2325343699398324,0.26125299259921286,0.27112746173937774,0.33398325861030065,0.3387250344630947,0.41208532768531986,0.418952988275769,0.45615249374739636,0.46451954363658604,0.5063761650931917,0.510334459363386,0.7971942696308986,0.7905192088803275,0.9539087541388171,0.9442754752628648,1.012792447359493,1.0031661769889733,1.636365084682213,1.6055778056207506,109.30345181118258,0.5272668776371309,0.7914984825837854,2.3969875657111617,6.84242254628849e+18,3.9206822585509453e+18,0.10395014762983684,0.059563041719357376,0.3937380784142876,0.3779068438018495,0.055914366220675804,0.016975344786016987,0.08820079407831226,0.0,0.0,0.004612386446973664,0.01688633826628305,0.010123902108581504,0.4555937421662725,165.31937360439113,94.72737626194589,53,0.001,10,0.04012703895568848,0.08972711792390518
S3,4,71,1,MG,det,sample,0,1,0,3.99300405698726e-18,5.064980625608166,1.6899506959158317,7.07e-06,16425.238190863594,3.16e-11,5,1e-06,0.09512215612616241,0.0,0.10295397213248723,0.0,0.09620747960982044,0.09512215612616241,0.10295397213248723,0.10840641622958493,0.11560657517888985,0.1531307419895292,0.15888293196656947,0.20194560527908587,0.20459006136795418,0.2732586549503903,0.2736226417007548,0.35751612496803364,0.36047798683551,0.5019247564745049,0.5045920347364384,0.6475867163042585,0.6551837353399553,0.7674536714095901,0.7592298221389661,0.9472765185605448,0.9340940373864445,2.1063334981048896,0.15600066880986435,0.5060922222055365,8.559567533046726,4.885294099434085e+18,1.7136016093131994e+18,3.8513472410911667,1.3509268216057417,0.049694584797452764,0.02408162650146964,0.5336252054757537,0.14362091986188752,0.788067036948966,0.0,0.0,0.218711028148892,0.12477567261243894,0.021322353662482477,10.257358620484881,118.03330690674062,41.40222892443254,16,0.0009940886446563716,34,0.07045364379882812,0.08972711792390518
S3,4,72,1,MG,det,sample,0,1,0,2e-17,10.0,1.160471129165404,7.07e-06,5037.150058057158,3.16e-11,5,1e-06,0.08849976585762152,0.0,0.09611070906308859,0.0,0.09003785797787567,0.08849976585762152,0.09611070906308859,0.11435442153000695,0.1195590458655385,0.17233019799652324,0.1768581309058236,0.2222670607768319,0.22548299634511407,0.3037220549064223,0.3062617746740805,0.3846973547633588,0.389015775480887,0.5579321261790934,0.5656092900322524,0.6627958610453824,0.6713667035475795,0.7895999124241843,0.7795891969900886,0.9590468870965712,0.9456945755915527,0.8302695335869232,0.22717793850517182,0.5909409398354541,11.60471129165404,1.7884134325954214e+18,7.724008964978673e+17,3.5768268651908435,1.5448017929957347,0.03386192922041858,0.018827869336679112,0.5758917361238431,0.12237885353730484,0.7791508112013082,0.0,0.0,0.15579076617234625,0.11133830052570345,0.02139253872453672,7.282481437963136,43.20975304027774,18.661933184725854,23,0.0009670592743045033,24,0.057086944580078125,0.08849976585762152
S3,4,73,1,MG,det,sample,0,1,0,5e-20,0.1,2.0,7.07e-06,4254.390603647042,3.16e-11,5,1e-06,0.2117429379531056,0.0,0.22491403799065152,0.0,0.21150107856699846,0.2117429379531056,0.22491403799065152,0.2596603134802102,0.275935018842603,0.30400726848821,0.32270518443729773,0.3686914042538232,0.38431542931170276,0.46642867827759854,0.4806364633105924,0.5073552299258263,0.5256321938380653,0.534230294931298,0.5516906692749789,0.6896365234136441,0.6889806087207635,1.0478071255985335,1.0315334483329524,1.2579823716048675,1.2422319206634742,3.321078134347694,0.13181671940928272,0.4705516107728963,0.2,1.183625532235035e+18,3.787715902309652e+17,0.5918127661175173,0.18938579511548256,4.203850441575627,3.141072936734363,0.15661487322603598,0.047752381006805594,0.2367765372014269,0.0,0.0,0.008364609174377566,0.047678114454765004,0.015952702133747824,0.5243380779161103,28.597507717116937,9.15147838539847,13,0.001,40,0.09105801582336426,0.08849976585762152
S3,4,74,1,MG,det,sample,0,1,0,3.92503691086485e-18,10.0,1.8254823901222486,7.07e-06,20000.0,3.16e-11,4,1e-06,0.09929363483181126,0.0,0.10631870554515528,0.0,0.09915903449605266,0.09929363483181126,0.10631870554515528,0.13237573221008542,0.13816071189053075,0.1711207787269813,0.1751246692521831,0.21937719302487568,0.22151897392306627,0.27378215592427513,0.27440669434674375,0.34902408870593465,0.3488135629202147,0.5078697218155296,0.5123669735661861,0.597006229850221,0.5977922618515252,0.7968922465783335,0.7817692995372788,0.9538314011456716,0.9384182124625254,4.230632997558131,0.14441850562081318,0.4896041758186842,18.254823901222487,5.754432443070376e+18,1.921469795632233e+18,2.258635974012942,0.7541839870968454,0.03122821853734148,0.01681072735360029,0.3974973371641227,0.1386089334610823,0.6886275884481644,0.0,0.0,0.24457643866660944,0.1134741447880982,0.02086873805617631,11.719752196239034,139.0325079314491,46.424520097196165,14,0.0009867472379039182,37,0.0994110107421875,0.08849976585762152
S3,4,75,1,MG,det,sample,0,1,0,1.389288422996766e-18,3.0947011542917755,1.6312213418468267,7.07e-06,20000.0,3.16e-11,4,1e-06,0.11198908738967579,0.0,0.11921615419227859,0.0,0.11190628706401226,0.11198908738967579,0.11921615419227859,0.14434628260920446,0.15198939758931856,0.16905715859283,0.17554505158355363,0.23055753759962802,0.23428512344175736,0.29448820609306287,0.29905606328065254,0.37653888969274224,0.3789514406801039,0.5424923985758016,0.5490438447351025,0.6216764157762461,0.6242502563570286,0.8013503682643126,0.7869516357014474,0.955191832523905,0.9404721632950155,3.698923911598343,0.1616172079505081,0.5137670898950796,5.048142569518753,6.030831218913926e+18,2.1539180954406625e+18,2.707390334561087,0.9669474772803294,0.10071070241444778,0.053431833223107315,0.4600918090627086,0.13460352114899699,0.7098632368385499,0.0,0.0,0.18455863355411445,0.11979751182365063,0.02139684043194729,8.625508711956968,145.7105626961701,52.04068996390218,16,0.0009886189950586827,33,0.06317329406738281,0.08849976585762152
S3,4,76,1,MG,det,sample,0,1,0,2e-17,10.0,2.0,7.07e-06,20000.0,3.16e-11,2,1e-06,0.20042670307813695,0.0,0.2083254308697161,0.0,0.19999948526769554,0.20042670307813695,0.2083254308697161,0.22542527536357532,0.23336949984442704,0.26892310294624494,0.2743066686826495,0.31265815823319915,0.3090510101569747,0.446949355323905,0.438608264125256,0.5685308762588372,0.5645508895855524,0.6563106632777348,0.6498233847239842,0.784086921840697,0.7731154831886805,0.8915737909953625,0.8797904432666599,0.9182840342124275,0.9082666365295087,0.8302695335869232,0.13181671940928272,0.4705516107728963,20.0,5.563143001462194e+18,1.756204209670772e+18,11.12628600292439,3.5124084193415444,0.01108055728858339,0.004123274017118014,0.7229608847051822,0.14012082392537825,0.9168384239414082,0.32292,0.01716,0.2174563420827075,0.1220084439819931,0.018841719926651887,11.541215076396096,134.41077484643932,42.43154787651223,13,0.001,40,0.06798601150512695,0.08849976585762152
S3,4,77,1,MG,det,sample,0,1,0,2e-17,10.0,0.6565312866486188,7.07e-06,5931.057001326967,3.16e-11,5,1e-06,0.12125396668376916,0.0,0.126496282757122,0.0,0.12172749301896055,0.12125396668376916,0.126496282757122,0.16911495774605056,0.17296934649423668,0.2267532490554488,0.22837338748778688,0.31354729209494825,0.3105333172307857,0.41155522202889394,0.4155812951079023,0.5367694408722925,0.5437557617665156,0.6754157852157782,0.6884795103514478,0.7311391620581351,0.7381568311299037,0.8658421919515121,0.8568690158962322,0.9742678598099597,0.9650736753485105,0.8302695335869232,0.4015550274295828,0.7276087316582074,6.565312866486188,2.983145592304178e+18,1.601619459583635e+18,5.966291184608357,3.20323891916727,0.03623768923478782,0.021864671127856693,0.7413907809826696,0.08249249411548176,0.8551655842641445,0.26084,0.0,0.059308174349601284,0.08003151340028883,0.019158821085856,3.0956066703595635,72.07560733850562,38.69663471084417,40,0.0009379018380694554,14,0.03541231155395508,0.08849976585762152
S3,4,78,1,MG,det,sample,0,1,0,5.23408180574323e-20,0.11773650947868566,1.245571796254426,7.07e-06,9513.050933410186,3.16e-11,3,1e-06,0.2320077250417468,0.0,0.2486906221933325,0.0,0.23211167518865386,0.2320077250417468,0.2486906221933325,0.2632393988469451,0.28208178880342727,0.358595208841975,0.37314218505453506,0.4826351927460473,0.4965677812765974,0.5176394523636846,0.5344905420326659,0.5528758923552848,0.5736992669100021,0.5734926410972564,0.5901541729942845,0.7602803675108797,0.7563619808719462,1.0472353589253178,1.0320795904171374,1.1374531969679103,1.1233088813182233,3.73525062996756,0.21165655774427516,0.5744617567220247,0.14664927559609275,3.2542120145633695e+18,1.3475129807050916e+18,1.4466890493760287,0.5990489446766027,4.264403791984497,2.7870277937389463,0.36438204786624134,0.08316580858101016,0.49275357635519984,0.0,0.0,0.011731273551970232,0.08306782033218914,0.02115453553191325,0.5545512230354904,78.62482741807823,32.55718283793917,21,0.0009964574370035408,25,0.05399823188781738,0.08849976585762152
S3,4,79,1,MG,det,sample,0,1,0,1.7083146199971558e-18,10.0,0.8986628766034808,7.07e-06,20000.0,3.16e-11,4,1e-06,0.13164441014356132,0.0,0.13721932677100726,0.0,0.13120408812993928,0.13164441014356132,0.13721932677100726,0.16538685651549762,0.17043514174297505,0.2131531551110478,0.21907832258760837,0.2551921833910031,0.26098041726462756,0.28640819174877125,0.29224055753240286,0.4252638166491597,0.4315350963338165,0.5441246488264393,0.553642386213569,0.6053606772628107,0.6035812012211412,0.8601094025138499,0.8433607762065712,0.9981926930603332,0.982592911551214,9.720335163885744,0.2933618887373814,0.6518217827933301,8.986628766034809,8.192419252465006e+18,3.9089566776931374e+18,1.399522958213214,0.6677727841438698,0.06672157907248284,0.046374398424198104,0.38440083830964344,0.1022702770942805,0.5763696365608169,0.0,0.0,0.10527380630841959,0.09581110019810014,0.021204457847024277,4.964701623965037,197.93656558914392,94.44407518408248,29,0.0009985143073372009,18,0.040445804595947266,0.08849976585762152
S3,4,80,1,MG,det,sample,0,1,0,1.2616665173634095e-19,0.5052483014846476,1.9772389172991196,7.07e-06,18992.847141246286,3.16e-11,4,1e-06,0.11543270646908071,0.0,0.12207173899350147,0.0,0.11526069871613843,0.11543270646908071,0.12207173899350147,0.16623320596457658,0.17084873859687838,0.22265476828354022,0.2307465239831668,0.2535824603194857,0.26356394359417684,0.35828573236595407,0.3632593276916462,0.47282635631645864,0.4791461484000303,0.5321047625914063,0.5402418909680174,0.5964267587718314,0.5925185597197402,0.8712303315464215,0.8521821375754242,1.0267209382133067,1.009976123863375,6.649812226068822,0.13333413403509425,0.47291198367882387,0.9989966045947238,5.302779585222004e+18,1.6857623028264397e+18,1.3241686180781989,0.4209553693619259,0.7044587217882486,0.4306935372213046,0.28462572966273647,0.09459779507540375,0.44382201022311446,0.0,0.0,0.051033274439172834,0.0930836625997633,0.01953189909442422,2.6128168178864555,128.12014947346006,40.72960505783602,13,0.0009886194586495598,40,0.06420683860778809,0.08849976585762152
S3,4,81,1,MG,det,sample,0,1,0,2.119438541437952e-18,8.162652904825281,0.5083475540270831,7.07e-06,6733.2414437227035,3.16e-11,3,1e-06,0.20199817028689104,0.0,0.21129315372888458,0.0,0.20103406163996151,0.20199817028689104,0.21129315372888458,0.22309551056547372,0.22998067124530716,0.24205340941256903,0.2498878796018118,0.2737352568164452,0.2802754142584583,0.3883636700445225,0.3933189817161183,0.5075395277280114,0.5183976277967446,0.5461512779060257,0.5546149530992421,0.7018445145374832,0.693494403804982,0.9406671172843677,0.92495788734345,1.0104819051165117,0.9968238312864659,6.395280530779796,0.5186086501844758,0.7877225705595039,4.149464638539996,4.0931291637483254e+18,2.3457833866142234e+18,1.0627838529804037,0.609084298625025,0.14977148471397403,0.11682995486260626,0.3688061310424403,0.0810147565612347,0.5073749829395596,0.0,0.0,0.03680433635075067,0.07990839070220448,0.021229130822326216,1.7336713716062435,98.8938559194629,56.67633611680492,52,0.0009242682800492419,11,0.04548215866088867,0.08849976585762152
S3,4,82,1,MG,det,sample,0,1,0,5.144257908008781e-20,1.8227256712121827,1.4441443802707878,7.07e-06,19968.91581398259,3.16e-11,3,1e-06,0.19678382918412504,0.0,0.20850705267530611,0.0,0.19645249651389968,0.19678382918412504,0.20850705267530611,0.22194288112394298,0.23662277693630238,0.2546099149436555,0.26758860328937667,0.34330614299936646,0.3501775355361047,0.41874859590983865,0.4251197664270141,0.44932327529817,0.4529631959342305,0.6578295681087936,0.6481287669626625,0.8854792993510989,0.8698558548447535,0.9595352390810247,0.9462214719165584,1.570361739855198,1.5413917726231356,58.83661433608152,0.18255338068700042,0.5407246619967853,2.6322790348563734,6.356803357271124e+18,2.428405520398044e+18,0.1794073373562095,0.06853661249995963,0.3555319769200726,0.3221100312171871,0.06348194862643806,0.02500173077526189,0.11680245999731934,0.0,0.0,0.02001175808971327,0.023992704082916715,0.010609730880288791,1.8861701880574524,153.58635659243083,58.67256469090964,18,0.0009959616415660605,29,0.05556774139404297,0.08849976585762152
S3,4,83,1,MG,det,sample,0,1,0,1.8979363730271963e-18,0.5092962184147709,1.5083386037568647,7.07e-06,15032.240584668458,3.16e-11,1,1e-06,0.3332427149893897,0.0,0.352259191189382,0.0,0.3353672686983168,0.3332427149893897,0.352259191189382,0.3735709303238001,0.38818212814717834,0.40332070548384064,0.41360124482539545,0.4550928201969587,0.4568779340069381,0.5159033135841316,0.5107919806228277,0.7102380951684,0.7112497749219253,0.8354555668048024,0.8306734151538815,0.9112279858693509,0.9014155994698997,0.932901399897958,0.9235688287751214,0.9435854668333528,0.9353168428348598,0.44559252852756875,0.17478398959088207,0.531008863099208,0.7681911469823868,4.689081521724644e+18,1.7505096602049646e+18,17.474267537017326,6.5234255337288864,0.17302747711485805,0.07046338030745994,0.8367948855861382,0.09052121360207473,0.9383646901946565,0.7794,0.20672,0.06788627922189533,0.0877638317093902,0.01578511285659013,4.300652129550881,113.29262621641658,42.2939621977153,17,0.0009731216798431385,31,0.04805302619934082,0.08849976585762152
S3,4,84,1,MG,det,sample,0,1,0,5.466794327288091e-19,0.4907153423197685,0.928424239954093,7.07e-06,676.7639235179178,3.16e-11,2,1e-06,0.27970296210294415,0.0,0.2937540610865633,0.0,0.2795395796935415,0.27970296210294415,0.2937540610865633,0.31023003089142825,0.31910628993842816,0.3876197434389914,0.3933193683416862,0.44192929590592706,0.45018792949582864,0.47081078752220434,0.4798918459757709,0.5110720660171802,0.5148426348360179,0.7934765167335026,0.7863753867083769,0.9598546493503322,0.9481753643254588,1.0035606313499608,0.9899313376607067,1.365344793642024,1.3447510301033603,1.4905481128421862,0.2839579445185545,0.6439772206924304,0.4555920187270436,2.7370567128647165e+17,1.4173658026447352e+17,0.30492069069249145,0.1579010611928492,1.8956250571416922,1.682053385269961,0.135173332127361,0.032617817332876324,0.1920148273870533,0.0,0.0,0.006379232535718408,0.03254223583717129,0.015128728775341419,0.4216634874250659,6.612986821983544,3.4244892810458327,28,0.0009772886736358873,19,0.05674290657043457,0.08849976585762152
S3,4,85,1,MG,det,sample,0,1,0,9.288571647218717e-20,4.8524562555081845,1.3057386637310409,7.07e-06,19858.545720827864,3.16e-11,5,1e-06,0.17800536123558594,0.0,0.18795616280930122,0.0,0.17748575882294473,0.17800536123558594,0.18795616280930122,0.2102149482834515,0.22268802638516036,0.2453900565100588,0.26018481498921187,0.30135227912940493,0.3138458389854076,0.39786398261137085,0.4052215040997612,0.46179880591132655,0.46816888522912414,0.5635041871679786,0.5615015507280354,0.8592899244088306,0.8474041496502657,0.9864857705846345,0.973655633177387,1.5889934796714824,1.5598049838764545,86.74846348885275,0.20190367808000306,0.5635927331309283,6.336039746880587,6.634180963480403e+18,2.6719970344097495e+18,0.12699149040231525,0.05114736658799959,0.15014763654050595,0.1400430208152002,0.04823292120019994,0.020154083594299328,0.09764636470577046,0.0,0.0,0.02454246798725941,0.018131146192935446,0.009311494614103402,2.635717358423516,160.28806082074937,64.55796510857371,20,0.0009672138249859561,27,0.060807228088378906,0.08849976585762152
S3,4,86,1,MG,det,sample,0,1,0,1.6875119701455245e-17,0.16704900937478345,1.5842354659756774,7.07e-06,14090.580659212816,3.16e-11,3,1e-06,0.3298842081912786,0.0,0.3224465595130476,0.0,0.32908521766630866,0.3298842081912786,0.3224465595130476,0.4692740154670619,0.4735615743682654,0.6016877286442094,0.604242234235781,0.7496181122342895,0.7566420500063905,0.8505614582879631,0.8568916029597464,0.9081472442428948,0.9064223570722673,0.9722981119084856,0.9674930048696881,0.9923119472724008,0.9895233681324309,0.9948060299082281,0.99233425581255,0.9956402242931682,0.9930561693925464,0.016437892655398283,0.16641051439673613,0.5201620298391829,0.26464496520763536,4.307388767507769e+18,1.568833533307815e+18,435.1279982111035,158.4819554770896,0.023693259541649813,0.00866407884572342,0.9908075535889881,0.007946719102390266,0.9976816233305337,1.0,1.0,0.007703584338270835,0.007471688943521899,0.004014829944949752,1.9187822258726452,104.07056975767063,37.904495850916796,17,0.0009901471662347983,32,0.07471418380737305,0.08849976585762152
S3,4,87,1,MG,det,sample,0,1,0,8.03975827592452e-18,4.4333533157447,1.8846266044656754,7.07e-06,13617.018079896814,3.16e-11,1,1e-06,0.2735725234295989,0.0,0.2841486795365733,0.0,0.27574669711868255,0.2735725234295989,0.2841486795365733,0.2865771175742648,0.2956355815655922,0.33838978958321325,0.346446924948273,0.4120970473934127,0.4168161667062351,0.4723492197504868,0.470995139000973,0.5445537168642417,0.536392276356244,0.7420367199309149,0.7359887461414679,0.8523382779434459,0.8404830766742006,0.8824613476562584,0.8689025838847191,0.9060997699052821,0.8950483340793841,0.9156688704713862,0.13988629800400706,0.48289270140524454,8.355215605848578,3.8742748260285686e+18,1.2726306790949496e+18,7.025885571797031,2.3078790039386665,0.03618201282185444,0.014912462863192026,0.6463305296094541,0.14549603682811493,0.873315872937309,0.12528,0.0,0.22483226898670702,0.12655698254397907,0.020286631046981935,11.082780007484564,93.60612898098853,30.74795589930781,14,0.0009919087391924608,38,0.10682201385498047,0.08849976585762152
S3,4,88,1,MG,det,sample,0,1,0,1.0936056576622102e-18,1.0492518393267798,1.6727100741967438,7.07e-06,19138.07343868108,3.16e-11,3,1e-06,0.15749066477007642,0.0,0.16766777718419854,0.0,0.15709592849284232,0.15749066477007642,0.16766777718419854,0.1805544650807693,0.187421008427072,0.24593027182401167,0.2501285169157938,0.29232074536123637,0.29343962485906006,0.37730685930062097,0.3802935384091926,0.47017105863595654,0.4690970294790304,0.6319372348558052,0.6387216030246732,0.7115121523121817,0.710926538450904,0.8584288586449388,0.8457185755743692,0.9363820796652894,0.9253409062458237,1.5931918953589557,0.1576085676085651,0.50830992267512,1.7550941220113676,5.714622873804805e+18,2.0142873207862295e+18,5.956190565468669,2.0994349760515627,0.18383028422769548,0.08190833865610629,0.6388559693931253,0.13262752103056302,0.8320548682770019,0.03212,0.0,0.12961280286123208,0.12563697016428813,0.020599226417219934,6.292119919264647,138.07067124131152,48.667078929855776,16,0.0009839471024686729,34,0.06961679458618164,0.08849976585762152
S3,4,89,1,MG,det,sample,0,1,0,4.525998511476917e-18,1.2452884835507538,1.6373108873194941,7.07e-06,13718.78235954165,3.16e-11,1,1e-06,0.30979739116497057,0.0,0.3290136817796945,0.0,0.31233539157566126,0.30979739116497057,0.3290136817796945,0.33284923441023573,0.3486719346643745,0.3740489931933941,0.38558985287378916,0.427091387680093,0.4314682503839891,0.5204890341703451,0.5170356845236046,0.6572475925340527,0.6517939641504993,0.8182083166792553,0.8136983004984591,0.8973524045082562,0.886956182545339,0.9202020763892644,0.9096469590660476,0.9323594896414483,0.9231268806973579,0.456882646247916,0.16101611542458505,0.5129552240559445,2.038924391971232,4.130868239875241e+18,1.474927733276883e+18,15.013632384580399,5.36062190691184,0.07710797500166805,0.030627321972588894,0.8048201302881881,0.10545601861176582,0.9344538660677498,0.66108,0.11572,0.11654386954066634,0.09848582327938045,0.016861059549785905,6.912013399664802,99.80566754517056,35.635643272183,16,0.0009923096286784813,33,0.05672907829284668,0.08849976585762152
S3,4,90,1,MG,det,sample,0,1,0,2e-17,10.0,0.555888305158281,7.07e-06,20000.0,3.16e-11,1,1e-06,0.43669852299044193,0.0,0.4390330374261514,0.0,0.4380785666138905,0.43669852299044193,0.4390330374261514,0.5027623920733052,0.5082471218251357,0.5739808937639769,0.5792239637527641,0.6637851311009111,0.6706781792010731,0.7389735047803034,0.7527953806331309,0.7840268916966828,0.7849436938216696,0.9069511530246825,0.8982001190382268,0.9660049305194376,0.9602578239937283,0.9744395962532579,0.969340478429781,0.9808870820512862,0.9756932250889121,0.8302695335869232,0.47425613450079634,0.7670517255924993,5.558883051582811,1.1338502423025603e+19,6.319323904251261e+18,22.677004846051208,12.638647808502524,0.013189889216961884,0.0075977622521503285,0.9165626319957376,0.03534991695949945,0.9574470780337355,0.98324,0.77032,0.019397726377667582,0.03470358207537021,0.01209126263674264,1.604276324188198,273.9488982894264,152.68081770552888,47,0.000926480508597135,12,0.027344942092895508,0.08849976585762152
S3,4,91,1,MG,det,sample,0,1,0,2e-17,4.224919745578485,1.1178232160100674,7.07e-06,2927.4796990737095,3.16e-11,4,1e-06,0.11382183861784186,0.0,0.12162428394271073,0.0,0.11391315859059153,0.11382183861784186,0.12162428394271073,0.14858588308828596,0.15618200413910627,0.19382150056230724,0.2014409777874292,0.254268352752427,0.2600341169801544,0.3459140658758602,0.35285614964040696,0.4559468833157261,0.4596789996522207,0.6261708802677498,0.6362060008338584,0.6951620539410205,0.6996178613273721,0.845323389192409,0.8334388227445778,0.9539135387865166,0.9419670075118511,0.3507822146603631,0.23584537791187823,0.5997370288079256,4.722713377386978,1.060913225063103e+18,4.7116692932122125e+17,5.022169834934181,2.230418363872179,0.06554652023900664,0.03516052992057816,0.6607930668226338,0.10966803400161283,0.8299308254696959,0.03416,0.0,0.12501556438406256,0.10169705674864583,0.020552453346224825,6.08275626651774,25.632662792972713,11.383836805100547,24,0.0009720201878348412,23,0.04443526268005371,0.08849976585762152
S3,4,92,1,MG,det,sample,0,1,0,3.1471343963634e-18,10.0,1.1296450132400497,7.07e-06,16332.984801217688,3.16e-11,5,1e-06,0.09713059608643178,0.0,0.10359677750706472,0.0,0.09746509885449123,0.09713059608643178,0.10359677750706472,0.1308216562583927,0.1365376168655256,0.18002724355457952,0.18611748009114837,0.23107281752994613,0.23631819571787718,0.28587493425374044,0.2917853038841379,0.3507042613794445,0.3555173614879589,0.5266762521947278,0.5355904175905117,0.6089271633332467,0.6140259191706442,0.7909339295675332,0.7769269204718802,0.9880993764070719,0.9722782118581269,5.276352573606787,0.23337724305302918,0.5972605651170415,11.296450132400498,5.875914783866458e+18,2.541214998639609e+18,1.8492293526406343,0.7997545130773283,0.049186366243084825,0.031069237913691913,0.42192239932105957,0.11728895767083164,0.6436714887708233,0.0,0.0,0.14745865849861384,0.10646952509710132,0.02139498153382544,6.892207794873853,141.96763570944597,61.39814794060966,23,0.0009823000115130867,23,0.0543208122253418,0.08849976585762152
S3,4,93,1,MG,det,sample,0,1,0,1.3711211633547963e-18,8.515627859062484,0.6733517297770713,7.07e-06,13542.820249098357,3.16e-11,5,1e-06,0.12991351440870857,0.0,0.13751936061000994,0.0,0.12948534644142212,0.12991351440870857,0.13751936061000994,0.15279212690655947,0.15901662324719104,0.21555475638270485,0.21935927431765892,0.2608412933769221,0.26682530939520294,0.3007339118191326,0.3067267564922609,0.4287981487946493,0.43375162104441795,0.5431748951939611,0.5524026737498307,0.604325976739773,0.6044089920284726,0.8600334485554793,0.8445965563783093,1.0278281527113409,1.0132021760011178,10.31311682688117,0.39152411311967283,0.7215362641969165,5.734012749037541,6.687070141962863e+18,3.5406035841478897e+18,1.0767008075306697,0.5700808660994583,0.11107576799599432,0.08397836481085764,0.3521959707009203,0.08660842197200275,0.5095744880435086,0.0,0.0,0.061408654725026275,0.0838960273564945,0.020945653686580655,2.931808939645041,161.56591318926667,85.54431749180556,39,0.0009619310425386732,14,0.043515920639038086,0.08849976585762152
S3,4,94,1,MG,det,sample,0,1,0,6.163213064906955e-18,4.4440150544853605,1.1615915790699152,7.07e-06,7530.758745113027,3.16e-11,5,1e-06,0.09674562328327375,0.0,0.10453952330014236,0.0,0.09755482101445113,0.09674562328327375,0.10453952330014236,0.13603873982623851,0.14442662910464754,0.1817551114032806,0.18938384177647077,0.22131790728621648,0.2271656330335189,0.30891466908527154,0.3144253870049362,0.39581684279522106,0.4033053803435853,0.5639033213620793,0.5723812640078224,0.6700774146971544,0.6785577976098806,0.7939800977616321,0.7840782223667591,0.9609853102857208,0.9478934461816554,1.1973398510429494,0.2269588068378185,0.5907149048202689,5.162130464550125,2.671890935952853e+18,1.1481122990543116e+18,3.705530454459297,1.5922674956670093,0.0747293507767871,0.04116825273277787,0.5833605615732957,0.12200665222404862,0.7810572440759775,0.0,0.0,0.13772381010850765,0.11319016817626144,0.02134062216950591,6.453598635249926,64.55540166992084,27.739474553513432,23,0.0009679929825582626,24,0.04439711570739746,0.08849976585762152
S3,4,95,1,MG,det,sample,0,1,0,1.1783458561219918e-18,3.143875358279331,1.0028293343653605,7.07e-06,19619.209768293793,3.16e-11,5,1e-06,0.13158198911762053,0.0,0.13891604046898687,0.0,0.13104421156015264,0.13158198911762053,0.13891604046898687,0.1593432873503001,0.1653173713919211,0.18889925028179747,0.1956088556010793,0.2474361881237869,0.2523131614790611,0.3166150905538752,0.32567751352070906,0.3962931621000475,0.40564825450518416,0.5675722413741251,0.5775110424475179,0.6562257409629225,0.6628918209123938,0.8025641858017607,0.7908279930684992,0.9772164226110367,0.9634583932743791,4.43038673885533,0.26288963613674665,0.6254970779503946,3.1527704328709207,7.537252018639376e+18,3.43674618755518e+18,2.8250132942839503,1.288115833849444,0.13862119695743397,0.08292294202989013,0.5376721536529656,0.11614077113160871,0.7241204025767062,0.0,0.0,0.09877049450813544,0.1112196600037732,0.02166821260849172,4.558312967144669,182.1071081171078,83.0350249667184,26,0.0009550755565384386,21,0.05312991142272949,0.08849976585762152
S3,4,96,1,MG,det,sample,0,1,0,1.8013922823262964e-18,0.9390056665229104,1.2777286769402645,7.07e-06,5551.145250643826,3.16e-11,5,1e-06,0.12200252575495796,0.0,0.12992269413246915,0.0,0.12174661020862937,0.12200252575495796,0.12992269413246915,0.1533680253117687,0.16197820371844301,0.1938786979562508,0.1996918754335621,0.2541664684506438,0.25730483889716216,0.32077836621154926,0.3315717841263103,0.43857469946862526,0.4486366995219471,0.6045704668025877,0.6148603323138764,0.6777113063850086,0.6849377618621669,0.8062736734441196,0.7955894782035451,0.970965478710768,0.9578099592923004,0.8655835871270114,0.2063297502642579,0.5685768652023919,1.1997944679257295,1.8763592776171205e+18,7.723716366407516e+17,3.5996152548120506,1.4817208829894037,0.33584602285616644,0.18120561008208552,0.5702568349619151,0.11811627820302281,0.7429891943350578,0.0,0.0,0.0732174276856714,0.11554737856974168,0.021483657222634966,3.408052312831088,45.33460749229964,18.661226239018045,21,0.0009828682130309727,26,0.07697415351867676,0.08849976585762152
S3,4,97,1,MG,det,sample,0,1,0,1.9271612977985456e-17,3.099167605470377,1.2473411644416612,7.07e-06,1066.276951067598,3.16e-11,5,1e-06,0.1175580228381377,0.0,0.12403175022433764,0.0,0.11730371741750374,0.1175580228381377,0.12403175022433764,0.14914140151361735,0.15526826154888917,0.18822869400515438,0.19568719420174105,0.2472115900262332,0.25346719741685814,0.29426238652744047,0.30421192798659136,0.3818657395424977,0.38969249356186114,0.5423458217260486,0.5520369176960837,0.6106719049199725,0.6141089842133259,0.7988480608232705,0.7845800176601894,0.9638685040807016,0.9484217430049007,0.2670398627495241,0.21135632041501162,0.574133291413025,3.8657193298072947,3.6532950593551584e+17,1.6023525424660355e+17,2.2717354283778173,0.9963939348807704,0.12957566288291286,0.0790663160730764,0.4797408997592661,0.10341902677398222,0.6729251139423239,0.0,0.0,0.13224494479993062,0.09349960625438214,0.021843944568922184,6.054078025270131,8.826704967704979,3.871434668377462,21,0.000997872931553329,25,0.06636786460876465,0.08849976585762152
S3,4,98,1,MG,det,sample,0,1,0,2.762683404984852e-18,9.077728123507205,1.0095936488757675,7.07e-06,9863.711258743777,3.16e-11,5,1e-06,0.12113532787116993,0.0,0.1282243580130513,0.0,0.12071927451134264,0.12113532787116993,0.1282243580130513,0.14625441090991925,0.1519777358169406,0.20038732271589527,0.2069881159687459,0.24538856887178412,0.2525426044992386,0.274297259927209,0.2827438731975139,0.374095376767825,0.3813632212779862,0.5187088452940399,0.5279937339125726,0.5830814254792734,0.5839416606522843,0.8295625670134549,0.8125407886235173,1.0189986439914103,1.0023206833963167,5.456261170957118,0.2611282659237549,0.623892056743006,9.164816659713813,3.7763023377910364e+18,1.723690404149556e+18,1.1492663867961366,0.5245817907394869,0.07156908918210363,0.050767522731092356,0.3304505351813495,0.09731461883764214,0.5252453063460756,0.0,0.0,0.11232049406690767,0.08950150117264839,0.020476397657969485,5.485363975786637,91.23902138476474,41.64598371032696,26,0.0009615177608340643,21,0.06445097923278809,0.08849976585762152
S3,4,99,1,MG,det,sample,0,1,0,1.0269901426479507e-17,4.454734871633182,1.2494716185143657,7.07e-06,4700.548286639507,3.16e-11,5,1e-06,0.09453662130903581,0.0,0.1022036172466762,0.0,0.09544838130749396,0.09453662130903581,0.1022036172466762,0.1271513275180616,0.13556424282732588,0.1760338813772179,0.18354495513219263,0.21640179429550147,0.2220412872680497,0.30313468330753895,0.308094761074953,0.38872782378322246,0.3955911850754115,0.5558693967965401,0.5637063212082267,0.6645362398272125,0.6728868905277311,0.7882360867172503,0.7782848947141765,0.9571893622981449,0.943836784531045,0.7202855198956207,0.2109959401335008,0.5737385247967838,5.566064790111897,1.606016765092006e+18,6.692580575995859e+17,3.7024950624550965,1.5429008635714956,0.0706516507455888,0.03820528066645364,0.5749263776298413,0.12413328573777777,0.7808360687219026,0.0,0.0,0.1521224280005365,0.1136008111724928,0.021377970209127524,7.115849938624501,38.80287775375378,16.169905046578833,21,0.0009995772948114927,25,0.06762194633483887,0.08849976585762152
S3,4,100,1,MG,det,sample,0,1,0,5.191294543883543e-20,4.958677509670801,0.5116795656411152,7.07e-06,13927.647824510943,3.16e-11,5,1e-06,0.2147057890452238,0.0,0.2261685308647063,0.0,0.21422230290225652,0.2147057890452238,0.2261685308647063,0.25323684186887335,0.26692607274787905,0.28438219364576306,0.2964370693930593,0.39101686429577676,0.39873424539765295,0.46283927943916836,0.4718759525432121,0.5006185841653564,0.5096273417563333,0.6536158843638136,0.6541362506093154,0.927121913897117,0.9200337105200602,1.0279155508693874,1.0179874309516503,1.6180374093452432,1.588467890954256,158.61318707154064,0.5152315169909956,0.786227831055917,2.5372539543027224,8.421060663667345e+18,4.795508621333197e+18,0.08816101912606708,0.05020471222926181,0.3752857718217485,0.3621953728101106,0.04758277821812302,0.014658017253419375,0.07574381902124244,0.0,0.0,0.004211561700848445,0.014571727480885123,0.00937826681955825,0.4490767624637518,203.46075744141382,115.86400518677289,52,0.0009303264829838457,11,0.05445575714111328,0.08849976585762152
