set,search_seed,eval_index,is_finite,task,mode,node,N_R,R,seed,k_on,k_off,T,distance,N_max,D,L,lam_best,objective,opt_sd,held,held_sd,train,opt_lam_1e-06,held_lam_1e-06,opt_lam_1e-05,held_lam_1e-05,opt_lam_1e-04,held_lam_1e-04,opt_lam_1e-03,held_lam_1e-03,opt_lam_1e-02,held_lam_1e-02,opt_lam_1e-01,held_lam_1e-01,opt_lam_1e+00,held_lam_1e+00,opt_lam_1e+01,held_lam_1e+01,opt_lam_1e+02,held_lam_1e+02,opt_lam_1e+03,held_lam_1e+03,KD_nM,tau_D_over_T,phi_ISI,koff_T,c_peak,c_mean,c_peak_over_KD,c_mean_over_KD,tauR_mean_over_T,tauR_peak_over_T,occ_mean,occ_std,occ_max,occ_frac_above_0p8,occ_frac_above_0p9,contrast_within,contrast_between,binomial_sd_mean,snr_within,shell_molecules_peak,shell_molecules_mean,history_symbols,dt,n_sub,seconds,running_min
S4,2,1,1,MG,det,sample,0,1,0,2.777069147643155e-18,3.2260917405434824,1.7828597569360838,3.460691897479208e-05,17425.92018007808,4.358914454094554e-11,1,1e-06,0.3834676757918111,0.0,0.39042053967826723,0.0,0.3833328731425785,0.3834676757918111,0.39042053967826723,0.4308377909574424,0.442082500806281,0.47240259752149827,0.4885998184103387,0.48237215311162834,0.49895570449167514,0.5407571679001619,0.5528135063311104,0.8413503627427341,0.8461143932567843,0.9719383412083208,0.9740501370305085,1.0084551146284215,1.004471731576907,1.0552151034901016,1.0474084275608235,1.4337678159874283,1.412339736249256,1.9290306019228047,2.5684971841026467,0.9944946920696602,5.751669136398861,3.4644151390510816e+17,2.5433096145348144e+17,0.29822215767694954,0.21893198431607472,0.1426351725027983,0.13392359144694682,0.17868249381072962,0.027700610909832633,0.22846726409387144,0.0,0.0,0.0031613984585757635,0.027681869378843586,0.017053443273553227,0.1853818262895045,8.370353289627822,6.144875583355907,257,0.0009904776427422687,36,0.28501296043395996,0.3834676757918111
S4,2,2,1,MG,det,sample,0,1,0,1.1098838514940727e-19,1.128322416617507,1.5541566063899968,1.1857755591045073e-05,2797.760328848833,7.462437484380695e-12,2,1e-06,0.3930239764069666,0.0,0.4024662447021722,0.0,0.39321875257843625,0.3930239764069666,0.4024662447021722,0.4365134427439286,0.4469584115487427,0.4635605560599273,0.4774631156141891,0.4817573587795019,0.4970332072494651,0.5035731273552343,0.5172420570875721,0.7445710595000206,0.7510293180331923,0.9527649456966435,0.9552559368083119,1.0020770039136537,0.9989054643277131,1.0580707047803788,1.0507376710487124,1.6369049610002007,1.606435857056048,16.881256994947652,2.0205902540983773,0.9861860894771098,1.7535897379240248,1.1279764606812146e+18,8.166710311793682e+17,0.11095435490225766,0.08033253404698237,0.5278548906360846,0.5133053478692611,0.07416001593133438,0.013566195962344867,0.098839626461254,0.0,0.0,0.0015553520323959126,0.013556762235728015,0.011658648013618215,0.1334075812717855,27.252973732448925,19.731541336724245,202,0.000971347878993748,32,0.09687399864196777,0.3834676757918111
S4,2,3,1,MG,det,sample,0,1,0,4.128563240647059e-18,0.7720702575648364,1.2433958738295532,6.211453095176939e-06,4807.790497804913,6.337294415504051e-12,4,1e-06,0.2784553180663033,0.0,0.2797461370805932,0.0,0.2787924881284057,0.2784553180663033,0.2797461370805932,0.37555825789821573,0.3785714874282518,0.45981833892458646,0.4706988195033888,0.5903488549272803,0.6032756035256945,0.7115265899581372,0.728840128604988,0.7552092453858984,0.7726595939889851,0.825324604411407,0.8266713217893845,0.9598959113452676,0.9564162942047736,0.9931425105618397,0.9899939347844308,0.9973145537732334,0.9941412682293118,0.3105324420532437,0.8160595735104855,0.8823386825822737,0.9599889725626379,6.18629759351983e+18,3.9039068242090373e+18,33.08056564808742,20.875724782063795,0.04761801689850908,0.030565180258324318,0.9500379512173935,0.01678788226114219,0.9704266698332825,1.0,0.98012,0.004651359243219751,0.01668926568815308,0.009609764848841308,0.48402425203782024,149.46677674061476,94.32206596744352,82,0.0009947166990636426,25,0.10146594047546387,0.2784553180663033
S4,2,4,1,MG,det,sample,0,1,0,1.818290919470749e-18,5.967978184281204,0.8457958270228302,1.7532852378284557e-05,11285.725706988133,1.9834219802018024e-11,2,1e-06,0.34666169964428517,0.0,0.3606944502513498,0.0,0.34735356131366024,0.34666169964428517,0.3606944502513498,0.46284081258154297,0.47743113923245645,0.4889045271708354,0.5051405379307262,0.5116223037241425,0.5314548944665158,0.5240772267823818,0.5449159916959597,0.5508070657602059,0.5682438808754932,0.7864058995020667,0.7931470002887602,0.9878397422473951,0.9844558089277677,1.0727352103400063,1.064992513289479,1.1409999018865358,1.132251857987568,5.450206466369366,3.054029601087991,0.9975291961910766,5.04769104402833,2.008323271099064e+18,1.5091640372202092e+18,0.6118849389931275,0.4598038364310521,0.13571027618070428,0.12290603195005993,0.31299675279402095,0.03713537868943377,0.3780203573308895,0.0,0.0,0.004214359051294199,0.03710982709566114,0.0206592226294373,0.2039940769740854,48.522981871868254,36.46282462266981,305,0.000995053914144506,17,0.08211898803710938,0.2784553180663033
S4,2,5,1,MG,det,sample,0,1,0,2.3816304795587745e-19,0.5416736106484747,1.5497684122892,1.6138755671695967e-05,14400.050847232871,3.0991546346011565e-11,5,1e-06,0.1955368113347291,0.0,0.20072672560877264,0.0,0.19617259595691708,0.1955368113347291,0.20072672560877264,0.2244914311142503,0.23283093996232934,0.302866399273968,0.320450527824905,0.36287533352509616,0.38009862237456044,0.48642231475278347,0.5001784174456152,0.542529945289289,0.5581495049792963,0.5707633706651074,0.5855157864884866,0.697375860840449,0.6951604076261596,1.0241535301567712,1.010888246486293,1.1464947220180313,1.134479742578312,3.776699197709064,0.9038134337627352,0.9003689988140497,0.8394686515536449,1.1439703295847524e+18,7.301446073563319e+17,0.5029808635846666,0.3210299739881209,0.9017431363620095,0.7925780965242256,0.239586186024294,0.05184770406965497,0.3258517977419309,0.0,0.0,0.006809106088384869,0.0517943172533765,0.018882051424414424,0.36061262282024714,27.639400669802836,17.640981437816578,90,0.0009998505885736775,31,0.1704399585723877,0.1955368113347291
S4,2,6,1,MG,det,sample,0,1,0,1.55622943262001e-17,1.6008299806539443,1.0381249186505601,1.0088213545180695e-05,19964.392385127274,7.387898460191217e-11,3,1e-06,0.19720005180803749,0.0,0.20459028016164638,0.0,0.19780661217448842,0.19720005180803749,0.20459028016164638,0.22697769429869,0.2309464475855117,0.2749731508650863,0.28024315566268787,0.3739560413025156,0.3783074436393534,0.5464546377400595,0.5550570160679086,0.6830831102848436,0.6875507457730511,0.7952609147389964,0.8037415634357973,0.8655388572049324,0.8596620392978364,0.947637149409626,0.9394894107219081,0.9680425729736685,0.9610486793842112,0.17081290631444443,0.22116008564637146,0.5846660361740225,1.6618614934397538,2.403819062741954e+18,1.0131082880564468e+18,23.368465242035935,9.848821894631532,0.05546545698691285,0.024693178588750964,0.8852737008462663,0.0655911520118644,0.9581730735878391,0.90648,0.55412,0.05955287906657688,0.06254092863057024,0.013660598613867396,4.359463355150665,58.07853271592434,24.47765048736399,22,0.0009886903987148192,21,0.05623507499694824,0.1955368113347291
S4,2,7,1,MG,det,sample,0,1,0,1.0371040898523375e-17,0.3751935385403683,1.3796652484514906,2.443789501259392e-05,6279.316159917024,5.333048615256207e-11,4,1e-06,0.23045167325966573,0.0,0.23312265988263856,0.0,0.2300423926146372,0.23045167325966573,0.23312265988263856,0.26202657975183696,0.26557587465398075,0.3735440262436155,0.38954440116464095,0.525864778344927,0.5429329605929694,0.6454171287735024,0.6655143752178639,0.6827957824369493,0.7050429174636503,0.7105417133210081,0.7248338114770253,0.8528173531589887,0.8491746541256474,0.9923028401538397,0.9861690786708895,1.0174078365026338,1.0113660834985434,0.06007338459017974,1.3527796799295309,0.9560462876969968,0.5176414865676912,2.032186675312959e+17,1.3816854601379478e+17,5.617338508839302,3.8192332607145856,0.4008602349695943,0.291935945952111,0.7840169992573454,0.045836878930973005,0.8468775726308444,0.46492,0.0,0.00579664483740595,0.045791300223663095,0.018241983360298367,0.3177639581681506,4.909954419464521,3.338282212813664,135,0.0009854751774653506,28,0.0852501392364502,0.1955368113347291
S4,2,8,1,MG,det,sample,0,1,0,6.838523459034265e-19,8.051391684286184,1.8622221154154903,8.36005862879806e-06,8922.231473152,9.919988003366067e-11,4,1e-06,0.19498138777466667,0.0,0.2045522335785548,0.0,0.19440843507008376,0.19498138777466667,0.2045522335785548,0.21527998916860047,0.2231815489519756,0.29720600095563365,0.29963348585712746,0.37870546842557795,0.38102347642150974,0.43013600873380126,0.4329950508985504,0.5026872098041844,0.4986825365805032,0.7685152551125163,0.7533239011545353,0.8975438439472254,0.8869515807353167,1.0161463421670394,1.0078786677443905,1.7649197532361116,1.728021209973642,19.550492905326536,0.06305576064986969,0.3363894130404532,14.993479654350105,1.244844158710601e+18,2.270589928447522e+17,0.1057319816994961,0.01928546405441948,0.06543373857001565,0.06031810573177379,0.01870413129615448,0.014416976002222338,0.071137605921854,0.0,0.0,0.03512997536802671,0.007822871460221592,0.0056186890325091235,6.25234377000907,30.076607394664833,5.4859591342688345,6,0.0009801169028502582,38,0.06942224502563477,0.19498138777466667
S4,2,9,1,MG,det,sample,0,1,0,3.4408130719801745e-19,0.15130101012078592,0.784536547546681,3.226002770370702e-05,1555.2638700071143,1.4462093918697307e-11,2,1e-06,0.6017884737444223,0.0,0.5838140054031787,0.0,0.5413580975920798,0.6017884737444223,0.5838140054031787,0.7958870169295458,0.6609231529394399,0.9621503742129253,0.7446391440164865,0.991393267213707,0.759357795916577,1.0197242806319584,0.7899206969830666,1.0253985495835445,0.8648004289221044,0.9565559379442102,0.9346978291393383,1.019989895029412,1.020793662965902,1.0315428095931876,1.034016676148728,1.0955969953994518,1.1009933480373193,0.7301798527051114,15.287408269359089,0.999999999987313,0.11870117212048682,1.8939000961758378e+17,1.727535436708556e+17,0.43070143436214114,0.39286760268093995,6.0483255021315525,5.888382048169209,0.28189793213252423,0.007044499843522275,0.2982360671143551,0.0,0.0,0.000693211155682422,0.007040591175820924,0.020118165977454475,0.03445697567359135,4.575841019039644,4.173888331859321,1529,0.0009806706844333512,16,0.0816488265991211,0.19498138777466667
S4,2,10,1,MG,det,sample,0,1,0,6.127833627948805e-20,0.19253795132177132,0.6482738871549778,4.1611286357776465e-05,13532.521169298881,1.6776013356333705e-10,3,1e-06,0.4567895460256167,0.0,0.4795041595384286,0.0,0.45805217932249415,0.4567895460256167,0.4795041595384286,0.46894141745096857,0.4950355444104477,0.48614023783176413,0.5158888059566895,0.49120243856800194,0.5222777244777403,0.5147845569153968,0.5481198336768665,0.6153942751684149,0.6445018763486957,0.7360973973819425,0.7448617591569546,0.9647772591880889,0.9630633916593767,1.0778044129637743,1.0718728600762057,1.7522787188950704,1.7166157592821134,5.217452194282855,2.6535284074502754,0.9952193045915534,0.1248173261282206,1.5934115423586173e+17,1.1750206311587923e+17,0.05071291537796071,0.03739694375949401,7.72289554765141,7.62502118404571,0.03599829948251367,0.004590461703962725,0.0448613957954543,0.0,0.0,0.0004938410184098184,0.0045875377311783445,0.008312496930811694,0.05940946775923755,3.8498323699640595,2.83896052021482,265,0.000997344441776889,13,0.03614997863769531,0.19498138777466667
S4,2,11,1,MG,det,sample,0,1,0,2e-17,1.3995486226755252,2.0,3.1753064046499304e-05,12426.92706351778,2e-10,5,1e-06,0.13240004661946456,0.0,0.140487791774592,0.0,0.1322134383311598,0.13240004661946456,0.140487791774592,0.1625874925287573,0.16807207015653536,0.2252516341502929,0.2290978509056981,0.2666590748998233,0.27493213973454533,0.3209173220015735,0.3275128407190576,0.4597044676518893,0.4661535609531764,0.5509748674783733,0.5614749311055638,0.6118600246532968,0.6123614565074416,0.876346318642295,0.8613109878843355,1.0378593164304102,1.0236057787667232,0.11620025821810293,0.42010711514211946,0.7384097269471863,2.7990972453510503,7.121152507165989e+16,3.8509033890826744e+16,1.0176355993337967,0.5503064812026152,0.23044349352087745,0.1770676735057372,0.3452063526365742,0.08262683782429894,0.4876465370306795,0.0,0.0,0.038589324525415365,0.08144848739196893,0.020877969260903188,1.8483274902449003,1.720537519952783,0.9304145305079103,42,0.001,40,0.08266234397888184,0.13240004661946456
S4,2,12,1,MG,det,sample,0,1,0,2e-17,10.0,1.3623715262120353,4.9999999999999996e-05,20000.0,2e-10,5,1e-06,0.22196589284768212,0.0,0.23173011831062637,0.0,0.22185352709942718,0.22196589284768212,0.23173011831062637,0.2745084750480089,0.28832772330616624,0.31037055846213785,0.32489387087350485,0.4172930574357591,0.4295777088335496,0.4802438328324926,0.49441018455696434,0.5097630689266842,0.5257843544286448,0.5809339268447274,0.5911158860639135,0.8849927998916144,0.8818296795996231,1.068340851821325,1.0578665051533909,1.3477820395768383,1.3308801608169607,0.8302695335869232,1.529196179786489,0.9677957067366362,13.623715262120353,8.392805043540232e+16,5.761541705351708e+16,0.16785610087080466,0.11523083410703418,0.06581724104545947,0.0628514219988406,0.10280026346803661,0.021771635704551966,0.1426912960212357,0.0,0.0,0.0034584568913575532,0.02174107031763349,0.013481331343582592,0.2565367472407578,2.0277807504514005,1.392042744043888,153,0.0009731225187228823,28,0.08160114288330078,0.13240004661946456
S4,2,13,1,MG,det,sample,0,1,0,2e-17,1.5638858115990484,1.8224804065960103,6.000000000000003e-06,18379.768871142445,2e-10,4,1e-06,0.14905703748684412,0.0,0.15644179008732984,0.0,0.14914701265126654,0.14905703748684412,0.15644179008732984,0.18293183091477397,0.18695130162586537,0.22246588795060837,0.22289058932039948,0.2671955834542615,0.26413200795770736,0.30639595088897015,0.29968335296824766,0.3713097633526788,0.369008236174516,0.4544089166686513,0.4469017146084242,0.6265799842843978,0.6210386836079161,0.7989824071153541,0.7874118741643228,0.9020189721290263,0.8940526035717222,0.12984467433795488,0.01646108232023925,0.17586003412339446,2.8501512497927655,6.319160812619623e+18,3.349903923532353e+17,80.81358326485976,4.284077390672315,0.06639921162042449,0.004288512480208783,0.6518778471574949,0.19403275204791526,0.9825455748377002,0.26344,0.11872,0.506173783353724,0.11336405024531507,0.01904554614582662,26.577015932128567,152.6768772580923,8.093683407109353,2,0.0009851245441059515,37,0.03988504409790039,0.13240004661946456
S4,2,14,1,MG,det,sample,0,1,0,5e-20,2.3924396191607613,0.5,6.000000000000003e-06,200.0,2e-10,5,1e-06,0.4756367554817603,0.0,0.4794220425822983,0.0,0.47502924338392694,0.4756367554817603,0.4794220425822983,0.5676314821809417,0.5642396109625488,0.8431517716703966,0.832308084275178,0.9588106447108207,0.9535379699730875,0.9934256543017393,0.9914136354565584,0.9984271044101648,0.9968595849368523,0.998980547821298,0.9974320274854013,1.0002045567247857,0.9983493406811533,1.0698347999147366,1.0626588630510088,1.816298217553433,1.7773721279039263,79.45478906941928,0.06000000000000005,0.3286267594591275,1.1962198095803807,7.506518295187414e+16,1.7960667583569406e+16,0.0015687999469388091,0.00037536302775887374,0.8356530880118364,0.83465735087734,0.00037524457517791967,7.259103430917566e-05,0.0005407567805548612,0.0,0.0,0.00013244240919873973,5.858669309585749e-05,0.0008619550052192608,0.15365350673385736,1.8136455241037717,0.43394664599352817,6,0.001,10,0.021072864532470703,0.13240004661946456
S4,2,15,1,MG,det,sample,0,1,0,2e-17,0.1,2.0,6.000000000000003e-06,15910.43455851976,5e-12,5,1e-06,0.7139917505096378,0.0,0.7308822785333181,0.0,0.7157013012327067,0.7139917505096378,0.7308822785333181,0.788608084662701,0.8071440927333295,0.8246187464674798,0.8393272037893902,0.9097575221413962,0.9090304199731225,0.9850230772664428,0.9832218275387833,0.9974940494143223,0.9959257628180663,0.9988187952527068,0.9972800009400898,0.9989528810381872,0.997416049357105,0.9989756744282231,0.9974284338196714,0.9992143614980682,0.9975537491231701,0.008302695335869234,0.6000000000000005,0.8202875051210003,0.2,1.773272950682823e+19,1.0422455915577604e+19,3546.545901365646,2084.491183115521,0.002397516729143149,0.0014094250332533326,0.9994498009283957,0.00024401137338190038,0.9997158752127872,1.0,1.0,9.843947841182899e-05,0.0002413309230998817,0.0010278829313331347,0.09576915367604734,428.4394473643116,251.8163518441709,60,0.001,40,0.0850059986114502,0.13240004661946456
S4,2,16,1,MG,det,sample,0,1,0,2e-17,0.724132606892318,2.0,7.5876854491735116e-06,20000.0,2e-10,4,1e-06,0.16829310851926543,0.0,0.17652955183824018,0.0,0.16784557077419396,0.16829310851926543,0.17652955183824018,0.19988150888306913,0.20317978130428305,0.2514918009362485,0.2519654754916048,0.2970933931468853,0.2955134984266982,0.3374495454470012,0.335840535325782,0.4176023469017755,0.42072355070094897,0.5120923567852924,0.5069180645093649,0.7138165186276914,0.7117791005724696,0.842871794973009,0.8337456185681236,0.9221720031258069,0.9156580261675104,0.06012252417795677,0.02398873769816643,0.21150480251617793,1.448265213784636,3.4223064019784253e+18,2.5489943883010838e+17,94.52153844212512,7.04013150088719,0.08587934999388415,0.0072285400593699095,0.7732861127687791,0.14696760643405393,0.9846750240234846,0.47352,0.21032,0.3266436088259909,0.10641932726485312,0.01701070148308978,19.202242138615215,82.68614614633252,6.158610532224741,2,0.001,40,0.05773210525512695,0.13240004661946456
S4,2,17,1,MG,det,sample,0,1,0,5e-20,10.0,2.0,4.9999999999999996e-05,20000.0,2e-10,5,1e-06,0.4852394216797246,0.0,0.49648970037947465,0.0,0.48548996642457204,0.4852394216797246,0.49648970037947465,0.6178521770401311,0.6236745901189181,0.9128916343097134,0.9133341976624602,0.9891000565471897,0.9880268750206332,0.9979968128813501,0.9965377485894895,0.9989118216730991,0.9974015337620961,0.9990331879319325,0.9974905880962833,1.0002137875330277,0.9983593155693062,1.0698421471748687,1.0626661442421472,1.8163105304402616,1.777384015344554,332.10781343476935,1.0416666666666665,0.9229001282564582,20.0,6.0264044416685816e+16,3.924956056436589e+16,0.00030132022208342906,0.00019624780282182945,0.04999018953514108,0.04998493852722215,0.0001962075004493967,5.239847741702577e-05,0.0002986992098932725,0.0,0.0,1.2911519392173338e-05,5.217591801425509e-05,0.0006202416999297212,0.020816916040369948,1.4560360758833573,0.9483063524435843,104,0.001,40,0.1039268970489502,0.13240004661946456
S4,2,18,1,MG,det,sample,0,1,0,1.8825719173440156e-17,1.4419996470048062,1.4869143197624783,2.010842344535692e-05,200.0,1.628506441940344e-10,5,1e-06,0.24481762496813006,0.0,0.2577189211642483,0.0,0.24519449861001194,0.24481762496813006,0.2577189211642483,0.27778105752778426,0.2897196836319061,0.37749017695166776,0.38326368279446216,0.4499585598470909,0.45592183550609644,0.4904516109745384,0.494908306448306,0.7069981591238442,0.7029372894608726,0.940044633282711,0.933959034154195,0.9863515741294738,0.9820739763434303,1.0446489714293365,1.03762783937952,1.736329012459748,1.7005406118096535,0.12719284329283947,0.2783103573462741,0.6391494773522056,2.1441299242238854,3531941389221768.0,2214256035887831.5,0.0461105083268564,0.02890774792927547,0.4532861654964855,0.44583210281906716,0.02808033173961047,0.003955074891860369,0.036790122584120594,0.0,0.0,0.004594923210449725,0.0036352257371927306,0.007368140774532958,0.6236204425316483,0.08533503070345859,0.053498511437484776,28,0.0009912762131749856,30,0.0743100643157959,0.13240004661946456
S4,2,19,1,MG,det,sample,0,1,0,2e-17,0.1,2.0,6.000000000000003e-06,974.1795054789947,2e-10,4,1e-06,0.16630985240191096,0.0,0.16734406962954823,0.0,0.1651207582221511,0.16630985240191096,0.16734406962954823,0.25387998959232433,0.25071211705825497,0.3083555488213536,0.306454761592335,0.3933187617270783,0.39682866899472213,0.5267677858583192,0.5292592382992,0.625899224816924,0.6317888578565688,0.6754501855557462,0.6838021352172343,0.7198310044405393,0.7194714740039988,0.8599867158844268,0.8487750009151643,0.9340327274107523,0.923606957263437,0.008302695335869234,0.015000000000000013,0.16799597142736353,0.2,3.346139199160779e+17,1.7472624298424514e+16,66.92278398321558,3.494524859684903,1.112464644449766,0.07361300151117998,0.7509057127049481,0.09205333973827579,0.8813539377847331,0.35768,0.0,0.08538624331561595,0.08832760560918472,0.01879529924615245,4.542957374466661,8.084587478427785,0.4221550605358678,2,0.001,40,0.057009220123291016,0.13240004661946456
S4,2,20,1,MG,det,sample,0,1,0,3.267594951514288e-19,0.26458910902240323,1.8264829514705592,1.3674158388532506e-05,13596.413660166894,5.374055292358408e-11,5,1e-06,0.19892992662948772,0.0,0.2075147838134732,0.0,0.19864154266606346,0.19892992662948772,0.2075147838134732,0.22252241959593322,0.23267916175427586,0.2615699446813846,0.276100473279977,0.32727419763397697,0.34518387684802415,0.4212217857587567,0.4324615608635953,0.5366607013790681,0.547312343486852,0.5846559908914413,0.5969387553782977,0.641059826975702,0.6416281422796803,0.9285352822473936,0.9125805773982988,1.098647220591674,1.0836266669928971,1.344599189311422,0.3174915772903658,0.6709098254149921,0.4832674967742046,8.083534754452511e+17,3.9879881059138086e+17,0.9982919346768282,0.49250439104353383,1.3864263242590997,1.0355080461002313,0.320740735524182,0.08202711333301733,0.4482316085872846,0.0,0.0,0.015114021124958538,0.0818517514257715,0.020468441189633226,0.738406065461078,19.530581355872183,9.63535489296916,32,0.000987288081875978,37,0.12847018241882324,0.13240004661946456
S4,2,21,1,MG,det,sample,0,1,0,1.0882897352377614e-17,0.9242978266221417,1.9120094786497184,1.0603289385389485e-05,200.0,2e-10,5,1e-06,0.23099672085112338,0.0,0.24064300833984864,0.0,0.230798616253466,0.23099672085112338,0.24064300833984864,0.2599406698689065,0.2673936712994264,0.3640468835717664,0.3667524768329627,0.4269765402000207,0.4299958889198794,0.47364001669799716,0.4763060581041048,0.6059018105458512,0.5993089954756153,0.8624860402117311,0.8508589768092084,0.9531471953607432,0.9469528026255223,1.0247733342080003,1.017621898287423,1.7159583588590186,1.6807982072808958,0.1410316206349797,0.04900156399403784,0.29858562534352817,1.7672662055968689,1.3243780023205096e+16,2661902094230832.0,0.15593534291510538,0.031341853696077046,0.5486500014352271,0.4895132872082445,0.030336105922504877,0.007265320121570483,0.0472930227871647,0.0,0.0,0.016892981282232284,0.004639264745373369,0.0076100940897744105,2.2198124074354317,0.31998219969303593,0.06431406184541473,5,0.00098051768135883,39,0.0762629508972168,0.13240004661946456
S4,2,22,1,MG,det,sample,0,1,0,2e-17,0.1002495875476043,0.626070715134193,6.251795545104825e-06,200.0,2e-10,4,1e-06,0.23361340134622194,0.0,0.24874802066768864,0.0,0.23350184135434596,0.23361340134622194,0.24874802066768864,0.2879755496571731,0.30501496234356595,0.37135197933261777,0.3833413070482514,0.47190492092557895,0.4820657916459901,0.5127161747721654,0.5265187178071857,0.5460873460184114,0.561526290383007,0.6203762468460774,0.6259655759416554,0.8888809424723734,0.8846997097195939,0.9841130728084743,0.97867392300213,0.9967813928106882,0.9911970493024876,0.008323417829543085,0.05202413853177247,0.307201403043148,0.06276333096783651,6.498961742488623e+16,1.372258233184104e+16,12.965563054117387,2.7376835491367517,4.262765935327753,1.1408684382114964,0.7295935932746732,0.028600942289639657,0.7784760709325186,0.0,0.0,0.016441365665852574,0.028179855727290988,0.019812370677482014,0.8298535260365991,1.5702103707844037,0.3315505144541532,5,0.0009631857155910661,13,0.0161590576171875,0.13240004661946456
S4,2,23,1,MG,det,sample,0,1,0,8.234876240671589e-19,0.6574911271611386,1.3997066111440912,9.297386010357236e-06,615.3892100190061,2.11253054632607e-11,5,1e-06,0.220726387232141,0.0,0.23112242792120563,0.0,0.2202599008431341,0.220726387232141,0.23112242792120563,0.2589832750655106,0.2727676905241221,0.2919024040030657,0.3068967488109321,0.384658064069626,0.3950686272664154,0.4738405673598878,0.48403615741046346,0.5138176419730821,0.5256024555917368,0.5724031072569975,0.5785274172315884,0.8575860018604169,0.8507855762960252,1.0231000602774702,1.0105220733813545,1.2831923745848672,1.266751830116272,1.325811913941038,0.4872260085116874,0.7733366820227794,0.920294677456026,1.5892629776604134e+17,9.834948965517053e+16,0.19905035055640002,0.12317974223324385,0.9674395276778834,0.906224228881859,0.10904780200904028,0.023829308530589365,0.1521142648150414,0.0,0.0,0.004721077191293606,0.023767768793849564,0.013826919987662436,0.34144098580928767,3.839809046899389,2.376216305572021,49,0.0009997904365314936,28,0.07663202285766602,0.13240004661946456
S4,2,24,1,MG,det,sample,0,1,0,5.486284677403512e-18,0.1,1.3216479489313628,7.1028680439642145e-06,200.0,2e-10,3,1e-06,0.2490084920233595,0.0,0.2620048064971918,0.0,0.24949912929572504,0.2490084920233595,0.2620048064971918,0.3272332531182296,0.3361576712074673,0.3969225468848317,0.4051386016127392,0.42847682111004415,0.4403946228468456,0.4613969906554219,0.47589698618804466,0.489693105888886,0.5006608498000256,0.7490403614272256,0.7476248014198481,0.967188506468033,0.9590031665312191,1.0072036368405768,0.9972702071458015,1.0851222531774976,1.074095047974258,0.030267096310425665,0.03181049744926443,0.24261752620259444,0.1321647948931363,4.238415657893e+16,5712639616851198.0,2.3253154880365488,0.3134116719745899,5.7608072204160266,2.2753664939495626,0.23792382608900933,0.023538943560904357,0.2827927756036005,0.0,0.0,0.014189779091948693,0.02315825844729486,0.01900211580472724,0.7467473221281306,1.0240411446352256,0.13802275388528026,3,0.0009789984806898985,27,0.048741817474365234,0.13240004661946456
S4,2,25,1,MG,det,sample,0,1,0,2.684440105671262e-19,0.5380947887620833,2.0,1.045628482609165e-05,6415.506838551255,5e-12,5,1e-06,0.2220858379253013,0.0,0.2300247455657609,0.0,0.22051059459080635,0.2220858379253013,0.2300247455657609,0.2758776729900425,0.29071614918526506,0.38420879216149173,0.41070832513461003,0.443455223237758,0.46816233215480985,0.5552993270128358,0.575912362102023,0.605471741568257,0.6272928710383705,0.6284160352727354,0.645718906254596,0.7591782715272822,0.7552822919848169,1.003368324686749,0.9943272151359742,1.0706641762925257,1.0622706064568295,3.3285429490283422,1.822231539405908,0.980617750320609,1.0761895775241666,3.43752666147642e+18,2.426571456770471e+18,1.7149087162896863,1.2105647320646935,0.4203470281919914,0.3422598742175431,0.5411000724558389,0.0562755466504734,0.629232211986781,0.0,0.0,0.006536378362081282,0.05623255487351728,0.022141571347221094,0.2952084230869928,83.05388195178489,58.62825198616073,182,0.001,40,0.13205790519714355,0.13240004661946456
S4,2,26,1,MG,det,sample,0,1,0,1.0876306089916474e-18,0.16813937922232305,0.6141797563993789,2.6266862241817397e-05,751.7660191898107,2e-10,5,1e-06,0.3556263413798808,0.0,0.3713205776691175,0.0,0.35584328649144037,0.3556263413798808,0.3713205776691175,0.3978283550497443,0.4168996272107512,0.45261146494471255,0.4739989872099233,0.4757889179723264,0.5017545351420811,0.4911139500481955,0.519963492258763,0.5176940172674506,0.5460049741805633,0.6861813038487232,0.7022977185536915,0.931988439173039,0.9311334790614687,1.0951989449956059,1.0905815079144692,1.5777359784979181,1.5512428545988026,0.25670664802995646,0.9361375135451987,0.9062288752284434,0.10326780297190917,1.4551002734593694e+16,1.0030761580009086e+16,0.09412498154129088,0.06488523614381743,9.093524822343433,8.850506561123984,0.06081619405279914,0.008181884795400884,0.07618037700260794,0.0,0.0,0.0008972917236046958,0.008176407523469256,0.010660174649096478,0.08417232861008965,0.35156593167483524,0.24235264775946772,94,0.0009448919329221214,13,0.03817915916442871,0.13240004661946456
S4,2,27,1,MG,det,sample,0,1,0,5.0403102923528e-19,0.28696720379050683,2.0,1.645024431394566e-05,4714.329236552104,1.8941159217462143e-11,4,1e-06,0.22270578507439057,0.0,0.22954709362271203,0.0,0.22247267348486072,0.22270578507439057,0.22954709362271203,0.2822869686572073,0.29751418283689457,0.3481064390080476,0.36875117761638226,0.4549807190438331,0.471148408248428,0.5396287798953463,0.5561416558561022,0.5702983765203822,0.5898062188275388,0.5912935513076989,0.6074037498678065,0.7620615225000118,0.7582502253791454,1.0397012206600509,1.026987152009521,1.1140223324704441,1.1019715299544164,0.94541848666491,1.1905753975669275,0.9412288124630892,0.5739344075810137,4.497613860226437e+17,3.0055297686990605e+17,0.789963770468946,0.5278931678271362,1.1403672843161847,0.9734048315758982,0.3405591117959996,0.058194900377550124,0.43460590220330425,0.0,0.0,0.006843605970862908,0.0581476791498574,0.021008647006216935,0.32575186630713204,10.866658717099826,7.261643012388877,119,0.001,40,0.10120606422424316,0.13240004661946456
S4,2,28,1,MG,det,sample,0,1,0,2e-17,1.8311660878865272,0.5,2.203043862247368e-05,5625.772830241489,5e-12,5,1e-06,0.5623867727810632,0.0,0.5784954344803876,0.0,0.5416933071275029,0.5623867727810632,0.5784954344803876,0.5821670334311286,0.5919052643794677,0.6134210557572145,0.6152697988732552,0.7647451400596422,0.7565666933223246,0.956085441560797,0.9523480512040415,0.9945206998211086,0.9928690418224668,0.9987367149362484,0.9973309980486871,0.999162160541189,0.9977807022162819,0.9992041400508918,0.997817520915639,0.999362379288272,0.9978917288858616,0.1520361413709738,32.35601505990533,1.0,0.9155830439432636,3.928660509490487e+18,3.721276172130621e+18,42.908838640899255,40.64378645659169,0.026227207243242543,0.0248742679514422,0.9759762171787688,0.00050094103060871,0.9772255387191269,1.0,1.0,3.9722288751696365e-05,0.0005007605439255497,0.006847475004123342,0.005801012596289407,94.92013831936941,89.9095373931972,3236,0.001,10,0.05630993843078613,0.13240004661946456
S4,2,29,1,MG,det,sample,0,1,0,1.626292924149055e-17,0.10173711139756725,0.5,2.950015395266552e-05,4176.458596953147,5.460509186044916e-12,2,1e-06,0.9666759156225887,0.0,0.9266102141328647,0.0,0.892947338269263,0.9666759156225887,0.9266102141328647,1.013101938678994,0.9945330441653176,0.9986867545568813,0.9959724056774037,0.9987252061555606,0.9972090192012997,0.9989514804925641,0.9974451048903338,0.9989774676139852,0.9974703554202705,0.9989802452619486,0.9974727938721343,0.9989820540326512,0.9974720865050304,0.9990066167009483,0.9974711709709406,1.0001245277406738,0.998295600811817,0.010387947063440234,53.12441590948052,1.0,0.050868555698783624,1.834411769274734e+18,1.7645659941756063e+18,293.2352648277161,282.0702446826549,0.06944746102846583,0.06681221503964738,0.996465977054987,6.77953757788781e-05,0.996601357552195,1.0,1.0,2.442248501233202e-06,6.779026869066401e-05,0.002653754977205066,0.0009202991693699535,44.32111618033881,42.63357646612395,5312,0.001,10,0.05513715744018555,0.13240004661946456
S4,2,30,1,MG,det,sample,0,1,0,5e-20,10.0,2.0,6.000000000000003e-06,5608.308426482955,9.969233273182679e-12,5,1e-06,0.23452549185777785,0.0,0.24587157826479678,0.0,0.2347500491685814,0.23452549185777785,0.24587157826479678,0.272361517892779,0.28595588298789526,0.33349428456677654,0.3426125961820684,0.43105555928249367,0.43736377767241674,0.4811608880876009,0.48464605189438575,0.7274739370947032,0.7217806779203724,0.9426048228477983,0.9363525468857494,0.989000582259735,0.9857333186801875,1.0636321467560492,1.0563041971259577,1.8061933952893372,1.7677301061819073,332.10781343476935,0.30092585034297753,0.6579619621618149,20.0,3.819990434108064e+18,1.858544967835648e+18,0.019099952170540318,0.00929272483917824,0.049539641740672456,0.04906290093872244,0.009194625044150603,0.0035367495007589227,0.018264377403481594,0.0,0.0,0.004263834908094477,0.0031937104381993967,0.004177826041757359,1.0205869908123173,92.29456694165481,44.904196988659365,30,0.001,40,0.12366271018981934,0.13240004661946456
S4,2,31,1,MG,det,sample,0,1,0,2.0913789510184244e-18,2.1244545882570276,2.0,6.000000000000003e-06,10962.543447426062,3.777835455066569e-11,4,1e-06,0.11870055175066896,0.0,0.12500835070483712,0.0,0.11827544196010098,0.11870055175066896,0.12500835070483712,0.14497795872544245,0.1529172967065827,0.17124748018703206,0.17512668718905752,0.24098014268609252,0.23973023881946806,0.30185180704649,0.3008592755915067,0.3563887026781371,0.35362010508146335,0.5062524729647104,0.5068323013197751,0.6049536808744649,0.6034378362352331,0.7738115938918594,0.7587808736908123,0.9208414503248467,0.9063626234763359,1.686800872945405,0.07941055230387581,0.3745137673504816,4.248909176514055,4.3249467165216973e+18,9.532806276495418e+17,4.2576116134497495,0.938438999873166,0.12141446018084141,0.04476453227564753,0.4383315456426403,0.15639335948810856,0.7601147106731663,0.0,0.0,0.2935630485314799,0.12248623873880067,0.020946068003467943,14.015186453270182,104.49478634370053,23.032157860187564,8,0.001,40,0.08269500732421875,0.11870055175066896
S4,2,32,1,MG,det,sample,0,1,0,2e-17,10.0,2.0,6.000000000000003e-06,10888.226557500091,2e-10,2,1e-06,0.28583323824532225,0.0,0.29448344093477635,0.0,0.28509933530303516,0.28583323824532225,0.29448344093477635,0.2931188524673115,0.29757790118294924,0.3079199642063889,0.3111865686019689,0.34578762933633445,0.3482094365835597,0.3639600440746006,0.3649229459846106,0.40314264183183746,0.40025116336865335,0.5121733622321339,0.49384967902051286,0.7392098793382297,0.7181000949017211,0.8173532923407497,0.8001416529455757,0.9510123242709079,0.9388179062398735,0.8302695335869232,0.015000000000000013,0.16799597142736353,20.0,3.73990232588717e+18,1.825090172909971e+17,7.479804651774341,0.3650180345819942,0.036629552674966204,0.005896362245743226,0.18799335596821992,0.186809382294104,0.8332275147296971,0.00368,0.0,0.6309409299753175,0.0598442907235048,0.014538197004033195,43.398843047750795,90.35956281195215,4.409589763214326,2,0.001,40,0.06325006484985352,0.11870055175066896
S4,2,33,1,MG,det,sample,0,1,0,5e-20,10.0,2.0,6.000000000000003e-06,20000.0,5e-12,3,1e-06,0.20364668776934544,0.0,0.21702522529304624,0.0,0.20308470899703482,0.20364668776934544,0.21702522529304624,0.2414493153220304,0.25248650101732817,0.3107900412324838,0.3181270573320434,0.38935909125484547,0.396166332677504,0.4392856996136017,0.4475794291398018,0.4815108384792467,0.4858346441207952,0.7647741214801674,0.7577416012788526,0.9456253306905806,0.9349579226871085,1.0056713560216206,0.9952191528054386,1.6072367877615372,1.577510841755957,332.10781343476935,0.6000000000000005,0.8202875051210003,20.0,2.2287675144561664e+19,1.3088764955374959e+19,0.11143837572280832,0.0654438247768748,0.04692879984589614,0.044986749685949255,0.0610634540627446,0.01846198358807105,0.09928390519213452,0.0,0.0,0.009787581257683734,0.018112686521191364,0.010552451993749051,0.9275172503491698,538.4912242807494,316.2368896453802,60,0.001,40,0.08214783668518066,0.11870055175066896
S4,2,34,1,MG,det,sample,0,1,0,2e-17,1.2139599039925448,2.0,1.9907260740809495e-05,11303.834325445856,2e-10,4,1e-06,0.12012526102169285,0.0,0.12727931642974843,0.0,0.11988585446501242,0.12012526102169285,0.12727931642974843,0.14839352257020633,0.15611632206465775,0.189515089624973,0.19453931495014568,0.25734761563493486,0.2601384744399071,0.30117937443350323,0.3081971234869689,0.39660511837297663,0.401052694707414,0.5561464565492146,0.5645513476924667,0.6205710235777705,0.622217341435036,0.8130822066568602,0.7976926458190104,0.9638831145963116,0.948822193859753,0.10079139232811164,0.1651245959177396,0.5184600766248971,2.4279198079850897,1.5430785232039606e+17,5.60479282814146e+16,2.5422232120335946,0.9233901069892141,0.2141402393725525,0.11627590732234279,0.45419205030530563,0.12514851991418052,0.6712353291945342,0.0,0.0,0.12729128206724824,0.11761800542991944,0.02149293394256556,5.922471190178226,3.728223054813255,1.3541707388903244,17,0.001,40,0.08453083038330078,0.11870055175066896
S4,2,35,1,MG,det,sample,0,1,0,2.019357382848947e-19,1.1665073441944587,2.0,6.000000000000003e-06,12003.856551028577,1.6451935082444563e-11,4,1e-06,0.1327359197675106,0.0,0.13985897606038275,0.0,0.13224860616787468,0.1327359197675106,0.13985897606038275,0.16735266300013815,0.17199948820315644,0.21477977294562225,0.22081353714548213,0.24264088782357318,0.2537474740342126,0.2911165030911783,0.30151322583123513,0.4343623090889425,0.4416185823873248,0.516261116582194,0.5243044027283553,0.5890934221357934,0.5842583287967182,0.8724084553703965,0.8531122609358183,1.020119177571511,1.0032839363406352,9.592314038277406,0.1823493701480275,0.5404736506741689,2.3330146883889173,6.249249583714178e+18,2.3918136349466583e+18,1.0818164452152175,0.41405024547562164,0.3031221588899849,0.20589229380555304,0.2817027469585437,0.091650434008736,0.4537165787436201,0.0,0.0,0.07651172275243813,0.08780943418707053,0.01952044044274602,3.9195694880373773,150.9877561182658,57.78847027246305,18,0.001,40,0.07062888145446777,0.11870055175066896
S4,2,36,1,MG,det,sample,0,1,0,8.430700499836849e-18,1.121096150913239,2.0,6.000000000000003e-06,11412.546339960885,1.0740488261620634e-10,4,1e-06,0.1438196200706551,0.0,0.15343382441753364,0.0,0.14481349937125554,0.1438196200706551,0.15343382441753364,0.17533370514944116,0.18136443315713296,0.22257793597690273,0.2242939465228254,0.26834829600547067,0.2630782111456126,0.32476602736829696,0.32177037676387754,0.38482922019398913,0.38637362415906257,0.48405091054035215,0.4793630564788087,0.6640925568992031,0.6606090393351063,0.7985475625136759,0.7867912415110333,0.9022753572253717,0.8928944360440272,0.2208148607207297,0.02793169106399016,0.22778116319668154,2.242192301826478,3.991104803198802e+18,3.5065986813730784e+17,30.01331262427407,2.636980176204986,0.12262702973983053,0.014380665543015404,0.6202810610585655,0.1813882484564038,0.9451243520008495,0.18876,0.04368,0.41681304370583827,0.12417443189006999,0.019921398600712265,20.922880569787687,96.42885127171797,8.472272701150713,3,0.001,40,0.059207916259765625,0.11870055175066896
S4,2,37,1,MG,det,sample,0,1,0,2.360001273701771e-18,10.0,2.0,6.000000000000003e-06,20000.0,4.3579636227624766e-11,4,1e-06,0.1348983947549754,0.0,0.14237938736727174,0.0,0.13413726790237449,0.1348983947549754,0.14237938736727174,0.16142164767370967,0.16858409868251742,0.18373806402704151,0.18910556216129218,0.23671644194147892,0.2365642890901674,0.2805583242580725,0.2765580156159739,0.3597420630529402,0.3584652091573731,0.47265947124122193,0.4740365080122685,0.5718827894479425,0.5639767978639414,0.8149344499531525,0.7958444059885663,0.9577304520249829,0.9421112795620952,7.0361786905700034,0.06883949155358776,0.35049001826556914,20.0,7.67460856697174e+18,1.5040613409577574e+18,1.811208599321583,0.3549586680385901,0.03690149462077611,0.017785944455372783,0.23367417981934413,0.13394989323111167,0.6222322000348951,0.0,0.0,0.33439428018567974,0.08078992766169887,0.01752880132265346,19.076848098764355,185.4257717011165,36.3395386747332,7,0.001,40,0.06574583053588867,0.11870055175066896
S4,2,38,1,MG,det,sample,0,1,0,5.390921012243604e-18,2.537069375595252,2.0,1.8762381741128204e-05,18286.923067060954,1.0593401389413242e-10,4,1e-06,0.1420467919774804,0.0,0.14797043800744983,0.0,0.14148392880205474,0.1420467919774804,0.14797043800744983,0.18768683061927388,0.1943791349350384,0.22216152292168753,0.2299499181839047,0.24417342507345227,0.25469472577617885,0.2909721614057855,0.30113395222570866,0.43232401867762216,0.44028057963165607,0.5115956429185264,0.519146023655632,0.6042413324284189,0.5977311045372892,0.9018770420648954,0.8831256044824712,1.0375486068036184,1.0216240338997002,0.7814810873203536,0.2769231490271759,0.6379498702955774,5.074138751190504,3.875399652592297e+17,1.809061505612209e+17,0.8234687477988127,0.3844005125306342,0.14235604373035135,0.10807850704325632,0.26887903790130213,0.08158277875055539,0.4308783764458068,0.0,0.0,0.07522206322369387,0.07725046823505716,0.019350406574857686,3.8873634480337578,9.36333058502437,4.370862993280824,28,0.001,40,0.11117196083068848,0.11870055175066896
S4,2,39,1,MG,det,sample,0,1,0,8.87721604665858e-19,4.688934093408441,0.5,6.000000000000003e-06,19787.17095773177,4.7875750412906625e-11,4,1e-06,0.13875900094335286,0.0,0.1454569543039487,0.0,0.1382233010274669,0.13875900094335286,0.1454569543039487,0.1659349948134792,0.17291225835555213,0.2144548320331208,0.22034531380057404,0.2638266810282231,0.2702209948927751,0.30719971187450235,0.31873928427789416,0.4188533061734671,0.42610276682831233,0.574902690132697,0.5852762748509331,0.636682340365312,0.6381399872126166,0.8410923284033173,0.8260009806785801,0.9808643828629998,0.9662771232500849,8.770945986426499,0.25064881273934,0.6141393242179682,2.3444670467042203,1.2109797310751912e+19,5.410389148348323e+18,2.2926593734791836,1.024309414668531,0.21070700414198298,0.12954154190887912,0.4837664962737856,0.11411861906282138,0.6693902414092554,0.0,0.0,0.08483824230454465,0.11038418076663384,0.02173126969820793,3.9039707979668044,292.58410926048043,130.72009787616943,25,0.001,10,0.023897171020507812,0.11870055175066896
S4,2,40,1,MG,det,sample,0,1,0,6.93185807282911e-19,4.745077124154465,2.0,6.000000000000003e-06,10830.658696954657,1.3617189972087657e-11,4,1e-06,0.1405469903442272,0.0,0.14561034930520803,0.0,0.13992565703024376,0.1405469903442272,0.14561034930520803,0.182621420578644,0.1909457230548344,0.2147074432473326,0.22334619201201542,0.24131864205373438,0.24980970281000897,0.2735238865259692,0.2811576425351474,0.42033968720552956,0.4276686315235069,0.5063829450800236,0.5142174679536051,0.5893410407976962,0.5838202522666663,0.8791898651941651,0.8598899803621595,1.022602325424332,1.006004064374192,11.366917583463431,0.22030977067584168,0.5837679471958166,9.49015424830893,6.187555929023553e+18,2.611428816987626e+18,0.9039106930285441,0.38149124772929566,0.07627436326612524,0.05534522478607516,0.26525786042526145,0.08998876168926725,0.46091247592981033,0.0,0.0,0.11828566141247444,0.08030660434434635,0.019153848094821492,6.1755559941218605,149.49717931161243,63.09457992637807,22,0.001,40,0.10592389106750488,0.11870055175066896
S4,2,41,1,MG,det,sample,0,1,0,7.133267953764626e-19,3.302448661673164,2.0,6.000000000000003e-06,18066.175483608822,4.934211892262085e-11,3,1e-06,0.17626580699872216,0.0,0.18475641248442679,0.0,0.17514830821377475,0.17626580699872216,0.18475641248442679,0.19551079853333317,0.2016732706402294,0.22702605661751282,0.22853079246804345,0.2537232236153519,0.2503577116256259,0.33027960966598,0.33007114831731876,0.4225930471853091,0.4256628182751714,0.4705896399921712,0.4695542411644379,0.647009961525159,0.6310867451504046,0.8414382463347179,0.8202363283687594,0.9983255433854861,0.9831390424490384,7.68770366624198,0.06079998316863233,0.3306811770438119,6.604897323346328,6.786003570121248e+18,1.1975890372174915e+18,1.4657724240398475,0.2586784648647725,0.12028712020467111,0.061401776711480116,0.19024957878642607,0.10576523999000635,0.4808053271800354,0.0,0.0,0.22964847035375402,0.06940644459813732,0.016433620914743985,13.974307399759784,163.95623799908873,28.934879149735295,6,0.001,40,0.09635472297668457,0.11870055175066896
S4,2,42,1,MG,det,sample,0,1,0,2e-17,10.0,0.5,6.000000000000003e-06,19419.50474042963,1.2094697164067126e-10,5,1e-06,0.10195524730420705,0.0,0.10935569785148226,0.0,0.10287472642815336,0.10195524730420705,0.10935569785148226,0.13747639553750307,0.14703093597372346,0.18300442315640414,0.18748422030756454,0.2517718053179257,0.25122258488154686,0.32016786101655703,0.31520575521956357,0.41650889669474556,0.40965787584565666,0.557137940567913,0.5540665156616319,0.7219202166961479,0.7256812436268326,0.8244755760714763,0.8202960704869723,0.932928791109191,0.9244655240490091,0.8302695335869232,0.0992170356745396,0.4146412734673552,5.0,8.086023181627372e+18,2.1037335670590802e+18,16.172046363254744,4.207467134118161,0.0384063873758597,0.01164683554709973,0.7456611152745133,0.1418029220171381,0.9402775701959684,0.40096,0.08548,0.23095631147035925,0.1215800459831182,0.018181276678707073,12.702975459409997,195.36593630311904,50.82818448933526,10,0.001,10,0.02509593963623047,0.10195524730420705
S4,2,43,1,MG,det,sample,0,1,0,6.2031624152617326e-18,10.0,0.5,6.000000000000003e-06,14977.320914600487,5.832798273370793e-11,5,1e-06,0.09505020541937816,0.0,0.10423172401565253,0.0,0.09647392060049514,0.09505020541937816,0.10423172401565253,0.12359379381117999,0.13267732249100475,0.1752130575565541,0.18302173514323156,0.21997044038442604,0.22637501875428323,0.3061681098226687,0.30962347588255235,0.41790277764694395,0.4256220426702629,0.5745262079611629,0.5814131563572492,0.6989845530734904,0.7086330580009214,0.8021519234802502,0.7944594791883948,0.9536724039952296,0.9419486039073903,2.6769234077901904,0.20573315649857324,0.5679101116610016,5.0,8.268842330467779e+18,3.371675548418355e+18,5.129297196208296,2.091505103840573,0.0646934076710856,0.03263016845124168,0.64022376872155,0.12575152993116662,0.8323261355566615,0.0326,0.0,0.14724754651501343,0.11616402490588225,0.020669085175695035,7.124047593947852,199.7830191366804,81.4628570350591,21,0.001,10,0.026020288467407227,0.09505020541937816
S4,2,44,1,MG,det,sample,0,1,0,2e-17,10.0,2.0,7.46726635828871e-06,14205.752401461888,8.450179119944632e-11,5,1e-06,0.10430378333262516,0.0,0.11130096497666665,0.0,0.10447382768672786,0.10430378333262516,0.11130096497666665,0.12281236820712804,0.12999904960585165,0.16706008272675796,0.17140029265024737,0.21674645894366715,0.21714739284144816,0.27114519521684577,0.264984933141543,0.3350430021722197,0.32830927108873315,0.4171710145750466,0.4101757774057714,0.570485481836143,0.568359769448318,0.7374740270258971,0.7263718314308159,0.915921528751068,0.902455917961126,0.8302695335869232,0.05498903837239575,0.3153760153875182,20.0,2.723132686416465e+18,4.3937492672039635e+17,5.44626537283293,0.8787498534407928,0.026613441863177614,0.007756429049712947,0.3903440020956203,0.18708151775883455,0.8361641617756935,0.01092,0.0,0.48339642503166363,0.11354399792478488,0.01994171053179797,24.24046945525891,65.79345062578835,10.615712077338967,5,0.001,40,0.06924009323120117,0.09505020541937816
S4,2,45,1,MG,det,sample,0,1,0,2e-17,4.586241741324794,0.5,1.096781974223793e-05,15570.53663905323,1.3379673991680639e-10,5,1e-06,0.13369951279569348,0.0,0.13881461274252538,0.0,0.13393566707264587,0.13369951279569348,0.13881461274252538,0.17304016893201193,0.1779081898733302,0.20878269275331987,0.2153478574842208,0.27527622737522406,0.2793526525251998,0.3978755157317071,0.40501320349783454,0.5109165784788776,0.5208116173834189,0.6706596191545701,0.6819913744641425,0.7524350075775421,0.7609676975629652,0.8599049376349347,0.8513261989301533,0.9692352742600557,0.9598040997510282,0.3807816791486615,0.2996910835869923,0.6569696717447353,2.293120870662397,1.7311087316263473e+18,8.344327548613076e+17,7.549138616170262,3.638852035829543,0.0940075063666547,0.0510094562588304,0.7587631141278955,0.09123979949360267,0.8796600252862776,0.41592,0.0,0.06938889894530208,0.08821500084593234,0.018589799585166496,3.732632975810568,41.825217489497845,20.160681310668895,30,0.001,10,0.023459911346435547,0.09505020541937816
S4,2,46,1,MG,det,sample,0,1,0,2e-17,0.1,2.0,4.9999999999999996e-05,11578.008447910337,2e-10,4,1e-06,0.2509059396479825,0.0,0.25233479312294105,0.0,0.2518134194957854,0.2509059396479825,0.25233479312294105,0.29825617695347006,0.29980495630371534,0.430693654950639,0.4483077643937889,0.5595210427583409,0.5771130830244152,0.6757323955557911,0.695313926741955,0.7128340216833183,0.7347041709519224,0.7382385424698853,0.7535377585577234,0.8572319414135996,0.8546258001083941,0.9888442155839702,0.9826542814341539,1.0138102581691695,1.007576741376029,0.008302695335869234,1.0416666666666665,0.9229001282564582,0.2,3.4908190249410384e+16,2.278375030480146e+16,6.9816380498820765,4.556750060960292,0.8998065317222352,0.6264378275176072,0.8101941114932175,0.047171098414726595,0.8714078887230383,0.66568,0.0,0.005782726518806962,0.04712253263334841,0.0173435932215482,0.3334214799054632,0.8434147564923158,0.5504768674059355,104,0.001,40,0.11212682723999023,0.09505020541937816
S4,2,47,1,MG,det,sample,0,1,0,5e-20,10.0,0.5,6.000000000000003e-06,20000.0,5e-12,5,1e-06,0.2453551100899514,0.0,0.2597375225745915,0.0,0.24512689177808278,0.2453551100899514,0.2597375225745915,0.3169734785588833,0.3373539380727002,0.3567835603500918,0.37826100477298324,0.4439845391500042,0.46199977481525706,0.5085381303612445,0.5265744103029389,0.5308213492655067,0.5511004479136721,0.5585229391448729,0.5733096641414882,0.8205783274514046,0.8171701534944814,1.0842349284140633,1.0753369926218743,1.1785400943231124,1.169412710196177,332.10781343476935,2.400000000000002,0.9927096419084644,5.0,7.1851800336344015e+19,5.230778329941942e+19,0.3592590016817201,0.2615389164970971,0.15853652819156627,0.14713899246026946,0.20604415005350785,0.031958156405936626,0.2628085044661264,0.0,0.0,0.0036623126949414187,0.03193624790660012,0.017999078293663814,0.20347223536611075,1736.0071734235967,1263.8053132782447,240,0.001,10,0.028241872787475586,0.09505020541937816
S4,2,48,1,MG,det,sample,0,1,0,3.1656021313881084e-18,6.769057327626372,2.0,6.000000000000003e-06,15405.83013857186,6.113782266644964e-11,5,1e-06,0.11013095028426625,0.0,0.11711377775742073,0.0,0.10995261788810753,0.11013095028426625,0.11711377775742073,0.12956604246461995,0.13660976265005162,0.17075245963454636,0.1763865064726272,0.21992218726976243,0.22168076537718587,0.2854497108468217,0.2814295184863349,0.3307550926988458,0.32487943800382396,0.45515812232891273,0.45493026083855875,0.5610372851483484,0.5573874108909714,0.7734248689374934,0.7561830000823742,0.9525470491231613,0.936806967226004,3.5507570673558244,0.04906946091893293,0.2987824691203644,13.538114655252745,5.627994173240199e+18,8.268562934358911e+17,2.6319751019890325,0.38668575521876636,0.05326767702942399,0.020337564789429326,0.2407902460143811,0.14987015582575428,0.6756734668466017,0.0,0.0,0.3927310167076922,0.08165095035919542,0.017453874187105606,22.501079846091134,135.97764023999295,19.97762686635266,5,0.001,40,0.0570070743560791,0.09505020541937816
S4,2,49,1,MG,det,sample,0,1,0,2e-17,10.0,0.5,6.000000000000003e-06,18680.41259457426,5.126115107577763e-11,5,1e-06,0.14156376710278515,0.0,0.14672177602723754,0.0,0.14194161068668681,0.14156376710278515,0.14672177602723754,0.19943401119699672,0.20400523450735686,0.26359397250903993,0.26300674779293437,0.3694087800838782,0.37396502042569424,0.4854164367065288,0.48825609121730845,0.6345400410399181,0.6423775820561349,0.7682929035855496,0.7781125728052236,0.8346626601140825,0.8409022770945842,0.9180623024736337,0.9105530165034837,0.9751366576641072,0.96833707182674,0.8302695335869232,0.2340954065245397,0.5979834439599496,5.0,1.1012108494936797e+19,4.765901831968158e+18,22.024216989873597,9.531803663936316,0.018990099548176438,0.008686506042223414,0.8823810335781441,0.06605412973008332,0.9561304472453749,0.90056,0.52652,0.06494777812777999,0.06242926376552239,0.013820718837985399,4.699305360968274,266.06291355596574,115.14867726904288,23,0.001,10,0.019425153732299805,0.09505020541937816
S4,2,50,1,MG,det,sample,0,1,0,2e-17,10.0,2.0,6.000000000000003e-06,14898.76887921204,2e-10,5,1e-06,0.10969235425506596,0.0,0.11595788391276754,0.0,0.10975162997656773,0.10969235425506596,0.11595788391276754,0.13304066683353907,0.13957863017125333,0.17168360124078813,0.17750175147850944,0.2160609953712865,0.2139698187148741,0.28829660626602605,0.2804269705856897,0.340158383405385,0.3332288726013116,0.42229423460778354,0.4166051860950893,0.5770634692258435,0.5707608843143177,0.7882211457170554,0.7737957428539814,0.9255559704945848,0.914142888212453,0.8302695335869232,0.015000000000000013,0.16799597142736353,20.0,5.117448064587082e+18,2.4927140355428058e+17,10.234896129174166,0.4985428071085612,0.033365746886120005,0.004450419427569315,0.2253982038625467,0.20436484595077634,0.8725403295357596,0.01964,0.0,0.6790597145146969,0.06900481712357757,0.015640688923710164,43.41622788017292,123.64236537093721,6.022631898907517,2,0.001,40,0.07057404518127441,0.09505020541937816
S4,2,51,1,MG,det,sample,0,1,0,5e-20,0.1,2.0,6.000000000000003e-06,200.0,6.68651626270323e-12,5,1e-06,0.30944488844707063,0.0,0.32645773378731097,0.0,0.30980950010135494,0.30944488844707063,0.32645773378731097,0.3586900890753246,0.3764878895821967,0.4462373372372905,0.46351277218902887,0.4796432781143415,0.5008631279481224,0.4986200197971309,0.5217285460814587,0.5902248948288435,0.6073398462024674,0.8691214383214518,0.8750247546205546,0.9993083823831075,0.9962785461435963,1.0529243412894371,1.0466419688983215,1.5347652390131616,1.5077698616493243,3.321078134347694,0.44866412974028425,0.7540200435190798,0.2,1.8558924796947965e+17,1.3432693734544467e+17,0.09279462398473981,0.06716346867272233,4.68531780442102,4.575425144175876,0.0628938789619213,0.006050070044845135,0.07403279478916074,0.0,0.0,0.0008814491574813339,0.006042360139847075,0.010842543594871967,0.08129542203530725,4.484011037679461,3.24546532897048,45,0.001,40,0.1840190887451172,0.09505020541937816
S4,2,52,1,MG,det,sample,0,1,0,6.781713825474092e-18,10.0,0.5,6.000000000000003e-06,16162.677548435557,1.0400736781744707e-10,4,1e-06,0.10380463360297286,0.0,0.11007899748492493,0.0,0.10373803891413139,0.10380463360297286,0.11007899748492493,0.14024298489651196,0.14867245174159016,0.1706784543845885,0.17783060627316577,0.21839390074001586,0.21964512509172449,0.29642517486135606,0.29811804434526634,0.3731519891198642,0.3740789238523829,0.5272132576250425,0.5286135473235521,0.645265265201557,0.647868571998974,0.7878298086473,0.7758447362781609,0.9300007158907255,0.9172132780034771,2.448553728316253,0.11537644161000514,0.44368755369537166,5.0,7.043601011171895e+18,2.0426921999440556e+18,4.776768635858774,1.385295393354869,0.0838470574995343,0.03462143156617316,0.5327703586670475,0.15315946433983427,0.8101104736736751,0.002,0.0,0.25161613989548837,0.12940285147664377,0.02117577904554572,11.882261302136854,170.18003480621326,49.35336756489884,12,0.001,10,0.03044605255126953,0.09505020541937816
S4,2,53,1,MG,det,sample,0,1,0,1.079509193430906e-19,0.3425532441349704,0.6369400091178875,1.4063683010364262e-05,12269.283662632895,1.1004945569586793e-11,2,1e-06,0.4927741403622576,0.0,0.5202644522487966,0.0,0.49455450254569594,0.4927741403622576,0.5202644522487966,0.5395001760752274,0.5676851451040168,0.5472670874612366,0.576760205445672,0.5509299416069009,0.5819646519575917,0.5524521973894271,0.5833244736190808,0.5776247835541428,0.603232465056521,0.7831632094660211,0.7895927938896045,1.0097017331053155,1.0069230668051066,1.0634350572748124,1.0596940658832261,1.0759210711560294,1.0717258177877722,5.269274666067642,4.702842767622052,0.999827440361791,0.21818586644269,6.174896712895659e+18,4.890803112284158e+18,1.9459333356745885,1.5412689890891762,1.803527416026383,1.5557881903904194,0.6040362756183544,0.031241639733048755,0.6582176680952829,0.0,0.0,0.003458821931673431,0.031220469384603496,0.02182470360733345,0.15848196584494334,149.19132072623154,118.16640984614423,470,0.0009799077063352116,13,0.048786163330078125,0.09505020541937816
S4,2,54,1,MG,det,sample,0,1,0,6.162510074531985e-18,10.0,0.5,6.000000000000003e-06,14882.66558481934,1.0876680703794814e-10,5,1e-06,0.10245839306266445,0.0,0.10891254897629302,0.0,0.1026494216681963,0.10245839306266445,0.10891254897629302,0.12118690477495647,0.12803803786252596,0.15488862133136455,0.1627685468169446,0.1940738090709597,0.1960983347919146,0.28057629203969586,0.28103297799109433,0.3446745384547064,0.3463593030882229,0.47899943593588795,0.47989239328388256,0.6229232772544118,0.6274567484476873,0.7508187800780106,0.7408114394910342,0.9376230837426497,0.9237864642979533,2.6945823164434457,0.1103277767068521,0.43491935942850257,5.0,6.387268248611187e+18,1.7933984824912952e+18,3.936160493080471,1.1051836216002981,0.095003589210886,0.04051732116092271,0.4811032874724556,0.15184406761461997,0.7721408459510165,0.0,0.0,0.25599871299774585,0.1264269493385478,0.021211040441136156,12.069125685191208,154.3224170621247,43.33019654118657,11,0.001,10,0.02609086036682129,0.09505020541937816
S4,2,55,1,MG,det,sample,0,1,0,7.292582025567722e-18,10.0,1.0066207585770162,6.000000000000003e-06,11810.956265160048,5.98047918985168e-11,5,1e-06,0.09641679716206633,0.0,0.10308121411831433,0.0,0.09676561963893943,0.09641679716206633,0.10308121411831433,0.11043563172371892,0.11661324831169148,0.15049037904472026,0.15651642735127855,0.19740929387869524,0.19938187903545238,0.267772523520975,0.2663503132500658,0.32768915626589395,0.3261592112931586,0.4490615241113772,0.4475334314584061,0.6000305424370822,0.6029411332796384,0.7440961636392954,0.7334345316132631,0.9360264609821287,0.9216385055607208,2.27702487452594,0.0996665406923661,0.4154897514663135,10.066207585770162,4.92335942004339e+18,1.2880284744890624e+18,3.5904002412017952,0.939305330147835,0.05122570294193634,0.021641310895770247,0.4368160826697616,0.1579331532242999,0.7697995116999691,0.0,0.0,0.3153715106441157,0.12097227178291563,0.020914922728362338,15.078779622572847,118.95300090643288,31.119981139231655,10,0.0009586864367400154,21,0.052411794662475586,0.09505020541937816
S4,2,56,1,MG,det,sample,0,1,0,2e-17,10.0,0.5,6.000000000000003e-06,14374.426743514476,9.896283517659038e-11,5,1e-06,0.09998776528756913,0.0,0.10713676197152398,0.0,0.1009297601429907,0.09998776528756913,0.10713676197152398,0.1331967991038495,0.14308306516510644,0.17544004460228352,0.17989628384598208,0.24546452734760263,0.24723581135373357,0.3139467321111905,0.3106194436250673,0.4233963114646525,0.42090761614945305,0.5694435632046619,0.5690705663145542,0.7305517180531281,0.7369017039522824,0.8236135966350294,0.8190406216907193,0.9367980378029576,0.9278037028484553,0.8302695335869232,0.12125764160441722,0.45358172027935934,5.0,6.355943428104812e+18,1.902984022105565e+18,12.711886856209624,3.8059680442111303,0.041614925059874956,0.014585884648649005,0.7372569999164056,0.13630719054265425,0.925325300543538,0.3648,0.04044,0.2051388552818916,0.11965129373396209,0.018529699623826976,11.070813852703127,153.56557989380443,45.977886397019454,12,0.001,10,0.02075505256652832,0.09505020541937816
S4,2,57,1,MG,det,sample,0,1,0,2e-17,10.0,2.0,8.69522495144245e-06,20000.0,2e-10,4,1e-06,0.150842314261634,0.0,0.15856062882801458,0.0,0.15008708129614318,0.150842314261634,0.15856062882801458,0.16797211401990858,0.17505491826408032,0.18780673153390492,0.19041791050146514,0.23995735363499232,0.23489651919933743,0.2987438405785201,0.29132730358437336,0.34360433151888453,0.3380222287318266,0.45177014020154777,0.44956038395191594,0.5742036685343124,0.5641433318694661,0.7994592931978759,0.7823014200258033,0.9188673728829435,0.905463761870424,0.8302695335869232,0.0315028903984114,0.24147829184083322,20.0,2.3089689903506785e+18,2.2494432346512893e+17,4.617937980701358,0.44988864693025793,0.03448540693511967,0.00890006265141394,0.2443838795186037,0.1788219404354171,0.7925220551078311,0.0,0.0,0.5392904522072631,0.07976926558609906,0.016955910649928043,31.805454943792814,55.78686562755337,5.434866730247493,3,0.001,40,0.05062103271484375,0.09505020541937816
S4,2,58,1,MG,det,sample,0,1,0,4.465850234190925e-18,10.0,0.7991222820500535,6.000000000000003e-06,13855.445071206763,5.942826195544278e-11,4,1e-06,0.10262060671778296,0.0,0.10897766071613316,0.0,0.10239400861052164,0.10262060671778296,0.10897766071613316,0.13565589209432935,0.14323022404006103,0.1625805075729723,0.16815945197793006,0.21564179153220647,0.21815330206016315,0.27834017998769256,0.2799219470984838,0.35099244917302314,0.35093184297820834,0.5111475944369991,0.5150478252996818,0.6042896122585039,0.6051711944454762,0.7896269977935229,0.7749374827715211,0.9440751446248281,0.9290834358534267,3.718304421542442,0.126341195192951,0.4618737394421265,7.991222820500536,6.220825875838508e+18,1.917406771219079e+18,2.7781276694474366,0.8562851478287989,0.06741275401997023,0.033121510179090534,0.4250607003934673,0.1435118398191453,0.7189488378477928,0.0,0.0,0.24900763781495847,0.11785158663106657,0.021054560289592555,11.826779300541604,150.30101256366484,46.32635360040676,13,0.0009989028525625668,16,0.03348207473754883,0.09505020541937816
S4,2,59,1,MG,det,sample,0,1,0,2e-17,10.0,2.0,6.000000000000003e-06,200.0,3.1058507295255946e-11,4,1e-06,0.19492317782840288,0.0,0.20585673676536287,0.0,0.19464370081173146,0.19492317782840288,0.20585673676536287,0.22351718823583636,0.23465385403285816,0.27578951687141884,0.2823044836229575,0.3780707068707145,0.3819492931118136,0.43128094275931855,0.4352685258779673,0.5138961728531031,0.5101962368855575,0.7931014925112737,0.7791377414630237,0.9128136846261918,0.9027943226400715,0.9747536285652634,0.9669883864235235,1.5602810357006314,1.5307631662053438,0.8302695335869232,0.09659189256845707,0.4096356828746812,20.0,8.298475976467597e+16,2.899304201244675e+16,0.16596951952935196,0.05798608402489351,0.04725960081609499,0.04288276765603846,0.05408745588559222,0.02581095585776465,0.12712492007655757,0.0,0.0,0.07657621252567377,0.007847869043418491,0.009812193598193521,7.804188916510155,2.0049899593600298,0.7004992036020052,10,0.001,40,0.07989311218261719,0.09505020541937816
S4,2,60,1,MG,det,sample,0,1,0,1.2860780798702398e-18,10.0,2.0,6.000000000000003e-06,200.0,5e-12,5,1e-06,0.25762718841517834,0.0,0.2709342213829412,0.0,0.2577734176288263,0.25762718841517834,0.2709342213829412,0.30764677104390953,0.3177477220925051,0.4072982988489533,0.4149562883131419,0.4618261484912997,0.4709192678618854,0.5197649713477299,0.5254793157405446,0.8159346365906673,0.8131257980004317,0.9711413873766284,0.9674196053188535,0.9946014704228241,0.9915168708177734,1.0546748055051733,1.0477807502318022,1.7641400728225352,1.7272725992962223,12.911650491246911,0.6000000000000005,0.8202875051210003,20.0,2.344950590366176e+17,1.795892144730164e+17,0.030157895526487167,0.023096575211486156,0.04887124169061401,0.04853624887711635,0.022567125028817407,0.002817380030097549,0.029071236997451285,0.0,0.0,0.0036602205063145893,0.0025237041726775497,0.006628165191992618,0.5522222817766286,5.665621497504031,4.339044576966111,60,0.001,40,0.08722686767578125,0.09505020541937816
S4,2,61,1,MG,det,sample,0,1,0,1.462305051922416e-18,10.0,0.5,6.000000000000003e-06,13816.69526450258,4.4006643694511834e-11,5,1e-06,0.1280723610888791,0.0,0.13486374744202737,0.0,0.12760862652926835,0.1280723610888791,0.13486374744202737,0.1506040180668994,0.15606745605523561,0.199970359761514,0.20592365649503244,0.2500010588888248,0.25745482797884495,0.2832570644267533,0.2942391392273484,0.38108556411733857,0.38951295885483816,0.5279449894344993,0.5373629707320282,0.5937515837914974,0.5952761617049914,0.825950489882418,0.8095376387246763,1.015743981764152,0.9994264577546768,11.355626960262653,0.27268609901955687,0.6342515135783418,5.0,8.870053802515342e+18,4.11430932664084e+18,1.2970724486241823,0.6016375313518415,0.12487219866232316,0.08706734527236562,0.3610366419888548,0.09948152227416956,0.5473447446567158,0.0,0.0,0.09407082441856122,0.0940585768568241,0.020932916195071944,4.493918742229881,214.30885458316124,99.40558860456707,27,0.001,10,0.030373096466064453,0.09505020541937816
S4,2,62,1,MG,det,sample,0,1,0,5e-20,0.8831953672252022,2.0,6.000000000000003e-06,20000.0,6.3469291016460036e-12,5,1e-06,0.1484535784616203,0.0,0.1587979917848925,0.0,0.14788384385908154,0.1484535784616203,0.1587979917848925,0.18153411846983375,0.18911197991681664,0.23484077940141984,0.24141585622885978,0.2829073899550917,0.2947795042700905,0.35388535983878394,0.3626192622997816,0.49538262923316806,0.5052168016254615,0.5661344104186681,0.5788042983157354,0.6254341608223153,0.6274520482599203,0.8881860765812061,0.873831006884329,1.0451938145853827,1.0311407187979298,29.331608224488004,0.47266953072187096,0.7662685427090805,1.7663907344504044,1.850787240832785e+19,1.0307059455630862e+19,1.0477790699058667,0.5835095969770134,0.3575135629545622,0.27645861133545957,0.3586924131127875,0.08219661602568097,0.49301173242038754,0.0,0.0,0.024958247102901517,0.08168106854409223,0.0210809389243509,1.183924833351321,447.16762997257763,249.0282646797926,47,0.001,40,0.13630080223083496,0.09505020541937816
S4,2,63,1,MG,det,sample,0,1,0,5e-20,10.0,0.5,6.000000000000003e-06,20000.0,2e-10,1,1e-06,0.4010381395780168,0.0,0.4044405297152226,0.0,0.4004200852955953,0.4010381395780168,0.4044405297152226,0.41114381115829307,0.4132166225310579,0.5030052993835146,0.49471419873893074,0.7231529011983172,0.7024133216193099,0.7814863462374722,0.7590783926225104,0.8101217124813891,0.7937985956225228,0.9337386814603053,0.9287945157195496,0.9907193300876659,0.9884549837045655,1.0674908555255371,1.0602957948820757,1.8148140370091668,1.775941012360438,332.10781343476935,0.06000000000000005,0.3286267594591275,5.0,7.499703283058753e+18,1.309194931226177e+18,0.03749851641529376,0.006545974656130885,0.1986993192917259,0.19277135999290745,0.006488297072058242,0.003879914083049054,0.017900986665552857,0.0,0.0,0.007440824638073894,0.0027737638964252477,0.003409873840025311,2.1821407439574543,181.19989529828052,31.631382670711513,6,0.001,10,0.01664590835571289,0.09505020541937816
S4,2,64,1,MG,det,sample,0,1,0,9.395372748058022e-18,10.0,2.0,6.000000000000003e-06,12642.492964518131,7.868928124695916e-11,5,1e-06,0.10566178092987022,0.0,0.11219950969350383,0.0,0.10562646361368264,0.10566178092987022,0.11219950969350383,0.12966363855481786,0.13660238802372335,0.1717376871531584,0.1776024542691057,0.21166422216854547,0.21217139502402535,0.28358525455471295,0.2777386225395781,0.33339658671132155,0.3262319335089976,0.4290418344174122,0.4252621375053264,0.5636985382241412,0.5599269545282305,0.7631493527932114,0.7480797185246575,0.931262973721227,0.9169711280490094,1.7674009448077213,0.038124633399367,0.26478157533350927,20.0,4.509362542444306e+18,5.2893747662790656e+17,4.236714194239487,0.49695647533364107,0.03340110472407424,0.009547971904787398,0.26889729864943873,0.17651540486596015,0.7886245508924391,0.0,0.0,0.5110902505740621,0.08641403734752194,0.01776791723738925,28.76478113588736,108.95044639947994,12.779627642178353,4,0.001,40,0.07509183883666992,0.09505020541937816
S4,2,65,1,MG,det,sample,0,1,0,6.884343058123645e-18,10.0,2.0,1.5762829598843363e-05,11310.372322816009,5.613753829254824e-11,5,1e-06,0.1496548421519514,0.0,0.15743229094528333,0.0,0.14927264917370753,0.1496548421519514,0.15743229094528333,0.18876578788313278,0.1966626088116352,0.22148803291600694,0.23068484736751585,0.25227867941061116,0.26094531005923477,0.3394342723351546,0.34542172635703877,0.4485957523387752,0.45510970860130356,0.5050254238736807,0.5104420691461138,0.6643281496122571,0.6562932734061263,0.9624284312155438,0.945531999596347,1.1635466419744325,1.1492995908455803,2.4120515975948957,0.3688363801350165,0.7071579552869258,20.0,4.838634720762019e+17,2.517687014880136e+17,0.33310821350674047,0.17332621123418107,0.04261389502873778,0.03750633256431226,0.1452520679534007,0.04620270869773324,0.24696107574921644,0.0,0.0,0.04465628896392727,0.04347670082404668,0.015452233645848879,2.889956881795133,11.690597236949838,6.0829689691944475,37,0.001,40,0.11322498321533203,0.09505020541937816
S4,2,66,1,MG,det,sample,0,1,0,8.124702319774367e-18,10.0,1.0095719203679752,6.000000000000003e-06,16158.542664504535,7.959559427720308e-11,5,1e-06,0.10271158449053604,0.0,0.10936778668909897,0.0,0.10291911452858712,0.10271158449053604,0.10936778668909897,0.11722477715973106,0.12388238785957763,0.15714887779039086,0.16197641260322548,0.2119215554450732,0.21233434700942133,0.272496292899203,0.2676084731963547,0.33753285144921813,0.3330754131990059,0.43048014230880244,0.4248368186149352,0.593461326918961,0.5936927646377094,0.7395404340727934,0.7298282590745765,0.9204538554719978,0.9071334538127565,2.0438152707851605,0.07466635621778077,0.36399042216862937,10.095719203679751,6.281773209720541e+18,1.310672182132807e+18,5.103753736931295,1.0648821318638146,0.0479697517512633,0.01622802746149545,0.45146828818092216,0.1745117560436651,0.8232778269169847,0.00532,0.0,0.3843715895308972,0.12421908060401772,0.020711638593927092,18.55824143453332,151.77355755662217,31.667074444040104,7,0.0009614970670171192,21,0.04398393630981445,0.09505020541937816
S4,2,67,1,MG,det,sample,0,1,0,3.7419717067677735e-19,2.1276248513226563,2.0,6.000000000000003e-06,20000.0,1.6745867414162252e-11,5,1e-06,0.1108956877859826,0.0,0.11799176461329196,0.0,0.11081442166438885,0.1108956877859826,0.11799176461329196,0.13798876222906833,0.144594316308086,0.17648508508443309,0.18331488909997945,0.23286509075764728,0.23756809531629083,0.28428136579451774,0.2920202138450883,0.3526462786992313,0.3594652279839466,0.5185592389133744,0.5267899661296387,0.5971485351038837,0.6010211695591408,0.7845096551696102,0.7695423365235762,0.9884818685769923,0.9720960058309899,9.441557720817038,0.17914867744998708,0.5365068950336953,4.255249702645313,1.0332274053878067e+19,3.910823780909659e+18,1.8171942836702277,0.6878182462110763,0.1392352735619223,0.08341768851235962,0.38585304829686423,0.11847667067491882,0.6128778080510326,0.0,0.0,0.14330306402770657,0.10806275194753188,0.02101371136142409,6.819502826653225,249.63747312310562,94.48918615642042,18,0.001,40,0.07228398323059082,0.09505020541937816
S4,2,68,1,MG,det,sample,0,1,0,5.799333195746885e-18,5.4303259731770295,0.5,6.000000000000003e-06,12618.422707857302,5.854485105514658e-11,5,1e-06,0.10099541767142227,0.0,0.10999875576940864,0.0,0.10182444585895281,0.10099541767142227,0.10999875576940864,0.13886259723303943,0.14808055394434966,0.18680464336275193,0.1958212048686676,0.23574441586966335,0.2437941549130576,0.3427615119797339,0.3481307936747354,0.4734901010913658,0.48426626806743495,0.6230754875723126,0.631717074210247,0.7395001830024251,0.7495209518459155,0.8287182115774367,0.8217524510184054,0.9546627067614016,0.9444349063850204,1.5548802114978288,0.2049710569542069,0.5670561110705497,2.7151629865885147,6.946101199211258e+18,2.822720797632287e+18,7.418109974351234,3.0145332904309585,0.09174217492256005,0.04375115275107128,0.7150821976798915,0.11615229315434346,0.8756234873809802,0.23496,0.0,0.1183522061346591,0.10945938720223715,0.01941412444539465,6.096190763974123,167.8243475140536,68.19959319492486,20,0.001,10,0.021565914154052734,0.09505020541937816
S4,2,69,1,MG,det,sample,0,1,0,5e-20,2.6768580051783046,2.0,6.000000000000003e-06,20000.0,1.939368561757211e-11,5,1e-06,0.16374256493439796,0.0,0.17127680857773675,0.0,0.16330682339650607,0.16374256493439796,0.17127680857773675,0.19997812581397068,0.21093445290957588,0.2344230070615921,0.24848213369598648,0.28231394156259837,0.29393207253563586,0.38046359866593527,0.38717262884463954,0.4534549355428187,0.46002656089569627,0.5207801446001759,0.5207878824306779,0.803938144728686,0.7912039506306388,0.9622016164592402,0.9472076740115133,1.5051047034934346,1.4789628050136996,88.90054589751252,0.15468952416562748,0.50427136628004,5.353716010356609,9.679564180632457e+18,3.367346935150776e+18,0.18080085237819152,0.06289737686191685,0.1757330046492832,0.1581859881736955,0.05846046707004466,0.025946861058862895,0.12313771220551056,0.0,0.0,0.0350270367410292,0.022743543176227492,0.010147546365436216,3.4517740032541826,233.8673877972737,81.35827366138832,15,0.001,40,0.08492803573608398,0.09505020541937816
S4,2,70,1,MG,det,sample,0,1,0,1.0969339567397609e-18,1.3813645630745315,2.0,6.000000000000003e-06,13058.642556976194,1.979615892936072e-11,5,1e-06,0.1078017696003017,0.0,0.1137391022887618,0.0,0.10796342255073411,0.1078017696003017,0.1137391022887618,0.12972273003524984,0.13758105008105134,0.16543318596953996,0.17408646531423588,0.21010337147601402,0.2139433652477822,0.3126381024836612,0.31575672281401224,0.40484378446021807,0.4119952188013586,0.5516108125668334,0.5571021578392086,0.6799579103658202,0.6879456211092473,0.7830533825859096,0.775260588880204,0.9445761768423176,0.9325090276439421,2.0911102340311443,0.15154455016778764,0.4998573183023466,2.762729126149063,6.271691351964229e+18,2.161785464363647e+18,4.980315402654116,1.7166618765497978,0.13323738656432546,0.060525391093886084,0.5920078718798593,0.1383884394114411,0.8121297675964237,0.0046,0.0,0.1665074491808571,0.12714292951927927,0.021050213091849092,7.9100125235944,151.52997037711566,52.23077300736578,15,0.001,40,0.08820509910583496,0.09505020541937816
S4,2,71,1,MG,det,sample,0,1,0,8.270452275857939e-18,4.179712764952862,2.0,6.000000000000003e-06,11294.318039960217,3.6780342762038516e-11,5,1e-06,0.10212656994690134,0.0,0.10888163162682772,0.0,0.10248550273454304,0.10212656994690134,0.10888163162682772,0.12173705438057608,0.12947976549763185,0.15671660422183364,0.15973886543682367,0.22314837845100277,0.2219896992611004,0.279499623834398,0.2729423451517533,0.3573321760368274,0.35150792137726594,0.46123843128119624,0.45480619994549126,0.633486138230502,0.6344839336366089,0.7628769655558928,0.7566955852092763,0.9156721249114856,0.9046670865916052,0.8392015459698015,0.08156530838794528,0.37916514621396524,8.359425529905725,4.478210547600026e+18,1.006444788459076e+18,8.861093739676477,1.9914654569165353,0.03998891073534061,0.012131052425064456,0.5915019920923087,0.1714517050410216,0.8943762060162835,0.11272,0.0,0.3452109166435728,0.13251102711632226,0.020489895667826344,16.847861123355063,108.19778486194058,24.316654060733192,8,0.001,40,0.07997512817382812,0.09505020541937816
S4,2,72,1,MG,det,sample,0,1,0,4.96310503232774e-18,10.0,2.0,6.000000000000003e-06,13231.231101883064,2.7882859178911593e-11,5,1e-06,0.09086240345312237,0.0,0.09840441623909428,0.0,0.09143569104811916,0.09086240345312237,0.09840441623909428,0.10509148141040553,0.11165821310517332,0.15409667694304036,0.15886244628070556,0.20054228494376095,0.20282097199611043,0.2650997449600792,0.26436066606209174,0.3180211137846605,0.3163368693785127,0.44910902393873725,0.4489472584627503,0.5885614765093534,0.5914923383386883,0.747497392612717,0.7356458610395328,0.9468274456855084,0.9316716834034264,3.345766523895303,0.10759298322852655,0.4300576353826842,20.0,5.640621263372906e+18,1.5589085807203748e+18,2.7994995777700926,0.7737027021912187,0.02818961708646572,0.01315962772901392,0.39465116441359666,0.15193255988211113,0.7316176076877461,0.0,0.0,0.31303332057911726,0.11442763360762856,0.020632542442884837,15.171824870621666,136.2827226310706,37.66469964807941,11,0.001,40,0.06958532333374023,0.09086240345312237
S4,2,73,1,MG,det,sample,0,1,0,1.4449616107741253e-19,1.0929773716663727,1.757083232050616,3.462153686551585e-05,9030.911071241057,8.045803087329548e-12,2,1e-06,0.7310770202661674,0.0,0.6184150800146747,0.0,0.5511808742668343,0.7310770202661674,0.6184150800146747,0.9287900156874666,0.72141408514379,0.9881510176573641,0.7560479788331532,0.9943202499644641,0.7598310667799942,0.9856823566721832,0.7559979358196263,0.9146212482809094,0.73064929934692,0.8597202334050636,0.8237434284117356,1.0026483139721523,1.000979001584861,1.0528279634113877,1.0528056494350502,1.5887462287970193,1.5649259256326264,12.560414142882784,14.13122140481472,0.9999999999253686,1.9204522127657375,8.031667040853e+17,7.238819597292372e+17,0.10618198368424157,0.09570021023820163,0.4752309863498117,0.470727872389425,0.0873209707930134,0.004008683691967047,0.09597277078044887,0.0,0.0,0.00041777602533987556,0.004006212777335015,0.012621070508282432,0.033101473053788494,19.405264074389557,17.489669972350605,1413,0.0009761573511392311,36,0.2421879768371582,0.09086240345312237
S4,2,74,1,MG,det,sample,0,1,0,2.8016987409640345e-18,4.134856445109789,2.0,8.624587157480907e-06,13710.070651244028,2.90463890591804e-11,5,1e-06,0.10497365041790162,0.0,0.11158202551678488,0.0,0.10505763295819065,0.10497365041790162,0.11158202551678488,0.13546242586653054,0.14144431268463506,0.18131373746195625,0.18825221005384096,0.23023263141067324,0.2363755119972066,0.28327180808597285,0.2901707722620611,0.3474115638844157,0.35298346584669327,0.5204681330801267,0.5291552866533126,0.6015181275787995,0.6060436650531463,0.7894175539257479,0.7748727282390426,0.989672655682062,0.9734698895090845,2.450688421231838,0.21340433368336065,0.5763663230662637,8.269712890219578,2.593529296974785e+18,1.0753190522801719e+18,1.75732528140881,0.7286153884425852,0.06995378103303007,0.0438552473981797,0.3996611086018374,0.11728635448019963,0.6269246329357053,0.0,0.0,0.15123206081011778,0.10574909437553903,0.021189895425445526,7.1369894836061025,62.66211066328831,25.980721147403155,21,0.001,40,0.08018803596496582,0.09086240345312237
S4,2,75,1,MG,det,sample,0,1,0,2e-17,10.0,2.0,4.9999999999999996e-05,200.0,2e-10,1,1e-06,0.6433216728625515,0.0,0.6395773582782184,0.0,0.6431366786157025,0.6433216728625515,0.6395773582782184,0.9202473643640205,0.9117296063537963,0.9737041991617695,0.966419331649859,0.9905639973910635,0.9873993623043004,0.9978780405554685,0.9961628429680318,0.9988938366081392,0.9973571471431244,0.9990288567221246,0.9974834157399216,1.000210760421406,0.9983558480385865,1.0698341673098852,1.062658428865062,1.8162893583557402,1.777363622004138,0.8302695335869232,1.0416666666666665,0.9229001282564582,20.0,652738833893401.5,538640335707777.9,0.0013054776677868033,0.0010772806714155559,0.049946193930667716,0.04993481121910831,0.0010761121609629593,0.00010683789326416195,0.0012980252547028358,0.0,0.0,5.92340612266911e-05,0.00010469318632429614,0.001464411352285433,0.04044905902583143,0.015770785042360656,0.01301405785668273,104,0.001,40,0.10302209854125977,0.09086240345312237
S4,2,76,1,MG,det,sample,0,1,0,4.074175009969017e-18,0.8380462193129627,0.5,2.3127384026800876e-05,20000.0,2e-10,3,1e-06,0.2085932870801724,0.0,0.20976925249595263,0.0,0.2093852817072036,0.2085932870801724,0.20976925249595263,0.24783831215127508,0.252976708780278,0.30883701957148657,0.31704180263037457,0.4821844962237195,0.49216243132266546,0.5991219952490416,0.6150974906436002,0.643702619653243,0.663256148689752,0.6686353286349654,0.6830550042230789,0.8172347008449146,0.8122780160135425,0.994623197830905,0.9848342228796185,1.0302968469594957,1.020914538401629,0.341568166281865,0.8914598198718738,0.8980249325614407,0.4190231096564814,5.33753704264058e+17,3.394590590310356e+17,2.5948521134953375,1.6502856087646935,0.9004702025452157,0.6638668695070673,0.6102608647323311,0.07383459838495884,0.7140405969917487,0.0,0.0,0.009563531470615515,0.07375365212725483,0.02155025094935057,0.44377819511673566,12.8959922382784,8.201650603087549,89,0.001,10,0.052245140075683594,0.09086240345312237
S4,2,77,1,MG,det,sample,0,1,0,2e-17,0.20786151078998155,2.0,1.55182478185077e-05,10596.979541180202,2e-10,5,1e-06,0.14586308189144376,0.0,0.153000814254387,0.0,0.14574089687987002,0.14586308189144376,0.153000814254387,0.1726906328194303,0.18061855360334997,0.23920074586752474,0.24338697840576504,0.31983868476740596,0.3162246552419806,0.4304537398988886,0.4250699700645892,0.5808652663544902,0.5818565168137854,0.7567790004787591,0.7641576491258124,0.8271026431730863,0.8349971537397088,0.8792891861864951,0.8740837128048902,0.9542690869169923,0.9474447407723371,0.017258107961427117,0.10034000639859122,0.41675633408214013,0.4157230215799631,2.557418201288572e+17,6.72600417815778e+16,24.606943263031784,6.471620602193717,0.32194457688840794,0.09393732429269148,0.8309606068240842,0.10234739669791662,0.9406113624853899,0.76284,0.21084,0.07225606136607683,0.09975279133611477,0.015868804714498707,4.5533398807321195,6.178963257842476,1.625065961757516,10,0.001,40,0.08223915100097656,0.09086240345312237
S4,2,78,1,MG,det,sample,0,1,0,7.089033604774585e-19,10.0,2.0,6.000000000000003e-06,20000.0,5e-12,5,1e-06,0.14021298808972454,0.0,0.14610525397680088,0.0,0.1397296627573586,0.14021298808972454,0.14610525397680088,0.17592915114773572,0.17931084559199956,0.24032609627281434,0.24253105493583144,0.2884832754568777,0.2964744221698847,0.3592726642131308,0.3708489916648545,0.4953330624961199,0.5057533387299683,0.5851607333699748,0.5984373425440447,0.6392052601921456,0.6424146586913495,0.8632482840639821,0.8495042270980184,1.0163894775154598,1.0020799418832294,23.424054105984844,0.6000000000000005,0.8202875051210003,20.0,2.2287675144561664e+19,1.3088764955374959e+19,1.579980780720969,0.92786694613649,0.025935399795199394,0.019379989329233543,0.46791604418410293,0.08847083395428161,0.6103862135228681,0.0,0.0,0.04289072997590179,0.08718274794285302,0.021949826882104145,1.9540350001972415,538.4912242807494,316.2368896453802,60,0.001,40,0.10013985633850098,0.09086240345312237
S4,2,79,1,MG,det,sample,0,1,0,2e-17,0.1,2.0,6.000000000000003e-06,10324.59704071783,2e-10,1,1e-06,0.38494253435820086,0.0,0.40639182380163674,0.0,0.38659292299807607,0.38494253435820086,0.40639182380163674,0.4045205044248939,0.41843371997767226,0.4802178796489115,0.4701841902178227,0.62113402343248,0.6083571797625136,0.6918091757050323,0.6767577299428436,0.7519048503677143,0.7332584912943254,0.8672923002772696,0.8583492193667602,0.9463523676742792,0.9383054475439149,0.9639024120265723,0.9565692903623555,0.9709647246697619,0.9639528314918969,0.008302695335869234,0.015000000000000013,0.16799597142736353,0.2,3.5463062042740035e+18,1.7312643296939782e+17,709.2612408548007,34.625286593879565,0.14034974811568257,0.007039663313152906,0.9418294028971894,0.0496058085394941,0.996858479403017,0.97472,0.8898,0.08550462343860878,0.0421750821597361,0.009608186598132826,8.899142680599587,85.68209816535725,4.182897688536982,2,0.001,40,0.058290958404541016,0.09086240345312237
S4,2,80,1,MG,det,sample,0,1,0,5e-20,0.1,2.0,6.000000000000003e-06,200.0,9.2007377015228e-11,1,1e-06,0.4281586056292191,0.0,0.43713413422690545,0.0,0.4283033442811813,0.4281586056292191,0.43713413422690545,0.6039925936723209,0.6014873647501484,0.9023574034000016,0.892536210368558,0.9682208961979933,0.9580880649098029,0.9810605675916155,0.9748103318729546,0.9949182901532224,0.9925475716581177,0.9985140124804548,0.9968659243884291,1.00009215466555,0.9982160966444749,1.0696403360995825,1.0624664256143588,1.815801879796264,1.776895063675528,3.321078134347694,0.032606081135249376,0.24553629537069122,0.2,7.039229567875097e+16,9694599599996518.0,0.03519614783937548,0.004847299799998258,4.975880415855409,4.830002517335311,0.004824151747338542,0.0006481033715940005,0.0061117467315900224,0.0,0.0,0.0004259425746133967,0.0006353045900691621,0.00309138325651909,0.1377838136747269,1.700744166186949,0.23423065769098905,3,0.001,40,0.05978798866271973,0.09086240345312237
S4,2,81,1,MG,det,sample,0,1,0,2e-17,10.0,0.5,6.000000000000003e-06,18654.24172566732,2e-10,5,1e-06,0.11524882705254184,0.0,0.12384184473711479,0.0,0.11593785330523905,0.11524882705254184,0.12384184473711479,0.1350242480778207,0.1443013584078816,0.17348060689810907,0.17669238401463772,0.2392868340392033,0.23782750655751145,0.2926354829429489,0.285147756021338,0.363008192604822,0.3566253836048242,0.4591604583073266,0.45303950725406567,0.6301297175051672,0.6289117081206748,0.7715286888834565,0.765734236002506,0.9110530474675818,0.9012782211841112,0.8302695335869232,0.06000000000000005,0.3286267594591275,5.0,6.995068527647415e+18,1.2214328507009802e+18,13.990137055294833,2.442865701401961,0.058091141899191276,0.01334210616368953,0.6215507640750904,0.1767136969833545,0.9251749746844531,0.169,0.01828,0.3686342786026183,0.13288224530353418,0.020032157402395948,18.402125702073796,169.00744429145698,29.510968142013105,6,0.001,10,0.021452665328979492,0.09086240345312237
S4,2,82,1,MG,det,sample,0,1,0,2e-17,10.0,2.0,2.1700676341789356e-05,19971.975302793227,1.3372340509014573e-10,4,1e-06,0.15460258340120583,0.0,0.1618623013054051,0.0,0.15409607634060846,0.15460258340120583,0.1618623013054051,0.19317573376102715,0.20027759173326495,0.21816398967916906,0.2258560195385921,0.23594496252808514,0.24335963826480672,0.31293463975786023,0.3199271877230071,0.44376075983345353,0.4517162320357417,0.4965132576238481,0.502610292828098,0.6337138893335095,0.6247055228774335,0.9270972598752146,0.9080433179791684,1.0752872940822753,1.060068983479976,0.8302695335869232,0.2934660499244939,0.6519073473928892,20.0,2.8296384978708368e+17,1.3503120940030182e+17,0.5659276995741674,0.27006241880060367,0.03936814384856613,0.03192995437375354,0.2068325257195564,0.06827438977481277,0.35727457918271777,0.0,0.0,0.0797380537563283,0.06250889437679082,0.017674769291532205,4.511405633709174,6.836673134847843,3.2624812051705283,29,0.001,40,0.12702298164367676,0.09086240345312237
S4,2,83,1,MG,det,sample,0,1,0,2.4249877344231475e-19,1.9903934846024747,2.0,6.000000000000003e-06,14986.616184252694,7.419857575416997e-12,5,1e-06,0.13313682808887178,0.0,0.14041618073232065,0.0,0.13270129927117358,0.13313682808887178,0.14041618073232065,0.1508898193614946,0.15726545525187488,0.2101124120628678,0.21243855249631113,0.26937930595697823,0.2733776455829981,0.3119536108511204,0.3181121356815594,0.43533994403217796,0.4398888734267728,0.5649921868415454,0.5750772618698338,0.6255671711301016,0.6280673749256162,0.8426974107663963,0.8287887276309861,1.0104483288721238,0.9965826292008377,13.629455082653907,0.4043204292679974,0.729253561555669,3.9807869692049493,1.2378536371778013e+19,6.612580141953963e+18,1.5081338993464253,0.8056409881351206,0.139123231990493,0.1001567779731877,0.43187649831123986,0.09431950776219467,0.5912652796206737,0.0,0.0,0.05745701703665583,0.09213232012366983,0.021719785249760985,2.6453768476964163,299.0770981005172,159.7661646268307,40,0.001,40,0.08589696884155273,0.09086240345312237
S4,2,84,1,MG,det,sample,0,1,0,1.064763495392501e-19,0.1,2.0,6.000000000000003e-06,20000.0,1.9253356523968922e-11,5,1e-06,0.1391607175142119,0.0,0.14599526017547282,0.0,0.13968845776675876,0.1391607175142119,0.14599526017547282,0.17340133058202892,0.1780020864656642,0.24070648113502807,0.24042250274561294,0.32272776763423305,0.3212936125737114,0.5013553644185771,0.5120793211355661,0.6638755246663616,0.6755826055409243,0.7510109278469057,0.7645774004545937,0.7920752156517826,0.8021860431280586,0.8772756678543319,0.8714962995993303,0.9820662190370576,0.9736432836846285,1.5595379390441315,0.15581698683371065,0.5058378109074949,0.2,9.727695050862103e+18,3.4072643034839516e+18,10.357694584468264,3.6279306495036674,1.0803964835852145,0.44023018604827935,0.753291475637503,0.10550836150562484,0.8692048401108458,0.45884,0.0,0.02801990428673449,0.10509832594148658,0.01858305653220124,1.507819999265504,235.03027495654672,82.3227148785353,16,0.001,40,0.08739900588989258,0.09086240345312237
S4,2,85,1,MG,det,sample,0,1,0,5.775003454158135e-19,10.0,2.0,1.0757863643403423e-05,20000.0,1.1819958441022004e-11,5,1e-06,0.1703007034520906,0.0,0.17834802406175557,0.0,0.17008062797639673,0.1703007034520906,0.17834802406175557,0.1994918925848265,0.20941038313435512,0.2557561592753062,0.2698772728801173,0.3006996336450562,0.31265093926189325,0.41176798801452674,0.420315011182611,0.4877843517382277,0.49849276640922957,0.5256991215464639,0.5339877725532852,0.7347302676804813,0.7284197973357378,1.0197897794873398,1.0052622947944259,1.1971844668672553,1.1837319034867704,28.753906042743928,0.81593370757553,0.8823103712401399,20.0,4.942104521469652e+18,3.088835185083884e+18,0.2854067068229778,0.17838033863184613,0.04243112207562145,0.03889819442717895,0.14973834167924036,0.03763451434347356,0.22055170605722663,0.0,0.0,0.012717738910327988,0.03733318672076282,0.015767301940116833,0.8065894189525333,119.40590021292505,74.62916744921841,82,0.001,40,0.18047881126403809,0.09086240345312237
S4,2,86,1,MG,det,sample,0,1,0,1.5470194652559716e-19,3.540084772694081,0.9759895133655535,1.166137433694568e-05,4717.122799195827,8.419120080673394e-11,5,1e-06,0.2430115124900467,0.0,0.2557401406191545,0.0,0.2433747749103174,0.2430115124900467,0.2557401406191545,0.2804125939236426,0.2927566330974909,0.3732594132270016,0.3793697568263348,0.4483780105858341,0.4542863664520655,0.49628047663580926,0.49938655819526684,0.7587144703938434,0.7530486922660236,0.9522533138137862,0.946596488953444,0.9913806566031592,0.9883448713349972,1.0648522966597087,1.0575402251645363,1.8078965183120859,1.7693571573243545,37.99854622509946,0.27582674079518515,0.6369978376152421,3.4550856145745024,4.1573257496549926e+17,1.9593736382875296e+17,0.01816754194061761,0.008562476191307195,0.2869712441242746,0.28426404952767464,0.008480674852895158,0.0030762563085032493,0.015179635083252107,0.0,0.0,0.002138299857411685,0.0029782558902530067,0.0040203501389762236,0.531869062020603,10.04449059018098,4.734031263742331,28,0.0009759895133655535,20,0.04133915901184082,0.09086240345312237
S4,2,87,1,MG,det,sample,0,1,0,3.2836524438822864e-19,0.2892011270356298,2.0,6.000000000000003e-06,20000.0,9.062510344238964e-12,5,1e-06,0.1668715705611602,0.0,0.1722927524084574,0.0,0.16665043180005704,0.1668715705611602,0.1722927524084574,0.19719004259054945,0.20508499428382268,0.2721223681772274,0.27614318389741543,0.36822351335740194,0.36996507754830454,0.4689969899633468,0.4756807427477003,0.6355921065989867,0.6451332285271931,0.7706873917285667,0.7841621421006529,0.8236227736141688,0.8276398720612178,0.9304287870585266,0.9233465474148713,0.9830220484509468,0.9767254648934907,1.4624865996645815,0.3310341049052818,0.6810146780496252,0.5784022540712596,1.4444381109014837e+19,7.22100859915183e+18,16.400464208128845,8.198890086268117,0.1879466518991742,0.09935945226650453,0.8747976166885462,0.05608586577309157,0.9390637790491724,0.90396,0.432,0.026737582365255242,0.05531222920115087,0.014395423759475875,1.857366814065134,348.9898527738122,174.46636923222988,33,0.001,40,0.10012269020080566,0.09086240345312237
S4,2,88,1,MG,det,sample,0,1,0,1.316600383237469e-17,3.6922056486580357,1.3955323998130051,2.167633752091794e-05,6912.746223427806,1.5086855065305228e-11,2,1e-06,0.4001289083579393,0.0,0.42433702615297,0.0,0.40148743859448127,0.4001289083579393,0.42433702615297,0.5304987950439601,0.5523418401912251,0.5580751153121684,0.5809963110878386,0.5736416630845628,0.5994713575966197,0.5819889538871013,0.6082776959026155,0.607929010664623,0.6279913151875837,0.8272360401687694,0.8306903105553315,1.0043336603400743,1.0005550466074862,1.0380315521981736,1.0331920540911073,1.0461193290776507,1.0410491358588991,0.4656729408327077,3.7194773384844297,0.999163494058734,5.1525926094748815,7.755649399273501e+17,5.98222553173697e+17,2.7655802365857514,2.1331965706082867,0.06194218931677758,0.05153974764836408,0.6773534197958643,0.034116864928514457,0.7333111698866324,0.0,0.0,0.0038530391158502013,0.03409257472844394,0.02084352282394696,0.18485546557530452,18.738379454198487,14.453620351221938,372,0.0009968088570092893,28,0.10326600074768066,0.09086240345312237
S4,2,89,1,MG,det,sample,0,1,0,6.536756574907768e-20,0.39956657136434187,1.7377822672884469,1.7939502941541802e-05,19216.567570565898,3.1199223863284264e-11,1,1e-06,0.3668653012675772,0.0,0.37039246833691125,0.0,0.36613634479209156,0.3668653012675772,0.37039246833691125,0.4016105017660045,0.40955893044142644,0.45728347467407326,0.4688196169937865,0.47087172288733115,0.48248567531164155,0.5224939653770723,0.5293226706638158,0.827905839724149,0.8258451952039777,0.9749021664034717,0.9704310821559858,0.9970702762422554,0.9902242778539052,1.0353118634986578,1.026460215537812,1.604460129409231,1.5753325226562847,10.150231144205616,0.9893054677819033,0.9150688203053946,0.694359702318197,1.1986850587648233e+18,7.757480196143254e+17,0.19610029969148515,0.12690941462822675,1.2779871425546274,1.2040593444296481,0.11181842379992882,0.026803667203304554,0.1586644312063839,0.0,0.0,0.0032461923310276985,0.026780716579380137,0.013954830070687698,0.23262141599605485,28.961360062662852,18.742802831878787,99,0.000993018438450541,35,0.28774189949035645,0.09086240345312237
S4,2,90,1,MG,det,sample,0,1,0,5e-20,0.1,2.0,6.000000000000003e-06,20000.0,4.0523883176915475e-11,3,1e-06,0.22207546744348242,0.0,0.23115374047001336,0.0,0.22153393275210906,0.22207546744348242,0.23115374047001336,0.24903858505987897,0.25750277536302896,0.2900212273361196,0.295971863239935,0.44868340400609835,0.4541146287983933,0.5298696402294584,0.5380084732871095,0.5713834670248621,0.5836263782217518,0.604926662481865,0.617025744987388,0.6890486850971728,0.6843504689323322,0.9435694514623489,0.9270068321337736,1.0388346803653319,1.0238023528817946,3.321078134347694,0.07403041773916079,0.3625489125748678,0.2,7.764069727254827e+18,1.608130553076447e+18,3.882034863627413,0.8040652765382234,2.7715183397323497,1.0241631081439957,0.4261038664901278,0.11288897318985999,0.5875953181092791,0.0,0.0,0.029261615226219923,0.11254812681455756,0.021474185138760527,1.362641471009916,187.5872375971308,38.853948862437335,7,0.001,40,0.052340030670166016,0.09086240345312237
S4,2,91,1,MG,det,sample,0,1,0,9.336141229687524e-18,10.0,0.5,6.000000000000003e-06,10428.997329476553,3.3053255779781286e-11,4,1e-06,0.13806787856301841,0.0,0.1426548922605285,0.0,0.13871150720338146,0.13806787856301841,0.1426548922605285,0.17884174919781287,0.18022012230358994,0.2458593766628447,0.2476090863461708,0.33402500746417957,0.3328070398659664,0.44288336224378605,0.44764455361788374,0.5803545773518934,0.5856371940121526,0.7057205053323637,0.718615536335043,0.7561985073264043,0.7583846416454972,0.8995056419220558,0.8897491927936505,0.9700663892024401,0.9611638971002336,1.7786139115950625,0.363050468611943,0.7033406936154162,5.0,8.000824001178668e+18,4.1419094085649193e+18,7.469682282887767,3.8669451198933613,0.041093539185907677,0.023613636653653708,0.7724847909333101,0.08151041645203651,0.8807195441387007,0.4866,0.0,0.061590583936185994,0.07884782319015922,0.018287893580696747,3.3678336799376467,193.30744385426738,100.07243258040332,36,0.001,10,0.02699875831604004,0.09086240345312237
S4,2,92,1,MG,det,sample,0,1,0,2e-17,1.0832508946334574,2.0,2.4071444899527413e-05,20000.0,2e-10,5,1e-06,0.12857286371858703,0.0,0.13639627200574353,0.0,0.12805871554778625,0.12857286371858703,0.13639627200574353,0.15775752406698573,0.16524831998009556,0.18891950651036687,0.19678382843390416,0.2513871060300694,0.2555558844259477,0.32302197967777296,0.33192461067340423,0.41001113408099077,0.420371111054538,0.5827129381381145,0.5926775700373217,0.6744624936112183,0.6819492175770338,0.8047311077480157,0.7941144733545221,0.9714521537258562,0.9583982513133449,0.0899390215044938,0.24143102481291012,0.6052606967338946,2.1665017892669147,1.8568659267971978e+17,8.15492180813624e+16,3.428321058392499,1.5056386010916971,0.18421395081605058,0.1042321864060726,0.5732488273595593,0.11866188705054882,0.754212095555323,0.0,0.0,0.09217657544721042,0.11451165589427434,0.021456642008665348,4.295946001708215,4.486362977567962,1.9703059201527284,24,0.001,40,0.1367020606994629,0.09086240345312237
S4,2,93,1,MG,det,sample,0,1,0,8.429819477210146e-18,10.0,2.0,6.000000000000003e-06,200.0,5e-12,1,1e-06,0.38752036637579484,0.0,0.39676848940945303,0.0,0.38736228387357086,0.38752036637579484,0.39676848940945303,0.4013797765588378,0.4100282938023097,0.4032224762672877,0.4116449846619872,0.40659898153000784,0.4134696451447317,0.5199630893633903,0.5164733543991975,0.8362370741462367,0.8230954534753796,0.9306068087192314,0.9183105856389461,0.9579950983115489,0.9506688770848576,0.9928460205679202,0.9862295951880237,1.5299773008893416,1.5018948686182543,1.969839415497665,0.6000000000000005,0.8202875051210003,20.0,2.344950590366176e+17,1.795892144730164e+17,0.1976751015976422,0.15139046580615037,0.04342575475904459,0.04174754900832651,0.1312390501039617,0.014644275094464138,0.16418510943419118,0.0,0.0,0.019161739651747788,0.01311163917868864,0.01506904504972669,1.2715961488279797,5.665621497504031,4.339044576966111,60,0.001,40,0.08303284645080566,0.09086240345312237
S4,2,94,1,MG,det,sample,0,1,0,3.85427505030008e-18,7.9476514929337725,0.5,9.325166246949957e-06,13924.053076206153,7.122931304080156e-11,4,1e-06,0.1355905649083696,0.0,0.14211882730505326,0.0,0.13513824412112047,0.1355905649083696,0.14211882730505326,0.17360880408190496,0.17789851662707856,0.2387963327120451,0.2414739289656417,0.272136052904076,0.2766465887829579,0.31829970717085226,0.3206639505056935,0.4693691673624244,0.47480286906703234,0.5679134240412083,0.5782298629661234,0.6317100339327263,0.6300292536239137,0.881383041057116,0.8666794908583556,1.0006336923114358,0.9870002381981952,3.4240902955982797,0.4069425999913036,0.730801742890498,3.9738257464668862,3.0804844951047936e+18,1.6501090227075177e+18,1.493904777137613,0.8002331307747028,0.1397855986575867,0.1009046809707753,0.430409088777541,0.09375041849359908,0.5890358324961659,0.0,0.0,0.05670773366291709,0.09160428054405809,0.021715381196062804,2.6114086209639606,74.42740691379862,39.86818822829525,41,0.001,10,0.05649995803833008,0.09086240345312237
S4,2,95,1,MG,det,sample,0,1,0,2e-17,1.5356867208742284,2.0,1.83216983789021e-05,13647.745560603194,1.1212371782899469e-10,5,1e-06,0.12443985420801106,0.0,0.132409868396464,0.0,0.12415559200749614,0.12443985420801106,0.132409868396464,0.15943595050037496,0.16665234831373218,0.19010628610511554,0.19799632229466757,0.23887714011759387,0.24426518629037047,0.32967562496373953,0.33731721971595224,0.4146298696546864,0.4241647566439085,0.5829380806589639,0.5926983568232335,0.6815098406453606,0.6896733855344164,0.8057948451565842,0.7957408786768043,0.9664594923391273,0.9538256059216655,0.1275033897475877,0.24948975856549868,0.613038699714329,3.071373441748457,2.926437968856689e+17,1.3072178980400734e+17,3.8112434379724807,1.7024538667572862,0.12047837092937966,0.06767216075766212,0.6011305191226448,0.11722829302050569,0.7813624191180967,0.0,0.0,0.10593082078118533,0.1117432499707422,0.021240894929748882,4.987116650759577,7.070549774303528,3.1583615686765305,25,0.001,40,0.14426517486572266,0.09086240345312237
S4,2,96,1,MG,det,sample,0,1,0,1.1200800967847533e-19,1.5442578074341184,1.3220517401382166,8.075312113147025e-06,12628.332929416998,4.690353952233482e-11,2,1e-06,0.2263674961051718,0.0,0.2407332323105121,0.0,0.22636711397132114,0.2263674961051718,0.2407332323105121,0.23198167702817984,0.24596979650145187,0.29223891587112016,0.3007115143694075,0.3881041533434995,0.394233480961785,0.4152090530542247,0.42105456980953143,0.4854065273752686,0.48289143679783136,0.7802522847840343,0.7648516527036123,0.8956255428278558,0.8792812028786384,0.9573099449153388,0.9453910448566549,1.6190587985682887,1.587970435123909,22.893902198543973,0.17527231136313273,0.531629163900128,2.0415887215403035,2.6514033820042486e+18,9.948397879961763e+17,0.1923114225121014,0.07215765662053285,0.4568494335657872,0.41081097511278836,0.06660297804054746,0.025747986451361584,0.11955664857946646,0.0,0.0,0.017664480304391567,0.025003134712250706,0.01085724722083405,1.6269759677660347,64.06040306927073,24.036266318785582,18,0.0009792975852875678,27,0.05023980140686035,0.09086240345312237
S4,2,97,1,MG,det,sample,0,1,0,1.1746597761307812e-18,0.1,0.5,6.000000000000003e-06,20000.0,2e-10,5,1e-06,0.17831106927849,0.0,0.18069075076725324,0.0,0.17773659592426075,0.17831106927849,0.18069075076725324,0.26317217010599336,0.2580165605282976,0.3771853592041358,0.37011750000417215,0.5355641065104122,0.5356236060754068,0.7113092133002519,0.721184564439514,0.8005074772935175,0.8099989146931371,0.8411245215113718,0.8518546090601677,0.872782663939766,0.8750781168148065,0.9476822820816266,0.941696000289011,0.982067370281965,0.9768332256848533,0.14136340589132168,0.06000000000000005,0.3286267594591275,0.05,7.499703283058753e+18,1.309194931226177e+18,88.09599779525078,15.378586248256944,1.221106614261561,0.22447697421787097,0.9212154094995185,0.0514798306681452,0.9685833957121416,0.95168,0.78408,0.01702970391644692,0.051214352006364566,0.01148225072589177,1.4831329086070193,181.19989529828052,31.631382670711513,6,0.001,10,0.02083897590637207,0.09086240345312237
S4,2,98,1,MG,det,sample,0,1,0,2e-17,0.1,2.0,6.000000000000003e-06,11453.975854159291,2e-10,5,1e-06,0.22400765420370924,0.0,0.22874235257152511,0.0,0.22267481564588343,0.22400765420370924,0.22874235257152511,0.2727790539203253,0.273863067984541,0.31090415857274395,0.30944845363272305,0.3795926427114577,0.38423849941664256,0.45607084500985984,0.46166984293611923,0.5977774529568346,0.5983761999058994,0.8068714132010258,0.8065873448018941,0.9079012083654289,0.9060126286761051,0.9610317391910432,0.9541230724732088,0.979679305999988,0.9748996705311387,0.008302695335869234,0.015000000000000013,0.16799597142736353,0.2,3.9342265519565957e+18,1.919268890005817e+17,786.8453103913191,38.38537780011634,0.12695066746281738,0.006346423509859471,0.9452322972276443,0.04743253151088295,0.9973823976951234,0.97828,0.90428,0.08300827372719861,0.040073943122244174,0.009320575972782658,8.905916755530345,95.05461914801272,4.637134414422628,2,0.001,40,0.06370830535888672,0.09086240345312237
S4,2,99,1,MG,det,sample,0,1,0,2.8225345833409105e-18,2.095099679203112,0.5,6.000000000000003e-06,20000.0,1.24845713292388e-10,5,1e-06,0.12948162414802766,0.0,0.13548275420560058,0.0,0.12922402450275053,0.12948162414802766,0.13548275420560058,0.14531102111398622,0.15287746095008464,0.18476241423878864,0.19152211465438396,0.25772637450631664,0.2573525122962466,0.35583003418763876,0.3533435358506834,0.4654114660134627,0.4674162835053925,0.6279502535559796,0.6320120159452273,0.7408100459225905,0.7482570404934441,0.8123666925110833,0.807612468793614,0.9332874140305687,0.9243228312250582,1.2325782959308251,0.09611863862635055,0.40872397067456573,1.047549839601556,8.264669130866604e+18,2.1039075145641966e+18,11.134226535041897,2.8344005676460062,0.2489589966519664,0.07867073482814155,0.692995107723915,0.13881181634291437,0.8817046621440167,0.21176,0.0,0.14204786688501844,0.1310861659612518,0.019574580219467785,7.256751628509793,199.68219070357426,50.83238722490023,10,0.001,10,0.024265050888061523,0.09086240345312237
S4,2,100,1,MG,det,sample,0,1,0,5e-20,0.1,1.2660081595049204,6.000000000000003e-06,20000.0,2e-10,5,1e-06,0.21856935409690312,0.0,0.23280963557877127,0.0,0.21845725965635512,0.21856935409690312,0.23280963557877127,0.2600495323573458,0.2762135944302157,0.2977837480061587,0.3158996725612343,0.35178910344890985,0.3666391900103835,0.44946034593613515,0.4626345699551681,0.4914348456472006,0.5083101536788123,0.5201050144505608,0.5367008604362428,0.6521838112693724,0.6510756276430527,1.033185701608803,1.017203747130378,1.2100265590710584,1.195414183827207,3.321078134347694,0.023696529737795447,0.21024310375866262,0.12660081595049205,6.919337472265029e+18,5.0978484433053434e+17,3.459668736132514,0.25489242216526714,6.294438556177323,1.771172639334148,0.1993982342422725,0.05559161543403153,0.29635246667574017,0.0,0.0,0.015126259252089982,0.05543017710840862,0.017569967998947278,0.8609155835113808,167.17771066224597,12.316882005986345,2,0.0009738524303884004,26,0.05795097351074219,0.09086240345312237
