set,search_seed,eval_index,is_finite,task,mode,node,N_R,R,seed,k_on,k_off,T,distance,N_max,D,L,lam_best,objective,opt_sd,held,held_sd,train,opt_lam_1e-06,held_lam_1e-06,opt_lam_1e-05,held_lam_1e-05,opt_lam_1e-04,held_lam_1e-04,opt_lam_1e-03,held_lam_1e-03,opt_lam_1e-02,held_lam_1e-02,opt_lam_1e-01,held_lam_1e-01,opt_lam_1e+00,held_lam_1e+00,opt_lam_1e+01,held_lam_1e+01,opt_lam_1e+02,held_lam_1e+02,opt_lam_1e+03,held_lam_1e+03,KD_nM,tau_D_over_T,phi_ISI,koff_T,c_peak,c_mean,c_peak_over_KD,c_mean_over_KD,tauR_mean_over_T,tauR_peak_over_T,occ_mean,occ_std,occ_max,occ_frac_above_0p8,occ_frac_above_0p9,contrast_within,contrast_between,binomial_sd_mean,snr_within,shell_molecules_peak,shell_molecules_mean,history_symbols,dt,n_sub,seconds,running_min
S4,9,1,1,MGCUBED,det,sample,0,1,0,1.7894596571022437e-18,0.18683344157136167,0.5214016296903723,1.1549827461016988e-05,12620.589228338895,9.944397187016238e-11,4,1e-06,0.5026692987212527,0.0,0.5326858978032083,0.0,0.5084787551072167,0.5026692987212527,0.5326858978032083,0.5320327528220655,0.5583724472275869,0.6415679737323569,0.6725511246848895,0.7452366917043786,0.7829863507987426,0.8432779773541852,0.8795032299316328,0.8820194918369029,0.9179942364542408,0.8933522332751238,0.9173898822379358,0.9408653266200074,0.942231023625512,0.9966485984272454,0.9915981918664768,1.0081198326622216,1.002896761824628,0.17337313392478565,0.4287941940567752,0.7432843335700111,0.09741526091596893,1.525318002865429e+18,8.295822191455622e+17,14.60924236808489,7.945600642609396,1.1475285405315165,0.6576444780292573,0.8757407127355834,0.04623550232322534,0.9280239171034623,0.91572,0.40708,0.006972300760919988,0.046151843192601946,0.014461104963955933,0.48214163290414763,36.853119648098065,20.043487799051036,43,0.0009480029630734042,11,0.16466593742370605,0.5026692987212527
S4,9,2,1,MGCUBED,det,sample,0,1,0,3.745774778275393e-18,1.8308492465317536,1.988418827698601,1.9779808857416875e-05,14199.941521425842,1.828030562239932e-10,3,1e-06,0.507014911452294,0.0,0.5542801970302509,0.0,0.5119507432644559,0.507014911452294,0.5542801970302509,0.5136636962277179,0.5623655565329967,0.5306499090469848,0.5885872684124778,0.5650929576590776,0.6247406734757376,0.6573808608288311,0.7075052740180348,0.7142718166828361,0.7566265580056827,0.7478868992011891,0.7750145478177577,0.9053047158955057,0.9054450249590901,1.0084301726441396,0.9968055021885847,1.097659054794441,1.0949584296501536,0.8116336085138379,0.17939139686038494,0.5368096124456203,3.6404951124815366,2.0488468161079098e+17,7.771766517370235e+16,0.41917808049269917,0.15900428207596676,0.23700336223740837,0.19355422372659095,0.1341755812663499,0.05139704452834609,0.24655172423786853,0.0,0.0,0.05331019951092895,0.047848248072042646,0.014800606126887205,3.601892993698691,4.950206888845796,1.8777319929593497,18,0.0009942094138493006,40,0.07892918586730957,0.5026692987212527
S4,9,3,1,MGCUBED,det,sample,0,1,0,3.2367451757796155e-18,0.14229987920408183,1.477729376568587,3.184261405990389e-05,16575.151481483816,1.2086930361168122e-11,2,1e-06,0.6859925845903911,0.0,0.72457920254571,0.0,0.6884010552214109,0.6859925845903911,0.72457920254571,0.6928931871816031,0.728333512858795,0.6952507227566855,0.7288551466632331,0.7100861128881424,0.7337805532124012,0.8551625700577785,0.8576746944097122,0.9790981513752436,0.9779230617367336,0.9990491927451489,0.9977080209445292,1.0011603020466238,0.9998097306578172,1.0013775759891426,1.0000580848272527,1.0016953899987318,1.000694437592086,0.07300374167255295,9.461396631903247,0.9999999005256281,0.2102807117820331,1.325606931876426e+18,1.1426212974296381e+18,30.152181897340384,25.99000078485197,0.1761966570741078,0.15265537188984082,0.9627489272665695,0.0027390984751696655,0.9677506144204782,1.0,1.0,0.0002940965527004087,0.002737331767883925,0.008463014286645082,0.03475080423348721,32.02791206490476,27.60680678228026,946,0.0009851529177123913,30,0.16577816009521484,0.5026692987212527
S4,9,4,1,MGCUBED,det,sample,0,1,0,6.298453860368795e-18,4.511159844415895,1.061811562444483,8.973014985700488e-06,9658.451912242977,1.7280535874525713e-11,3,1e-06,0.44706301427970124,0.0,0.4805967312161317,0.0,0.4599322060039782,0.44706301427970124,0.4805967312161317,0.4800203890642321,0.5140515524797614,0.5019703587427747,0.539869418382839,0.5430588684869894,0.583159622705501,0.6749860470880321,0.7106355226182758,0.8037966298257359,0.8432033553102091,0.8389622851532915,0.8696057792783296,0.9100330210372256,0.912343042849074,0.9974119173484283,0.9902163154384301,1.0147127123878195,1.007326712912491,1.1893327038645425,0.7313426137612508,0.8614534042080093,4.790001682836052,3.7758831735505536e+18,2.3122556800221005e+18,5.271865057096062,3.228357277568508,0.049373357115748154,0.033286461360031945,0.7487732257332692,0.06714253673058468,0.8392785325139088,0.25516,0.0,0.02209242808960897,0.06663760671836164,0.019105171909327538,1.1563585082855492,91.22889398190337,55.86627514575189,73,0.0009652832385858937,22,0.05208396911621094,0.44706301427970124
S4,9,5,1,MGCUBED,det,sample,0,1,0,6.899634331565892e-20,3.1023422418380964,1.2953051188875213,7.305408050115275e-06,6965.432152628849,3.760700460604826e-11,2,1e-06,0.5887151768238811,0.0,0.6525857079858001,0.0,0.5940236494534142,0.5887151768238811,0.6525857079858001,0.6252979765557937,0.6833222409535719,0.6731429056938433,0.722524005952806,0.6917779276204171,0.7326741312885826,0.748295081723162,0.7690130234414864,0.9304073311991908,0.9297603555732501,0.9901483073432271,0.9865292738354586,0.9978487628221017,0.9954918953194827,1.0155841409231585,1.0163430562277582,1.247813490625022,1.2573719490868174,74.66425385396752,0.18259836404136262,0.5407799795928255,4.018479786393875,2.0104092031054188e+18,7.733517693689443e+17,0.04471166388793952,0.017199406133714568,0.24464261706003537,0.2382000061742955,0.016859599807463807,0.0069978743525107995,0.03335125790884606,0.0,0.0,0.0073432603543494394,0.0064889679191799925,0.005603919072357062,1.3103794433028444,48.57337995388366,18.68490716891938,18,0.000996388552990401,26,0.04152321815490723,0.44706301427970124
S4,9,6,1,MGCUBED,det,sample,0,1,0,3.716164213837092e-19,9.66962039221822,0.7113956392906868,2.263188533603783e-05,11617.047318627046,8.97966031628677e-11,4,1e-06,0.6062220565551982,0.0,0.6634735351910911,0.0,0.6108590451890321,0.6062220565551982,0.6634735351910911,0.6514849470513016,0.7094362405413727,0.6670456020175295,0.7245774801908712,0.6699401583348233,0.7257411265238265,0.7033791982298235,0.7494810236981306,0.8557318274398888,0.8862388242990832,0.9405026947636228,0.9528629629476693,0.990701323700367,0.991269220666227,1.0176803840278656,1.018970507529966,1.2492812091245153,1.258915781099169,43.20794642559663,1.336346592754997,0.9547430813093762,6.878925780620343,4.6788577395813555e+17,3.163029367583208e+17,0.017981474957858457,0.01215594414914982,0.14362562988223115,0.14280371361716968,0.012001562009685352,0.002892059571653285,0.01747147777765021,0.0,0.0,0.00048204531192223355,0.0028875982526373623,0.004830794863292102,0.09978592044658426,11.304561001004197,7.642176878199219,134,0.0009485275190542491,15,0.04565000534057617,0.44706301427970124
S4,9,7,1,MGCUBED,det,sample,0,1,0,7.549243333856071e-19,1.1520560351258922,1.771513503602666,3.821704259515054e-05,203.93231570062437,2.925871380185397e-11,2,1e-06,0.6358013396968861,0.0,0.6982865057118818,0.0,0.6410411740953419,0.6358013396968861,0.6982865057118818,0.6666008748946491,0.7292505327488165,0.7260079627267519,0.7840906922124764,0.784045129725485,0.8154640556866446,0.940224192833192,0.9438509517848077,0.9920955679281468,0.9912355358139977,0.9983485413338953,0.997061562568714,0.9992657690476929,0.9982283139491741,1.0169530897217045,1.0184832072518055,1.2522116103211256,1.2619734578256943,2.5340739055536474,4.696379724053211,0.9998256524094818,2.040882823132465,6061265575197580.0,5514433014752029.0,0.003971852700141566,0.003613521860684793,0.4882198416156003,0.48804558949367566,0.003600425858157811,0.00017794967244577983,0.003945003044345611,0.0,0.0,1.9888797326164856e-05,0.00017782834793748508,0.00267777820384656,0.007427350516781079,0.14644588541014011,0.13323389568752642,470,0.0009841741686681478,36,0.12071585655212402,0.44706301427970124
S4,9,8,1,MGCUBED,det,sample,0,1,0,1.9625897397140818e-17,0.3589958168719928,1.5639389563264525,1.4944346672193735e-05,2923.186389326691,5.132392872002933e-11,5,1e-06,0.3890952904324328,0.0,0.4273663165958048,0.0,0.397718869847425,0.3890952904324328,0.4273663165958048,0.43200228746057634,0.4688865136278027,0.484610552418474,0.5207473113073419,0.5237013489663935,0.5599709111939993,0.6301742768830882,0.6633547954120957,0.8007265463873455,0.8324926218198585,0.8733681995407464,0.9022244978353726,0.907632341491954,0.9170571449847028,0.9775642499072206,0.9726367546833851,1.0075019053623695,1.0012991210645354,0.030374487688638287,0.46372757978339363,0.7617945351916154,0.5614475431643466,1.730082391897535e+17,9.773276212306032e+16,9.458165782496605,5.342940144760203,0.28080200281227513,0.17030809545475145,0.8280976834170032,0.057063455333102295,0.8993876999153247,0.75244,0.0,0.01789632572052485,0.05668589436974948,0.01656909466707758,1.080102810691549,4.180042015493911,2.361315587499831,46,0.0009774618477040328,32,0.07301497459411621,0.3890952904324328
S4,9,9,1,MGCUBED,det,sample,0,1,0,1.4269030101669847e-19,0.5111054997944718,0.9095487047821145,4.611024013824715e-05,4755.860124085607,6.246563766222287e-12,4,1e-06,0.7103868702003614,0.0,0.7442512889203318,0.0,0.6956943565281712,0.7103868702003614,0.7442512889203318,0.923809045352054,0.9130538630996785,1.0240875341488505,1.00195682676812,1.0361953663522152,1.008209251969594,1.0377124114850016,1.006511896202077,1.0342337212713963,1.0050345111477021,1.0176388664617113,0.9997989465926669,1.0053651703636635,0.996451270631844,0.998727808913974,0.9943169852387209,1.0365180632632478,1.0486249784794786,5.947921083695897,62.3700913518733,1.0,0.46487534534507713,6.213587406562313e+17,5.989952943145061e+17,0.17347077223635324,0.1672273510805356,1.8429265655601346,1.8331213220208271,0.14323204285287325,0.0025006308654119576,0.1477972263772959,0.0,0.0,6.074153158591683e-05,0.0025005431288545187,0.015665495078223197,0.003877408998733427,15.0126124328029,14.472290505029699,6237,0.000957419689244331,19,0.11043691635131836,0.3890952904324328
S4,9,10,1,MGCUBED,det,sample,0,1,0,1.901143209411973e-19,0.6915092715021259,1.1718091498146155,1.0471041663402171e-05,19990.00202258875,9.197381137333267e-12,1,1e-06,0.5571256303819618,0.0,0.5960423751447215,0.0,0.560050685716671,0.5571256303819618,0.5960423751447215,0.6882942214998194,0.7310932892791374,0.7476250897915009,0.7968010909980345,0.7607661252694868,0.812348794903675,0.7644574816321452,0.8135807719796896,0.8079941513926272,0.8424746239740099,0.9262230869743288,0.9437849440956166,0.9938790068702743,0.993269302739458,1.0238327940806957,1.0174014891757417,1.0322943944176084,1.0273013490946798,6.039935103033984,1.6955377213308198,0.975888764151676,0.8103168915278303,9.998639557637792e+18,6.95264101343829e+18,2.748892383911093,1.91146623695511,0.4238706538061214,0.3291865892680364,0.6484068281100426,0.05572316891939619,0.7310268154462672,0.0,0.0,0.006525205188305822,0.05567816566932387,0.021195767261249266,0.307854162950515,241.57654944320558,167.9823555856376,170,0.0009765076248455129,24,0.06269598007202148,0.3890952904324328
S4,9,11,1,MGCUBED,det,sample,0,1,0,2e-17,10.0,2.0,1.1735703810210041e-05,200.0,7.112663895348857e-11,4,1e-06,0.5865588746197868,0.0,0.6495505913843863,0.0,0.5918109739106504,0.5865588746197868,0.6495505913843863,0.6051460780624578,0.6647763903924817,0.6704538639141666,0.7202540395436008,0.7019600278253652,0.7426968148555914,0.7868488884288528,0.804862122095377,0.9536128861477184,0.9553208693637019,0.9939817556327282,0.9927963402171205,0.9988558577396435,0.9974512493091486,1.0160031675393966,1.017146536344163,1.2471588961635087,1.2567608913375057,0.8302695335869232,0.16136329269806743,0.5134244129482894,20.0,1.3280330493990872e+16,6450919409557923.0,0.02656066098798175,0.012901838819115847,0.049363124918691166,0.04870632774090431,0.012718792971105463,0.004301261266524965,0.02431989336878691,0.0,0.0,0.01169832385926851,0.0018557000710995595,0.004939468859097269,2.368336392631187,0.3208652934941528,0.15586028906370325,16,0.001,40,0.0673983097076416,0.3890952904324328
S4,9,12,1,MGCUBED,det,sample,0,1,0,1.158754195971775e-19,9.716537457996084,1.9173929226484092,8.360563183126627e-06,18337.222576267683,1.191789469634398e-10,5,1e-06,0.5769844405091987,0.0,0.6215076806983514,0.0,0.5804265456127429,0.5769844405091987,0.6215076806983514,0.6304087069331409,0.670080899614144,0.7083273745793288,0.7453761926077948,0.7276459472236124,0.7642752552264529,0.7520963834691844,0.7772957854463263,0.902344410939592,0.9046013949544873,0.9855639466380797,0.9833444454070547,0.9977073833561356,0.9962671357704002,1.016439290613772,1.0177502733146795,1.2511582668977275,1.260867052070314,139.2416968391592,0.05098109420230416,0.30426162836494913,18.63042015460986,2.485075867036648e+18,3.765096529485999e+17,0.02963599019388531,0.004490098886193609,0.05343572306582157,0.052130709549435016,0.004453469885322947,0.0040111705308582025,0.02053159941964931,0.0,0.0,0.010522502100913333,0.0019122405473901202,0.002713174459769665,3.878299113064274,60.04177364356626,9.096827850135064,5,0.000983278421870979,39,0.0741109848022461,0.3890952904324328
S4,9,13,1,MGCUBED,det,sample,0,1,0,2e-17,0.4620039950791045,1.3047941539061383,1.187041843695821e-05,13837.56871914745,4.328410603898564e-11,3,1e-06,0.5023922933996053,0.0,0.5405518482384526,0.0,0.5095853516185334,0.5023922933996053,0.5405518482384526,0.5442840089388042,0.5792023441238057,0.6246730895114833,0.6597666860568951,0.714228405274509,0.7405981208510465,0.8482107429972355,0.8700674570698282,0.9137382620423431,0.9321159470933884,0.9560149200511111,0.958073033299596,0.9922970251104738,0.9899921856207853,0.9987316879714072,0.9961450285068615,0.9995692320430418,0.9972006899173618,0.03835878415096233,0.4158247658677263,0.7359645784328839,0.6028201118604959,1.5073729095069627e+18,8.125521164204325e+17,65.25367423495418,35.17511212349179,0.04585665593198489,0.025038153568134495,0.9676617507752205,0.015533373650920466,0.98474685432586,1.0,0.9982,0.008831670750366739,0.015219914397329042,0.007717263147373413,1.1444045099554,36.419549290052416,19.632024476537573,42,0.000966514188078621,27,0.13310909271240234,0.3890952904324328
S4,9,14,1,MGCUBED,det,sample,0,1,0,2e-17,0.3608920481113159,1.197602669975327,2.728646553994782e-05,9559.240709261017,4.7894124971433626e-11,5,1e-06,0.5137121872832694,0.0,0.5524938562395186,0.0,0.518304265088019,0.5137121872832694,0.5524938562395186,0.6245623660177024,0.6825168540573014,0.6861124833888347,0.7523250681159401,0.7322780323368862,0.7977454817020813,0.7590211390322632,0.8169637573200849,0.7964062181724489,0.8261959546008063,0.8971728952869862,0.8978161697372249,0.9839699522327209,0.9809789271227731,1.0045023527775245,1.0018738539465935,1.0069146890745198,1.004501447516275,0.029963767246061177,2.1634572595468238,0.9891539707648237,0.4322052803909761,3.343064674537163e+17,2.4058962323845485e+17,18.526674067952897,13.333052057952012,0.1614251703056406,0.11848998766522031,0.9274800977910755,0.01502570604800008,0.9483938920375816,1.0,0.9318,0.00174384722731048,0.015013549731252806,0.011529813141417676,0.15124679003219832,8.077159137347284,5.812871909097802,216,0.0009980022249794392,24,0.08204007148742676,0.3890952904324328
S4,9,15,1,MGCUBED,det,sample,0,1,0,2e-17,0.2781805656688,1.746562455125129,1.1065047464511854e-05,4562.033660348438,1.0374806065712625e-10,5,1e-06,0.42629455004662437,0.0,0.4713654231748222,0.0,0.43539637591735125,0.42629455004662437,0.4713654231748222,0.4438372737432971,0.49333741637961426,0.46744585871581806,0.5158984068585363,0.5189164074369189,0.5609945565061658,0.5814299489837144,0.6167153973345458,0.6936888328816808,0.7193349308634269,0.865089158581083,0.8809003001427476,0.9363005637785536,0.9465978696707995,0.9666036555438885,0.9632839271575976,0.9972063524903607,0.9895110599598709,0.023096484851078108,0.11261369400476796,0.4389219510230215,0.48585973174259656,3.139681855403998e+17,9.033785805731933e+16,22.57297771938593,6.494907927168068,0.27461407451406716,0.08731214310251427,0.8340240356904859,0.09483983188050389,0.9406131560444988,0.77096,0.2108,0.07401630896088257,0.09184616806279336,0.015840949592212897,4.672466668113605,7.585767089669257,2.182647740002457,11,0.0009980356886429309,35,0.09651780128479004,0.3890952904324328
S4,9,16,1,MGCUBED,det,sample,0,1,0,2e-17,7.248208282591722,1.0172764446736005,1.3401059002854717e-05,930.0804922481307,1.3949205058485268e-10,5,1e-06,0.4878939766953276,0.0,0.5332767123109844,0.0,0.49264089662308047,0.4878939766953276,0.5332767123109844,0.5242037633592013,0.5739082154375933,0.5654830337429266,0.6258078120036639,0.5906486242099291,0.6505881508905266,0.6627564449026635,0.7135559270077256,0.7037215432033015,0.7480181358483121,0.7645298161561643,0.7900464145556482,0.9386936343091858,0.9418771296882013,1.0160289358941503,1.0106483115923144,1.1809566637730688,1.1865418539434986,0.6017966510128302,0.2109300916043114,0.5736663337231205,7.37343155196865,4.676453141678577e+16,2.0683394926812908e+16,0.12903749338743978,0.05707174551396088,0.12829977131015793,0.12012184183623976,0.05360233204854776,0.019167580924139255,0.10181374763622887,0.0,0.0,0.027759441991939898,0.016501316627117516,0.0098768780948121,2.8105482041456744,1.1298751265981717,0.49973030314646455,21,0.0009688347092129528,21,0.05865979194641113,0.3890952904324328
S4,9,17,1,MGCUBED,det,sample,0,1,0,2e-17,0.3178710554076206,1.7818993050767238,1.9549882026005888e-05,7387.15320847713,9.633638674809575e-12,5,1e-06,0.6616278904173973,0.0,0.7276925176082679,0.0,0.6660718848923481,0.6616278904173973,0.7276925176082679,0.676065504119039,0.7439170101274892,0.6901541731550913,0.755349926751254,0.7134610519878434,0.7591456550488098,0.8258487659876008,0.8299298710353801,0.9512823896740235,0.9470379704525629,0.9942585243115252,0.9922618170347249,1.0002628374486966,0.9986806606903881,1.0008903819782353,0.9993649406895666,1.0010110632576463,0.9996162519922438,0.026391865291406823,3.710765581726754,0.99915162521204,0.5664142127348439,1.1270955198059921e+18,8.687264486580433e+17,70.91526583700211,54.65904704937891,0.031719774503331126,0.024549619624269114,0.9816099358741337,0.0028860494340540443,0.9860150312321563,1.0,1.0,0.0003261782539157503,0.0028839161751740817,0.00599001949348749,0.0544536214398601,27.231689371144274,20.989249254069637,371,0.0009899440583759577,36,0.13962101936340332,0.3890952904324328
S4,9,18,1,MGCUBED,det,sample,0,1,0,2e-17,0.23926819690533352,1.389785053768654,1.1484742405332877e-05,200.0,5.5923218500573565e-11,5,1e-06,0.5350783304225346,0.0,0.5854601018671761,0.0,0.5396328725115219,0.5350783304225346,0.5854601018671761,0.5819736446092195,0.638426605880292,0.6079719573814688,0.6679780979085053,0.637655973261418,0.6954888205562211,0.6990543440390158,0.7543056779091735,0.7165618779868743,0.7682719289662433,0.7342771871626269,0.7684934049320195,0.8752028066879667,0.8762342159211214,0.9978969586490773,0.9918111153937336,1.019103958823586,1.013200815942004,0.019865709424677542,0.28284693189663684,0.6430345324306412,0.33253136390120785,1.91371021278881e+16,1.206328458342951e+16,1.599636088323071,1.0083483504665143,1.4973672925090795,1.1567908083215512,0.4998538569950704,0.03398039975445041,0.559242553892987,0.0,0.0,0.0135129816713468,0.033659956766138734,0.022308899520390436,0.6057215712947146,0.4623704126693861,0.2914603179579771,28,0.000992703609834753,28,0.08840394020080566,0.3890952904324328
S4,9,19,1,MGCUBED,det,sample,0,1,0,2e-17,0.4219333899557289,1.0118426858844383,2.1716435836960194e-05,3511.1417066527088,5.84977699047568e-12,5,1e-06,0.6802327445358644,0.0,0.7198596022197603,0.0,0.6564382024888379,0.6802327445358644,0.7198596022197603,0.73282710422839,0.7403208680322878,0.8065941277759845,0.7814042548586246,0.8246443198567908,0.8334128253299652,0.9427350692951747,0.9502089728720042,0.9919371219690187,0.9918444236245658,0.9989179155848139,0.9977496188352348,0.999647304996403,0.9983686254984602,0.9997215874303124,0.9984443640699945,0.9997775935842279,0.9986252063685628,0.03503184388832925,13.279249818508536,0.9999999997240403,0.42693021455713076,1.2082848122052577e+18,1.0876692082550729e+18,57.27372333969759,51.55644156861802,0.0445673853095028,0.04019484336415021,0.9809228545871395,0.0009752663385853911,0.9828395858546205,1.0,1.0,0.00010223120418863641,0.0009746627626629934,0.006115634421132788,0.016716369414655152,29.19329914780311,26.279112548383594,1328,0.0009636597008423222,21,0.11541914939880371,0.3890952904324328
S4,9,20,1,MGCUBED,det,sample,0,1,0,1.9743888497281803e-17,0.3832493904927443,1.100530121477457,1.40755372424034e-05,3705.232216680091,6.998048824460175e-11,4,1e-06,0.435248619139559,0.0,0.4700951999019423,0.0,0.442948549434886,0.435248619139559,0.4700951999019423,0.47834671356277203,0.5123920619363976,0.5181196783681773,0.5535896541430495,0.5524816223177861,0.5871456386733033,0.6716890969305063,0.6964396499733204,0.8429646361649717,0.8702638999187565,0.892716901133366,0.9160155835261327,0.9316786974464268,0.9347209951939761,0.9905154603341592,0.9853521741547456,1.0049237632484451,0.9994519232475488,0.03223278866629448,0.42874573038208114,0.7432574519018864,0.42177749827514127,2.4777838180518355e+17,1.3647286325770371e+17,12.76481806300767,7.030683053665291,0.29523246152149857,0.17224479937038367,0.8621458165844011,0.05052113139647545,0.9227884105725833,0.88484,0.22264,0.01600748319777676,0.050182754895341256,0.015113334442296553,1.0591629040496728,5.9865590871703445,3.2973129202608673,43,0.0009569827143282235,23,0.0823049545288086,0.3890952904324328
S4,9,21,1,MGCUBED,det,sample,0,1,0,1.2492060218755329e-17,0.35306879879254216,2.0,1.1430141073010316e-05,3842.7002101703983,6.044305012266746e-11,4,1e-06,0.41238393715144517,0.0,0.4631904257542337,0.0,0.42132268021020886,0.41238393715144517,0.4631904257542337,0.4396329560572735,0.49067414745874766,0.477009912855773,0.5274445339469132,0.5155875224645727,0.5640446863411658,0.5587671460624867,0.6051134680616371,0.6751108557638801,0.7052272489243213,0.8541636830107492,0.8766111909151648,0.9123395864169439,0.9243033037677748,0.9660620376506015,0.9598181018170744,1.00325720374286,0.9941397871722291,0.046932573452929935,0.18012565090026994,0.5377234529818289,0.7061375975850843,2.8793512655420298e+17,1.10956825288554e+17,10.187541216644084,3.9258052479482046,0.28749707280888814,0.1265831841499638,0.7671281425083925,0.10027871107538074,0.8909820879578868,0.50004,0.0,0.06518770209978322,0.09797321658656656,0.01823763637321002,3.574350358006918,6.956783863993037,2.680821409339227,18,0.001,40,0.07590889930725098,0.3890952904324328
S4,9,22,1,MGCUBED,det,sample,0,1,0,9.812494939554455e-20,0.4189301346778446,1.587337890421572,1.582533156572305e-05,1756.7449539963393,4.2920996314672e-11,1,1e-06,0.6788845273156188,0.0,0.729999990910937,0.0,0.6832339847209369,0.6788845273156188,0.729999990910937,0.6794195875917602,0.7301542652818451,0.6842812998798292,0.7305280939290033,0.783650745533684,0.8106013504523304,0.9428043109651286,0.9587326962512984,0.9771980562484651,0.989037380599443,0.9896427373263573,0.9928799340061727,0.9984162706610986,0.997742906797548,1.0171123989049415,1.0184747100042622,1.250914942835336,1.2606145109630886,7.089428930503465,0.6126539074519418,0.8248099661508062,0.6649836762135549,1.0905276977991002e+17,6.645291312302755e+16,0.025543155362472324,0.015565098324564255,1.4807483190750887,1.466341327902401,0.015309762494407318,0.004210678581609585,0.022957976156699946,0.0,0.0,0.0005791368888104508,0.00420577170239004,0.005431685998250271,0.10662193819690796,2.6348176348182046,1.6055649731314836,61,0.0009920861815134825,32,0.10317802429199219,0.3890952904324328
S4,9,23,1,MGCUBED,det,sample,0,1,0,1.3847458735230456e-17,0.28740318132197235,1.8451228642324207,4.025065115131301e-05,4397.26045229344,5.4077542866843185e-11,5,1e-06,0.6177910325056073,0.0,0.6741928658134044,0.0,0.6219269228273345,0.6177910325056073,0.6741928658134044,0.6412609777280864,0.7068785459879521,0.6479713736492928,0.7153946702404773,0.6579716380432575,0.7270505402286753,0.6770825476948406,0.7463536749358635,0.6893464190693028,0.7503779849772989,0.7343824969509704,0.7625226194675273,0.9149297754342832,0.9101351301005786,1.018872205130889,1.01364282496157,1.036303320203256,1.0319902732722255,0.03446438944071288,2.7061528931362013,0.9956183203902457,0.5302941811103073,5.848750503816699e+16,4.352764623552581e+16,2.8180039929178147,2.09721855657856,0.6088513673795997,0.49390879547121463,0.6722958102228848,0.040798356332874305,0.7365642179750002,0.0,0.0,0.0046438648043515985,0.04076808573528664,0.020902110728957774,0.22217205068758872,1.413113211173756,1.0516689317928691,271,0.0009973637103959032,37,0.1178898811340332,0.3890952904324328
S4,9,24,1,MGCUBED,det,sample,0,1,0,5.6748700288164854e-18,0.3882944353600862,1.6895925756314614,8.8227763313427e-06,2672.101383007622,6.12021547536299e-11,5,1e-06,0.35993847384778777,0.0,0.4031804096511306,0.0,0.3690230426508635,0.35993847384778777,0.4031804096511306,0.37784165986172263,0.423191718528435,0.4063800951547558,0.4543485835196496,0.4442187614800956,0.48874599452139017,0.5240164621653496,0.564510906393557,0.7077056694038103,0.7400327181247364,0.838333820059054,0.8686320616108218,0.8707339319116847,0.892243759322381,0.9295196802301997,0.9262219745054971,1.0092588780240044,0.9970465217629418,0.11361988489736456,0.1254615311229232,0.4604554796508649,0.6560593951434119,3.766214974945057e+17,1.1817126088146101e+17,5.50427163952927,1.7270568042567178,0.5589367385478101,0.23434633737347682,0.603254663426634,0.12266762498934224,0.772634440214081,0.0,0.0,0.07358745230832574,0.12037302403093622,0.02115828983860878,3.4779489679759643,9.099530119710662,2.8551289685494594,13,0.0009938779856655654,34,0.06644678115844727,0.35993847384778777
S4,9,25,1,MGCUBED,det,sample,0,1,0,1.3511259777497463e-18,0.3661044991297893,1.3946849750515065,6.000000000000003e-06,8809.007227384393,1.6605273841240199e-10,5,1e-06,0.39341503042303155,0.0,0.42562695022828345,0.0,0.39932537719678124,0.39341503042303155,0.42562695022828345,0.41204812926311707,0.4415588384070884,0.49898531199062185,0.5250477406830703,0.5783069375288189,0.6104362680514009,0.6819631193283101,0.719849845296069,0.7829367118898363,0.8137002663666906,0.8308869918162601,0.8609210806520359,0.8437957061891671,0.8669528529201267,0.9092168953886848,0.9058308149388533,1.0131290874439811,0.9989655819706594,0.44994384941485366,0.02590771351803109,0.21959301491918265,0.5106004442350744,3.072517972440645e+18,2.5294694990227466e+17,11.339272965874747,0.9335126878196789,1.0129121612497929,0.15871911747472137,0.454541135532904,0.13332809944483337,0.667437419517788,0.0,0.0,0.10861946192272484,0.1288343549048214,0.021368252215363537,5.083216953262497,74.23492822255547,6.111436560676599,3,0.000996203553608219,28,0.04548382759094238,0.35993847384778777
S4,9,26,1,MGCUBED,det,sample,0,1,0,7.543345483960682e-18,5.572610534897391,0.5792042430489192,9.31356626805909e-06,1490.8798462737734,5e-12,5,1e-06,0.63479031804167,0.0,0.6969475534352978,0.0,0.6393130964793059,0.63479031804167,0.6969475534352978,0.6494887320361007,0.7108945113628692,0.6535721104099496,0.7160995654063508,0.6563781678708097,0.7200218583993282,0.6595555296810505,0.7198859338142175,0.6795560747109197,0.7187512834979461,0.8473941667137341,0.8453840644710278,0.9901689988986022,0.9860980645288747,1.0176668059538474,1.0152351125678174,1.0209044646695908,1.0189333387768842,1.2267153239921653,4.992051173112806,0.9998911215830057,3.227679666671676,2.7810219441024773e+18,2.2682825812637386e+18,3.764520989125118,3.0704530773452943,0.07611439872165728,0.0650264925296818,0.7524952370227279,0.0215246593928636,0.7892538613185895,0.0,0.0,0.002402943550152392,0.02150945071448383,0.01926804891800919,0.12471130628625518,67.19210961744415,54.80384366143504,499,0.0009653404050815319,12,0.047308921813964844,0.35993847384778777
S4,9,27,1,MGCUBED,det,sample,0,1,0,5.774070983112803e-20,0.5398493266956894,1.976710982963414,6.000000000000003e-06,3853.089597116382,7.726455908980425e-11,5,1e-06,0.6012139788569317,0.0,0.6497654433941717,0.0,0.6047788689519771,0.6012139788569317,0.6497654433941717,0.6103437119875323,0.6588515981288069,0.6596192678744399,0.7032445229053969,0.7164642005859001,0.7579201331706512,0.7279834949836969,0.7683083385659771,0.7535934290910592,0.781468260349668,0.9076888372323285,0.9128544927256391,0.987802487249672,0.98623676146669,1.014670221040404,1.014388743040665,1.2412013348508748,1.2503940843422616,15.525283634154736,0.03928508927834572,0.2686276331366224,1.0671260932247735,1.3769615070719954e+18,1.6796948824166986e+17,0.14727578770010102,0.01796552667835859,0.9205580703976763,0.8168013227655965,0.0175942218566246,0.007571366225318662,0.034243510942455854,0.0,0.0,0.007076837460392135,0.0071840487365367614,0.005700942056591844,1.2413452706837076,33.26868697256613,4.058301046582606,4,0.000988355491481707,40,0.09000897407531738,0.35993847384778777
S4,9,28,1,MGCUBED,det,sample,0,1,0,2e-17,0.36206161118642466,1.4083704334324965,7.36346452683376e-06,8982.130634919502,7.867651376850822e-11,5,1e-06,0.4142026537940596,0.0,0.46198766672040836,0.0,0.4227700483239717,0.4142026537940596,0.46198766672040836,0.4594198802650964,0.5023302584154666,0.5124749289247528,0.549507846870388,0.5775159140413229,0.6159666190235039,0.6901372250702669,0.7305485997989429,0.7982255375404403,0.8259199820154826,0.9068001930822778,0.9200167833165406,0.9656422093171532,0.9709702459182187,0.9869531325182932,0.9835726882168643,0.9967534117987138,0.9922512160006388,0.030060872504948277,0.08155510303343814,0.37914329739773617,0.5099168682758929,1.9267365455913746e+18,4.3371822654447155e+17,106.43141863495175,23.95825534351672,0.0785753632740767,0.01825447346057819,0.9362099890087672,0.05544137399495023,0.9896316641075518,0.96512,0.8604,0.06581060510715202,0.051295368260848045,0.010123152490609234,6.500999087804059,46.551769736967174,10.479040873035895,8,0.0009712899540913768,29,0.05200481414794922,0.35993847384778777
S4,9,29,1,MGCUBED,det,sample,0,1,0,4.009516863893726e-18,0.3586594498286005,1.9979104141615949,1.120344905076551e-05,16871.19881883304,9.743553532709594e-11,5,1e-06,0.4087040663884652,0.0,0.4519057084005288,0.0,0.4179187720685471,0.4087040663884652,0.4519057084005288,0.42643936037248487,0.47404592010476143,0.4412172334443586,0.4878314921096346,0.48360677937912583,0.5250292243192746,0.5405812048199051,0.576561967182885,0.639322225688082,0.6685466315377647,0.8223129008321368,0.8413207586801507,0.9126051716928546,0.9268868569174495,0.9506240167078562,0.9489017588400217,0.9988428367242906,0.9889942717610627,0.14853860164915247,0.10746297276096876,0.42982448287693875,0.7165694499500289,1.1044017841501147e+18,3.046136505240366e+17,12.346301150521349,3.4053293990497857,0.3167840624992834,0.10456366359034269,0.7314851634452145,0.12860402379403976,0.8904322531196274,0.34504,0.0,0.10127509852200628,0.1244370892164272,0.018850862035357647,5.372438583023391,26.68338734244125,7.359752712626091,11,0.0009989552070807975,40,0.06412196159362793,0.35993847384778777
S4,9,30,1,MGCUBED,det,sample,0,1,0,2.2072755189604034e-18,0.29120110829429846,1.6144641619413238,8.150816410442756e-06,200.0,2e-10,5,1e-06,0.6011545524434412,0.0,0.6577383356457018,0.0,0.6059373395601912,0.6011545524434412,0.6577383356457018,0.6193882515446543,0.673811241527584,0.6840830914496902,0.7343275598252399,0.706745653453742,0.755674106839439,0.713035304006538,0.7573827687173209,0.7948963761522424,0.8178713865553208,0.9526294609405088,0.9585843297175761,0.9955449646859437,0.9941419079388036,1.014861831438353,1.0143336526487174,1.2235610427988655,1.2323056572151603,0.21907134500125772,0.03429198044097839,0.2515946873583499,0.47013375325873924,2.8143174393416988e+16,4049840438111007.0,0.21332247060557935,0.030697388849578504,2.0637039323067263,1.753082388168019,0.02976457608238672,0.004772263362301894,0.03990479439006988,0.0,0.0,0.005749815072927034,0.0044159332939057655,0.007572885789232265,0.7592634080263803,0.6799656014349093,0.09784795953436232,3,0.0009784631284492872,33,0.05472517013549805,0.35993847384778777
S4,9,31,1,MGCUBED,det,sample,0,1,0,1.1688696733643562e-17,0.3781454780709208,1.8314771874608102,8.378634201972173e-06,2956.9461526906953,4.918999548149803e-11,5,1e-06,0.4089625905207817,0.0,0.45429730831753895,0.0,0.41846881117935625,0.4089625905207817,0.45429730831753895,0.42717108468535503,0.4772698661079876,0.4440615150193816,0.49387011816076454,0.4904735899137296,0.5358599191608685,0.5501052653324365,0.5909121820987003,0.6486447488900535,0.6813512014567628,0.8257715301748556,0.8462777226140547,0.9156914659826917,0.9294703506645716,0.9571246738786282,0.953956886051838,0.9981160459978011,0.9896263094940756,0.05372073155123773,0.12987241423922893,0.4674993361758136,0.6925648166283536,4.919512478349663e+17,1.5721160338669373e+17,15.206499289678106,4.859502126989006,0.24642164864209493,0.08909439037671237,0.7966150489895485,0.09944430729856706,0.9196392582704134,0.62912,0.0392,0.08598911407424292,0.09553608658623491,0.017262514009237107,4.981262522262427,11.88600551716734,3.7983804156216436,13,0.0009899876688977353,37,0.07869291305541992,0.35993847384778777
S4,9,32,1,MGCUBED,det,sample,0,1,0,7.498766911711283e-19,0.4195954633965792,1.4337300889221447,7.620148759449641e-06,9072.504869398048,1.5175672951079938e-10,5,1e-06,0.3961452206575349,0.0,0.43237973479322955,0.0,0.4024086168068087,0.3961452206575349,0.43237973479322955,0.4535753021066151,0.4906658913935662,0.5182145109696678,0.5594968518791464,0.6057578975780136,0.6550424523476206,0.6800940803358231,0.7237171422540692,0.7595011043573008,0.7987580742734183,0.7799356653916525,0.8181946204965048,0.7942170966329595,0.8195133659452807,0.9280306829534959,0.9201211337681313,1.0498287670308615,1.0361020886825791,0.9291589771789937,0.044479540362026136,0.2851069344546113,0.6015866410469061,1.5966872465013e+18,2.1402278898779728e+17,2.853506898166563,0.38248912307638266,1.202375430452095,0.4313657658807324,0.26558264860999325,0.09336099604183634,0.42739920257013514,0.0,0.0,0.06020977105886404,0.09133591162742724,0.01906455793798494,3.158204415477153,38.5774677971175,5.1709921702686445,4,0.0009887793716704446,29,0.04153871536254883,0.35993847384778777
S4,9,33,1,MGCUBED,det,sample,0,1,0,4.538180520792155e-18,0.39369257733879565,1.670047280619658,1.0871534181614525e-05,6286.082524944254,7.35288334725449e-11,5,1e-06,0.3601571888824199,0.0,0.4068001861972759,0.0,0.3695735437457787,0.3601571888824199,0.4068001861972759,0.3843108312400226,0.4322496689833164,0.4143290018991845,0.46348284177054955,0.4436370087553366,0.49215112499532415,0.5037865007691025,0.5478571591085579,0.6835880559512245,0.7170847061617652,0.8420366926286318,0.8705849048409086,0.8870465649480063,0.9069303076669296,0.9400998123711447,0.9371102101740463,1.0100407426912117,0.9985870488044735,0.1440537462386618,0.16041463164689795,0.5121405770476123,0.6574852181848001,5.198910870384646e+17,1.864325150359625e+17,5.992898367756248,2.1490484120822204,0.482986141269454,0.21749876249242647,0.6501399888858184,0.12279183469980816,0.8089617477640801,0.00636,0.0,0.06375557944556495,0.12101313350010577,0.02057322946518689,3.098958262894473,12.561058348892153,4.504385164279955,16,0.0009823807533056812,34,0.07023406028747559,0.35993847384778777
S4,9,34,1,MGCUBED,det,sample,0,1,0,2.6660338954868642e-18,0.41938093540524435,1.330887535600219,6.109691497980924e-06,1119.9832347227998,1.0206087596517201e-10,5,1e-06,0.41444998477153916,0.0,0.45272587818941773,0.0,0.4206869876354475,0.41444998477153916,0.45272587818941773,0.46606581841649664,0.5061487920832604,0.534034466081228,0.5806799634719586,0.6188442136836485,0.6708410286292336,0.6879787890443069,0.7327281745739783,0.7535260108669164,0.7953520923274254,0.7668036911586328,0.8068123855466921,0.7891727544356734,0.811859428100504,0.9468431879104977,0.9373408505836306,1.0465018112347937,1.03355244766299,0.2612113928660855,0.045802234255205757,0.2891271664443389,0.5581488595992002,3.851416563778855e+17,5.674137718079988e+16,2.448372407475338,0.360708897495405,1.3166936274763017,0.519560106181866,0.25747564014709295,0.0772772014459319,0.39492526768532515,0.0,0.0,0.052494693991351454,0.07546215618577233,0.019100726310429597,2.748308788796565,9.305385183481063,1.3709251174598287,5,0.0009858426189631251,27,0.054817914962768555,0.35993847384778777
S4,9,35,1,MGCUBED,det,sample,0,1,0,2.73073559923875e-18,0.43593587952769103,1.6132640416949369,6.000000000000003e-06,14799.844596412935,1.4911555854301308e-10,5,1e-06,0.4172771722156253,0.0,0.4512306392485544,0.0,0.424798569193371,0.4172771722156253,0.4512306392485544,0.44916078206147453,0.48188651967735446,0.4997665646848158,0.525978180755471,0.5587322779167846,0.5756221249534516,0.6048347281659954,0.6217852755037976,0.711581885041094,0.729401829686682,0.8596805454910342,0.8744976032725034,0.908379277541239,0.9208973474872587,0.9373261389783563,0.9357028673906107,0.9897459241390183,0.9789641522609198,0.2650892158656157,0.024941515403875025,0.21556243373176645,0.7032796789266799,5.12618625508723e+18,3.957889117017833e+17,32.110821688412756,2.479251930671536,0.40868251216665075,0.04294394844284746,0.6555579295181291,0.15319235400760028,0.8895990847864597,0.16484,0.0,0.21301600280612215,0.13734967382883792,0.020008830371704922,10.646099689432841,123.85348828393298,9.562632900769083,2,0.0009777357828454163,33,0.06125307083129883,0.35993847384778777
S4,9,36,1,MGCUBED,det,sample,0,1,0,4.493937133145008e-19,0.37637928497584927,0.8741881355479983,1.0946987918725723e-05,7573.951492139588,6.242741800295334e-11,5,1e-06,0.5157528236625736,0.0,0.5584460106862681,0.0,0.5200831484081405,0.5157528236625736,0.5584460106862681,0.5543545190296711,0.6020564995330145,0.6112077872075737,0.6687653239096469,0.6338675956007139,0.6965541212049362,0.6761558061965197,0.7363249472981279,0.7293081221043242,0.7876009459944072,0.7420694440756143,0.794920507192242,0.7748142958784714,0.8017487348546285,0.9706110171664364,0.9627820658257653,1.0770875354907816,1.0664005696650956,1.3907459945706124,0.36598033163324384,0.7052815857240546,0.3290263053919264,9.628870307329151e+17,5.0138665499520435e+17,1.1496790485459478,0.5986514659250953,1.9011465199808968,1.4138253211155543,0.36458349209159513,0.0821919586960945,0.49018475998574096,0.0,0.0,0.012366333779313685,0.0820715358538116,0.02116322138309723,0.5843313527490906,23.26425760696453,12.113973841380094,37,0.000971320150608887,18,0.05918407440185547,0.35993847384778777
S4,9,37,1,MGCUBED,det,sample,0,1,0,2e-17,4.362479074064973,1.1846730690227207,1.0118127174635588e-05,12720.87695953265,5.758719758036036e-11,3,1e-06,0.3772537684372167,0.0,0.4282237690622629,0.0,0.3861243042000786,0.3772537684372167,0.4282237690622629,0.4321396046343893,0.4795283299086504,0.48315108225013653,0.5270035805190537,0.5171709359817539,0.5602452833384425,0.5973159320258136,0.6402009653271314,0.7098390659613545,0.7396333728655892,0.8392724479712651,0.8690857795195658,0.8913685086419204,0.9036044100271792,0.971776541888466,0.9646153380722158,1.0044846497631632,0.9952877000153433,0.36220334661066383,0.2501062569744101,0.6136246752206488,5.168111473219949,1.621694827305504e+18,7.253745935825384e+17,7.434739742118251,3.325515521185672,0.044733229464399345,0.02294015989548797,0.7375793760236165,0.10405053223126254,0.879794251241637,0.31224,0.0,0.10580189745680627,0.09808568425380486,0.01901463250287743,5.564235724292624,39.181674504017636,17.52573341215999,25,0.000987227557518934,24,0.04868793487548828,0.35993847384778777
S4,9,38,1,MGCUBED,det,sample,0,1,0,2e-17,3.908969513801802,1.3242166032176572,7.711414380874545e-06,15185.94607607483,4.512729989185271e-11,1,1e-06,0.5373970430260908,0.0,0.5907003518530975,0.0,0.546835806592891,0.5373970430260908,0.5907003518530975,0.5621264307631203,0.6094181275874,0.6158149070540615,0.660401899735728,0.6875147921830586,0.7253151861438335,0.7845766451948013,0.8089846106893044,0.8765008702602844,0.8911180503664465,0.9371324305890618,0.9438759635395321,0.9757754111177447,0.9711416622395724,0.9900868460668842,0.9825231362280129,0.9939739727812397,0.9874858951410803,0.32454982950297245,0.16585113720645894,0.519422891038763,5.176322331648,3.5726272947258675e+18,1.2984664985067686e+18,18.27912590319072,6.643523281121222,0.025274646789770077,0.01002054512895476,0.8326401673429529,0.09741350264389892,0.9475661492125038,0.75856,0.2318,0.11882434267534796,0.08938211424763658,0.01583604422120269,7.503410638134963,86.31804050254118,31.37217363108687,17,0.000980901187568635,27,0.05519700050354004,0.35993847384778777
S4,9,39,1,MGCUBED,det,sample,0,1,0,2e-17,3.8869919927540497,0.847478992843919,1.0818393344296224e-05,12401.092408739047,5.768617692469533e-11,5,1e-06,0.35846846544076844,0.0,0.40021276832182623,0.0,0.36820778201649057,0.35846846544076844,0.40021276832182623,0.4150079139434533,0.4574835259404965,0.45931243452033355,0.4987743734058551,0.49757381724058064,0.5338000678171289,0.5576780174839516,0.5938607911822825,0.6733270557872515,0.7031074886245244,0.8273622185528579,0.8556778598684747,0.8953491592650807,0.9094004613244521,0.9647756438109085,0.9603006983691795,1.0060552971894396,0.9990121653307641,0.322725102888001,0.39900063410426595,0.7260782741501588,3.29414405921158,1.732481840818564e+18,9.231016839517619e+17,8.914254745305247,4.749696864169339,0.05279739119023853,0.03061944668171727,0.8068609919023659,0.07090806283987307,0.8980054724800808,0.66068,0.0,0.04622888448186581,0.06913121627983948,0.017244823110457465,2.680739847881192,41.85839310091501,22.30300615486568,40,0.0009970341092281401,17,0.04386615753173828,0.35846846544076844
S4,9,40,1,MGCUBED,det,sample,0,1,0,2e-17,4.145683811792239,0.5742050589608488,1.6651399181924525e-05,10818.692772430784,5.643082627370486e-11,4,1e-06,0.49138666852114166,0.0,0.5274493858248476,0.0,0.49701159531970496,0.49138666852114166,0.5274493858248476,0.503033814682796,0.5396490416620732,0.5272178943146786,0.5679622630647364,0.629924759064231,0.6738117704102611,0.7615855330531934,0.8127863327719339,0.7948551684729789,0.8444446771609417,0.8155916261643466,0.8453543494108984,0.9209021638069084,0.9209064534157574,1.004510739649924,0.9992438342052424,1.0189694211328804,1.0137654467430395,0.34420349648156007,1.4261552014897116,0.9614018227253076,2.380472617583199,1.156992763460671e+18,7.896303262598168e+17,5.581673933596428,3.8094093139170124,0.08734641198020068,0.06382641430631654,0.7837380473873178,0.04543466548583298,0.8469418110232821,0.46184,0.0,0.007058750767451569,0.04536624756197676,0.018253544998607728,0.3867057477322881,27.954034938091226,19.07821243619526,143,0.0009570084316014147,12,0.03447127342224121,0.35846846544076844
S4,9,41,1,MGCUBED,det,sample,0,1,0,1.876877116666535e-17,4.316514437635977,1.4740309838620709,8.0299944606338e-06,10865.188363088537,6.416700743123358e-11,5,1e-06,0.3086670277574613,0.0,0.35541777682726944,0.0,0.3210124912974627,0.3086670277574613,0.35541777682726944,0.3596237128047712,0.4092486234694651,0.4061656874976919,0.4524386620550716,0.4500255636820879,0.4907856998640831,0.4974303134034735,0.530615324598292,0.5875575667326863,0.6214466148332077,0.7014069499142301,0.7301192332315961,0.8398687846596512,0.8647612185034044,0.9122834706947736,0.917014858266612,0.9934147212589886,0.9833866539521968,0.3818971841078704,0.11362158494261938,0.4406695061290992,6.3626760233633926,1.9611436555197353e+18,5.6222084005741037e+17,8.52730994583821,2.4446099844269282,0.04562681289255636,0.0164964272329498,0.6508323653968376,0.15245939433467814,0.8916238536049255,0.15872,0.0,0.25542665224423233,0.12915133371363954,0.02009493659565265,12.710995679353946,47.383077920934774,13.583785052275381,11,0.000982687322574714,30,0.06165790557861328,0.3086670277574613
S4,9,42,1,MGCUBED,det,sample,0,1,0,2e-17,4.073997903562173,1.2336339325725938,6.147822262321392e-06,14699.77954325431,6.83982744056473e-11,5,1e-06,0.3498739864745769,0.0,0.4020386977916797,0.0,0.3633398780349648,0.3498739864745769,0.4020386977916797,0.4020009072643379,0.45066554151585586,0.4482067712199721,0.4885207458577672,0.5018424765433988,0.5307358115945946,0.5644075372850491,0.5890766656642074,0.6503685943143809,0.6701458696668853,0.771456680977688,0.7925323066345255,0.8782043349292317,0.8925500548650788,0.941143671520886,0.9445390446623887,0.9895415714139982,0.9819278434384451,0.3382516339224669,0.07465517266956938,0.3639651369359374,5.025822055063906,5.312127825957557e+18,1.1087472984195996e+18,26.078205986865154,5.443043048451972,0.030881746889284457,0.007348065256449163,0.7725696546717686,0.14312410837331446,0.9620304038993279,0.49936,0.16504,0.2538867538032847,0.11831276087895172,0.017275534796207023,14.696318047359522,128.34601177475028,26.788379060237144,7,0.0009869071460580751,25,0.06064176559448242,0.3086670277574613
S4,9,43,1,MGCUBED,det,sample,0,1,0,6.457655047454975e-18,4.507282926680189,1.119878909675453,8.276517058954656e-06,17495.162081873535,8.204896449598431e-11,5,1e-06,0.317687018862896,0.0,0.3603902552429855,0.0,0.32804648536567454,0.317687018862896,0.3603902552429855,0.3665900321174369,0.41203420841222427,0.4158311503397947,0.46456336202662285,0.44619974953735475,0.4902281898972665,0.4947535656863151,0.5343217690472732,0.5548198141987859,0.5953131760245396,0.6737085231311783,0.7057467321121579,0.81363771611507,0.8417919026971247,0.898546521823273,0.8998371443145567,1.0046131494812853,0.9921542938785352,1.1590150498218155,0.12425097590276085,0.4584925025671043,5.0476110895293935,2.969137979874727e+18,9.015976798730514e+17,4.253930621668462,1.291733157850425,0.08644702775051616,0.03770767719627022,0.5188660729260237,0.1507267114307916,0.7919038536578742,0.0,0.0,0.2385650596682517,0.1289544897652895,0.02124409514053974,11.229711507599216,71.73717022842301,21.783449161676618,12,0.0009738077475438721,23,0.05902385711669922,0.3086670277574613
S4,9,44,1,MGCUBED,det,sample,0,1,0,2e-17,4.543519661765478,1.8240387204873758,8.409452416423376e-06,4507.087730230516,1.2633697717186909e-10,5,1e-06,0.39526325460756956,0.0,0.4303050288473328,0.0,0.40068997118605615,0.39526325460756956,0.4303050288473328,0.41644282256024945,0.45475164208422986,0.4621575044394544,0.5040259730044085,0.5140419572003543,0.5502569918051574,0.55223103007037,0.5807037131871325,0.5965106258219174,0.6194280395494411,0.7272025984863306,0.7568202027653449,0.7978792772149808,0.8193709397869814,0.9156946304890231,0.9080759130083231,1.0194341419226574,1.0060890358196448,0.3772345950417039,0.05114693928882638,0.30473136100991316,8.287555790355936,6.004113962652673e+17,9.235585327219134e+16,2.6429351734420146,0.4065388075653428,0.08578706619405832,0.033122422454504474,0.25552461020565764,0.1434505068958609,0.646945159509959,0.0,0.0,0.3510128142564013,0.0833338511819633,0.018043103491239224,19.454126305202124,14.506504861988228,2.231404405145895,5,0.000985966875939122,37,0.04807686805725098,0.3086670277574613
S4,9,45,1,MGCUBED,det,sample,0,1,0,7.876247767678158e-18,4.561349181719762,0.7693198997126754,7.925423597211149e-06,17399.682647625934,4.7694098200624967e-11,5,1e-06,0.32657251288111006,0.0,0.3697267273799898,0.0,0.33916538465314733,0.32657251288111006,0.3697267273799898,0.3875249428384034,0.42940667314336944,0.43976438539844975,0.4794645783487248,0.46883487762731474,0.5085691197832641,0.5223111339179003,0.5629500842619921,0.6210162495410014,0.6597356725214241,0.7745751383330988,0.8038387348927541,0.8806507763025528,0.8993924430990115,0.9514168321030699,0.9481833317745391,1.004710975399854,0.9964615992061673,0.9616633121103493,0.2853133604761678,0.6451226694269296,3.5091366950351413,4.979588046685708e+18,2.3543815787277194e+18,8.59843604910727,4.065396424381013,0.05625825723212757,0.029689250787062416,0.7760356925165848,0.09008534976074743,0.8941421608011241,0.51876,0.0,0.07850726217253579,0.08623550821277841,0.01807802132701819,4.342691091707262,120.31153748792265,56.88407653691452,29,0.0009616498746408443,16,0.059430837631225586,0.3086670277574613
S4,9,46,1,MGCUBED,det,sample,0,1,0,1.4789165157903053e-17,5.05529542269572,0.666713789203585,7.2754923686966045e-06,19925.05287678962,6.358796905144276e-11,4,1e-06,0.3523275298786148,0.0,0.4023805686534106,0.0,0.3625837622902158,0.3523275298786148,0.4023805686534106,0.40196739530719056,0.44747509813009995,0.452767828049384,0.49739005728892977,0.5044338265869251,0.5493776777564737,0.6006259551672251,0.6398401290209064,0.7341671968233557,0.7670687251712538,0.8619968788047208,0.8851429910979958,0.9250025568609206,0.9380816720711584,0.9738010800186295,0.9695956106361702,0.9999390866039116,0.9931226588930735,0.567612536330727,0.20809379812719206,0.5705392716665013,3.3704351668090027,6.203060660665407e+18,2.5392434232085555e+18,18.146929293828073,7.428505600949682,0.03520168421844654,0.015495831631533615,0.8530167850695165,0.08116075867620706,0.947145726100931,0.82284,0.30392,0.08423431343619023,0.07629886251846467,0.015149540418554304,5.560189359475538,149.8717882320051,61.35051282116613,21,0.0009524482702908358,14,0.026884078979492188,0.3086670277574613
S4,9,47,1,MGCUBED,det,sample,0,1,0,8.785720882300505e-20,0.1,0.7830526158074557,6.000000000000003e-06,2177.845148764288,2e-10,3,1e-06,0.6079718890864728,0.0,0.6626726530271437,0.0,0.6125708043060097,0.6079718890864728,0.6626726530271437,0.6345117597436465,0.69217492922784,0.6434703328406292,0.7020678588987856,0.6447341310081594,0.7038701625952812,0.6454601460846832,0.704190883315059,0.6681972152186423,0.7226155119543075,0.7911869698854893,0.8340617792046585,0.9017391328378116,0.9168042573222875,1.0311842451018138,1.0301491742301332,1.1921301484476348,1.1990465258917775,1.8900430475991192,0.038311601793278104,0.2654056085669872,0.07830526158074558,7.769700737454034e+17,9.413814159576434e+16,0.6826242201827553,0.08270714364388684,11.79500292952075,7.589652982473792,0.07608241258258765,0.015765752427351926,0.10586707489626958,0.0,0.0,0.0032027598163745156,0.015740526410351268,0.011778954592049045,0.27190526895624695,18.772328810739896,2.274466169782943,4,0.0009788157697593195,16,0.024732112884521484,0.3086670277574613
S4,9,48,1,MGCUBED,det,sample,0,1,0,1.4216907886152592e-17,5.229914615728529,2.0,8.407190177088695e-06,14235.073137353982,7.01459572348775e-11,5,1e-06,0.3329915358411107,0.0,0.37607122978516777,0.0,0.34300553529805927,0.3329915358411107,0.37607122978516777,0.37621585160785304,0.4185151690696515,0.42760955953568214,0.4720336103015421,0.47688732934289796,0.5160625455272754,0.5234513581566371,0.554624170306718,0.5867571920360838,0.618420417070219,0.6701547080478486,0.6977211754994636,0.806415232653604,0.8324252991574794,0.890273593417263,0.8939785263790987,0.9959181519927951,0.9841349041767051,0.6108555817442894,0.08396878149972836,0.38426405103299205,10.459829231457057,2.0631465409429007e+18,4.7292728519951616e+17,5.608421261794094,1.2855972122965804,0.04182882913765588,0.014466973499915945,0.497394937659907,0.1725151149748441,0.8405449633159658,0.02092,0.0,0.36214052054465856,0.1288473106445293,0.0208853058226705,17.33948851979767,49.84756370939944,11.426368661201481,8,0.001,40,0.08878684043884277,0.3086670277574613
S4,9,49,1,MGCUBED,det,sample,0,1,0,5.3288758920935545e-18,10.0,0.5846172200715978,6.804902301041946e-06,8225.566502746755,6.230991825115974e-11,5,1e-06,0.3203923840954806,0.0,0.3667385694754175,0.0,0.32878290767615087,0.3203923840954806,0.3667385694754175,0.37853994616855324,0.4229190765224544,0.459270995478823,0.5037026552073784,0.4963917577662007,0.5423542972461914,0.5090064583438144,0.5584889595337517,0.5541131088145803,0.6015035670216028,0.7013690810365001,0.7435988908986246,0.7871297454472331,0.8154136206460835,0.9131930803999259,0.9077357239829341,1.0346426020816184,1.0210839874457251,3.1161151071984734,0.2118672128338816,0.5746919900789789,5.846172200715978,3.157243403467856e+18,1.3094961734882245e+18,1.6824558258211262,0.6978142589690158,0.10074841440448215,0.06376697535814535,0.39090516178343343,0.11353063824189885,0.6095418817687958,0.0,0.0,0.13758583418920733,0.10351874306239466,0.02114277323607333,6.5074639288313145,76.2819744391587,31.638660967503032,21,0.0009743620334526629,12,0.02960515022277832,0.3086670277574613
S4,9,50,1,MGCUBED,det,sample,0,1,0,1.669542311542226e-17,10.0,1.1653973325687037,7.35628952011348e-06,10716.682471217904,5.05169101071337e-11,4,1e-06,0.3097046753896795,0.0,0.3591594325467121,0.0,0.323612944949335,0.3097046753896795,0.3591594325467121,0.3826054096078602,0.4279165344686723,0.43598473656913156,0.48156571784450297,0.4679324733515202,0.5108954609666514,0.520167333891328,0.5594398769612278,0.6098687395961884,0.6481360078453428,0.75089601747056,0.7839659850051048,0.840107257882,0.8662029968684622,0.9208252624604846,0.9186061042421724,1.0053868109521682,0.9935283746433957,0.9946073577733632,0.15319887557755216,0.5021874494558984,11.653973325687037,2.804144036148527e+18,9.73503390518546e+17,4.681637116008759,1.6253051009005277,0.03268482754948856,0.015102626714041995,0.5737083642206569,0.14586268135339672,0.8212415817907179,0.0098,0.0,0.22840594214804055,0.1260552499595306,0.021086463576208293,10.831875213335884,67.75076114000314,23.52075885894748,15,0.000971164443807253,24,0.04937911033630371,0.3086670277574613
S4,9,51,1,MGCUBED,det,sample,0,1,0,1.4563025029603556e-17,10.0,1.0402705588655885,8.104416838054139e-06,10063.792013019067,8.469390472924319e-11,5,1e-06,0.30780355676630655,0.0,0.3486032943967868,0.0,0.31721675800154436,0.30780355676630655,0.3486032943967868,0.3680918405863427,0.41245186456647764,0.42721424601279473,0.4752206187805487,0.46211434488564695,0.5070148628106614,0.5028167826968375,0.544271985222564,0.5448359816955372,0.5842548498960785,0.6761675972264799,0.712113108396467,0.7906691899220267,0.8206962393882974,0.8905823180278712,0.8896359445520643,1.0147026014440375,1.001251860506456,1.1402432281743122,0.12424926445602184,0.458489718088018,10.402705588655884,1.8191447387922604e+18,5.541184036138251e+17,2.6492250363503307,0.8069640181192099,0.053199088088003686,0.02634226089490975,0.4102112817607044,0.14422487055247793,0.7136859099547348,0.0,0.0,0.26353624221119143,0.11578183561348207,0.020914822303510404,12.600453323811351,43.952250343847794,13.388022556103689,12,0.0009907338655862747,21,0.046864986419677734,0.30780355676630655
S4,9,52,1,MGCUBED,det,sample,0,1,0,1.7224679380192656e-17,10.0,1.526783390661591,9.454289223333864e-06,20000.0,1.903797273627948e-10,5,1e-06,0.384187923394261,0.0,0.4189031746612619,0.0,0.39017094250525686,0.384187923394261,0.4189031746612619,0.4188529199245179,0.4587990477665123,0.4575981540827356,0.5014511753448034,0.4994551023046193,0.5373589932999756,0.5553648840736247,0.584261297949439,0.5919937364771983,0.6157290597134678,0.6924848560384376,0.7194734372582715,0.7968108119774381,0.8197135592685931,0.9051927228688208,0.90021674791681,1.013618921100209,1.0004879811366358,0.9640464304278235,0.05125171356607265,0.30502766665721126,15.26783390661591,1.8753415246500534e+18,2.852730261952336e+17,3.2302156490458835,0.49137364120302,0.043917348338739434,0.015483176541768028,0.28049232344403535,0.16343460414395566,0.7352596842144482,0.0,0.0,0.4288902397555706,0.09174418388899784,0.018341046961247307,23.384174341942984,45.31001762199255,6.892465011884793,5,0.0009850215423623167,31,0.0637969970703125,0.30780355676630655
S4,9,53,1,MGCUBED,det,sample,0,1,0,4.931661829431286e-18,10.0,1.048460829100088,6.000000000000003e-06,20000.0,6.520262486765237e-11,5,1e-06,0.3274705494650784,0.0,0.36675281867973963,0.0,0.33665869720129077,0.3274705494650784,0.36675281867973963,0.3834912924283167,0.42440813350893664,0.4303635624438353,0.4762070154284975,0.47200049026472596,0.5141543762183942,0.5183527038335661,0.5534974047317164,0.5694157693600247,0.6035189455273385,0.6645755869650558,0.694496374400821,0.7977538199521013,0.8255103140639233,0.8874232413971757,0.8888056829541057,1.0040185247473206,0.9912390468645609,3.367098403349644,0.08776754713526319,0.3921397791611879,10.484608291000882,8.074778822554329e+18,1.918935536581965e+18,3.982207850029129,0.9463541138900521,0.049003368319730026,0.019143703031783057,0.433219987481182,0.16443209495921374,0.7865601155114643,0.0,0.0,0.3445361536274255,0.12178922617030606,0.0207766843828567,16.58282656070522,195.09426199683895,46.36329001152003,9,0.0009985341229524648,21,0.0357670783996582,0.30780355676630655
S4,9,54,1,MGCUBED,det,sample,0,1,0,1.6803540824493765e-17,10.0,1.8697547964005814,7.826089354711346e-06,10335.616873029436,5.003408033007602e-11,5,1e-06,0.2968652777227062,0.0,0.34338853820008497,0.0,0.3082756034148393,0.2968652777227062,0.34338853820008497,0.3701931207300873,0.4158066848918059,0.4254792785808838,0.4723297290147282,0.467562222147324,0.5109326295320101,0.5085912552257231,0.5472786884890023,0.5597993074315103,0.597684599596807,0.6666033801824747,0.7000174118465575,0.7935217986350858,0.8235164435814835,0.8854080526566376,0.8869294038609091,1.0068863307492977,0.994037976343841,0.9882078334069648,0.10911583401551052,0.43277483488082347,18.697547964005814,1.9930391044921795e+18,5.5679064149560256e+17,3.349011395714683,0.9356054275067429,0.02763112151690961,0.012297725600104942,0.43681393996161716,0.1564818956024881,0.7658667988481669,0.0,0.0,0.31593369622951367,0.11997552085640156,0.02094155887857386,15.086445954735394,48.15370201047094,13.45258634031152,11,0.0009840814717897797,38,0.07840108871459961,0.2968652777227062
S4,9,55,1,MGCUBED,det,sample,0,1,0,2.283099537023703e-18,1.5933823884330438,0.6266573153920252,6.000000000000003e-06,4516.126008004503,5.118644125280595e-11,5,1e-06,0.35034801795383624,0.0,0.3983382155884829,0.0,0.3580354223534674,0.35034801795383624,0.3983382155884829,0.40491294255799176,0.45076290892809506,0.4402906653470363,0.4881661064271508,0.45908529785591806,0.5085157317370071,0.5090298579392318,0.5599058870524927,0.6546538833124896,0.693908425664234,0.8079132210519375,0.8428584060574547,0.8504793583857305,0.8742684941852173,0.9281534753639975,0.9238735998500738,1.02028282584866,1.007562125189285,1.158895467338695,0.1870536557235063,0.5462071508581292,0.9985047299283843,2.381861294775092e+18,9.347268382483446e+17,3.412882217622304,1.339336010703059,0.42811186792759837,0.22694861540900077,0.5465043044914153,0.11916188437617065,0.7200750022378836,0.0,0.0,0.06780953418626286,0.11701491132111312,0.021599326815178566,3.1394281297049886,57.548012359796786,22.583880832417993,19,0.0009640881775261926,13,0.03671073913574219,0.2968652777227062
S4,9,56,1,MGCUBED,det,sample,0,1,0,6.449954526843218e-18,10.0,0.5948364386742707,9.775629530008474e-06,20000.0,6.303880856513064e-11,5,1e-06,0.3286827821122586,0.0,0.36593832029231427,0.0,0.33660020850427647,0.3286827821122586,0.36593832029231427,0.36929645622331847,0.4064849970597378,0.4551698442919898,0.4930912767901519,0.5091075757200282,0.5486352833131233,0.5363044869362683,0.5775670023499293,0.6122517381934278,0.6472436833852553,0.7611617954318849,0.798107411801488,0.8294439153729928,0.8522825653135194,0.9365696629748151,0.9312182514066226,1.0237867802407594,1.012991905090906,2.57449732438123,0.4247492861640384,0.7410287053919591,5.948364386742707,3.955610801187755e+18,2.1406867150445315e+18,2.551350979355089,1.3807331968254615,0.07061414539024892,0.04733788382880533,0.5606860763597264,0.09875614249278375,0.7150762865253506,0.0,0.0,0.06523257191697923,0.09617849468198726,0.021744461345674714,2.999962651636571,95.57128275128771,51.72100735087848,42,0.0009913940644571179,12,0.04974198341369629,0.2968652777227062
S4,9,57,1,MGCUBED,det,sample,0,1,0,2e-17,10.0,0.6105627593387701,6.000000000000003e-06,20000.0,7.269513211808671e-12,5,1e-06,0.5742704107686921,0.0,0.620232302004571,0.0,0.5791984510238287,0.5742704107686921,0.620232302004571,0.6566745433585202,0.708341609581586,0.7535322302167288,0.8046898020524922,0.8219043070011922,0.8704146213480275,0.8492996773699755,0.88148235162305,0.8992213114472514,0.9068581068817861,0.9736093522881273,0.9722546561860937,0.9975171996611981,0.9957340527465625,1.0004156906189634,0.998634295857621,1.000768907033814,0.9991165507822859,0.8302695335869232,1.3518098567414518,0.9559704846953058,6.105627593387702,4.361390559657388e+19,2.947284827506944e+19,87.22781119314776,58.94569655013889,0.002732194908330022,0.0018563684701644997,0.982136171033651,0.005129106144503224,0.9885811240464031,1.0,1.0,0.0008541408608925927,0.0051181850602741025,0.005866642196333531,0.14559279947674397,1053.7530392035867,712.0917748370678,135,0.0009393273220596463,13,0.040171146392822266,0.2968652777227062
S4,9,58,1,MGCUBED,det,sample,0,1,0,2e-17,0.1,1.802680360118424,4.9999999999999996e-05,20000.0,2e-10,5,1e-06,0.48111788326374877,0.0,0.5188841671013096,0.0,0.4870520999763769,0.48111788326374877,0.5188841671013096,0.5541127833623803,0.5935897791895685,0.6800066530934605,0.7367352546990782,0.7363867808694144,0.7958240203518014,0.7964637697768416,0.8517930244851476,0.82590437998227,0.8718795651573218,0.8630108958702616,0.8823065571688934,0.943784807361332,0.9423825406587537,1.0005610294644833,0.9965317214369528,1.0102323410544232,1.0063404303475878,0.008302695335869234,1.1556864874239114,0.9373974950191327,0.1802680360118424,6.604956738875923e+16,4.356190396015275e+16,13.209913477751847,8.712380792030551,0.5711570889175374,0.3903820490054394,0.8903028164029138,0.03011595550508948,0.9282016685536881,0.9906,0.48624,0.0037891359224843835,0.030083141875887762,0.013823590534303619,0.2741064930331623,1.5958197602797266,1.0524966306872483,116,0.0009744218162802292,37,0.1564030647277832,0.2968652777227062
S4,9,59,1,MGCUBED,det,sample,0,1,0,6.292346140833138e-18,10.0,1.8010287602303565,7.003042782291251e-06,12240.783660875026,5.046545568586465e-11,5,1e-06,0.3477829405453473,0.0,0.3870911578817741,0.0,0.35539733360974035,0.3477829405453473,0.3870911578817741,0.3964874577122773,0.4392542061874725,0.44847045534390784,0.4953309998861456,0.48724129511320985,0.5309049179203513,0.5228614731772201,0.561306164198522,0.5589017139679937,0.5914465946969142,0.6940449302872258,0.7284422205783867,0.7831030036122056,0.8096238380415964,0.9022889301846566,0.8972952714388266,1.0240218209425769,1.010456056595586,2.6389823922718643,0.08993059389260687,0.39652851891730184,18.010287602303563,3.1243192494020577e+18,7.572010238334908e+17,1.9659298171705724,0.4764570940153567,0.03760611944535142,0.01872054473846127,0.29176183245569026,0.1383052647250976,0.6487159763615072,0.0,0.0,0.311823875707139,0.09483513076977908,0.01908307675974092,16.340335451827446,75.48649586562854,18.294689944376096,9,0.0009735290595839765,37,0.08866286277770996,0.2968652777227062
S4,9,60,1,MGCUBED,det,sample,0,1,0,9.179085688102531e-18,10.0,1.8566081913358472,9.375695863668189e-06,6874.66392131414,5.788113463186156e-11,5,1e-06,0.345401629226795,0.0,0.3919050325563299,0.0,0.3535684912252567,0.345401629226795,0.3919050325563299,0.4130089332419105,0.4609594228898187,0.4802154942169198,0.5298311481245587,0.4997810512132221,0.5497444538293775,0.5087369137964203,0.5573772956527129,0.5985617513334921,0.6443657129560538,0.713201896595596,0.7554073880335834,0.7721589380207795,0.7947308524704612,0.9493042181105831,0.9397356678190608,1.0586258812104024,1.0476021045276607,1.809046264080696,0.1363322095107241,0.47752078314357854,18.566081913358474,8.313814090565797e+17,2.7049293523541494e+17,0.7631321193225766,0.2482877830552242,0.04314843194518158,0.03054885102759879,0.1892957267959566,0.08609405686748188,0.41978592972552164,0.0,0.0,0.1666304398895588,0.0652963521215712,0.016762836011623726,9.940468293910024,20.08695792196037,6.535364092910047,14,0.0009771622059662353,38,0.10139179229736328,0.2968652777227062
S4,9,61,1,MGCUBED,det,sample,0,1,0,7.033216616538264e-18,0.7476181504218282,1.5618935967039003,7.084048806604035e-06,20000.0,7.29014033491603e-11,5,1e-06,0.3994023251539735,0.0,0.44343238784292804,0.0,0.408022204055475,0.3994023251539735,0.44343238784292804,0.4286174900298119,0.4753616269064451,0.47874857241235,0.51914152742889,0.5276874662879781,0.5635162791227635,0.5961291752274416,0.6311249458565178,0.7038306731227361,0.7367816736164946,0.8141479127526279,0.8360163732444682,0.9235916464983404,0.9345470144370225,0.9677879884585113,0.9669640929650212,0.9938398179587336,0.9873056982616792,0.17651228645290015,0.07345553157861513,0.3612392665461875,1.167700001923467,4.711275568254312e+18,9.70107598800363e+17,44.32131776501279,9.126285764815934,0.08457043024195902,0.018895839444117428,0.8521678310575774,0.10739268150395563,0.9746481253862028,0.8094,0.36304,0.14883010288733067,0.09649993446700154,0.014695271104216178,10.127754828873504,113.8288552851726,23.43871333253586,7,0.0009761834979399377,32,0.060363054275512695,0.2968652777227062
S4,9,62,1,MGCUBED,det,sample,0,1,0,3.195838487631806e-18,10.0,0.5772468922636224,6.000000000000003e-06,8938.755775391837,2e-10,5,1e-06,0.40999491125871373,0.0,0.448813586379677,0.0,0.41538849005687295,0.40999491125871373,0.448813586379677,0.4545398600025067,0.4949813421749905,0.5027261705193896,0.5438062829685437,0.5197262950026393,0.5552294359513588,0.5802172999777732,0.6082394997472004,0.7076275802783443,0.740690197767248,0.7547072544897181,0.78825082869053,0.8031242577186254,0.8165694666337725,0.9647751230091856,0.9533443326486936,1.0615613005685296,1.0538219076500668,5.195941764892964,0.051970829816610525,0.30705198452395965,5.772468922636223,3.2837193551136814e+18,5.0760275746795814e+17,1.0494236697653796,0.16222164287441337,0.14905599155790375,0.08452917859025891,0.1319450085137361,0.07853217323734665,0.3565129529213474,0.0,0.0,0.17025730046628007,0.0503726042342827,0.014185388987163112,12.002300438877796,79.33775255877347,12.264160732076252,5,0.0009620781537727039,12,0.02463817596435547,0.2968652777227062
S4,9,63,1,MGCUBED,det,sample,0,1,0,5e-20,0.1,0.623397609553842,4.9999999999999996e-05,20000.0,2e-10,1,1e-06,0.6603235939027833,0.0,0.7120916008769782,0.0,0.6641376644468658,0.6603235939027833,0.7120916008769782,0.661425739840379,0.7128138390355756,0.6623035554911956,0.711260278735425,0.6716884256413983,0.711542147018216,0.6832412137465719,0.7153722793313856,0.7013154314995509,0.7166198185074474,0.8630585773002377,0.8579501772113034,0.9870858132173738,0.9855074639777609,1.0193372353497039,1.0209170258874753,1.2321164375940385,1.241611746995048,3.321078134347694,3.3419013826895307,0.9984562935012744,0.06233976095538421,1.6585928301939866e+17,1.25815885471525e+17,0.08292964150969932,0.06290794273576249,15.091736538935198,14.812713607642143,0.05909731860459245,0.004379664833187604,0.06822589031868821,0.0,0.0,0.00044497222642194914,0.004377065433193179,0.010537419872062012,0.04222781590033338,4.007316500807686,3.0398302991265402,334,0.0009590732454674493,13,0.044389963150024414,0.2968652777227062
S4,9,64,1,MGCUBED,det,sample,0,1,0,1.480134629293135e-17,10.0,1.3586279220572401,7.645347894281712e-06,18334.86488511112,6.789012165475215e-11,5,1e-06,0.28964289816532485,0.0,0.3405290612545536,0.0,0.30342580280249337,0.28964289816532485,0.3405290612545536,0.3472412814601332,0.39572978446082757,0.40892964906803286,0.45499201323207233,0.4573108989725833,0.4984338924295142,0.5021685405725593,0.5376847814307688,0.5756936803321898,0.6120260153640702,0.6730283346258947,0.7039954205775465,0.8109978749427835,0.8392973951182098,0.892070932289932,0.897187046296904,0.9965616177045139,0.9852546892086711,1.1218838032097573,0.10561756036556691,0.42649476421243865,13.5862792205724,3.7596486577917706e+18,1.0248261460693851e+18,5.564786172373056,1.5168806678023217,0.029244004309707364,0.011211891318864358,0.5432024927614408,0.16413225090877984,0.8450085647522435,0.03276,0.0,0.3140044944329145,0.13088192413560673,0.02095606779778286,14.983941522948118,90.83665278986116,24.760764974021196,11,0.0009704485157551715,28,0.061180830001831055,0.28964289816532485
S4,9,65,1,MGCUBED,det,sample,0,1,0,5e-20,10.0,1.8991207330743034,6.000000000000003e-06,20000.0,5e-12,5,1e-06,0.46644449185018017,0.0,0.5106518212540959,0.0,0.4704472972286929,0.46644449185018017,0.5106518212540959,0.5539085958512061,0.6089329953276645,0.5910358052761292,0.649734435166194,0.6244498919057,0.6807905048411549,0.6768774562514919,0.7311049970216595,0.6913988710058521,0.7426995815963121,0.7357520437211851,0.7718530187846125,0.9115765139528906,0.922168703488636,1.023537657414711,1.018936801258082,1.1752678806117158,1.1799260409358305,332.10781343476935,0.6318713597831334,0.8314299342152571,18.991207330743034,2.3221359934807024e+19,1.378061536356071e+19,0.11610679967403512,0.06890307681780355,0.04926166627319915,0.047178233000616826,0.06407572208990422,0.01906879569690684,0.10300026004260232,0.0,0.0,0.009327002067770035,0.018758400951791626,0.010796692539016644,0.8638758614329803,561.049928251909,332.9526471618831,63,0.0009995372279338439,38,0.1457679271697998,0.28964289816532485
S4,9,66,1,MGCUBED,det,sample,0,1,0,2e-17,10.0,0.6722430450647635,6.000000000000003e-06,19511.69563685477,9.60491565303259e-11,5,1e-06,0.30304157846648594,0.0,0.3525970663231157,0.0,0.31677574238925965,0.30304157846648594,0.3525970663231157,0.37504640213636864,0.4247156414235857,0.4216489314526004,0.46468366097011166,0.47374729001307897,0.508110709874499,0.5336242641005525,0.5619874327097818,0.6242164607564011,0.6489788447435137,0.7463435132291741,0.7711343645231264,0.8638140124664692,0.8825799634952292,0.9299788429251885,0.9348498339477715,0.9902331391575396,0.9818666655006706,0.8302695335869232,0.09292474483419122,0.4024942454859767,6.722430450647635,7.975160505090394e+18,1.973359907185255e+18,15.95032101018079,3.9467198143705104,0.030071588503932017,0.00877598262668008,0.7297958916585249,0.1494238294295138,0.9397920486469823,0.35612,0.07704,0.257735008503141,0.12546806588054463,0.018471672138281412,13.952987394627959,192.6873896162967,47.67823406767592,9,0.0009603472072353765,14,0.030049562454223633,0.28964289816532485
S4,9,67,1,MGCUBED,det,sample,0,1,0,5e-20,10.0,0.9229742563637775,4.9999999999999996e-05,20000.0,5e-12,5,1e-06,0.9202463781646919,0.0,0.9261060329077986,0.0,0.8678595167898343,0.9202463781646919,0.9261060329077986,0.9705025272770231,0.9602275656024384,1.008301200072446,0.9946723027460519,1.013480726118011,0.999792297767807,1.0109221590572979,0.9994035334955714,1.0015570863248535,0.9971247082834962,0.9989278265441559,0.9972725553412441,0.9990374333607515,0.997938542426062,1.0150340760851693,1.0168072347515005,1.2467963038116552,1.2569632979276928,332.10781343476935,90.28781979428108,1.0,9.229742563637775,2.710179178807987e+18,2.6131037443409705e+18,0.013550895894039936,0.013065518721704852,0.10694805197777187,0.1068968358590096,0.012896667646028988,0.00031397328499172564,0.013369722013342628,0.0,0.0,3.173659772909322e-06,0.00031397121514316356,0.005045473731883283,0.0006290112567338083,65.48048168104307,63.135047748850965,9029,0.0009715518488039763,19,0.10768294334411621,0.28964289816532485
S4,9,68,1,MGCUBED,det,sample,0,1,0,5e-20,10.0,0.7982921273949468,6.000000000000003e-06,11488.073845384386,5e-12,1,1e-06,0.6273464318222625,0.0,0.6657645759895456,0.0,0.6312430877823131,0.6273464318222625,0.6657645759895456,0.6527525018023157,0.6982610755007409,0.6744175651782934,0.7252034256403078,0.679688144673014,0.7289554164171699,0.7335196565473567,0.7691200330899503,0.9032218888357659,0.9256350896043696,0.9574828012856148,0.9745119707691063,0.9844435381699782,0.9882121594586447,1.0223253684596416,1.0209516377925765,1.21380756316603,1.2219368205279448,332.10781343476935,1.5032091120777311,0.9662954165978865,7.982921273949469,2.74958367972285e+19,1.8875179148128965e+19,0.1374791839861425,0.09437589574064482,0.11446471591161991,0.11012722498137915,0.08586663853033923,0.01846407793667349,0.11983486435085927,0.0,0.0,0.002840817372637864,0.01844045155680233,0.012437276602656266,0.22841152958125432,664.3253153829316,456.0421067728344,150,0.0009978651592436835,16,0.050154924392700195,0.28964289816532485
S4,9,69,1,MGCUBED,det,sample,0,1,0,5e-20,10.0,1.397904039470835,4.9999999999999996e-05,200.0,2e-10,5,1e-06,0.9963423178876027,0.0,0.9954022975331758,0.0,0.9963620980063181,0.9963423178876027,0.9954022975331758,0.9987312632010981,0.9974064294151166,0.9989742369961836,0.9976105765515675,0.9989985796361379,0.9976310626715583,0.9990010525891222,0.9976334464650516,0.9990017052989519,0.997637055174131,0.999008082887113,0.997673341420222,0.9992888338521909,0.9982495577092387,1.0169517065223443,1.0184863416771985,1.2523868871818606,1.2621527150827387,332.10781343476935,1.490326427643747,0.9655247728701103,13.97904039470835,905965354045513.5,770661371741714.5,4.529826770227568e-06,3.853306858708573e-06,0.07153539287907985,0.0715353444841814,3.85329592586436e-06,3.328066574681169e-07,4.5095319835366405e-06,0.0,0.0,1.0033114387686779e-07,3.311966287076435e-07,8.770389970025567e-05,0.001143975857627404,0.021888976283600883,0.018619904628156735,149,0.0009985028853363108,28,0.07231807708740234,0.28964289816532485
S4,9,70,1,MGCUBED,det,sample,0,1,0,5e-20,0.1,0.6202093302503343,6.000000000000003e-06,20000.0,5e-12,5,1e-06,0.665064786294923,0.0,0.728680816605658,0.0,0.6694910985968848,0.665064786294923,0.728680816605658,0.6871818713030426,0.7559877152575687,0.7026523838200803,0.7698843675847805,0.7419190146405419,0.8069815042222839,0.7663385678057651,0.8178893217503885,0.8265799212692186,0.844182387816885,0.9305107614048373,0.9287038887376267,0.9927015159231669,0.9902461574548347,1.0034008444992035,1.0011989025976809,1.0046111278229006,1.0025837009705536,3.321078134347694,1.934830615198334,0.9840147133944398,0.062020933025033434,5.946174038320206e+19,4.216854975767469e+19,29.730870191601024,21.084274878837345,0.7300936321634368,0.5246707418129929,0.952630243489869,0.010667515965566737,0.9670810289998819,1.0,1.0,0.0012211985295652644,0.010658620514733605,0.009437807281296286,0.1293943066611901,1436.6516547432516,1018.831880753372,193,0.0009541682003851297,13,0.03417515754699707,0.28964289816532485
S4,9,71,1,MGCUBED,det,sample,0,1,0,2e-17,10.0,1.912289517537893,6.000000000000003e-06,8807.946918197056,6.007371956987272e-11,5,1e-06,0.3397750274915911,0.0,0.3727351851392685,0.0,0.346574197603365,0.3397750274915911,0.3727351851392685,0.39599026574110824,0.43556455747088657,0.4548376769262005,0.49803512196047844,0.5050788461418283,0.5424918002591927,0.5474734692052766,0.5746143301683344,0.6040946105409795,0.6301826825552846,0.6737900752781774,0.6988273414601479,0.7953516123983596,0.8188775329116579,0.889734544863708,0.8915331401331376,0.9949391023615792,0.9830787247217778,0.8302695335869232,0.05222916504503504,0.3077752466688949,19.12289517537893,3.2372634254849587e+18,5.025174060892328e+17,6.4745268509699185,1.0050348121784656,0.02608101195406042,0.00699620697702733,0.41556376671425366,0.1913885881802526,0.8603760585570422,0.02676,0.0,0.4973467862535217,0.11571554116127772,0.02012940290163085,24.70747834319653,78.2153335420473,12.14129385286764,5,0.0009806612910450733,39,0.07958602905273438,0.28964289816532485
S4,9,72,1,MGCUBED,det,sample,0,1,0,2e-17,10.0,1.9221146106606732,4.9999999999999996e-05,20000.0,2e-10,1,1e-06,0.6225739553117468,0.0,0.6772472326887983,0.0,0.6282581199183437,0.6225739553117468,0.6772472326887983,0.6441218903327012,0.693712429006348,0.6732211865241131,0.721976921608094,0.6799310970291899,0.7270242765841575,0.713332989665184,0.7478224139470009,0.8916277393614468,0.9076257488736323,0.9729814984865384,0.9834192095621479,0.9932794028652612,0.9947547512496455,1.0195687234535509,1.018105174426787,1.2201018081723423,1.2284502759154103,0.8302695335869232,1.0838757073998024,0.9286474068198619,19.22114610660673,6.240117836562332e+16,4.083275888181285e+16,0.12480235673124665,0.08166551776362571,0.048098079397738254,0.046253489463146016,0.07512853071079408,0.01859626604831786,0.1101446081648676,0.0,0.0,0.00430738153521464,0.018528126444622893,0.011673849600584587,0.3689769598367055,1.5076712450587353,0.9865579150095104,108,0.0009856998003388068,39,0.11507797241210938,0.28964289816532485
S4,9,73,1,MGCUBED,det,sample,0,1,0,5e-20,0.1,1.7551623825025815,6.000000000000003e-06,200.0,5e-12,1,1e-06,0.6379718849706127,0.0,0.6998994743932779,0.0,0.6435679796595107,0.6379718849706127,0.6998994743932779,0.6380991942893172,0.6997569805951909,0.6387086765090345,0.6996980326411166,0.664003495689537,0.7201929967856038,0.8012297096150752,0.8492281970402573,0.8643135578254796,0.9064565389837259,0.9070300412897674,0.9268439950665142,0.9891627326109066,0.989804466086478,1.019961802093981,1.0196206806977153,1.2053225190437715,1.2136229724195118,3.321078134347694,0.6836974242172354,0.8479029632770159,0.17551623825025817,2.6169309659132125e+17,2.0455044324771434e+17,0.13084654829566061,0.10227522162385716,5.1688348094681595,5.03824196459767,0.09270793485245428,0.007796812790341604,0.10695922859497829,0.0,0.0,0.0009491824020577873,0.007790100831155254,0.012956110292690587,0.07326137093733177,6.322751702690096,4.9421313751743465,68,0.0009750902125014342,36,0.138962984085083,0.28964289816532485
S4,9,74,1,MGCUBED,det,sample,0,1,0,2.148443701434324e-18,10.0,0.6669817615507537,6.000000000000003e-06,6855.007751342196,1.046409867269746e-10,1,1e-06,0.7027936467122314,0.0,0.7442548735989645,0.0,0.7063840185664154,0.7027936467122314,0.7442548735989645,0.709958936590371,0.7506255854580046,0.7112441047500804,0.7512009873666253,0.7145820446282015,0.7524331357837906,0.7298116229838988,0.7605741174843542,0.8096541785909103,0.8147370322974297,0.9452871567458905,0.934150700749649,0.976039315276003,0.9631408542638888,0.985944264732567,0.9764108689391913,1.1493640169499078,1.154285594698207,7.729032257467361,0.0859677312877727,0.3884356380665849,6.6698176155075375,2.75585464886197e+18,6.499091795671379e+17,0.5920798562416001,0.13962932833453667,0.13155956363721633,0.09417186993232936,0.11803247248617484,0.06171461557004586,0.28848155818732574,0.0,0.0,0.12019525334564908,0.04478657026988023,0.013732394790042719,8.752679717073235,66.58404405932771,15.702417928583301,9,0.0009528310879296482,14,0.030723094940185547,0.28964289816532485
S4,9,75,1,MGCUBED,det,sample,0,1,0,5e-20,0.1,0.5094355060398369,6.000000000000003e-06,20000.0,2e-10,1,1e-06,0.6610450935156305,0.0,0.717980590664351,0.0,0.6658857485476796,0.6610450935156305,0.717980590664351,0.661505749323265,0.7186238978624311,0.6615959885193087,0.7188844944190083,0.6616633790577434,0.718794519829104,0.6639509202903898,0.7192929960319893,0.7243330714391264,0.7709861141546921,0.8561186145636231,0.8923731016902363,0.9375737811531255,0.9484538368941987,1.0438958690528217,1.0390881259432982,1.0878561659192065,1.0861599353925082,3.321078134347694,0.05888871043404282,0.32574589089979017,0.050943550603983694,7.482003504080051e+18,1.2868304054073828e+18,3.741001752040025,0.6434152027036913,11.944376632507119,4.140384494950762,0.3860619601696992,0.0576611753197242,0.48635007503105065,0.0,0.0,0.009690503399245175,0.05759341061751944,0.021608186829896098,0.44846443968347394,180.7722519667119,31.09103466175556,6,0.0009262463746178853,11,0.019465208053588867,0.28964289816532485
S4,9,76,1,MGCUBED,det,sample,0,1,0,2e-17,10.0,1.0139330466412757,6.000000000000003e-06,16245.580483188596,2e-10,5,1e-06,0.3588551219526585,0.0,0.38872387266469594,0.0,0.36545043743915806,0.3588551219526585,0.38872387266469594,0.40565689540242894,0.4415831403001129,0.456891865869795,0.4985626753941247,0.5077116248360107,0.5424191709145092,0.5622249598828487,0.5851268173274848,0.6175480435120835,0.6399070099940435,0.6731384498445192,0.6959846934355783,0.79410023433843,0.8143649829887942,0.899648953586439,0.9000669602848324,0.9929151884034276,0.9816750881570474,0.8302695335869232,0.02958775246489611,0.23424465526821237,10.139330466412757,5.693698329345917e+18,5.253881951499238e+17,11.387396658691836,1.0507763902998477,0.04809195288972161,0.007961789249757418,0.39573043410851,0.2103230010140456,0.900758391124581,0.05228,8e-05,0.5876456660576058,0.10890043555793351,0.019499874834437065,30.13586861695209,137.56511453833107,12.693873658597777,3,0.0009656505206107387,21,0.03734087944030762,0.28964289816532485
S4,9,77,1,MGCUBED,det,sample,0,1,0,2e-17,10.0,1.5759131276779645,4.9999999999999996e-05,200.0,5e-12,1,1e-06,0.9703992225666851,0.0,0.9454354399205823,0.0,0.9498070425064039,0.9703992225666851,0.9454354399205823,1.0147716747656703,0.994468920513755,1.0215732808443394,1.0020092870740298,1.0218145432400314,1.0026457249845915,1.0177913512928107,1.001395172453694,1.0037572258011558,0.9973830308117694,0.9988743349742073,0.997030055938668,0.998824774237937,0.9976846231646341,1.0129746261063264,1.014842535762957,1.238668018616764,1.2490534380406149,0.8302695335869232,52.879395361165095,1.0,15.759131276779645,2.4071634006814716e+16,2.3435667127065696e+16,0.04814326801362944,0.0468713342541314,0.06061420573580645,0.060540649708750484,0.04477183380716858,0.0007460159180020083,0.04593194727151611,0.0,0.0,1.1876951682642537e-05,0.0007460045366739578,0.00924814119440029,0.0012842528496249581,0.5815933507057903,0.5662277918730817,5288,0.000984945704798728,32,0.22429227828979492,0.28964289816532485
S4,9,78,1,MGCUBED,det,sample,0,1,0,1.2134265145803408e-18,0.1,1.4008139402390718,6.000000000000003e-06,996.2489376839615,2.722800514165038e-11,5,1e-06,0.3662477670894991,0.0,0.4156817011200625,0.0,0.3748344983629997,0.3662477670894991,0.4156817011200625,0.4094089190967212,0.45551934038350095,0.5680861070459091,0.6227083369002904,0.6625275282275653,0.724001410273624,0.7170414139251313,0.7723343472799575,0.7900320256761171,0.8414303089130178,0.8105116330027408,0.85504096736066,0.8423942570417812,0.8610559766465338,0.955587573785175,0.9485833669087961,1.024247881143645,1.014109922921778,0.13684710587918364,0.15730950752392228,0.5078987066506806,0.14008139402390718,4.8705655052971245e+17,1.834890571818569e+17,5.910073325127927,2.226504871198135,2.2125200749613323,1.03308698238079,0.6715929866192545,0.08529674107278125,0.783554727777767,0.0,0.0,0.018480308936317167,0.08508277523038983,0.020622572053213033,0.8961204688063098,11.767745019951104,4.4332684500782555,16,0.0009660785794752219,29,0.06851577758789062,0.28964289816532485
S4,9,79,1,MGCUBED,det,sample,0,1,0,1.9701858810131588e-18,0.1,0.9138608369358344,6.000000000000003e-06,4554.196100386453,5.161744911248473e-11,5,1e-06,0.37371555176050797,0.0,0.4218167502256773,0.0,0.38530261507044733,0.37371555176050797,0.4218167502256773,0.3939565493256132,0.4374724578072875,0.4514438372425285,0.48998692771221014,0.5660920292392291,0.5893896680181832,0.798030678634068,0.8204236021370173,0.9068422067860892,0.9245571360254279,0.941934250300581,0.9574822003612715,0.9547772993661574,0.9604375986198046,0.9852086062854652,0.9807292829155885,1.0007127203553268,0.9951721961072141,0.0842833705782077,0.127196349054666,0.4632459701986584,0.09138608369358345,2.0493816107833336e+18,6.411822502314838e+17,40.37662714373328,12.632482165623154,0.8026847195858096,0.26446295601523157,0.9089749554903764,0.054109482102285764,0.9604638616899824,0.9406,0.71924,0.01753463203364808,0.05380359421065456,0.012339359623567168,1.4210325793697078,49.51499003153995,15.491567095928614,13,0.000961958775721931,19,0.05101895332336426,0.28964289816532485
S4,9,80,1,MGCUBED,det,sample,0,1,0,1.2749184242733741e-18,0.1,0.9969893950771349,2.4884080484981663e-05,20000.0,2e-10,5,1e-06,0.5250186072096946,0.0,0.5723411846688004,0.0,0.5297015488128785,0.5250186072096946,0.5723411846688004,0.602885324752438,0.6637613258379813,0.6490023151457908,0.7145172775076465,0.6628897008828455,0.7294937348539515,0.6994988507031619,0.7663704437450126,0.7287713840844839,0.7932633577716032,0.7436874336780231,0.7941690932705342,0.825340348534657,0.8352190697804419,0.9885266689430594,0.9802271386551256,1.0466436600684899,1.0384160150252102,0.1302466915183419,0.5175727584136253,0.7872654019221533,0.0996989395077135,2.7818150746653392e+17,1.5833721153829568e+17,3.5465872916122527,2.018670282382438,3.3227202781583514,2.206093563594452,0.6546523492286694,0.07396852077749111,0.7580820243774945,0.0,0.0,0.008758106513257865,0.0738974209817066,0.02098489057156705,0.4173529751508183,6.721127239889353,3.8255761687760246,52,0.0009969893950771348,20,0.07331609725952148,0.28964289816532485
S4,9,81,1,MGCUBED,det,sample,0,1,0,5e-20,10.0,0.9610866925191329,6.000000000000003e-06,200.0,5e-12,5,1e-06,0.6619629030554682,0.0,0.7214349861772285,0.0,0.6670646834452584,0.6619629030554682,0.7214349861772285,0.6663194356259974,0.7232961283091806,0.7170471918414495,0.7625414777623459,0.8686557989517244,0.8969412662290032,0.955627858133461,0.9630085257600985,0.9929693624252783,0.9926772840648066,0.9984124014171175,0.9971813941386154,0.9992611316621198,0.9982262183671885,1.0169544703332374,1.0184834439759072,1.2522707142418394,1.2620332570241501,332.10781343476935,1.2485866356703426,0.9470583508510029,9.61086692519133,4.458693320288101e+17,3.737009542576351e+17,0.0022293466601440506,0.0018685047712881753,0.10385483305477758,0.10381744123996875,0.0018649940111088435,0.00017327673124125276,0.0022115274578458142,0.0,0.0,6.441193908729917e-05,0.00017188398039434425,0.0019273893652094034,0.03341926662561047,10.772623026678449,9.028967044244666,125,0.000961086692519133,20,0.06063699722290039,0.28964289816532485
S4,9,82,1,MGCUBED,det,sample,0,1,0,2.3311829222643104e-18,0.1,1.6062542895731229,1.2576425922481173e-05,2064.217634190374,2.4409442464833196e-11,5,1e-06,0.5382665060949431,0.0,0.5880507033560105,0.0,0.5403737692054346,0.5382665060949431,0.5880507033560105,0.5899347357038006,0.6441620526515128,0.6556811531094678,0.716183396112543,0.6932016511805467,0.7567359370275423,0.7463602209053664,0.8035978280100589,0.7988157206383798,0.8519178463166572,0.8200316022568879,0.8566434232843644,0.885802268550145,0.8913082396957303,0.98730356742322,0.9811084352654543,1.0194206258696812,1.0128847787595228,0.07123160740903774,0.6723432722052829,0.8444568662129759,0.1606254289573123,2.7496479683619597e+17,1.6969485040066253e+17,6.409932386084157,3.9558973725022146,1.2562133232296004,0.8401782882105161,0.7864359133867992,0.054900045229245326,0.8574023221342829,0.514,0.0,0.007210315697628024,0.05483210689093591,0.018097271477053777,0.39842004397017855,6.64340848123676,4.09998742146457,67,0.0009734874482261351,33,0.12278985977172852,0.28964289816532485
S4,9,83,1,MGCUBED,det,sample,0,1,0,2e-17,0.1,1.079414419419538,1.6859503960417704e-05,20000.0,2e-10,5,1e-06,0.45252010978690593,0.0,0.5045409196294985,0.0,0.46182866665225514,0.45252010978690593,0.5045409196294985,0.49490219525315055,0.5528185940420366,0.5518193231697679,0.6049980696240118,0.6042091300627014,0.6474862922021916,0.7422866954419411,0.7669635663851753,0.9068019884786461,0.9210113945274586,0.9589716862638199,0.9675677796666807,0.9823817673853946,0.9812967417846017,0.9972057843244171,0.9943980593169114,0.999618714872644,0.9968741167628626,0.008302695335869234,0.21944218757070283,0.5828486480969871,0.10794144194195382,5.1394305393896365e+17,2.1588166047477206e+17,102.78861078779273,43.17633209495441,0.20971144395942173,0.08926106941931887,0.9709061296889577,0.019566811832140884,0.9891519515155601,1.0,0.97832,0.009747381942267248,0.01928328317001245,0.007204650902050744,1.352929111317904,12.41734826674865,5.215904256267254,22,0.0009812858358359438,22,0.03830981254577637,0.28964289816532485
S4,9,84,1,MGCUBED,det,sample,0,1,0,2e-17,0.1,1.1748297203622364,6.000000000000003e-06,200.0,5e-12,1,1e-06,0.7097664246502534,0.0,0.7556975120094485,0.0,0.7136919106318622,0.7097664246502534,0.7556975120094485,0.7263940188488129,0.7701997227531049,0.7682019531454874,0.7957650289076683,0.9266694591548607,0.9341146985544401,0.9892619208495923,0.9892896922748176,0.9982141974719227,0.9968722513681224,0.9991660951037458,0.9976736382811271,0.9992627940217984,0.9977612306196968,0.9992903391722104,0.9978487459748829,1.000321730541008,0.9994793152043718,0.008302695335869234,1.0214246194163388,0.9199690884108472,0.11748297203622365,3.7101336758125696e+17,3.0566214745120646e+17,74.2026735162514,61.13242949024129,0.13699563816036492,0.11318576096407074,0.9837448806646713,0.0016537153749392902,0.9865949030264991,1.0,1.0,0.0007383437285594819,0.00163292726039541,0.005647849470783092,0.13073006502368914,8.964032418702233,7.385085385967036,102,0.0009790247669685303,24,0.1326601505279541,0.28964289816532485
S4,9,85,1,MGCUBED,det,sample,0,1,0,4.356597546397021e-18,10.0,0.5482292822093394,6.000000000000003e-06,20000.0,2e-10,5,1e-06,0.38682065001757093,0.0,0.42173960540655264,0.0,0.3927216891597159,0.38682065001757093,0.42173960540655264,0.4145781545990609,0.4528389298065881,0.45694784958790535,0.49823085609352613,0.5099998644515535,0.5458590152563466,0.5527444664114147,0.5819618619453748,0.5884571539935073,0.6113089636521843,0.7233811229484647,0.7514509937637329,0.8040166251748134,0.8268330813418843,0.9045324918481736,0.898769702041119,1.015867963825788,1.0019830768823221,3.8115502969677335,0.054721630116329016,0.31464940537268615,5.482292822093394,7.386537459344569e+18,1.185307077525383e+18,3.2180170971750237,0.5163905905674108,0.12028921496594304,0.04324435617941445,0.3036898964688002,0.1489801171435006,0.671899686423889,0.0,0.0,0.32788540150340884,0.09918400260782197,0.01915570970550006,17.116849573538126,178.46570240631982,28.638135435181283,5,0.0009967805131078898,11,0.019710063934326172,0.28964289816532485
S4,9,86,1,MGCUBED,det,sample,0,1,0,2e-17,10.0,0.5,6.953930239032552e-06,20000.0,5.384801221687087e-11,5,1e-06,0.35049683408641474,0.0,0.3906768533199542,0.0,0.36120269013692374,0.35049683408641474,0.3906768533199542,0.3945815155514097,0.43109220445116847,0.4452001633421778,0.48177761595937796,0.5022666778548242,0.5401104039355463,0.5934204030915211,0.6281093293936695,0.7278773344521531,0.7596851438018061,0.8589395674995262,0.8853639485976594,0.9194009594617687,0.9319868175219334,0.9744841106552365,0.9706863399868582,1.0021171671684552,0.9962869589738537,0.8302695335869232,0.2993434284047151,0.6566895863431423,5.0,8.717558240944927e+18,4.1962318729827174e+18,17.435116481889857,8.392463745965436,0.0212936674986806,0.010848860119569866,0.874427275676607,0.060499430259417494,0.9452313567757729,0.89428,0.43328,0.051467794736223905,0.05801567243281397,0.014350301372945176,3.586530582086371,210.62441817986635,101.38491448713218,30,0.001,10,0.018591880798339844,0.28964289816532485
S4,9,87,1,MGCUBED,det,sample,0,1,0,1.2108272278065171e-17,10.0,0.5,6.886832697541821e-06,17770.613685891916,8.372398615114867e-11,4,1e-06,0.3193265978975466,0.0,0.36848159582501727,0.0,0.3316478704776861,0.3193265978975466,0.36848159582501727,0.3796782415963308,0.4282013933234803,0.4361389478799564,0.48464678428097,0.46667176482306344,0.5129532712170205,0.5289828876044919,0.5720479966059521,0.6395681766114695,0.6793662327971438,0.782396886637347,0.8120763871939799,0.87426740209573,0.8961862150893068,0.9438424818526178,0.9407293756112334,1.0030365135290642,0.993053964046165,1.371408760093716,0.1888286610335201,0.5483413182599209,5.0,6.221735603328007e+18,2.4235129845833544e+18,7.533446872722759,2.9344555086761615,0.05083295504523182,0.023437188158902333,0.7057921449975684,0.12333216460332955,0.8804079945848525,0.22392,0.0,0.14917919196348198,0.1134910100681545,0.019521983558887863,7.6416001229324095,150.32299243668456,58.55435641734134,19,0.001,10,0.01517486572265625,0.28964289816532485
S4,9,88,1,MGCUBED,det,sample,0,1,0,6.538388859169117e-19,10.0,1.6810606811917468,6.000000000000003e-06,20000.0,1.6504249799925242e-11,3,1e-06,0.48477890680519115,0.0,0.5347198253857738,0.0,0.4903395325670765,0.48477890680519115,0.5347198253857738,0.5017177026295949,0.5517027540514152,0.5157869660764277,0.5630382409357,0.5272314925228861,0.5769121157940614,0.5940543970919266,0.6448854639121756,0.688886093044333,0.7368527332488473,0.7294967222569908,0.7656133488837162,0.8367016760660866,0.843227574009554,0.9938948539821553,0.9814301451997559,1.0556763233388489,1.0461628588164806,25.396762152578123,0.21625794495010406,0.5794485930423325,16.810606811917467,1.1321054347133448e+19,4.725476790771149e+18,0.7402145561734544,0.3089700480304031,0.045445082949574306,0.03418328630812849,0.22717243909567286,0.08271695196732597,0.4182509146892402,0.0,0.0,0.11930329481185438,0.07202141980798524,0.018155145692970855,6.571321256763318,273.5273363415082,114.17197019732801,22,0.0009888592242304393,34,0.1026160717010498,0.28964289816532485
S4,9,89,1,MGCUBED,det,sample,0,1,0,2e-17,10.0,1.6183943829718903,2.3327276270198994e-05,20000.0,6.479537953614548e-11,5,1e-06,0.4320913219175272,0.0,0.4629067725868635,0.0,0.43806295857622773,0.4320913219175272,0.4629067725868635,0.4830760194077875,0.5174665730626238,0.5070306334954233,0.5485047696824378,0.5293184638173898,0.5766513148561729,0.577956550328809,0.6250053988116948,0.6991874102225514,0.7508853757206477,0.7409995626720218,0.7896639560001971,0.786982891192551,0.8080061804740243,0.9764266550548556,0.9683989987216678,1.0597778568346945,1.0500017076368946,0.8302695335869232,0.864865184556495,0.8927711910461057,16.183943829718903,5.075308859824284e+17,3.208449290904668e+17,1.015061771964857,0.6416898581809337,0.03763782531651398,0.03066389178027849,0.38302459179942605,0.07163060759083564,0.5017056354433141,0.0,0.0,0.021316740702556066,0.07118967201100346,0.0214792985294481,0.9924318838127247,12.262424249290016,7.751915691051932,86,0.0009808450805890243,33,0.1171119213104248,0.28964289816532485
S4,9,90,1,MGCUBED,det,sample,0,1,0,1.930360206264633e-18,0.49678594577891094,2.0,6.000000000000003e-06,4371.579267839854,4.584094458863068e-11,5,1e-06,0.39271202455509535,0.0,0.4282014299620949,0.0,0.39921923952615934,0.39271202455509535,0.4282014299620949,0.4075065631272072,0.4442254168744946,0.4260977946007156,0.46322136771901656,0.48737922987455945,0.5187110909285502,0.5473867155766227,0.5773892466635493,0.6729051348520032,0.6986970817582302,0.8197372349989902,0.8463602529044986,0.8572539818697191,0.8785823090680976,0.912977896086952,0.9102820665298432,1.0038003597178826,0.9904606567697136,0.4273463928191338,0.06544367763189707,0.34230122679328184,0.9935718915578219,1.6650049756782234e+18,3.1797181575754694e+17,6.469706672644554,1.2355424807553697,0.45021273584201316,0.13474019000475537,0.5183342111480869,0.1384289257746827,0.7421048329644317,0.0,0.0,0.14456964123325172,0.13031153400740134,0.021423070966791916,6.748315470613449,40.2280884825836,7.682498566739669,7,0.001,40,0.05419802665710449,0.28964289816532485
S4,9,91,1,MGCUBED,det,sample,0,1,0,2e-17,10.0,0.5,7.711388055324239e-06,10051.058295659215,4.896044284272789e-11,5,1e-06,0.35411770939140697,0.0,0.3960232396537921,0.0,0.3638338417395588,0.35411770939140697,0.3960232396537921,0.41133584142479623,0.4530611046492274,0.45849714430035077,0.4970740543341959,0.4973033626220491,0.5322828492412249,0.5587532488474639,0.5944497573143153,0.6732225974352334,0.7040409142845881,0.8213128257640011,0.8511810509279907,0.8881846057687641,0.9035349926370944,0.9609035544679819,0.9564473673175307,1.0068659255777372,0.9994532458943025,0.8302695335869232,0.40485408414853136,0.7295695419332517,5.0,3.914872430075557e+18,2.0966693655363615e+18,7.829744860151115,4.193338731072724,0.0385108713982707,0.02265071110974062,0.7876044921603331,0.07481116804013924,0.8856940049523437,0.56632,0.0,0.05068207966539731,0.07280767123755232,0.017875964394907552,2.8352081345516362,94.58700533369606,50.65750672676642,40,0.001,10,0.021950244903564453,0.28964289816532485
S4,9,92,1,MGCUBED,det,sample,0,1,0,2e-17,10.0,1.6317905676294775,9.716305020236087e-06,11785.91478289886,5.444528013232054e-11,5,1e-06,0.30240181092670454,0.0,0.35026117237656273,0.0,0.3140128169826639,0.30240181092670454,0.35026117237656273,0.35746506911097187,0.40484387393733867,0.41777270156627855,0.4631484786649589,0.46557032222204475,0.5098900190392284,0.4998202911225192,0.5441061442965405,0.5478627305866743,0.5923904602630661,0.6808772056183653,0.7202542182680794,0.7961006568270974,0.8277421803649884,0.8960108354453985,0.8958451032776389,1.0147138659411972,1.0019108085915902,0.8302695335869232,0.17710318619844295,0.5339431863249693,16.317905676294775,1.4268643522726264e+18,5.3838219110736595e+17,2.853728704545253,1.0767643822147321,0.029508582973393864,0.01590209866524683,0.4842919851558214,0.1363576137892296,0.7374791643830215,0.0,0.0,0.20832060210155562,0.1183158350431015,0.02145443897376469,9.709906763644486,34.474386716163544,13.007820839990067,18,0.0009889639803815015,33,0.0730130672454834,0.28964289816532485
S4,9,93,1,MGCUBED,det,sample,0,1,0,8.397849327851661e-18,10.0,2.0,1.0101896418800084e-05,20000.0,4.509459721118092e-11,5,1e-06,0.3235058995410471,0.0,0.37091004510432696,0.0,0.33331724386892786,0.3235058995410471,0.37091004510432696,0.3695032847180394,0.4173511924762327,0.43349591579883473,0.4798768146058659,0.48571872736013894,0.5319749567230408,0.5077780024269775,0.5545472679869076,0.5427716865567512,0.5877418301625684,0.6855165006135484,0.7281407264982556,0.7801719040301764,0.8110308397394643,0.9010112629919896,0.8976150633001845,1.028837050167278,1.0152956971903973,1.9773384855413285,0.18858192475229185,0.5480455979174228,20.0,2.2173520040225976e+18,8.627670636361144e+17,1.8620988036591706,0.7245387805449095,0.028993259278403294,0.01746969738992777,0.3949407194764325,0.12481628850914177,0.6471875905790163,0.0,0.0,0.1903788368991042,0.10794367007800221,0.02104176126423269,9.047666424327078,53.57331294371685,20.845264898787885,19,0.001,40,0.10310888290405273,0.28964289816532485
S4,9,94,1,MGCUBED,det,sample,0,1,0,2e-17,10.0,2.0,6.000000000000003e-06,20000.0,7.136474674362339e-11,5,1e-06,0.3450301928476772,0.0,0.3805367339667778,0.0,0.3542873295378875,0.3450301928476772,0.3805367339667778,0.3875569125659229,0.42853023484975045,0.44815607810577635,0.48875037211509176,0.5092097730658735,0.5423628786633895,0.5633194886630497,0.5876718394012576,0.6184404160898836,0.6402542877555493,0.6957315397483657,0.7208717092878061,0.7988641285345288,0.8188427360553728,0.8938482662328994,0.89885193207758,0.9849435630456114,0.9751209275977321,0.8302695335869232,0.0420375624785365,0.2775029143741261,20.0,7.180518127997606e+18,9.135583461189665e+17,14.361036255995213,1.8271166922379334,0.017685863529184647,0.0032549887368754594,0.5211511006935559,0.20555307026865768,0.9318925450033229,0.11404,0.02332,0.5321393467758141,0.12859118456168955,0.020158394035818213,26.397903812689066,173.48808131112014,22.072430123943914,4,0.001,40,0.07769989967346191,0.28964289816532485
S4,9,95,1,MGCUBED,det,sample,0,1,0,1.0753147529490094e-17,10.0,1.2389536287979683,8.46092995507362e-06,15996.163322543718,5.777318228010567e-11,5,1e-06,0.2935585671277064,0.0,0.3412815210491415,0.0,0.3057626153693968,0.2935585671277064,0.3412815210491415,0.35221064773072464,0.3985134695060496,0.41781847821966944,0.4639603713481183,0.45904366779987094,0.5039242800219055,0.4937721883656571,0.5376433813429539,0.5466548487861711,0.5910555183946213,0.6766684544341103,0.7150066415570754,0.7985286601196933,0.8300424527700438,0.8952576759211566,0.8957299852681995,1.012694707614295,0.9999749952606446,1.5442353623623988,0.16668772023620218,0.5205276287636837,12.389536287979684,2.854901269895223e+18,1.0400615021020744e+18,3.0699174537311946,1.1183934771846678,0.038101170472447585,0.01983167273526351,0.49152866771751663,0.1397370320163466,0.7499866430212905,0.0,0.0,0.21542647294416292,0.12084325628462007,0.021416852115897417,10.058736539729617,68.97710371562309,25.128865525971218,17,0.0009911629030383746,25,0.05894207954406738,0.28964289816532485
S4,9,96,1,MGCUBED,det,sample,0,1,0,8.13983027633408e-18,1.9913645646408298,1.0213372446047304,8.774546214632007e-06,6700.731139266311,5.913478678823469e-11,5,1e-06,0.35619176580533624,0.0,0.40702352390181123,0.0,0.36477674243765046,0.35619176580533624,0.40702352390181123,0.3936906159214398,0.44252810187500374,0.4388448881312571,0.48426534711913716,0.46528794137394647,0.510880467266894,0.5016725807219397,0.5496032290030971,0.5666753466328316,0.6127531786005341,0.7276594702451493,0.7599598502998053,0.8533634208223215,0.8758408360078468,0.9308215307652898,0.9280339278152409,1.0094599816365726,0.9982504266928077,0.4062417205658232,0.2124642557444803,0.5753435062096574,2.0338547974537637,1.2013791927059057e+18,4.9988905522913395e+17,4.910714441636712,2.043328549082647,0.1615590220797472,0.08318405314823837,0.6398114573641466,0.11885171915179159,0.8146690488114435,0.00972,0.0,0.10530254923540272,0.11359122344556463,0.02076522131788922,5.071101705267387,29.026452876287415,12.077790420440804,21,0.0009727021377187909,21,0.040061235427856445,0.28964289816532485
S4,9,97,1,MGCUBED,det,sample,0,1,0,1.0230934274949064e-17,10.0,0.5052346783675894,7.1763206466687596e-06,16809.868669763135,8.627600173113456e-11,5,1e-06,0.29796387196431373,0.0,0.3482111313020974,0.0,0.3111775535172048,0.29796387196431373,0.3482111313020974,0.3503398015337812,0.3993662437147122,0.41751020742986955,0.46358462713896226,0.4491794676947348,0.49338593085229704,0.4872704960443174,0.5306388965698158,0.5678379842238116,0.6127498483171684,0.7031568592127164,0.7373794373081064,0.8367121219474113,0.8637574192698412,0.9198284868270273,0.9201502710851979,1.0049671748478033,0.9941417215878262,1.6230571153601845,0.19691067349389246,0.5578638095281592,5.052346783675894,5.308101989373793e+18,2.1148761848112637e+18,5.430684257800966,2.163715924645907,0.06256181898986764,0.03077865668384445,0.6459628342830459,0.12784263348465202,0.8402152501512773,0.05488,0.0,0.1536543749182492,0.11763194059485403,0.02055827965967811,7.4740872029102,128.2487437709462,51.09740062947313,20,0.0009186085061228898,11,0.018573999404907227,0.28964289816532485
S4,9,98,1,MGCUBED,det,sample,0,1,0,1.739968333474362e-18,10.0,0.5,6.000000000000003e-06,13182.39516611878,5.918390093127579e-11,5,1e-06,0.3295304021809721,0.0,0.3764954740108705,0.0,0.3378617234292335,0.3295304021809721,0.3764954740108705,0.40477606270588995,0.45107135458570546,0.47749166985511826,0.5244415381433213,0.501798247983019,0.549968561253629,0.5134677964490412,0.5661224425035467,0.5732887817372753,0.6219403117250274,0.7151824087105435,0.7581650195743921,0.7802644106545358,0.8079178823890509,0.9225168312133979,0.9155180877357308,1.0463367858760746,1.0327720507817288,9.543501655907084,0.20275784142607267,0.5645613997608653,5.0,7.21965445437457e+18,2.91882149216873e+18,1.2561970129238875,0.5078656967437977,0.1326378074863667,0.08864474106399634,0.32177671850014117,0.10282611973932362,0.5279380894612313,0.0,0.0,0.1203074919316849,0.09415959486985626,0.020241330034812356,5.943655467539546,174.4336518189407,70.52147649228559,20,0.001,10,0.018679141998291016,0.28964289816532485
S4,9,99,1,MGCUBED,det,sample,0,1,0,2e-17,10.0,1.2019034886559916,8.592533301818186e-06,16563.84977383333,8.130676988105975e-11,5,1e-06,0.2873807310587758,0.0,0.33935974058063734,0.0,0.30192402605864715,0.2873807310587758,0.33935974058063734,0.3464079576481498,0.39344982130045353,0.4063668656181044,0.4529765040011777,0.4477582819099296,0.49067850240509825,0.49041261668758257,0.5287182881122465,0.5669367446645136,0.6064031999475281,0.6748096141377085,0.7075738501371979,0.8139958470234283,0.8436543186655252,0.8948475320326161,0.8992597228161858,0.9994341959554045,0.9879909182276543,0.8302695335869232,0.1259200518634164,0.4611955925212881,12.019034886559917,2.5294098521982336e+18,7.773601790254424e+17,5.058819704396468,1.554720358050885,0.032567695993324486,0.013732271305017514,0.5564881312514603,0.15546258177666855,0.8321037535754084,0.01744,0.0,0.27101232498099526,0.12932967177639815,0.021041285594456796,12.880026924419099,61.11292448330434,18.781754121746275,13,0.0009615227909247932,25,0.044164180755615234,0.2873807310587758
S4,9,100,1,MGCUBED,det,sample,0,1,0,2e-17,10.0,1.6397813204313332,9.516559259093495e-06,18036.66350455091,6.720107696938909e-11,4,1e-06,0.30760886008896665,0.0,0.35776650990416364,0.0,0.3211431000756551,0.30760886008896665,0.35776650990416364,0.3864112130905255,0.4326069664399186,0.440592974737226,0.4857636917874236,0.4744140149531894,0.5164429684992297,0.5254263642721104,0.5639713427617568,0.6052550350428157,0.64312293814616,0.739746309955438,0.7732885826124289,0.8300070777229012,0.8565516816727422,0.9153253508985222,0.913124361065482,1.0065402787104198,0.9942390860768253,0.8302695335869232,0.13697663536448304,0.47850210124988896,16.39781320431333,2.0889449222484037e+18,6.770095398302138e+17,4.177889844496808,1.3540190796604277,0.02590622222576817,0.011777720892652123,0.5279721505014546,0.15220001302447048,0.8041945017455213,0.00064,0.0,0.26174537832667033,0.1271801511303495,0.021206608048943136,12.342632905865152,50.4708769012669,16.35718815840128,14,0.0009938068608674746,33,0.06982707977294922,0.2873807310587758
