set,search_seed,eval_index,is_finite,task,mode,node,N_R,R,seed,k_on,k_off,T,distance,N_max,D,L,lam_best,objective,opt_sd,held,held_sd,train,opt_lam_1e-06,held_lam_1e-06,opt_lam_1e-05,held_lam_1e-05,opt_lam_1e-04,held_lam_1e-04,opt_lam_1e-03,held_lam_1e-03,opt_lam_1e-02,held_lam_1e-02,opt_lam_1e-01,held_lam_1e-01,opt_lam_1e+00,held_lam_1e+00,opt_lam_1e+01,held_lam_1e+01,opt_lam_1e+02,held_lam_1e+02,opt_lam_1e+03,held_lam_1e+03,KD_nM,tau_D_over_T,phi_ISI,koff_T,c_peak,c_mean,c_peak_over_KD,c_mean_over_KD,tauR_mean_over_T,tauR_peak_over_T,occ_mean,occ_std,occ_max,occ_frac_above_0p8,occ_frac_above_0p9,contrast_within,contrast_between,binomial_sd_mean,snr_within,shell_molecules_peak,shell_molecules_mean,history_symbols,dt,n_sub,seconds,running_min
S4,4,1,1,MGCUBED,det,sample,0,1,0,4.9106887611525165e-18,5.498624502947607,1.9798810387808183,3.367613985350215e-05,13391.95457218852,9.032325503440939e-12,4,1e-06,0.669583789570298,0.0,0.7249616823461625,0.0,0.6628150136574208,0.669583789570298,0.7249616823461625,0.6747246237587525,0.7273206743781712,0.6786829033621259,0.72826342064909,0.6957445910099684,0.737273229875668,0.7208652769679258,0.7541106541827474,0.7272707121837781,0.753124093957974,0.8188131019062672,0.8240731596055942,0.9887057394177767,0.9884256474114907,1.0257895026007964,1.0256028702278537,1.030567194419371,1.031187758499837,1.8593483006080282,10.569505811872563,0.9999999820865152,10.886622392761568,9.998569572305466e+17,8.727392239439721e+17,0.8929481036575853,0.7794223257364097,0.05162116544300389,0.04852528925242514,0.43751529792453425,0.01683012920920264,0.4705942777310396,0.0,0.0,0.0017943260170500937,0.01681943476518864,0.022172405904477353,0.08092608554887402,24.15748585316573,21.086201684615567,1057,0.000989940519390409,40,0.37648701667785645,0.669583789570298
S4,4,2,1,MGCUBED,det,sample,0,1,0,2.893529530941554e-19,0.11707332356846956,1.687108574911143,1.2324627651356667e-05,7151.733546766221,2.5588994680941536e-11,5,1e-06,0.5348135003096312,0.0,0.5852598323365905,0.0,0.5408184839606056,0.5348135003096312,0.5852598323365905,0.5954757139992416,0.6571927426639015,0.6377541102801118,0.7046755455946906,0.6516259616096446,0.7197303979265219,0.6901069248925671,0.7557510636832644,0.7349073831132211,0.7982765057744831,0.7496055387272363,0.8030956200673378,0.8044812045940697,0.8228981961849049,0.9777944241928748,0.9692457782034296,1.0541037202360044,1.0441043043908664,0.6718605268426933,0.5864082984461781,0.8152787753700345,0.1975154080857118,9.041795966303244e+17,5.316121257365121e+17,2.2347280186289047,1.313907675923786,2.1880285920298173,1.565169042058907,0.5543947279026766,0.08155330459433686,0.6704614781681819,0.0,0.0,0.010069384870816442,0.08146896448083364,0.021923635290538424,0.45929357688056793,21.845830702442846,12.84424968389749,59,0.0009924168087712606,34,0.10058212280273438,0.5348135003096312
S4,4,3,1,MGCUBED,det,sample,0,1,0,4.88651307811404e-19,7.505334297395033,1.0259654231072757,4.8233736955040575e-05,18964.8508672429,4.611084804928654e-11,5,1e-06,0.6441450153772327,0.0,0.6999050652773728,0.0,0.6545129369470132,0.6441450153772327,0.6999050652773728,0.6446162311660523,0.698832888378297,0.6470238305624397,0.6988716464090065,0.6488146058938162,0.6994411224142432,0.6501980134378499,0.6973831383849148,0.6749345392246904,0.7028474095012638,0.8657170353370481,0.8664523247710556,0.9868598788589701,0.9858387135165095,1.0188281550745846,1.0202500490089583,1.2400477277942412,1.2495902559268415,25.50469141041225,8.196241318790028,0.9999992903421688,7.700213477988443,3.844955557558102e+17,3.257287636014113e+17,0.025033429388076758,0.021207288045898977,0.12716960691222204,0.1266949210370835,0.020763484207208076,0.0017671802778146195,0.024302053517952824,0.0,0.0,0.00019183915667928575,0.0017660347139170523,0.006370841671295703,0.030112058433916386,9.289774783888765,7.869913732925976,820,0.000977109926768834,21,0.11297106742858887,0.5348135003096312
S4,4,4,1,MGCUBED,det,sample,0,1,0,2.907041169713344e-18,0.1767265530272927,1.1278690798361213,9.976038163306061e-06,15022.341163719011,6.715626248296608e-12,3,1e-06,0.756405818793425,0.0,0.8126231073797491,0.0,0.760778540988841,0.756405818793425,0.8126231073797491,0.7876017552838425,0.8452177144163673,0.7935364638591609,0.8466033574403172,0.813514511764572,0.8446486297735382,0.9243081157145949,0.9271313513580999,0.989224140779897,0.988008142670277,0.9986535525231549,0.9971640585322384,0.9996387947853409,0.998126343723832,0.9997414262550063,0.9982470258427529,0.999887914723323,0.9985968169872889,0.10094846559662844,2.1898771129448082,0.9896266563760274,0.1993244147455021,1.085817752816898e+19,7.809853262375651e+18,178.61022331810398,128.46719734096703,0.03875071817187518,0.027932412665491478,0.9919230282576902,0.0018109072354975549,0.994391315645123,1.0,1.0,0.0002146415269898494,0.001809321655588407,0.0039790020231100206,0.05394355814428157,262.3437964110918,188.69341092921695,219,0.000980755721596627,23,0.06172490119934082,0.5348135003096312
S4,4,5,1,MGCUBED,det,sample,0,1,0,1.2253166626576873e-19,3.37476108667834,0.7763831132663619,2.009131658370602e-05,8773.614430183294,1.7830901076859653e-11,2,1e-06,0.6365036998075293,0.0,0.6992836707631818,0.0,0.6416617166546326,0.6365036998075293,0.6992836707631818,0.637386964901264,0.699807287885929,0.6376431295451229,0.6999228677561699,0.6391188400868449,0.7016713770348503,0.6718283932551753,0.7345393283646888,0.7275131620531782,0.7840590807645554,0.8046947594322529,0.8297166261690502,0.9657136082986283,0.9673323553235441,1.021275791719345,1.0222017746115497,1.2330938275780208,1.2423214408531607,45.73448478740714,4.859775108845536,0.9998656191543707,2.6201075190055003,1.5588390358092175e+18,1.2426036883087818e+18,0.05659871605483914,0.0451167642762906,0.3651876419205917,0.36121918461419794,0.04313895199303866,0.005264574264218769,0.05327289406197114,0.0,0.0,0.0005879208397403254,0.005260981599427178,0.009067276328433668,0.0648398502973479,37.66301937752142,30.022475519455107,486,0.0009704788915829523,16,0.0550081729888916,0.5348135003096312
S4,4,6,1,MGCUBED,det,sample,0,1,0,6.494754876190747e-20,0.4941735576821756,1.7339359110208954,2.280810099490616e-05,5805.1814516968025,1.4104445099318779e-11,1,1e-06,0.6424540955590771,0.0,0.704992902056146,0.0,0.647740692349616,0.6424540955590771,0.704992902056146,0.642766018656919,0.7050295707263682,0.6432824687130234,0.7052459175451063,0.6637847872831296,0.7236402430763076,0.7581987607963544,0.8140879013150203,0.797719836017357,0.8480500148396959,0.8487191527975624,0.8732915676480044,0.9716831328915636,0.9736854960820194,1.0202448881327848,1.0211997574539409,1.2386403230023213,1.24797153278004,12.634726238918962,3.5451772885773423,0.9988906462538092,0.8568652779420801,5.364935420734198e+17,4.1193688979682586e+17,0.07050952027399154,0.05413946339499349,1.1071064557577215,1.0901767645138534,0.05129668430790535,0.0074162869943015415,0.06529418217777998,0.0,0.0,0.0008340623765247777,0.007411169630958233,0.00983630075482272,0.08479431417505595,12.962189300409122,9.952783261345385,355,0.0009908205205833688,35,0.09973692893981934,0.5348135003096312
S4,4,7,1,MGCUBED,det,sample,0,1,0,1.5505618003042783e-17,0.3027597204587248,1.361835212520616,3.214780297192335e-05,17238.538814682473,7.893134791031398e-11,1,1e-06,0.5695225562666559,0.0,0.601619361387906,0.0,0.572758919422301,0.5695225562666559,0.601619361387906,0.69069426832513,0.7193964982675609,0.781101631972482,0.8214002343230614,0.8155677383797696,0.8600743666771327,0.8358518868997098,0.8695047443347793,0.9278605966221463,0.9425267330660119,0.9868797573732091,0.9880779672251657,1.0030559459544066,1.0001712490233043,1.005200949836149,1.0019049310396795,1.0067831027942906,1.0042986386021167,0.03242336704604022,1.602423357668229,0.9716600937877307,0.4123088482535897,2.8366020887826787e+17,1.958656788549343e+17,14.527450464234954,10.031117718135501,0.2198658736624325,0.15619861999608062,0.9047411701667728,0.022709261039820128,0.9350028431930154,1.0,0.65936,0.002856409500748455,0.02268684327655202,0.013022638969534723,0.21934183289813722,6.8534978263923225,4.732299287254709,160,0.0009727394375147256,28,0.0833439826965332,0.5348135003096312
S4,4,8,1,MGCUBED,det,sample,0,1,0,6.653384204647785e-18,0.6670954306902716,0.5765112745073686,1.495217822918842e-05,3217.208132537632,1.9270378328360144e-10,3,1e-06,0.5342023828882517,0.0,0.5739798174130887,0.0,0.538386034348853,0.5342023828882517,0.5739798174130887,0.5565085017948395,0.6009479709435152,0.5986355470091613,0.6438784487000214,0.6583635073513086,0.7005724535552893,0.7524305883702392,0.7975747832777668,0.7745725886526248,0.8205006125597731,0.7800421414631206,0.8201141427585833,0.8497727994316997,0.8612122297937319,1.0078549577677423,0.9978590757764934,1.0546950672611033,1.043821807642042,0.16649241801195516,0.3353973554156264,0.6841831664207001,0.3845880369652904,1.517186782698606e+17,7.763733697336614e+16,1.5131907836727605,0.7743285409330638,1.4654472513265215,1.0346150002431025,0.4239995271702932,0.0885703572555639,0.5555019680154488,0.0,0.0,0.015452896490771768,0.0883971153661289,0.0217183916146664,0.7115120108772901,3.665666171006153,1.875791187977998,34,0.0009608521241789477,12,0.021029949188232422,0.5342023828882517
S4,4,9,1,MGCUBED,det,sample,0,1,0,5.909633617755205e-19,1.1677468189898543,0.8687703408511904,6.843789294594979e-06,1792.2043606267125,3.368889157719527e-11,4,1e-06,0.526843526939726,0.0,0.5733969912124385,0.0,0.5310829066415218,0.526843526939726,0.5733969912124385,0.5558173629404604,0.6106895835440396,0.585821842907093,0.6419252320662006,0.6221820339795987,0.6726467589996709,0.7010928505961731,0.7484603006878391,0.7230179334520394,0.7695671424777324,0.7339879983793388,0.7726377421177196,0.8538390709085188,0.8646325973186387,1.0155841919813264,1.0063088013665042,1.0970407539473621,1.0921738488914294,3.2812342336667726,0.266716756790386,0.6289515550474981,1.0145038019617092,7.674589070677375e+17,3.6519328408886394e+17,0.3883890654805178,0.1848139060226143,0.8319479927558434,0.7099620527215655,0.15363621096811964,0.04526434002591933,0.2343438934775059,0.0,0.0,0.014466791892082203,0.04498135360982488,0.01584922796541572,0.9127758098785567,18.542530065228107,8.823413719582346,27,0.0009653003787235449,18,0.033657073974609375,0.526843526939726
S4,4,10,1,MGCUBED,det,sample,0,1,0,1.7820960683227118e-18,1.7259188046059457,1.4956053671365204,9.131695608660678e-06,11036.186437908667,1.1124550767859033e-10,2,1e-06,0.529501560193687,0.0,0.5646498029267465,0.0,0.5339292915493729,0.529501560193687,0.5646498029267465,0.5428155235546899,0.573192267536814,0.565427215824849,0.5890914526207506,0.6526372631963067,0.6823671216439929,0.730593895379839,0.7657192829583751,0.752406337950462,0.7846121418203327,0.7838176912670268,0.7991422704708453,0.9226679372628996,0.9146368620364718,0.9898283207304336,0.9749917567879838,1.0398550804398112,1.0327630439923643,1.6081936618128347,0.08353185103649866,0.3833439579215477,2.5812934274105,1.2469525895279683e+18,2.8518896203537443e+17,1.2875398896241688,0.29447163251014796,0.2992747569797593,0.16935341105693907,0.21755858533846975,0.08837376441223209,0.4116107354746281,0.0,0.0,0.12217133488093465,0.07774992258501788,0.01771404546319339,6.896862443691068,30.127549069145964,6.890433942602463,8,0.0009970702447576803,30,0.06083512306213379,0.526843526939726
S4,4,11,1,MGCUBED,det,sample,0,1,0,2e-17,10.0,2.0,4.9999999999999996e-05,200.0,5.4592889830537786e-11,5,1e-06,0.6345572006775974,0.0,0.6996023772491085,0.0,0.6399853818741664,0.6345572006775974,0.6996023772491085,0.6357001598604372,0.700312597923846,0.6481771344459011,0.7119543649713163,0.7162264788612925,0.768202409345181,0.8523946406899247,0.8675740607833846,0.975209050039671,0.9757076189269521,0.9966189730493565,0.9954618701243046,0.9991888689133092,0.998157275225998,1.0169649312455762,1.0184853952241462,1.251871282427286,1.2616250414814556,0.8302695335869232,3.8161257625310263,0.9992844353995998,20.0,2187166460051206.2,1972944364256599.0,0.004374332920102413,0.003945888728513198,0.049803481005659046,0.049782235926550185,0.00393032808651799,0.00021565831906854283,0.004344542536117717,0.0,0.0,2.4375476488590673e-05,0.0002155097737038462,0.0027971040019651888,0.00871454063612399,0.0528440017695677,0.04766819415911921,382,0.001,40,0.14517712593078613,0.526843526939726
S4,4,12,1,MGCUBED,det,sample,0,1,0,4.585838911245434e-19,0.1,2.0,8.02462671841994e-06,200.0,4.876912446577711e-11,5,1e-06,0.5965493712020267,0.0,0.6599238175313114,0.0,0.6019292149441079,0.5965493712020267,0.6599238175313114,0.6063627151399801,0.6719175035671988,0.6392703931675165,0.7059957805029677,0.6526144810781017,0.7186756783698102,0.6553009570040352,0.7194452199515122,0.6827681230256071,0.7368504832214764,0.8404572169757122,0.8702873098183143,0.9687525183370402,0.9725762525132502,1.0243016847708535,1.0218340157389012,1.1736861148024502,1.1801486635880971,0.36210148226137173,0.11003313174637605,0.4343994335809492,0.2,3.5985791811644704e+16,1.3767987020569974e+16,0.16502504434181758,0.06313777060845187,4.703059319525836,4.291753232502187,0.059335167842135245,0.007326974897987332,0.07293745873744664,0.0,0.0,0.0026952236118101833,0.0072808201868813085,0.010542051914240251,0.2556640428007628,0.8694506252301101,0.3326475345005754,11,0.001,40,0.07721686363220215,0.526843526939726
S4,4,13,1,MGCUBED,det,sample,0,1,0,9.374850157308533e-18,0.10503462762579782,1.4846070585401667,4.9999999999999996e-05,1603.7107785685066,1.384963421280593e-10,3,1e-06,0.6348929456015596,0.0,0.6951235701066054,0.0,0.6396546412444705,0.6348929456015596,0.6951235701066054,0.639654651560287,0.7027667419442448,0.6457703010548668,0.7110215336815117,0.6472293210807389,0.7125834179927983,0.6476912852998724,0.7125905834205816,0.6486335086796604,0.7116910508904458,0.6789480552669722,0.7266789271171383,0.8839483052446191,0.8916797637284146,1.0462684336620454,1.0427900091588662,1.0771724969882543,1.074703333787217,0.018604468301045143,2.026464191442748,0.9863232210315505,0.15593514956439744,8706433399385469.0,6385780048241974.0,0.7770914256450209,0.5699618539428724,4.084763140422746,3.608662008218255,0.3606170013550214,0.03901014375326762,0.42808027737420595,0.0,0.0,0.004331756846049894,0.03898404205201648,0.021396517141350706,0.20245149327029408,0.21035563152928816,0.1542864607394668,203,0.000989738039026778,30,0.07821273803710938,0.526843526939726
S4,4,14,1,MGCUBED,det,sample,0,1,0,5.786056043865425e-19,0.12098465451175419,0.6771625402741118,6.000000000000003e-06,13295.30302069625,2.5619396989931143e-11,5,1e-06,0.43704834794443737,0.0,0.4726377688084286,0.0,0.4451492934926682,0.43704834794443737,0.4726377688084286,0.4685855807455268,0.50601217354452,0.5063773284570388,0.5384354524795947,0.6664567572199284,0.6897078947760035,0.8430381290246777,0.8668942512466697,0.9182157598695718,0.9405949702287024,0.9380839602321629,0.950577835058823,0.9713403533690288,0.9706084074137253,0.9972371006357582,0.9941040950973161,1.0014841442152456,0.9983682043562712,0.3472136180884373,0.34585130714953605,0.6916089517854636,0.08192627598336526,9.88328952082886e+18,5.03046858384049e+18,47.26654574172285,24.058070232516627,0.48711237593243717,0.2528893654946554,0.9532852093088627,0.022754308672230533,0.9766337210279392,1.0,0.95172,0.005589615402016626,0.02265631427170471,0.009193846628815349,0.6079735313941018,238.78958390556278,121.54085919002159,35,0.0009673750575344454,14,0.03331899642944336,0.43704834794443737
S4,4,15,1,MGCUBED,det,sample,0,1,0,1.1088783284334325e-17,0.1,1.99187881446429,6.000000000000003e-06,10208.04821468363,2.0865370737157733e-11,2,1e-06,0.6035779517952148,0.0,0.6479858887856853,0.0,0.6122268013147674,0.6035779517952148,0.6479858887856853,0.6833036237482026,0.7150979932416027,0.8004468414397073,0.8227458536020641,0.9001341672605884,0.9134564671169063,0.9573283789441291,0.9629425550381192,0.9822804913945965,0.9817336875434548,0.995500597910215,0.993557100648229,0.9980311131655565,0.9960690621434107,0.9983161550306185,0.9963885402138938,0.9986268399878764,0.9970242981395542,0.014974943820209497,0.14436510537803648,0.48952598067046704,0.19918788144642902,4.804946842943187e+18,1.609773295942097e+18,532.810142341434,178.50427215610497,0.027968057148355777,0.009404815202677115,0.9914510490539373,0.007946062372350331,0.9981036497597162,1.0,1.0,0.007932288427907793,0.007443011325306197,0.0038455161341936946,2.062737003591064,116.09204151074258,38.893639077372924,14,0.000995939407232145,40,0.051236867904663086,0.43704834794443737
S4,4,16,1,MGCUBED,det,sample,0,1,0,6.977158314423078e-19,3.210421858378092,0.6685565727484295,6.000000000000003e-06,16796.444933086896,2.0631526335546927e-11,5,1e-06,0.3281884559441971,0.0,0.3658234080318094,0.0,0.3368296760071129,0.3281884559441971,0.3658234080318094,0.38166878731435666,0.4197459594990449,0.4549899578638358,0.492338576096859,0.5108533754846375,0.5492934464386714,0.5459094077051068,0.5861865311791842,0.6456186097902948,0.6782880432420263,0.7976236816141181,0.8336922516567083,0.8502405224274655,0.8709650599857125,0.9449728271820524,0.9395953268810899,1.0207700164384854,1.0105739672403693,7.640690776537858,0.4349924598554863,0.7466939543822833,2.146348634713901,1.4617884094416048e+19,7.968323264697711e+18,3.1768812962217337,1.731742910147757,0.17055321439672863,0.11154435598938808,0.6142399886355465,0.09516345934162404,0.7528693784679481,0.0,0.0,0.04455912293978247,0.09384287041921013,0.021335504680996823,2.0884963166336785,353.18184832377693,192.52219544840452,43,0.0009550808182120421,14,0.030148983001708984,0.3281884559441971
S4,4,17,1,MGCUBED,det,sample,0,1,0,1.0249542243732273e-17,10.0,1.8462772013560944,6.000000000000003e-06,3764.993988003993,1.7565113392794155e-11,5,1e-06,0.3210215777083056,0.0,0.368143564995919,0.0,0.33092454825401635,0.3210215777083056,0.368143564995919,0.3694342656939811,0.4168401623803034,0.4341788180216613,0.4798715530743901,0.4854793096246681,0.5313729730426359,0.5081301886604799,0.5548006423854704,0.5452153915215417,0.5901184074754877,0.689490070236723,0.7320725674150067,0.7819783962769724,0.8126344201695711,0.9010092301700517,0.8976516218849189,1.0237623224235715,1.010422839354633,1.6201104670691882,0.18501348583881563,0.543734551547201,18.462772013560944,1.976330953513611e+18,7.739457507534141e+17,2.025648759563344,0.7932589666704207,0.03020369541670126,0.017901300493451372,0.4166127888937968,0.12369320189296153,0.6660669510365093,0.0,0.0,0.1968664937924231,0.10556779260746788,0.021275804667358456,9.253069243226207,47.75001734540113,18.699258318639956,19,0.0009979876764086998,37,0.0885460376739502,0.3210215777083056
S4,4,18,1,MGCUBED,det,sample,0,1,0,2.3760074059472016e-19,1.3093312802144452,0.9002524061110445,6.000000000000003e-06,16115.479348527553,1.624006110043737e-11,5,1e-06,0.37341640915259444,0.0,0.40860469194294285,0.0,0.38191874575455537,0.37341640915259444,0.40860469194294285,0.4284667823465606,0.46316530513995463,0.49424521649351194,0.5288756146142763,0.5358665591339412,0.5744554125025729,0.5915706761323664,0.6312367372941259,0.7238977627002877,0.7622799868984595,0.8091622567446412,0.8489512992013301,0.839028874887222,0.8614569067390855,0.9454670877229001,0.9394886152647293,1.029979196126276,1.019039101905614,9.150626960281231,0.4103923916761725,0.7328217723378896,1.1787286354095086,1.3458523484495036e+19,7.220454708239139e+18,2.44228118242445,1.3102760256573653,0.3672165909106876,0.24645624260336252,0.5490712156174267,0.0973863478592,0.6906670142248317,0.0,0.0,0.03150668178625438,0.0967198107130173,0.021816339021758686,1.4441782259998326,325.17060398492646,174.45298670606874,41,0.0009476341116958363,19,0.043910980224609375,0.3210215777083056
S4,4,19,1,MGCUBED,det,sample,0,1,0,1.3205516561770001e-17,10.0,0.7024953927311144,6.000000000000003e-06,13775.704616600962,2e-10,1,1e-06,0.6151724479696749,0.0,0.6525358610571282,0.0,0.6190550867451196,0.6151724479696749,0.6525358610571282,0.6408872344523072,0.6741940112224315,0.6570777592823955,0.6895431728973251,0.6857499472935594,0.7136128909027771,0.732433275534751,0.7558035129910823,0.8074263838009346,0.8110381100999698,0.9351187210188808,0.9255279469707668,0.9673117799188445,0.9541840128016205,0.9730553530633244,0.9591505384401265,0.9928711584292859,0.9849293947479824,1.2574586229978395,0.04270490640994533,0.27960517293819104,7.024953927311143,4.951453469388673e+18,6.395041252859242e+17,6.538650079484565,0.8444982317783509,0.07717529113373353,0.01888264961661196,0.383351762230566,0.18639000131256034,0.8250645906627135,0.00468,0.0,0.4644065782825704,0.11100394218261114,0.01987136431141428,23.370643857392892,119.63177960043393,15.451022016615982,4,0.0009366605236414858,15,0.022667884826660156,0.3210215777083056
S4,4,20,1,MGCUBED,det,sample,0,1,0,4.693955633830833e-19,10.0,1.5356461387924112,6.000000000000003e-06,1643.3971226667452,2.0712948568877037e-11,5,1e-06,0.5476087910984638,0.0,0.6030007748506524,0.0,0.5520973958613249,0.5476087910984638,0.6030007748506524,0.5785311513680832,0.6415389478848847,0.5927276509816635,0.655972246045966,0.6497924106908719,0.7031534963899774,0.6967346266707692,0.7420425962661519,0.7484950823463418,0.7767252465330163,0.9237219180265949,0.9311780371890929,0.9902308380373687,0.9900049988721981,1.0162544603231016,1.01646450893,1.243142772038137,1.2524411343353903,35.37611338304548,0.18863321704120092,0.5481070980954104,15.356461387924112,8.707336239886034e+17,3.526277419819395e+17,0.04087184999887243,0.016552189761211703,0.06405885440198929,0.0625621383804427,0.01623089839422005,0.007139826741612762,0.03660370866019666,0.0,0.0,0.012168056236605908,0.005714307949707347,0.005498656925461525,2.2129142446152144,21.03774450061684,8.519818386779765,19,0.0009907394443822008,31,0.08286809921264648,0.3210215777083056
S4,4,21,1,MGCUBED,det,sample,0,1,0,9.531510752766686e-18,10.0,1.548451303595235,6.000000000000003e-06,11215.348373382154,1.6382292599278855e-11,5,1e-06,0.3253092006804204,0.0,0.37627519466045384,0.0,0.3371490337090376,0.3253092006804204,0.37627519466045384,0.3589854202318845,0.406426155858501,0.4091645779857792,0.4491690135295658,0.46227453272641195,0.5005797090923374,0.5185919867482245,0.5564373506508513,0.6096880553366785,0.6499799662358783,0.748705923744301,0.7824121195958645,0.8531037867307674,0.8792656840446712,0.9290171394710726,0.9284299844425946,1.0042409805610106,0.994475512973728,1.742157261577706,0.23652607221626043,0.6004161306935007,15.48451303595235,6.653709892628233e+18,2.9061501159409905e+18,6.341990738737607,2.77000010792457,0.017130146823515085,0.008796068760026752,0.700920583667694,0.11325008745628534,0.8625810781861303,0.17172,0.0,0.13099580304510783,0.10499049910280209,0.019762282584148062,6.628576556747731,160.7598981432829,70.21532410743882,24,0.000999000841029184,31,0.09061384201049805,0.3210215777083056
S4,4,22,1,MGCUBED,det,sample,0,1,0,1.3084359408618736e-18,10.0,0.9129546049666986,6.000000000000003e-06,20000.0,1.2102179660809225e-11,5,1e-06,0.33912228870269295,0.0,0.37540457146037526,0.0,0.346571644053418,0.33912228870269295,0.37540457146037526,0.40356962261855767,0.44087232820254774,0.4842078135043808,0.5264553128571714,0.5172746694612873,0.561342579457642,0.558143098029303,0.6042261859420237,0.6610689058105971,0.7007478339348342,0.786786178874095,0.8268714567319962,0.8363937437590699,0.8579559332868708,0.9444691141526296,0.9385471282132983,1.023800569724218,1.01319466975436,12.691023039920784,0.5430483155744695,0.7981786447734484,9.129546049666985,2.0592801570148626e+19,1.1841411178334175e+19,2.6944361697419286,1.5493727976255984,0.042965262447447576,0.029648494734724008,0.590022967072727,0.09187631093129393,0.7274435264069782,0.0,0.0,0.047211210976028324,0.09038807512759386,0.021599767540374733,2.185727734698077,497.54148231946346,286.09964750804556,54,0.0009610048473333669,19,0.06029486656188965,0.3210215777083056
S4,4,23,1,MGCUBED,det,sample,0,1,0,2e-17,10.0,0.8799629096435592,6.000000000000003e-06,6448.125299608793,3.44943274125709e-11,5,1e-06,0.3085079592653021,0.0,0.3597445236728018,0.0,0.32212075908865595,0.3085079592653021,0.3597445236728018,0.3501641283878137,0.3984632648289894,0.40239248706848724,0.44612333589694153,0.44777749028488073,0.4900565707854588,0.4960641433334303,0.5360795596158631,0.5944384276184028,0.6355981801977098,0.7350416127153124,0.7678366299240578,0.8523899418850028,0.879427813205139,0.9249360774060339,0.9258633336526553,1.001341796284917,0.9915358471726274,0.8302695335869232,0.1976692898624011,0.5587416543744592,8.799629096435591,3.490833249938925e+18,1.4029737969158963e+18,6.981666499877851,2.805947593831793,0.029858832944234293,0.014237772700785372,0.6990782285509114,0.12004437775823416,0.8733262647403245,0.19384,0.0,0.15444167598830374,0.10923450602194751,0.019709371004874337,7.8359515354451785,84.34181933857907,33.897168396202,20,0.0009777365662706212,18,0.03715991973876953,0.3085079592653021
S4,4,24,1,MGCUBED,det,sample,0,1,0,9.6197634455538e-19,10.0,1.9491708880610839,6.000000000000003e-06,20000.0,9.504127532051874e-11,5,1e-06,0.4286252509728355,0.0,0.46226040265003077,0.0,0.43365374113054833,0.4286252509728355,0.46226040265003077,0.48658673647070516,0.5234707971388295,0.5197394177146466,0.5548315400122313,0.5540118595762064,0.5786880140074755,0.6556221084423841,0.6817147031295954,0.7340015277447945,0.767118349484344,0.7615542305023,0.7887093360674218,0.8716825827177571,0.8731428846045055,0.9902196514235797,0.9796597563458722,1.1201077121126088,1.121121352014774,17.26174532848142,0.032388369015965465,0.24474149005731838,19.491708880610837,7.036073102402314e+18,7.022933204073065e+17,0.6768535883073411,0.0675589561171081,0.04805717253663407,0.030595315718014632,0.058894870613114006,0.06048168908006309,0.30758207593990594,0.0,0.0,0.17850369520970186,0.023805619199169015,0.0092416442805235,19.315144555595293,169.9981534397938,16.968068111967305,3,0.0009995748143902994,39,0.06719088554382324,0.3085079592653021
S4,4,25,1,MGCUBED,det,sample,0,1,0,2e-17,10.0,0.6638196362796356,6.000000000000003e-06,5821.476064840585,1.5262448039579276e-11,5,1e-06,0.38183849570101536,0.0,0.42659464249545986,0.0,0.39098628156082643,0.38183849570101536,0.42659464249545986,0.42784641515748717,0.4672214337047804,0.4912866567423484,0.528474139628275,0.5672977247847901,0.6067149264909224,0.684737248194474,0.7254502047398085,0.8114082513157799,0.8467789102776078,0.8753105174907476,0.9034165907389163,0.9163476920178051,0.922953713670345,0.9845259982560198,0.9800398095586197,1.0056390725372404,1.0004156893697809,0.8302695335869232,0.5922116641306099,0.8174369265362976,6.638196362796355,6.427510982694332e+18,3.7936593340978867e+18,12.855021965388666,7.587318668195774,0.01754253394155462,0.01087283221781194,0.8718021703199601,0.04512329622138731,0.9272934712509392,0.916,0.3252,0.019826250170372046,0.04456557912335876,0.01468220960077137,1.3503587477276187,155.29471942225337,91.65838276411402,59,0.0009483137661137651,14,0.058190107345581055,0.3085079592653021
S4,4,26,1,MGCUBED,det,sample,0,1,0,1.891616674588591e-17,10.0,2.0,6.000000000000003e-06,7303.927585712854,3.78901915235209e-11,5,1e-06,0.3038855276001578,0.0,0.3496817372734481,0.0,0.31561319455264336,0.3038855276001578,0.3496817372734481,0.36250179713041064,0.40774047079078923,0.4297278426280481,0.47427589691485017,0.4834837392868356,0.5230206148799849,0.526655932831776,0.5588243327851374,0.588293349706965,0.6203024412637309,0.6718355539432314,0.7002003591769123,0.8009060751269126,0.827490211293875,0.8864192503328067,0.8901705773322296,0.9954708317211549,0.9836785939841247,0.8778412082537802,0.07917616352342025,0.3740031045229151,20.0,2.880034829905438e+18,6.355744218682136e+17,5.447921907645044,1.2022631743479166,0.02270391685353629,0.0077544363464943636,0.4776207667810951,0.1753977065522624,0.8411017030252687,0.02068,0.0,0.39646861000677247,0.12424930000567766,0.020807599574053103,19.054029206769503,69.58435419880043,15.356076680651698,8,0.001,40,0.07960987091064453,0.3038855276001578
S4,4,27,1,MGCUBED,det,sample,0,1,0,7.170453743938771e-18,10.0,0.5,6.000000000000003e-06,7922.176457416438,3.298772447066404e-11,5,1e-06,0.33504679123628334,0.0,0.3767037160158885,0.0,0.34447677338165184,0.33504679123628334,0.3767037160158885,0.38622501095912964,0.4252942138234618,0.4438723041096631,0.48028319832072863,0.49119695406522296,0.5278340126497585,0.5261560137744922,0.5649633159072164,0.604976382116607,0.6399255458219097,0.763249239604151,0.7955676022037677,0.853061302539143,0.8732237578821219,0.9409356734908985,0.9364816694409672,1.0126574190243702,1.003017446710717,2.3158075157761258,0.3637716815135764,0.7038199788808022,5.0,6.086537167768929e+18,3.1592330408913357e+18,4.364323322225121,2.265313438603435,0.06124986276525399,0.03728336045133089,0.6707481813484306,0.09628076494773516,0.8111172479304373,0.00852,0.0,0.07365583111387924,0.09302112117335225,0.020533812971889474,3.5870508421749596,147.0564708900075,76.33004595335187,36,0.001,10,0.02497720718383789,0.3038855276001578
S4,4,28,1,MGCUBED,det,sample,0,1,0,6.791265174187704e-18,10.0,0.5,6.000000000000003e-06,20000.0,3.805036165470053e-11,5,1e-06,0.3296242918484734,0.0,0.37074045254455323,0.0,0.34050489113948434,0.3296242918484734,0.37074045254455323,0.39142680315261846,0.4311654800540689,0.44154781888010214,0.47936194539980065,0.4776182355013075,0.514760091628769,0.5407538359093312,0.5772301265123144,0.65425071711804,0.6892767752989972,0.8041853976314275,0.8330769466429314,0.8902153813436513,0.9072918755525355,0.9578235591835561,0.9541546756012741,1.0045521495120122,0.9969804656883391,2.445110041476862,0.3153715097085706,0.669289713628741,5.0,1.4017051111352275e+19,6.889045361109344e+18,9.519351105733577,4.678533384430125,0.035220361748400854,0.0190125795773648,0.8001966569899329,0.08098814289394786,0.9039306492765357,0.63152,0.00364,0.06777234524575942,0.07778223374597822,0.017370743328293078,3.901522460203148,338.6651575276437,166.44582472454854,32,0.001,10,0.028411865234375,0.3038855276001578
S4,4,29,1,MGCUBED,det,sample,0,1,0,2e-17,10.0,0.5,6.000000000000003e-06,9588.960381109227,1.0115198391295258e-10,5,1e-06,0.3138473306587461,0.0,0.3616484706714731,0.0,0.3266367915429739,0.3138473306587461,0.3616484706714731,0.3570194128344818,0.40648687291365393,0.4060950798605262,0.4540258855016716,0.4439350772472681,0.4869479169975022,0.48977895521175924,0.5253092547863254,0.5828769700641366,0.6198252670110685,0.6995901782240049,0.7292358498486303,0.8416842017846092,0.8669491085732582,0.9148296743476422,0.9187815618373611,0.9947181856679086,0.9846248977853117,0.8302695335869232,0.11863336274577412,0.44920791421265194,5.0,4.212786577037473e+18,1.2473602692878904e+18,8.425573154074947,2.4947205385757814,0.05722918264632024,0.021218868787150014,0.658735423084506,0.1473834610873322,0.8888850296167131,0.16252,0.0,0.23514396562599676,0.1268315533489386,0.020053564808704644,11.725793786246319,101.7848917299908,30.13739899613974,12,0.001,10,0.017081022262573242,0.3038855276001578
S4,4,30,1,MGCUBED,det,sample,0,1,0,2e-17,10.0,1.331095002976193,6.000000000000003e-06,5703.971001745165,6.083520442240871e-11,5,1e-06,0.3464667549093493,0.0,0.3851914525049597,0.0,0.3545821787410825,0.3464667549093493,0.3851914525049597,0.39602902522549616,0.4376917478363418,0.44146776861729586,0.4859878079824106,0.48751086898209495,0.5275348769382718,0.5350712714178474,0.5666610617125173,0.5856496520399407,0.6156954054271578,0.6724337885662529,0.6999781098355455,0.7987214978426633,0.8248191293228314,0.8881252684612186,0.8889863575156284,1.0003051446907483,0.9876491782129168,0.8302695335869232,0.07409471392346892,0.3626949987380871,13.31095002976193,2.2146775491599434e+18,4.633242175711545e+17,4.4293550983198875,0.9266484351423091,0.03899316368895274,0.013837024184661722,0.4205917425758018,0.1712508954302636,0.8060467602139761,0.00048,0.0,0.3970053423853223,0.11640567672670758,0.020568588880767364,19.3015352043203,53.508695595162855,11.194349502159264,7,0.0009859962985008838,27,0.04684185981750488,0.3038855276001578
S4,4,31,1,MGCUBED,det,sample,0,1,0,2e-17,10.0,0.5,6.000000000000003e-06,13012.981343026822,5.4397709328899493e-11,5,1e-06,0.3188231127155958,0.0,0.36537693282869765,0.0,0.32993349958702095,0.3188231127155958,0.36537693282869765,0.3612390628950023,0.40596133685544694,0.4159639966761399,0.4574388899757225,0.4665952117549239,0.5101616755535189,0.5403237398855668,0.5789116085461716,0.6714675691585907,0.7077884451946244,0.8150846517658177,0.8420148686208868,0.904383128563977,0.9233610320749379,0.959116915077622,0.9572525968742738,1.000434622408764,0.9932258061881436,0.8302695335869232,0.2205975241980429,0.584072189800062,5.0,7.438752275590134e+18,3.1377597574509245e+18,14.87750455118027,6.27551951490185,0.027489445886353048,0.012596437894589224,0.8334259437570778,0.08558076114800173,0.9363712703197217,0.76364,0.18176,0.09044586480613336,0.0802737710244395,0.015989308205888855,5.656646531638072,179.72726154801114,75.81123119971993,22,0.001,10,0.019099950790405273,0.3038855276001578
S4,4,32,1,MGCUBED,det,sample,0,1,0,8.445065527292585e-20,10.0,0.5,6.000000000000003e-06,2412.5352145760926,6.641519275353141e-12,5,1e-06,0.597581062521539,0.0,0.6577749468210765,0.0,0.6021280046082328,0.597581062521539,0.6577749468210765,0.6082456568098905,0.6714607027076417,0.6360125010042817,0.7000228449335192,0.6521440759240515,0.7151258099064443,0.6559862246229737,0.7170821057424104,0.6744148156369096,0.7293484281349984,0.7984991182017123,0.8357169717122556,0.9320397703408315,0.9410558264912311,1.0248542983373907,1.0245478601437537,1.217635827464856,1.2259203943086292,196.62832239813312,1.8068155044783711,0.9800977304258698,5.0,6.834829510843128e+18,4.882463159803766e+18,0.05772058308694334,0.04123272131913481,0.19208001814101708,0.18908585423978674,0.03953652931331185,0.007808426890891578,0.0541371872176075,0.0,0.0,0.0009574090585735436,0.007802119932788172,0.008666329390444328,0.11047457527164872,165.1359187161419,117.96490873880664,181,0.001,10,0.03032207489013672,0.3038855276001578
S4,4,33,1,MGCUBED,det,sample,0,1,0,2e-17,10.0,2.0,6.000000000000003e-06,7424.971784072952,2.4292821335132562e-11,5,1e-06,0.29877776594527006,0.0,0.35220496083449643,0.0,0.31388140778473606,0.29877776594527006,0.35220496083449643,0.34955964578198995,0.3982387960308861,0.4073493186374005,0.4516997689626306,0.4544512902758319,0.49433166960373504,0.5061537548360268,0.542060737459412,0.5918785774641282,0.628633433013384,0.6982443509774917,0.7288925381688588,0.8291839629068737,0.857052471411852,0.9011641233038157,0.906539954999729,0.9945413744866005,0.9839996865979141,0.8302695335869232,0.12349327229692203,0.45725715705485276,20.0,3.3015496725159004e+18,1.0045116760540422e+18,6.603099345031802,2.009023352108085,0.01661668725999438,0.006576265511073744,0.6107881082188048,0.1546214182216561,0.8669615304450248,0.09152,0.0,0.2745567658266175,0.12814758587457264,0.020602739806358544,13.32622594893336,79.76854982160859,24.26994824422667,12,0.001,40,0.08961987495422363,0.29877776594527006
S4,4,34,1,MGCUBED,det,sample,0,1,0,2e-17,10.0,0.5,6.000000000000003e-06,18418.591078920366,2e-10,5,1e-06,0.3568909575487528,0.0,0.3992553793378293,0.0,0.36641815906711594,0.3568909575487528,0.3992553793378293,0.3946574195139412,0.43937866938626496,0.4371843210704726,0.4798479886382652,0.4944543186212156,0.5287151844727759,0.5431458296808562,0.5675090533798933,0.6106605112071439,0.6359252669263585,0.6960426003631269,0.7210947318010639,0.8246164226314685,0.8441963590032422,0.9112140127618663,0.9158869602995706,0.9878563886225709,0.9782060130015003,0.8302695335869232,0.06000000000000005,0.3286267594591275,5.0,6.90670384228619e+18,1.2060651643712223e+18,13.81340768457238,2.4121303287424447,0.05861440822329634,0.013501282369234506,0.6191077382227134,0.17690595960305883,0.9242064730429799,0.16652,0.0164,0.3694254811888751,0.1328858075332638,0.02006027380859245,18.415774615730243,166.8724702623259,29.139670365443838,6,0.001,10,0.022812843322753906,0.29877776594527006
S4,4,35,1,MGCUBED,det,sample,0,1,0,1.5506864882932884e-18,10.0,2.0,6.000000000000003e-06,20000.0,2.247337094426629e-11,5,1e-06,0.332671010896198,0.0,0.378489548797813,0.0,0.34151221754195366,0.332671010896198,0.378489548797813,0.38245292464491765,0.4289485576967416,0.44640906968127925,0.4949662981730698,0.4846149077520936,0.5320867583938871,0.5052544313483479,0.5504821211664482,0.5457502607228184,0.5867750264700736,0.6949420258576318,0.7357674379602456,0.7728743901423605,0.8015040486252375,0.9080139475996586,0.9023137695346178,1.0359978507049137,1.0223981984968054,10.708412562499747,0.13349132212697282,0.47315541760871915,20.0,9.139335818420303e+18,2.9068661876545306e+18,1.4172244565599246,0.4507638120472503,0.03446460380717818,0.0206848809030989,0.28931350158662406,0.11991878894035593,0.578581550445769,0.0,0.0,0.22885639347669592,0.09328391919496051,0.019316555177829004,11.847681502723157,220.81496172448112,70.23262507450677,13,0.001,40,0.07545900344848633,0.29877776594527006
S4,4,36,1,MGCUBED,det,sample,0,1,0,2e-17,0.1,0.5,6.000000000000003e-06,11806.26545756427,1.5550710219009074e-10,5,1e-06,0.5111716973763343,0.0,0.5526361156662838,0.0,0.5157542420013017,0.5111716973763343,0.5526361156662838,0.5666214639443198,0.6029760282769573,0.693521423605495,0.7359044814327633,0.7894721124713723,0.8207595596072617,0.8961116178520951,0.9101644379045587,0.9686497792970234,0.97502549580371,0.9874156086847886,0.9884626486192838,0.9960335792615406,0.9941571532613097,0.998355403592707,0.9963677523642142,0.99868501927117,0.9968310439752406,0.008302695335869234,0.07716689354375146,0.36958667784541105,0.05,4.633438011111119e+18,9.993901946918391e+17,926.6876022222237,199.8780389383678,0.09956289948716732,0.0215589816572854,0.9915306534203981,0.008945675906364239,0.998725674834139,1.0,1.0,0.008405340739651579,0.008525768905464616,0.0037756019826087448,2.226225322046241,111.94822658930394,24.14620843058636,8,0.001,10,0.020270109176635742,0.29877776594527006
S4,4,37,1,MGCUBED,det,sample,0,1,0,1.118146803510903e-17,2.713873142046347,2.0,6.000000000000003e-06,10257.340706078949,2.618826396852116e-11,5,1e-06,0.2974030303286709,0.0,0.34388243887869807,0.0,0.31072879741865705,0.2974030303286709,0.34388243887869807,0.3761894593454884,0.4248294630820903,0.4191302938603535,0.4632393665858044,0.46784412623607236,0.5060538354709552,0.5352628685359269,0.5677080186934063,0.644125011976244,0.6714739187020707,0.7774926762148859,0.8014329532552344,0.8899073743927678,0.9082860755004035,0.9438417475547121,0.946622956006623,0.9932215572544674,0.9853854134940673,0.40303226388267854,0.11455513063432021,0.4422789092641012,5.427746284092694,4.4483026603686856e+18,1.2824525784265746e+18,18.327516211718894,5.283851440973142,0.029319364462719953,0.009532447346533322,0.7875635109233807,0.12550432784517657,0.9474511669206538,0.57536,0.14604,0.1905532812482237,0.10987110114502799,0.01713379377812971,11.121487962079588,107.47518213615628,30.985262238418716,11,0.001,40,0.07824373245239258,0.2974030303286709
S4,4,38,1,MGCUBED,det,sample,0,1,0,2e-17,10.0,0.5,6.000000000000003e-06,13037.179234422596,9.589329426217431e-11,4,1e-06,0.32331881320466327,0.0,0.36708274934763346,0.0,0.33560098672042066,0.32331881320466327,0.36708274934763346,0.3900960081485554,0.43632656384842033,0.44105440029890164,0.48737583340029267,0.47927171082977443,0.5206973148554884,0.5418369229559629,0.5770292027009101,0.6591323775931797,0.6932756460042944,0.7861819334347189,0.8102975801504138,0.8876210524632462,0.9073457987340807,0.9437735772237649,0.9425483880556049,0.9967328054977469,0.9874457649551002,0.8302695335869232,0.1251390943687027,0.4599339086684644,5.0,5.835920616712297e+18,1.7889369297328788e+18,11.671841233424596,3.577873859465758,0.04368840342475932,0.01578302602722474,0.728372128765963,0.135689740488429,0.9188385088769333,0.33132,0.02072,0.20326330374806006,0.11922247439064361,0.018776585603312225,10.825360267428175,141.0013389604471,43.22240122420129,13,0.001,10,0.018834829330444336,0.2974030303286709
S4,4,39,1,MGCUBED,det,sample,0,1,0,1.6736371639929673e-17,9.904820753213038,2.0,6.000000000000003e-06,8738.313411045376,3.0487365841472355e-11,4,1e-06,0.311766286667955,0.0,0.36254569122881236,0.0,0.3258072820165707,0.311766286667955,0.36254569122881236,0.3844662393433638,0.43180125820783055,0.4493613298772027,0.49135617373638335,0.49701465530827765,0.5324424788662864,0.5502284846054323,0.580818773815429,0.6318980487989742,0.6645961259325444,0.7412660348470003,0.7693794470417172,0.8392741957798726,0.8626230950646532,0.9154717707515699,0.9145207659697293,0.9979925761759061,0.9863831932522815,0.9827304369140818,0.09840141701973688,0.41309533652266345,19.809641506426075,3.6314264693732557e+18,9.438906760426445e+17,6.136093170064991,1.59491075460297,0.019453643719747105,0.00707396443705997,0.5502878655529315,0.16724401269093497,0.8579724891668365,0.05124,0.0,0.3369152385355312,0.12973584402949653,0.02086978495079323,16.1436852047067,87.7386839450357,22.805287784958164,10,0.001,40,0.08507204055786133,0.2974030303286709
S4,4,40,1,MGCUBED,det,sample,0,1,0,2e-17,3.2727465688306863,2.0,6.000000000000003e-06,20000.0,3.181471178184555e-11,5,1e-06,0.3777231885377413,0.0,0.4196920342004812,0.0,0.3874574218675807,0.3777231885377413,0.4196920342004812,0.4192472293574798,0.4622255328410693,0.4723773504189056,0.509448351399932,0.5407847248439838,0.571755104836366,0.6426233646600956,0.6702147144502084,0.7587907698589073,0.7783444083833108,0.8694333167950052,0.8826031623825338,0.9400095025905223,0.9490731619107882,0.9711945447508725,0.9707589140099733,0.9948160242188263,0.9888631360344048,0.2717261767251258,0.09429599804552982,0.4051854592729427,6.5454931376613725,8.20172948021062e+18,2.0499716513551137e+18,50.12138463957508,12.527530673342326,0.011293774206814345,0.0029885121085357464,0.8824782125597688,0.09642111520626809,0.9802582103460736,0.8738,0.5556,0.1378344187634209,0.0848660717670212,0.013221696594910038,10.424866262358726,198.16150946079273,49.529245967514086,9,0.001,40,0.08292007446289062,0.2974030303286709
S4,4,41,1,MGCUBED,det,sample,0,1,0,5e-20,0.1,0.5,4.9999999999999996e-05,20000.0,2e-10,1,1e-06,0.6594245901977872,0.0,0.7115208397599231,0.0,0.6632174960368323,0.6594245901977872,0.7115208397599231,0.6605510714382978,0.7117845532620121,0.6637438225025633,0.7087300888578351,0.698105499592091,0.7233531684113556,0.7312391472688626,0.7449003213392466,0.754924903936751,0.7535188317449166,0.9018915511851772,0.8936289263163157,0.9934750009376032,0.9919731608911784,1.0182507387802149,1.0199149866955062,1.221058655795601,1.230394226538548,3.321078134347694,4.166666666666666,0.999593047982555,0.05,2.0130525844121302e+17,1.5684752916349555e+17,0.1006526292206065,0.07842376458174777,18.545585378264295,18.17103731825216,0.07262503277106419,0.004020591480595401,0.08133777387492404,0.0,0.0,0.00039935674757677817,0.004018280961289083,0.01160093060212992,0.034424544139886215,4.863724653605786,3.789584039467225,417,0.001,10,0.03812575340270996,0.2974030303286709
S4,4,42,1,MGCUBED,det,sample,0,1,0,9.555290597769567e-18,8.178538809739264,2.0,6.000000000000003e-06,9001.45117261218,2.743686051657949e-11,5,1e-06,0.29078055615879334,0.0,0.340916401221604,0.0,0.30401414453183584,0.29078055615879334,0.340916401221604,0.35523085938408694,0.40220839568925054,0.4158966941832127,0.4620592346538367,0.461736918571624,0.5035515894711438,0.5053343554287224,0.5420378307618383,0.5706069383155405,0.6080583099344824,0.6697760259514536,0.7015985386972665,0.8043456203515413,0.8337101981538302,0.8878148969859442,0.8915769617932207,0.999805114900173,0.9878216345572225,1.4212841636799218,0.10934195616831485,0.4331761530735236,16.357077619478527,3.8540551625399506e+18,1.0793022630024374e+18,4.50283576499618,1.2609889132686516,0.027039325424905624,0.011109838203215433,0.5036981633083052,0.16100255874281075,0.8153637907986441,0.00376,0.0,0.3152754226757662,0.12644863897168884,0.02109415078670166,14.94610642844767,93.11760286617805,26.07695927024408,11,0.001,40,0.07454895973205566,0.29078055615879334
S4,4,43,1,MGCUBED,det,sample,0,1,0,2.774271289469983e-18,4.559457005064902,0.8714808930683356,2.292540224067301e-05,6176.817850412969,9.086359104218746e-11,3,1e-06,0.5816125793931911,0.0,0.633897867867042,0.0,0.5862282474512727,0.5816125793931911,0.633897867867042,0.6046079564955419,0.6559317012097395,0.6602441806168176,0.712777856173768,0.6827047343532686,0.7367048867850149,0.6859867109540275,0.7393821124770757,0.7028740281567254,0.748215678395371,0.8472958683302036,0.8732283810023548,0.9586665268994232,0.96712266876286,1.0279022152165407,1.0244208313623444,1.1828291317692372,1.188742705816897,2.7290613253097473,1.1062032037218275,0.9315002621113123,3.97347966268064,2.0405586077460643e+17,1.3472081732249584e+17,0.12416090674091494,0.08197294001819638,0.23260155095045693,0.2238723855504612,0.07540878953419629,0.018164948411151877,0.10878005556069996,0.0,0.0,0.003166622430691213,0.018132949767388728,0.011700232531394914,0.27064611085243834,4.930181796776231,3.2549818402120625,111,0.0009683121034092619,18,0.058795928955078125,0.29078055615879334
S4,4,44,1,MGCUBED,det,sample,0,1,0,1.7993326930277967e-18,1.401974036149227,1.2588052085363421,1.713577358054551e-05,16945.322470438507,5.6289445358069785e-11,4,1e-06,0.3932785909768433,0.0,0.4160530683536083,0.0,0.40138764082841083,0.3932785909768433,0.4160530683536083,0.4896740681613917,0.5305158922018746,0.5489462920434179,0.6027283449826261,0.5817455552969821,0.6354913672530889,0.6770958387363674,0.7255847195680499,0.7487329103988729,0.7979192424618435,0.7615030363466375,0.8063604483268741,0.8098453269994094,0.8272319327930814,0.990219376547636,0.9808208919446014,1.0559729382122116,1.0448974392878518,1.293831133736437,0.6906701380165476,0.8499763542021999,1.764812218937365,9.076978043175997e+17,5.4830459661808506e+17,1.1649647515471966,0.7037094560910443,0.33258753177632594,0.26172829024600147,0.4032113603560924,0.07944493391182339,0.5281157998724264,0.0,0.0,0.017018101136527092,0.079198404774706,0.021624423849760287,0.786985181883389,21.93083391397149,13.247555503054777,69,0.0009683116988741093,26,0.11190676689147949,0.29078055615879334
S4,4,45,1,MGCUBED,det,sample,0,1,0,2e-17,10.0,0.5,1.0930298037017172e-05,16250.893875327265,9.702408080196919e-11,5,1e-06,0.3499698834094669,0.0,0.3916913952102416,0.0,0.35909631212809096,0.3499698834094669,0.3916913952102416,0.39400078511131265,0.43394095415170597,0.45173470478472105,0.48972742330840047,0.4977177630304414,0.5348012779295327,0.5359535220587193,0.5743407054938163,0.6251786880085284,0.6579822900140649,0.7828266027037712,0.8153950700699858,0.8601700620334841,0.8795887120232945,0.9456280960728409,0.941036036919421,1.0127804177212327,1.0035174434663932,0.8302695335869232,0.41045279409163155,0.7328569723626646,5.0,2.245066559941626e+18,1.2044776294053325e+18,4.490133119883253,2.408955258810665,0.05866900115015797,0.03642898917617739,0.6849711741568969,0.09188366482246761,0.815817105421679,0.01876,0.0,0.06125909322488653,0.0894857218323622,0.02032279128201535,3.0143050910087217,54.242922719094274,29.101314025366836,41,0.001,10,0.035398244857788086,0.29078055615879334
S4,4,46,1,MGCUBED,det,sample,0,1,0,1.916181412833247e-18,1.2312230135671767,0.5,6.000000000000003e-06,20000.0,4.3926436592221434e-11,5,1e-06,0.41882384429430936,0.0,0.4620494830155157,0.0,0.42633187811352985,0.41882384429430936,0.4620494830155157,0.4495414763164629,0.49465834752666726,0.4710791266958101,0.5193118257788928,0.5159225436641333,0.5639942730238288,0.5706959572370343,0.6142377264438357,0.6965851338497897,0.72606905458748,0.8701716974221256,0.8899421251290055,0.9354123032915307,0.9438759992763198,0.980002007380334,0.9756453614627211,1.0022970732774823,0.9965505876282736,1.0669626063269466,0.27318400787659136,0.6346888238570245,0.6156115067835883,1.2851468821605994e+19,5.955562469609529e+18,20.00104401250602,9.268782325770264,0.1581882870028167,0.07734858727742655,0.884459125924432,0.05814065888166771,0.9492446994412267,0.915,0.54212,0.03389133482731502,0.056993007709495634,0.013827632536964752,2.450986077097068,310.50359154400695,143.89199881724997,27,0.001,10,0.025205135345458984,0.29078055615879334
S4,4,47,1,MGCUBED,det,sample,0,1,0,9.725933229699847e-18,10.0,2.0,8.782640930168923e-06,11834.327343008394,3.0169626936818053e-11,5,1e-06,0.3280713972100951,0.0,0.37597408228427875,0.0,0.3375397431541115,0.3280713972100951,0.37597408228427875,0.3687537374884236,0.4168993754687555,0.4291515459603913,0.4739371450244,0.48643333845842085,0.530626793429124,0.5103507275189983,0.5559183108414324,0.5482149828960214,0.5928213175606545,0.69051219938486,0.7327214774506682,0.7865698734246767,0.8169602192264332,0.9034425098626444,0.9002136700727885,1.02599621593227,1.0127603554683309,1.7073313459556752,0.21305859993401072,0.5759905903573932,20.0,2.1184029595486044e+18,8.784335382399089e+17,2.060344573816827,0.8543585939650341,0.026963501106379212,0.016338029523793318,0.43502081391851505,0.12360862729761121,0.6704462191377445,0.0,0.0,0.17307390605125678,0.10976005422975542,0.02141246028915458,8.08285940588148,51.182610829000666,21.223781681486912,21,0.001,40,0.07347798347473145,0.29078055615879334
S4,4,48,1,MGCUBED,det,sample,0,1,0,1.9499334849150726e-18,10.0,0.5,6.000000000000003e-06,20000.0,3.0740766024277937e-11,4,1e-06,0.3686616705583794,0.0,0.4087036828555348,0.0,0.3761979704607168,0.3686616705583794,0.4087036828555348,0.4170204627071291,0.45292368775086395,0.4940534437275052,0.5305200717945548,0.5265376127352849,0.5642903240709252,0.5537158247528887,0.5921657176317969,0.6496557105735735,0.6808849881316977,0.7873948715767407,0.8213473305882011,0.8464791604578066,0.8639176588200596,0.9569786324478838,0.9496230648856062,1.0193976927347175,1.008909565008775,8.515875438931548,0.3903611247202769,0.7208212519133924,5.0,1.6123004666151193e+19,8.516002982707035e+18,3.143878667597017,1.6605639373617083,0.07517203296317915,0.04826396138571728,0.6027146876329754,0.10019872243316028,0.7551631044660333,0.0,0.0,0.07013369697278835,0.09730029650073772,0.021406909181974333,3.276217803168164,389.5469790117826,205.75465329569772,39,0.001,10,0.027765989303588867,0.29078055615879334
S4,4,49,1,MGCUBED,det,sample,0,1,0,7.929267326828154e-19,10.0,0.5,1.0040242517562094e-05,20000.0,2.2807081749557084e-11,5,1e-06,0.49814201238216915,0.0,0.539288279917919,0.0,0.5027403063914863,0.49814201238216915,0.539288279917919,0.537539809045787,0.5810508416023685,0.5700631911459709,0.6192011845217615,0.6137123995632667,0.6718341417015141,0.6764845617679037,0.7378359257356649,0.7045123342789743,0.7647739332975915,0.7126489684318872,0.7645900449056886,0.7936523923035395,0.8093104310536783,1.0086946477163827,1.001236003669858,1.0717451710034862,1.063996472826206,20.941897892072852,1.4733211803598283,0.9644792046661216,5.0,1.0028335261833929e+19,6.854335315428857e+18,0.7951735113413844,0.5434985706375439,0.12957575977371313,0.11140984352568604,0.347488642567283,0.05598101915423801,0.4404629126200748,0.0,0.0,0.008419436914214155,0.05591123417325488,0.02112730167915418,0.3985098069821864,242.2940256270039,165.607197327474,147,0.001,10,0.025067806243896484,0.29078055615879334
S4,4,50,1,MGCUBED,det,sample,0,1,0,4.909765881946313e-18,1.566085087664855,1.3548621091686186,6.12850353698626e-06,15605.677859021833,2.8016030889232807e-11,2,1e-06,0.5011162891557811,0.0,0.5509887640301412,0.0,0.5082215161853538,0.5011162891557811,0.5509887640301412,0.5140572236992196,0.5642369360826864,0.5393064039559844,0.5897215912132229,0.6045607933737833,0.6489849061292113,0.7188039422373801,0.7520319370737274,0.8321186310439367,0.8504463466664673,0.9169563873359524,0.930219143985928,0.9585794733105278,0.9580866810683412,0.9889771911081249,0.9824489284892266,0.9955907613988404,0.9890591795112141,0.5296679175983379,0.16491339294009286,0.5181795955680477,2.1218293450111267,7.283091803731592e+18,2.631511898050173e+18,22.83290731435439,8.249939570171968,0.05095075842562343,0.019774819340131096,0.8595379613649147,0.08702438616776176,0.9570239591009866,0.83664,0.36872,0.09492053519651797,0.0813300761574235,0.01472761451123732,6.445071951339616,175.96635793112233,63.57980608112751,16,0.0009677586494061561,28,0.08412814140319824,0.29078055615879334
S4,4,51,1,MGCUBED,det,sample,0,1,0,2e-17,0.1,2.0,1.786021644829866e-05,20000.0,7.123364431440566e-11,5,1e-06,0.45357785254411337,0.0,0.49767672214574105,0.0,0.46200645785564814,0.45357785254411337,0.49767672214574105,0.4904736628748614,0.5338626933897991,0.5564294378805329,0.5955458613702509,0.6549918540851248,0.6882525396770988,0.807517977332928,0.8290437062899356,0.9166014010304436,0.9343743949253981,0.9556183083931612,0.959307792526332,0.990880614277128,0.9890841531288788,0.998868521411565,0.996730759596392,0.9998209101603089,0.9977933515135767,0.008302695335869234,0.3731702608720442,0.7099761805222311,0.2,5.924218982915747e+17,3.08473251255112e+17,118.48437965831494,61.6946502510224,0.07975162123052855,0.04184647411066045,0.9809724537547515,0.009902850645058508,0.9914821225201124,1.0,1.0,0.005435090741968644,0.009716640420347731,0.005944378990088802,0.9143243980625552,14.31347106562602,7.453004301651463,37,0.001,40,0.11513328552246094,0.29078055615879334
S4,4,52,1,MGCUBED,det,sample,0,1,0,5e-20,10.0,1.6347247422719473,1.358972265304163e-05,20000.0,2e-10,5,1e-06,0.6459490212045457,0.0,0.6927767569063918,0.0,0.6501358208797823,0.6459490212045457,0.6927767569063918,0.7054503149419932,0.7476418066627846,0.7213457164890786,0.7582457063845224,0.8103230800986914,0.8247382446632736,0.9616616012288371,0.9620227697859095,0.9948971075366261,0.9936386762561709,0.9985932121957861,0.9972594942497661,0.9992469312844031,0.9982001989961163,1.0169403048685304,1.018468352819057,1.2523505949199216,1.262114648816234,332.10781343476935,0.09414457625545111,0.4048895164079406,16.347247422719473,7.056193603108124e+17,1.7616861143734003e+17,0.003528096801554062,0.0008808430571867001,0.061118542241912405,0.06095731477821123,0.0008797388006629277,0.0005833648204227092,0.002889043174169532,0.0,0.0,0.0012767389154751418,0.0003723455057086072,0.0012521161699408174,1.0196649050027748,17.048428368837012,4.256399585754039,9,0.0009907422680436044,33,0.07689285278320312,0.29078055615879334
S4,4,53,1,MGCUBED,det,sample,0,1,0,2e-17,10.0,2.0,6.000000000000003e-06,19924.23896358489,9.563022442698602e-11,5,1e-06,0.3592847271738784,0.0,0.39258574429719484,0.0,0.3672289052413758,0.3592847271738784,0.39258574429719484,0.4026281187589123,0.4408110176643489,0.45906656104320037,0.4998556595027229,0.5109427876910958,0.5450211225143855,0.5602840563323023,0.583367152703803,0.6148343440636398,0.6355197908193412,0.6862565862664822,0.710514660961617,0.7896114431478995,0.8096408812244681,0.8930381505467331,0.8958779044523392,0.9879131241992812,0.9774950100936767,0.8302695335869232,0.031370835088759125,0.24098735238955513,20.0,6.999602293542449e+18,6.794306720720623e+17,13.9992045870849,1.3588613441441248,0.021196667673632045,0.003333510101132471,0.437911653901976,0.21685752333925848,0.9310973160839219,0.07624,0.0136,0.615059749578389,0.11663890332491052,0.01971976339995686,31.190016690551904,169.11698434584056,16.415684993831725,3,0.001,40,0.056429147720336914,0.29078055615879334
S4,4,54,1,MGCUBED,det,sample,0,1,0,2e-17,3.635345419373335,2.0,7.716893832269339e-06,2509.1137628376105,2.89172468463347e-11,5,1e-06,0.30048796772320996,0.0,0.3459379219945007,0.0,0.31158091783340525,0.30048796772320996,0.3459379219945007,0.35544281595446275,0.40082017465531555,0.4243122201670758,0.4707556595855654,0.4569025335526143,0.502237958572297,0.49242915717563734,0.5374000945930425,0.546938932773066,0.5916919199594838,0.6927288289675428,0.7314962500583628,0.8040961320506971,0.8342707198468857,0.9009663026303582,0.8999303756626615,1.009745171722649,0.9973120432970118,0.3018316545770457,0.17161168769790366,0.5269467481284548,7.27069083874667,5.976655343174721e+17,2.2644098898032304e+17,3.2880811332668265,1.2457742682364263,0.061243248735643,0.032074605829327654,0.5216383315130848,0.12975853826608316,0.7590042845468484,0.0,0.0,0.1982926488159574,0.11251346156227118,0.021546767839557078,9.202895315552514,14.44016225099881,5.471027578805639,17,0.001,40,0.08127093315124512,0.29078055615879334
S4,4,55,1,MGCUBED,det,sample,0,1,0,2e-17,10.0,2.0,9.836803269624865e-06,7159.730602075856,4.8060447906885584e-11,4,1e-06,0.34936266341448646,0.0,0.3956373793232512,0.0,0.3586611683840971,0.34936266341448646,0.3956373793232512,0.4255989241977374,0.47200251954470207,0.4737621120462298,0.5213684181243926,0.5001919737209438,0.5471311032477982,0.5219555209479281,0.5681463018019299,0.5990191194274596,0.6419390994035132,0.7316643212014338,0.7733167930653423,0.7888371213949681,0.8129907945180157,0.9332521102614991,0.9249587453028199,1.030481936852717,1.0169579609909212,0.8302695335869232,0.16777950612108097,0.5219631322423486,20.0,8.154073526438528e+17,2.997457556155734e+17,1.6308147052877058,0.5994915112311469,0.03125993457853017,0.01900551943073163,0.35184347724919507,0.12134117107524447,0.6150820356764682,0.0,0.0,0.20388662753476586,0.10095756704477814,0.02052226646073381,9.934898171450579,19.701009673045856,7.242139786561525,17,0.001,40,0.07523512840270996,0.29078055615879334
S4,4,56,1,MGCUBED,det,sample,0,1,0,2e-17,10.0,0.5,6.000000000000003e-06,200.0,2e-10,5,1e-06,0.5495243642293292,0.0,0.5950411828298118,0.0,0.5533478792490003,0.5495243642293292,0.5950411828298118,0.5845942924745164,0.630630255708668,0.6546540680244667,0.6951532329822658,0.715375057610625,0.7542541778680476,0.728092109418303,0.7650798773018809,0.7759297301901341,0.7957402141117308,0.9376563038844391,0.9377424510361354,0.99182625799647,0.9881917360985989,1.0091381994314423,1.0075943344485985,1.2073243728441978,1.2155676116752492,0.8302695335869232,0.06000000000000005,0.3286267594591275,5.0,7.506518295187414e+16,1.7960667583569406e+16,0.15013036590374831,0.035921335167138815,0.19306485271657367,0.17389333064243045,0.0344633564737285,0.014265972491930028,0.06922034475512429,0.0,0.0,0.039022943208359015,0.005226126398706891,0.007967494162287122,4.897768660197828,1.8136455241037717,0.43394664599352817,6,0.001,10,0.01853322982788086,0.29078055615879334
S4,4,57,1,MGCUBED,det,sample,0,1,0,2.976848826089498e-18,5.16866182818384,2.0,6.000000000000003e-06,13521.319030114606,2.0554435278532987e-11,5,1e-06,0.28805359850215734,0.0,0.33704544405145764,0.0,0.3013373852903462,0.28805359850215734,0.33704544405145764,0.3494077744173911,0.3945477379011213,0.4139700440226985,0.46126166024259757,0.4499183656597315,0.4948709670877208,0.48795579458375044,0.5299925560274906,0.5506736840189677,0.5936333529168277,0.6719946836530885,0.7079467918419998,0.8040392905053366,0.835096597364189,0.8937832979180554,0.8957010840047268,1.0071611444767457,0.994798243144055,2.8831712297544208,0.1459539004281571,0.4918436692412848,10.33732365636768,6.404736329684059e+18,2.1617424795284017e+18,3.6887559020536895,1.2450380342939,0.04308917539260734,0.02063166427162336,0.5125920550216136,0.14639290517293474,0.7816905740924524,0.0,0.0,0.23835093830619455,0.12443620473110825,0.02132226320826919,11.178500892614316,154.74446235405196,52.229734453258786,15,0.001,40,0.08771419525146484,0.28805359850215734
S4,4,58,1,MGCUBED,det,sample,0,1,0,2e-17,2.7265580748953986,2.0,6.000000000000003e-06,200.0,2.464360733031926e-11,5,1e-06,0.45856073418002824,0.0,0.5031243601264588,0.0,0.4642810365038163,0.45856073418002824,0.5031243601264588,0.4930587774463643,0.5389964480000391,0.5191156754242223,0.5726832967977206,0.5495500527209016,0.6043234485412082,0.6421247087472634,0.6898790227400718,0.7123913170650362,0.7563606645377698,0.7414136465648221,0.7720091389596202,0.8937292972109518,0.8945053828880682,0.9943324507118159,0.985859373406157,1.0210144955711604,1.0154448455669913,0.2263778101141062,0.12173542451754109,0.45437107411551797,5.453116149790797,8.893934547438208e+16,3.640007161691134e+16,0.6523928193078679,0.2670038239937933,0.14473625333505824,0.11097929275852553,0.2070638862506441,0.053448745659209894,0.3303067148187934,0.0,0.0,0.14089684482486858,0.025019102859393256,0.0178782761698241,7.880896540947371,2.1488583587380017,0.8794600155360011,12,0.001,40,0.08952188491821289,0.28805359850215734
S4,4,59,1,MGCUBED,det,sample,0,1,0,1.6200709468425677e-17,10.0,2.0,7.680874242092465e-06,5259.919628868998,2.533217723389287e-11,5,1e-06,0.3224404469328092,0.0,0.36992252575753254,0.0,0.3325636807175847,0.3224404469328092,0.36992252575753254,0.36794808307655724,0.41586291570035677,0.426282611037909,0.4717890825562388,0.47991507895362273,0.5250441330387824,0.5071022237772069,0.5532213933916309,0.5461214788098385,0.5909771472903071,0.6895549141397642,0.7315931528849987,0.7865340943782553,0.8175315103653156,0.9000039076035226,0.8973766003289921,1.0223499334261423,1.0091079057572445,1.0249792272431952,0.19407408404644472,0.5545574150215238,20.0,1.344287284460143e+18,5.3560828331640864e+17,2.1778407737637684,0.8677234186891364,0.026770559013010908,0.01573395382575479,0.43728744332297304,0.12624618638549945,0.6824347921991406,0.0,0.0,0.1913437966164508,0.10965686160979299,0.021395464339760275,8.943194388208108,32.47924697837403,12.94080061501344,19,0.001,40,0.11912131309509277,0.28805359850215734
S4,4,60,1,MGCUBED,det,sample,0,1,0,2e-17,2.5437287844340233,1.9735693358928907,8.497487735706357e-06,7993.199057810655,4.5245739333669286e-11,5,1e-06,0.3036927683922906,0.0,0.34846251271515344,0.0,0.3165932767911194,0.3036927683922906,0.34846251271515344,0.3579483725590409,0.40688468028377217,0.40383073365176386,0.45156163944026606,0.4425795590298806,0.48634955084818315,0.4916983316474207,0.5282618943805435,0.597825147588381,0.6341787793771774,0.727336683720444,0.7562162013361816,0.8602883619895559,0.8842999872675639,0.9262874469067576,0.9295706479621422,0.9950378008664525,0.9857338798243949,0.21119805114236678,0.13477202834052826,0.47513137330011773,5.020225127787086,1.2899984366513175e+18,4.149111153681049e+17,10.142578442680483,3.262227623535126,0.046734776212128945,0.017876854551732435,0.7146875701246946,0.13491267158834627,0.9079249328026562,0.28436,0.00376,0.19848659372895228,0.11906145667523406,0.019131651284313794,10.374775850722992,31.16757728058148,10.024643352574143,13,0.0009867846679464454,40,0.06971526145935059,0.28805359850215734
S4,4,61,1,MGCUBED,det,sample,0,1,0,2e-17,2.771615919822465,2.0,1.031873542686699e-05,1284.9489079223538,2.5995240469052847e-11,5,1e-06,0.32942823163852103,0.0,0.3748688599364852,0.0,0.33637491848279166,0.32942823163852103,0.3748688599364852,0.39341633588579267,0.434728045122949,0.4848269762692594,0.525647977320818,0.5204075773114889,0.5632617197943757,0.5439301062238019,0.5894452693390838,0.616532196731596,0.6573704051909836,0.7364261674046492,0.7770014758036679,0.7913156935699064,0.8133885439906516,0.9432838905573933,0.9354977901222473,1.0360163502790927,1.0245528421532593,0.23011882570330894,0.3413326788816052,0.6884274628109757,5.54323183964493,1.869147174701875e+17,9.91828742042535e+16,1.348777917844838,0.7157043188769577,0.10514642535361618,0.07680597417196525,0.4056282449096276,0.08513242250508635,0.5645129512822509,0.0,0.0,0.0792608307972955,0.08068297891596196,0.021599839288932967,3.6695102096387395,4.516035629277886,2.396351661243779,34,0.001,40,0.12685799598693848,0.28805359850215734
S4,4,62,1,MGCUBED,det,sample,0,1,0,2e-17,3.816419290362006,2.0,1.4206576005383741e-05,13141.590014400157,6.971595781090281e-11,5,1e-06,0.3060648159221307,0.0,0.35517921294928473,0.0,0.31727380119718346,0.3060648159221307,0.35517921294928473,0.3543947466170682,0.4001610720229236,0.42675340907923087,0.466661192905176,0.47592129994903665,0.5157086236460837,0.5038483791516771,0.5467327486693838,0.5555800479569978,0.5995370906522924,0.6997078654684998,0.738045937860584,0.81213378617818,0.8399926056911111,0.9131345560727373,0.9106838254321206,1.0164127331857584,1.0043286862783924,0.3168656664181,0.24124892890876218,0.6050823614326668,7.632838580724012,5.933442036900323e+17,2.6099042549416806e+17,3.109428805102548,1.3677240661332675,0.05533282372390204,0.03188103860456668,0.5484344757325056,0.12234683731893596,0.7521435597906504,0.0,0.0,0.13984602330096427,0.11328262911291163,0.021553612578524468,6.488286953821546,14.335754832773326,6.305774507136119,24,0.001,40,0.1356678009033203,0.28805359850215734
S4,4,63,1,MGCUBED,det,sample,0,1,0,2e-17,3.2771086849450928,0.5,1.1272180932485523e-05,9839.107879500434,8.29930100300696e-11,5,1e-06,0.38411179283152325,0.0,0.4264505101157369,0.0,0.3926900412151686,0.38411179283152325,0.4264505101157369,0.4189299543515629,0.46181781744869216,0.47387011490696734,0.5177691798897828,0.5153535816327834,0.5578287570428464,0.5758710484918265,0.6158902740360116,0.7224591828371083,0.7530316729806975,0.8555815903576719,0.8849481066643885,0.9024234141306965,0.9137311812592651,0.9729531646804593,0.9680866695723196,1.0074879624407913,1.0008691297639352,0.27208834993630177,0.5103323879471042,0.7840371500925001,1.6385543424725464,1.456542446544411e+18,8.291498901864809e+17,8.88919219088283,5.060252618386217,0.10070439456810096,0.0617132379555716,0.8191011595101763,0.06203005370933123,0.8973639547242759,0.71216,0.0,0.026682706106042117,0.06128730659921329,0.01687657006447286,1.5810502966009847,35.1914374276027,20.03304232418846,51,0.001,10,0.04202890396118164,0.28805359850215734
S4,4,64,1,MGCUBED,det,sample,0,1,0,2e-17,10.0,2.0,1.645138965164457e-05,19326.92519180919,8.193208657304706e-11,5,1e-06,0.3541791694374332,0.0,0.3993714237186723,0.0,0.3618257120263992,0.3541791694374332,0.3993714237186723,0.39700021158309584,0.44062944910489493,0.47663535793841183,0.518251860356699,0.5130561928176397,0.5560036317775302,0.5222941692806554,0.5672166354495732,0.5756769917893299,0.6200302172518211,0.701689315119676,0.7440488128615511,0.7753437391859933,0.8018331294093465,0.9269379428878518,0.9197908644304149,1.0459488169717843,1.0331977823695482,0.8302695335869232,0.27527699341264794,0.6365191785399691,20.0,6.055279318573978e+17,2.8199984392651325e+17,1.2110558637147957,0.5639996878530266,0.03196931584343043,0.022613630356672663,0.3459888255825293,0.09971806052733014,0.5441903817786722,0.0,0.0,0.11873698478406411,0.09136518123223657,0.02070871138755404,5.7336732625200995,14.630125181165154,6.813381845258177,28,0.001,40,0.1059110164642334,0.28805359850215734
S4,4,65,1,MGCUBED,det,sample,0,1,0,2e-17,2.2165324079344666,2.0,1.4628248240470136e-05,15587.014884482107,2e-10,5,1e-06,0.3569369643928522,0.0,0.394005726444047,0.0,0.364355040559076,0.3569369643928522,0.394005726444047,0.3941678758673408,0.43534061998268464,0.43269741465113165,0.47817007603605355,0.46913064809282684,0.5101664316138648,0.5218790635295515,0.5583130457192115,0.5598766440705506,0.5940199321442143,0.684673115952931,0.7139307626792367,0.8101446979758372,0.8362797861102228,0.8958868437742904,0.8948359927541909,1.0070706692350657,0.993702943641142,0.18403193285160496,0.08916068607700735,0.3949741480774435,4.433064815868933,4.357021239821329e+17,1.0481813820317747e+17,3.931385098836911,0.9457848468893354,0.11593140571704812,0.045743248195322515,0.44232280081686826,0.1539076579523116,0.75402011332414,0.0,0.0,0.27745130983291233,0.12353569382307682,0.02100949213571699,13.205997938485806,10.526973703765188,2.532504947319749,9,0.001,40,0.07248711585998535,0.28805359850215734
S4,4,66,1,MGCUBED,det,sample,0,1,0,2e-17,1.7954387289511458,2.0,8.248164307674906e-06,4786.074469609939,2.525510047292434e-11,5,1e-06,0.30699908315388685,0.0,0.3547028600968373,0.0,0.3189745089973445,0.30699908315388685,0.3547028600968373,0.3570009605552583,0.40408537964333596,0.4191990705486237,0.4641615826865934,0.4556058404710815,0.5001727274805615,0.5197005306003736,0.561146867878282,0.638740733315325,0.6786798599312817,0.7881154265140062,0.8171720615741238,0.8890941914368271,0.9094024325391564,0.9525672018443628,0.9505056754836398,1.0010604610337852,0.9932890470664701,0.14906980760701663,0.22448341514003842,0.5881487254887501,3.5908774579022915,1.0627202237925347e+18,4.558942423984513e+17,11.838000446981018,5.078360347777219,0.04581555714680862,0.021692121528004055,0.8062921071861745,0.08930617165320691,0.9209362878741492,0.65876,0.05724,0.09553985360455479,0.08364265331288291,0.017035620121871688,5.608240435104156,25.67632158429007,11.014834303684166,22,0.001,40,0.1119222640991211,0.28805359850215734
S4,4,67,1,MGCUBED,det,sample,0,1,0,2e-17,10.0,2.0,8.305431820497634e-06,13709.289113938876,9.103843052407245e-11,5,1e-06,0.35622806167206333,0.0,0.393659536667881,0.0,0.36367644621210865,0.35622806167206333,0.393659536667881,0.40549702708801283,0.4480043089444592,0.4513257285148272,0.4961450551892788,0.49454232401615034,0.5345636185282913,0.5419420660161153,0.572411234528502,0.5896875771885518,0.6173901774932096,0.674172369000694,0.7010885478856219,0.7939647548564144,0.8190335556349054,0.8913422306667698,0.8904055443816379,1.0052163854812441,0.9923179137833141,0.8302695335869232,0.06314201351363628,0.33660525115972645,20.0,1.9510749534959373e+18,3.552172408750327e+17,3.902149906991875,0.7104344817500655,0.029232338644647467,0.010199606488713377,0.35548439587539105,0.17342229697397313,0.7876576928173856,0.0,0.0,0.4355789872207328,0.10798258208416571,0.01971876108783518,22.089571717030864,47.13980859631721,8.58238311908903,6,0.001,40,0.07927513122558594,0.28805359850215734
S4,4,68,1,MGCUBED,det,sample,0,1,0,2e-17,2.8287817778411113,2.0,1.2918403152674377e-05,17411.283139868974,5.081127215420704e-11,5,1e-06,0.31906050767017613,0.0,0.3648613874856902,0.0,0.33135365621821505,0.31906050767017613,0.3648613874856902,0.3670940376994322,0.4107482272540035,0.42652339306647596,0.46608858075514253,0.46310743909784113,0.502145357182356,0.51635916737367,0.555076591118926,0.6199777275574867,0.6592252306298716,0.7693798352726378,0.8004677003818085,0.8730479622738346,0.8943795693563141,0.9452706150428395,0.9428243496876069,1.0045987883200096,0.9959099159245426,0.2348651327307327,0.27370098034636203,0.6351421109391548,5.657563555682223,1.122158537063993e+18,5.20652731958036e+17,7.933864293486856,3.6811092042270666,0.03775911318146371,0.01978477917848634,0.7575032647459088,0.09708756734929046,0.8867285505411222,0.41548,0.0,0.09248439920584928,0.09220042467971233,0.018554337757476176,4.984516311749481,27.112407217947567,12.579460407543268,27,0.001,40,0.11932206153869629,0.28805359850215734
S4,4,69,1,MGCUBED,det,sample,0,1,0,2e-17,4.90399077534282,2.0,1.4441162754927612e-05,16119.760367390649,6.932690193660091e-11,3,1e-06,0.36874360125374966,0.0,0.41829663816916457,0.0,0.3773101003941962,0.36874360125374966,0.41829663816916457,0.4443927263983471,0.49210861885721036,0.4954019565151024,0.5391050966314289,0.5180277635638408,0.5607795769217844,0.5570819912476681,0.6003327521483334,0.676287000243821,0.7141923511755347,0.7848527144155998,0.8220292381498737,0.8367464884652431,0.8526960872043634,0.9623651876493339,0.9529685408085947,1.0182185084048698,1.006128154259909,0.4071634133758457,0.2506809236249825,0.6141697528682549,9.80798155068564,7.076353116677373e+17,3.164285973583121e+17,2.8859569443960433,1.2904942601006089,0.04451343939509407,0.02623749539449557,0.5353783277311844,0.12108860010304213,0.7391503173075384,0.0,0.0,0.13872613923793373,0.11208924268025663,0.02161871380269221,6.416946933293412,17.097135652447335,7.645212956654881,25,0.001,40,0.0967109203338623,0.28805359850215734
S4,4,70,1,MGCUBED,det,sample,0,1,0,2e-17,1.7047474803878655,2.0,1.7280566853244486e-05,15562.9159400504,5.964427479349792e-11,5,1e-06,0.359937528622112,0.0,0.4013304485329308,0.0,0.3693702400393209,0.359937528622112,0.4013304485329308,0.40533149009085373,0.4465012545292956,0.4560914704525217,0.4956271276889586,0.49790883506912437,0.5354870369557968,0.545210821157348,0.5831382774459152,0.6491551454833855,0.6800171949213337,0.8094211022868082,0.8396271991429852,0.8812647434564702,0.8976294558005695,0.9567236621942571,0.9521564721097429,1.0087616147276062,1.000738682546394,0.14153998954251157,0.4172208087075912,0.7367647997058133,3.409494960775731,5.506995765525282e+17,2.969521459651492e+17,6.46077595524274,3.4838256032803923,0.06541257332490728,0.03931207327631549,0.756486594022488,0.08051102648878465,0.8642924797870315,0.36816,0.0,0.04975213656320379,0.07868432593030689,0.018771161758657433,2.650455906931687,13.305420474105416,7.174643546102972,42,0.001,40,0.14270401000976562,0.28805359850215734
S4,4,71,1,MGCUBED,det,sample,0,1,0,6.224620618107904e-18,6.6358742303023535,2.0,1.2923539367401792e-05,13998.755986294595,5.5371663684883913e-11,5,1e-06,0.3486812044588759,0.0,0.396186961077556,0.0,0.3563743667007212,0.3486812044588759,0.396186961077556,0.41116654135764985,0.4573299688527951,0.4909634437660984,0.5359984273869349,0.5152920443659702,0.5610263963333613,0.5285744728669987,0.5776184775337398,0.5967988516072843,0.6448557944743756,0.7069993632383693,0.7506673049364238,0.7671996009578803,0.7921519347514728,0.9454223384330444,0.9367818424948683,1.0610875025101572,1.0490795348800603,1.7702489967362411,0.25135881584256764,0.6148113355644849,13.271748460604707,8.587071313612172e+17,3.846405493966505e+17,0.8054893642165641,0.3608027233851978,0.05537027600165048,0.04173274230852694,0.2557043799894109,0.0844168722702001,0.438577839534144,0.0,0.0,0.10633108517910494,0.0761739731756741,0.018974451930253888,5.6039081165535505,20.747173110971254,9.293277966821153,25,0.001,40,0.11917805671691895,0.28805359850215734
S4,4,72,1,MGCUBED,det,sample,0,1,0,7.214998105269097e-18,3.5272467410276134,2.0,6.961998441284307e-06,8627.430617299673,2.7858491331702556e-11,5,1e-06,0.29627980987821173,0.0,0.34710497722258404,0.0,0.31067316858809535,0.29627980987821173,0.34710497722258404,0.3474417499459678,0.39380033088800026,0.40565536507400235,0.453643475860185,0.4393429930495255,0.48366627896529774,0.4817119819146062,0.5213130458429535,0.5641697076967486,0.6053083918177735,0.6855985269396138,0.7183767739170619,0.824814236215968,0.8537135720699899,0.9039552693396123,0.907004030579374,1.000328155183617,0.9890531926548871,0.8117993833928431,0.1449869799699922,0.4904353232440907,7.054493482055227,2.603488529796744e+18,8.754983627054209e+17,5.325446782920787,1.7908355983753836,0.05079253745160388,0.022410056793853217,0.5948358034975637,0.1456115189857968,0.8372222624583558,0.03076,0.0,0.2237473265583568,0.12650166136258392,0.020915441323728415,10.697710036102231,62.902735108880265,21.1528650759283,14,0.001,40,0.06364679336547852,0.28805359850215734
S4,4,73,1,MGCUBED,det,sample,0,1,0,3.516901067078985e-18,3.6281402475195224,2.0,6.000000000000003e-06,12272.26524328297,3.6106569865119195e-11,5,1e-06,0.3473006252162169,0.0,0.3849408586449883,0.0,0.3556467140736,0.3473006252162169,0.3849408586449883,0.3922193863009386,0.43158522982960923,0.43245403725300846,0.4773320488471196,0.47405984917343974,0.5143036772458535,0.5260497049349531,0.5585949801794722,0.5774248878520911,0.6096138936709581,0.6683257950166419,0.6959477008612557,0.8060756856458537,0.8323205068611,0.8910401064576849,0.8925154020083795,1.000402112666251,0.9878219105733108,1.7130617288577403,0.0830873719438566,0.3824048757879979,7.256280495039045,4.883218528200596e+18,1.1117609515011112e+18,4.733498509146631,1.0776742380188176,0.06632976871346155,0.02403622351167532,0.4622629223062164,0.16655980958329297,0.8057060944250036,0.00056,0.0,0.34094663307291395,0.12499281064087478,0.02090780732812578,16.307144394537385,117.98315915075648,26.86119175724994,8,0.001,40,0.0849308967590332,0.28805359850215734
S4,4,74,1,MGCUBED,det,sample,0,1,0,2.7654363520019595e-18,3.274762334129353,2.0,6.000000000000003e-06,14052.460091739,1.2913515579557473e-11,5,1e-06,0.30687896228273426,0.0,0.35695772572896006,0.0,0.3196945510106397,0.30687896228273426,0.35695772572896006,0.34923791246262076,0.3973801591551048,0.41140337841532965,0.4544221233325042,0.45371396390407176,0.4948292954904645,0.500613857139936,0.5405025182570149,0.5976585161263578,0.6389570765567681,0.742590130982133,0.7750824866311656,0.8583453007578523,0.8832160688899449,0.933235790138654,0.9325281582994064,1.0037655821506517,0.9941873699695086,1.966369895873616,0.23231473888869603,0.596187609350326,6.549524668258706,8.252232205740794e+18,3.5647715468220897e+18,6.968756996218546,3.0103402373427524,0.038072289841113806,0.019160182190277326,0.7165260278803247,0.11208273905349098,0.8729682167837198,0.23208,0.0,0.1228606114861505,0.10466165732408941,0.019431381011457905,6.322793599369213,199.3817028781799,86.12823823384747,23,0.001,40,0.1280498504638672,0.28805359850215734
S4,4,75,1,MGCUBED,det,sample,0,1,0,5e-20,0.1,0.5,6.000000000000003e-06,20000.0,2e-10,5,1e-06,0.5664150992990015,0.0,0.6139846708965171,0.0,0.5700295905460905,0.5664150992990015,0.6139846708965171,0.6132964740681981,0.6662320786592737,0.631019734103068,0.6860843724752701,0.6423881141658319,0.7005313144210819,0.6568358713091164,0.7171653090680882,0.660117252816105,0.7196068264222822,0.665545475210972,0.7146572397634502,0.7843904573864443,0.7917795541225795,1.0286727651104774,1.0225886946015346,1.0896512473261406,1.0850607764788491,3.321078134347694,0.06000000000000005,0.3286267594591275,0.05,7.499703283058753e+18,1.309194931226177e+18,3.749851641529376,0.6545974656130884,12.087532113189399,4.210657828790695,0.3901801910338088,0.05740059464279415,0.4900653470868121,0.0,0.0,0.009576417874255373,0.05733376863242125,0.021653022937164437,0.44226701749891784,181.19989529828052,31.631382670711513,6,0.001,10,0.025120019912719727,0.28805359850215734
S4,4,76,1,MGCUBED,det,sample,0,1,0,5e-20,0.1,2.0,4.9999999999999996e-05,20000.0,5e-12,5,1e-06,0.6378387597430193,0.0,0.7059229032645306,0.0,0.6416602107134497,0.6378387597430193,0.7059229032645306,0.6420189951637637,0.7037594450179885,0.7120825868722104,0.7256593520653513,0.9273243392665467,0.8645906317106191,1.0064791884823288,0.9284064950833704,1.0358621555206888,0.979299026890345,1.0071383828082552,0.9913397794069898,0.9991479568116869,0.9938767708372368,0.9982593580984804,0.9942392083661469,0.9953241273222575,0.9938292793392869,3.321078134347694,41.666666666666664,1.0,0.2,1.4594367959786212e+18,1.394434290947081e+18,0.7297183979893105,0.6972171454735404,2.9459989921354173,2.8906439370779586,0.4106887550498914,0.004625677911801341,0.4215753500213672,0.0,0.0,0.0002577711307206172,0.004624849456942664,0.022000063726675293,0.011716835638438044,35.26136763612445,33.69084588862443,4167,0.001,40,0.2573511600494385,0.28805359850215734
S4,4,77,1,MGCUBED,det,sample,0,1,0,2e-17,0.1,1.9684280557885703,4.9999999999999996e-05,200.0,5e-12,1,1e-06,0.8013938666324665,0.0,0.7830313836120799,0.0,0.788926852964672,0.8013938666324665,0.7830313836120799,0.8469298744533036,0.8212957144943391,0.9706344906448222,0.9493278976451931,1.013448844116727,0.996448173001376,1.0136424224810952,1.0004618192098704,1.001983684655153,0.9972369835207747,0.9991229165929137,0.9969770996676917,0.9989468688803768,0.9970568610488741,0.9987696414922785,0.997067254392477,0.9994172408542752,0.9992495678229459,0.008302695335869234,42.334965247154656,1.0,0.19684280557885703,1.996855715853695e+16,1.943517915708582e+16,3.9937114317073905,3.887035831417164,1.0395249809710072,1.0173186615073588,0.7953275287903463,0.002540589381843571,0.7997384342142714,0.0,0.0,6.631026917794491e-05,0.002540489017397284,0.018042823865068378,0.003675160256168339,0.48245914935836004,0.4695722344539169,4233,0.0009842140278942852,40,0.2094740867614746,0.28805359850215734
S4,4,78,1,MGCUBED,det,sample,0,1,0,2e-17,2.8984564003600637,2.0,8.815226098072849e-06,3551.3883998783167,3.9668236252711535e-11,5,1e-06,0.30143221383074215,0.0,0.34684018059406113,0.0,0.31279100234927615,0.30143221383074215,0.34684018059406113,0.35616768855000447,0.4024096957235485,0.4196053409502822,0.4676507139444996,0.4471861088526612,0.4929241051390175,0.4869514815611831,0.5310393341921079,0.5488763212180554,0.5934787985968787,0.6883047156769628,0.7248763367276715,0.8122275229718284,0.8417934743008999,0.9025759631982294,0.9024892235918294,1.0071012374206016,0.9948855077447822,0.24065000436489822,0.16324608490509182,0.5159559137515437,5.796912800720127,5.54862966822548e+17,2.026065058874596e+17,3.828679063474059,1.398030385154599,0.07193637525369777,0.035725218302692305,0.546336366216287,0.13450126042784125,0.7833320522371808,0.0,0.0,0.1980509498144967,0.117965221082135,0.02140678943417172,9.251782030347222,13.406011904531418,4.895164017553644,16,0.001,40,0.06888484954833984,0.28805359850215734
S4,4,79,1,MGCUBED,det,sample,0,1,0,2e-17,0.1,2.0,1.5303836926480852e-05,20000.0,2e-10,1,1e-06,0.731980213722078,0.0,0.7747276279406774,0.0,0.735106712296938,0.731980213722078,0.7747276279406774,0.7407725085550353,0.7841976373913937,0.7526922711681824,0.7888389901765487,0.800219884137292,0.8229719963064333,0.8664358005408523,0.872245915434421,0.9533964592305035,0.9544058313747229,0.9825994475661044,0.9782261962921958,0.9920321712267396,0.9873615707283808,0.9935257351547043,0.989115663214552,0.9948650601993589,0.9914214791108686,0.008302695335869234,0.09758642694679953,0.4115422799977859,0.2,4.998692699277186e+17,1.2857283355311904e+17,99.97385398554371,25.714566710623807,0.18716380670368898,0.049517769230793575,0.9452774116253927,0.047489043234610874,0.9869239597834841,0.97048,0.90644,0.035418145941057154,0.04612544099311394,0.009494714379741866,3.7303013576296826,12.07731238892281,3.1064407615505805,10,0.001,40,0.062471866607666016,0.28805359850215734
S4,4,80,1,MGCUBED,det,sample,0,1,0,2e-17,3.887243334596959,2.0,7.347924474415169e-06,7126.8108970155545,2.8972082402109625e-11,5,1e-06,0.2975256795560973,0.0,0.3463459645634995,0.0,0.3114638387860732,0.2975256795560973,0.3463459645634995,0.35588309897460124,0.4033450186805752,0.40188690902343205,0.44708521049219,0.4421287599078712,0.4860035750421491,0.4940188277794526,0.5331057615185097,0.6048186725911,0.6423748574336708,0.7411324282519093,0.770880940665826,0.8644249769061576,0.8898237988491929,0.9279089110185789,0.9307320397803913,0.9967499727781113,0.9876201016481224,0.32274597103546937,0.15529891078229263,0.5051190550840592,7.774486669193918,1.8851268875134377e+18,6.634874988573865e+17,9.699042355983066,3.413665889923914,0.029142635362440154,0.012022183982640561,0.7277713800745191,0.12621380314379357,0.9053854176411336,0.31452,0.00248,0.179885919737997,0.11224889195891732,0.018948276038343162,9.493524338255641,45.546441205617015,16.030482912071047,16,0.001,40,0.0605931282043457,0.28805359850215734
S4,4,81,1,MGCUBED,det,sample,0,1,0,2e-17,10.0,2.0,9.003880068148743e-06,200.0,2.7101747700113995e-11,2,1e-06,0.5947845318440136,0.0,0.6554384508330212,0.0,0.5998264440653402,0.5947845318440136,0.6554384508330212,0.6175194065030861,0.6765011824851596,0.6525122567213973,0.7058551162964452,0.6748898738132149,0.7175254258419432,0.7482966163660957,0.7681273047333363,0.9370629444288159,0.9374162866458166,0.9918050999268155,0.989158322615623,0.9984131780617781,0.9956896516734719,1.0123842709428668,1.0122412652865342,1.2264632928986645,1.2354339945735515,0.8302695335869232,0.24927622497098598,0.6128354429444405,20.0,3.679822035043176e+16,2.208626127002412e+16,0.07359644070086353,0.04417252254004825,0.047884807271474907,0.04657243458012871,0.042206480407904416,0.009651675848733327,0.06677644577941821,0.0,0.0,0.023644246389909623,0.0055367922143393766,0.008927528404956444,2.648464985760522,0.8890796639546273,0.5336248753599506,25,0.001,40,0.0974888801574707,0.28805359850215734
S4,4,82,1,MGCUBED,det,sample,0,1,0,5e-20,10.0,2.0,4.9999999999999996e-05,200.0,2e-10,1,1e-06,0.998951695711245,0.0,0.9976055770472014,0.0,0.9989513078600358,0.998951695711245,0.9976055770472014,0.9989963108737839,0.9976305186065128,0.9990007833968645,0.9976330236133757,0.9990012345603719,0.9976333076471208,0.9990013179515423,0.9976336708526043,0.9990017317010497,0.9976370774990915,0.9990080853931665,0.9976733435389332,0.9992888339704404,0.9982495578093024,1.0169517065046918,1.018486341679233,1.2523868876254152,1.2621527155384766,332.10781343476935,1.0416666666666665,0.9229001282564582,20.0,652738833893401.5,538640335707777.9,3.2636941694670075e-06,2.6932016785388894e-06,0.04999986534027874,0.04999983681582411,2.6931998701556042e-06,2.6766103950487347e-07,3.2492632020357974e-06,0.0,0.0,1.4839064844767112e-07,2.622881985453064e-07,7.329964189527927e-05,0.0020244389278145703,0.015770785042360656,0.01301405785668273,104,0.001,40,0.10699272155761719,0.28805359850215734
S4,4,83,1,MGCUBED,det,sample,0,1,0,6.100040728754384e-18,0.6467449096185023,1.9357104815300805,1.7578341302766028e-05,1989.7724421239498,1.0828611342113189e-10,2,1e-06,0.5533107561807319,0.0,0.6089722387913766,0.0,0.5577382968529497,0.5533107561807319,0.6089722387913766,0.5671614955533412,0.626983256249668,0.5815633842583989,0.637826595443034,0.654168368304482,0.7011021410996718,0.7151988154209924,0.7578920258827581,0.7289534777216148,0.766124743157591,0.8089970232300852,0.8241245959387203,0.9620581145978602,0.9600300038626012,1.0186868887699452,1.0079224855932862,1.0969281592607576,1.0950504453978214,0.1760554128524055,0.24569219854606492,0.60940103892328,1.2519109004247595,4.7999052534781064e+16,2.1962155110691536e+16,0.45272281397081043,0.2071451026115768,0.6617090925813608,0.5498494845550006,0.16859532361980667,0.05076328340012399,0.2605687877339179,0.0,0.0,0.02055517703955494,0.05025771537659128,0.016430276865979837,1.251054818322388,1.1597023196058702,0.530626353654734,25,0.0009926720418102976,39,0.07569408416748047,0.28805359850215734
S4,4,84,1,MGCUBED,det,sample,0,1,0,5e-20,10.0,2.0,6.000000000000003e-06,20000.0,5e-12,1,1e-06,0.6422605466466585,0.0,0.7016029257359815,0.0,0.6452455172054377,0.6422605466466585,0.7016029257359815,0.6586359057001088,0.7137776161421994,0.6716766842971341,0.7209056721345164,0.6822179220297518,0.7275750858071246,0.7082499783915019,0.7402916573922407,0.8838708404317073,0.891531655660299,0.9829792887997766,0.9843477249694687,0.9984829610774428,0.996346186115349,1.0153378155425135,1.013921149644042,1.2276625947473199,1.2363446817755979,332.10781343476935,0.6000000000000005,0.8202875051210003,20.0,2.2287675144561664e+19,1.3088764955374959e+19,0.11143837572280832,0.0654438247768748,0.04692879984589614,0.044986749685949255,0.0610634540627446,0.01846198358807105,0.09928390519213452,0.0,0.0,0.009787581257683734,0.018112686521191364,0.010552451993749051,0.9275172503491698,538.4912242807494,316.2368896453802,60,0.001,40,0.08235883712768555,0.28805359850215734
S4,4,85,1,MGCUBED,det,sample,0,1,0,1.22423382372689e-18,10.0,2.0,6.000000000000003e-06,14126.344970951788,1.5600770494770657e-11,5,1e-06,0.33980946566114917,0.0,0.38671797803472563,0.0,0.34825255735357663,0.33980946566114917,0.38671797803472563,0.39662069906075853,0.4454158189430091,0.4747415925903431,0.5239984060715955,0.5051859204049649,0.5547893928981464,0.512993262253338,0.5631673759752669,0.5758754648753351,0.6243482050558883,0.7008884132832335,0.7455287282761269,0.7659705979832169,0.7928031351930582,0.9326009406413427,0.9245556315131511,1.0543476152761395,1.0416068480808505,13.563904500847139,0.19229819456709502,0.5524678742344457,20.0,7.540525106302289e+18,2.9657351604473933e+18,0.9231365883797065,0.3630753295635794,0.036681758458652965,0.025999193350133454,0.2542110228998698,0.09473065898238549,0.474198816509515,0.0,0.0,0.14900686449960207,0.08035465033875323,0.018792028303031824,7.929259263384674,182.186188997969,71.65495490593891,19,0.001,40,0.13215994834899902,0.28805359850215734
S4,4,86,1,MGCUBED,det,sample,0,1,0,2e-17,0.1,0.5,4.9999999999999996e-05,20000.0,2e-10,5,1e-06,0.6660840005250105,0.0,0.729159189834833,0.0,0.6702584839156268,0.6660840005250105,0.729159189834833,0.6693585161705129,0.7339224511191804,0.6737002674281753,0.738262499378514,0.6845314234141883,0.7388667834625664,0.757531480221983,0.7728201461482814,0.9235358608012993,0.9175211584012789,0.9899709023269754,0.9872272089389998,1.0011022794141458,0.9994007322435838,1.0023120035370863,1.0007420637296096,1.002494165930765,1.0010671283493877,0.008302695335869234,4.166666666666666,0.999593047982555,0.05,2.0130525844121302e+17,1.5684752916349555e+17,40.2610516882426,31.36950583269911,0.6178654720084218,0.484718619174194,0.9684812948596377,0.004561838213263691,0.9756009570598022,1.0,1.0,0.0005121345110611859,0.004558480379633008,0.007792212858024637,0.0657238861915554,4.863724653605786,3.789584039467225,417,0.001,10,0.0365450382232666,0.28805359850215734
S4,4,87,1,MGCUBED,det,sample,0,1,0,2e-17,0.1,2.0,1.7981596369228817e-05,200.0,6.057060759205826e-11,5,1e-06,0.5852096826091321,0.0,0.642927857881247,0.0,0.5898791545531741,0.5852096826091321,0.642927857881247,0.6087809692049488,0.6727175196739582,0.6180472365500201,0.684065292800923,0.6496261851986245,0.7157182529751359,0.6811001621101872,0.745755931582567,0.6892139807808245,0.7480477973104399,0.722846435278005,0.7550129980789415,0.9052977337482385,0.9041213826526837,1.0089964370827558,1.0036182387381518,1.0245538770387537,1.0196111062868165,0.008302695335869234,0.44484971182108685,0.7520024685081717,0.2,6843757853751688.0,4942496158589197.0,1.3687515707503377,0.9884992317178394,2.514459105765187,2.110816542241352,0.4954651928589149,0.029200700110276954,0.5455527717144484,0.0,0.0,0.00536128820295626,0.029137750753683828,0.02232153899434503,0.24018452331241572,0.1653516358904297,0.11941536253461674,44,0.001,40,0.13489794731140137,0.28805359850215734
S4,4,88,1,MGCUBED,det,sample,0,1,0,5e-20,0.1,2.0,2.1012674335340627e-05,20000.0,6.32782736723636e-11,5,1e-06,0.5802573102295762,0.0,0.6396662474045572,0.0,0.585534082369845,0.5802573102295762,0.6396662474045572,0.6085006164487915,0.6712553658807661,0.6182868620273121,0.683554595754055,0.6361506746256628,0.7043805107930424,0.6465936530841813,0.7148749573994861,0.6491839975642468,0.7158734156969977,0.6589350493295575,0.7189348773619909,0.7858715071675499,0.8134823833900611,1.029114682647396,1.0262061238563727,1.147071058049533,1.1468981908102258,3.321078134347694,0.581469300992113,0.8134187159017984,0.2,5.0611063636153197e+17,2.952572852534369e+17,0.25305531818076593,0.14762864262671843,4.356810046633105,3.9902468210734643,0.12753298387191228,0.030940716395635677,0.1816709288193159,0.0,0.0,0.003589264664516701,0.030915229523015834,0.01476280255872747,0.24312894860161904,12.228109680714324,7.133694114916652,58,0.001,40,0.15632319450378418,0.28805359850215734
S4,4,89,1,MGCUBED,det,sample,0,1,0,2e-17,2.781990640576685,2.0,1.1060474952944218e-05,10667.10658043776,3.464340563711785e-11,5,1e-06,0.3285193051384847,0.0,0.37117132797716706,0.0,0.3406288101577731,0.3285193051384847,0.37117132797716706,0.37869569331365094,0.4199093868361696,0.4326486365949211,0.47089537383096386,0.46847984417702876,0.5065602922520277,0.525037151211769,0.5631306813982301,0.6314720094742586,0.6692597402334951,0.7826765574371527,0.8134071967094457,0.8779190059307059,0.8976971308105025,0.9497385886061782,0.9466184366960265,1.0048954562935235,0.9966122796234893,0.23098020715947903,0.29426982310892874,0.6525666585987747,5.56398128115337,1.1435003264246675e+18,5.4786600874023456e+17,8.220734532648384,3.9386617679394225,0.036391927274855886,0.019491659721640558,0.7712132350137617,0.09010068077220842,0.8903194200592877,0.4882,0.0,0.0818778880038453,0.08594957151996722,0.018228335110064883,4.4917919003275255,27.628044950758643,13.236958806819457,29,0.001,40,0.1103827953338623,0.28805359850215734
S4,4,90,1,MGCUBED,det,sample,0,1,0,2e-17,2.637897652779,2.0,1.3146225010350735e-05,16419.523113019844,9.022421475958958e-11,5,1e-06,0.2990942169629726,0.0,0.3495559792183569,0.0,0.3128739881801124,0.2990942169629726,0.3495559792183569,0.34823090265706813,0.39608247720474626,0.40772985278405405,0.4567722934939949,0.43752874889138343,0.48342466028662545,0.4778512795087011,0.5199300947094249,0.5654415085908853,0.6089385394217398,0.6918512726398808,0.7250727556493067,0.8330059553541876,0.8608608422137634,0.9130281959995744,0.9152893899913492,1.0015131521674552,0.9905915143958164,0.21901660538228598,0.15962384422267165,0.5110660889640621,5.275795305558,7.664001183335639e+17,2.721485421918598e+17,5.810688807628066,2.063374535438507,0.06187453739772789,0.027830501085873177,0.6291962959672154,0.1393637118110867,0.8479211048456307,0.06268,0.0,0.19083257879493631,0.12490531565821214,0.02062650743587436,9.25181247422593,18.516948732136083,6.575365116395947,16,0.001,40,0.07076573371887207,0.28805359850215734
S4,4,91,1,MGCUBED,det,sample,0,1,0,5e-20,0.1,0.5,6.000000000000003e-06,200.0,2e-10,1,1e-06,0.6429576004359769,0.0,0.6976238113429795,0.0,0.6473892520473085,0.6429576004359769,0.6976238113429795,0.6964284840451128,0.7480325991637774,0.7871669351923867,0.836631048359139,0.8109373622048883,0.8527765494176389,0.8825167040199322,0.8969314422275658,0.9780788114553676,0.9786498037659144,0.9968827312568781,0.9957336441565515,0.999209674781213,0.9981777805067623,1.0169591275761674,1.0184790473479173,1.251854539879719,1.26160856565624,3.321078134347694,0.06000000000000005,0.3286267594591275,0.05,7.506518295187414e+16,1.7960667583569406e+16,0.037532591475937065,0.008980333791784702,19.8219918963527,19.27650289187455,0.008895429326707869,0.0005207089623135517,0.009967196712345795,0.0,0.0,0.00016134167811848813,0.0005186460629330061,0.004197282235202734,0.03843955899970475,1.8136455241037717,0.43394664599352817,6,0.001,10,0.017562150955200195,0.28805359850215734
S4,4,92,1,MGCUBED,det,sample,0,1,0,2e-17,1.9300507420509996,0.5,1.4411000249802425e-05,20000.0,1.0554376844799712e-10,5,1e-06,0.38102584653995536,0.0,0.42098484470374414,0.0,0.3906169309784304,0.38102584653995536,0.42098484470374414,0.4354499112929323,0.4794757679764988,0.4787456195629697,0.5228118408665646,0.527103765992755,0.5696811394972555,0.6657132746474456,0.7028351961556812,0.8303717971045784,0.8639938479231734,0.8891219452292956,0.911600087605973,0.9360441872722822,0.9383168116703323,0.9924243353247536,0.9883441041587562,1.0050670844578786,1.0007774387806165,0.16024623294017787,0.6558951205857023,0.8393062377717131,0.9650253710254998,1.727864240623085e+18,1.0331315209123697e+18,17.90485817784192,10.705744656376194,0.08852424313031755,0.054813539262464524,0.9053517741266267,0.03467638919167072,0.9464858201217587,0.9794,0.67888,0.010881351979976464,0.03442913368663421,0.012858577451795054,0.8462329538993779,41.746827530869034,24.961430653070302,66,0.001,10,0.025873899459838867,0.28805359850215734
S4,4,93,1,MGCUBED,det,sample,0,1,0,5e-20,0.1,2.0,6.000000000000003e-06,20000.0,5e-12,5,1e-06,0.46891589711921944,0.0,0.5076256672151532,0.0,0.47331514761831306,0.46891589711921944,0.5076256672151532,0.5081186395606729,0.5512870984857768,0.5621953105244205,0.6034530867975993,0.6998762689978121,0.7469014372667123,0.7884414574475865,0.8327571227965871,0.8570786300319475,0.8974754080395028,0.8806664911620848,0.909481139402101,0.919634381426955,0.9254899036779772,0.9876728294925987,0.9825827507345264,1.0101806651032312,1.0044169136391867,3.321078134347694,0.6000000000000005,0.8202875051210003,0.2,2.2287675144561664e+19,1.3088764955374959e+19,11.14383757228083,6.544382477687479,0.6627447660279031,0.4117314621708094,0.8547634904770054,0.049655906536537724,0.9127433999841355,0.86552,0.10304,0.007775314750154596,0.04956164535013967,0.015476544597063656,0.5023934574924299,538.4912242807494,316.2368896453802,60,0.001,40,0.08026909828186035,0.28805359850215734
S4,4,94,1,MGCUBED,det,sample,0,1,0,2e-17,3.2315322962919235,2.0,1.2257093778281925e-05,14368.72022633023,7.19359962632041e-11,4,1e-06,0.3146398963271069,0.0,0.36260650773824177,0.0,0.32785595575989457,0.3146398963271069,0.36260650773824177,0.37875964023783576,0.42577370828571176,0.4339035489741234,0.48171450365469964,0.4624739093607222,0.5081709079670832,0.5169157590212732,0.5595696183537797,0.6128085305393549,0.6529892281802399,0.7587809138376256,0.7911571614744259,0.8513745502630009,0.8760731677565639,0.9301102954412327,0.9272265959567496,1.0056547917790923,0.9943225669942933,0.26830428124133743,0.1740393726064289,0.530060450843536,6.463064592583847,8.586265593786419e+17,3.1992532412564986e+17,5.3140521625848365,1.9800224462726468,0.051920870879613376,0.02450492277655344,0.6223199593512191,0.1369358418371116,0.8377874369114143,0.04004,0.0,0.18452627546206402,0.12324698347975983,0.020749684728932783,8.89296767023962,20.74522641598139,7.729697168924927,17,0.001,40,0.07509136199951172,0.28805359850215734
S4,4,95,1,MGCUBED,det,sample,0,1,0,2e-17,10.0,2.0,1.090280540272559e-05,20000.0,7.125663283239246e-11,4,1e-06,0.3147130370064598,0.0,0.3627498125793047,0.0,0.32658717100181794,0.3147130370064598,0.3627498125793047,0.3979165859676663,0.44433955488040794,0.4492639889006706,0.494581747478981,0.4800936452824089,0.5227282327909127,0.5287366229441997,0.5693751255939644,0.5936636397129487,0.631814005150081,0.7344722512148247,0.7705674104952103,0.8144548815866904,0.8411598471453732,0.9145218516051496,0.9105768153378357,1.0126587501196387,0.9996088215364998,0.8302695335869232,0.139017661613466,0.481588777531786,20.0,1.5482151420633567e+18,5.0586825232699834e+17,3.096430284126714,1.0117365046539968,0.024854149578898067,0.012205749038069891,0.462089059166373,0.14826190926173308,0.7529237533888137,0.0,0.0,0.262319601924475,0.12197548943569046,0.02120937204462593,12.368098469513248,37.40633609796307,12.222253454138176,14,0.001,40,0.05859208106994629,0.28805359850215734
S4,4,96,1,MGCUBED,det,sample,0,1,0,2e-17,10.0,2.0,1.1632547611751517e-05,20000.0,1.7688344237403848e-10,5,1e-06,0.37921474418447276,0.0,0.4159593545626287,0.0,0.38559025504558536,0.37921474418447276,0.4159593545626287,0.4136504224937065,0.4538649275983548,0.4593593918118868,0.5038544030030135,0.5016354646099107,0.5405785325435725,0.5453400373948029,0.576778685750658,0.5863031798915784,0.6116374423515079,0.7095854628518808,0.7401290203181955,0.7911096457126523,0.8138192549829514,0.914225407727368,0.9072408064780257,1.0241986893097421,1.011173791340629,0.8302695335869232,0.06375015571625493,0.3381221038858377,20.0,1.037311524747593e+18,1.8995354346228323e+17,2.074623049495186,0.37990708692456654,0.03623432365394706,0.016262156106651632,0.24244745521657632,0.1417103497048753,0.6517775229706825,0.0,0.0,0.3624442773671721,0.08309509243769712,0.01766450409312323,20.518225445585607,25.062423482879957,4.589456527520792,6,0.001,40,0.07188916206359863,0.28805359850215734
S4,4,97,1,MGCUBED,det,sample,0,1,0,5e-20,10.0,0.5,4.9999999999999996e-05,20000.0,5e-12,1,1.0,0.9989560062155798,0.0,0.9974330763417717,0.0,0.9987878558330787,1.0105274305143581,0.9997075766502521,1.0104988682224014,0.9997205686975528,1.0104646016801087,0.9997126347191599,1.0101540143748728,0.9996217452381964,1.007627444149093,0.9988994760705928,1.0006575253474592,0.9972730983228486,0.9989560062155798,0.9974330763417717,0.999137759941752,0.9980767679508816,1.0159433803017202,1.017660756694447,1.2499047430917962,1.2599492460262958,332.10781343476935,166.66666666666666,1.0,5.0,4.264898563576596e+18,4.033036954790049e+18,0.02132449281788298,0.020165184773950243,0.19604668242458825,0.19582414933395995,0.01976509071933015,0.0007022712622240108,0.020878415990386576,0.0,0.0,4.72854401043437e-06,0.0007022698006179715,0.006223832729342593,0.0007597479264089789,103.0439664091191,97.44197155010673,16667,0.001,10,0.06137704849243164,0.28805359850215734
S4,4,98,1,MGCUBED,det,sample,0,1,0,4.717190155074154e-18,3.620216875614004,2.0,6.000000000000003e-06,9983.977635108993,1.8884761367568115e-11,5,1e-06,0.2954939839254221,0.0,0.3471117113906193,0.0,0.3100755770322797,0.2954939839254221,0.3471117113906193,0.3466310199109382,0.3938614095676856,0.40231378080213304,0.44916788165702365,0.43858040114001556,0.48310975916824006,0.4800295999078393,0.5205101748391406,0.5735173492845788,0.6148928257909968,0.7020789416895022,0.7347600087801235,0.8377350929964059,0.8659094734491809,0.9131551015597413,0.9161649816526921,0.9995690278215678,0.9890657736276305,1.274383977744182,0.15885824245320224,0.5100220654207267,7.240433751228008,4.892836257302852e+18,1.7380099406665057e+18,6.375429930402815,2.2646497884584753,0.04230569325674441,0.01872613174343812,0.6480293580127363,0.13801673243189422,0.8618575331920953,0.1028,0.0,0.1979572824225957,0.1224012886430776,0.02037882425660888,9.713871611528221,118.21553254481762,41.9919572001652,16,0.001,40,0.06487798690795898,0.28805359850215734
S4,4,99,1,MGCUBED,det,sample,0,1,0,5e-20,0.1,2.0,2.3958793113662863e-05,200.0,5e-12,5,1e-06,0.6480880926301836,0.0,0.7210678480523325,0.0,0.6547226293769725,0.6480880926301836,0.7210678480523325,0.7023551818347654,0.7566275558405603,0.7472557721942995,0.7867618796881047,0.8013477341301912,0.8122000841707978,0.8921356996054869,0.8823827846589559,0.9475976154440042,0.940499140276667,0.9921662575352767,0.9901071023134848,0.9998720623305739,0.9989008214850426,1.0150157156722381,1.0164498981657493,1.235934394417812,1.245413597007857,3.321078134347694,9.567062791054983,0.9999999155481076,0.2,4.755763272806367e+16,4.4937989008054104e+16,0.023778816364031834,0.02246899450402705,4.890123834439956,4.883867413625129,0.021972512850507796,0.0005097698382217586,0.023025093271964624,0.0,0.0,5.294886346648187e-05,0.0005094584431491728,0.006555409979246795,0.008077124639665268,1.149037201301729,1.0857441415807136,957,0.001,40,0.16591501235961914,0.28805359850215734
S4,4,100,1,MGCUBED,det,sample,0,1,0,5.39932941183786e-18,3.5751319752859265,2.0,6.628116945422006e-06,13982.10091809979,2.0633244720605007e-11,5,1e-06,0.30177451046115095,0.0,0.35149083942759096,0.0,0.3154559523877867,0.30177451046115095,0.35149083942759096,0.3505662141511681,0.3982214385280736,0.40108019845454684,0.4464881917285874,0.44192014419506004,0.48620217409406763,0.4880476937108856,0.5284499473154671,0.5941609850941092,0.6343695650494946,0.7312473876694944,0.7626537719255252,0.8575907548908982,0.8837962314597951,0.9268451343839713,0.9289414997966269,0.999475694984872,0.989903923151819,1.0995154883954246,0.17743183729733716,0.534356625687083,7.150263950571853,5.336488028719504e+18,2.0134511949164698e+18,8.0594106647158,3.040806977522314,0.03461065518072419,0.015437535853804514,0.7100358778926656,0.12582049487518082,0.888081454829426,0.24804,0.0,0.1640565525906618,0.11418998483511848,0.019388228386029452,8.461657729845795,128.93457721838334,48.64687734129441,18,0.001,40,0.06504201889038086,0.28805359850215734
