set,search_seed,eval_index,is_finite,task,mode,node,N_R,R,seed,k_on,k_off,T,distance,N_max,D,L,lam_best,objective,opt_sd,held,held_sd,train,opt_lam_1e-06,held_lam_1e-06,opt_lam_1e-05,held_lam_1e-05,opt_lam_1e-04,held_lam_1e-04,opt_lam_1e-03,held_lam_1e-03,opt_lam_1e-02,held_lam_1e-02,opt_lam_1e-01,held_lam_1e-01,opt_lam_1e+00,held_lam_1e+00,opt_lam_1e+01,held_lam_1e+01,opt_lam_1e+02,held_lam_1e+02,opt_lam_1e+03,held_lam_1e+03,KD_nM,tau_D_over_T,phi_ISI,koff_T,c_peak,c_mean,c_peak_over_KD,c_mean_over_KD,tauR_mean_over_T,tauR_peak_over_T,occ_mean,occ_std,occ_max,occ_frac_above_0p8,occ_frac_above_0p9,contrast_within,contrast_between,binomial_sd_mean,snr_within,shell_molecules_peak,shell_molecules_mean,history_symbols,dt,n_sub,seconds,running_min
S4,5,1,1,SINE,det,sample,0,1,0,5.574256261228092e-18,2.030113660582125,0.8615330529551847,9.362635625183151e-06,17979.83743247577,2.301574856957027e-11,2,1e-06,0.34296474784927494,0.0,0.34998468726472143,0.0,0.3437917182344801,0.34296474784927494,0.34998468726472143,0.3549809021098857,0.3634446115795488,0.3769412028639476,0.3985718960021331,0.42732015997328904,0.4604893191325492,0.4959759560697188,0.5364955907329588,0.5414611010329081,0.579809104523713,0.6531300998372987,0.6977122897948183,0.7104201193207751,0.7550508262621318,0.7822262004391004,0.8185442120063506,0.8636292640115546,0.8999860738739331,0.6047592514982841,0.7367971627805624,0.8629161206579842,1.7490100198473437,6.713852815728283e+18,3.3432005000242785e+18,18.434798416314226,9.17971081208206,0.056165840442864705,0.029418983463494933,0.8288781973260158,0.1472405944751979,0.9485083351096496,0.7136,0.506,0.011725334996427203,0.14716013284164264,0.014861603686207004,0.7889683538869658,162.213007814072,80.77487304517574,74,0.000957258947727983,9,0.2699291706085205,0.34296474784927494
S4,5,2,1,SINE,det,sample,0,1,0,1.8019561448684504e-17,0.4513169943629157,0.7002926897974311,6.751144846215785e-06,8501.755516022364,6.994986652539297e-11,4,1e-06,0.26532493980578126,0.0,0.27138688175570896,0.0,0.26599644172449244,0.26532493980578126,0.27138688175570896,0.2830126934763953,0.291952798537297,0.30429038387108776,0.3119338117932833,0.33304970469072126,0.3440411388437035,0.3617905156027768,0.3748587912128727,0.41414921353928985,0.4362317767562925,0.45788835804982436,0.48762631325991285,0.6069220330218322,0.6379793638568021,0.8295196567116537,0.8586105478500604,0.9178981058229948,0.9480495255354285,0.041589774698640704,0.1550733319719432,0.5048055476228537,0.3160539919336983,2.937044224533412e+18,8.947906338156296e+17,117.26624421974675,35.72596425824501,0.08615202950705747,0.02675333420221331,0.9147322503581372,0.12017927005564334,0.9912367963731712,0.86615,0.7755,0.026546710877486775,0.11983949660359598,0.009920555338920646,2.675929922323789,70.96175487022992,21.618984517364403,16,0.0008753658622467889,8,0.0819246768951416,0.26532493980578126
S4,5,3,1,SINE,det,sample,0,1,0,6.908449490328671e-20,0.2368596964906227,1.1217123550860397,1.8659616771831682e-05,18129.034237776686,6.299227235532075e-12,3,1e-06,0.4768896029204907,0.0,0.5098893995634414,0.0,0.4796785105782306,0.4768896029204907,0.5098893995634414,0.47919808803243835,0.5130414800842209,0.479675104109349,0.5144185869260838,0.48033708500776917,0.5159024449322575,0.4805340383835371,0.5162075444935746,0.4810920881121609,0.516257584156683,0.5052523814066858,0.5362255690585833,0.7092357410149914,0.7338537296840011,0.8681320986949105,0.8956870181413309,0.9184249583342776,0.9477153728820739,5.693242456389545,8.21268964099691,0.9999993082832244,0.26568844797546093,6.998379307635716e+18,4.744552710678526e+18,2.0412062785395313,1.3838362220996194,1.5788865079703283,1.2376032743466285,0.5636467277197211,0.08746787116775222,0.6711160455588454,0.0,0.0,0.0024727883261769622,0.0874640575641397,0.021825844698934355,0.11329634020064736,169.08743585440197,114.63286238992224,821,0.0009347602959050331,12,0.23049712181091309,0.26532493980578126
S4,5,4,1,SINE,det,sample,0,1,0,4.1216576209280817e-19,5.981685410301273,1.6453308865451497,1.445572576315201e-05,11279.30946880074,1.732908969029013e-11,4,1e-06,0.4340952228817538,0.0,0.4393204440284494,0.0,0.4337650857818866,0.4340952228817538,0.4393204440284494,0.43487428438636105,0.44367575280211696,0.43566987033067456,0.4475987995364578,0.43608660811320676,0.4493823352238242,0.4361684883650592,0.44968202205340674,0.43694473508831216,0.45058768109556807,0.4642685364667475,0.47899627846511317,0.5385350699785488,0.5554926896148761,0.5698268027070102,0.5882440139637202,0.6854703655917307,0.6880761605142937,24.099096103747915,1.221517100104215,0.9444183927083676,9.84185175916518,1.7468193336432369e+18,9.47368202649944e+17,0.12036392295883941,0.06527804631036951,0.09538063374604062,0.09069097379045109,0.06011608684513879,0.03306516363244919,0.10723335198223759,0.0,0.0,0.002256486811144087,0.03305373084627069,0.010079172243016393,0.22387620299946265,42.204800432060914,22.889308103277035,122,0.0009678416979677351,17,0.3120429515838623,0.26532493980578126
S4,5,5,1,SINE,det,sample,0,1,0,1.4146481927623447e-19,3.262230479005864,1.531998685287115,8.221518815069839e-06,6672.5350772422125,1.9600158679200876e-10,2,0.0001,0.4351123639293008,0.0,0.4439255637534986,0.0,0.4352025231510728,0.4351355290449775,0.44337492333398626,0.43511312895401416,0.4438201847800698,0.4351123639293008,0.4439255637534986,0.4353539167826956,0.44434186109112317,0.4359845972717252,0.4451419268836368,0.4367448725179733,0.44589862138865827,0.474032230657425,0.48354864733442415,0.7813735696890317,0.7958768392765448,0.9688606778379567,0.9783193938939073,1.0501436810620315,1.0035471109728522,38.292638298549285,0.037517585394432215,0.26274363190284317,4.997732804940539,9.246453247970404e+17,9.461391510946288e+16,0.04009673277496017,0.004102880065683151,0.19927313516851136,0.19237703824776162,0.004072416532115195,0.003685201027489842,0.014576435462159395,0.0,0.0,0.005948873845838612,0.0027864060942641693,0.0025204111951478074,2.3602790914796525,22.340301971644784,2.2859613060055475,4,0.0009574991783044468,16,0.14931821823120117,0.26532493980578126
S4,5,6,1,SINE,det,sample,0,1,0,1.1264465334045965e-18,0.9721980753488378,1.9826575879860644,3.7038913544493396e-05,14218.566601879826,1.0314475301958278e-10,3,1e-06,0.43458027702921415,0.0,0.44169878643258154,0.0,0.43447160599300344,0.43458027702921415,0.44169878643258154,0.43563609327619596,0.4477295948847597,0.43642326983581226,0.4503975248428358,0.43653982881477954,0.4507569662751616,0.4365709833077094,0.4508267632340043,0.43868872338903697,0.45311200105775307,0.48130392284161044,0.49715904746089734,0.5400969449081229,0.5576916272068215,0.5618506658012238,0.5804476903006496,0.6784828074120639,0.6806975367112106,1.4331553582651213,1.118073543554744,0.9329670652023696,1.927535891115821,1.2149945979773808e+17,6.4881342444937944e+16,0.14077650302957556,0.07517538363107007,0.48252321630264955,0.45477539449780274,0.06834196937943848,0.03836528826218986,0.12184871975644049,0.0,0.0,0.001609609257567724,0.038361383995008796,0.010656068318533825,0.1510509513877808,2.9355413892012927,1.5675943452845187,112,0.0009913287939930322,20,0.48987817764282227,0.26532493980578126
S4,5,7,1,SINE,det,sample,0,1,0,2.8371184399849418e-18,1.0329328691622623,1.3867090647323501,2.337763397812699e-05,848.6338207148344,5.538546163551584e-11,4,1e-06,0.43523834495692243,0.0,0.44572383033356533,0.0,0.43552260007015825,0.43523834495692243,0.44572383033356533,0.4354248456845193,0.4468643369751267,0.4354522462731146,0.44701249531461595,0.4354540954544715,0.4470313352023529,0.435504996543358,0.4471302216454064,0.44010282875636036,0.45220009857148247,0.5017332934383364,0.5162073302778415,0.5591633621510049,0.5754759219576893,0.6063265908062846,0.6243767384047458,0.7931941123572082,0.7848511107661194,0.6045660127678744,1.1859564038374126,0.9407362324066837,1.4323773729273037,3.0611747776503172e+16,1.813626683890324e+16,0.08408015340563449,0.04981421214998322,0.665012946492885,0.6439930113089537,0.04698908395214421,0.02097494905092669,0.07653944750439012,0.0,0.0,0.0007899611653121882,0.020973327710375432,0.009173580282429993,0.08611263443403748,0.7396086595225227,0.4381892893995443,119,0.0009905064748088215,14,0.2478947639465332,0.26532493980578126
S4,5,8,1,SINE,det,sample,0,1,0,2.442982331042644e-19,0.12361087694131168,0.5870320052234006,2.7332518430306197e-05,5133.804280254249,3.186712307601483e-11,3,1e-06,0.45029778473287724,0.0,0.47065034876405626,0.0,0.4516280864515794,0.45029778473287724,0.47065034876405626,0.4504079158129294,0.47112255188808094,0.4504168798169789,0.47192803492380936,0.4504461760682177,0.4723349442819559,0.45046176027683815,0.4723899769924864,0.4510377662097307,0.47283764450988575,0.48381634347591956,0.504453022824863,0.7358124895750134,0.7562170870669166,0.8864939467240917,0.9108504369337037,0.9203347780663755,0.9461612436410886,0.8402053820874887,6.6558482450061485,0.9999921232149498,0.0725635409582812,5.299288931597381e+17,3.512925408557076e+17,1.0473244383767961,0.6942766620327668,8.133869570544439,6.731236694618903,0.39743559047692795,0.08698735119151937,0.5096189872979187,0.0,0.0,0.0024423996971734085,0.08698368062924298,0.021515836910192515,0.11351636970330405,12.803581199403832,8.487558669942448,666,0.0009783866753723344,6,0.10249710083007812,0.26532493980578126
S4,5,9,1,SINE,det,sample,0,1,0,9.975393806545108e-19,0.2841622383287898,1.7731081165089821,4.4552704472990186e-05,12314.856114296328,7.888135261976465e-12,5,1e-06,0.4558606390851502,0.0,0.4669860396242124,0.0,0.455622748813362,0.4558606390851502,0.4669860396242124,0.4563191894431433,0.4673262414071076,0.45639883743514104,0.46656804916570543,0.4566001765652806,0.46512925553248835,0.4570163561801011,0.4650254661954998,0.4606736485469462,0.46873600879014043,0.5144711709520736,0.5241473745266847,0.8088803833898126,0.8265772111343851,0.9749786634774966,0.9970625655169154,0.9984331492369923,1.0207571623683365,0.47302643616026463,23.653059639710875,1.0,0.503850371186137,8.585852436865148e+17,6.837037249835438e+17,3.014026766058786,2.4001126764145693,0.5837207177098512,0.4944451862038254,0.7009793780753822,0.03864603765256891,0.7508689198035317,0.0,0.0,0.0010865880480292393,0.0386444083844192,0.020387894365478578,0.05329574641455295,20.744228189944298,16.518925976966816,2365,0.0009850600647272124,18,0.6817152500152588,0.26532493980578126
S4,5,10,1,SINE,det,sample,0,1,0,9.718896497011595e-18,7.901509205587687,1.0548139497011795,1.3219523903344344e-05,2516.1964091655773,1.3201907964468583e-11,1,1e-06,0.41030311091504434,0.0,0.4067755683307729,0.0,0.4091000342744447,0.41030311091504434,0.4067755683307729,0.4189039911996033,0.4263029602792346,0.4490001036767774,0.47185177587743526,0.4633908327014399,0.4936799862049617,0.4672785784926009,0.49898764669009094,0.47937472705175266,0.5096231681008769,0.5469896467552531,0.576633263201561,0.5792824253243621,0.609420257500852,0.6044157398038404,0.6358595482374558,0.705256683780053,0.739753594311616,1.3500261814236385,2.0915478904695433,0.9877522252687947,8.334622133746178,8.24674931584924e+17,4.876755511539723e+17,1.0143543587959247,0.5998434074387717,0.07499574244951365,0.05956322611258382,0.35336310902578005,0.12013751517144092,0.503438955797732,0.0,0.0,0.0038784707933521858,0.12013118968761664,0.020588550609782857,0.18837998200365264,19.924923109405935,11.782700658070658,209,0.0009589217724556178,11,0.36863279342651367,0.26532493980578126
S4,5,11,1,SINE,det,sample,0,1,0,2e-17,0.15302524025347533,0.5,6.000000000000003e-06,20000.0,5e-12,5,1e-06,0.6676177538865844,0.0,0.7155767027970971,0.0,0.6711075896798334,0.6676177538865844,0.7155767027970971,0.6876088758184429,0.727234375836632,0.8322021694404896,0.8526278915102347,0.9726137445453166,0.9917166357700934,0.9965674618268425,1.0160085508688108,0.9991263700849515,1.0186106210040518,0.9993840100041882,1.0188724945743832,0.9994098536626136,1.0188969177592107,0.9994130637769882,1.0188815389206216,0.9994200743012647,1.018702396970179,0.012705219485227985,2.400000000000002,0.9927096419084644,0.07651262012673767,7.927222852620827e+19,4.598532559268497e+19,10360.673624155012,6010.162181939866,0.0021742450008383437,0.0012613540821092106,0.9997606459652548,0.00015855163153655422,0.9999034904824404,1.0,1.0,4.993964214827451e-06,0.0001585408421907246,0.000657913889110624,0.007590604633044536,1915.2917078009923,1111.0487799529894,240,0.001,5,0.1673600673675537,0.26532493980578126
S4,5,12,1,SINE,det,sample,0,1,0,8.915727415317658e-18,0.7383753686362208,1.7031690012342067,6.000000000000003e-06,11380.646790050952,5.094768482127789e-11,1,1e-06,0.2600561448944521,0.0,0.26245889799995603,0.0,0.259871424285538,0.2600561448944521,0.26245889799995603,0.2700403125999816,0.27410452308940203,0.2816164755856897,0.2900371092106878,0.3050017641218619,0.3119563415436474,0.34052215307243455,0.35099266656012645,0.3648624625382236,0.37279894794413887,0.377101428770684,0.38774289485783514,0.4169654415385995,0.4408803440169441,0.5936354808732445,0.6275846885119799,0.7812742976059394,0.8194174548832593,0.13752115657471012,0.06914631699971995,0.3512178237214172,1.2575780391360913,4.3807262890384005e+18,7.574739643171574e+17,52.896349381644995,9.146338944818021,0.07837105428470348,0.014753861613234632,0.7722536234386667,0.22537744203753224,0.9795292445268031,0.65625,0.3602,0.14266676559424607,0.2204981594857539,0.01519868484793581,9.386783594872826,105.8424733545508,18.301284443544453,7,0.0009462050006856704,18,0.18206286430358887,0.2600561448944521
S4,5,13,1,SINE,det,sample,0,1,0,6.447746730844805e-20,0.3043366246684165,0.5,6.000000000000003e-06,200.0,4.991255961153205e-11,5,0.0001,0.43511044183821324,0.0,0.4438754264896562,0.0,0.4351925528931942,0.43511231294270303,0.44386088245453065,0.4351119434658358,0.443862189068724,0.43511044183821324,0.4438754264896562,0.4352895443725386,0.4441992817890314,0.44586599304698565,0.45593957059802104,0.50458242005754,0.5172944580767542,0.5368014439807839,0.5502770119576006,0.6815210110639811,0.6967429269161316,0.9240192723601361,0.9363003117619385,1.0272282375431154,0.9860904102740985,7.837821116889856,0.24042044914938546,0.6042695242231211,0.15216831233420824,1.2362734382040386e+17,6.874575540827692e+16,0.026191977479855355,0.01456463612212672,6.477330478074838,6.403938623326223,0.014344923071326782,0.003236857658524177,0.0190189698728534,0.0,0.0,0.00022909399858870932,0.003235924671361998,0.005282023960141214,0.04337238912914445,2.986953071445429,1.6609622023740263,24,0.001,5,0.19481682777404785,0.2600561448944521
S4,5,14,1,SINE,det,sample,0,1,0,2e-17,10.0,1.3551934273875215,6.000000000000003e-06,20000.0,5.6131659102276713e-11,1,1e-06,0.2522900609786016,0.0,0.2564702171537194,0.0,0.2526055183885385,0.2522900609786016,0.2564702171537194,0.26529394099610115,0.2693055821328999,0.2749681020534247,0.28192271781171857,0.30383829407280205,0.31205553289167687,0.3332188977987683,0.3405463093948897,0.36515238965827973,0.37053507325093676,0.38342914355301483,0.3919776743217677,0.41236488626826473,0.4346181242102276,0.46209070264611385,0.49360452953447004,0.6083106616332926,0.647640856440746,0.8302695335869232,0.07887549262633126,0.3733466614519948,13.551934273875215,7.906534553457573e+18,1.512985486706735e+18,15.813069106915147,3.0259709734134708,0.01832854853675015,0.004388859875881105,0.5949191981848976,0.2664936925127777,0.9402811271978657,0.24745,0.06695,0.2912290789467751,0.24925172668151396,0.018020792439042786,16.16072544711271,191.02932198598103,36.55515444169216,8,0.000967995305276801,14,0.12897682189941406,0.2522900609786016
S4,5,15,1,SINE,det,sample,0,1,0,2e-17,5.750732727718764,1.6553072134941005,6.000000000000003e-06,2230.7993279221237,2e-10,1,1e-06,0.31408677359219567,0.0,0.32011798343263603,0.0,0.3140659939499174,0.31408677359219567,0.32011798343263603,0.31998520089346133,0.33201714394158893,0.32272505041382504,0.3359747510185543,0.329803997754584,0.33947925730328943,0.38664887261402187,0.3892662555421819,0.42543354160187125,0.42836644179555416,0.43563588613934273,0.4494477719620274,0.4487556877298579,0.4731330870727961,0.4641647447189472,0.48947835051857036,0.5964098813509818,0.6066551637702927,0.4774658179626113,0.0181235239932741,0.18437446766220725,9.519229367069475,7.681408318498374e+17,4.057411695342751e+16,2.6714537719597633,0.14110938161969738,0.09205999198350404,0.028612785846990608,0.10356404430968831,0.11627561883112827,0.5220447525377427,0.0,0.0,0.28672892420445656,0.05891197417535046,0.01130331645805854,25.366796131770442,18.559006010269417,0.9803088824045759,2,0.0009737101255847649,17,0.16120290756225586,0.2522900609786016
S4,5,16,1,SINE,det,sample,0,1,0,2e-17,5.680429847092364,1.1325456406035974,4.9999999999999996e-05,2132.2962773498843,2e-10,2,1e-06,0.4351593128864544,0.0,0.44510033219306866,0.0,0.43537857331251156,0.4351593128864544,0.44510033219306866,0.43516142231533134,0.4451392423036845,0.43516221395771437,0.4451625561010383,0.43566520183955554,0.4458547617423699,0.45801667207958324,0.4697180803428793,0.5398144486602142,0.554368738254831,0.5677323968654616,0.5830124582763935,0.5887480268797325,0.6037805358095575,0.7859052826948257,0.7980420329630357,0.9906615204729212,0.9515060781788114,0.47162878397186153,1.83951379851059,0.9811840588286913,6.433346060079017,1.1476251355386342e+16,6764248936529473.0,0.04040627792018479,0.02381597561667585,0.15182426403793606,0.1494032766882323,0.02313780339481826,0.011014004141970271,0.03877243789410539,0.0,0.0,0.0003962717428278879,0.011013236488481926,0.006496558028133165,0.06099718360273919,0.27727704224114763,0.1634306255607958,184,0.0009437880338363312,12,0.3613307476043701,0.2522900609786016
S4,5,17,1,SINE,det,sample,0,1,0,2e-17,0.1,0.5,6.000000000000003e-06,12614.223203261397,3.9425228149548967e-11,5,1e-06,0.35199863604951204,0.0,0.3687888395358641,0.0,0.3545310247044609,0.35199863604951204,0.3687888395358641,0.407907614532451,0.4325417058738305,0.468891933189187,0.5023365554612909,0.5572894127556396,0.5978591747649048,0.6439723650771436,0.6854870424863315,0.7636042024000866,0.7926340618114815,0.9259797467002615,0.9460195685458588,0.986191621883357,1.006376021941856,0.9940782765827776,1.0143649696734358,0.9949003153056186,1.0150121006553174,0.008302695335869234,0.3043736349344955,0.6607122953204403,0.05,9.037800807149603e+18,3.684781301115477e+18,1807.5601614299205,736.9562602230953,0.027101877276511886,0.011058520709749125,0.9945730167134724,0.009292415377409824,0.9994466642436369,1.0,1.0,0.0013075630297844068,0.009271840161667178,0.0025778416514590356,0.5072317103125158,218.36178021623127,89.02778693490824,30,0.001,5,0.06777215003967285,0.2522900609786016
S4,5,18,1,SINE,det,sample,0,1,0,2e-17,0.1,1.6567744595896916,8.173114753088884e-06,200.0,7.044087544851781e-11,1,1e-06,0.43341957305586104,0.0,0.4352480971198504,0.0,0.4326923441500811,0.43341957305586104,0.4352480971198504,0.4344790326212958,0.44268544176788566,0.44557175945571303,0.4674770472954044,0.45320189700598185,0.4801126959565454,0.45450406927998005,0.48203332078450856,0.4573621190184608,0.48487519342770674,0.464430054838526,0.4903799142845928,0.58911990110127,0.6113158171447468,0.8555942861685204,0.883881174208729,0.9215039986058875,0.9499415246538508,0.008302695335869234,0.09539723934319165,0.40732863330104413,0.16567744595896916,3.2820005599891924e+16,1.0833147746667942e+16,6.564001119978385,2.1666295493335883,1.9060722076636947,0.7979671711059465,0.6755184598090165,0.05367857169393503,0.752789499040669,0.0,0.0,0.02522058730856875,0.05307350713393623,0.020780869334947487,1.2136444776232207,0.7929622484963061,0.26173905331444525,10,0.000974573211523348,17,0.1956620216369629,0.2522900609786016
S4,5,19,1,SINE,det,sample,0,1,0,2e-17,1.4508394461438476,0.5,6.000000000000003e-06,15784.627842452393,8.453907690363636e-11,5,1e-06,0.2591059681082537,0.0,0.26450789053890444,0.0,0.25972560174611153,0.2591059681082537,0.26450789053890444,0.274003477350344,0.2822400813190194,0.30015650997084975,0.3093521557777104,0.32236709535239066,0.33202454827531314,0.35673642360912916,0.36819852425705013,0.3916476710244136,0.4105150049305542,0.44146467505070586,0.47156582763448546,0.5197937016691501,0.5564707679209836,0.6925853428805737,0.7241421376054352,0.8681604208010525,0.9001718204508131,0.12045877902593626,0.14194619150713536,0.48596200677591844,0.7254197230719238,7.467802892039161e+18,2.1470395037408218e+18,102.94458028264478,29.597203321806393,0.0450535387320185,0.013261992892770516,0.8903457945381389,0.1600548049282945,0.9902964764873379,0.83825,0.73875,0.04461208133316319,0.15926585217790062,0.010701182221345666,4.168892783096002,180.42915180423037,51.8744967094802,14,0.001,5,0.12055134773254395,0.2522900609786016
S4,5,20,1,SINE,det,sample,0,1,0,2e-17,5.713045167450386,0.6162685700794255,6.000000000000003e-06,10427.414381049752,6.067732256892537e-11,1,1e-06,0.2672601800094814,0.0,0.2725052566900674,0.0,0.26779028274930966,0.2672601800094814,0.2725052566900674,0.2725836204854705,0.2791027634735144,0.296729470130479,0.30569695111188566,0.31940046427658764,0.3260925507624142,0.351341774031238,0.3635978778175065,0.38302018781655933,0.3967940538597064,0.4000641776886145,0.41800071946357875,0.4637467002254894,0.4957487503442947,0.6001274664771913,0.6393355847423468,0.74256147922635,0.7838925989651563,0.47433673465400583,0.16045557910479993,0.5121961078330319,3.5207701761438215,5.201842412581894e+18,1.6098757615060168e+18,18.210401843902694,5.635788670736069,0.042802563143459156,0.014785154724703542,0.7222543220506876,0.24090708008563375,0.9475491196176017,0.5733,0.21515,0.11916868440098459,0.23753156966904027,0.01650573334755951,7.219835792306951,125.68141230963019,38.89611474190967,16,0.0008803836715420364,7,0.5111629962921143,0.2522900609786016
S4,5,21,1,SINE,det,sample,0,1,0,1.8395474681963178e-17,1.2267703661725284,2.0,6.227687508325238e-06,917.5328948119369,7.437605050930729e-11,1,1e-06,0.3142556504609861,0.0,0.322354098180887,0.0,0.3146021985034238,0.3142556504609861,0.322354098180887,0.3254307683685431,0.33984489646686045,0.3295739198643038,0.3436246952699327,0.33626817107223694,0.3471898795432628,0.3614381908107223,0.36576968394539566,0.4153627015103255,0.41813350615299427,0.43678775267967984,0.45178701243158664,0.4620662833801072,0.4917051260341124,0.4854666341898744,0.5180594095814087,0.5970998629342432,0.6323430537941672,0.11073919834632112,0.043454951152249434,0.2819459540496303,2.453540732345057,2.955010016117565e+17,3.744277673331662e+16,4.431050295585103,0.5614560560091478,0.2610219088260549,0.07504519717278771,0.3187526485905275,0.15682429010742258,0.6469155600805853,0.0,0.0,0.2402132983592,0.13237168628941431,0.019368015917814955,12.402576463098043,7.139582531690385,0.9046527532735612,4,0.001,20,0.48787713050842285,0.2522900609786016
S4,5,22,1,SINE,det,sample,0,1,0,2e-17,10.0,0.8494601309225241,6.000000000000003e-06,20000.0,2.8345157065473346e-11,1,1e-06,0.3170772584064192,0.0,0.3217406595574222,0.0,0.31796024339003076,0.3170772584064192,0.3217406595574222,0.3312761343729049,0.34237965650598634,0.36336526726502427,0.386475116229658,0.4166745506937304,0.4442968406066038,0.4485449797158772,0.4770072196292408,0.46896800112667963,0.5037502373129239,0.5028135581223351,0.5413633154563957,0.6073186917006232,0.6502799826103864,0.7096670373875299,0.7504004982820027,0.8072226363329207,0.846257194161107,0.8302695335869232,0.24918929552149802,0.6127526536001521,8.494601309225242,1.2611681313141383e+19,4.775834323385258e+18,25.22336262628277,9.551668646770517,0.011156702566902108,0.0044891965364707515,0.7917329765482051,0.22251915292807445,0.9618572418807892,0.6963,0.5053,0.07010800911817847,0.22100269527050168,0.014562645786262608,4.814235692274649,304.7100994833581,115.38865561710568,25,0.0009438445899139157,9,0.5690701007843018,0.2522900609786016
S4,5,23,1,SINE,det,sample,0,1,0,2e-17,10.0,0.9330417588806827,6.000000000000003e-06,20000.0,1.412024346837236e-10,2,1e-06,0.23954807302957726,0.0,0.24559208267378485,0.0,0.2401835139494164,0.23954807302957726,0.24559208267378485,0.25377026077699644,0.25798667890737176,0.27133599795124963,0.2751256285403619,0.2781032295582197,0.28394464871502023,0.30018812115564314,0.31039225477770094,0.3353200684916344,0.3456007598612682,0.36931231586692437,0.3729923883357919,0.38903915819129276,0.39565948405482926,0.40666291284870953,0.4227968132328997,0.516428552123536,0.5497140575777373,0.8302695335869232,0.04554156848632505,0.28834016042727395,9.330417588806828,7.264153186466232e+18,8.788963691571955e+17,14.528306372932466,1.7577927383143912,0.03886308701547014,0.006901997976196807,0.47439396876575446,0.2588994726219347,0.9323648182249867,0.1136,0.02535,0.4123823971128405,0.2219220913342921,0.01852480165134506,22.261096495081663,175.50878309968476,21.234964112389555,5,0.0009330417588806827,10,0.19904112815856934,0.23954807302957726
S4,5,24,1,SINE,det,sample,0,1,0,2e-17,1.278415812409009,1.9830077154212498,6.000000000000003e-06,20000.0,9.204854232118745e-11,1,1e-06,0.2482870754961324,0.0,0.2535171405675822,0.0,0.24885655047816616,0.2482870754961324,0.2535171405675822,0.2577351561707944,0.2634018237832263,0.2774693796183899,0.28593225267366174,0.2936605038324143,0.30179336908625876,0.3316565061761282,0.33927557892466353,0.36198336523297886,0.36620404321676225,0.3786385346416251,0.39149558412639746,0.41902126712187243,0.44657598416068484,0.5016003716727225,0.536776164857807,0.6815719204374288,0.7170460573879828,0.10614297002989756,0.032870774044908166,0.24649870035441512,2.53510841952359,7.042707532214145e+18,6.251816598902776e+17,110.17866743908736,9.780568322480365,0.036589949162136134,0.0035479868210743656,0.7389842250994034,0.24198590255032423,0.9907049567892634,0.57915,0.2804,0.26853398845452836,0.22497887122185764,0.01570634455595702,17.097166530240177,170.1584475130251,15.104977762309705,3,0.0009915038577106249,20,0.18043231964111328,0.23954807302957726
S4,5,25,1,SINE,det,sample,0,1,0,8.788836986727598e-18,0.45314927322633164,1.215193630728675,6.000000000000003e-06,20000.0,8.865948764565341e-11,3,1e-06,0.2522349687726665,0.0,0.2563584428853059,0.0,0.252500603255176,0.2522349687726665,0.2563584428853059,0.2676577553751751,0.2729491470345271,0.27919560808347393,0.28811761518495305,0.2963248356558854,0.30557874386725,0.33694775205653715,0.3469791392024889,0.36477853680170047,0.3739301493863339,0.38247428514600984,0.39634480899187424,0.42250461173309717,0.4477368349918877,0.6097841690499485,0.6395163191604405,0.8310486339250177,0.8650700548023207,0.08561679691978584,0.055690427100808494,0.31727212210763434,0.5506641105939664,7.444310866188074e+18,1.073229100690581e+18,144.38252149369237,20.815294589848357,0.083243847635411,0.012491109937433104,0.8507745726503854,0.19515583392456787,0.9921845186304327,0.7921,0.648,0.0875486868347001,0.19309302780690962,0.01230873401985931,7.112728790259519,179.8615623325006,25.930225948470714,6,0.00093476433132975,13,0.27769899368286133,0.23954807302957726
S4,5,26,1,SINE,det,sample,0,1,0,2e-17,0.5202006505775789,0.5,6.000000000000003e-06,20000.0,5.555994349936568e-11,4,1e-06,0.30949899468065445,0.0,0.31717374584846225,0.0,0.3108964406909788,0.30949899468065445,0.31717374584846225,0.3314756022048333,0.3416557845497304,0.3655980502496962,0.3826109340927434,0.4161602913111381,0.4408539123171336,0.48873569212117796,0.5253866067127015,0.5780530725735188,0.6207580885932005,0.6726967165812575,0.7105046419457941,0.8271084588456662,0.8526129469683353,0.9474626884413805,0.9709188903930476,0.9720146058209267,0.9955983513982472,0.04319067515266605,0.2159829410218355,0.5791530152323526,0.26010032528878946,1.1607800462052946e+19,4.1443577814573087e+18,446.28165878550146,159.3368934412453,0.02397870031142802,0.008595635973834424,0.9711265216160324,0.053694170244551385,0.9977615455994403,0.96225,0.9101,0.009239553364477078,0.0535343845317995,0.005593513761439999,1.6518334911718247,280.45539256447523,100.13158757560883,22,0.001,5,0.08564400672912598,0.23954807302957726
S4,5,27,1,SINE,det,sample,0,1,0,4.187439456107918e-18,3.9846140001300245,2.0,6.000000000000003e-06,20000.0,1.0891801868740097e-10,1,1e-06,0.2806772560891435,0.0,0.28614852342388314,0.0,0.2808462363111339,0.2806772560891435,0.28614852342388314,0.286157383548402,0.29073909898517003,0.28864090481225096,0.2913149797882256,0.2945406223849889,0.2980102624979487,0.3280999193321375,0.3388393862383044,0.35919123853901336,0.3704147774854649,0.3869877225281553,0.3873765606350649,0.4119727730785184,0.41583505048447555,0.46730902349982767,0.49528678386748376,0.5584387510830198,0.5932077948554476,1.5801081506199668,0.02754365197011269,0.22623681755176003,7.969228000260049,6.992361618055937e+18,5.312400772555558e+17,7.348287921958456,0.5582813442138039,0.08052632443331761,0.015030946495327583,0.2636157422106151,0.20970886251769572,0.8254230478327813,0.0094,0.0,0.44073020592411366,0.14514965153515563,0.016347094277273554,26.960767366273533,168.94204280608545,12.83526064216467,3,0.001,20,0.20362591743469238,0.23954807302957726
S4,5,28,1,SINE,det,sample,0,1,0,2e-17,3.0780088675335917,2.0,6.000000000000003e-06,8344.707393317029,2e-10,5,1e-06,0.2496668000873105,0.0,0.2549780491511836,0.0,0.24991797341233743,0.2496668000873105,0.2549780491511836,0.26817522535941124,0.2719510213046917,0.2850323475728437,0.2891498031402243,0.2887214733622642,0.2939304938520591,0.2947164667945706,0.3011080544516209,0.3227563954610498,0.33166238808037407,0.3663496114089931,0.3755022768300511,0.39079092722951797,0.39230178004668564,0.41488886153562404,0.42139500400997476,0.5109045312142434,0.5423398980731617,0.2555576986823529,0.015000000000000013,0.16799597142736353,6.156017735067183,2.866378764784028e+18,1.2330963436691344e+17,18.624889583770806,0.8012298838224039,0.09018431149218134,0.008277380426435648,0.29858480872620907,0.23265731349707242,0.9076425803351104,0.04155,0.00305,0.5397416148225253,0.14782752515691558,0.01684177958694939,32.04777808876969,69.25441080280292,2.9792769117981823,2,0.001,20,0.16964197158813477,0.23954807302957726
S4,5,29,1,SINE,det,sample,0,1,0,2e-17,6.349400693516906,0.7717678525783613,7.2588876384206886e-06,20000.0,1.7876225978839856e-10,5,1e-06,0.24103824744732105,0.0,0.24615418902833708,0.0,0.24141266646153745,0.24103824744732105,0.24615418902833708,0.25613716085118376,0.2609787955096509,0.26973513765363805,0.27444149048618527,0.2788938221489191,0.2838491751581339,0.29740371928927545,0.30685012671261463,0.3251509932458521,0.33578069067415134,0.3599751326336567,0.3643244371535799,0.3858365033214467,0.39151507248638184,0.40258561219253114,0.4162615994300372,0.4981817109437132,0.5294966718253195,0.527171395236277,0.06365409926029278,0.33788309057085014,4.900263338395101,4.2758880545806275e+18,6.855212719595421e+17,13.468635107393832,2.1593259113714396,0.06459310343537761,0.014104348051116364,0.53454888369103,0.25963856571227606,0.9240257489697834,0.1536,0.027,0.30788340668350944,0.23872199613694634,0.018598760765356062,16.55397424418751,103.30948286279134,16.562839623856625,6,0.0009647098157229517,8,0.15468406677246094,0.23954807302957726
S4,5,30,1,SINE,det,sample,0,1,0,2e-17,1.8616005100950503,1.4427598239525743,6.000000000000003e-06,14090.290295322566,1.220703072563691e-10,5,1e-06,0.23505035382465483,0.0,0.2405460393655511,0.0,0.23560662192313642,0.23505035382465483,0.2405460393655511,0.24755061295966393,0.252364350946416,0.26322834942661993,0.2677760812091452,0.27495601531969,0.2813420484354952,0.2918459237071002,0.3017515630517816,0.3282782764743528,0.33796452432335294,0.3599400523112333,0.3660905544945269,0.3780421850199674,0.3846091742460944,0.404209102246211,0.4233414163448596,0.4989491237216666,0.5288076809757213,0.1545630187241796,0.03406804188427451,0.25079953965850893,2.685842424214757,4.970070133095899e+18,4.56074024618099e+17,53.395667933526035,4.8998055398557305,0.06310761584880559,0.006844711642237127,0.649297157355094,0.25463694544799387,0.9786795570342123,0.3345,0.1427,0.3244387737491021,0.2316784450456604,0.01757155984393667,18.46385731435531,120.08157573065854,11.019178011447943,3,0.0009618398826350495,15,0.13341307640075684,0.23505035382465483
S4,5,31,1,SINE,det,sample,0,1,0,1.3095627804909415e-17,0.18489503781358863,2.0,6.000000000000003e-06,16592.481543022583,2e-10,5,1e-06,0.25602091025276513,0.0,0.2610609402552413,0.0,0.25637466783975915,0.25602091025276513,0.2610609402552413,0.27054148178600224,0.2723718485201939,0.28046505025877566,0.284007626822278,0.296955413131552,0.30759586567818376,0.3182966024324666,0.3279294039319698,0.3583123574592258,0.3617161642057579,0.38105070963328774,0.38395023894678076,0.4004292426778004,0.4107756973555536,0.5770272583708322,0.602555095369467,0.8209956807330194,0.8552843548657312,0.02344488085565084,0.015000000000000013,0.16799597142736353,0.36979007562717725,5.699461222802488e+18,2.4374364911394054e+17,403.67780414737473,17.26371971012417,0.14806605828891278,0.0066824445508426936,0.8242943546806293,0.19678202431211614,0.9950532997213035,0.7581,0.4771,0.1352093684288073,0.19222615987207914,0.013701338731405055,9.868332655617934,137.70435147231817,5.889076145030318,2,0.001,20,0.18323612213134766,0.23505035382465483
S4,5,32,1,SINE,det,sample,0,1,0,2e-17,10.0,2.0,1.6729235592511928e-05,20000.0,1.0918771032163014e-10,5,1e-06,0.29030290026222,0.0,0.29218852794424865,0.0,0.28973862905005493,0.29030290026222,0.29218852794424865,0.30286001607591034,0.307723224810567,0.3251712695553292,0.3365642628415435,0.34956967303263725,0.3631535624674999,0.3631073287338398,0.37002123378237206,0.39879448681241597,0.39777213558688135,0.42075349999298733,0.4223141808702533,0.4355995563597741,0.4510521369025507,0.4678923951805303,0.4971595323319526,0.5059642856966318,0.540953483277915,0.8302695335869232,0.21359800375379034,0.5765765796112221,20.0,5.312276695276822e+17,1.8855838930343072e+17,1.0624553390553644,0.3771167786068615,0.036307741490581295,0.024242949194187523,0.24307628228348943,0.1516747212607161,0.5126170373643313,0.0,0.0,0.11880307044030325,0.14530689699117313,0.01698167707288748,6.995956284552204,12.83496085977239,4.555748288945527,21,0.001,20,0.27643609046936035,0.23505035382465483
S4,5,33,1,SINE,det,sample,0,1,0,8.821166697122528e-18,1.1346182292759714,2.0,6.000000000000003e-06,11049.331965290507,9.917659459654403e-11,5,1e-06,0.2451518410852023,0.0,0.249765942010378,0.0,0.24530351013253873,0.2451518410852023,0.249765942010378,0.26361736249343176,0.2681678461460353,0.2752901679963911,0.2792236693617341,0.28403257350760597,0.28895472249925575,0.2973244257119088,0.30670394557583514,0.3221164702672541,0.32979855891431953,0.3674641809150728,0.3730080967689876,0.3864137141040933,0.3907030937347164,0.4062448269287192,0.4163949503990013,0.5425870310535228,0.575743703866926,0.21358602107076732,0.030249072497439255,0.2367706360536792,2.269236458551943,3.8768154985793905e+18,3.2128580978742816e+17,30.14056612573519,2.497858409487591,0.1259847625792033,0.014151215474877946,0.5483238433531771,0.2537257690624134,0.9493558071180116,0.1763,0.05495,0.3474966044435765,0.22574438880899897,0.018753530148054157,18.52966357268113,93.66751402287892,7.7625677839565785,3,0.001,20,0.1289820671081543,0.23505035382465483
S4,5,34,1,SINE,det,sample,0,1,0,1.530096210565037e-18,0.1,0.5,6.000000000000003e-06,20000.0,2e-10,2,1e-06,0.3662385118073126,0.0,0.37617383302727014,0.0,0.3671384821600224,0.3662385118073126,0.37617383302727014,0.39667980908354156,0.3976693899348153,0.40929340708728496,0.4071830721526801,0.4127555248392314,0.41493560109498817,0.4618550207412534,0.4809143424286385,0.6752110813058092,0.7151596275605377,0.7669509107167792,0.8127718541858101,0.7806517890800404,0.8243486492242038,0.8192781317979334,0.8557195003683518,0.8758502107353925,0.911443945728206,0.10852514081847438,0.06000000000000005,0.3286267594591275,0.05,7.512538935760706e+18,1.1496478825725532e+18,114.94907357329751,17.59071868608382,1.075805639239278,0.17248951961101222,0.8613842049023878,0.16533685434437828,0.9771921874931443,0.7782,0.6614,0.01637323970327338,0.16526115494544363,0.012484450113400221,1.3114906587434807,181.5100167574765,27.77657569768212,6,0.001,5,0.045232295989990234,0.23505035382465483
S4,5,35,1,SINE,det,sample,0,1,0,2e-17,10.0,1.658297791420233,1.1315267505640261e-05,20000.0,2e-10,5,1e-06,0.27896442736391464,0.0,0.2853096903610075,0.0,0.27933524147208855,0.27896442736391464,0.2853096903610075,0.2857630975333029,0.28984361768997285,0.2924807015214414,0.29415380168215066,0.30234314045011423,0.3073168732480543,0.33229303134549626,0.34479099086802456,0.35549214850231864,0.36589007621424824,0.3920159159166376,0.39194777468049335,0.4173357784361523,0.4182843147332548,0.44155430255783934,0.45990642092515704,0.49997120400908734,0.5339397450394469,0.8302695335869232,0.06434071501242238,0.33958687430052337,16.58297791420233,1.1305641135709725e+18,1.8277334456726253e+17,2.2611282271419455,0.3655466891345251,0.04416018906257608,0.018491391863730805,0.2209371665672712,0.16869648140384083,0.6693720256807346,0.0,0.0,0.30586023049392264,0.13132889006378606,0.015862764520079228,19.281647288324937,27.31549386357886,4.415976159179079,6,0.0009754692890707253,17,0.11552882194519043,0.23505035382465483
S4,5,36,1,SINE,det,sample,0,1,0,2e-17,1.4834376965033311,2.0,6.000000000000003e-06,20000.0,2e-10,1,1e-06,0.2531349329148043,0.0,0.25615745416170066,0.0,0.25303549563906264,0.2531349329148043,0.25615745416170066,0.2653125724812265,0.26677660769076034,0.26948326257555805,0.27353890949457343,0.28111561269594826,0.2895095278987889,0.3137289450387051,0.324261919868041,0.35099883970046075,0.3597276181324733,0.3703389973533681,0.37230548044374645,0.384610296610302,0.3928954492193084,0.42381916868968544,0.44458375485813756,0.6095493243045059,0.6440067932931374,0.12316531243810805,0.015000000000000013,0.16799597142736353,2.9668753930066623,6.869932260274032e+18,2.935002404862973e+17,92.62178352980267,3.9570282079000445,0.06799536401847679,0.0036001764198256947,0.5686847186816752,0.26215085243997793,0.9859831516055673,0.2175,0.10065,0.46120083364854275,0.21592410856649544,0.018245372774740035,25.277687627575155,165.98403420571464,7.09124225837997,2,0.001,20,0.1581711769104004,0.23505035382465483
S4,5,37,1,SINE,det,sample,0,1,0,1.696580266534469e-17,0.7130613961927464,0.5,6.000000000000003e-06,12439.428837665466,2e-10,3,1e-06,0.27049705308630384,0.0,0.2721149698584362,0.0,0.2700025436484198,0.27049705308630384,0.2721149698584362,0.27868864120629055,0.2814670698855488,0.29216044139161745,0.30094201474169324,0.3068049188445548,0.31608179870441305,0.34524249878336793,0.35031872288238425,0.37328428870732383,0.37878198428720766,0.38924409381813335,0.39934327202964426,0.46242153022881494,0.48439923603818763,0.7179851685376014,0.750952075585282,0.8552781471390771,0.8910567938957301,0.06979135199363275,0.06000000000000005,0.3286267594591275,0.3565306980963732,4.67258631386854e+18,7.172103389000655e+17,111.1744062448944,17.06451806855966,0.1552661165201166,0.02500398853183496,0.8440903039466171,0.19111084721909724,0.9879272976836075,0.77835,0.62565,0.0708605346071651,0.18980282347154367,0.01284181973575049,5.517951198917365,112.8940864577569,17.3284773291101,6,0.001,5,0.05615115165710449,0.23505035382465483
S4,5,38,1,SINE,det,sample,0,1,0,2e-17,10.0,2.0,6.000000000000003e-06,6742.465249155202,8.857255976283999e-11,5,1e-06,0.25208559398203545,0.0,0.25783110673153287,0.0,0.2524675215241724,0.25208559398203545,0.25783110673153287,0.2716352368458859,0.2757355239786416,0.2869293037921381,0.29136863616030934,0.2912451837391974,0.2966003898418987,0.3004442807924619,0.3076652171689516,0.33990011139279763,0.35086584605729043,0.3731666976461073,0.3787083101324286,0.40327826787823645,0.40196884998469773,0.4232436785878934,0.4326766724626456,0.49991004538379763,0.5315261672358534,0.8302695335869232,0.03387053516385593,0.25009585055657846,20.0,2.3775748803546404e+18,2.187481128607468e+17,4.755149760709282,0.4374962257214937,0.03478270002058927,0.008687871224716462,0.22564079365590514,0.19297232174519865,0.8055761428272911,0.002,0.0,0.460928329789322,0.12465845769573099,0.015594720079870485,29.556691458943458,57.44444855001975,5.285160445827369,3,0.001,20,0.1413881778717041,0.23505035382465483
S4,5,39,1,SINE,det,sample,0,1,0,6.954410923002316e-18,10.0,0.902291828186042,8.807900556713418e-06,20000.0,8.68070744478818e-11,5,1e-06,0.2823364294728909,0.0,0.28625282983165795,0.0,0.28221954940113386,0.2823364294728909,0.28625282983165795,0.28723650235681836,0.29238976759642304,0.29277347484631916,0.2990321369573602,0.3113056643295474,0.3193148595374914,0.3485789357486021,0.3599231312347955,0.36666127367984186,0.37606525450442074,0.3890591037415069,0.3911515044514266,0.41471834896179705,0.4205659350849971,0.46130457155220295,0.48821060284692414,0.5310229305797238,0.5709102152756624,2.387749423436383,0.16507884094995542,0.5183993360352088,9.02291828186042,3.1998774203444014e+18,1.0021561475381015e+18,2.225326248431158,0.6969405658992894,0.06531100161144411,0.03436207053096785,0.34875327832064446,0.20118844639759204,0.6809781113935817,0.0,0.0,0.1652050653944318,0.1923988593092612,0.01857354349481623,8.894644440924242,77.31205244392804,24.213036456606385,17,0.000902291828186042,10,0.15908384323120117,0.23505035382465483
S4,5,40,1,SINE,det,sample,0,1,0,2e-17,6.823447459273813,2.0,6.000000000000003e-06,20000.0,1.472850994224039e-10,5,1e-06,0.2353483748993273,0.0,0.2393052486443999,0.0,0.23535410389086497,0.2353483748993273,0.2393052486443999,0.24668012287440363,0.25109793801325947,0.2663052849735119,0.27015895174448795,0.27615523874167675,0.28066986171712505,0.28763560745428823,0.29534830876539414,0.31910484407464557,0.33191078145383407,0.3493206540871515,0.35740464519630827,0.38645399499390776,0.39055540850448156,0.4010662385143498,0.40827685509964323,0.4492556271811758,0.47126878661086113,0.5665300539466146,0.020368659231414857,0.1952436396416143,13.646894918547625,6.8996365723287e+18,3.897134239376505e+17,20.22331559965729,1.142277203022901,0.03420507021204933,0.0034526528995429085,0.3409947418546637,0.25058738381702944,0.9483348412411173,0.0676,0.02115,0.591932110773872,0.16940631346631216,0.017147421622073944,34.52018174043586,166.70171836348283,9.41584339387837,2,0.001,20,0.191298246383667,0.23505035382465483
S4,5,41,1,SINE,det,sample,0,1,0,5e-20,10.0,1.929260232837572,4.9999999999999996e-05,200.0,5e-12,1,1e-05,0.9917889830756145,0.0,0.9951477456160295,0.0,0.9946826159057298,0.9919537907384236,0.9817650773739076,0.9917889830756145,0.9951477456160295,0.9973109362126025,1.0139249104752004,0.9992637295615494,1.0184229125442055,0.9994978916301287,1.0189336369017756,0.9995220714290393,1.0189764848920666,0.9995277224761503,1.0188916783755138,0.9995713491923379,1.018007384733959,1.000981890951594,1.0105653868468634,1.055477924908624,1.0084840274239373,332.10781343476935,43.19444931012026,1.0,19.29260232837572,2.2277453831728172e+16,2.0968882803249424e+16,0.00011138726915864086,0.00010484441401624712,0.05182790530578285,0.05182756624107359,0.00010483325421398404,4.005967130377875e-06,0.00011137485614108356,0.0,0.0,1.086228461466493e-07,4.00581262747311e-06,0.0004577858529430568,0.0002372787307609541,0.5382442677352253,0.5066279591425464,4319,0.000964630116418786,20,0.7216818332672119,0.23505035382465483
S4,5,42,1,SINE,det,sample,0,1,0,2e-17,10.0,2.0,4.9999999999999996e-05,20000.0,5e-12,5,1e-06,0.47025121164565903,0.0,0.4712587046286615,0.0,0.45690157579802565,0.47025121164565903,0.4712587046286615,0.4707786338254628,0.46998205883011007,0.48394575998206385,0.46901423875123416,0.5384485435666537,0.4934199418994709,0.5595756220140177,0.5055004052609984,0.5698833720424232,0.5144928471519975,0.6671851118383229,0.6257040629504597,0.9163505019096153,0.921292084437443,1.0010970737914318,1.0212313013263679,1.011763886839588,1.0334027330380764,0.8302695335869232,41.666666666666664,1.0,20.0,1.5918192216615933e+18,1.360246175915784e+18,3.1836384433231872,2.720492351831568,0.013439081517096899,0.011951319569643196,0.7293241303248383,0.02273328017826564,0.7609736067984467,0.0,0.0,0.0006331654479923196,0.022732348994702892,0.01983720678588083,0.03191807469804551,38.45985173179171,32.86482882764145,4167,0.001,20,0.5913419723510742,0.23505035382465483
S4,5,43,1,SINE,det,sample,0,1,0,5e-20,0.1,2.0,1.6147816977143796e-05,20000.0,2e-10,5,1e-06,0.43500617605070685,0.0,0.4431498157525118,0.0,0.4350118028209727,0.43500617605070685,0.4431498157525118,0.4353517471866588,0.4464168226639731,0.43574005071745536,0.4482618354214868,0.4358132241056214,0.4485506135178302,0.4358200297684466,0.44858640406852657,0.4358977447911942,0.44873039305113466,0.4408493005179086,0.45423517892968945,0.47147632289129887,0.48640985069210146,0.49357532480286276,0.5093007302247242,0.6090487746323116,0.608434404990286,3.321078134347694,0.10864666380305558,0.43194039489929725,0.2,4.414441113708271e+17,1.0689568633986955e+17,0.2207220556854135,0.05344784316993477,4.74631946177276,4.095936480145425,0.0495667445253794,0.03335603347302987,0.09706182061342813,0.0,0.0,0.0024311979930313086,0.03334559295184899,0.008817598251635876,0.27572111176422254,10.665705527460895,2.5827004671473293,11,0.001,20,0.19705605506896973,0.23505035382465483
S4,5,44,1,SINE,det,sample,0,1,0,2e-17,1.7625126516481515,2.0,8.491648601341054e-06,12591.464996991523,9.968858108985298e-11,5,1e-06,0.2406647832983405,0.0,0.2457808496411852,0.0,0.24105631498791355,0.2406647832983405,0.2457808496411852,0.25438157630383434,0.25956206955035493,0.2685707216001578,0.2729538530351491,0.278370725084663,0.2838402604959764,0.296372820137767,0.30550460783247485,0.32765140333439696,0.3381418005749464,0.35958792827454455,0.3635973693514719,0.38453705609358746,0.39069718974419554,0.40478192732638435,0.42089042042265684,0.5160160856074968,0.548208143862701,0.14633605572249622,0.060277796430586,0.32934198491105554,3.525025303296303,1.6694477323528947e+18,2.5715889674806026e+17,18.943951758777672,2.9180941936228058,0.07240405484855299,0.014224157294805313,0.590766250853929,0.2579461079053009,0.9436399008012529,0.22895,0.06315,0.28304400129969765,0.2405334265788836,0.018356798861482303,15.419028308557824,40.33542966848154,6.2132011637086,6,0.001,20,0.21511602401733398,0.23505035382465483
S4,5,45,1,SINE,det,sample,0,1,0,5.133875376398139e-19,0.1,2.0,6.000000000000003e-06,20000.0,2.99799649167821e-11,5,1e-06,0.2956848048493816,0.0,0.30250509729127767,0.0,0.2961431566393149,0.2956848048493816,0.30250509729127767,0.3105588104025045,0.3210923068251163,0.35076793712642335,0.36321470380511073,0.3677702734162807,0.3789669109832369,0.3777785667626361,0.38440211604060626,0.39349298044228603,0.3992627227766126,0.478680748845874,0.5021878443932607,0.6787996735870081,0.7196686686320706,0.7680565654066612,0.809961674146917,0.821550140640944,0.8626767952351589,0.32344748273551965,0.10006682824103878,0.4162432378379797,0.2,8.390906501435893e+18,1.917237744768787e+18,43.07786827338079,9.842859648569576,0.46113296326395,0.11343561283383495,0.7921097171342949,0.2273973564155007,0.9637588721092152,0.70325,0.51675,0.036362392326916224,0.22710776173817368,0.01439930771030093,2.525287538712949,202.7322044796601,46.32226976216149,10,0.001,20,0.19655919075012207,0.23505035382465483
S4,5,46,1,SINE,det,sample,0,1,0,5e-20,10.0,0.5,6.000000000000003e-06,20000.0,7.047761347726218e-11,5,1e-06,0.434975959253271,0.0,0.4417863996023814,0.0,0.43482603349854554,0.434975959253271,0.4417863996023814,0.4351461357565257,0.4425084319320131,0.4351118733545906,0.44378798070499764,0.4351345099824937,0.4448015400215319,0.4351540791256093,0.4450347401633466,0.4362497391269081,0.44648983276043946,0.4447591889678056,0.4558390047881724,0.4547110662141046,0.46597930412018745,0.5945505379744597,0.6043781728380263,0.9169565432436438,0.8808140075628296,332.10781343476935,0.17026683237325432,0.5252074678002578,5.0,1.0255011469939096e+19,3.26201666109325e+18,0.05127505734969548,0.01631008330546625,0.19679033327064532,0.19024516809540562,0.015913410033270698,0.011507842561769217,0.038950679265783175,0.0,0.0,0.008449316211101664,0.010990919123645507,0.005055782338334932,1.6712183487480508,247.77073632141892,78.81339502944614,17,0.001,5,0.09499168395996094,0.23505035382465483
S4,5,47,1,SINE,det,sample,0,1,0,2e-17,10.0,2.0,6.000000000000003e-06,15746.736797384461,6.812619318853737e-11,5,1e-06,0.2387887232652776,0.0,0.24386776516508224,0.0,0.23918153612444282,0.2387887232652776,0.24386776516508224,0.2524091525179056,0.257373433681059,0.2685182506830412,0.2719082930904882,0.2793409494916681,0.2848317561139394,0.2937282904048476,0.3026427345428918,0.3281999012482483,0.3394750433269492,0.3640864355139693,0.36966427304609467,0.39029834552680437,0.3951666146318659,0.4021767135698397,0.41227698209692876,0.4534691616500815,0.4783336841530638,0.8302695335869232,0.04403592597193248,0.28374344465297885,20.0,5.676657717720544e+18,6.600474685303747e+17,11.35331543544109,1.3200949370607495,0.021550842252749933,0.004047496419993642,0.4138195169544847,0.2511389834338704,0.9181107252738003,0.07835,0.01155,0.46466879916614284,0.20356372638226697,0.018285089447034,25.412443319576766,137.1533973108894,15.94736853920172,4,0.001,20,0.21862411499023438,0.23505035382465483
S4,5,48,1,SINE,det,sample,0,1,0,5e-20,0.1,2.0,6.000000000000003e-06,200.0,2e-10,5,1e-06,0.4351274463957501,0.0,0.4435167935366062,0.0,0.435163144028399,0.4351274463957501,0.4435167935366062,0.43513269946714817,0.4435643827135252,0.4361964404359955,0.44500391204451284,0.4537367682279959,0.46407130527879586,0.47444735778209973,0.48570430608641085,0.5365330259784915,0.5482349394345489,0.8457666424604416,0.86237839553937,0.9798240511872516,0.9979909034182693,0.9985170344864145,1.0081729395449157,1.0547102430169815,1.0078640414899387,3.321078134347694,0.015000000000000013,0.16799597142736353,0.2,6.8699388158094056e+16,4380600604273092.0,0.034349694079047026,0.002190300302136546,4.989072433142307,4.833955120421672,0.002185254587577347,0.0005133308503253808,0.003025030588108194,0.0,0.0,0.00023851912824442267,0.0005077706809348118,0.002073462618646974,0.11503420707920309,1.6598419259362394,0.10583943669223832,2,0.001,20,0.19545507431030273,0.23505035382465483
S4,5,49,1,SINE,det,sample,0,1,0,6.021947539054226e-18,0.5399227053472004,2.0,6.000000000000003e-06,20000.0,6.884302696433333e-11,5,1e-06,0.2410658923459277,0.0,0.2456037212276186,0.0,0.24141111923798309,0.2410658923459277,0.2456037212276186,0.2586240925071945,0.2637110725923054,0.2690408501708297,0.2742623545795479,0.27913541505298484,0.285698139432112,0.3059221719364447,0.3169515073576714,0.3389489967468211,0.3471950736351553,0.3654403780273312,0.369969498063643,0.384340227173784,0.3952711189832689,0.4342949114003327,0.45808913947195157,0.6537706089743511,0.6876916488613191,0.14888252341434866,0.04357739820990531,0.28232592076690494,1.0798454106944009,7.204219660064939e+18,8.292074951421871e+17,80.35119179667792,9.248442388667002,0.09036090024143394,0.011383465439903224,0.7583614469712431,0.23640800048711663,0.9850834395231957,0.63155,0.3148,0.17529498136077046,0.22949253439603837,0.015331218789316283,11.433858179815852,174.0607326503686,20.034434114176502,4,0.001,20,0.2604060173034668,0.23505035382465483
S4,5,50,1,SINE,det,sample,0,1,0,5e-20,0.1,2.0,6.000000000000003e-06,13461.430421511895,3.9733896770907336e-11,5,1e-06,0.3655290372754429,0.0,0.37536410625821504,0.0,0.3663230671671143,0.3655290372754429,0.37536410625821504,0.3813399583623973,0.3859881651684118,0.4039876123204336,0.4034707517325672,0.4204116356311116,0.42572049829448155,0.44213711734424715,0.46402330618278537,0.4679955076652389,0.5004789467873514,0.4732888124266303,0.5074401850065037,0.47435975437176753,0.5085317122462024,0.4853266746840622,0.5196691745163748,0.5258963854862011,0.5637288468419313,3.321078134347694,0.0755022850463679,0.36587387293604967,0.2,5.279383525435994e+18,9.804598143806509e+17,2.6396917627179968,0.4902299071903254,3.3551869922051045,1.3737427029442106,0.29128093113542547,0.16767664618463157,0.5022285104573924,0.0,0.0,0.017397798945506707,0.16757633447979994,0.018083986126296164,0.9620555348805724,127.55487863225311,23.68883261171997,8,0.001,20,0.23216605186462402,0.23505035382465483
S4,5,51,1,SINE,det,sample,0,1,0,2e-17,0.1,2.0,4.9999999999999996e-05,20000.0,1.8424514664708857e-10,5,1e-06,0.3705012984343508,0.0,0.37127019492280217,0.0,0.37034551619851575,0.3705012984343508,0.37127019492280217,0.3858633889717764,0.38469483673697147,0.3967658954471334,0.40634443698693506,0.44029142433307633,0.46898003848746567,0.533225355037091,0.573550388776704,0.6130069028641448,0.6583594415977909,0.6626233864145478,0.711249076280374,0.6812635205968841,0.723869594848595,0.7928116753598082,0.8263518172067396,0.8815941679213425,0.9164225057116551,0.008302695335869234,1.1307398708981156,0.9344952869361782,0.2,7.0120360114556136e+16,3.743621755082685e+16,14.024072022911227,7.48724351016537,0.5891194230507683,0.3327992565780542,0.8263825284791922,0.11933326132175291,0.9326923319881986,0.6881,0.4221,0.00413767431262826,0.11932332028674848,0.015602498557280214,0.26519305849880037,1.6941739468195653,0.9044942772465063,113,0.001,20,0.4750680923461914,0.23505035382465483
S4,5,52,1,SINE,det,sample,0,1,0,2e-17,1.3413092684143628,2.0,6.000000000000003e-06,9905.088307051272,8.625647469662911e-11,5,1e-06,0.23527926671631783,0.0,0.24073801238019865,0.0,0.23582561744176622,0.23527926671631783,0.24073801238019865,0.24825686036502875,0.25305534900109256,0.26372986231249385,0.26831247947440995,0.27537080711222206,0.28179931382886303,0.2921311628524323,0.30196757761265736,0.3292914486585444,0.3390773506862021,0.3600540780909882,0.3660092015443062,0.3786880625623683,0.38533185617550525,0.40492942895510275,0.4241650283114005,0.5010063459487439,0.5309049854237607,0.11136482206822103,0.034779997797860875,0.2533176455326078,2.6826185368287256,3.497204289434979e+18,3.277027462521745e+17,52.14612873836652,4.886311516203424,0.0633283009812648,0.007014059466169745,0.653017074232581,0.24922298953861466,0.978298539748711,0.33565,0.1427,0.32483986593827946,0.22582643145548859,0.01768645766095611,18.366587146242544,84.49574965369352,7.917607013065058,3,0.001,20,0.14974069595336914,0.23505035382465483
S4,5,53,1,SINE,det,sample,0,1,0,1.6098308922445035e-18,0.1613587098965758,2.0,6.000000000000003e-06,12007.949219785878,4.8434566710836154e-11,5,1e-06,0.2899190647995077,0.0,0.29319601251400546,0.0,0.2896319847591867,0.2899190647995077,0.29319601251400546,0.2935498805388061,0.29876008341940447,0.3271110356800543,0.3390787765779678,0.35217791453105457,0.3664779839643626,0.3610814847182502,0.373566014464165,0.3726053603237266,0.380343458572894,0.4084674585103808,0.4177895368849964,0.5405206710758266,0.5714993022952659,0.7106566420961661,0.7526098421092899,0.7905715673042072,0.8333473855995154,0.16644135909111368,0.061939234801264766,0.3335794564767754,0.3227174197931516,4.5292815030355446e+18,7.130985883465962e+17,45.18737964583198,7.11438593846032,0.3818756189761356,0.06708945553139678,0.7535611116671619,0.2355287674315109,0.9584049331434565,0.6384,0.3215,0.07085981898934156,0.2344355998014161,0.015670659775995962,4.52181465249366,109.43170724905731,17.229133562875468,6,0.001,20,0.23417425155639648,0.23505035382465483
S4,5,54,1,SINE,det,sample,0,1,0,1.3447263479401693e-19,1.5709506529723962,1.826348737817901,1.447875532496474e-05,1565.0763707670724,1.279717876997667e-11,1,1e-06,0.43511526344643076,0.0,0.4444114939245031,0.0,0.4352586306988586,0.43511526344643076,0.4444114939245031,0.43512607165392,0.4444643408752442,0.43680229635138607,0.4465400821428905,0.4762744526808435,0.48829624716409653,0.5397758561432753,0.5539897278106496,0.5532253937199451,0.5677968262742265,0.5604958587448473,0.5747849105657103,0.7007129482668492,0.7154111926266417,0.9364168384862889,0.9465039609997445,1.0414305359579303,0.9960458874250825,19.398927788235717,1.494903855864777,0.9658006831595383,2.8691037422303434,2.885814928261042e+17,1.6881329298941306e+17,0.024702439646777884,0.014450338241744633,0.34357610883764206,0.34013864546108913,0.014196820763603662,0.006856024483713425,0.02396160190013426,0.0,0.0,0.0002525778817933874,0.006855519462628155,0.0051094645724757606,0.049433336548413,6.972400681935343,4.078688164068793,149,0.0009612361777988953,19,0.31394219398498535,0.23505035382465483
S4,5,55,1,SINE,det,sample,0,1,0,2e-17,10.0,2.0,7.080174623223594e-06,17071.34646654201,1.0675267897136313e-10,1,1e-06,0.2583961844495566,0.0,0.26513166560278584,0.0,0.25907086941375596,0.2583961844495566,0.26513166560278584,0.26918990181785357,0.27336559574719815,0.2782347016150066,0.28067608940820293,0.29226323655635983,0.30014144218358635,0.3088572443164628,0.3194808192372325,0.3512147727726335,0.358857404151875,0.384826497585859,0.38800961385788646,0.3969480868451575,0.3988068384446788,0.4333193314990499,0.4528450441580097,0.5476864742577947,0.5818865025233642,0.8302695335869232,0.039131627404550236,0.26812269273028844,20.0,3.7140464014556585e+18,3.904952067260847e+17,7.428092802911318,0.7809904134521695,0.028074266780068104,0.0059325402756277784,0.3182646359779618,0.22742299262206975,0.8761472894789563,0.03105,0.0,0.47531956336065423,0.16945935205831145,0.01732303363535019,27.438586876070882,89.73485932396038,9.434732002409094,4,0.001,20,0.18648028373718262,0.23505035382465483
S4,5,56,1,SINE,det,sample,0,1,0,2e-17,0.19974238094844818,2.0,1.22417243428926e-05,20000.0,6.779396237192755e-11,5,1e-06,0.26536938389474324,0.0,0.2733239189013946,0.0,0.2665643622592734,0.26536938389474324,0.2733239189013946,0.2894291604356651,0.29910493874193894,0.31149256346275483,0.3204316327115262,0.3339721623013841,0.3448785657758805,0.3789013749627714,0.397381557136332,0.42556759670279176,0.4514139320570416,0.4936187699482345,0.5290768522472158,0.6103127976662849,0.6438225423846763,0.8196306941271406,0.8491440353297941,0.9140166563233759,0.9444971834854946,0.01658400134676096,0.1842098834519812,0.54275479326593,0.39948476189689636,1.25326937469485e+18,4.14810410281352e+17,125.48857871262769,41.53454147404111,0.05885156639094082,0.01979012189831692,0.9137108164532716,0.13711256879806194,0.992005923488115,0.86895,0.7892,0.024270811980002943,0.13682476549936007,0.009486099652109054,2.5585659934119276,30.280168548565406,10.02221022282395,18,0.001,20,0.2387101650238037,0.23505035382465483
S4,5,57,1,SINE,det,sample,0,1,0,2e-17,2.0632202574868574,0.5,4.9999999999999996e-05,20000.0,6.621382661092906e-11,5,1e-06,0.46925518746815365,0.0,0.4910979063286607,0.0,0.471248673414354,0.46925518746815365,0.4910979063286607,0.48502508435578573,0.512387905537342,0.4876380720223146,0.5166143225168217,0.48914597587450265,0.5213921144392918,0.49086409828633637,0.5250365990258563,0.4920474695753478,0.5260065020845163,0.5132878584199958,0.5429716180551071,0.7397373709412919,0.7614895139201441,0.9412399061797871,0.9645801251275308,0.9746700759774489,0.9982715443312331,0.1713028920870705,12.585488197653655,0.9999999991984934,1.0316101287434287,5.782304985370281e+17,4.167100718873425e+17,5.605126223812403,4.039414312410094,0.19235537988392082,0.14675850568327348,0.7912340180290522,0.047632471019413036,0.8486020780800038,0.50805,0.0,0.001351068931385622,0.04763035995062344,0.017988951059714448,0.07510548707930437,13.970593480659605,10.068107836518243,1259,0.001,5,0.12700605392456055,0.23505035382465483
S4,5,58,1,SINE,det,sample,0,1,0,2.4437376161651252e-18,0.1445633329221745,0.9337389407596441,2.8869568287462387e-05,14148.249685491162,6.131856605820864e-11,4,1e-06,0.4009288183843696,0.0,0.4091589781523491,0.0,0.40140425223441706,0.4009288183843696,0.4091589781523491,0.44633503527010054,0.4708655273000664,0.5485401583910218,0.587130812959207,0.5753527797745135,0.6174986234180465,0.5927801983820776,0.639495126035887,0.6085094196599324,0.6577597221631509,0.6118912469688317,0.6598078593707475,0.6398833027676695,0.677772229277,0.8050425818109708,0.8364798226478074,0.8934882252283408,0.9268397701357777,0.0982319298152954,2.426117706003049,0.9930209508422654,0.134984413355435,5.087098777121e+17,2.958509315077805e+17,8.599369139815487,5.001144034858907,1.2344750763185328,0.7717447503611007,0.7927477103415395,0.10219321965302837,0.895617077002125,0.59005,0.0,0.0030230642614825403,0.1021874814409985,0.017288351028450208,0.17486134198152842,12.290909799972614,7.148037167577717,243,0.0009337389407596442,10,0.19936394691467285,0.23505035382465483
S4,5,59,1,SINE,det,sample,0,1,0,2.858273715901783e-18,0.49761900119456703,1.7288473378812519,3.599012553412756e-05,17918.233863987785,1.0019351820444542e-10,2,1e-06,0.40516954355864904,0.0,0.40468623451464736,0.0,0.4043767853180963,0.40516954355864904,0.40468623451464736,0.416502021753542,0.4149492420272328,0.427986721278575,0.43919802734862684,0.46210155288361004,0.49207721028031914,0.4762261876386288,0.5108802974762681,0.47816548077160875,0.5131184216658604,0.4851018229481541,0.5185731841718146,0.5378061595441754,0.5699545730124422,0.5763687507827938,0.6096632455261575,0.6409395876857111,0.6785238949200595,0.289096102817048,1.2462902582112736,0.9468396394964931,0.8603072854943548,1.8284145463092595e+17,9.92084753764354e+16,1.050223007349523,0.5698435487439953,0.7404402634613207,0.5669507008058349,0.333436158789192,0.1435761024404173,0.5091580424148746,0.0,0.0,0.00464387121957301,0.14356819387713976,0.01984567294241435,0.23399918123451924,4.417621762470139,2.3969702096774683,125,0.0009604707432673622,18,0.5463590621948242,0.23505035382465483
S4,5,60,1,SINE,det,sample,0,1,0,2e-17,2.732520024093122,2.0,8.308892700441247e-06,9790.600247059754,3.91317293934542e-11,5,1e-06,0.2521762635314819,0.0,0.25642451501481106,0.0,0.25250677649066505,0.2521762635314819,0.25642451501481106,0.2619101675163952,0.2668308502464309,0.27648565802520503,0.28398158667693135,0.29814765499217905,0.3080479867403297,0.32236453172041407,0.3307020419525424,0.35408821308415145,0.36203976366593016,0.376814768747621,0.38467608521879454,0.4088443563077053,0.42793010480063226,0.45845751362996057,0.48875803555895614,0.6048079602133188,0.6437959562771108,0.22687281259207245,0.1470198629465509,0.4933885201376903,5.465040048186244,1.7723723482173322e+18,5.227804108335099e+17,12.9724381346889,3.8263610602964353,0.037912885806990024,0.01309587303078055,0.6618190184128981,0.25054510767935995,0.9279498667486393,0.4338,0.0808,0.1565182346176596,0.24506709732605933,0.017670433668805743,8.857634031583894,42.82218533258635,12.63086713323802,15,0.001,20,0.24133825302124023,0.23505035382465483
S4,5,61,1,SINE,det,sample,0,1,0,3.492427689653114e-18,0.13612195085949266,0.8302040982761318,8.308115892986869e-06,9385.549838793087,5.877174580855831e-11,4,1e-06,0.3110626088271171,0.0,0.3225147276156657,0.0,0.31251633952907554,0.3110626088271171,0.3225147276156657,0.345524645547705,0.355127211880557,0.37192017291770485,0.3801494798518819,0.3798775976852048,0.38667013566383046,0.3901627709009858,0.39880122502452797,0.5028453140803992,0.5296435694560292,0.7041497239681539,0.7444801325403285,0.7871034865059295,0.8280872907458638,0.8432997951445843,0.877444128535446,0.8954879304065138,0.9293834841859006,0.06472168857547834,0.23577642437040006,0.5996681432352854,0.11300900146889303,2.158023257454425e+18,8.041316145002582e+17,55.367559248609304,20.631290536711543,0.40907650036904053,0.15698484641131985,0.8808903965446324,0.1470068319277252,0.9793419752927621,0.8113,0.6969,0.012007828879012977,0.1469441019601732,0.011774989916250015,1.019774026510344,52.13987454481175,19.428577218865232,24,0.000922448998084591,9,0.10929322242736816,0.23505035382465483
S4,5,62,1,SINE,det,sample,0,1,0,2.990411207218874e-19,0.675947012335617,1.223317531178146,3.456654990544398e-05,13709.662959263622,4.3388127464211934e-11,3,1e-06,0.43729039716058216,0.0,0.4528374042751696,0.0,0.43817774118388525,0.43729039716058216,0.4528374042751696,0.4373637986960647,0.4531232265529275,0.4373834294398117,0.45318333428688923,0.4373855351458681,0.45318843678838555,0.4374380771398281,0.45322787160044775,0.4421234343191177,0.45785777434581676,0.5380949037592823,0.5550315833882487,0.6704410399633411,0.6900983266285832,0.7060171987512778,0.7284014978007315,0.7753123267618294,0.7889170394531014,3.753451761460647,3.751895313411847,0.9992062051711772,0.8268978303376507,4.196905151781919e+17,2.582937965314932e+17,0.18567242657316155,0.11427000190946611,1.08531975692485,1.0199606742279352,0.1007103879323762,0.04073119947071386,0.1565099672142188,0.0,0.0,0.0011411790945982019,0.040729513596822566,0.013085922604948287,0.08720662111868814,10.140118153708299,6.240621411439817,375,0.0009410134855216506,13,0.18648600578308105,0.23505035382465483
S4,5,63,1,SINE,det,sample,0,1,0,3.207371396815473e-18,0.12210528998130114,1.610944335209086,1.2811355493013615e-05,11737.263093933881,1.656592744644732e-11,4,1e-06,0.35377526483834554,0.0,0.3598314688293926,0.0,0.3543944214267534,0.35377526483834554,0.3598314688293926,0.37515445499235994,0.3862493279119095,0.38883375791350183,0.4058932283582798,0.46675819780030164,0.49918874711144734,0.6089421237783745,0.6509475484241608,0.7001293153503482,0.7470651384118787,0.7281805408301752,0.7686294184948628,0.840893579063795,0.8663646352203151,0.9461927586358891,0.971286244864456,0.9637051668288773,0.988888850283109,0.06321706445466785,1.0250442769533672,0.9205019004616736,0.19670482519443983,2.2536466795302108e+18,1.1886101600311396e+18,59.197123233238166,31.221532087855866,0.1577752220240962,0.08445186590429912,0.9457568021335466,0.046884745220390586,0.9833412700833026,1.0,0.817,0.002138870574844367,0.04687702084915755,0.009240971479648549,0.23145516459549903,54.450226489979485,28.71794101969777,103,0.0009476143148288741,17,0.25780487060546875,0.23505035382465483
S4,5,64,1,SINE,det,sample,0,1,0,1.06508540859078e-18,4.5125643296616795,0.7974265569356254,9.762844406515544e-06,10656.50668836072,6.41101238068867e-11,2,1e-06,0.3306247062783831,0.0,0.3390731579355938,0.0,0.33116372599014776,0.3306247062783831,0.3390731579355938,0.3855951362480441,0.3874126895861659,0.42156315587455095,0.4218908272962884,0.4282520364322683,0.43053416181291365,0.4332675873093666,0.44246331963599855,0.44076470883463886,0.4599263300401309,0.44635178165235107,0.4681453032319265,0.4555970544874036,0.47764149265382844,0.46176854048254246,0.48426903790617465,0.5153937223950229,0.5344255650317689,7.035388244077805,0.3107307081521172,0.665706049981637,3.5984386363526313,1.7985327367817897e+18,7.394551519594362e+17,0.42450164360598575,0.17453111692666348,0.23660361282671774,0.19508458055462571,0.13952986719304422,0.08855798298859148,0.27740918179675844,0.0,0.0,0.029267341693544974,0.08780560591010117,0.014038709130655478,2.0847601742553135,43.454244960805234,17.865932965040784,31,0.0009967831961695318,8,0.11279106140136719,0.23505035382465483
S4,5,65,1,SINE,det,sample,0,1,0,2e-17,2.3368802004983906,1.3585606699831652,6.880567527540487e-06,9251.458917520475,8.718092724108062e-11,5,1e-06,0.24149573584797954,0.0,0.2465804733440554,0.0,0.24190361598116125,0.24149573584797954,0.2465804733440554,0.2553904047254221,0.2605036941293908,0.26875050027830427,0.27318604795326995,0.27927244179758326,0.2853829710632517,0.2985817610876966,0.30783531328401764,0.3314308620833179,0.3414072327300588,0.3617564380000257,0.3656990099430355,0.38567779607177455,0.39314804834939215,0.4104614618493757,0.4291637565534439,0.5358001869402695,0.5692468832544655,0.19402404341163146,0.0666187916503176,0.34516319900413,3.174793530859487,2.3479331125503974e+18,3.9531573696604166e+17,20.0945954529432,3.383277729699041,0.07185972061473704,0.01493183947213477,0.6230545247712351,0.2527736406557291,0.947702293996663,0.28325,0.08185,0.25362556160494776,0.2386753731352173,0.018168582220420823,13.95956814505217,56.72827552025234,9.55120055346971,7,0.0009704004785594036,14,0.1437840461730957,0.23505035382465483
S4,5,66,1,SINE,det,sample,0,1,0,2e-17,10.0,2.0,6.000000000000003e-06,200.0,5e-12,5,1e-06,0.40962229466446776,0.0,0.4124805021205217,0.0,0.409151838435189,0.40962229466446776,0.4124805021205217,0.4290822290317916,0.4314939505429719,0.43288598787051047,0.4380983131077854,0.4349731996403292,0.4437454084560055,0.43637055909510136,0.44988686650657117,0.43775676825080007,0.45377395547776606,0.4407711869044579,0.4572519524224878,0.484951594317233,0.5031914962067834,0.672659136317291,0.7015530668291977,0.8269833632225766,0.8618880575892249,0.8302695335869232,0.6000000000000005,0.8202875051210003,20.0,2.428928557350365e+17,1.7158703579360067e+17,0.4857857114700731,0.34317407158720137,0.037225256992130605,0.033652228322029534,0.2529227088503216,0.04383639610633419,0.3266057765459626,0.0,0.0,0.03198756945023737,0.0424810267140299,0.019307208878150604,1.656768187059744,5.8685201756326855,4.145704402809663,60,0.001,20,0.25981593132019043,0.23505035382465483
S4,5,67,1,SINE,det,sample,0,1,0,2.747629326950056e-19,1.8606802761450574,1.1603596351541068,2.4855826498388258e-05,16477.90872695983,1.2730262249640776e-11,4,1e-06,0.4406866773279897,0.0,0.4600488572084638,0.0,0.44162123372473167,0.4406866773279897,0.4600488572084638,0.44082012695933925,0.4603433178263367,0.440847243708899,0.4604597016524752,0.44085479921192244,0.46048817674584325,0.4408639735644025,0.4604838101127081,0.4413641981235443,0.46082983001291744,0.4695502948134836,0.4880811412809091,0.6787264300604228,0.6986851470676546,0.8023243490120326,0.8271555032651918,0.8485170511749005,0.8743175345648456,11.245084115798024,6.970680925205484,0.9999951913801626,2.1590582863661214,2.343223263153486e+18,1.5494678479302295e+18,0.34601908989818303,0.22880681623388086,0.3769224639667974,0.34409979501041493,0.18247607927536144,0.055320204222667015,0.2570589458801381,0.0,0.0,0.0015508479205764676,0.05531791629895616,0.01696102841100966,0.09143596030826696,56.61448112261012,37.43660265163189,697,0.0009669663626284223,12,0.23865127563476562,0.23505035382465483
S4,5,68,1,SINE,det,sample,0,1,0,5.004848231270535e-20,0.8377937132946953,1.633782968329175,8.748396971411714e-06,6462.315215257108,2.0551263189130865e-11,4,1e-06,0.434906942187867,0.0,0.44147759309564744,0.0,0.4347298507556522,0.434906942187867,0.44147759309564744,0.4351020859481505,0.4444156227566441,0.43550733968096644,0.4471562907436039,0.43561594314970026,0.44769751268810126,0.43562833613069923,0.44777364067381936,0.4360130899769381,0.44832471945163416,0.44695980230780596,0.4602422657604597,0.4689320014656805,0.48332810086689354,0.4914269431281946,0.5059979691695276,0.6787425023106486,0.6685386645803615,27.796830730375977,0.379903091179403,0.7142862321427832,1.368773099754129,1.7482667386468708e+18,7.66688681663617e+17,0.10443871272674658,0.045800779254708546,0.698585516591187,0.661495535432098,0.042971575873695565,0.028080703468253025,0.08427133614705824,0.0,0.0,0.0031894990645657,0.028050774015178595,0.008335354574096886,0.3826470771234437,42.23977110026123,18.523920693988316,38,0.0009610488048995147,17,0.19874787330627441,0.23505035382465483
S4,5,69,1,SINE,det,sample,0,1,0,3.945622996118924e-18,0.2966147195469512,0.845943533013266,3.4313570459660915e-05,5595.346370904374,4.780761012551516e-11,2,1e-06,0.5117995144633788,0.0,0.5538352246507223,0.0,0.5155847028180656,0.5117995144633788,0.5538352246507223,0.5178704289013002,0.5612125612603134,0.5189147772816743,0.5626003785146068,0.5193444327939019,0.5631281068780538,0.519434185173131,0.5630932628983317,0.5205087634679798,0.5628635183368655,0.5596123735451224,0.5947713474350489,0.7016717954616833,0.7312794808446785,0.8082277870185737,0.838875717325427,0.8807826610614239,0.9138353582425288,0.12483208106578078,4.852238748385576,0.9998639970087084,0.25091930379728694,2.2166096810906547e+17,1.4083622190979174e+17,2.948574549668204,1.8734290621265763,1.386964822363454,1.0093123426177326,0.6248357849798445,0.10475195512239396,0.7466788766080353,0.0,0.0,0.00298798647717879,0.10474712579327806,0.02111127163777347,0.14153512533240856,5.355537772248624,3.402735775148099,485,0.0009399372589036289,9,0.1353609561920166,0.23505035382465483
S4,5,70,1,SINE,det,sample,0,1,0,2e-17,0.6076823923860702,2.0,6.000000000000003e-06,20000.0,1.5318291095190437e-10,5,1e-06,0.24079573284407638,0.0,0.24535533117569547,0.0,0.241220908101738,0.24079573284407638,0.24535533117569547,0.25402909412568575,0.2584369629614427,0.2643255592213748,0.26857344862446836,0.27973211235374074,0.2889893949984983,0.30381816540731543,0.314350921704403,0.34515529873698364,0.3528807859086046,0.3700086324120337,0.3765776386231029,0.38437139885376015,0.39782303264071744,0.42685446766888574,0.4529143737675421,0.5777614674873538,0.6080559365259598,0.050454017649536824,0.019584430021322208,0.19152262183878174,1.2153647847721405,6.89517629853454e+18,3.758707321675046e+17,226.93355558519872,12.370631003200367,0.06153772660201814,0.003609816172344401,0.7625288372556273,0.224539658363203,0.9946656634611505,0.60975,0.3054,0.24924989282434679,0.20961980554856435,0.015410017527424989,16.17453662078971,166.59395394747864,9.081390922263546,2,0.001,20,0.1872110366821289,0.23505035382465483
S4,5,71,1,SINE,det,sample,0,1,0,6.964896482118746e-19,0.1,2.0,1.566281512249835e-05,20000.0,3.405430688953453e-11,5,1e-06,0.35168000552879575,0.0,0.36162682507984667,0.0,0.3530120048834652,0.35168000552879575,0.36162682507984667,0.37649048158001075,0.3765258401863328,0.3895540952643779,0.39018932910169146,0.4042674499391511,0.41781019607909203,0.4602273928857561,0.49409279757189994,0.5456673841861804,0.587804538609958,0.6357831035607744,0.6834376295824208,0.6693974400606684,0.718367905747099,0.6954090145202945,0.7392326548766658,0.774177437319718,0.8175531264345836,0.2384154698403651,0.6003248927204838,0.8204052943069471,0.2,1.3473900255820375e+18,6.465767803885917e+17,9.38443204921822,4.503340343148167,0.9085391213765578,0.4814899819558663,0.7192629647706766,0.20649791173930795,0.898953082834249,0.5377,0.0,0.008274882718371571,0.20647350584990756,0.01757550793221957,0.4708189800422204,32.554212126354614,15.621904025638814,60,0.001,20,0.24693083763122559,0.23505035382465483
S4,5,72,1,SINE,det,sample,0,1,0,2e-17,10.0,0.5,1.2955127523698336e-05,10037.193640387535,2e-10,5,1e-06,0.2917473793465319,0.0,0.29336369028471504,0.0,0.2911118746085962,0.2917473793465319,0.29336369028471504,0.30870619667900506,0.31629467937052685,0.3335542227998642,0.34805232672659536,0.3481029951539949,0.36214059246035374,0.3604875542925587,0.3677394917872586,0.38677451893372367,0.3879755496101103,0.42194617116565636,0.42942937503296547,0.4554492466500882,0.4814856283832158,0.48724731813340666,0.5221014677782324,0.5309226167159934,0.5701197785402062,0.8302695335869232,0.2797255485921436,0.6403676432631247,5.0,6.761172856600211e+17,2.6855002791250797e+17,1.3522345713200423,0.537100055825016,0.1301151471838656,0.08502553377904087,0.3073696500526793,0.1740828163498011,0.561808435742476,0.0,0.0,0.07559159135519176,0.17181298485509752,0.018389670810895938,4.110546193703669,16.335630457234142,6.4884216219618605,28,0.001,5,0.0734100341796875,0.23505035382465483
S4,5,73,1,SINE,det,sample,0,1,0,2e-17,0.7204085158776659,1.1936062362009583,8.835304590556085e-06,15193.5584190267,9.36396496541498e-11,5,1e-06,0.2518120301002327,0.0,0.25614217480299534,0.0,0.25218372683483314,0.2518120301002327,0.25614217480299534,0.2649568118776974,0.2712272678721149,0.2812229099378416,0.2903830669415442,0.2993293894318405,0.3077827651595384,0.3329545723867152,0.3435349100823091,0.3609435208263905,0.3705720480807352,0.392856316328743,0.4089575082744949,0.43825602197829117,0.4657919466732009,0.5800856082261306,0.6121199118833425,0.7985499481844364,0.8343956420674659,0.05981332424697972,0.1164048143273316,0.44544184798814107,0.859884097163859,2.0952930958608492e+18,5.3274006856851475e+17,58.16958155493696,14.789943672986245,0.073651144870722,0.019654481211429434,0.8307217598964418,0.2051209658542118,0.982388991660006,0.75655,0.6018,0.07192859617559914,0.20371839424294064,0.013164303324921925,5.4639120962389205,50.624254755095976,12.871501845129389,12,0.0009946718635007986,12,0.13618111610412598,0.23505035382465483
S4,5,74,1,SINE,det,sample,0,1,0,9.551384399387337e-18,7.176889147138458,0.7487388722946782,2.5708262333660212e-05,18323.417183754107,8.274774434016408e-12,4,1e-06,0.47068488357709254,0.0,0.4879719278324592,0.0,0.47458105395614614,0.47068488357709254,0.4879719278324592,0.4716626967655497,0.48961785426217025,0.47238848722030846,0.49355938487868267,0.4734173498875321,0.4970190209826087,0.4743759220143188,0.4983299276711654,0.4845428184453303,0.5079807762499836,0.6273315172298164,0.6484581270622282,0.9098486875519786,0.9315730560470223,0.9828729839793735,1.004969701451354,0.9913501716155271,1.0131535368995568,1.2477253884121586,17.779013122325274,0.9999999999997191,5.373615886612364,5.211957818840864e+18,3.969420952257992e+18,6.936349660770522,5.282715753400612,0.02962006240779641,0.023448366145715445,0.8350159846759685,0.03154072904585101,0.8739972530880595,0.7826,0.0,0.0008912249332695675,0.03153935133932364,0.016491180688839726,0.054042518245688544,125.92581005256027,95.90494900894262,1778,0.0009359235903683477,8,0.208665132522583,0.23505035382465483
S4,5,75,1,SINE,det,sample,0,1,0,1.3329307564309504e-17,0.6856724860131288,1.7350185653052255,7.65797417536568e-06,11883.275010878187,4.884892395678139e-11,2,1e-06,0.2570146380387397,0.0,0.2613423954018354,0.0,0.25728469725903497,0.2570146380387397,0.2613423954018354,0.2661008875392495,0.27187071078288716,0.28479449894007686,0.2943930994919835,0.30685652359148236,0.3158073739032648,0.3417184565235651,0.3513195713081526,0.3762201395278664,0.39050565954545524,0.39802201482887617,0.41720718716466787,0.44666839664925756,0.4763379552966637,0.6217102344608914,0.6559995347038524,0.805848484895812,0.8429686700590052,0.08541973728325439,0.11532339438371558,0.4435967756174365,1.189654492951766,2.5098393604870216e+18,6.355723017142776e+17,48.790671137270664,12.355372078825855,0.06293948122705342,0.016882282785828116,0.8145856015504774,0.20896647633723794,0.9792981232964287,0.72825,0.5506,0.0879602737273789,0.20688009617510922,0.013872166689798425,6.340773989694399,60.640082970091676,15.35602545573563,12,0.0009638992029473475,18,0.16887617111206055,0.23505035382465483
S4,5,76,1,SINE,det,sample,0,1,0,3.759309641374136e-18,1.9525903278892507,0.8346619496234038,1.3135832027573844e-05,15204.069794685647,8.440944364602674e-12,2,1e-06,0.5056694772404333,0.0,0.54237058791298,0.0,0.5087086206723305,0.5056694772404333,0.54237058791298,0.5741639590359334,0.6179329917263685,0.5971509241028767,0.6452208397577913,0.6062849331412854,0.655847282565916,0.6076817641732797,0.656928662699639,0.6130862965599675,0.6584497555824594,0.6729350736560183,0.7076177728754454,0.8235626601181755,0.848169027549458,0.9415084820045525,0.9668370422954471,0.96126913093772,0.9864622266006734,0.8624861559583367,4.081899136018977,0.9995336677934994,1.6297528498918432,9.155105928006587e+18,5.674741937902558e+18,17.626266755178133,10.925544275602512,0.051451737080116244,0.032942187324521525,0.8986799757751598,0.04624187439330779,0.9463119109063535,1.0,0.5929,0.0013610040271706053,0.0462393410084476,0.013081173423106983,0.10404296183142762,221.19598242597104,137.10711026601155,408,0.0009274021662482265,9,0.1256859302520752,0.23505035382465483
S4,5,77,1,SINE,det,sample,0,1,0,2e-17,0.1,2.0,1.4012714119112604e-05,20000.0,2e-10,5,1e-06,0.27703136339254475,0.0,0.27954913441278634,0.0,0.2767369138406221,0.27703136339254475,0.27954913441278634,0.287182159284435,0.2937200940154873,0.3025385077022476,0.31146562252377213,0.3334502266181539,0.338776828733771,0.3634743130268055,0.369405761712723,0.3848527776279276,0.39651600037566487,0.4133696226100183,0.42882570272329024,0.5779648775351863,0.6062636261255518,0.8021973111157347,0.8355637224857451,0.8856127326726152,0.9199405340860694,0.008302695335869234,0.08181506540999071,0.37969932570486226,0.2,6.250390905517908e+17,1.2284439885366632e+17,125.00781811035817,24.568879770733265,0.19555021748442478,0.03968007759344725,0.873802277547266,0.17839756601757278,0.9893785093219103,0.8203,0.715,0.03826234679088154,0.17799327372007775,0.011349690818375054,3.371223710247254,15.101533152805631,2.9680363835922403,8,0.001,20,0.18029499053955078,0.23505035382465483
S4,5,78,1,SINE,det,sample,0,1,0,1.614446226877871e-17,5.0899787663191125,0.7764832091813647,9.52914655002535e-06,4368.3328967016005,1.9594736539601758e-10,5,1e-06,0.308878279120499,0.0,0.3117678147359473,0.0,0.308289190751737,0.308878279120499,0.3117678147359473,0.3174514509874277,0.3278702486385855,0.3253446959968311,0.3398179214816821,0.3307711833364679,0.34444892461883847,0.34604954674891536,0.3533234315912832,0.3986031657217771,0.3998749083378172,0.42725356951517063,0.432919387250249,0.44427281479763414,0.46515575759323785,0.46330034643617324,0.49248528993873353,0.502565531542689,0.5368502764980688,0.5235298922840871,0.09946843026697907,0.4151161084187078,3.952283047136468,4.568099404797386e+17,1.0580809346393315e+17,1.4489158377003377,0.3356035164553739,0.18944118718195727,0.1033185019536239,0.2244809719402207,0.14070363425832552,0.5001436767659005,0.0,0.0,0.14268810034048196,0.130074582075354,0.016744111213074942,8.521688522294415,11.036958431825196,2.5564231988596626,10,0.0009706040114767059,8,0.09456205368041992,0.23505035382465483
S4,5,79,1,SINE,det,sample,0,1,0,5.896713023985737e-19,1.0245504315342926,0.6702457931089647,2.8922854308137452e-05,12651.023614988262,8.726375435134411e-12,1,1e-06,0.4502952165001606,0.0,0.4616570255657323,0.0,0.4498998738415625,0.4502952165001606,0.4616570255657323,0.45035916751955923,0.4615880191158058,0.4506547222132329,0.4618800551295478,0.45393967114191835,0.46528043674478764,0.505869875787059,0.5186241876376593,0.8025631350752532,0.8221231311090219,0.9716579314402626,0.995026434441005,0.9956448529816851,1.0196891850958985,0.9982085788477176,1.0222547090662462,0.9983711244670884,1.019785517790832,2.885176895894724,23.837629149129906,1.0,0.686700616563834,3.2437862599809725e+18,2.5867452083586176e+18,1.8669336420669465,1.4887792431084852,0.585121675567185,0.5079429322942323,0.5934784335444634,0.044051428583124407,0.6511881705566737,0.0,0.0,0.0012370183238743708,0.04404958481204428,0.02187480270598443,0.05654991912388548,78.37293136733669,62.498200692380436,2384,0.0009574939901556639,7,0.20865893363952637,0.23505035382465483
S4,5,80,1,SINE,det,sample,0,1,0,6.723830663400144e-20,5.918238636089213,1.121972729495028,7.3944595581041115e-06,15933.929737017812,1.0896707014092214e-11,5,1e-06,0.43016759427588014,0.0,0.4338233492491295,0.0,0.42967407023435916,0.43016759427588014,0.4338233492491295,0.433498908204014,0.43805047231753313,0.43457795252001324,0.44254546740240586,0.43569374037494146,0.44766379759648234,0.4363822703400131,0.4502753969014959,0.43657375556369515,0.4507905792029126,0.4414047967926709,0.4559968864701275,0.4870767429798346,0.5033696639782301,0.5234483034046242,0.5414053532464278,0.6069364594796678,0.6150280250757816,146.15874426430295,0.7453908385103736,0.8651856771153963,6.640102356335945,1.2195341659275665e+19,6.089496757023348e+18,0.13855374418200941,0.06918400479809937,0.1408551637937595,0.13227314818564162,0.06309615101440354,0.03887931174456144,0.1204392799834595,0.0,0.0,0.005101740329037496,0.038821923408391475,0.010103039920679074,0.5049708176046268,294.6509412951395,147.12797735403493,75,0.0009349772745791899,12,0.18859004974365234,0.23505035382465483
S4,5,81,1,SINE,det,sample,0,1,0,6.727441461885414e-20,0.6582693853531892,0.5607463832389357,2.0320150792586454e-05,19146.474125589964,1.332121116934177e-10,5,1e-06,0.4353915228126819,0.0,0.44617409720500023,0.0,0.4357094513433862,0.4353915228126819,0.44617409720500023,0.43555356371278775,0.4474578190610589,0.4356112262300238,0.44777058506591916,0.4356179907297052,0.44780802192273733,0.4356227922235231,0.44783042180767807,0.43644977830565806,0.44880985166207976,0.46722314198544995,0.4809415898076923,0.5558001795466441,0.5721035904680573,0.5939105810359097,0.6109240089274687,0.7316096306971402,0.7242709838582777,16.24810914069466,0.9212816236195019,0.9035837383318497,0.3691221770337181,8.424668902334084e+17,4.3509186288685805e+17,0.08609919910799084,0.04446591476441706,2.5937946472697844,2.4943670902222213,0.04191496287029192,0.025114899674353104,0.07694140051779079,0.0,0.0,0.0007415063120356818,0.02511368746038242,0.008403341617394578,0.0882394582770256,20.35479358862066,10.512229220897684,92,0.0009345773053982262,6,0.1482219696044922,0.23505035382465483
S4,5,82,1,SINE,det,sample,0,1,0,2.592466638678658e-19,0.47285712401826374,0.5698221768797612,2.050454852438885e-05,2941.001653861615,7.142318848020054e-11,2,1e-06,0.43593490852395084,0.0,0.44905862027036214,0.0,0.4365344687743169,0.43593490852395084,0.44905862027036214,0.4359525291605622,0.44913390193408775,0.43595388907087596,0.4491422794358692,0.4359635562405759,0.4491637671892125,0.43727720454552726,0.4506039219499028,0.48132863152861344,0.4960063505102144,0.5912516996258678,0.6085801170245467,0.6211232132336332,0.6392376651071916,0.6518851778374835,0.6704126155961955,0.8112022575369239,0.8006538211639304,3.0287669507832096,1.7217519780074044,0.9769569378615148,0.2694444757611903,2.156836775128108e+17,1.2504532193261952e+17,0.11824982855453214,0.06855682381992151,3.4732264041512213,3.3188824894564513,0.06319383872399055,0.030073956377222752,0.1048285452326834,0.0,0.0,0.0008432337709333428,0.03007273948546885,0.010480936358249504,0.08045404934356239,5.21112080142588,3.021212758231856,172,0.0009497036281329354,6,0.12727808952331543,0.23505035382465483
S4,5,83,1,SINE,det,sample,0,1,0,6.7420494982066e-20,1.5042143779627524,1.4003963650826519,4.159165247088921e-05,7420.654863772144,2.7419957453655893e-11,4,1e-06,0.43509055753590037,0.0,0.443984818287452,0.0,0.43472432771815317,0.43509055753590037,0.443984818287452,0.4350931827703257,0.44399459252361273,0.43524309648253484,0.4442205300997724,0.4458177974881874,0.4556246688461039,0.61417057717418,0.6289724163841665,0.7941726024245122,0.813009018913087,0.8312605581439704,0.8503494468735986,0.9098470690757792,0.9281259708112217,0.9836182732752062,0.9939400630730918,1.0494260276471754,1.0036922629536176,37.04818157559032,7.508329952693966,0.9999979257246199,2.1064963472041005,2.3991637624475677e+17,1.6160459080788752e+17,0.010753308223680346,0.007243290360246646,0.47130810310896437,0.4696714031866056,0.007185176469404334,0.002445949923737643,0.01063823546075769,0.0,0.0,6.848429581610511e-05,0.002445849347726633,0.003718292685500483,0.018418210078824687,5.796605627597899,3.9045191294778436,751,0.0009335975767217679,15,0.31404805183410645,0.23505035382465483
S4,5,84,1,SINE,det,sample,0,1,0,5e-20,10.0,2.0,4.9999999999999996e-05,200.0,2e-10,5,1e-06,0.8577573869700673,0.0,0.8748209751795079,0.0,0.8580532710422623,0.8577573869700673,0.8748209751795079,0.9813623844246757,1.000512990608842,0.9976571000149214,1.0170922476565036,0.9993371145337415,1.0188016079686748,0.9995056667262301,1.0189721811139973,0.9995228391237645,1.0189803186062538,0.9995277849476487,1.0188920339624332,0.999571341645101,1.0180073921554897,1.0009818830696633,1.0105653586514536,1.0554779972491937,1.0084840518665354,332.10781343476935,1.0416666666666665,0.9229001282564582,20.0,678839266348110.2,514695956374863.56,3.394196331740551e-06,2.573479781874318e-06,0.04999987132634205,0.04999983029075943,2.57347311996212e-06,5.232907458353952e-07,3.3908999430010413e-06,0.0,0.0,1.4137904454722202e-07,5.208405705652655e-07,7.136418700934092e-05,0.0019810923443815986,0.016401396074495277,0.012435539098759706,104,0.001,20,0.6345369815826416,0.23505035382465483
S4,5,85,1,SINE,det,sample,0,1,0,1.417875925466612e-19,3.5128927941735797,1.5790929651254004,4.087828463465739e-05,8711.637838054055,6.310234617345819e-11,3,1e-06,0.43511834975752184,0.0,0.44367835458296845,0.0,0.4351744872127718,0.43511834975752184,0.44367835458296845,0.4351349080226716,0.44374218227015944,0.43742500990298544,0.4465011873315401,0.4985667059374699,0.5106450561018681,0.6108317158711286,0.6261613087768825,0.6386037885456288,0.6543361148482585,0.7243003801166524,0.7400335208887815,0.9347082816366393,0.9523002400434145,0.9927386442967852,1.0024067580487726,1.0537540966659742,1.006971409772351,41.14108730352432,2.7949939405449546,0.9962166600550795,5.547184298519211,1.2540958379281834e+17,7.422732430597246e+16,0.005061789246103555,0.0029959677767507947,0.1797331632737286,0.1793637366062159,0.002984921802891888,0.0014459364506325353,0.005033495555558846,0.0,0.0,4.091389370626483e-05,0.001445879978291751,0.0023575041693370087,0.017354749246433307,3.0300136678729457,1.7934020700387165,279,0.0009869331032033753,16,0.2523367404937744,0.23505035382465483
S4,5,86,1,SINE,det,sample,0,1,0,2e-17,10.0,2.0,9.526534777161239e-06,18134.34678697915,4.7083061755482216e-11,5,1e-06,0.2654520206997875,0.0,0.2688312786457706,0.0,0.26546158708372947,0.2654520206997875,0.2688312786457706,0.274115749078508,0.2795531590567899,0.2867744219215201,0.2942065567880949,0.31268620177933576,0.32339777127011327,0.3346670372145797,0.34343137603483914,0.3672798808354584,0.37243739397682224,0.3871260642021543,0.3934839259159345,0.39987261326397827,0.40863340759306566,0.4320848500740771,0.45302818118797655,0.5439997410691575,0.5831873920923394,0.8302695335869232,0.1606290059111957,0.5124311838179096,20.0,2.2610976486233912e+18,6.973339177953112e+17,4.522195297246783,1.3946678355906226,0.020879722547268425,0.009054370102580155,0.4791893208773854,0.2425933152193424,0.8185327993935723,0.0265,0.0,0.19298981556113642,0.23374956450049525,0.0190768464869925,10.116442237595509,54.63024892134751,16.84824427359419,16,0.001,20,0.2258131504058838,0.23505035382465483
S4,5,87,1,SINE,det,sample,0,1,0,8.116308022815937e-18,1.799251643313859,1.9063532829325482,1.0919657689972284e-05,18625.851541748118,1.3465283229602488e-11,4,1e-06,0.3488674293528154,0.0,0.3528875276711923,0.0,0.34931267394310694,0.3488674293528154,0.3528875276711923,0.35627266655247813,0.36623816138000065,0.3840532046876865,0.4045972348844983,0.4161677944130431,0.44376316062167204,0.4737695088875947,0.508013469558423,0.5499759266922575,0.5903252602320277,0.6182413957131724,0.6605406216999254,0.7024452424870609,0.7451363737330124,0.7967295237715089,0.8314679347259212,0.8774486641020979,0.9128061903950373,0.3681141273840935,0.7741906442009971,0.8724909554575881,3.4300092770531574,4.5674362993148406e+18,2.2916156911051543e+18,20.60341032205644,10.337330460719322,0.025715436449534407,0.013495295262356806,0.8448097914416609,0.13511802664076214,0.9537044786669371,0.73775,0.54525,0.011354444687088147,0.1350263700252406,0.014334895934667986,0.792084207575458,110.3535630652138,55.36759357268798,77,0.0009531766414662741,20,0.27938389778137207,0.23505035382465483
S4,5,88,1,SINE,det,sample,0,1,0,2.3812936447149077e-19,0.8742567531317819,1.2641535475173002,9.3131531211303e-06,13280.329817781545,4.454003649239629e-11,2,1e-06,0.3913737033837965,0.0,0.3943802346951197,0.0,0.39100869107248754,0.3913737033837965,0.3943802346951197,0.4269837020402784,0.4283897187940527,0.43211607896981064,0.4342907206047647,0.43398892476621176,0.442493379199878,0.4431215617486097,0.46359815157135376,0.44796424334059876,0.4721901767942251,0.45030007799235683,0.47505565075709927,0.45891220424130685,0.48411478793002977,0.46489541825428743,0.490674003454231,0.5052448301318712,0.5302730202411793,6.096423666765757,0.25673899698452285,0.6198500671893755,1.1051947759124987,2.2819616913981724e+18,8.765275825153709e+17,0.6215589246229417,0.23874789118689807,0.7304294051681044,0.5579926030275375,0.17807549430823297,0.1106605101454204,0.33245648165814545,0.0,0.0,0.017562521967797444,0.11045205765345438,0.015404777191901628,1.1400698464519274,55.134343846653316,21.177731995960073,26,0.0009724258057825386,13,0.1685497760772705,0.23505035382465483
S4,5,89,1,SINE,det,sample,0,1,0,1.1538705058867064e-18,4.315339146697055,1.2346922080909932,8.737157324892529e-06,1211.8570155689881,7.896534446054736e-12,4,1e-06,0.43115184447370963,0.0,0.43382285251649527,0.0,0.4305419922938719,0.43115184447370963,0.43382285251649527,0.4329100793938271,0.43819101781794734,0.4355835349343011,0.44761539122801686,0.43795411813036333,0.4541689123571508,0.4385244969266038,0.4555691238815191,0.4387233464486766,0.4558455523904327,0.4474529246243322,0.4646582148789533,0.5189806033277224,0.5379040398790631,0.5717227081021524,0.5942926849827999,0.6551209674402554,0.6797165764547942,6.2102196083853185,1.3049498439079221,0.9521387003449897,5.32811561969689,9.057612874208055e+17,5.283298297688105e+17,0.2421898255039303,0.1412691302413575,0.1644516704308723,0.1510909291204673,0.12058573782882222,0.05311668031835178,0.19435933173479875,0.0,0.0,0.003136778362240606,0.05310525054984564,0.01405208148583207,0.22322517595725902,21.884045841737336,12.76494632171928,130,0.0009497632369930717,13,0.40038585662841797,0.23505035382465483
S4,5,90,1,SINE,det,sample,0,1,0,4.0723576471654523e-19,0.10906591019457641,1.6099956301366802,1.3817825477470953e-05,19663.1196652053,9.754356108416722e-11,1,1e-06,0.42352343243745133,0.0,0.41895237314007416,0.0,0.4221393477147679,0.42352343243745133,0.41895237314007416,0.4290158990248363,0.4271982347303775,0.44467996964894313,0.45823916181142493,0.49107839704366424,0.5256705074787008,0.5295825874180764,0.5734832640983093,0.53715222952472,0.5823516125433309,0.5396403141619983,0.5847468121512204,0.5449231679970535,0.5899176879108482,0.5505369076882685,0.5945336315068285,0.5951443169384024,0.6379874091252273,0.44472568587149525,0.2026305167697613,0.5644172150767838,0.17559563881014764,9.00707555409113e+17,3.122178983166543e+17,3.363107037374179,1.1657748452503902,2.629498754566362,1.3052400982773922,0.4572118487891556,0.22667813718719088,0.7033064442189205,0.0,0.0,0.012624486981407905,0.2266386181627238,0.019448403773553995,0.6491271534877698,21.76194291621856,7.5434785017459145,20,0.0009470562530215766,17,0.16311192512512207,0.23505035382465483
S4,5,91,1,SINE,det,sample,0,1,0,6.300040985265998e-19,8.899929378319523,1.690967164804837,1.0811189414295928e-05,5436.012051479601,4.2999901987980525e-11,1,1e-06,0.43505547742321415,0.0,0.4421438216210404,0.0,0.43493731476848563,0.43505547742321415,0.4421438216210404,0.4350794711553097,0.444276537069328,0.43522331354789273,0.44586943171518917,0.43539053912006603,0.44627999999997137,0.438449215507231,0.4494373719409189,0.44325716513986835,0.45432925388026607,0.44556637690330325,0.4565285572371784,0.5110596280316881,0.5220889425172024,0.8329516097372525,0.8421972967814768,1.0213433390430595,0.9770069675300356,23.458070292480542,0.26791255250735035,0.6300217844013698,15.04948834782024,6.131447151925326e+17,2.418249186952048e+17,0.04340300547802302,0.017118190878567117,0.0653291252895039,0.06368339115114713,0.01669241577119059,0.011620769053285265,0.0402869699597162,0.0,0.0,0.00837447039989381,0.011130753603303699,0.0052448791248467935,1.5966946426317181,14.814153840799435,5.842717810859163,27,0.0009946865675322571,17,0.2837948799133301,0.23505035382465483
S4,5,92,1,SINE,det,sample,0,1,0,6.419515326566493e-20,2.990532908651667,1.726660761479693,2.4264386953418848e-05,17412.00609308942,1.9297207529005124e-10,3,1e-05,0.43512153055648334,0.0,0.4436233797749872,0.0,0.43517331778902407,0.4351227439886465,0.44360029590639033,0.43512153055648334,0.4436233797749872,0.4354294287699825,0.4441380570493753,0.4422052929707028,0.4518322242189151,0.45214063620247846,0.46245212505105904,0.4666115382555418,0.4769657765675312,0.687298214857802,0.7008985647469063,0.9459145262084295,0.9634128370308772,0.9948177020561481,1.004381398643298,1.0544837347979705,1.0075646652746173,77.35625625713962,0.2945004134858456,0.6527554921728705,5.163635829282569,1.8448911344898086e+17,7.424199230039315e+16,0.003960266372405087,0.0015936878877620764,0.19335384618918142,0.19289806415512972,0.0015899134824965881,0.0011120476757784852,0.0035546558175868644,0.0,0.0,0.000483598696848427,0.001094506188896409,0.0016232738209152567,0.2979156631601178,4.457430751446177,1.793756462599722,29,0.0009592559785998294,18,0.287506103515625,0.23505035382465483
S4,5,93,1,SINE,det,sample,0,1,0,3.0932411843650016e-19,0.19084327663042644,0.969127673824199,2.9240232875239103e-05,8662.862530439112,3.288345076072108e-11,1,1e-06,0.45796330789086015,0.0,0.4877696763298381,0.0,0.4605400441294132,0.45796330789086015,0.4877696763298381,0.45798259296504107,0.48780605100939683,0.45798564322021346,0.487803774233972,0.4580068204820289,0.4877515702102898,0.4593602778054899,0.4884105528435087,0.5117734356401349,0.5370561367328686,0.6888124353460979,0.7128215025127151,0.7459537671832315,0.7707883270432073,0.766659000269471,0.7942795311081823,0.8200057852318628,0.8476382021553099,1.024500508250359,4.4714875192562555,0.9997503083083378,0.18495150074583327,5.150433214476962e+17,3.22708012169003e+17,0.8347966151929699,0.5230541685253037,3.549987229417478,2.9468240802304044,0.32944086677522866,0.0978202591005117,0.4545158670789208,0.0,0.0,0.0027514739901005774,0.0978161071997435,0.02047909246908592,0.13435526961236427,12.443931766102924,7.7969295330695685,447,0.000969127673824199,10,0.1745309829711914,0.23505035382465483
S4,5,94,1,SINE,det,sample,0,1,0,1.6482391579793597e-19,0.14725564701135319,0.673194400501386,2.3000510720595677e-05,11112.532429639734,6.85679281508847e-11,4,1e-06,0.44532119439207074,0.0,0.4685908489175552,0.0,0.4471421994035042,0.44532119439207074,0.4685908489175552,0.4524033844847085,0.48000611056382364,0.45336593820856896,0.4814910566749079,0.45349313948953446,0.4816701998976832,0.45352185245402943,0.481696597012784,0.4535528119195857,0.4816558258746109,0.455429603221696,0.4828689418084211,0.5162034125338514,0.5407927928903088,0.6745549398702373,0.7011355155853253,0.7479859517778573,0.7803475431718542,1.4835453552995599,1.910126750383268,0.9833261281557522,0.09913167701025162,6.326985923689978e+17,3.624239496238299e+17,0.7081824135821437,0.40566277605196327,7.176396117205858,5.90545412946029,0.27291238506243976,0.10778465303490191,0.4113508975426539,0.0,0.0,0.003027718447216852,0.10778014399918152,0.01911790234016513,0.15837085017721145,15.286593931203363,8.756503990467646,191,0.0009617062864305515,7,0.16150498390197754,0.23505035382465483
S4,5,95,1,SINE,det,sample,0,1,0,2e-17,4.311796021001771,2.0,6.000000000000003e-06,20000.0,7.748683293829915e-11,5,1e-06,0.23154349786352393,0.0,0.236282804357709,0.0,0.23193917308502218,0.23154349786352393,0.236282804357709,0.24482777065650824,0.2502533772781026,0.26156358756226034,0.2666034418914974,0.2747592629479457,0.28146787872431916,0.2950755775124181,0.3050205099020805,0.3301975807938212,0.338483890664166,0.36576291732452093,0.37093695333503457,0.3832195867614063,0.39120082947525614,0.41489734267679496,0.43711716554641,0.4714737437787116,0.5026208139094539,0.35799528712790923,0.03871625521704866,0.26675040653087656,8.623592042003542,7.144639542666202e+18,7.437229511402529e+17,33.139970016514226,3.449713054688806,0.026060322812262206,0.0033966332885188495,0.5799894069554496,0.2698402658926691,0.9699484966291332,0.23425,0.0939,0.40050320725012534,0.23744300628073042,0.017957485529893503,22.302855629949686,172.62122089543058,17.96904701309452,4,0.001,20,0.24257707595825195,0.23154349786352393
S4,5,96,1,SINE,det,sample,0,1,0,3.895727722559175e-18,0.7738790770343142,1.4760663242419214,3.1859531723170364e-05,13580.504751009827,1.1330280230575327e-10,2,1e-06,0.40004350494804086,0.0,0.4011045321483585,0.0,0.39948415115351893,0.40004350494804086,0.4011045321483585,0.41959900955542306,0.418506717192157,0.427643202891624,0.4344366075624516,0.4504902014383869,0.4755255659874306,0.4651629109961366,0.49652448001123023,0.46743013418454293,0.49940039540640474,0.4741406473406198,0.5051092475578821,0.5212256925402864,0.551661246109847,0.552335402355308,0.5840041897101053,0.60543555333968,0.6404791848451685,0.3298630017807662,1.0115352053272078,0.9184936458474721,1.1422968446457709,1.676598404825327e+17,8.81005389981088e+16,0.8440040671867013,0.443500441260954,0.6064627094729734,0.47474363224596705,0.2822225166012285,0.13639410091092102,0.4531583326302267,0.0,0.0,0.005390529768147641,0.13638193653716174,0.018791679122322515,0.28685726980854337,4.050819665064254,2.128592004198406,101,0.000984044216161281,15,0.16122984886169434,0.23154349786352393
S4,5,97,1,SINE,det,sample,0,1,0,1.043427791693677e-19,6.643573600766342,1.435945089906449,7.378886165036232e-06,14200.84055232837,1.3514556564893894e-10,3,0.0001,0.4351091445574873,0.0,0.4440162562614618,0.0,0.43520649043135584,0.4351917970618226,0.44257077175467896,0.43513835597718514,0.44326284090893087,0.4351091445574873,0.4440162562614618,0.43512530059005294,0.44424731112151583,0.435813802193935,0.44521675343866673,0.43717029004554536,0.4467842056050621,0.4433693186787756,0.4529365611719355,0.6053391156183996,0.6169534414864628,0.9135148177119524,0.9227725493321999,1.0399777670058323,0.9941272810257438,105.72761812113987,0.04676174801670165,0.29200239434784103,9.539806891452537,2.779661151563394e+18,3.445084839360761e+17,0.043656861070944325,0.005410788654041423,0.10425979705247539,0.10043907024371489,0.005351317490391343,0.005473785342131143,0.023432343828319976,0.0,0.0,0.010091770777696865,0.0037154213011713517,0.0028229625856705637,3.5748864788088137,67.15923158796777,8.323649464852744,5,0.0009572967266042994,15,0.10967683792114258,0.23154349786352393
S4,5,98,1,SINE,det,sample,0,1,0,5.844022317550854e-19,0.6023600854846101,1.589129927148563,1.6748333011153e-05,3116.9975576496818,8.678509823864699e-12,3,1e-06,0.44410693216138275,0.0,0.4645052637913333,0.0,0.4455644663254273,0.44410693216138275,0.4645052637913333,0.45480550796767427,0.4816668597488302,0.4571634206083772,0.4859174079620504,0.4583030596364055,0.48781560516959466,0.4585105010053954,0.488111001112176,0.4586889132228321,0.4880535160430239,0.46848324758891374,0.49598132319880545,0.5802949150461096,0.6053214221863804,0.683827209664892,0.7125403857512168,0.7620469164844619,0.7968642529929348,1.7115650832636795,3.389903681608447,0.9985723335149164,0.9572284387633606,7.723144757000146e+17,4.779581900028129e+17,0.749289858495079,0.46370906647731636,0.7137229210722501,0.5972038913121415,0.30348692043101566,0.0972425351685767,0.42815950928964297,0.0,0.0,0.0027370467282288127,0.09723842040810965,0.01998519678896083,0.13695370414069016,18.65984517684988,11.547920059864442,339,0.0009932062044678519,16,0.26297879219055176,0.23154349786352393
S4,5,99,1,SINE,det,sample,0,1,0,9.58749800461915e-19,1.289517098876415,0.8866019601743608,2.1685261227582985e-05,15318.032490291223,1.6509304275465784e-10,2,1e-06,0.43336046780488136,0.0,0.4374969108404982,0.0,0.43290712838145856,0.43336046780488136,0.4374969108404982,0.4343217876308971,0.44105281173027605,0.4367080939156308,0.4507580805732113,0.43890420032120553,0.4562744281503065,0.4392649883865889,0.457093462454614,0.4400919601942072,0.45804583866749726,0.45675007196711914,0.4754341106409297,0.48113337296862013,0.5007428684513093,0.4908916757995555,0.5110305506872656,0.5698878747063018,0.5808268727874117,2.233422650457206,0.5354520762628894,0.7949952386594384,1.1432883875421846,3.5462539331933946e+17,1.6680563584414704e+17,0.2636622851917914,0.12401919309239476,0.7781628269365499,0.692170655939902,0.10550114650773447,0.0659334212865931,0.19698058909422492,0.0,0.0,0.0043203548138588945,0.06591098620111749,0.01260324859771643,0.3427969209971543,8.568083524681555,4.030181276424476,54,0.000985113289082623,9,0.13553571701049805,0.23154349786352393
S4,5,100,1,SINE,det,sample,0,1,0,2e-17,10.0,0.5,6.000000000000003e-06,15701.896601976348,2e-10,5,1e-06,0.24402954207134425,0.0,0.24915110146210806,0.0,0.24435633324475134,0.24402954207134425,0.24915110146210806,0.25993915699474013,0.2655501146139361,0.27009667083506267,0.27361687604569035,0.2819223383869891,0.28620036812710503,0.29987263724851315,0.31016563731752633,0.32148985844670874,0.3311571721167793,0.3628854188347484,0.3676762511479097,0.3869355747614494,0.3919437825857485,0.4028512101086563,0.41428334314895937,0.49854424296121586,0.5298263683782632,0.8302695335869232,0.06000000000000005,0.3286267594591275,5.0,5.89805641158434e+18,9.03811789507091e+17,11.79611282316868,1.8076235790141821,0.07123462044375065,0.015629746530358764,0.5017845126231276,0.2543698250496242,0.9115425686893284,0.1177,0.0107,0.3233609137680322,0.23040696205575872,0.018791005652960956,17.208281437405628,142.5025982903359,21.836944135907554,6,0.001,5,0.0739889144897461,0.23154349786352393
