set,search_seed,eval_index,is_finite,task,mode,node,N_R,R,seed,k_on,k_off,T,distance,N_max,D,L,lam_best,objective,opt_sd,held,held_sd,train,opt_lam_1e-06,held_lam_1e-06,opt_lam_1e-05,held_lam_1e-05,opt_lam_1e-04,held_lam_1e-04,opt_lam_1e-03,held_lam_1e-03,opt_lam_1e-02,held_lam_1e-02,opt_lam_1e-01,held_lam_1e-01,opt_lam_1e+00,held_lam_1e+00,opt_lam_1e+01,held_lam_1e+01,opt_lam_1e+02,held_lam_1e+02,opt_lam_1e+03,held_lam_1e+03,KD_nM,tau_D_over_T,phi_ISI,koff_T,c_peak,c_mean,c_peak_over_KD,c_mean_over_KD,tauR_mean_over_T,tauR_peak_over_T,occ_mean,occ_std,occ_max,occ_frac_above_0p8,occ_frac_above_0p9,contrast_within,contrast_between,binomial_sd_mean,snr_within,shell_molecules_peak,shell_molecules_mean,history_symbols,dt,n_sub,seconds,running_min
S4,3,1,1,MGCUBED,hyb,sample,500000,10,1003,9.970475463914631e-20,0.4383565371862111,0.8644965569283606,2.6327922722483284e-05,16698.95281110977,1.2089512799757486e-11,2,0.0001,0.7442476650810572,0.005563156675062319,0.7747986894980752,0.01197465100969438,0.6839948002328704,0.7704654486633129,0.7918701480848004,0.7492258467649331,0.7795823910825539,0.7442476650810572,0.7747986894980752,0.7457846704088953,0.7737355047118168,0.7484864331338407,0.7723094298967368,0.7613594158915846,0.7721217936466603,0.8336580952461825,0.8307453633355948,0.9879370322470674,0.9867672578572761,1.0256664162372424,1.0259669118372639,1.0381640585729521,1.0407815625284196,7.300636343604777,11.053755939632302,0.9999999915176592,0.37895771710451837,2.711661023075166e+18,2.378960943215279e+18,0.6167707654269482,0.5410977070444214,1.7122968993529417,1.6321527342036308,0.350759752869725,0.014586778984772893,0.37990124496661504,0.0,0.0,0.0015421711027268376,0.014577659059962646,0.000674527519551091,2.286298272534792,65.51628443428902,57.477937134267066,1105,0.0009605517299204006,18,0.579888105392456,0.7442476650810572
S4,3,2,1,MGCUBED,hyb,sample,500000,10,1003,1.7176778753107055e-17,1.3280441690336915,1.5465506590957796,9.671877576296174e-06,3398.3711427867215,7.051251294652609e-11,5,0.001,0.48455437280912,0.008529117868243775,0.5232420219783913,0.012092662893574796,0.4733047837424354,0.665280918576126,0.6800402649253414,0.5570845350224876,0.5737809326240224,0.49444980068937394,0.5245597782438072,0.48455437280912,0.5232420219783913,0.5067301668627995,0.551095571560575,0.5653652607694626,0.607696773808639,0.7234920629678769,0.7543291581367437,0.8438704304861119,0.8678423336567818,0.9181884369261107,0.9163356222106833,1.0050816627005807,0.9929681766551944,0.1283866583665443,0.14296837738095453,0.4874733272259148,2.0538875849273626,3.8066639718646925e+17,1.2866596774850762e+17,4.9234977538224305,1.6641516243233139,0.1827529483439213,0.0821949436658684,0.5889281099962616,0.13098518336265805,0.7989124246530535,0.0,0.0,0.15171398968248553,0.12115008384842883,0.000669770638196236,226.51633414547337,9.197258706164407,3.10869097143438,14,0.0009977746187714708,31,0.7339060306549072,0.48455437280912
S4,3,3,1,MGCUBED,hyb,sample,500000,10,1003,3.786019130583808e-18,1.5958039211254516,1.3077638352433822,1.2501844845978533e-05,14902.658237374986,1.6161067149635804e-11,2,0.0001,0.7748893866225736,0.018108867996985224,0.8020565955160649,0.02436477200330812,0.7251792794221992,0.8507727223500317,0.879378702973623,0.815880510700891,0.8428842551198056,0.7748893866225736,0.8020565955160649,0.7768063976055614,0.8110892274371398,0.8139598196032966,0.8562926030987994,0.8279798652856467,0.8653685831801781,0.8894116712992896,0.9007739724570165,0.9868730008494936,0.9837135055746323,1.0083060913722333,1.0032588764040657,1.0112014029359204,1.0065745274672453,0.6999158385576906,1.2325302902829025,0.9455089077042808,2.0869346561874482,3.3267080643204285e+18,2.2163164205216673e+18,7.892561364620457,5.258175052987863,0.07656731922772671,0.053884552202420326,0.8316515402210408,0.04141789329070434,0.886733022890205,0.789,0.0,0.00722937416737763,0.041331525296134354,0.0005237460362001445,13.80320549980257,80.37640026432561,53.548292270917024,123,0.000968713952032135,27,0.62699294090271,0.48455437280912
S4,3,4,1,MGCUBED,hyb,sample,500000,10,1003,5.958068195001452e-19,5.32547975061994,1.8038227990722742,4.858513454043236e-05,13976.041056074566,4.9360919370169016e-11,3,0.0001,0.6466765499364505,0.0035580028040090935,0.706100676126186,0.0054281876423892435,0.6359015843031552,0.7074739917380711,0.7672513376365003,0.6611278075282844,0.7200077198936181,0.6466765499364505,0.706100676126186,0.6500745696582386,0.7113654638231617,0.7057042230950126,0.7654798045636018,0.7677960021409141,0.8077679472997902,0.9174782823157145,0.9242216009603135,0.9911916364661211,0.9908140741464531,1.0177503457001895,1.0191667969583773,1.2491953661513633,1.2588700684721765,14.842339644193164,4.418536604546917,0.9997282346371441,9.606221790165977,1.6134580634797222e+17,1.2687683698095466e+17,0.018051130831674093,0.014194793380082062,0.10264221461966465,0.10225340996696632,0.01399240402843855,0.0018858148769387943,0.017623472846680723,0.0,0.0,0.0002112327477919429,0.0018845181090560974,0.00016571678251261975,1.274661169431388,3.898266653176895,3.065463886905869,442,0.0009750393508498779,37,1.0265998840332031,0.48455437280912
S4,3,5,1,MGCUBED,hyb,sample,500000,10,1003,2.542668473917527e-18,0.22335548191166696,1.9112563578212325,1.842877671488068e-05,18534.809290362424,1.4051562760610205e-10,4,0.0001,0.5376690951485196,0.008799922508322693,0.582477408424851,0.02951024072745882,0.5086431127173504,0.6170248469745148,0.6543765910854236,0.556495186714284,0.6038626791780415,0.5376690951485196,0.582477408424851,0.55769410568899,0.5999333196047153,0.6631994135136525,0.7020501875902083,0.8018729738342012,0.836623008790674,0.8525681856795286,0.8867509803621143,0.8711687349184121,0.8900141949752116,0.9606496587133287,0.9528767831295821,1.02658475705896,1.0144222475928477,0.1458666386854311,0.21076485557719274,0.5734851010866844,0.42688958485789874,3.572254150103491e+17,1.4710106282815293e+17,4.066637599645475,1.6745916945115662,0.8758443832931423,0.4623433326678734,0.5989294621930028,0.11723679342389894,0.7497076062398321,0.0,0.0,0.033382498353769406,0.1166961334569988,0.0006724839738066762,49.64058572995245,8.63090249769992,3.5541002325969333,21,0.00098013146554935,39,0.9969689846038818,0.48455437280912
S4,3,6,1,MGCUBED,hyb,sample,500000,10,1003,3.981793016594587e-19,0.29891923756822786,0.9893119293477008,6.6061775724023465e-06,11206.569557409439,4.4100263888415615e-11,4,0.0001,0.5519330539034631,0.012120680109208219,0.5714883056877984,0.03412259719158513,0.5221062750993068,0.6228171882919721,0.6367637139583037,0.5627084933251691,0.5822929312803643,0.5519330539034631,0.5714883056877984,0.5924439632962105,0.6177052496793121,0.7082867891881734,0.7389308556602537,0.8291951743241409,0.8610294957465123,0.868082051547516,0.9002414743721759,0.8838569796275804,0.9016801948671584,0.9618704481428905,0.9545295311937119,1.0218623862215626,1.01006412897438,1.246591849056932,0.1667150480566073,0.5205636459554986,0.2957243676377672,4.2024337966972155e+18,1.53410531801363e+18,5.59790720748467,2.0435251647505748,1.1110561079877648,0.5125151230187942,0.6415776017865239,0.11857062749166628,0.7865064418374557,0.0,0.0,0.0324711921400699,0.11808897703003594,0.0006561914648627703,49.48432565617205,101.53475880567389,37.06542945886136,17,0.0009893119293477009,20,0.4823141098022461,0.48455437280912
S4,3,7,1,MGCUBED,hyb,sample,500000,10,1003,2.0626410185144096e-19,3.6642704619053803,1.6038463446305666,8.079121056672636e-06,4382.954175977182,7.526474442733285e-12,4,0.001,0.6745117191045931,0.0033229734368530033,0.7230082994635281,0.00852655098394104,0.6695283602875403,0.8206274207375925,0.8169255133641486,0.7211381437937645,0.7484540637011554,0.6790053520209125,0.7206099944962976,0.6745117191045931,0.7230082994635281,0.6887810634730929,0.7421805421469305,0.6948628051909977,0.7461201493443673,0.7528847774210838,0.7871299775147511,0.922473682534618,0.9326733645292249,1.0295787266737273,1.024689377470245,1.15055015746645,1.153886783185245,29.499385496888067,0.9012030044128546,0.8998786262758681,5.876926786064702,2.77590790150075e+18,1.7877983130045916e+18,0.15625761146125666,0.10063629777253477,0.15459871804600117,0.14716180804681542,0.09088283953160949,0.02251291345683069,0.1331594301762966,0.0,0.0,0.0055395670225368236,0.022419862430600273,0.00040239949187659865,13.766337021706796,67.06854953126351,43.1948911715814,90,0.0009720280876548889,33,0.8249900341033936,0.48455437280912
S4,3,8,1,MGCUBED,hyb,sample,500000,10,1003,8.89498305063236e-20,9.619980932483406,1.1199643932058208,2.6688635264569453e-05,6302.713284523657,1.2120232810718118e-10,1,1e-06,0.8999115115565488,0.010056914478912212,0.911723720488754,0.029803794289594808,0.8839505949204115,0.8999115115565488,0.911723720488754,0.9299483409515442,0.9407495019399643,0.9777787142455313,0.9864490931719591,0.9909175871387781,0.994311875141863,0.9975047787834432,0.9969012667676023,0.9988388811941089,0.9975551135292031,0.9989924584163061,0.9976654239255517,0.9992880704477667,0.9982491418847477,1.0169518067221786,1.0184861369482037,1.2523842098980764,1.2621499301412629,179.58835978580692,0.8745533448692926,0.8947186508154288,10.774036107700343,1.0793490380935221e+17,6.883171049494461e+16,0.0009980052421039226,0.0006364429435937678,0.09275669320841934,0.09272318932227472,0.0006360134021113828,0.00017507842947216156,0.0009846503223912724,0.0,0.0,5.11159608675905e-05,0.00017400058501370656,3.5281169861236076e-05,1.4488170621505476,2.6078089400502202,1.6630389582291176,87,0.0009738820810485398,23,1.4457578659057617,0.48455437280912
S4,3,9,1,MGCUBED,hyb,sample,500000,10,1003,1.700056433577243e-18,0.8501631635158989,0.7287994152934097,3.49441712955052e-05,2048.825939412549,3.108844011139167e-11,2,0.001,0.6721889014148384,0.003204969130778886,0.7147422663334452,0.003578817438279146,0.6762702751691884,0.7067820874124933,0.7523186376977622,0.6817063571009616,0.7272527734235719,0.6738455154550114,0.7171751875279527,0.6721889014148384,0.7147422663334452,0.6727391335194552,0.7137092307185182,0.6775383912664686,0.7110298633131027,0.7504038672744237,0.7586856597077792,0.9640285788624323,0.9628395783471042,1.0300567899740676,1.0305943477851494,1.098909167560433,1.1046223369970123,0.8304013435128796,8.982377307277426,0.9999997909028044,0.6195984164743826,1.2094798130815462e+17,1.0473885981589936e+17,0.24185756637674308,0.2094444691524614,1.3344544923550972,1.2996245695256352,0.17303000290038756,0.01041613187098235,0.19377351508572568,0.0,0.0,0.0011203675803950967,0.010409454766254274,0.0005346040620057537,2.095695973935639,2.922217149454701,2.5305895068107014,898,0.0009717325537245464,15,0.3955657482147217,0.48455437280912
S4,3,10,1,MGCUBED,hyb,sample,500000,10,1003,6.1103013489279195e-18,0.1397857996322414,0.5990153799478676,1.6303014157222608e-05,8797.62566403728,5.756883223821953e-12,3,1e-05,0.847722112554259,0.008740739562374181,0.8190484323132923,0.008682839234666201,0.7133113904216413,0.9144154679566411,0.8632952766924691,0.847722112554259,0.8190484323132923,0.9091986288695976,0.9080738517589276,0.9856682738427673,0.9847955806648347,0.9977495999185759,0.9964489259352561,0.9990234322996218,0.9976725806661803,0.9991515269410998,0.997795777900928,0.9991645791996797,0.9978103257002914,0.9991692510313606,0.9978349914714448,0.9993015127677427,0.9981660534203899,0.03798827063843568,12.84574118767754,0.9999999994628072,0.08373384387802356,6.87714933314147e+18,6.155620774432385e+18,300.6131878747781,269.07381164937453,0.044219771880276024,0.03959575649235282,0.9962859037756514,0.00020568089693432629,0.9966844910611588,1.0,1.0,2.161451244729129e-05,0.00020555283048092192,8.599352018490982e-05,0.25135047851063796,166.1584054839616,148.72559589692912,1285,0.0009983589665797793,12,0.2920570373535156,0.48455437280912
S4,3,11,1,MGCUBED,hyb,sample,500000,10,1003,1.1337489809766164e-19,0.26993000932103195,0.8782962310539988,6.000000000000003e-06,17954.134969136903,2e-10,5,0.0001,0.6426145358953455,0.0038216443062544145,0.6996172553037083,0.009548804553917762,0.6299949696493672,0.6965974551205878,0.7398139930374253,0.6518744459833259,0.7040689955605092,0.6426145358953455,0.6996172553037083,0.6489250420442858,0.7076905845716877,0.6861094720714543,0.7426923426180061,0.717763250764009,0.7726213018872116,0.7240587013317616,0.7752109885841642,0.7575751639558648,0.7865584208179923,0.9689980921875636,0.9609331717102657,1.0973504327235146,1.0865016983148523,3.953514696825283,0.03415704057388308,0.25111589490045505,0.23707850983503312,6.331390489961141e+18,6.622205431074002e+17,2.6592847287391934,0.2781431630437459,3.300109193069759,1.1526875646742147,0.21164008499142142,0.07056704836718815,0.3302362822211065,0.0,0.0,0.024093798844782868,0.07020277746321381,0.0005624829395404825,42.83471933293865,152.97235778181124,15.999872067804226,3,0.0009758847011711098,18,1.4561047554016113,0.48455437280912
S4,3,12,1,MGCUBED,hyb,sample,500000,10,1003,5.1041461764196344e-18,0.1,0.5,2.677144458166647e-05,200.0,7.523196410571278e-11,5,0.0001,0.6576823911516692,0.010565961825315898,0.7083340755272486,0.017769288588148986,0.651665876158392,0.695812338758106,0.7500524438033304,0.6658373667511814,0.7153717364744211,0.6576823911516692,0.7083340755272486,0.6581017321394322,0.7094221391198723,0.6611025320138677,0.7078640097453154,0.7044137785082001,0.7250011569157239,0.9145046302712435,0.9142359011186141,1.0026014546942117,1.002460135296713,1.0138485105159867,1.0139648720427474,1.0171836469975335,1.0181742781161718,0.03253314089720393,3.175557329072467,0.9979749299085349,0.05,1.198695342715375e+16,1.0696669126619568e+16,0.6118316250212704,0.5459736282306121,12.93683128533717,12.40824394405096,0.3529752237361229,0.007553548978837304,0.36827432930568726,0.0,0.0,0.0007786736473759986,0.007548989751262649,0.0006757533000077224,1.1523046167397186,0.28961608532594646,0.25844160130469945,318,0.001,10,1.5779650211334229,0.48455437280912
S4,3,13,1,MGCUBED,hyb,sample,500000,10,1003,1.3926786326619855e-19,2.7709570902264398,2.0,1.512709423344084e-05,19220.127356225872,4.6905107525830103e-11,5,0.0001,0.6596373590761467,0.012312015467598282,0.71390314994593,0.01597322605420639,0.6361741174494825,0.778280185138113,0.8186367326945163,0.6882551351098309,0.7412969997016953,0.6596373590761467,0.71390314994593,0.6735400551452052,0.7248485796637381,0.6965020878272039,0.7457330745461869,0.7168178218581771,0.7565001060098007,0.8632737815982476,0.8807586994795822,0.9741989621207428,0.9776981234243914,1.0184391751097952,1.0179210048968863,1.2333800001838202,1.2422010254504117,33.03908305815257,0.4065459534824035,0.730568266246883,5.5419141804528795,9.953339351660791e+17,5.3231691109783046e+17,0.05002532550065187,0.02675416340821056,0.1757412581467163,0.17184639656067616,0.025980167056041517,0.008703158443337427,0.04474919091899312,0.0,0.0,0.005400102290194754,0.008474610347888172,0.0002211397637392997,24.41940878873734,24.048205379848252,12.861277962065124,41,0.001,40,2.0820810794830322,0.48455437280912
S4,3,14,1,MGCUBED,hyb,sample,500000,10,1003,2e-17,2.394057500147097,1.4348863038134225,8.633183461845107e-06,1275.1095304555677,8.990468368433287e-11,4,0.001,0.5407115666196907,0.006353727493072957,0.573104889040885,0.014007557841508856,0.5306139681489628,0.6895417749737571,0.6738501509289725,0.6013205626456238,0.6066416598644611,0.550878872677691,0.5753723981311111,0.5407115666196907,0.573104889040885,0.5663573484892296,0.5988468109275928,0.6948322761770662,0.7306968420276201,0.7592985759229582,0.7943485270436959,0.8039152257419643,0.8184214491980549,0.9578182425776524,0.9461862857783998,1.0275227542953163,1.0149005798185637,0.19877130040274057,0.09629214967762977,0.4090585706993863,3.4352003175028707,1.7704296204624778e+17,4.7590677469186e+16,1.4790201324351633,0.3975733871576761,0.20829234559604656,0.1174269765480808,0.27151633004472825,0.09640473079170922,0.48942491136454974,0.0,0.0,0.16381798935917952,0.07866807492703404,0.0006085769870406707,269.1820309469436,4.277524720017145,1.149835593372126,10,0.0009895767612506361,29,0.6414427757263184,0.48455437280912
S4,3,15,1,MGCUBED,hyb,sample,500000,10,1003,1.4880984077621617e-18,0.14059655525569656,1.4602154052927556,3.239536776475536e-05,1391.2216138187325,7.443991947241713e-11,5,0.001,0.6389996520439506,0.0011493001139447796,0.7039755818640187,0.0038370512916511613,0.64184119265672,0.6828661509020588,0.7317840891006491,0.6490892063695649,0.7085382810700658,0.6401112829878607,0.7044948521548269,0.6389996520439506,0.7039755818640187,0.6394823693644616,0.7043767292678733,0.6401180590869686,0.703917548046222,0.6548734390985308,0.7093067959248522,0.8182217380646561,0.8333646847624294,1.0439094703501588,1.0417219466364842,1.11995553876744,1.121479319669279,0.15688886668674182,1.6091323211762194,0.9719891086685489,0.20530125591546225,2.278229229020023e+16,1.6285873774649114e+16,0.24113174622637504,0.1723725221360924,4.154729588525043,3.924555810696451,0.14638880602674958,0.022666265137059084,0.18712462949901112,0.0,0.0,0.0025305311113092027,0.02265102988210245,0.0004978035829032946,5.083392723994906,0.5504416403998641,0.3934820500797024,161,0.000973476936861837,30,3.293086051940918,0.48455437280912
S4,3,16,1,MGCUBED,hyb,sample,500000,10,1003,2e-17,0.6000761773160825,1.6270697692957437,7.330761552101005e-06,6872.0312493200345,5.65078664193808e-11,5,0.0001,0.5162513002350684,0.016616850726323087,0.5590214640904223,0.02223447270963959,0.46787111212026905,0.6465210297582769,0.6688393665905761,0.5551576079430929,0.5898209884914509,0.5162513002350684,0.5590214640904223,0.5368870195698667,0.5805627670324853,0.6153903506053722,0.656164796301731,0.739599807996566,0.7741650965889818,0.8560412450347676,0.8753728546874309,0.9419094079689962,0.9522445372568257,0.9765120659911922,0.9739565784334356,0.9962042921273921,0.9905440767253733,0.049822496785684775,0.09741634937507766,0.4112171208934905,0.9763658073855501,1.5621034577378542e+18,4.041703786918811e+17,52.06350516111344,13.47063569494076,0.07077825123206226,0.019301519671465935,0.8989021385951935,0.0751877986627276,0.9796846469330934,0.91744,0.65536,0.09569642413945041,0.06867415279459683,0.0003984954983241235,240.14430411862267,37.74189088608024,9.765137037763727,10,0.0009861028904822689,33,0.7347331047058105,0.48455437280912
S4,3,17,1,MGCUBED,hyb,sample,500000,10,1003,1.502624774673901e-18,5.715237166103723,1.1480657710250513,1.2270263662933633e-05,12681.936768373509,1.648696343534496e-10,5,0.001,0.5962691857850319,0.006129415169288796,0.6424751788745411,0.013851217982936695,0.5862122320815829,0.7444427888725528,0.7561810082090832,0.6362536696332091,0.663244967946114,0.597205554097113,0.6361538324126782,0.5962691857850319,0.6424751788745411,0.6651350217975237,0.7117555948826935,0.7119506632454236,0.7553068497451153,0.7485316066456444,0.7766646615864332,0.9143492005961512,0.91691807006756,1.0096203104912898,1.0029772389372227,1.1782716830647388,1.1832734121394644,6.315864580722605,0.1325711720428971,0.4717275390115928,6.5614681636939,6.760714028121467e+17,2.1460965498023616e+17,0.17774969083332584,0.056424217418323756,0.14426488225854842,0.12940348575519334,0.05273182272101769,0.025286113481501185,0.12011853209828022,0.0,0.0,0.03997213235460484,0.020814389928345143,0.0003044024678657463,131.3134306527178,16.33452188441239,5.185171405415755,13,0.000998318061760914,23,0.6047091484069824,0.48455437280912
S4,3,18,1,MGCUBED,hyb,sample,500000,10,1003,2e-17,7.391898809495404,2.0,6.000000000000003e-06,6854.655603207927,1.520989452467454e-10,5,0.001,0.5388726810095663,0.00576377514055584,0.5688716537911386,0.010949775038328129,0.5166823239733472,0.7081778811149105,0.7571302636627887,0.6151359592142568,0.6605800997424163,0.5421154731004949,0.5793329859177614,0.5388726810095663,0.5688716537911386,0.5891359060151116,0.610267194678888,0.6186729635635106,0.6369746314905846,0.7058330514981995,0.7287620144403656,0.8166709046244419,0.8336034479094048,0.92960139688568,0.9216844212839204,1.0095586542316595,0.9977955835024384,0.6137268376881483,0.019724002655857973,0.19219056612463395,14.783797618990809,2.3631354534226514e+18,1.4871072881062992e+17,6.393852281600611,0.40236137599611277,0.048234085562807116,0.009148359478062152,0.2140437883164136,0.18515198463633187,0.8118119025195707,0.00064,0.0,0.5796314146353414,0.067471519227367,0.0004961362977563165,1168.2906839443435,57.095578394829225,3.5929912788799108,2,0.001,40,0.9024479389190674,0.48455437280912
S4,3,19,1,MGCUBED,hyb,sample,500000,10,1003,2e-17,0.26913571804079894,2.0,6.000000000000003e-06,6725.430909651656,9.308392585484135e-12,5,1e-05,0.6954625215892969,0.016716899461120722,0.74026284718502,0.022782210793177472,0.5792895472392781,0.8201697938396926,0.8809793665348223,0.6954625215892969,0.74026284718502,0.731890834849378,0.7650816947272157,0.8440317906011353,0.8688579043910023,0.9207041110755843,0.9430806128650613,0.9503425013422471,0.9583479995741918,0.9866553003340746,0.9858080053280137,0.9977751009496233,0.9961586689153965,0.9991043983063126,0.9974425401487119,0.9992952849705606,0.9977533300775034,0.022345518708931582,0.32228980164398285,0.6745378167947682,0.5382714360815979,4.777986194397553e+18,2.3808864820554496e+18,355.0614707835432,176.92831701324204,0.010441276459630793,0.005217634875921414,0.9931189124850034,0.0038806869199292304,0.9971659016354655,1.0,1.0,0.003035098592695709,0.0037381611638353414,0.00011336584680253361,26.772601081367988,115.44064684761263,57.52445996631294,32,0.001,40,0.8872311115264893,0.48455437280912
S4,3,20,1,MGCUBED,hyb,sample,500000,10,1003,8.387168846051694e-20,0.24770213435739497,2.0,6.000000000000003e-06,5470.030263164644,1.4095059963670424e-10,4,0.0001,0.7046232571614106,0.0030271571898715212,0.7476983770732887,0.004933640410736298,0.70040621842925,0.7291335291413479,0.7667516779627502,0.7055882537024917,0.748956622559354,0.7046232571614106,0.7476983770732887,0.7151637229288401,0.75783456725594,0.7217231342740795,0.7642541027189929,0.7288419764646379,0.7655420318986713,0.8318128016573854,0.8453260830757154,0.9703390470313747,0.9697289342642481,1.0142599510111923,1.0102914587898526,1.2114963141521062,1.2189074069138124,4.904146782694498,0.021284052765525006,0.19949210501620568,0.49540426871478993,1.8883294363032448e+18,1.2763098371394e+17,0.6393864090163061,0.043215720089516095,1.9349338968814096,1.2312859539758914,0.041154132841969365,0.01672188188814542,0.07460628812779001,0.0,0.0,0.01056800007607168,0.01637591729741199,0.00027291618103619596,38.722511930027636,45.62381780086333,3.0836847823065137,2,0.001,40,2.7695369720458984,0.48455437280912
S4,3,21,1,MGCUBED,hyb,sample,500000,10,1003,1.6861302437118937e-17,0.10561619425930081,1.331004272123403,4.898539745380452e-05,18615.544860325797,8.956771455965288e-11,5,0.001,0.70138061023833,0.002806392801208014,0.7615808388614241,0.005319212202165568,0.6976413993372355,0.8047187295817839,0.8701032653103484,0.7308341631851937,0.7908500905790269,0.707408763398574,0.7665137692942642,0.70138061023833,0.7615808388614241,0.7234553833354722,0.7645996253289232,0.8433908083761713,0.8448819358728379,0.9620140619042538,0.9578061619480854,0.9990772962328988,0.9968566920678485,1.0039564875478253,1.0020750684151303,1.0045237537238305,1.0028169774739657,0.010401320855719022,3.3546798471518224,0.9984880863726344,0.14057560576454461,1.6471726977171526e+17,1.2503750847573392e+17,26.29660841043626,19.961855861015465,0.339359730299604,0.26060416168235934,0.9510746492771047,0.008017096897932865,0.9631129980261793,1.0,1.0,0.0009083641158454004,0.008010949476765887,0.00030396785826187865,2.988355811826702,3.979724385079998,3.0210239777539956,335,0.00098592909046178,27,0.6104109287261963,0.48455437280912
S4,3,22,1,MGCUBED,hyb,sample,500000,10,1003,8.53255779183721e-18,0.236227504375152,2.0,9.704911815397618e-06,15034.72615755483,8.900736390373368e-11,5,0.0001,0.5503422263531278,0.01390354412587282,0.5871650561340194,0.017109676967887257,0.5239767488502947,0.67536605584811,0.6922438089830533,0.5776592884815327,0.6062532412220689,0.5503422263531278,0.5871650561340194,0.5825253188976973,0.6238952182435388,0.6555870768178869,0.6945100756280221,0.7471258537168183,0.7743389166638261,0.8793252178361683,0.8933392051633147,0.9545492999003115,0.961246239207121,0.9794568877573125,0.9762406795091201,0.9962360997595873,0.9903393913482622,0.04597273283413169,0.08818119948527597,0.3929843153824355,0.472455008750304,1.4358525420604408e+18,3.4278794939331046e+17,51.8631174134174,12.381530238319899,0.15817351385150316,0.04003932726767221,0.8938363282475795,0.08067112369562925,0.9754497601464535,0.91236,0.6346,0.07822663254127295,0.0768044538389271,0.00040711224153064016,192.15003765831355,34.69154984742396,8.282079729725963,9,0.001,40,0.8419010639190674,0.48455437280912
S4,3,23,1,MGCUBED,hyb,sample,500000,10,1003,2.6521870685891995e-18,0.12855104598470876,1.799745443833892,6.000000000000003e-06,4610.43825754209,2e-10,2,0.0001,0.7950757812243039,0.009486143978677076,0.8179077492058084,0.016754478946431894,0.7829444497184445,0.8406258010308012,0.8521844588909042,0.7999336940756018,0.8198891423324138,0.7950757812243039,0.8179077492058084,0.8145467769790617,0.8395988067615022,0.8445867269963439,0.8688970198654603,0.8584005495178866,0.8833546163089485,0.8644948505191449,0.8828904892881528,0.9168220516511946,0.9134789576929926,0.9864100690671496,0.9737191340523573,1.0023988959795256,0.9902722906310408,0.08048603980910755,0.016669024001579238,0.17694903159613054,0.23135915931106074,1.585639246740865e+18,8.605356515836293e+16,32.713945448206445,1.775404867154145,1.5573526166870446,0.12820463386193232,0.6060328475792771,0.12973647178815959,0.7845538500409103,0.0,0.0,0.07988528165954632,0.12749477688927693,0.0006654015544683265,120.05574847713841,38.31053771678107,2.0791351881830136,2,0.0009998585799077177,36,2.1758148670196533,0.48455437280912
S4,3,24,1,MGCUBED,hyb,sample,500000,10,1003,2e-17,1.34775251903438,0.8217715790336153,6.000000000000003e-06,2246.6948793101865,5.344061744173295e-11,4,0.0001,0.5492973924759033,0.013886036106996466,0.6073904865523831,0.025731654152389635,0.501120053448698,0.6588346630878975,0.7151251108100157,0.58512164695976,0.645330777191293,0.5492973924759033,0.6073904865523831,0.5552261933795087,0.6058147355143486,0.6087909218069887,0.6543388549767447,0.6869200817597848,0.7207064274494288,0.8306275353875282,0.8529519143850548,0.9092891257047253,0.9218581194029645,0.9649401897791041,0.9595995057374578,0.9976480310432272,0.9895365534586142,0.11189978553692756,0.1366245253051194,0.4779663198043318,1.107544715713415,1.0378133774360718e+18,3.455111878420167e+17,15.400652015544082,5.127220063956016,0.14735852033787908,0.05505257239488902,0.8039511116152426,0.09445401968138913,0.9290385613415292,0.6436,0.08628,0.10788863867121887,0.08782183537026995,0.0005390242287857753,200.15545296405796,25.074548716529257,8.347875735668289,14,0.0009667900929807238,17,0.3661479949951172,0.48455437280912
S4,3,25,1,MGCUBED,hyb,sample,500000,10,1003,2e-17,8.523265371671615,1.6502133413190416,4.9999999999999996e-05,8830.318765564645,2e-10,3,0.001,0.6772643108593356,0.0019974021104548004,0.732264108422835,0.0036090388219528003,0.6767865636816165,0.7810023228785032,0.8174610180585248,0.7159290003583606,0.7647700044225672,0.6822737221588139,0.7372590914946369,0.6772643108593356,0.732264108422835,0.679585113664108,0.7320139380345705,0.7359794119008691,0.774894650541525,0.8969864705582612,0.9206074203693971,0.969063577142917,0.9754858712225403,1.0230259932708956,1.0220029370603079,1.2194500532501489,1.2276707909550473,0.7076607564775365,1.2624630289730245,0.9483598594480168,14.065206227935098,3.1462559192484016e+16,2.1099788465778936e+16,0.07382747766379463,0.04951104429038977,0.06774338326809048,0.06620935894854957,0.04704369534561304,0.01122691959564171,0.06821843160888834,0.0,0.0,0.0021693657320383712,0.011201011942543682,0.00029690529206737975,7.306591664071973,0.7601650647129203,0.509790763249461,126,0.0009707137301876715,34,0.7325680255889893,0.48455437280912
S4,3,26,1,MGCUBED,hyb,sample,500000,10,1003,2e-17,0.11934587452781739,0.8574664313737298,6.000000000000003e-06,19147.420579520338,6.636368300384307e-11,5,1e-05,0.6861072408531272,0.015561552716147295,0.7332242900273911,0.02299641461456053,0.6269359677019881,0.7259208638252759,0.7718387289599848,0.6861072408531272,0.7332242900273911,0.7567717677437977,0.7932768122151769,0.8584808677926137,0.882257421922354,0.9386554177142313,0.9491624191274697,0.9781255716656962,0.9834946561826893,0.9917751779471915,0.991190008342579,0.9978095620513991,0.9961103254459788,0.998756211798025,0.9970334621482783,0.9989109395663546,0.9973136475136952,0.009908924357973442,0.10543957414018029,0.42617159766268425,0.1023350811305445,8.119369270877896e+18,2.210394519772941e+18,1360.6451505762634,370.41825341985117,0.026309477209000367,0.007176480648589505,0.9953387558257174,0.0050976004099130895,0.9992551969570855,1.0,1.0,0.005330659897955465,0.004736278066636571,8.841249343846204e-05,60.293061428764894,196.17160922813343,53.405213570982326,11,0.0009527404793041442,18,0.3955347537994385,0.48455437280912
S4,3,27,1,MGCUBED,hyb,sample,500000,10,1003,2e-17,3.6222798577931643,2.0,7.469477657633507e-06,200.0,6.98086468525861e-11,5,0.0001,0.6879497702702516,0.01533054015566645,0.7258946802485408,0.01996840907261515,0.637545877062372,0.832096922014332,0.871452394858062,0.7228735910847951,0.7642985978847171,0.6879497702702516,0.7258946802485408,0.7038722095061221,0.7417073408447431,0.7245050930921552,0.7634726758100735,0.7432531171427057,0.7726764375029147,0.8824609986162851,0.8869621669266786,0.9829857435244577,0.978388292138878,1.0046320992213107,1.000550985363228,1.1595572665446432,1.165805859194013,0.30074686080512375,0.06660241841255904,0.3451235309729486,7.244559715586329,3.962959978928814e+16,1.0373475167239952e+16,0.21881025953324357,0.05727594539622282,0.13055684663693792,0.11325357033742071,0.053513604703483805,0.024783764272451023,0.11628113492371599,0.0,0.0,0.06939311432743543,0.007896737780143255,0.0003088184437597131,224.7052134665543,0.957488458077111,0.2506329308293072,7,0.001,40,0.8287889957427979,0.48455437280912
S4,3,28,1,MGCUBED,hyb,sample,500000,10,1003,6.755420407771748e-19,0.18458220135707057,0.5,3.054166286096747e-05,4615.952211365335,7.415935668881369e-11,5,0.0001,0.6419872347299428,0.006391001772858761,0.7057914174071032,0.008165255409708356,0.6338515524252679,0.6785451593875542,0.7411156796037284,0.6484039843435798,0.71540442355007,0.6419872347299428,0.7057914174071032,0.6425714102750341,0.7026151613024381,0.6463290429324445,0.7038808665188957,0.6514215560279217,0.7032930578651043,0.703458380353222,0.7262343144308406,0.9421695039331379,0.9434303141922721,1.0386789166979393,1.0403543695728708,1.052515857505391,1.0551669402725952,0.45371855185466553,4.192742098286043,0.9996097330596809,0.09229110067853528,2.0619371415900086e+17,1.6181642688840125e+17,0.7546368037346043,0.5922228603179118,6.8051283306301,6.175227187965216,0.3708180044038132,0.024851057528636686,0.417615762244853,0.0,0.0,0.002642356589370444,0.02483549195442803,0.0006821270015641922,3.873701793524124,4.981834348189885,3.9096372887117155,419,0.001,10,0.28168296813964844,0.48455437280912
S4,3,29,1,MGCUBED,hyb,sample,500000,10,1003,2.7878738511501174e-18,0.1256629728486071,1.7130746318710057,8.613145305962536e-06,17042.79189869406,1.5843201404491462e-10,5,0.0001,0.5753339906004228,0.011423676910628523,0.5992675552247387,0.01939658471391053,0.554800452195078,0.6723110897785199,0.6966563088751638,0.5952658892506111,0.6205692273235623,0.5753339906004228,0.5992675552247387,0.5839599049135992,0.6077897845541623,0.6736051033684559,0.69241668001336,0.8551418397422381,0.8706455162023957,0.9289644348115875,0.9401936226600247,0.9484043350694794,0.9561881186769992,0.9673468818488928,0.9640015894127758,0.9955771138776957,0.9874465480107061,0.07484853578515897,0.04555678528270684,0.2883861734774404,0.2152700509524438,2.0906572673498204e+18,2.88574482750507e+17,46.38191024163828,6.402118590163741,0.6275673600034511,0.0980401169638641,0.8282632789013695,0.10593881068339298,0.939101893652477,0.75264,0.2048,0.06676387909095069,0.1039324294541518,0.0005037020616138784,132.54636853587013,50.512248771777045,6.972231311906116,5,0.0009788997896405748,35,1.6904239654541016,0.48455437280912
S4,3,30,1,MGCUBED,hyb,sample,500000,10,1003,2e-17,5.274742790767508,1.3034573125513613,6.000000000000003e-06,5977.024025153869,8.706265267654292e-11,5,0.001,0.5164710746213637,0.004328286641937187,0.553942834577675,0.0055324340424255415,0.49151325793676054,0.7027613239433685,0.7197701135269622,0.6166486320612556,0.6473967816455413,0.5309268694815017,0.5719581052881557,0.5164710746213637,0.553942834577675,0.5531018772368277,0.5806180377009108,0.6065444842436796,0.6329844739064066,0.673127692685124,0.6969047113316716,0.8078122792666994,0.8302923030801772,0.8958640761222385,0.8978654571989058,0.9916989290049216,0.9800816916079051,0.43794582366815255,0.05287161082839223,0.30956497847479997,6.8754020624534835,2.199560255275252e+18,3.4624528076054266e+17,8.339971606294009,1.3128423299296526,0.06288627530918449,0.015572428443859384,0.48424989909731303,0.1858907305898588,0.8734543192766178,0.04868,0.0,0.4414180323705378,0.12210585533621682,0.0006521641955013829,676.8510682055709,53.14344753591134,8.365612112022882,5,0.0009655239352232306,27,0.575653076171875,0.48455437280912
S4,3,31,1,MGCUBED,hyb,sample,500000,10,1003,2e-17,8.919262034385195,1.39540028056787,6.000000000000003e-06,6968.881246048513,6.565168334089832e-11,4,0.001,0.5334644935477293,0.0070436667819598975,0.5656673235680009,0.012155277329552582,0.509468121064611,0.6659336884712158,0.7059263459088438,0.6231840993710566,0.6602561561180706,0.5491349375190969,0.5862184915577503,0.5334644935477293,0.5656673235680009,0.5722309185681465,0.5993423227334392,0.6287733977911377,0.6568991491663541,0.7274273574503007,0.7540048000986476,0.8261108476920347,0.846907657725587,0.9154984798281897,0.9120498379562122,0.9982047458294522,0.9859018182282137,0.7405391529228549,0.06549476351176106,0.3424262825283308,12.445940745239453,2.6544775536325043e+18,5.040499210582085e+17,5.952235831617156,1.1302502810546764,0.037717390634552324,0.01155707083964304,0.4575899433970468,0.18001253714566956,0.8465565569128511,0.0222,0.0,0.4248277877133265,0.12113355887167285,0.0006530105676251517,650.5680134064703,64.13467795137537,12.178320857995796,7,0.0009967144861199072,28,0.583256721496582,0.48455437280912
S4,3,32,1,MGCUBED,hyb,sample,500000,10,1003,2e-17,0.8793704852184335,0.8693322492011464,4.9999999999999996e-05,4151.1127773622975,9.05454047091732e-11,5,0.001,0.6478057207484977,0.0025663928561296748,0.7103508159781718,0.009565947884315393,0.6430043022222626,0.7981041422087123,0.8753964013995279,0.6924035060672301,0.759919053415316,0.6556458002525597,0.7182481112824377,0.6478057207484977,0.7103508159781718,0.6481506432378636,0.7098897629012128,0.6509120633814998,0.7063070794343523,0.7129548438761415,0.7336668795624377,0.9501820452566351,0.9474641488785629,1.0363369345227436,1.034153726747308,1.0476313432880642,1.046277062152311,0.07301145226124152,5.2934224303107476,0.9999325213822513,0.7644651217960443,5.187067877004897e+16,4.193849078770866e+16,1.1797229868856565,0.9538298474343551,0.6695077126976631,0.6001240341210475,0.48646583877059546,0.02975740162645435,0.5396827278559772,0.0,0.0,0.003304873843522606,0.02973715353667966,0.0007055912262756156,4.683836363679029,1.2532444561393703,1.0132734393461709,529,0.0009659247213346071,18,0.4298088550567627,0.48455437280912
S4,3,33,1,MGCUBED,hyb,sample,500000,10,1003,1.6065024007022334e-17,0.581970810276998,1.4486007954341682,9.333949721477409e-06,4774.575647068867,1.9901974849011843e-10,5,0.001,0.5606271626791338,0.0054532101699644306,0.5834963250312352,0.010916110165073496,0.5507269050915606,0.7198802259949537,0.721684296658868,0.6133779395022052,0.6271134137733763,0.5660068824290262,0.5867963464676458,0.5606271626791338,0.5834963250312352,0.5809949315838182,0.6047235442473686,0.6781059900245225,0.6992326228049233,0.8351705826349123,0.854948732143115,0.8873141827743714,0.9041049244666601,0.9264854637895923,0.924684311006003,0.9941662730136887,0.9823240079450553,0.06015461078659753,0.050365688084137376,0.3025108386888425,0.8430433786867267,4.6445582640569645e+17,7.047849635917918e+16,12.821079459049669,1.945524957600783,0.40270532406728154,0.08582387404062071,0.6158566067108265,0.1442868184774268,0.8361930034104728,0.031,0.0,0.16778310139705938,0.1337655144441874,0.0006551673549479323,256.09197425655236,11.221690237465525,1.7028268558186195,5,0.000999035031333909,29,0.6500899791717529,0.48455437280912
S4,3,34,1,MGCUBED,hyb,sample,500000,10,1003,2e-17,5.353610451636854,2.0,6.000000000000003e-06,20000.0,2e-10,4,0.001,0.5742803429933802,0.0063678542055703655,0.5995025046616252,0.008961524896633955,0.5549385510803345,0.7107814608388704,0.7364762069881743,0.6496937784155157,0.6801204291869137,0.5784412356629589,0.6131765277034055,0.5742803429933802,0.5995025046616252,0.6085877898271794,0.6255299007025235,0.6504848119322257,0.671737346140092,0.7203922650027506,0.7423024959040256,0.826986557750371,0.8399838248647796,0.9346681145830849,0.9289601483635362,0.9913780240607746,0.9811440512665396,0.44449396526866086,0.015000000000000013,0.16799597142736353,10.707220903273708,6.869624859860295e+18,3.341901839049016e+17,25.663521550246237,1.2484665700797255,0.041537160274721895,0.003502722478640233,0.3760579938093928,0.2347171778987449,0.9441180443652151,0.07828,0.02416,0.7091737255486645,0.09811696310230705,0.0005887213132670144,1204.6000536539416,165.9766071221779,8.074349617280307,2,0.001,40,0.8334460258483887,0.48455437280912
S4,3,35,1,MGCUBED,hyb,sample,500000,10,1003,2e-17,8.506909921360213,1.2312014283886972,6.000000000000003e-06,3945.4812544524575,4.46199267179935e-11,5,0.001,0.47645963741284286,0.007394578856358794,0.5242795060003361,0.014060699081701915,0.451325999467346,0.6606192408826775,0.7130156848363414,0.5923296391513049,0.6457652445479931,0.5011885453301342,0.5563035166823372,0.47645963741284286,0.5242795060003361,0.5082568792330775,0.5473609579916887,0.561567431294529,0.5989724188818121,0.6732470649336265,0.7056430815825084,0.8016752904859477,0.8309370023154893,0.8885922121574603,0.8901476882715507,1.0023560231903903,0.9898331760932855,0.7063028132673714,0.10921776550609862,0.43295580963087743,10.473719646352674,1.6889487412549978e+18,4.776114479610247e+17,3.9707690733016325,1.1228788182222975,0.04497527747964257,0.01920770458197664,0.4811181900607978,0.15416172445628282,0.7910337128037914,0.0,0.0,0.3032276014030271,0.11987847651327466,0.0006700029263518677,452.57653284305223,40.80659241158018,11.53954244553809,11,0.0009849611427109578,25,0.5322048664093018,0.47645963741284286
S4,3,36,1,MGCUBED,hyb,sample,500000,10,1003,2.8359692142185725e-19,6.173406716564286,1.1531632773156617,6.000000000000003e-06,4820.044198298506,4.246889135947341e-11,5,0.0001,0.6233319400518125,0.015077627068963007,0.6780502837767881,0.011783483768161745,0.587807714040492,0.7382257453929021,0.7727190961985069,0.6507500876816696,0.7009194358423534,0.6233319400518125,0.6780502837767881,0.6436509971000134,0.6944497599377614,0.6998125263397144,0.7455079825091768,0.7195682796713699,0.7582160999470522,0.8240924996746593,0.8382594402821848,0.9684767100529585,0.9677680749268049,1.0128043282940904,1.0102547124707772,1.2233145281766693,1.2315178267094269,36.14701802478151,0.12251507286306938,0.45565461573310906,7.11894592147579,2.1382388655960174e+18,6.508590288362254e+17,0.09822744351518707,0.029899474525517635,0.13639217958214805,0.12790632296660667,0.028816804962448053,0.014418750594241464,0.06897417911392863,0.0,0.0,0.02457768847959016,0.011395298442040595,0.0002277613262587415,107.90984089928158,51.661865002570025,15.725367181588629,12,0.0009609693977630514,24,0.723336935043335,0.47645963741284286
S4,3,37,1,MGCUBED,hyb,sample,500000,10,1003,2e-17,0.1052790586347997,1.3949208965647264,6.000000000000003e-06,3428.9544253619697,5.3671635187546383e-11,5,1e-05,0.6168024094308378,0.02182281541331711,0.6557415831254375,0.03887963587324823,0.5241984537580114,0.6871847843339932,0.7274841200012865,0.6168024094308378,0.6557415831254375,0.6188128055294531,0.6549289950493945,0.6877920213598196,0.7279239348029983,0.7755995755877824,0.8054886163143768,0.8947341905861832,0.9092787678204479,0.9626224402253408,0.9705716830905053,0.983715433943295,0.982956575236663,0.995900610819603,0.9930841632197625,0.9981508669896033,0.9954123723381516,0.008740999490918548,0.08014138492274937,0.37610006441665345,0.1468559588603452,1.3551847338005522e+18,3.052157967951022e+17,257.4462103620292,57.982242765649886,0.11544819425375298,0.026347429938292484,0.9739336666646876,0.02180194206735313,0.995288573247367,1.0,0.97792,0.025021948957070106,0.020306195965833964,0.00021121263665063893,118.468048852864,32.74253961875901,7.374301133697336,8,0.0009963720689748045,28,0.5978319644927979,0.47645963741284286
S4,3,38,1,MGCUBED,hyb,sample,500000,10,1003,2e-17,10.0,1.424995820593704,1.0093638102866056e-05,2234.305833357519,4.422293540015831e-11,5,0.001,0.5380329945205401,0.004206493438004473,0.5784899513589457,0.0105776433006562,0.5125237442385401,0.7555379294499185,0.7708224744523634,0.6597989344775583,0.675531575409918,0.5679844880205686,0.5920095827117331,0.5380329945205401,0.5784899513589457,0.5504505725716639,0.6005286580890988,0.6249155161416052,0.6730942667098111,0.7130367058263394,0.7559340248492586,0.7733490538120533,0.79387295209395,0.9693648108040829,0.9598268219986282,1.066135692589913,1.0558930609900261,0.8302695335869232,0.26945301752605355,0.6313941575724654,14.249958205937041,2.997836017431375e+17,1.4211026617272486e+17,0.599567203486275,0.28422053234544975,0.054644543244955414,0.043871644944246155,0.21547521260439356,0.06795270219468341,0.3681066377940927,0.0,0.0,0.08780608679285491,0.06093064215512619,0.0005685774239214813,154.43118755446866,7.243054184650787,3.4335178845643934,27,0.0009827557383404856,29,0.6416242122650146,0.47645963741284286
S4,3,39,1,MGCUBED,hyb,sample,500000,10,1003,2e-17,10.0,1.575841716672067,6.000000000000003e-06,9531.361118322859,7.990830524647791e-11,5,0.001,0.5197338236803593,0.007496821258489166,0.5521174458055509,0.00684549974454091,0.4855529058095912,0.6980329959929978,0.7171538287496926,0.6337790276683137,0.6595467965032206,0.5412527432422223,0.5762535625951937,0.5197338236803593,0.5521174458055509,0.5496764004061269,0.5754964439993814,0.6041217963432155,0.6297016923482547,0.6722019710027037,0.6969841776851331,0.7947308813652884,0.8179607529324745,0.8908847514207696,0.8924829748113406,0.9950544400219765,0.9832569310072493,0.8302695335869232,0.04764822613876786,0.29462902341290464,15.75841716672067,3.472575124546774e+18,4.9937348458804166e+17,6.945150249093549,0.9987469691760834,0.031748966206224166,0.007987029570196523,0.41101483684313084,0.19338312373303934,0.8659266325217129,0.02884,0.0,0.5077864299052282,0.11450167735869828,0.0006338840838836743,801.0714305904758,83.90068583175433,12.065333748135405,5,0.000984901072920042,32,0.6774661540985107,0.47645963741284286
S4,3,40,1,MGCUBED,hyb,sample,500000,10,1003,2e-17,10.0,0.5,6.000000000000003e-06,200.0,2e-10,4,0.001,0.7269708745032497,0.002999495819027818,0.7623937276118469,0.003037036577893195,0.7240012174614744,0.8044384790304646,0.8526568487235269,0.7458993968536125,0.787035663286795,0.7272996196363016,0.7639959743206592,0.7269708745032497,0.7623937276118469,0.734187458785899,0.7651284000437696,0.8207562831413657,0.8299162193696485,0.9624018936954831,0.9585318910088736,0.9932998639647279,0.9892674009622011,1.008698799273974,1.007610932371671,1.2144259619927973,1.222956271104759,0.8302695335869232,0.06000000000000005,0.3286267594591275,5.0,7.506518295187414e+16,1.7960667583569406e+16,0.15013036590374831,0.035921335167138815,0.19306485271657367,0.17389333064243045,0.0344633564737285,0.014265972491930028,0.06922034475512429,0.0,0.0,0.039022943208359015,0.005226126398706891,0.00025195428796922543,154.88104418816405,1.8136455241037717,0.43394664599352817,6,0.001,10,0.2238621711730957,0.47645963741284286
S4,3,41,1,MGCUBED,hyb,sample,500000,10,1003,2e-17,2.407376541703638,1.2810977320387527,6.000000000000003e-06,7747.680005109384,4.669523624680495e-11,5,0.0001,0.4933487329529685,0.006529445151084217,0.5436321631995187,0.012707617794140397,0.42177463138110516,0.6666166743130398,0.7134015926445322,0.5689909880928097,0.6208755977210818,0.4933487329529685,0.5436321631995187,0.5014352901909824,0.5422626703233834,0.5578261105011316,0.5885893987145809,0.6665596283609585,0.6930483659085815,0.797260810767755,0.8197546936261784,0.9044602648646111,0.9200455957286724,0.9545636140168974,0.955582654085789,0.9936451630176251,0.986463464554779,0.19987713984483801,0.10029895565960134,0.416679288677279,3.0840846277398266,3.2346783682335314e+18,8.526773586029353e+17,26.873057140819636,7.0838719563123895,0.040110150120305235,0.011632929824772023,0.8265138403921752,0.11221460276919536,0.9631963171444928,0.7298,0.25704,0.17013582316886672,0.09821825217713,0.0005000682926745546,340.2251765632168,78.15287612398427,20.60148812168092,10,0.0009854597938759636,26,0.5577380657196045,0.47645963741284286
S4,3,42,1,MGCUBED,hyb,sample,500000,10,1003,2e-17,1.7887186009487968,1.74113329071133,6.000000000000003e-06,13406.641703556024,1.39433532701384e-10,5,0.0001,0.5445977787372522,0.010214973144018823,0.5681263727239924,0.017006466047258084,0.4624545864913875,0.7241083313873824,0.7398334421066658,0.61266534802238,0.6325256609675943,0.5445977787372522,0.5681263727239924,0.5482229955454635,0.5712186665541021,0.5858308620064364,0.6019702780475209,0.6356799590566778,0.653806444686571,0.7147958566639263,0.7369067467767111,0.8223355190727407,0.835617017831191,0.9250757451577236,0.9269347507705487,0.9846139646887977,0.9763973914694631,0.14851185585280113,0.02471450976095484,0.21460333446819257,3.114397503826545,4.642597024411439e+18,3.557445758066474e+17,51.90975284708114,3.977647189646807,0.06450625756739375,0.00606862391935524,0.6606770116772704,0.187880935900203,0.9749370576190083,0.26788,0.10804,0.4697728737432948,0.11821143880846184,0.0006029783581143812,779.0874538389018,112.16951697752538,8.595124027734252,2,0.0009949333089779029,35,0.7439217567443848,0.47645963741284286
S4,3,43,1,MGCUBED,hyb,sample,500000,10,1003,2e-17,10.0,0.7671225480826329,6.000000000000003e-06,200.0,2.055563959935027e-11,5,0.001,0.6389389933422669,0.010440975139711678,0.696130006502421,0.017880586580689174,0.6133607842627472,0.8624529553487342,0.9079786131457757,0.7386389349317998,0.7927343170031982,0.6583254605440536,0.7197686731683545,0.6389389933422669,0.696130006502421,0.6721378291428632,0.7234560595261947,0.7039005716038933,0.750615073743387,0.7506207914739631,0.7782093198718096,0.9337554371466122,0.9335968272870959,1.010975115651093,1.0041954466787277,1.038626891760102,1.035577365989856,0.8302695335869232,0.3805007416248788,0.7146648764851522,7.67122548082633,1.6402797846367827e+17,1.1388351719908626e+17,0.32805595692735656,0.22776703439817253,0.10617426994147974,0.09815645783257614,0.18481508782269032,0.023880852770890137,0.24010097636477665,0.0,0.0,0.04351546942081708,0.018832162408669736,0.0005471769008994249,79.52724128026658,3.9630704578335085,2.7515330425523317,38,0.0009589031851032912,16,0.3726508617401123,0.47645963741284286
S4,3,44,1,MGCUBED,hyb,sample,500000,10,1003,2e-17,3.5523525331826256,1.431553625358915,4.9999999999999996e-05,6788.445136480408,5.3530754518947794e-11,5,0.01,0.6438606075142348,0.0013616623399309265,0.703083091159292,0.003465321406503866,0.6447726978034474,0.8682491215889204,0.9288217542592212,0.7478747898982627,0.8064211753060629,0.6744170150359563,0.7218249715134523,0.6487832964234366,0.7004681432239738,0.6438606075142348,0.703083091159292,0.6447395780392544,0.7023202476188939,0.6766733472131519,0.7108652074048832,0.9092563544282257,0.9101275163625779,1.0437242971512604,1.041787848714552,1.0666698366594973,1.066357797351328,0.2949410080861864,5.437230849556726,0.9999462686151956,5.0853831474305125,8.64853008053368e+16,6.996030290921209e+16,0.48691845754313606,0.3938815320591688,0.14107512913349163,0.13224801678563583,0.2817861280792246,0.023881312972110852,0.3262310941065096,0.0,0.0,0.002652060570350476,0.023865031722673003,0.0006350961328637811,4.175841157135977,2.0895663280662298,1.690306813980378,544,0.000987278362316493,29,0.6539030075073242,0.47645963741284286
S4,3,45,1,MGCUBED,hyb,sample,500000,10,1003,2e-17,10.0,2.0,2.5459272383061643e-05,14689.439579455064,2e-10,5,0.001,0.5647177858999566,0.0046209350722191695,0.6186332281927927,0.00781266633502515,0.5507587676481231,0.7817030304791598,0.8166345867490616,0.659213412073804,0.705630388363056,0.5747292330659128,0.6275957715051727,0.5647177858999566,0.6186332281927927,0.5932315373764411,0.6450126595670513,0.6739936623639176,0.7213325801118983,0.7169648394579424,0.7558189455339825,0.8370913601538168,0.8484722928761604,1.0079724938024632,0.9996221306643177,1.1219927629427464,1.1207663467030202,0.8302695335869232,0.2700727292812189,0.6319442487413474,20.0,1.2277469624807792e+17,5.673109700839239e+16,0.24554939249615587,0.1134621940167848,0.044904982197578124,0.04014292833445729,0.10030581348517802,0.03786925010651596,0.193199084714303,0.0,0.0,0.048422570842952116,0.03386179834128671,0.00041427993556563726,116.8836979199544,2.966352302988256,1.3706767388115568,27,0.001,40,0.8481228351593018,0.47645963741284286
S4,3,46,1,MGCUBED,hyb,sample,500000,10,1003,2e-17,0.23338518399607155,2.0,6.000000000000003e-06,20000.0,2e-10,1,1e-05,0.8053571656485902,0.007924100789096196,0.8169465994488088,0.00856716535518982,0.7688749596621294,0.8180726714389918,0.8356307034276321,0.8053571656485902,0.8169465994488088,0.8276822579489451,0.8277188060817874,0.8800612569752359,0.882964069208751,0.9140872194797813,0.918607713476592,0.9397542212304876,0.9331821591138469,0.9643081761659624,0.9520983636593708,0.980781956604833,0.973385875923157,0.9887287182463698,0.9837053991153175,0.9913206534256378,0.9877047055376392,0.019377260786251658,0.015000000000000013,0.16799597142736353,0.4667703679921431,6.869624859860295e+18,3.341901839049016e+17,588.694170061449,28.638508938984483,0.07228369934208076,0.0036330375605881965,0.9148319498466589,0.07165785659114662,0.9974021197494276,0.94592,0.67184,0.14507892431601777,0.05583060709693118,0.00035755981154209467,405.74728935647727,165.9766071221779,8.074349617280307,2,0.001,40,0.8232507705688477,0.47645963741284286
S4,3,47,1,MGCUBED,hyb,sample,500000,10,1003,2e-17,0.34021762569768876,2.0,2.0199346414193315e-05,10636.488040333186,1.9899938805205002e-10,5,0.001,0.4898951146517631,0.0059325474839468754,0.5305052091720437,0.009650691321863253,0.4886776742253562,0.6250313086017236,0.6391856589333547,0.5271983439644276,0.5575241123806304,0.49312661090304744,0.5315878837008245,0.4898951146517631,0.5305052091720437,0.5146687161136226,0.5556566815237558,0.6487398262438004,0.6820933020953431,0.8368133889977427,0.8611807784760724,0.9055024287756973,0.9221363658608908,0.950690225006929,0.9478166724418049,1.0056163572089731,0.9954457931676476,0.028247232940607048,0.17086049005582238,0.5259765123174347,0.6804352513953775,1.4093864902851419e+17,5.211997452690383e+16,8.285205608585944,3.063919714331127,0.3616330176508096,0.15827840671887888,0.7202970966208566,0.11618555432997899,0.862921426438018,0.2496,0.0,0.06585806484361116,0.11416570640232566,0.0006104949641968045,107.87650792542914,3.40521051081266,1.2592676764369584,17,0.001,40,0.7770698070526123,0.47645963741284286
S4,3,48,1,MGCUBED,hyb,sample,500000,10,1003,2e-17,0.6459359558485747,1.767113085119173,1.6717794877194067e-05,16334.652230472813,1.314405998720196e-10,5,0.0001,0.5050990228056127,0.010090915512283255,0.559663398999484,0.020722319433321992,0.45584870825370205,0.6609116562014588,0.7021770912685457,0.5538077400601901,0.6086960568027807,0.5050990228056127,0.559663398999484,0.5055489570792291,0.5536846038454286,0.549251873442986,0.5955864764444873,0.629496319518468,0.6709785627266922,0.7835086876199988,0.8081771542737114,0.9059209626160118,0.9210852768459251,0.9598988608213677,0.9569930520968605,1.0016835383903515,0.993557672021609,0.05363009447894196,0.20054547114289933,0.5620456594881065,1.1414418797289767,4.1145367561063866e+17,1.6533857117048157e+17,12.739766903674111,5.11934874265589,0.143166363149492,0.06376271959134831,0.8057640280798609,0.09536742150506117,0.9206600001108881,0.66676,0.05364,0.07618476875194981,0.09200991207511854,0.0005371448995370191,141.83280678568426,9.941108351467076,3.99473561207873,20,0.0009817294917328738,36,0.6876001358032227,0.47645963741284286
S4,3,49,1,MGCUBED,hyb,sample,500000,10,1003,5.9314096325874e-19,0.24104163195378123,2.0,3.620129146248417e-05,13303.176262187659,2e-10,5,0.0001,0.6581153065938727,0.004600423192042787,0.7237883209378613,0.008636519127167742,0.6504441475222724,0.7196201700581389,0.745741846322266,0.6731861428539861,0.7289211107915772,0.6581153065938727,0.7237883209378613,0.6620009199530263,0.7275951464344143,0.6738951576297944,0.7378887856343188,0.6789300149126211,0.7401144319537891,0.703965845222523,0.7537262322546431,0.8629752082686686,0.8829468126353476,1.0269789495120674,1.0233377517096822,1.1665083749696288,1.1693915801990904,0.6748126861371274,0.546055626479887,0.7994228347949351,0.48208326390756245,6.2701097587828744e+16,3.616327981890935e+16,0.1542911451402559,0.08898845586349244,1.9048231886915845,1.797060015299844,0.08114325700793974,0.023193969065271037,0.12187059103093557,0.0,0.0,0.003064132562780739,0.023168595964438342,0.00038093257612443126,8.043766153986901,1.5149175759614961,0.8737389026617923,55,0.001,40,3.9397990703582764,0.47645963741284286
S4,3,50,1,MGCUBED,hyb,sample,500000,10,1003,2e-17,0.8566905380892124,2.0,1.3075682078224507e-05,13770.63839592782,2e-10,5,0.0001,0.5122449964729738,0.01439178574963752,0.5667196299916122,0.028377331607313462,0.46118683674176164,0.6500768980085477,0.7229574530807164,0.5582461422973806,0.6234733887663026,0.5122449964729738,0.5667196299916122,0.5156392031251434,0.5564398293763333,0.5600969487528518,0.593672258598967,0.6160447126537176,0.6492517041516515,0.7281876415875119,0.7495626752493779,0.8698351098150138,0.8876788508538059,0.9292651167413059,0.9294881422081606,0.9931583385577779,0.982503301339215,0.07112840534876606,0.07123894242116732,0.3561303395306716,1.7133810761784247,5.1329063575748954e+17,1.0344134897566536e+17,11.983105052201184,2.4149058353412887,0.17090993200059632,0.044953909081068964,0.6487136774318836,0.1537998521165535,0.8894193098638454,0.1566,0.0,0.2327751392582869,0.13428105914607608,0.0006357584929630211,366.1376793779242,12.401585228970761,2.4992404227836205,7,0.001,40,0.7170939445495605,0.47645963741284286
S4,3,51,1,MGCUBED,hyb,sample,500000,10,1003,2e-17,1.0052729270434688,1.3289293054232183,1.1073138234579972e-05,19251.330535252513,5.961692564892974e-11,5,0.0001,0.5196396971534739,0.016133392034750987,0.5668218164823596,0.0175507296763071,0.46458002113234736,0.6924415590403655,0.727923644080025,0.5795053108380994,0.6269201024344926,0.5196396971534739,0.5668218164823596,0.5414636599579807,0.5833986464531244,0.642557798185671,0.6804280273030724,0.7768327398823258,0.8047752315327085,0.8981599577958637,0.9186282767475238,0.9488979551865201,0.9546937533673509,0.9885554683365386,0.9849629013761163,1.0004654142772043,0.9962536839429921,0.0834647484263942,0.25794002514957554,0.620962130369108,1.3359366526966425,1.9052044571172e+18,8.625833894866085e+17,37.90422294014125,17.161178149370567,0.041216405691939025,0.01924054588109241,0.9315711503099751,0.03967166367576561,0.9739567848428946,0.97864,0.85428,0.0332553377344579,0.03805387683067987,0.00034376324554808796,96.73907308338441,46.031534198330974,20.840827158332917,26,0.0009843920780912728,27,0.5294737815856934,0.47645963741284286
S4,3,52,1,MGCUBED,hyb,sample,500000,10,1003,2e-17,0.1,2.0,2.249956325383248e-05,3558.9104482690905,1.4287586113243656e-10,4,0.0001,0.6105611471773434,0.02485237693526493,0.6171537900996941,0.02967619230657621,0.5805919111962516,0.6657926117778477,0.682013975992539,0.6182674088760851,0.6291455302883496,0.6105611471773434,0.6171537900996941,0.6507553676502761,0.6694286456408209,0.7624180846902326,0.7905485192346978,0.8621637670642958,0.894248544052352,0.8860155728879734,0.9142886645058004,0.9139069367609955,0.92144260251194,0.9849731011984748,0.9783282348929608,1.0114289638204998,1.003771427082888,0.008302695335869234,0.2952623479109873,0.65337846161831,0.2,4.548841292203835e+16,2.2145851528989416e+16,9.09768258440767,4.429170305797883,0.9209510327315452,0.49516311868633556,0.7966548627825747,0.07285561318646974,0.8817530627271359,0.62508,0.0,0.015492302398948934,0.0726359920740122,0.0005562670038918551,27.850478799854937,1.0990429017875225,0.535064632144689,30,0.001,40,0.8274760246276855,0.47645963741284286
S4,3,53,1,MGCUBED,hyb,sample,500000,10,1003,2e-17,5.88986969848427,1.3046365299826337,6.000000000000003e-06,20000.0,5.34924231027256e-11,5,0.001,0.5053027925100507,0.003777102823174954,0.5407315249121861,0.006499098281513096,0.4868344116752349,0.6824199344196744,0.7074721655001406,0.604483820353509,0.636374693877934,0.5079398249974518,0.5509757503158631,0.5053027925100507,0.5407315249121861,0.5698753245308587,0.5983238339987427,0.672527773816993,0.6943234014326303,0.7966492274059997,0.8173451503560292,0.8953024600278118,0.9096763515416765,0.9478868128978177,0.9510459762598391,0.991447317961992,0.9842228090452659,0.48901793674482874,0.08597445761753301,0.3884495717988878,7.68413916548038,8.040370460103765e+18,1.8827299901379003e+18,27.302371263571132,6.393112535655625,0.01760262598817981,0.004598137507339344,0.8012888756997805,0.1318433203487775,0.964090728457622,0.62884,0.21384,0.21868258352335476,0.11175851848489979,0.0005208554587197425,419.8527247096044,194.26292355075515,45.4885299073835,9,0.0009663974296167657,27,0.5153651237487793,0.47645963741284286
S4,3,54,1,MGCUBED,hyb,sample,500000,10,1003,5e-20,0.1,2.0,4.9999999999999996e-05,13034.502734741402,5e-12,5,1000.0,0.9944503912102152,0.00016804431804947763,0.9942150901415987,0.00032671153302349045,0.9977264049601026,1.1250617372572191,1.063719633902773,1.0526964555922507,0.9824346119682149,1.033252957635763,0.9555560479101259,1.033954256058889,0.9497809568259488,1.0476151675478875,0.9637117423890116,1.0563102321647553,0.9936416261274875,1.0145860658383334,0.9938461459471023,1.0003196863209258,0.9936006922582585,0.9983632438298157,0.9935616615581717,0.9944503912102152,0.9942150901415987,3.321078134347694,41.666666666666664,1.0,0.2,9.529479771200227e+17,9.106273686691866e+17,0.4764739885600113,0.45531368433459324,3.435685415331011,3.386446384251201,0.3127612783233083,0.004084793232344906,0.322361365829702,0.0,0.0,0.00022344694204873793,0.0040840875168545,0.0006556252878832594,0.34081501457967694,23.024120710070445,22.001614948066027,4167,0.001,40,4.925893068313599,0.47645963741284286
S4,3,55,1,MGCUBED,hyb,sample,500000,10,1003,2e-17,2.4741635961103166,1.4990915264139644,9.475504840641726e-06,20000.0,6.031930190812525e-11,4,0.0001,0.5203158963308423,0.018822705119105523,0.5479938606616411,0.02102550219826495,0.4481789605970997,0.6332401508872962,0.640176779464616,0.5795252139851523,0.5929256022943364,0.5203158963308423,0.5479938606616411,0.5262128873358594,0.5651817054891997,0.6003104823306228,0.6366340254815299,0.7343777786408338,0.7665122002373328,0.8578774093828623,0.878677486650432,0.9276120472258678,0.9414917100887834,0.9704357834145663,0.9670393274644541,0.9982954596032487,0.9912628633842786,0.20542226549602577,0.16548895334971522,0.5189433193921101,3.7089976818908776,2.533825309647952e+18,9.188009222591489e+17,20.48227783830811,7.427163860171694,0.03199351814159238,0.012550560134818967,0.8467199510061566,0.09227969687135569,0.952885457958015,0.79988,0.29668,0.10817493682545191,0.08524248343158763,0.0004829657904162659,223.98053645210868,61.21960609421424,22.199095701479518,17,0.000999394350942643,30,0.5582263469696045,0.47645963741284286
S4,3,56,1,MGCUBED,hyb,sample,500000,10,1003,5e-20,0.1,0.5,6.000000000000003e-06,5221.754292308353,5.526268213966266e-11,2,0.0001,0.6542609838899693,0.001772348907775614,0.7111261662366992,0.0020728760078257144,0.6563010458861068,0.6662082941937008,0.7230519162105057,0.6561970580899292,0.7141286604326971,0.6542609838899693,0.7111261662366992,0.6550476747292786,0.7117773899805336,0.655856816808302,0.7126798426560742,0.6589859529534271,0.7145581763988493,0.7172918543682757,0.7622389732180107,0.8867836315622852,0.8973154501903655,1.047485161573188,1.0443145742675386,1.0857334144536166,1.0840731751812331,3.321078134347694,0.21714472652038494,0.5803996107951128,0.05,2.962923458337264e+18,1.2515932717255263e+18,1.4814617291686318,0.625796635862763,12.301661572442963,8.059765647363271,0.3808379287817696,0.049036624251277486,0.46705795458848565,0.0,0.0,0.005806997295777062,0.048994833668901186,0.0006829703417151119,8.502561445339218,71.58702153461257,30.239672322103132,22,0.001,10,1.2697978019714355,0.47645963741284286
S4,3,57,1,MGCUBED,hyb,sample,500000,10,1003,2e-17,10.0,1.5976012737493335,6.000000000000003e-06,10349.808225436725,2e-10,5,0.001,0.5391262484773707,0.00596843759030197,0.5606144018602259,0.009773701092668532,0.5141069213008298,0.7368415146745745,0.744475088459811,0.6387295066692864,0.6412092137278036,0.5528467639208748,0.5628552561861181,0.5391262484773707,0.5606144018602259,0.5874753356816138,0.6074371949441744,0.6198088391334566,0.6385688528811269,0.6985459141963796,0.7208126107622446,0.8157415961091987,0.832797486539979,0.928313389091536,0.9209633385055188,1.0083197662310333,0.9966959914154024,0.8302695335869232,0.018778152279257058,0.1876137999427865,15.976012737493335,3.565600444460024e+18,2.1379442576841994e+17,7.131200888920048,0.42758885153683995,0.043845845996536584,0.0076979823504483924,0.21866972274519475,0.1905891583310636,0.8358118871506743,0.0036,0.0,0.6065816415895157,0.06888758892789289,0.0004974675156997254,1219.3391979299656,86.14826518151963,5.165474699792895,2,0.0009985007960933334,32,0.5974462032318115,0.47645963741284286
S4,3,58,1,MGCUBED,hyb,sample,500000,10,1003,5e-20,0.1,0.5,4.9999999999999996e-05,200.0,2e-10,3,0.0001,0.9626673819071275,0.01673645293021315,0.9819975328473873,0.038817925741946334,0.9373185444104359,0.9650084097557062,0.9991683339370537,0.965039494734129,0.9978138498089357,0.9626673819071275,0.9819975328473873,0.9856187195125159,0.9883221605942186,0.9973121324142145,0.9963927538892603,0.9988307043466438,0.9975107578750325,0.9989932240763562,0.9976623736922328,0.9992895964162096,0.9982500525230258,1.0169492079577818,1.0184826577593968,1.2523618168222332,1.2621265773024257,3.321078134347694,4.166666666666666,0.999593047982555,0.05,2377898927494969.5,2154062845637037.8,0.0011889494637474845,0.0010770314228185187,19.978482546517167,19.976249249167516,0.0010754063310306995,2.210235908767787e-05,0.0011239592718703807,0.0,0.0,2.1855453502071627e-06,2.2089731147678573e-05,4.6349462783766617e-05,0.047153628519997125,0.057452277834150495,0.052044187264986996,417,0.001,10,0.22723126411437988,0.47645963741284286
S4,3,59,1,MGCUBED,hyb,sample,500000,10,1003,2e-17,10.0,0.9824752658691783,9.564913263315954e-06,18732.214381889033,5.996455054853291e-11,5,0.001,0.47973024090209887,0.006589603807383693,0.5189506061758885,0.008099578327880018,0.45288644422188673,0.6707238625922789,0.693718031205345,0.6103676622485552,0.6394513092706422,0.510164185641683,0.5495653208135021,0.47973024090209887,0.5189506061758885,0.5131601366361225,0.5516765147239304,0.5983986312145901,0.638684657881049,0.7422061238832616,0.775978100969619,0.8502066017997052,0.875228060215486,0.9307326399113162,0.9292010095298038,1.006434097760508,0.9965381742000483,0.8302695335869232,0.25881808127514994,0.6217722435389863,9.824752658691784,2.8816614082048077e+18,1.3064884217608238e+18,5.763322816409616,2.612976843521648,0.02817170916544086,0.015049367835911966,0.6915543239263712,0.11104963001752789,0.8506799795741525,0.12492,0.0,0.11738653795798056,0.10418560091369793,0.0006319448173213733,185.75441200000228,69.62365386258925,31.565990852764045,26,0.0009824752658691783,20,0.3822920322418213,0.47645963741284286
S4,3,60,1,MGCUBED,hyb,sample,500000,10,1003,6.290401017934231e-18,2.9049373148742563,1.1682996140281245,9.618945596258721e-06,200.0,6.268803310846478e-11,5,0.0001,0.6807782168927324,0.018084770660126596,0.7333557219682778,0.01726944832848659,0.6612529427679391,0.7719524064300544,0.795128454136454,0.6989833242242703,0.7429873887877326,0.6807782168927324,0.7333557219682778,0.6921123215083353,0.7418328194543606,0.7064731651894931,0.7500233424924224,0.7883394723172772,0.8117372719713691,0.9497626348420892,0.9562188069350318,0.9954257930204415,0.9940182941538123,1.0147359329458512,1.0140620220767815,1.2192977306942974,1.227924823638644,0.7668448935587768,0.21055463666755683,0.5732543630637047,3.39383714374349,2.7459117112098172e+16,1.5294233879737486e+16,0.059460442519391976,0.03311839600566022,0.28520616353389194,0.27811489922208144,0.032024595964369997,0.005633277110878314,0.04521517256453202,0.0,0.0,0.010510730512387644,0.004391641135943258,0.0002479433624777537,42.3916591569605,0.6634381332038671,0.3695230961918226,21,0.0009735830116901038,24,0.4934659004211426,0.47645963741284286
S4,3,61,1,MGCUBED,hyb,sample,500000,10,1003,2e-17,3.808122514698013,0.5,1.1964147427804217e-05,9704.072707302003,6.093834376205463e-11,4,0.001,0.5735374709916028,0.0080863104979882,0.6116400295283728,0.02165337370943206,0.5674106447551619,0.7067226561685294,0.7378484867949947,0.63383253865905,0.6655181577579804,0.5798425112418727,0.6144440649005549,0.5735374709916028,0.6116400295283728,0.6645767444390969,0.6973232122156982,0.8139145080705674,0.8516716502618632,0.8579809249698268,0.8858128234946525,0.9194238123315776,0.9217099018103598,0.9943203842980189,0.9889508425432509,1.010495624141417,1.0049518219082443,0.3161768104120181,0.7829816983165525,0.8746321807173008,1.9040612573490066,1.6891589653632192e+18,1.0490271457009852e+18,8.87134780377291,5.509419099055293,0.08068203614071923,0.05320379723671919,0.8348411892562364,0.04906369376167618,0.8977640686169083,0.78892,0.0,0.013497261469029407,0.0487900278174824,0.0005175328163621257,26.080010855939936,40.81167162404516,25.34548392007144,78,0.001,10,0.2106330394744873,0.47645963741284286
S4,3,62,1,MGCUBED,hyb,sample,500000,10,1003,2e-17,10.0,2.0,6.000000000000003e-06,13747.179512692614,5.5226417010692304e-11,5,0.001,0.5275614335770382,0.00993672499732469,0.5628150328430863,0.013375357754159394,0.4909141067188882,0.7286890437885909,0.7493530920885467,0.6677122524719801,0.6934267420927027,0.5554159175734236,0.5920269298464447,0.5275614335770382,0.5628150328430863,0.5593574082849565,0.5861694456617709,0.611605233411175,0.6361336459323679,0.6883280025667756,0.7137509895399405,0.8021308633823654,0.8237338689688174,0.8926018089182438,0.8975755769876053,0.9873277772112713,0.9769136052187901,0.8302695335869232,0.054321829341548215,0.3135591892555559,20.0,5.073226176759565e+18,8.106440716399849e+17,10.146452353519132,1.62128814327997,0.01907459129519272,0.00448573217865271,0.5160189229839683,0.19587492444289528,0.9088778849545249,0.09336,0.00192,0.4818574873084864,0.12907694429367672,0.0006451246335371934,746.9215439293962,122.57392290837485,19.585924317452275,5,0.001,40,0.7125601768493652,0.47645963741284286
S4,3,63,1,MGCUBED,hyb,sample,500000,10,1003,5e-20,9.999999999999995,1.421481552435799,6.000000000000003e-06,200.0,5e-12,1,1e-06,0.9507128238801504,0.005825994219960782,0.9680497171230268,0.022455173842707427,0.9247665363957781,0.9507128238801504,0.9680497171230268,0.9595030883639252,0.9725700088578912,0.9840251124184572,0.991801372883146,0.9938546302950708,0.9956348106675836,0.9982333777169277,0.9972887528327808,0.9989220557070906,0.9976005732754599,0.9990012059745684,0.9976701451319844,0.9992892325856294,0.9982496743691479,1.0169504755090544,1.0184844576787824,1.2523753745833168,1.2621408867014043,332.1078134347692,0.8441896399877471,0.8884814727797437,14.214815524357983,3.133482575629802e+17,2.525665709809821e+17,0.0015667412878149019,0.0012628328549049112,0.0702604095121146,0.07023909018303724,0.0012612257147886084,0.00013542060479158555,0.001553874904857998,0.0,0.0,0.00010402504512956272,0.00013034359623288538,5.011836843037834e-05,2.075587222558303,7.570789045823889,6.1022462476588055,84,0.0009803321051281373,29,2.2075729370117188,0.47645963741284286
S4,3,64,1,MGCUBED,hyb,sample,500000,10,1003,2e-17,10.0,1.4200287605989352,9.644852030560395e-06,13247.304411245415,5.899284576401891e-11,4,0.001,0.49913868454880905,0.004219795780967573,0.5417480274441482,0.007652490128668263,0.4706197240511606,0.6488343480818226,0.6795919891743722,0.6125292516953758,0.6447515432513996,0.5305927049703385,0.568015483236,0.49913868454880905,0.5417480274441482,0.5276480880060423,0.5721809268358872,0.5972471451881138,0.6379091002484714,0.7481612009677567,0.7861450827408935,0.823009849698672,0.8496846388849348,0.9227821435022644,0.9184741710035151,1.0135700468740396,1.0010379131742155,0.8302695335869232,0.1850731431700177,0.5438071542654963,14.200287605989352,1.6736837680552018e+18,6.465824731012248e+17,3.347367536110404,1.29316494620245,0.030709133689997965,0.016198563457359275,0.5279408113788543,0.136009256938094,0.7674637416813931,0.0,0.0,0.19757456045026045,0.11996830356749048,0.0006782362269960987,291.3064100473019,40.43777628097642,15.622041566938002,19,0.0009793301797234035,29,0.5468637943267822,0.47645963741284286
S4,3,65,1,MGCUBED,hyb,sample,500000,10,1003,2e-17,10.0,1.3284381605024436,9.013072872711268e-06,13104.274756392611,5.511737855202314e-11,5,0.001,0.46862097993490187,0.009318451169498634,0.5136678162971126,0.01601866399796796,0.44078024008610656,0.658700621907533,0.6889693752319915,0.6027302981400855,0.636493340340196,0.5022661903861294,0.545463354996658,0.46862097993490187,0.5136678162971126,0.4959569683350642,0.5389905618298707,0.5628836610023932,0.6071088344341637,0.6919299580362158,0.7285236108849553,0.8168212065794707,0.8475286755611963,0.9032891566911598,0.9048509184225724,1.0070847439260338,0.9953285882862069,0.8302695335869232,0.18491179655258436,0.5436107541518516,13.284381605024436,2.024821105182526e+18,7.798382628836776e+17,4.049642210365052,1.5596765257673553,0.02940854727785177,0.01490726768116799,0.5702348703827376,0.13751915638579218,0.7998644544113562,0.0,0.0,0.19473179943646046,0.12228953070066811,0.000671462482140154,290.01143714804635,48.921585082654545,18.841626961871413,18,0.000984028267038847,27,0.5127277374267578,0.46862097993490187
S4,3,66,1,MGCUBED,hyb,sample,500000,10,1003,2e-17,10.0,1.2383439692094842,6.000000000000003e-06,13230.268793378005,3.584556850242961e-11,5,0.001,0.46386726479215623,0.006940531771224415,0.5094611215755307,0.005495128070656671,0.4461896626179146,0.6403296310180849,0.6692851464662368,0.5812979927388092,0.6131394843860407,0.47995703365393394,0.5240709028495927,0.46386726479215623,0.5094611215755307,0.5188928471729695,0.5570684782593917,0.6290645570669129,0.6626670443989056,0.7576523464289399,0.7852069197079548,0.87374825330287,0.8968468095487113,0.9315518952128355,0.9356047007394427,0.9944259892431729,0.9858467376065534,0.8302695335869232,0.13516818565049749,0.47573992091829237,12.383439692094843,6.086597317313126e+18,1.9603133113987013e+18,12.173194634626254,3.920626622797403,0.016411122774608176,0.006130100546944881,0.7449163878168138,0.1317851162557116,0.9234819703431756,0.39108,0.03996,0.19879442891873453,0.11561135879427821,0.0005817116797821065,341.7404804270004,147.0579241596502,47.36301602486846,14,0.0009906751753675873,25,0.47638797760009766,0.46386726479215623
S4,3,67,1,MGCUBED,hyb,sample,500000,10,1003,2e-17,10.0,1.5973561749533356,6.000000000000003e-06,13913.071512213788,2.6103580538522823e-11,5,0.001,0.4731883442949343,0.0034411277501813645,0.5140307806414998,0.009165391519093704,0.45592669371473865,0.6432357319879054,0.6639324386866756,0.5856696244565164,0.6087388714433513,0.4840082771815489,0.5177250811607907,0.4731883442949343,0.5140307806414998,0.5375339775362413,0.5749855966918986,0.6513044201942523,0.6848453125198992,0.7765676883257243,0.8030866372734013,0.8842864483323538,0.9064237949601311,0.9372562659912799,0.9407192618083547,0.9949671660617154,0.9866546228250543,0.8302695335869232,0.1438962258582653,0.48883849883868735,15.973561749533356,6.5411071074499e+18,2.1832163844158705e+18,13.082214214899802,4.366432768831742,0.011665746697063384,0.00444556831707428,0.7644769742276775,0.12634277131527943,0.928409277757295,0.47424,0.06576,0.18170973291687323,0.1121869816622418,0.0005663237962630294,320.8583748659539,158.03930879267497,52.74856422163698,14,0.0009983476093458348,32,0.6274251937866211,0.46386726479215623
S4,3,68,1,MGCUBED,hyb,sample,500000,10,1003,2e-17,10.0,1.2696708037286146,8.949138735727678e-06,12569.330017727729,3.751162247485084e-11,5,0.001,0.48757782449299203,0.00681578957098343,0.5213441416595053,0.00910849202867811,0.4634339298437188,0.6681312653855016,0.6986132609538178,0.6124039200471916,0.6414328337991495,0.5125945316123189,0.5400065650487902,0.48757782449299203,0.5213441416595053,0.5220184634807248,0.5587736206881299,0.5993864609857145,0.6382131558335018,0.742415232040518,0.7767288684672702,0.8440709236354363,0.868605578430747,0.929557075806442,0.9271557951743066,1.0088151532897753,0.9986602895953594,0.8302695335869232,0.28025556778129973,0.640822414667753,12.696708037286147,2.4716581479513364e+18,1.1607592155517663e+18,4.943316295902673,2.3215184311035326,0.02371221915986458,0.01325195716676801,0.6695395186591669,0.10944630730872085,0.8301561362378788,0.04184,0.0,0.11265579496410259,0.1030466107911376,0.0006454727519146285,174.53222406358475,59.71758891229932,28.045035968237862,28,0.0009766698490220112,26,0.49933815002441406,0.46386726479215623
S4,3,69,1,MGCUBED,hyb,sample,500000,10,1003,2e-17,10.0,0.5,6.000000000000003e-06,20000.0,1.5485421011211008e-11,5,0.0001,0.6705337873074743,0.015055511281848809,0.7280859846112296,0.013984337516456462,0.6029429894322148,0.8726593625048913,0.921367058432279,0.7282758348849062,0.7854593713664375,0.6705337873074743,0.7280859846112296,0.7409125259717187,0.7852119388507824,0.8485522613170788,0.8861408565626074,0.889435175128864,0.9146556782152789,0.9296175277490881,0.9347101530261783,0.9858842515893811,0.9839485079014555,0.9997891410733996,0.9974405578331889,1.0014298924434806,0.9991949251697431,0.8302695335869232,0.7749224248609288,0.8726707376485999,5.0,2.7359616511891714e+19,1.6894543443264616e+19,54.71923302378344,33.78908688652924,0.005748929273491294,0.0035894248564877257,0.9680807411124799,0.01185491434866458,0.9819096687260018,1.0,1.0,0.0035731001706430393,0.01177479289747227,0.0002446866394460757,14.602759589701597,661.0341049831436,408.188082580149,77,0.001,10,0.2176969051361084,0.46386726479215623
S4,3,70,1,MGCUBED,hyb,sample,500000,10,1003,2e-17,3.1446287535651063,1.4512143720734234,1.086300998308367e-05,11625.694321369932,5.935615611531572e-11,4,0.001,0.5044411889815897,0.007535740616584825,0.5445840454077424,0.010917177249832469,0.48996822238571003,0.6375011375430581,0.6524181147580864,0.5867025836667873,0.6041376952124706,0.5198522910566991,0.5496049213990966,0.5044411889815897,0.5445840454077424,0.5478411203125055,0.5908626885849902,0.6422519390522115,0.6805414518487463,0.7922749617106676,0.8233160771976014,0.8751686560729389,0.8952560485834897,0.9506386788014776,0.9461527517196451,1.0048666574844491,0.9952678410466991,0.2610889448526528,0.22832410699417938,0.5921202363767635,4.563530442009018,1.1403862633603935e+18,4.896138810157492e+17,7.252915067112599,3.1139693705380496,0.05326451711140524,0.026551659644000945,0.7233195553262414,0.11020356160081295,0.8765747006599903,0.25712,0.0,0.11769797248422888,0.10324219169416685,0.0006101399758340668,192.9032306452871,27.55280625398602,11.829532533246425,23,0.0009674762480489489,30,0.5381460189819336,0.46386726479215623
S4,3,71,1,MGCUBED,hyb,sample,500000,10,1003,2e-17,10.0,1.3822249181697894,8.939045247633323e-06,12974.18797763531,5.1216801324859767e-11,5,0.001,0.4674006500775625,0.007092524874110177,0.5136377967761429,0.012420833791676288,0.44314770171986284,0.6404685550599064,0.6949104832253883,0.5845943593418037,0.639527425767056,0.4889230100814411,0.5436108899229597,0.4674006500775625,0.5136377967761429,0.4976409134677877,0.5400696155869882,0.5647471719972119,0.6091376493714749,0.6942982593515,0.7313464367250548,0.8178960593134834,0.848630198278034,0.9046976247647359,0.9061150848207096,1.0069767772028186,0.9953545747079733,0.8302695335869232,0.18812211429242778,0.5474936931380734,13.822249181697895,2.0738372950589312e+18,8.075780973747453e+17,4.147674590117863,1.6151561947494908,0.027664552471946782,0.014054331622063059,0.578975152555315,0.13568138901775284,0.8038134198739241,0.00068,0.0,0.1905402421026347,0.12092244830304678,0.0006702963766953111,284.2626765223384,50.105862398476944,19.511847491359223,19,0.000987303512978421,28,0.5261430740356445,0.46386726479215623
S4,3,72,1,MGCUBED,hyb,sample,500000,10,1003,2e-17,10.0,1.3063882039177286,6.000000000000003e-06,12750.287377966471,4.4749195778769946e-11,5,0.001,0.48099151394517065,0.0043537807786097685,0.5204798487838802,0.009421835867440723,0.4562165261212476,0.6651098815378865,0.7101269861193708,0.6017762215586278,0.6502963584737153,0.5001394207516041,0.5500140241287762,0.48099151394517065,0.5204798487838802,0.5249023243807632,0.5563010845756102,0.6125054290415727,0.6418875873737026,0.7237755015288534,0.7510984144817721,0.8463348253882199,0.8691770080892486,0.9149527699494285,0.9209117281261643,0.9904266623215946,0.9811612576461851,0.8302695335869232,0.10263459323050615,0.4210306325056573,13.063882039177287,5.353431880678931e+18,1.4278761174961805e+18,10.706863761357864,2.8557522349923614,0.019852656612047718,0.006538636364344287,0.6735582586256953,0.15697895406258244,0.9132397912078679,0.21988,0.00812,0.28238984204899464,0.12963896405971073,0.0006201800246326903,455.33527497317203,129.34395664115772,34.498831916947495,10,0.0009676949658649841,27,0.4950687885284424,0.46386726479215623
S4,3,73,1,MGCUBED,hyb,sample,500000,10,1003,2e-17,10.0,1.4118543120835423,9.809142942204506e-06,12511.335622509341,4.575916376433162e-11,5,0.001,0.4927797639543182,0.003600538419347002,0.528674247997086,0.012421224293156426,0.46187486984305925,0.7128403655171187,0.7196711502836816,0.6473031118020164,0.658525121149336,0.5333417015215434,0.5560278974008053,0.4927797639543182,0.528674247997086,0.5115706456182165,0.5532390000540821,0.5684737467974261,0.6115852134763362,0.7095848824155584,0.7478096483895317,0.8172157424995614,0.8453269261224075,0.9142230372856618,0.912298036705063,1.0133957901747421,1.0017801802892028,0.8302695335869232,0.24822350991937225,0.611831163754563,14.118543120835422,1.7435207756168814e+18,7.776344818561998e+17,3.487041551233763,1.5552689637123998,0.027718740671853963,0.015785197650444272,0.578324214863463,0.1213108569032869,0.7749604543598532,0.0,0.0,0.14230891105866517,0.11199500466390906,0.0006763489931734384,210.40751519559436,42.12510416322838,18.78838153650354,25,0.0009736926290231326,29,0.522881031036377,0.46386726479215623
S4,3,74,1,MGCUBED,hyb,sample,500000,10,1003,2e-17,10.0,1.3222226917643498,6.000000000000003e-06,12359.746446048639,4.06178068508185e-11,5,0.001,0.4725699184820293,0.007134378697110936,0.5104995928461715,0.004696996223776627,0.4521248017447772,0.6446304392727293,0.6893014651575399,0.5865783275145353,0.6326501674536744,0.49085786246219143,0.536454354673283,0.4725699184820293,0.5104995928461715,0.5186324057865793,0.550586346380713,0.613060186302286,0.6441846111042591,0.7292237287309697,0.7571261744310058,0.8520673156469932,0.8754811985321534,0.9179585286502527,0.9236733339122575,0.9915063531510112,0.9823440999821855,0.8302695335869232,0.11171980632207064,0.43736328680879755,13.222226917643498,5.32281333983557e+18,1.5082182542952607e+18,10.645626679671143,3.016436508590522,0.018830180704110258,0.006494302739015924,0.6883286612928954,0.15120578218752434,0.9133066304326137,0.24264,0.00832,0.26022129843786035,0.12717825404650196,0.0006144039763403148,423.53452851634097,128.6041838547415,36.43997361636897,11,0.0009794242161217405,27,0.5103659629821777,0.46386726479215623
S4,3,75,1,MGCUBED,hyb,sample,500000,10,1003,2e-17,1.4005207356840648,1.4790829076390222,1.2302264213850178e-05,11173.965118518614,8.099062565153954e-11,4,0.0001,0.5219341517234799,0.014148776935941743,0.5767458523700066,0.022883725742314138,0.47760033471070384,0.6364545809487598,0.6827631378557308,0.5695840212232844,0.6225758875360982,0.5219341517234799,0.5767458523700066,0.522472551490494,0.5727204288473254,0.5782971299708082,0.6260222141754763,0.6633059509666965,0.7027665774376499,0.8050297613321202,0.831656219412135,0.8969659927455428,0.9128800955864131,0.9615387151245507,0.9566722607486371,1.0024625509306289,0.9937972510004478,0.11628096979952231,0.21056761469453822,0.5732686132967462,2.071486281944329,7.236735653241533e+17,2.9864308861531795e+17,10.33434988694666,4.264743548683696,0.09169395751663596,0.04259134190351273,0.777565154227102,0.10115444854513184,0.9077793451385945,0.53596,0.00728,0.09635785992697511,0.09606941086381936,0.0005656592996466113,170.34610760783656,17.484634967236836,7.215498313231975,21,0.000986055271759348,30,0.5486080646514893,0.46386726479215623
S4,3,76,1,MGCUBED,hyb,sample,500000,10,1003,5e-20,10.0,0.5,6.000000000000003e-06,20000.0,4.74444097279141e-11,4,0.0001,0.6468844189099195,0.016567534735230167,0.6889032860548907,0.015709919124297794,0.628502804376458,0.7204226690081647,0.7374416278655069,0.6606983617106315,0.6940375887406478,0.6468844189099195,0.6889032860548907,0.6648929938237839,0.7100100989969677,0.6964010653549801,0.7403121782285003,0.7301951702567308,0.7617183864603067,0.8982335017093599,0.9081141000350346,0.9856234868164109,0.9861879932470169,1.0167096715106145,1.0157605849507116,1.2343180593049838,1.243143889977206,332.10781343476935,0.25292758554312383,0.6162902755283999,5.0,1.2299445004067062e+19,5.51412594019499e+18,0.061497225020335305,0.02757062970097495,0.19463382294042444,0.18841311619648235,0.026722006565346068,0.010344402741345151,0.05050174794674667,0.0,0.0,0.009527151431169252,0.009759893307067202,0.00022275425914399644,42.76978347251514,297.1661761603658,133.22647647699443,25,0.001,10,0.20385503768920898,0.46386726479215623
S4,3,77,1,MGCUBED,hyb,sample,500000,10,1003,2e-17,10.0,1.3665579973439996,6.000000000000003e-06,11912.343566969468,3.646905250664642e-11,4,0.001,0.5097797331894198,0.003948039901241522,0.5400402060853462,0.006743454145728559,0.48838091294477337,0.6324343080322488,0.635681325332395,0.5987384102950513,0.60656264607197,0.5239640173636556,0.5444848979323036,0.5097797331894198,0.5400402060853462,0.5601419471319765,0.591366020620665,0.6679613666786979,0.6992886383866945,0.7871051236786255,0.8115338582861362,0.8804817740628051,0.9012393241759418,0.9365560754731108,0.9363988283950231,0.9957929188323746,0.9861785282580767,0.8302695335869232,0.1203922974379506,0.4521466549078774,13.665579973439996,5.256285498219965e+18,1.5683525777670538e+18,10.512570996439932,3.136705155534108,0.01768957359210808,0.006356230098411737,0.6993107649840044,0.14614094384600282,0.9122491105636464,0.2618,0.00812,0.24176901107054652,0.12465035030107632,0.0006099442299182995,396.3788805788537,126.99680853865412,37.8928755120394,12,0.000976112855245714,28,0.5161521434783936,0.46386726479215623
S4,3,78,1,MGCUBED,hyb,sample,500000,10,1003,2e-17,10.0,1.6048617455734449,1.08473214875831e-05,20000.0,8.7244509516634e-11,5,0.001,0.4712782269055487,0.00911739979650029,0.5149633350583925,0.010435880000415001,0.44044963985105134,0.6386515905530257,0.6728579311903699,0.5852612370217933,0.6214827693606138,0.4974240327664444,0.5403821947392236,0.4712782269055487,0.5149633350583925,0.4980745804083309,0.540083454403491,0.5501474517593749,0.592393851634377,0.668962895981098,0.7054531170036566,0.7957317338360829,0.8272227044353402,0.8891133769837612,0.8906008231937413,1.0101322390297875,0.9973355471477522,0.8302695335869232,0.1400612644071425,0.48315465072620556,16.048617455734448,1.576176248631538e+18,5.1722247212815955e+17,3.152352497263076,1.0344449442563193,0.030627844491933773,0.01500611121554685,0.4676798374462488,0.14795147568181727,0.7557728927502306,0.0,0.0,0.2572204233587961,0.12257056190125883,0.0006715303901098054,383.0361620964565,38.08190276925038,12.496582099087577,14,0.0009726434821657242,33,0.6036550998687744,0.46386726479215623
S4,3,79,1,MGCUBED,hyb,sample,500000,10,1003,2e-17,2.4473675932482446,1.3745433025843992,1.1289173581129413e-05,4758.366124859255,4.662138166036776e-11,4,0.001,0.5391770702985598,0.00548390810672528,0.5811726718197284,0.009923486558949118,0.5274600901208236,0.6751309093886245,0.7247553504158752,0.6135958207022434,0.6633306588342723,0.5538644180888537,0.6003616784797406,0.5391770702985598,0.5811726718197284,0.5551435213657847,0.5965424067997802,0.6330965227353923,0.66721605609669,0.7868206658550709,0.8198782962300631,0.8573475077101849,0.8739923573681484,0.9572112072121304,0.9503253433240124,1.0135136165312273,1.0035186370153748,0.20319747501619712,0.33145874756619226,0.6813248703524015,3.3640127342614745,5.1683655951781786e+17,2.613368489148649e+17,4.223612022514784,2.135656691997038,0.09480120575796985,0.05690775539283936,0.6577223729699933,0.09849211605338729,0.8038356548514639,0.0016,0.0,0.07677866033687174,0.09501398499666211,0.0006553829197985681,117.1508411608738,12.487258086930167,6.314144423276793,33,0.0009818166447031422,28,0.5090248584747314,0.46386726479215623
S4,3,80,1,MGCUBED,hyb,sample,500000,10,1003,2e-17,10.0,1.266377835811167,6.000000000000003e-06,14831.809291637775,6.555880121031896e-11,5,0.001,0.5014475930799689,0.006225296450045576,0.5397278914982454,0.010134118596194407,0.4767174828620173,0.6799523658023551,0.7420361203897092,0.6168231644894565,0.676980408968044,0.517425388018686,0.5702394894057141,0.5014475930799689,0.5397278914982454,0.5422329376448163,0.5699924453209936,0.6108684587655782,0.6364369494801438,0.7065462980485037,0.7326279667367497,0.8242073579278382,0.8454573954788331,0.9045844376282229,0.910735425850777,0.9871816370503108,0.9776131165798446,0.8302695335869232,0.07226981548670856,0.3585182120149303,12.66377835811167,5.735072329244917e+18,1.1680075952271265e+18,11.470144658489835,2.3360151904542534,0.023670568010585147,0.006332354324072088,0.6139138509433223,0.1776100700898482,0.9184831606559051,0.15676,0.01044,0.3743981081818477,0.13390176123701006,0.0006361484846677428,588.5388666411648,138.5647493461114,28.22016364845214,7,0.0009741367967778208,26,0.4683959484100342,0.46386726479215623
S4,3,81,1,MGCUBED,hyb,sample,500000,10,1003,2e-17,10.0,1.2372740066658996,6.000000000000003e-06,8596.182265295542,2.6526094802600432e-11,5,0.001,0.463825406005191,0.004753659413787168,0.5061426158153575,0.008578617840263815,0.4459364780150238,0.6227546648021531,0.6785379320358627,0.5690258143506869,0.6210006977144843,0.4793405767516895,0.5234412323826029,0.463825406005191,0.5061426158153575,0.5126840633270349,0.551980112846713,0.6209354431180875,0.6594767927864618,0.7563129603741869,0.7866050839049896,0.86850333767802,0.8941919048402271,0.9308358003206333,0.9327611206408445,0.9987882799894745,0.9896538825948904,0.8302695335869232,0.1828150913600868,0.5410463489876838,12.372740066658995,4.480445680242189e+18,1.721097423689369e+18,8.960891360484379,3.4421948473787385,0.01819434840724155,0.008114016890766662,0.7336144232316909,0.12029011147072671,0.8987434376985978,0.32872,0.0,0.157971790753703,0.1089658534550653,0.0005974389065073175,264.41497035608296,108.25178777184935,41.583334860077414,18,0.0009898192053327196,25,0.4559760093688965,0.463825406005191
S4,3,82,1,MGCUBED,hyb,sample,500000,10,1003,2e-17,10.0,2.0,4.9999999999999996e-05,20000.0,2e-10,3,0.001,0.6816919783429795,0.0038786003198867172,0.7344388988989166,0.0050681126676079425,0.6730112126016679,0.8005094328711555,0.8344915073760631,0.7406921639043023,0.783100183304334,0.6886594867370871,0.7391887146036116,0.6816919783429795,0.7344388988989166,0.686854780607902,0.7387379448154232,0.7035793293981822,0.7471492768029073,0.849461833843409,0.8726834917457712,0.9635855100943808,0.9705852226942326,1.0264299326696995,1.0228958246559205,1.1851917775530523,1.1913353339617,0.8302695335869232,1.0416666666666665,0.9229001282564582,20.0,6.0264044416685816e+16,3.924956056436589e+16,0.12052808883337164,0.07849912112873178,0.046360723917578325,0.04462181760392734,0.07243319568838884,0.01814115021444578,0.10677530331708564,0.0,0.0,0.00443351156496425,0.01806584246831391,0.00036293401335129466,12.215751078345258,1.4560360758833573,0.9483063524435843,104,0.001,40,0.731658935546875,0.463825406005191
S4,3,83,1,MGCUBED,hyb,sample,500000,10,1003,2e-17,10.0,0.5,1.9231344461390248e-05,20000.0,1.9340991054381645e-10,5,0.001,0.5645179364446913,0.012552206000807909,0.6148696258412448,0.019699104727362617,0.5397374302425418,0.7751823814831196,0.8202567998016314,0.6734855549559955,0.7162003121278097,0.5918058362575742,0.6348044108908587,0.5645179364446913,0.6148696258412448,0.5829859352401436,0.6330331185571474,0.6902331394119184,0.7375260947760595,0.762023729239546,0.8080550457588129,0.7985358702447398,0.8219277048340725,0.9532168557098084,0.9452037064670797,1.0459025136464546,1.0342142975030966,0.8302695335869232,0.6374106489730235,0.8332844589671303,5.0,7.10420600005684e+17,4.223996618774605e+17,1.4208412000113682,0.8447993237549211,0.10841287582050832,0.08261591053517298,0.4458845569078279,0.08534082726904704,0.5827628744245195,0.0,0.0,0.03180503384686719,0.08454011917246478,0.0006920497659842239,45.957726467307594,17.164430842158573,10.205573689711176,64,0.001,10,0.20283985137939453,0.463825406005191
S4,3,84,1,MGCUBED,hyb,sample,500000,10,1003,2e-17,10.0,1.3345008656496016,7.500079849362897e-06,8266.413010689252,3.1109480918482456e-11,5,0.001,0.47682107688694997,0.00979968705202253,0.519868396619324,0.014252122809153462,0.44922611261224865,0.6745450235701465,0.6906034317373148,0.6156330375392505,0.6397569956061047,0.5100462128217107,0.5495479579035256,0.47682107688694997,0.519868396619324,0.5086908503749356,0.5500835195418841,0.5830145486921334,0.6255777074929476,0.722384233418995,0.758229517695187,0.8340345654023789,0.8621341271987593,0.918209276613217,0.917855036163183,1.0064252070402224,0.9957058433315037,0.8302695335869232,0.22582337788443047,0.5895407619767459,13.345008656496017,2.4504668808376084e+18,1.0498614452026255e+18,4.900933761675217,2.099722890405251,0.024174542826381536,0.01269873324976008,0.6430064063302682,0.1212540046486848,0.8289225940399527,0.02916,0.0,0.14934708992610995,0.11117038410610382,0.0006541551703874184,228.30529618478792,59.205587938751556,25.36564138185878,23,0.0009885191597404457,27,0.5004153251647949,0.463825406005191
S4,3,85,1,MGCUBED,hyb,sample,500000,10,1003,2e-17,10.0,0.5,6.000000000000003e-06,6912.259024836205,2.4302012888495525e-11,5,0.001,0.5667410095268007,0.00810032681123318,0.6110705164772054,0.00978067528897732,0.5434125377364897,0.7554616584940131,0.7879023905182447,0.6738139551156278,0.7111106314689469,0.5766339652862964,0.6244703362860118,0.5667410095268007,0.6110705164772054,0.652278904738807,0.6916750769998916,0.7816374717623926,0.8129590613972926,0.874635337978851,0.9025384590087491,0.9160721818703739,0.9244906671983608,0.9811941115275383,0.9768543151218113,1.0045206186930709,0.9991712084833969,0.8302695335869232,0.49378625774989865,0.7764379494141416,5.0,6.615717395867334e+18,3.747241784050358e+18,13.231434791734669,7.4944835681007165,0.023544692081230084,0.014053396788646777,0.86901822298357,0.04909093077483267,0.929212691368703,0.90284,0.30792,0.026614338018092792,0.048212082973188713,0.00046745567484089847,56.934463416560625,159.84196363636096,90.53689103421927,49,0.001,10,0.20764899253845215,0.463825406005191
S4,3,86,1,MGCUBED,hyb,sample,500000,10,1003,5e-20,0.1,0.5,4.9999999999999996e-05,20000.0,1.296497554356044e-10,1,1e-05,0.67240349223441,0.009544367003744397,0.7142561328540458,0.01904823973964544,0.679393503307316,0.6744578447219658,0.7173196020037661,0.67240349223441,0.7142561328540458,0.6771482040897641,0.7114259349957612,0.7410920344523076,0.7478426021504391,0.8170467754483642,0.8093969130890939,0.8427266327038124,0.8279788332469791,0.938136905425113,0.9285778624293171,0.9989000830366521,0.9978138145777079,1.0155418397532516,1.0173152088043724,1.1882633166459475,1.197028265267879,3.321078134347694,6.427573507820773,0.9999887278114878,0.05,2.9376388924303194e+17,2.4183730689682106e+17,0.14688194462151594,0.12091865344841052,17.842507962974572,17.438586502990265,0.10777130921822183,0.004435791179430439,0.11761031745445803,0.0,0.0,0.00043217457061435526,0.00443333795783238,0.00043841910653938984,0.9857566975711322,7.097612260673762,5.843017121478674,643,0.001,10,0.715256929397583,0.463825406005191
S4,3,87,1,MGCUBED,hyb,sample,500000,10,1003,2e-17,10.0,1.6912755493124543,1.1980930189712672e-05,20000.0,5.26470753537369e-11,5,0.001,0.5001076168911374,0.0036594665679081356,0.540919190488234,0.010256469438609389,0.468446527122446,0.7115372614040456,0.7540297403065159,0.6513556672294472,0.6943930357981299,0.5388349184078332,0.5805106886539181,0.5001076168911374,0.540919190488234,0.5190983957689218,0.5609394857903729,0.5725868031536935,0.6150631341076915,0.7128245807825987,0.7515275644868367,0.815905971704414,0.8433158437371352,0.9165046949467074,0.9138226516966009,1.0160561950965181,1.0044213172026448,0.8302695335869232,0.26868362822173797,0.6307096103464147,16.912755493124543,1.5992751636054077e+18,7.36647768203057e+17,3.198550327210816,1.4732955364061142,0.02390614866620855,0.014082710978975892,0.5674183914263499,0.11847620682806609,0.759738436749057,0.0,0.0,0.13173776201457535,0.1102733437655373,0.0006797954792528103,193.79028845465913,38.63999431191499,17.798103929208512,27,0.0009948679701837966,34,0.627608060836792,0.463825406005191
S4,3,88,1,MGCUBED,hyb,sample,500000,10,1003,5.004838409817159e-19,0.1,2.0,6.000000000000003e-06,20000.0,2.438193938021897e-11,5,0.0001,0.5642234263112981,0.009410094057369636,0.6008465789417632,0.015711220340759016,0.5477914773749768,0.6649330365646694,0.6774431885854605,0.5830934567892817,0.613443001741444,0.5642234263112981,0.6008465789417632,0.5760316706672961,0.6157152371086416,0.635696862521519,0.6656404998840337,0.8184312016187498,0.8346978164036478,0.936758203730592,0.947014996415786,0.9649041544263783,0.9700343403153514,0.9839643362489596,0.9799090214925362,0.9985544528583343,0.9928901222205901,0.331786749381687,0.12304189396984139,0.4565187675015351,0.2,8.882514080140624e+18,2.67962157162073e+18,44.45554764402952,13.411072965422049,0.3469554287870867,0.10999757475492078,0.9082678095796308,0.0658274749028408,0.9685348298389167,0.93192,0.73384,0.03403246009075969,0.06490487588295099,0.0003858650376231523,88.19783284951782,214.6099066269386,64.74218110915182,12,0.001,40,0.830211877822876,0.463825406005191
S4,3,89,1,MGCUBED,hyb,sample,500000,10,1003,3.1253983108787307e-19,0.1,0.5,6.000000000000003e-06,20000.0,1.6293070791981322e-11,5,0.0001,0.7855190269541003,0.011220915128964407,0.8144990261910194,0.02400440745934824,0.7760882276892351,0.8454364251612236,0.8657580757911573,0.7868906524648542,0.8093231334430397,0.7855190269541003,0.8144990261910194,0.8418959107252741,0.8784947668725799,0.8846645018268378,0.9186357032813388,0.907408970981141,0.9249725800523381,0.9548446822374277,0.9558474942690551,0.9936002087417396,0.9916706837066099,1.000136029466033,0.9980633700075296,1.0008902377424413,0.9989405460865101,0.5313047816638043,0.736509412694987,0.8628393901787841,0.05,2.628776280414843e+19,1.6071481588538012e+19,82.15972946486622,50.22978141013532,0.3903979179587753,0.24050102289533912,0.9782236836838686,0.008307646219353057,0.9875609045534677,1.0,1.0,0.001376327375717421,0.008289732240290861,0.00020307649601382388,6.777383905736345,635.1371098237638,388.3021329269991,74,0.001,10,0.2159590721130371,0.463825406005191
S4,3,90,1,MGCUBED,hyb,sample,500000,10,1003,7.842444480366447e-19,10.0,2.0,7.05505645013411e-06,20000.0,8.638343562919289e-11,5,0.0001,0.5490692279550772,0.009321069004863035,0.5861907161822779,0.010608556321526236,0.49632030590358206,0.7140207172788644,0.732277542868944,0.5992009490403101,0.6338872074625027,0.5490692279550772,0.5861907161822779,0.5720083983555051,0.6027785988665182,0.6797702138941484,0.7124307843236872,0.73478108826297,0.7700998946413808,0.7642267055729697,0.7877864527535021,0.9081190845123768,0.9069707100711797,0.9987982950476209,0.9905219664961041,1.162645753013957,1.16710808337431,21.173743356819486,0.0480163636620457,0.29571160616643144,20.0,4.485167612316882e+18,6.464718171874465e+17,0.3517467798473288,0.050699193344141566,0.04758735927155434,0.03698917633496947,0.04637445561980619,0.040835813915887205,0.20670079888784332,0.0,0.0,0.11131171493420976,0.01910575736774344,0.0002695852412416235,412.8998843614122,108.36587409836747,15.61936801583418,5,0.001,40,0.859915018081665,0.463825406005191
S4,3,91,1,MGCUBED,hyb,sample,500000,10,1003,5e-20,0.1,2.0,6.000000000000003e-06,20000.0,5.743310703082601e-11,3,0.0001,0.7251009364782164,0.006349239097345356,0.7659023429417477,0.011197080751292537,0.7121062854710228,0.7643351188392591,0.7894017294795885,0.7309851708048052,0.7650454023656723,0.7251009364782164,0.7659023429417477,0.7367535743981375,0.7832453905378447,0.7546857183540996,0.802405734428762,0.7588159081983756,0.8064564907483145,0.7617761525646681,0.8042471892706626,0.8252879471111951,0.8402234788734588,0.9999049532489295,0.9885054718274375,1.067394881010583,1.0544874124362458,3.321078134347694,0.0522346805717792,0.3077906659322987,0.2,7.350880594846336e+18,1.1357437712467448e+18,3.6754402974231675,0.5678718856233723,3.1890360723013043,1.0694179974356022,0.3481255628960949,0.10024775448896711,0.500926385560395,0.0,0.0,0.028496171988798974,0.09989644788111078,0.0006553300187522571,43.48369702803398,177.60419897479878,27.440639271751337,5,0.001,40,4.422144889831543,0.463825406005191
S4,3,92,1,MGCUBED,hyb,sample,500000,10,1003,2e-17,10.0,0.5,4.9999999999999996e-05,20000.0,3.086110288380082e-11,1,0.0001,0.9236276881330927,0.015042984788081122,0.9000412159606656,0.02300705229544305,0.8369142766737614,0.9576323102996422,0.9293111961841648,0.9460576063214894,0.9187432806436988,0.9236276881330927,0.9000412159606656,0.9307141167645622,0.9052685683836662,0.9894998292603774,0.9622543212399567,0.9974816332453557,0.9873315380787682,0.9986933124921885,0.9974333346874072,1.0013889125821591,1.0005205934228019,1.0014638762244699,1.0008605708690304,1.0033571203605613,1.005039023617067,0.8302695335869232,27.002707468719628,1.0,5.0,1.019023990896344e+18,9.558198269199672e+17,2.038047981792688,1.9116396538399347,0.06868981871992147,0.06583174498843307,0.6564527215958826,0.005738570526132651,0.6708409669468016,0.0,0.0,0.0005156079963661562,0.005735903237648342,0.0006715444729610712,0.7677942669867607,24.62057943998356,23.093507306235903,2700,0.001,10,0.2125382423400879,0.463825406005191
S4,3,93,1,MGCUBED,hyb,sample,500000,10,1003,8.457646734163008e-19,0.1,2.0,1.3785631431233075e-05,20000.0,6.428275411050262e-11,5,0.0001,0.5637640849813839,0.03206972533063047,0.5965716084771128,0.029935911972443503,0.5239194094374955,0.6550533071659774,0.6823064256909878,0.5799510739156954,0.6121494030272447,0.5637640849813839,0.5965716084771128,0.6107587634913805,0.646894778768224,0.7342531827883418,0.7742527121189415,0.8328285941350055,0.8681565824627612,0.8829542696073494,0.9146520198597784,0.9062389608972883,0.9209920310248544,0.9660799625559473,0.9606939456820858,1.0145406109677757,1.0055238938088402,0.1963358271357474,0.24636420320852387,0.6100482972832273,0.2,9.999882012320133e+17,4.4374168394125504e+17,8.457546944351478,3.753010403997749,1.051964875943572,0.5286783168426408,0.765058445155547,0.08971834944776595,0.8671494353870901,0.47716,0.0,0.01899329953771951,0.08945916262454065,0.000582704844872514,32.595060269105744,24.160656831860052,10.721217044848814,25,0.001,40,0.9930951595306396,0.463825406005191
S4,3,94,1,MGCUBED,hyb,sample,500000,10,1003,5.082914786350188e-18,10.0,2.0,1.3644028605288399e-05,20000.0,2e-10,5,0.001,0.5316669675797323,0.004431817592635691,0.569403823903926,0.008478169125721951,0.5221859871502493,0.72034912860117,0.7386768615045504,0.6045914052733121,0.6339692741897138,0.5384498739176908,0.5761176686856676,0.5316669675797323,0.569403823903926,0.6180881978785259,0.6542754657201477,0.7150765916235349,0.7535779526008606,0.7467200655364031,0.7768121908959976,0.8722852023386967,0.8753745714641689,0.9969296866226669,0.9872679861015655,1.1345383497995958,1.1361997954729028,3.266903217880237,0.07756646524247003,0.3704705490313125,20.0,6.681332581202278e+17,1.442826414705215e+17,0.33960644169516324,0.07333763717441766,0.0465836641409743,0.037324395019128945,0.06599789173688922,0.04531093548511039,0.2229548482198169,0.0,0.0,0.10909859810517573,0.026584353951351163,0.00032780191743851325,332.81866975546194,16.142728831707554,3.486004517922077,8,0.001,40,0.784512996673584,0.463825406005191
S4,3,95,1,MGCUBED,hyb,sample,500000,10,1003,7.605488013983357e-18,0.1,2.0,2.5106246132664753e-05,14622.917717044986,2e-10,5,0.0001,0.5656669045039828,0.01741122367712489,0.6030051088294133,0.03505608216273733,0.5534589867997917,0.6460169574149707,0.6921649480912246,0.5839026325084509,0.6216619244121949,0.5656669045039828,0.6030051088294133,0.6098029867575827,0.6493255879759469,0.737890514025626,0.7783817007746591,0.8401521595555111,0.8740208040697197,0.8902155016210852,0.9199774615543364,0.9136160644125505,0.9267002928904697,0.9699767230580653,0.9646189280093311,1.012223232695581,1.0038651148902655,0.021833432175828824,0.2626348311974766,0.6252654863505249,0.2,1.2539489608718251e+17,5.722589060515649e+16,9.536893792057551,4.352308250870404,0.9341763900064778,0.474523146828041,0.7901484405082569,0.08289316225108957,0.8831945291354772,0.60992,0.0,0.0179283712842945,0.08263890376396377,0.0005598890109821003,32.02129517213845,3.0296587990704165,1.382631418156064,26,0.001,40,0.8898389339447021,0.463825406005191
S4,3,96,1,MGCUBED,hyb,sample,500000,10,1003,4.701943976574974e-19,10.0,0.5,6.000000000000003e-06,20000.0,1.646001479604797e-10,1,0.0001,0.7251417662850533,0.0014280999694327326,0.7565020178731,0.009586286120999554,0.717288663457464,0.7585652273006889,0.7826274382841695,0.7346784805718501,0.7641306463654545,0.7251417662850533,0.7565020178731,0.7263965565585415,0.7548344745018002,0.7610293738449825,0.772991043754565,0.9101018682811228,0.9008118573934908,0.9692272609168558,0.956134110760113,0.9775427805585618,0.9663501907838933,0.9943290385867094,0.989723977745647,1.2083601891990519,1.2163341525370526,35.31601132311723,0.0729039441864973,0.3599768049934281,5.0,7.744296696981935e+18,1.58564290490224e+18,0.3641324920718368,0.07455604105703932,0.18612337780285548,0.14661332470443625,0.06789512295638914,0.03689607981822511,0.17005865947984738,0.0,0.0,0.06833087237255418,0.02760233546659822,0.0003386684104456898,201.76334805667383,187.10950256149664,38.31062610140552,7,0.001,10,0.1949307918548584,0.463825406005191
S4,3,97,1,MGCUBED,hyb,sample,500000,10,1003,1.491172510061445e-18,10.0,0.5,4.9999999999999996e-05,20000.0,2e-10,5,0.001,0.6367803991252396,0.0018284068710576241,0.7019209171210958,0.0026476504336288816,0.6374859387915278,0.7299476483220996,0.7868607641610398,0.6598877809666057,0.7219332364680946,0.63929413060183,0.7046933277925865,0.6367803991252396,0.7019209171210958,0.6398985525658453,0.704819292410386,0.6801506271470015,0.7390967242250315,0.7895129544331575,0.8142205036428214,0.9631569810366937,0.9646981240398107,1.020355100407195,1.0214757039081974,1.239257295907686,1.2486497415421847,11.13579452390403,4.166666666666666,0.999593047982555,5.0,2.0130525844121302e+17,1.5684752916349555e+17,0.030018086751835153,0.023388672375966535,0.19542917114341984,0.19417134764176866,0.022843361261356658,0.0031971618937609485,0.028967063733669928,0.0,0.0,0.0003590608271460863,0.0031949611144097777,0.00021073572088807057,1.7038441590868052,4.863724653605786,3.789584039467225,417,0.001,10,0.22386479377746582,0.463825406005191
S4,3,98,1,MGCUBED,hyb,sample,500000,10,1003,1.0263156004685642e-17,10.0,1.4177529752152638,9.41533568381765e-06,20000.0,7.840837070650548e-11,5,0.001,0.48371593643582533,0.005449726926962874,0.5256780207105407,0.012638238555817746,0.45066265440873393,0.7043388574872804,0.7303113026115454,0.6291131224153192,0.660204290505779,0.5206227099455655,0.5562287974143632,0.48371593643582533,0.5256780207105407,0.5037477040365562,0.5469223442462321,0.5426716871743402,0.583832183075306,0.6742090252273996,0.711797070039851,0.7865246564825514,0.8173341026861636,0.8903384103538496,0.8892943149891364,1.0177479569867969,1.0042493281394929,1.617961440336411,0.13290991177933714,0.4722539954417126,14.177529752152637,2.361774303851216e+18,7.492511371388492e+17,2.4239258128282857,0.7689681307144125,0.03987304692387945,0.02060037312098166,0.4001208724318447,0.14203996490956042,0.7009310416387131,0.0,0.0,0.2571696678539331,0.11477430621359169,0.0006591515004137629,390.1525941949649,57.06269173911492,18.102613193825675,13,0.000977760672562251,29,0.5207870006561279,0.463825406005191
S4,3,99,1,MGCUBED,hyb,sample,500000,10,1003,1.894117764648568e-18,10.0,2.0,6.000000000000003e-06,20000.0,1.3400123700624483e-11,5,0.001,0.4992959152767691,0.0074002975715865916,0.544430390171802,0.013582381974820446,0.46876988969524325,0.7012632713180158,0.7482435676961154,0.6401030731537785,0.6901520013576549,0.5311065867659938,0.5830042513785526,0.4992959152767691,0.544430390171802,0.5127157525289066,0.5573270685658993,0.5511022939094979,0.5950205529601991,0.692044163970738,0.7336255915473932,0.7902765598675054,0.8203583141801566,0.9046602662717765,0.9015935106055462,1.024906996994142,1.0118364465869711,8.766820617840205,0.22387853030492505,0.5875180538023779,20.0,1.1515816518718786e+19,4.878657859315235e+18,2.181231264253868,0.9240752518971341,0.025986509597636633,0.015717184903162672,0.45394703363922695,0.12388092705763991,0.682845538546464,0.0,0.0,0.16533970448397609,0.11133295134187213,0.0006804541250841798,242.9843517570295,278.2329738537346,117.87296909478661,22,0.001,40,0.7259848117828369,0.463825406005191
S4,3,100,1,MGCUBED,hyb,sample,500000,10,1003,1.1293523201589864e-18,10.0,2.0,6.000000000000003e-06,13593.802692185622,1.9064133281723604e-11,5,0.001,0.5115316268554965,0.005107179471827391,0.5563346983357714,0.010996969745452714,0.48519629049645874,0.6914868801329397,0.7128421759194106,0.6174397864851296,0.6369119092930118,0.5389536325854303,0.5661338083045236,0.5115316268554965,0.5563346983357714,0.513882080649572,0.564045793722129,0.5941306489546158,0.6423023618605146,0.7084670282544947,0.7520449625283943,0.7686824614642987,0.7926016933212201,0.9474008824092556,0.9381948038399536,1.0609802001860764,1.0496395640806893,14.703463547496689,0.15736356621447045,0.50797308145551,20.0,6.637248322216901e+18,2.3412090712959324e+18,0.7495791792166996,0.2644049896645327,0.03954429190703037,0.028578300767379612,0.19964264757940262,0.08558378761555942,0.419228036302139,0.0,0.0,0.1529153837340632,0.06816999172645281,0.000542725826199059,281.7543893294981,160.36217109697202,56.56581635016189,16,0.001,40,0.7036170959472656,0.463825406005191
