group,set,search_seed,eval_index,is_finite,task,mode,node,N_R,R,seed,k_on,k_off,T,distance,N_max,D,L,lam_best,objective,opt_sd,held,held_sd,train,opt_lam_1e-06,held_lam_1e-06,opt_lam_1e-05,held_lam_1e-05,opt_lam_1e-04,held_lam_1e-04,opt_lam_1e-03,held_lam_1e-03,opt_lam_1e-02,held_lam_1e-02,opt_lam_1e-01,held_lam_1e-01,opt_lam_1e+00,held_lam_1e+00,opt_lam_1e+01,held_lam_1e+01,opt_lam_1e+02,held_lam_1e+02,opt_lam_1e+03,held_lam_1e+03,KD_nM,tau_D_over_T,phi_ISI,koff_T,c_peak,c_mean,c_peak_over_KD,c_mean_over_KD,tauR_mean_over_T,tauR_peak_over_T,occ_mean,occ_std,occ_max,occ_frac_above_0p8,occ_frac_above_0p9,contrast_within,contrast_between,binomial_sd_mean,snr_within,shell_molecules_peak,shell_molecules_mean,history_symbols,dt,n_sub,seconds,obj_MG,ratio_MG,lam_MG,held_MG,ref_MG,obj_SINE,ratio_SINE,lam_SINE,held_SINE,ref_SINE,obj_MGCUBED,ratio_MGCUBED,lam_MGCUBED,held_MGCUBED,ref_MGCUBED,running_min
compromise,S1,2,1,1,MG+SINE+MGCUBED,det,sample,0,1,0,2.8542367617959153e-19,0.16953932889918663,1.25,7.07e-06,10100.0,3.16e-11,2,1e-06,2.6282376931091878,0.0,2.6519604426194276,0.0,0.23154925602815685,0.2321905227498458,0.2342862987994352,0.24152890605025815,0.24584159851200024,0.2868868959404113,0.2945788932201329,0.36651347272172685,0.3703032543142772,0.5850859719962769,0.5954691898506541,0.6813434326137707,0.6975405998556116,0.7083511450316315,0.7171961757580685,0.8368008072506212,0.8275695223112088,0.9576911424467638,0.9464508860606475,0.9825299931913297,0.972516288588875,0.9863466227741942,0.21090675105485235,0.5736407405901451,0.2119241611239833,3.449056891438664e+18,1.425334035277529e+18,5.806573045315981,2.3995852925353636,1.3880131657622226,0.6932518189043612,0.6792144296846999,0.10552631962775594,0.8064485855416733,0.00816,0.0,0.021788545962809016,0.10525439188761093,inf,0.0,83.33246316801024,34.43741281615457,21,0.001,25,0.2015233039855957,0.2321905227498458,2.6282376931091878,1e-06,0.2342862987994352,0.08834456767689301,0.3835430166448147,1.499013371359834,1e-06,0.39108746270263045,0.25586363935958933,0.4352855441829392,1.4577508872667215,1e-06,0.4830478336018297,0.29860077464888274,2.6282376931091878
compromise,S1,2,2,1,MG+SINE+MGCUBED,det,sample,0,1,0,7.00688882260004e-18,1.8389575395344573,1.25,7.07e-06,10100.0,3.16e-11,1,1e-06,3.3957888399827674,0.0,3.5458142568361892,0.0,0.30156280154012144,0.2999994969902956,0.3132534275827568,0.31552184647574805,0.3267686298740646,0.36185717813559753,0.3718038090464039,0.4360884796583133,0.4395923939545484,0.5336737324775287,0.53075295885897,0.6903570844384925,0.6912114769864998,0.8185273753341009,0.8152742768001999,0.9040253523733693,0.8933523615479386,0.930560784151741,0.920269722240957,0.9426246220930168,0.9334869522615178,0.4358083758117545,0.21090675105485235,0.5736407405901451,2.2986969244180715,3.449056891438664e+18,1.425334035277529e+18,13.141770629055019,5.430879672613776,0.06764690035688116,0.030761994931992907,0.8139305590734033,0.09158280194745556,0.9273106227154677,0.69396,0.09624,0.09083457553830065,0.08659932810947528,inf,0.0,83.33246316801024,34.43741281615457,21,0.001,25,0.04610776901245117,0.2999994969902956,3.3957888399827674,1e-06,0.3132534275827568,0.08834456767689301,0.27566660167093643,1.0773965474770573,1e-06,0.2808042218744136,0.25586363935958933,0.5358195924816882,1.7944347033652046,1e-06,0.5807483254013197,0.29860077464888274,2.6282376931091878
compromise,S1,2,3,1,MG+SINE+MGCUBED,det,sample,0,1,0,4.043378450656365e-19,1.2152447033441025,1.25,7.07e-06,10100.0,3.16e-11,5,1e-06,1.5448776633394363,0.0,1.6254853961997604,0.0,0.13592914611972237,0.13648154928141118,0.143602804592371,0.1738740707445075,0.1814076209881967,0.20569019561519472,0.21290318145798143,0.25345671754906296,0.26780793754891563,0.31156761494759705,0.32656503139886706,0.4444348159468536,0.4526436461708683,0.5361771731814622,0.5454339010517685,0.5927028920244436,0.5933687196458465,0.8463378260922952,0.8287261416112888,1.0401668822629042,1.02305801507711,4.990780187175893,0.21090675105485235,0.5736407405901451,1.519055879180128,3.449056891438664e+18,1.425334035277529e+18,1.1475748276503361,0.4742390489231675,0.4465379144931704,0.306533500902875,0.310134867896195,0.09245694563269116,0.46897484102159875,0.0,0.0,0.05146618817880648,0.09075858072871107,inf,0.0,83.33246316801024,34.43741281615457,21,0.001,25,0.04895281791687012,0.13648154928141118,1.5448776633394363,1e-06,0.143602804592371,0.08834456767689301,0.319563631481937,1.2489607053264182,1e-06,0.3305301283637937,0.25586363935958933,0.4061322857537663,1.3601179910913734,1e-06,0.4508641330606233,0.29860077464888274,1.5448776633394363
compromise,S1,2,4,1,MG+SINE+MGCUBED,det,sample,0,1,0,1.7182336504002927e-18,0.4962311157935294,1.25,7.07e-06,10100.0,3.16e-11,2,1e-06,2.7274277950495387,0.0,2.7759837584000566,0.0,0.24170526690584127,0.24095342942359307,0.2452430850139296,0.2591697988474477,0.2629492690650299,0.2914700765834768,0.2920973912532965,0.3718729107110488,0.37515981856090674,0.4320030213826056,0.4317211725022825,0.620063609900083,0.6255615197212314,0.7485999435850054,0.7552124169214652,0.8471372044233528,0.8373917078857177,0.9335243282799612,0.9238451960710352,0.950982616512129,0.9425095165987094,0.47956874429182345,0.21090675105485235,0.5736407405901451,0.6202888947419117,3.449056891438664e+18,1.425334035277529e+18,11.942591716640228,4.935315066969089,0.27162029487030853,0.12456176196654593,0.8038247764364247,0.09122855190169564,0.9096940412617334,0.6654,0.01616,0.05090602525072305,0.08964840975036364,inf,0.0,83.33246316801024,34.43741281615457,21,0.001,25,0.04926800727844238,0.24095342942359307,2.7274277950495387,1e-06,0.2452430850139296,0.08834456767689301,0.294417690391771,1.1506820239432225,1e-06,0.29828012581654956,0.25586363935958933,0.5395940644737942,1.8070752331714126,1e-06,0.5840619622655162,0.29860077464888274,1.5448776633394363
compromise,S1,2,5,1,MG+SINE+MGCUBED,det,sample,0,1,0,5.785835311783864e-18,0.1254549546719076,1.25,7.07e-06,10100.0,3.16e-11,4,1e-06,2.743864674235532,0.0,2.835773790885874,0.0,0.24375634505570815,0.24240553840923698,0.2505252095852765,0.3077990538246636,0.3175887835277236,0.44945228594863446,0.45425106238934243,0.6259472633120731,0.6358858755756843,0.7563215824088252,0.7656787931249366,0.8602545102802095,0.8706660446705026,0.916325409971944,0.915426886993482,0.9754918701630747,0.9714068192405345,0.9915014901333395,0.9884827942120565,0.9937293475889476,0.990784585082802,0.03600566593711037,0.21090675105485235,0.5736407405901451,0.1568186933398845,3.449056891438664e+18,1.425334035277529e+18,159.0664570165906,65.73473334682701,0.0955543009477766,0.03983839533120539,0.9802273637847373,0.01388283108143497,0.9934673279272624,1.0,0.9994,0.010010240786620573,0.013466433076528924,inf,0.0,83.33246316801024,34.43741281615457,21,0.001,25,0.058995962142944336,0.24240553840923698,2.743864674235532,1e-06,0.2505252095852765,0.08834456767689301,0.2821100714727756,1.1025797654519394,1e-06,0.29023625267523867,0.25586363935958933,0.4685447860522258,1.5691345295509567,1e-06,0.5230836729114909,0.29860077464888274,1.5448776633394363
compromise,S1,2,6,1,MG+SINE+MGCUBED,det,sample,0,1,0,2.3878616569015715e-18,5.573871570376063,1.25,7.07e-06,10100.0,3.16e-11,3,1e-06,1.858947545432747,0.0,1.9646096471137646,0.0,0.1637630305802573,0.16422791723527747,0.17356258992811888,0.194000856547916,0.20430603157502553,0.21718958323817344,0.22520427041923222,0.24467866061429458,0.25122470711677203,0.2994601007611949,0.30490388230846327,0.447873639410375,0.45391088459373424,0.527490180242732,0.5347444305574499,0.6281857976271579,0.6205204061807063,0.876979337196306,0.8585927188091669,0.973497910553566,0.957679775276436,3.8761171407345953,0.21090675105485235,0.5736407405901451,6.967339462970079,3.449056891438664e+18,1.425334035277529e+18,1.477585301267149,0.6106169559422362,0.08911293800905891,0.05793011803783853,0.3608387149042177,0.11014778042821297,0.5803788317202071,0.0,0.0,0.1393768496263084,0.09948927658905858,inf,0.0,83.33246316801024,34.43741281615457,21,0.001,25,0.04858708381652832,0.16422791723527747,1.858947545432747,1e-06,0.17356258992811888,0.08834456767689301,0.28658326072331497,1.1200624732791846,1e-06,0.2896972953226749,0.25586363935958933,0.4569349651491661,1.5302537834554,1e-06,0.5091706628727157,0.29860077464888274,1.5448776633394363
compromise,S1,2,7,1,MG+SINE+MGCUBED,det,sample,0,1,0,8.334702171001586e-20,9.444273819793937,1.25,7.07e-06,10100.0,3.16e-11,4,1e-06,2.4727540661511553,0.0,2.6076729792590974,0.0,0.21845479996673808,0.21845438894540312,0.23037374199536054,0.2657117324920661,0.27971713842126644,0.32022777529248103,0.3304911861500274,0.41236202540369665,0.4189845692792406,0.45296400479683446,0.456696713830197,0.6767973469954266,0.6688171360854133,0.9073661188516435,0.896846895371601,0.9730947090789485,0.9682391159030613,1.0566854601452085,1.049189416636798,1.8002479318570934,1.7620139011735036,188.1601203870062,0.21090675105485235,0.5736407405901451,11.80534227474242,3.449056891438664e+18,1.425334035277529e+18,0.030438403745486748,0.012578769850289322,0.0836551340113487,0.08220521710077383,0.01239231058596399,0.005474847763049539,0.02717242100033129,0.0,0.0,0.007794045459165091,0.004705890699160186,inf,0.0,83.33246316801024,34.43741281615457,21,0.001,25,0.05084109306335449,0.21845438894540312,2.4727540661511553,1e-06,0.23037374199536054,0.08834456767689301,0.4351098219699757,1.7005535568048213,0.0001,0.4440240884252667,0.25586363935958933,0.5699392388252784,1.9086997999099495,1e-06,0.6278781930599271,0.29860077464888274,1.5448776633394363
compromise,S1,2,8,1,MG+SINE+MGCUBED,det,sample,0,1,0,6.670783249291209e-19,2.975180875162759,1.25,7.07e-06,10100.0,3.16e-11,1,1e-06,3.9333959225202064,0.0,4.074675666715825,0.0,0.34703549700439706,0.3474941622771014,0.35997546019956533,0.36843809437582875,0.38007427233891616,0.3754990510280053,0.38703921888198123,0.383076632773995,0.3937160710502223,0.4350013673780132,0.4455820453641827,0.48337651143688765,0.4873587773066831,0.6948249884586603,0.6804283509656017,0.8584364501519451,0.8388881055223775,0.892386750530535,0.8739372340450331,1.180814910255595,1.1638521544681868,7.406032980671603,0.21090675105485235,0.5736407405901451,3.718976093953449,3.449056891438664e+18,1.425334035277529e+18,0.7733281404614698,0.31958038203824635,0.20377024282614667,0.1516308283511363,0.23433825250739662,0.07862190114197035,0.39402154860949673,0.0,0.0,0.0771149703325274,0.07391528207743021,inf,0.0,83.33246316801024,34.43741281615457,21,0.001,25,0.08194470405578613,0.3474941622771014,3.9333959225202064,1e-06,0.35997546019956533,0.08834456767689301,0.32394666770972563,1.266091065227337,1e-06,0.33733805852360627,0.25586363935958933,0.6337684854718206,2.1224609554916705,1e-06,0.6994054416879952,0.29860077464888274,1.5448776633394363
compromise,S1,2,9,1,MG+SINE+MGCUBED,det,sample,0,1,0,1.10410511932196e-17,0.7560194072912971,1.25,7.07e-06,10100.0,3.16e-11,3,1e-06,2.5244476163569876,0.0,2.605579534814101,0.0,0.22416275779014175,0.22302123329002113,0.23018879755091176,0.2551587565682848,0.2556351132302705,0.3305914379472124,0.33392454555039053,0.4742603084450188,0.47860119641942384,0.6431629210524531,0.6521597914194748,0.7737285199428875,0.7813553192035039,0.8484868036471719,0.8518379865435853,0.9283242543075765,0.9211186610792937,0.973023262651173,0.9673103328322692,0.9804576646602161,0.9752753215224891,0.11370292007338635,0.21090675105485235,0.5736407405901451,0.9450242591141214,3.449056891438664e+18,1.425334035277529e+18,50.37068273569902,20.815849301172598,0.048504822305530985,0.02059878976578722,0.9405028918997531,0.03867951653261885,0.9801948413888417,0.98192,0.89168,0.03506046684121237,0.03684848821665056,inf,0.0,83.33246316801024,34.43741281615457,21,0.001,25,0.046434640884399414,0.22302123329002113,2.5244476163569876,1e-06,0.23018879755091176,0.08834456767689301,0.2620896275339368,1.0243332276126873,1e-06,0.26907230155319695,0.25586363935958933,0.46308276220539335,1.5508424676725,1e-06,0.5161979983589436,0.29860077464888274,1.5448776633394363
compromise,S1,2,10,1,MG+SINE+MGCUBED,det,sample,0,1,0,1.2462804686969782e-19,0.33173790433448164,1.25,7.07e-06,10100.0,3.16e-11,3,1e-06,2.415079658873169,0.0,2.5159080998097854,0.0,0.21279216627897746,0.21335916836840838,0.22226681339248888,0.22598871641551288,0.23881495234816408,0.25218779401755986,0.2675783102988194,0.34730840472934027,0.35619824629536434,0.48304994493375325,0.49177739792547764,0.5433188814718202,0.5554732395809944,0.5749918287991782,0.5851762398001107,0.7033978025295778,0.6960199745282617,0.9673907748029519,0.9496694230516765,1.0654046799957786,1.0499748817623225,4.420062450194143,0.21090675105485235,0.5736407405901451,0.41467238041810206,3.449056891438664e+18,1.425334035277529e+18,1.2957495007536664,0.5354727169628395,1.5705536849156907,1.0504379214377768,0.33673151534672613,0.09305610867891405,0.4779040536401258,0.0,0.0,0.02024603270692061,0.09280582111158406,inf,0.0,83.33246316801024,34.43741281615457,21,0.001,25,0.050344228744506836,0.21335916836840838,2.415079658873169,1e-06,0.22226681339248888,0.08834456767689301,0.36231835019654196,1.416060332384086,1e-06,0.3746393188893035,0.25586363935958933,0.4789331622524821,1.6039247145813595,1e-06,0.5307488675668812,0.29860077464888274,1.5448776633394363
compromise,S1,2,11,1,MG+SINE+MGCUBED,det,sample,0,1,0,5e-20,2.886692916935279,1.25,7.07e-06,10100.0,3.16e-11,5,1e-06,2.3822491432388384,0.0,2.52334340087207,0.0,0.21032193153424597,0.21045877065808394,0.22292368185038394,0.24289183674880113,0.25650499043600644,0.2842876070506412,0.2978176251641339,0.3725313911020413,0.37967495141751373,0.44735014890896857,0.4537851863263326,0.4979220114403103,0.5008778561401154,0.7628120817292003,0.7553332974752055,0.944321879453757,0.9358745830051761,1.0327652642897003,1.024074731484419,1.750162222604411,1.7141838758250563,95.86932727010117,0.21090675105485235,0.5736407405901451,3.6083661461690983,3.449056891438664e+18,1.425334035277529e+18,0.05974062691608416,0.024688009363856518,0.2704567009443564,0.2615109126430928,0.024001957086569527,0.009508259373254583,0.0454209293355619,0.0,0.0,0.008392703986757288,0.009025708411419413,inf,0.0,83.33246316801024,34.43741281615457,21,0.001,25,0.052449941635131836,0.21045877065808394,2.3822491432388384,1e-06,0.22292368185038394,0.08834456767689301,0.4349967142529877,1.7001114943168838,1e-06,0.44164305175811647,0.25586363935958933,0.5446494084660033,1.8240053432762962,1e-06,0.6009001041809672,0.29860077464888274,1.5448776633394363
compromise,S1,2,12,1,MG+SINE+MGCUBED,det,sample,0,1,0,1.7783133169863476e-18,1.3963711126076643,1.25,7.07e-06,10100.0,3.16e-11,5,1e-06,1.3358363441177608,0.0,1.4271077324206658,0.0,0.11783602198972776,0.11801388430816485,0.12607721564905483,0.15044480164007132,0.15930707974927769,0.18629739130888234,0.19526169861271983,0.2507922509352761,0.25400161256279746,0.3324357233724798,0.33902510652521417,0.4254785499924324,0.4354593705144465,0.5972582875143789,0.6068225785386362,0.6939388506358758,0.7022366390121554,0.8064477163380753,0.7971906662348087,0.9621603430515219,0.9499432170343739,1.3038921559039522,0.21090675105485235,0.5736407405901451,1.7454638907595803,3.449056891438664e+18,1.425334035277529e+18,4.392459673299064,1.815198318844115,0.20350736763585306,0.1062434647546174,0.6139951779650219,0.12116152863746678,0.7919542814387648,0.0,0.0,0.09656140706685161,0.11680770041795961,inf,0.0,83.33246316801024,34.43741281615457,21,0.001,25,0.06698203086853027,0.11801388430816485,1.3358363441177608,1e-06,0.12607721564905483,0.08834456767689301,0.2832846384458839,1.1071703629125562,1e-06,0.2848935645196648,0.25586363935958933,0.3605117556105677,1.2073369737050568,1e-06,0.4124115305765367,0.29860077464888274,1.3358363441177608
compromise,S1,2,13,1,MG+SINE+MGCUBED,det,sample,0,1,0,4.035679043621884e-18,0.816967158334238,1.25,7.07e-06,10100.0,3.16e-11,5,1e-06,1.3992443325131445,0.0,1.5039157313903329,0.0,0.12405079934181118,0.12361563563021649,0.13286278511215732,0.1704244670361798,0.1787033902413899,0.21713207967649312,0.2273432917776519,0.30646255733673283,0.31482887162944845,0.455235187113454,0.4626267645626853,0.588418414937261,0.6000302101309859,0.7381178764268492,0.7494271794558935,0.8180697791635279,0.8261850680140811,0.8977044639192805,0.8901951970437096,0.9696366951098934,0.962158189399384,0.3361530657786147,0.21090675105485235,0.5736407405901451,1.0212089479177975,3.449056891438664e+18,1.425334035277529e+18,17.037755404292504,7.040908116868511,0.12178121118400556,0.054287881587446164,0.8497383310796635,0.07851272748558437,0.9407962659953607,0.81872,0.26024,0.0628823030979647,0.07571906489087431,inf,0.0,83.33246316801024,34.43741281615457,21,0.001,25,0.052568912506103516,0.12361563563021649,1.3992443325131445,1e-06,0.13286278511215732,0.08834456767689301,0.269210060058464,1.0521622405289002,1e-06,0.27107349894173777,0.25586363935958933,0.36030461406930814,1.206643266391326,1e-06,0.40907154527781875,0.29860077464888274,1.3358363441177608
compromise,S1,2,14,1,MG+SINE+MGCUBED,det,sample,0,1,0,1.0973468198619366e-17,8.123676522227033,1.25,7.07e-06,10100.0,3.16e-11,5,1e-06,1.0444823793347644,0.0,1.1955471286896786,0.0,0.09274275452771508,0.09113723001120444,0.09919127625884143,0.11376371092939577,0.11960119398966874,0.1703993585168421,0.17464448444447286,0.22238054620143938,0.2261223446583131,0.30398474988530455,0.3048935917958038,0.4031380552614541,0.4076992816579893,0.5646308362077609,0.5703838702430513,0.6880459344625567,0.697663533082874,0.79543377798779,0.7874939194337768,0.9535127971542632,0.9413369375221108,1.2292997974822735,0.21090675105485235,0.5736407405901451,10.15459565278379,3.449056891438664e+18,1.425334035277529e+18,4.658988576154609,1.9253422592262426,0.03366360948764912,0.017401975301251954,0.6219278788936802,0.12720907688766672,0.8212992667919415,0.01404,0.0,0.16128908658326652,0.1159737889230104,inf,0.0,83.33246316801024,34.43741281615457,21,0.001,25,0.05390310287475586,0.09113723001120444,1.031611024964491,1e-06,0.09919127625884143,0.08834456767689301,0.2672450628235559,1.0444823793347644,1e-06,0.2708045674872588,0.25586363935958933,0.3059831585967731,1.0247232578568195,1e-06,0.35699129875598556,0.29860077464888274,1.0444823793347644
compromise,S1,2,15,1,MG+SINE+MGCUBED,det,sample,0,1,0,2e-17,10.0,1.25,7.07e-06,10100.0,3.16e-11,4,1e-06,1.3402923441003742,0.0,1.4075475507240773,0.0,0.1185105466641725,0.1184075477001971,0.12434917985338825,0.15503680261063849,0.15831191438839057,0.20412256021400255,0.20683180090757428,0.2701494192642416,0.2735942892869822,0.3535405911591294,0.3534698505833955,0.4762395083509325,0.4771898884381098,0.6446899863409542,0.6508869243996488,0.729482862266328,0.7359118194059794,0.8458647803303838,0.8356120465113412,0.95039696226477,0.9396211175938817,0.8302695335869232,0.21090675105485235,0.5736407405901451,12.5,3.449056891438664e+18,1.425334035277529e+18,6.89811378287733,2.8506680705550584,0.020775615694257524,0.010129000695512333,0.7029712307593561,0.11883542188733648,0.8722149749024847,0.20156,0.0,0.14658697473259744,0.1090164487163502,inf,0.0,83.33246316801024,34.43741281615457,21,0.001,25,0.04908895492553711,0.1184075477001971,1.3402923441003742,1e-06,0.12434917985338825,0.08834456767689301,0.263275908417192,1.0289696069209173,1e-06,0.2678179703967392,0.25586363935958933,0.3354000257813435,1.1232389673996395,1e-06,0.38450112771310563,0.29860077464888274,1.0444823793347644
compromise,S1,2,16,1,MG+SINE+MGCUBED,det,sample,0,1,0,2e-17,10.0,1.25,7.07e-06,10100.0,3.16e-11,5,1e-06,1.124924567512138,0.0,1.2375354219317483,0.0,0.10042705183015176,0.09938097458597567,0.10616406687441791,0.13048807497150067,0.13443503415071104,0.18733733977193745,0.1898646287621987,0.248208347779066,0.2514974949109955,0.3349764401881409,0.33462126148982224,0.44805875985141214,0.4519058659832038,0.6063024103506621,0.6114783788022911,0.726754433316389,0.7368909997537805,0.8197133500285143,0.812745706083338,0.9526223019583046,0.9419404902951852,0.8302695335869232,0.21090675105485235,0.5736407405901451,12.5,3.449056891438664e+18,1.425334035277529e+18,6.89811378287733,2.8506680705550584,0.020775615694257524,0.010129000695512333,0.7029712307593561,0.11883542188733648,0.8722149749024847,0.20156,0.0,0.14658697473259744,0.1090164487163502,inf,0.0,83.33246316801024,34.43741281615457,21,0.001,25,0.050122976303100586,0.09938097458597567,1.124924567512138,1e-06,0.10616406687441791,0.08834456767689301,0.26317777855540925,1.0285860828608815,1e-06,0.2672765639001419,0.25586363935958933,0.31829665408939234,1.0659605771742202,1e-06,0.369529035644252,0.29860077464888274,1.0444823793347644
compromise,S1,2,17,1,MG+SINE+MGCUBED,det,sample,0,1,0,2.4759816047986497e-19,0.30559868535008017,1.25,7.07e-06,10100.0,3.16e-11,4,1e-06,1.688479696659047,0.0,1.7766539844273106,0.0,0.14902709081361817,0.14916800883255496,0.15695772816566017,0.1911441510481069,0.1954612424191068,0.2415506216097867,0.24935288020462482,0.3118552874911396,0.3260147477168658,0.44209363266738055,0.4522252455342716,0.5843421401812925,0.5956107683558118,0.6416957400923802,0.6555440969651782,0.6875806478974027,0.6912542934541038,0.8880002781854305,0.8745406153573818,1.0188279868320211,1.0052907186107511,2.0495247416914606,0.21090675105485235,0.5736407405901451,0.3819983566876002,3.449056891438664e+18,1.425334035277529e+18,2.7944496578325695,1.1548154560932786,1.2148661274880135,0.689905663444928,0.5135224847900182,0.11347171383423267,0.6679081529710048,0.0,0.0,0.02727283948132829,0.1130972426867976,inf,0.0,83.33246316801024,34.43741281615457,21,0.001,25,0.05101323127746582,0.14916800883255496,1.688479696659047,1e-06,0.15695772816566017,0.08834456767689301,0.3517624384844988,1.3748043268865329,1e-06,0.3638733668429011,0.25586363935958933,0.4243855137762372,1.4212471962782467,1e-06,0.47298615625320234,0.29860077464888274,1.0444823793347644
compromise,S1,2,18,1,MG+SINE+MGCUBED,det,sample,0,1,0,1.1892494699125665e-18,0.1317545043598239,1.25,7.07e-06,10100.0,3.16e-11,2,1e-06,3.111648357906151,0.0,3.1743470836663943,0.0,0.27651119019459736,0.27489722894173296,0.28043632076291375,0.2991400890812201,0.3029465634023483,0.35129745388984873,0.3540296423078149,0.41974506148437524,0.4226103159643866,0.598631550020054,0.6004865882070688,0.7832426693507455,0.7951742671168615,0.8388307397425864,0.8379503372162336,0.9334022875517689,0.9257417286081365,0.9684344980576588,0.9623464604030165,0.9743929782860584,0.9687074590370163,0.1839677101404968,0.21090675105485235,0.5736407405901451,0.16469313044977985,3.449056891438664e+18,1.425334035277529e+18,31.132059581353342,12.86542539200674,0.4379165081442379,0.18896699280134674,0.9119248684410032,0.0502802165093007,0.9612627379426881,0.9506,0.73876,0.017926190496484685,0.04990074165634606,inf,0.0,83.33246316801024,34.43741281615457,21,0.001,25,0.04451918601989746,0.27489722894173296,3.111648357906151,1e-06,0.28043632076291375,0.08834456767689301,0.3312139116784284,1.2944938659804732,1e-06,0.3439255629541722,0.25586363935958933,0.5447006874122643,1.8241770740640721,1e-06,0.584513185814529,0.29860077464888274,1.0444823793347644
compromise,S1,2,19,1,MG+SINE+MGCUBED,det,sample,0,1,0,9.589021264204974e-19,0.16130722767475061,1.25,7.07e-06,10100.0,3.16e-11,2,1e-06,3.000743589529258,0.0,3.04641883325858,0.0,0.26609348747715317,0.26509939512617037,0.26913455478697407,0.2813677785086623,0.28443189389700363,0.32316617563616923,0.3261132159250248,0.39310850992359486,0.3976485252389503,0.554119003086163,0.5559270535493742,0.7542928513654089,0.767089430317816,0.8077643713943476,0.8108906854272896,0.9056311878687935,0.8970404807366691,0.9590532669288441,0.951826267062441,0.9683242485032347,0.9617515190026048,0.2793371148016092,0.21090675105485235,0.5736407405901451,0.20163403459343826,3.449056891438664e+18,1.425334035277529e+18,20.503160552820646,8.472998122830356,0.5235386014777842,0.2306395925773678,0.8740532433740258,0.06580082877584008,0.9411185198679021,0.88784,0.4848,0.02172870267542003,0.06537551107848806,inf,0.0,83.33246316801024,34.43741281615457,21,0.001,25,0.04742097854614258,0.26509939512617037,3.000743589529258,1e-06,0.26913455478697407,0.08834456767689301,0.3317183476044438,1.296465368954784,1e-06,0.3457711648858695,0.25586363935958933,0.5204755101742244,1.7430480908371344,1e-06,0.5608175782365052,0.29860077464888274,1.0444823793347644
compromise,S1,2,20,1,MG+SINE+MGCUBED,det,sample,0,1,0,1.5373897641784215e-17,3.827301764759054,1.25,7.07e-06,10100.0,3.16e-11,5,1e-06,1.3045374968914936,0.0,1.3940768511949313,0.0,0.11610065723857214,0.11524880118117517,0.12315911672718052,0.15901776263256978,0.16601277086422697,0.2097733633224584,0.211561207160793,0.2926818191988278,0.29762783853316327,0.3932957981956752,0.3938458914080956,0.544906396012723,0.5522013037764868,0.6968381227767013,0.7047035242423333,0.7930526992599403,0.8020524371716242,0.8755422915147089,0.8681795482234846,0.9633279426039494,0.9549338001478006,0.4133879547222121,0.21090675105485235,0.5736407405901451,4.784127205948818,3.449056891438664e+18,1.425334035277529e+18,13.854524902612864,5.725427706139472,0.03107973968819212,0.014071439091384409,0.8201570064379184,0.09105827561124605,0.9319493125498839,0.71696,0.13064,0.09988202901145632,0.08502047492921185,inf,0.0,83.33246316801024,34.43741281615457,21,0.001,25,0.04644298553466797,0.11524880118117517,1.3045374968914936,1e-06,0.12315911672718052,0.08834456767689301,0.25754978563286407,1.0065900191113324,1e-06,0.26163920499003934,0.25586363935958933,0.3151638058242006,1.055468815158949,1e-06,0.3616357083394184,0.29860077464888274,1.0444823793347644
compromise,S1,2,21,1,MG+SINE+MGCUBED,det,sample,0,1,0,8.447981989522552e-19,0.18023660572027225,1.25,7.07e-06,10100.0,3.16e-11,3,1e-06,2.7532116292805147,0.0,2.8113765386231218,0.0,0.2434468624453684,0.24323129111178132,0.24836984488161962,0.26527015155277667,0.26647619485877794,0.29619122221490535,0.2978907044596118,0.3690752337138467,0.37456181932130567,0.5001456922522372,0.5040636109468253,0.7162459964252191,0.7268311254447003,0.7913081722239791,0.8035152133844744,0.845139635555832,0.8412576305858642,0.9447555903757732,0.93672719429634,0.9717418788328328,0.9647612917090479,0.35427386742124906,0.21090675105485235,0.5736407405901451,0.2252957571503403,3.449056891438664e+18,1.425334035277529e+18,16.16628896403768,6.680771761628734,0.5778859384041317,0.25856549464100204,0.8469450793839735,0.07525250866717746,0.9256916542246485,0.81508,0.21228,0.023906579338719945,0.07480408574653787,inf,0.0,83.33246316801024,34.43741281615457,21,0.001,25,0.04715299606323242,0.24323129111178132,2.7532116292805147,1e-06,0.24836984488161962,0.08834456767689301,0.3240533889794875,1.2665081673604457,1e-06,0.33727092059098684,0.25586363935958933,0.48262953520236695,1.6163036943553784,1e-06,0.5284703319298967,0.29860077464888274,1.0444823793347644
compromise,S1,2,22,1,MG+SINE+MGCUBED,det,sample,0,1,0,5.1149727718446215e-18,0.1245480620883394,1.25,7.07e-06,10100.0,3.16e-11,3,1e-06,2.942752545467123,0.0,3.0476158593663945,0.0,0.26218904491836703,0.25997620140936945,0.2692403055409669,0.32378831261130114,0.33384239523073617,0.46523784588556905,0.4677421195798607,0.6185935926178939,0.6225377894513838,0.760566876487842,0.7661115791509926,0.8601599227689335,0.8672783623525568,0.9282341256375282,0.9237194302808407,0.9804213024547452,0.9764199101461166,0.9903233497866183,0.9871280674117286,0.9920073393021315,0.9888046304502996,0.04043363123590914,0.21090675105485235,0.5736407405901451,0.15568507761042427,3.449056891438664e+18,1.425334035277529e+18,141.6467811095995,58.535995333728664,0.10788806248341032,0.045028868752686406,0.9779336445031305,0.015368013399816971,0.9926033304004631,1.0,0.99608,0.010663918196789727,0.014942773804705076,inf,0.0,83.33246316801024,34.43741281615457,21,0.001,25,0.045831918716430664,0.25997620140936945,2.942752545467123,1e-06,0.2692403055409669,0.08834456767689301,0.28560033097062815,1.1162208576625732,1e-06,0.29312933057955487,0.25586363935958933,0.5147442281269676,1.723854295864579,1e-06,0.5752672105184659,0.29860077464888274,1.0444823793347644
compromise,S1,2,23,1,MG+SINE+MGCUBED,det,sample,0,1,0,7.13901350621466e-20,0.15096245768387523,1.25,7.07e-06,10100.0,3.16e-11,5,1e-06,1.9672034191273329,0.0,2.0995736933357634,0.0,0.17376721815579152,0.17379173559531,0.18548593024352555,0.23796261708786837,0.25355352186181945,0.3067184516152725,0.3281869811454943,0.3727603431324828,0.3964101943789565,0.47092511277815796,0.4882256006734179,0.5651892941658179,0.5825670578036465,0.6020001710517355,0.6213470469112942,0.6544565118924435,0.6593345659941822,0.9471165474118275,0.9318630921297025,1.1252618588685606,1.1100345811850483,3.511396335676241,0.21090675105485235,0.5736407405901451,0.18870307210484405,3.449056891438664e+18,1.425334035277529e+18,1.631058748609219,0.674040359757643,3.165593205800326,2.0141438468014297,0.38976142657052026,0.09234587035048304,0.5274495637245491,0.0,0.0,0.014222525661734568,0.09221662445577077,inf,0.0,83.33246316801024,34.43741281615457,21,0.001,25,0.07119202613830566,0.17379173559531,1.9672034191273329,1e-06,0.18548593024352555,0.08834456767689301,0.36739374535294983,1.4358966607076855,1e-06,0.37695932651342345,0.25586363935958933,0.4567834642060812,1.52974641389729,1e-06,0.5097165078894579,0.29860077464888274,1.0444823793347644
compromise,S1,2,24,1,MG+SINE+MGCUBED,det,sample,0,1,0,5.012223905657351e-18,4.876469446098757,1.25,7.07e-06,10100.0,3.16e-11,4,1e-06,1.1908043761855633,0.0,1.2757153467573796,0.0,0.10527408165162035,0.10520109780186586,0.11270252078805836,0.1418970120592753,0.1498946797065805,0.18153136927536406,0.18911924095167768,0.23577913046003088,0.241518728167651,0.31290130716590353,0.31865449675245283,0.4096961410004712,0.4128054993051021,0.5835679156129175,0.5915717331864654,0.6632148155624423,0.6682233047892198,0.8182813304279876,0.8057138815101728,0.9550813836938151,0.9417321008462723,1.615563904873999,0.21090675105485235,0.5736407405901451,6.095586807623446,3.449056891438664e+18,1.425334035277529e+18,3.545074073430584,1.4650134496137288,0.06655262446717272,0.03609470643783075,0.5616536181938603,0.12769490503004235,0.7738128512219277,0.0,0.0,0.15503048559638893,0.11706136417950988,inf,0.0,83.33246316801024,34.43741281615457,21,0.001,25,0.0475161075592041,0.10520109780186586,1.1908043761855633,1e-06,0.11270252078805836,0.08834456767689301,0.2714153008816727,1.060781053380653,1e-06,0.27365402589352655,0.25586363935958933,0.3226195176908035,1.080437644778932,1e-06,0.3714261184295749,0.29860077464888274,1.0444823793347644
compromise,S1,2,25,1,MG+SINE+MGCUBED,det,sample,0,1,0,4.497319240748754e-19,1.6318937752814509,1.25,7.07e-06,10100.0,3.16e-11,4,1e-06,1.6849292453413378,0.0,1.7672705542056926,0.0,0.14816707178401606,0.1488543457458341,0.15612875307940502,0.18413423394723202,0.1905630830127661,0.22177202687225767,0.23094132312856147,0.2506416902402189,0.26551354940120725,0.3078062957083688,0.3192010535072344,0.44768878986395444,0.4554811823514471,0.5190840389454247,0.5271126380236535,0.6007418207602863,0.595153246396678,0.8926102385203252,0.8733217890628509,1.0356772483672931,1.01900978843706,6.02541919368284,0.21090675105485235,0.5736407405901451,2.0398672191018137,3.449056891438664e+18,1.425334035277529e+18,0.9505220349056689,0.39280633816022353,0.35197139278480744,0.2513316834923476,0.27254524617965714,0.0852776637761979,0.428073138519176,0.0,0.0,0.057830502336750064,0.08290996050203092,inf,0.0,83.33246316801024,34.43741281615457,21,0.001,25,0.05111289024353027,0.1488543457458341,1.6849292453413378,1e-06,0.15612875307940502,0.08834456767689301,0.3196421165798587,1.2492674511310122,1e-06,0.33120401763131635,0.25586363935958933,0.4281568055012293,1.4338770755189376,1e-06,0.47414987070572123,0.29860077464888274,1.0444823793347644
compromise,S1,2,26,1,MG+SINE+MGCUBED,det,sample,0,1,0,3.801243407469029e-18,0.3281100658083147,1.25,7.07e-06,10100.0,3.16e-11,2,1e-06,2.776550075477602,0.0,2.8667056357579117,0.0,0.2469755474858853,0.2452931160513134,0.2532578700479454,0.2770025215355334,0.28737502706776413,0.34312955320438626,0.3472977255281506,0.4935448918102211,0.49522742045459867,0.5920389521718215,0.5881523509227513,0.7657239947078595,0.7716677800753187,0.853540144292522,0.8503233958271296,0.9417110973704612,0.933930949742981,0.9695661435358013,0.9634776430122491,0.9744498606422264,0.9687144631883973,0.14333193752789888,0.21090675105485235,0.5736407405901451,0.4101375822603934,3.449056891438664e+18,1.425334035277529e+18,39.95825223547471,16.512878358950477,0.13922361361580687,0.05952905890440733,0.9279293035985159,0.04448334512462536,0.9736274809789451,0.96916,0.83624,0.030255412860409257,0.04332836736938683,inf,0.0,83.33246316801024,34.43741281615457,21,0.001,25,0.05203413963317871,0.2452931160513134,2.776550075477602,1e-06,0.2532578700479454,0.08834456767689301,0.28468694596812616,1.1126510460051289,1e-06,0.2909646013688755,0.25586363935958933,0.5366290397836885,1.7971455044438425,1e-06,0.5866043222064027,0.29860077464888274,1.0444823793347644
compromise,S1,2,27,1,MG+SINE+MGCUBED,det,sample,0,1,0,1.8892878726544643e-19,1.1274136985941383,1.25,7.07e-06,10100.0,3.16e-11,4,1e-06,1.9143590773099022,0.0,2.0083701420810516,0.0,0.1684661029341705,0.16912322506327912,0.1774285919373307,0.2010287482273941,0.21146456010625558,0.23559735917901564,0.251790856806345,0.2715835109061706,0.28719315715739424,0.37598874551472533,0.38346259791269577,0.46739359570615696,0.4751203370885335,0.5109473028405548,0.5172472297571401,0.6553769786410796,0.6464482900747108,0.9430420299473554,0.9232239866940648,1.1112578720515573,1.0952275008376549,9.90910129938108,0.21090675105485235,0.5736407405901451,1.4092671232426728,3.449056891438664e+18,1.425334035277529e+18,0.5779831631650403,0.23885343159209746,0.5727785575774266,0.4496807685665726,0.18813976239742014,0.06270177781490864,0.3016637279251984,0.0,0.0,0.030047004140336835,0.06184061158830898,inf,0.0,83.33246316801024,34.43741281615457,21,0.001,25,0.049696922302246094,0.16912322506327912,1.9143590773099022,1e-06,0.1774285919373307,0.08834456767689301,0.33560742775009084,1.3116651845885379,1e-06,0.3460437292583653,0.25586363935958933,0.49009189104106204,1.64129477432652,1e-06,0.5396329331675758,0.29860077464888274,1.0444823793347644
compromise,S1,2,28,1,MG+SINE+MGCUBED,det,sample,0,1,0,7.587597833840491e-20,0.18904067484261644,1.25,7.07e-06,10100.0,3.16e-11,4,1e-06,1.9295687650437332,0.0,2.033812041020837,0.0,0.17036250847342274,0.17046691835062497,0.17967624550004527,0.23014349547909443,0.2450168849375051,0.2900416803565486,0.3098873558109828,0.3735569034029846,0.3889828558267083,0.5057922872614595,0.5183253140076948,0.5561469637725852,0.5714794226542551,0.5908506713741661,0.6072139031165323,0.6651557553716362,0.6652670697173726,0.9770370217705651,0.9607003441735558,1.114932543545259,1.0993499605532278,4.137138429517769,0.21090675105485235,0.5736407405901451,0.23630084355327055,3.449056891438664e+18,1.425334035277529e+18,1.384361149792773,0.5720917705977663,2.691887053121129,1.7748542346272487,0.3522639266641542,0.09024908529058288,0.48847504342418063,0.0,0.0,0.014866906022698214,0.09010638101670072,inf,0.0,83.33246316801024,34.43741281615457,21,0.001,25,0.04623293876647949,0.17046691835062497,1.9295687650437332,1e-06,0.17967624550004527,0.08834456767689301,0.37606547207971003,1.469788646096719,1e-06,0.3837752629432613,0.25586363935958933,0.45720239566532106,1.531149395720537,1e-06,0.5100230431132144,0.29860077464888274,1.0444823793347644
compromise,S1,2,29,1,MG+SINE+MGCUBED,det,sample,0,1,0,1.0447848520171121e-18,4.3407825025303035,1.25,7.07e-06,10100.0,3.16e-11,5,1e-06,1.4007486379761072,0.0,1.4691167118558182,0.0,0.12325184417240266,0.1237485328459959,0.12978848077580085,0.1594584106216161,0.1659374537326258,0.20894006625278083,0.21664798758581744,0.24213489818720763,0.25272887848418707,0.27356012944318486,0.2857825144580924,0.3911898010877771,0.3996213251561546,0.5039673111185923,0.5123438325450961,0.5697028652607617,0.5676823716226438,0.8578705786396821,0.8388937988210687,1.0463476233950046,1.0291295544654542,6.899065308651861,0.21090675105485235,0.5736407405901451,5.425978128162879,3.449056891438664e+18,1.425334035277529e+18,0.8301550220080829,0.34306427660319994,0.1372224482411057,0.10070106956209893,0.24628443440276093,0.08387325930435659,0.42382735517901177,0.0,0.0,0.0977513240748178,0.07671070379363776,inf,0.0,83.33246316801024,34.43741281615457,21,0.001,25,0.05861806869506836,0.1237485328459959,1.4007486379761072,1e-06,0.12978848077580085,0.08834456767689301,0.31158441729769276,1.217775288734144,1e-06,0.31767406164798445,0.25586363935958933,0.35066104264426584,1.1743473976469065,1e-06,0.39697455733220083,0.29860077464888274,1.0444823793347644
compromise,S1,2,30,1,MG+SINE+MGCUBED,det,sample,0,1,0,5.498578037434125e-19,7.663954863863551,1.25,7.07e-06,10100.0,3.16e-11,4,1e-06,2.037962338816934,0.0,2.144536759513143,0.0,0.1794670832488054,0.18004290176457177,0.1894581728863937,0.19942487341762755,0.2101070499740917,0.2206342047386746,0.2333234904982046,0.26724425914460065,0.2795761039543087,0.3686848707326286,0.3768131934037728,0.4452192925670973,0.45213843373825024,0.5032834112290416,0.5033942672880969,0.7863343377992468,0.772619089426402,0.9511005230417686,0.9336147869965516,1.3500461681660978,1.3292532938155937,23.144704637930513,0.21090675105485235,0.5736407405901451,9.579943579829438,3.449056891438664e+18,1.425334035277529e+18,0.24745589985853425,0.102261959544389,0.09470049063047417,0.0836781070849872,0.09124800425345095,0.037197234417423196,0.18409916649570185,0.0,0.0,0.0506046299053149,0.03257723198400135,inf,0.0,83.33246316801024,34.43741281615457,21,0.001,25,0.050344228744506836,0.18004290176457177,2.037962338816934,1e-06,0.1894581728863937,0.08834456767689301,0.3253293646971918,1.2714951038430893,1e-06,0.3356119616604835,0.25586363935958933,0.4883563024274211,1.6354823693999696,1e-06,0.5362742824114369,0.29860077464888274,1.0444823793347644
compromise,S1,2,31,1,MG+SINE+MGCUBED,det,sample,0,1,0,1.821749991127577e-18,2.262461040627743,1.25,7.07e-06,10100.0,3.16e-11,2,1e-06,2.2832622170353725,0.0,2.3825609827803187,0.0,0.2013657291588066,0.20171381345697423,0.2104863199875606,0.20940737091193823,0.21752757074355314,0.2241284755816229,0.22910150183390485,0.2921775515857152,0.2980989548397335,0.3587347273263199,0.36205945481507157,0.4776236612429697,0.48230748382605326,0.5832052936646165,0.5885025805440512,0.7271314265480358,0.7151624423604246,0.8935229499409263,0.8773523732259702,0.9393581831855642,0.9257667813521142,2.0622505635890334,0.21090675105485235,0.5736407405901451,2.8280763007846788,3.449056891438664e+18,1.425334035277529e+18,2.777205551187535,1.147689272651616,0.1646407855787628,0.0936134515944663,0.5076525147860877,0.12223054538760293,0.7106786477541592,0.0,0.0,0.11683230089746927,0.11575482640121576,inf,0.0,83.33246316801024,34.43741281615457,21,0.001,25,0.05536985397338867,0.20171381345697423,2.2832622170353725,1e-06,0.2104863199875606,0.08834456767689301,0.28757759272851385,1.123948652681962,1e-06,0.2900136512008654,0.25586363935958933,0.4989692789401327,1.6710247303506105,1e-06,0.5504492670473314,0.29860077464888274,1.0444823793347644
compromise,S1,2,32,1,MG+SINE+MGCUBED,det,sample,0,1,0,8.170004421942257e-20,1.1604644300565345,1.25,7.07e-06,10100.0,3.16e-11,1,1e-06,4.400458562331122,0.0,4.5225280130479435,0.0,0.388651723537025,0.3887566092692251,0.39954078211935856,0.3991310734719009,0.40974776901667037,0.40715036380428316,0.41657860035606603,0.4109768352990549,0.4188116148563842,0.42707058069039433,0.4304635887940901,0.6486938465638794,0.6369772298467521,0.8650164148952232,0.8470910883212186,0.9045714766175033,0.8885095862902274,0.9621656772964119,0.9509649348012235,1.6345133059775354,1.6027923816795357,23.586235975578607,0.21090675105485235,0.5736407405901451,1.4505805375706682,3.449056891438664e+18,1.425334035277529e+18,0.24282355688585394,0.10034762866790241,0.6265103383764052,0.5546878809537388,0.09005971795767644,0.03252408666583463,0.15211630468535092,0.0,0.0,0.014940688462585915,0.03210814889866381,inf,0.0,83.33246316801024,34.43741281615457,21,0.001,25,0.04810500144958496,0.3887566092692251,4.400458562331122,1e-06,0.39954078211935856,0.08834456767689301,0.4347106868517498,1.6989936043269118,1e-06,0.43965561458617025,0.25586363935958933,0.6441732096451938,2.1573058891178736,1e-06,0.7121684151964167,0.29860077464888274,1.0444823793347644
compromise,S1,2,33,1,MG+SINE+MGCUBED,det,sample,0,1,0,5.46389349606555e-18,5.779137589901238,1.25,7.07e-06,10100.0,3.16e-11,4,1e-06,1.168596625135472,0.0,1.2490466492685393,0.0,0.10329269240821343,0.10323916363626948,0.11034648623790091,0.1379543697992945,0.1452705816441644,0.18000223048331948,0.18703237450823898,0.23456298627433494,0.2399975564191754,0.30682066407296454,0.31200227178462825,0.4021301692643274,0.4046712991071964,0.5767215903358441,0.5846875702748066,0.6545701595651168,0.6592534688359892,0.8162915237166422,0.8033814770881788,0.9563781698273546,0.942668131132869,1.756345314840812,0.21090675105485235,0.5736407405901451,7.2239219873765474,3.449056891438664e+18,1.425334035277529e+18,3.260915529961251,1.3475840026170491,0.05896656254314011,0.03248807866342572,0.5420826085118041,0.12807844956228245,0.7597258616454967,0.0,0.0,0.1603898953243142,0.11672687299799504,inf,0.0,83.33246316801024,34.43741281615457,21,0.001,25,0.048571109771728516,0.10323916363626948,1.168596625135472,1e-06,0.11034648623790091,0.08834456767689301,0.27153534517566,1.0612502263131096,1e-06,0.2737284233328571,0.25586363935958933,0.32104939783275255,1.0751793869599522,1e-06,0.36923532559726546,0.29860077464888274,1.0444823793347644
compromise,S1,2,34,1,MG+SINE+MGCUBED,det,sample,0,1,0,1.9558261906074186e-19,0.35763998377299216,1.25,7.07e-06,10100.0,3.16e-11,2,1e-06,2.52182544726969,0.0,2.581176103706329,0.0,0.22204250976281506,0.22278957889562812,0.2280328869798628,0.2298702532861328,0.2387136784786996,0.2507345563268697,0.2618146100141115,0.32847003905239364,0.3351520774619716,0.4996455253864526,0.5095671396190821,0.5681983879087257,0.5810338834738336,0.5971633442552158,0.6020960610013091,0.7923629688065217,0.7799335563514901,0.9588408157170947,0.9420764159990342,1.0147967596001395,1.0009573624714796,3.0364414173942262,0.21090675105485235,0.5736407405901451,0.4470499797162402,3.449056891438664e+18,1.425334035277529e+18,1.8861861389224697,0.7794725878103758,1.2570501906857015,0.775031909986974,0.4207508437509996,0.10625310905213026,0.5746963948924543,0.0,0.0,0.025901356291764908,0.10589498317620501,inf,0.0,83.33246316801024,34.43741281615457,21,0.001,25,0.04778170585632324,0.22278957889562812,2.52182544726969,1e-06,0.2280328869798628,0.08834456767689301,0.36350297005122395,1.4206902198415106,1e-06,0.3770145961356835,0.25586363935958933,0.4715449099635017,1.5791818039252565,1e-06,0.5224252478591783,0.29860077464888274,1.0444823793347644
compromise,S1,2,35,1,MG+SINE+MGCUBED,det,sample,0,1,0,5.111538771439815e-18,8.478866286613453,1.25,7.07e-06,10100.0,3.16e-11,4,1e-06,1.1818943763857872,0.0,1.2670345628492108,0.0,0.10441523372318771,0.10441394772155344,0.11049436851635373,0.14100347308284403,0.1466885083490094,0.18558185491661508,0.19270022126950437,0.23850752682792964,0.24384663627757056,0.2870929054364081,0.29200214108917844,0.3847286063247325,0.3874477538852617,0.5473904090556431,0.5558195132502208,0.6138550793976929,0.615811772755612,0.8202893024815698,0.8049608948220741,0.9698432935242389,0.9543566214675677,2.7544521021600272,0.21090675105485235,0.5736407405901451,10.598582858266816,3.449056891438664e+18,1.425334035277529e+18,2.079286007060269,0.8592717395575086,0.05074687837796364,0.030640946187712497,0.43692564050165006,0.12252654118083352,0.6693011513981408,0.0,0.0,0.16510629397828955,0.10965592817797715,inf,0.0,83.33246316801024,34.43741281615457,21,0.001,25,0.0542759895324707,0.10441394772155344,1.1818943763857872,1e-06,0.11049436851635373,0.08834456767689301,0.2837185936213945,1.1088664037278777,1e-06,0.287195186654693,0.25586363935958933,0.33211615541759987,1.1122414394541575,1e-06,0.3783375019736828,0.29860077464888274,1.0444823793347644
compromise,S1,2,36,1,MG+SINE+MGCUBED,det,sample,0,1,0,2.373835398735315e-19,1.2188768636053802,1.25,7.07e-06,10100.0,3.16e-11,2,1e-06,2.50037277745279,0.0,2.6042758546011706,0.0,0.22021322568812074,0.220894352055139,0.23007362448611152,0.22443855893783551,0.2362600527499975,0.23368598703206794,0.24745919638753444,0.2958824902207449,0.3048501480830197,0.4261279827099123,0.43429769145694924,0.4637187220792845,0.4708579141597032,0.5483982876291441,0.5434407780601566,0.8266903272905638,0.809813645639475,0.9332773418419844,0.9135249321766081,1.1173251593047293,1.1019340538273277,8.526255237281257,0.21090675105485235,0.5736407405901451,1.5235960795067252,3.449056891438664e+18,1.425334035277529e+18,0.6717244034750868,0.2775923055882602,0.5137334756928114,0.3926137192852378,0.2114533090067007,0.06922155503915234,0.33656828031626573,0.0,0.0,0.03588226040607787,0.06810585160163125,inf,0.0,83.33246316801024,34.43741281615457,21,0.001,25,0.05468416213989258,0.220894352055139,2.50037277745279,1e-06,0.23007362448611152,0.08834456767689301,0.34803391154044794,1.3602320064373157,1e-06,0.3538171327371701,0.25586363935958933,0.514274506100366,1.722281218811601,1e-06,0.5667131713859327,0.29860077464888274,1.0444823793347644
compromise,S1,2,37,1,MG+SINE+MGCUBED,det,sample,0,1,0,6.84623071565934e-19,7.348096819851986,1.25,7.07e-06,10100.0,3.16e-11,2,1e-06,2.545295564211349,0.0,2.6635471094253025,0.0,0.2243393692405642,0.22486303623016513,0.2353099178692164,0.23167549627563921,0.2456793220910038,0.2577649159612778,0.27267246079855667,0.34473708811768833,0.352857228171867,0.4046533602088592,0.4115059365094291,0.43242008623923917,0.43686888231538884,0.6295783991611829,0.6184588144013848,0.8577564085512573,0.8394216742707513,0.91699172668433,0.9002777705724072,1.3778578219465418,1.3553515532040363,17.822656503280005,0.21090675105485235,0.5736407405901451,9.185121024814983,3.449056891438664e+18,1.425334035277529e+18,0.3213490487282331,0.13279854486985723,0.09610864061042114,0.08239437439917302,0.11486132781294806,0.045741474236322494,0.22670445900326291,0.0,0.0,0.06164863330052664,0.040219709199008934,inf,0.0,83.33246316801024,34.43741281615457,21,0.001,25,0.057093143463134766,0.22486303623016513,2.545295564211349,1e-06,0.2353099178692164,0.08834456767689301,0.3239822350270953,1.2662300741051074,1e-06,0.33564376117274786,0.25586363935958933,0.5178358205172814,1.7342078938883922,1e-06,0.5697294708331568,0.29860077464888274,1.0444823793347644
compromise,S1,2,38,1,MG+SINE+MGCUBED,det,sample,0,1,0,4.9665524565284196e-18,0.7016035162923717,1.25,7.07e-06,10100.0,3.16e-11,3,1e-06,2.1970780874435274,0.0,2.272559583156794,0.0,0.19420208991712942,0.19409991378757335,0.20076829389396716,0.23287254015834702,0.2399122907571969,0.2812441595689666,0.29049848240538484,0.387427381704219,0.3917768295386935,0.5458002539398943,0.5517896572018217,0.6772027338484582,0.6808239793169326,0.7985550560423058,0.8072189595936305,0.86893249611899,0.8629010316336844,0.9491533061224782,0.9411932743203661,0.9685159319129565,0.9616992528826043,0.2345772160200598,0.21090675105485235,0.5736407405901451,0.8770043953654647,3.449056891438664e+18,1.425334035277529e+18,24.41538786379543,10.089738848075019,0.10281983697781535,0.044864361173488694,0.8882696612412924,0.0636333991970024,0.958596690088908,0.91408,0.57728,0.05152011300884656,0.0613049437970666,inf,0.0,83.33246316801024,34.43741281615457,21,0.001,25,0.05380511283874512,0.19409991378757335,2.1970780874435274,1e-06,0.20076829389396716,0.08834456767689301,0.26794553683361727,1.0472200641883629,1e-06,0.2710337582040497,0.25586363935958933,0.4537942421762207,1.5197356494129197,1e-06,0.5081670488083979,0.29860077464888274,1.0444823793347644
compromise,S1,2,39,1,MG+SINE+MGCUBED,det,sample,0,1,0,1.376618086549421e-18,0.13414603955627313,1.25,7.07e-06,10100.0,3.16e-11,2,1e-06,3.1427280333232455,0.0,3.211957964589933,0.0,0.27944411976252226,0.27764294942999435,0.2837590377780509,0.3043903475371687,0.30826897177203155,0.3624907889465534,0.3647842272872786,0.42931369142805736,0.43165848994838035,0.5998603870412635,0.6008106798848235,0.7878629890499628,0.7990827436593951,0.8480654468776417,0.8460033892885374,0.9399737286440156,0.9325828575536641,0.9705365694709478,0.9647148956258166,0.975788746946834,0.9703115477909013,0.16181302684188056,0.21090675105485235,0.5736407405901451,0.16768254944534142,3.449056891438664e+18,1.425334035277529e+18,35.39451566365944,14.626899301894154,0.3816271974432877,0.16386122130112984,0.921227626295904,0.046239754985487526,0.9663430899150174,0.96268,0.80008,0.017848745771659874,0.04583480836336364,inf,0.0,83.33246316801024,34.43741281615457,21,0.001,25,0.05101895332336426,0.27764294942999435,3.1427280333232455,1e-06,0.2837590377780509,0.08834456767689301,0.3229564305313183,1.2622208897663536,1e-06,0.3338957015274893,0.25586363935958933,0.55914355722904,1.8725455681972796,1e-06,0.5989479540980202,0.29860077464888274,1.0444823793347644
compromise,S1,2,40,1,MG+SINE+MGCUBED,det,sample,0,1,0,7.963548333583963e-20,2.7992257407149435,1.25,7.07e-06,10100.0,3.16e-11,2,1e-06,2.7043730881459584,0.0,2.889364163840782,0.0,0.23888426288260314,0.2389166713092788,0.25525962791562135,0.2520277950734858,0.26577286781544013,0.3355244823955581,0.3430712139747191,0.39453533841028204,0.40073853430552586,0.41486559341282314,0.41879558195186645,0.6083745969605096,0.5990852074038203,0.8586465847262812,0.8423103999299613,0.9201982694864516,0.9084674442725889,1.010133771664091,1.0013679473006636,1.740813285507756,1.7049548398519516,58.368751033923814,0.21090675105485235,0.5736407405901451,3.4990321758936793,3.449056891438664e+18,1.425334035277529e+18,0.09812260176357712,0.04054948593940771,0.2746561480049702,0.2602562893776046,0.03873320502267662,0.01515033490566489,0.0724482937744923,0.0,0.0,0.013191494186204626,0.014405865350818127,inf,0.0,83.33246316801024,34.43741281615457,21,0.001,25,0.048345088958740234,0.2389166713092788,2.7043730881459584,1e-06,0.25525962791562135,0.08834456767689301,0.4345453241730501,1.6983473121100356,1e-06,0.44044959720128646,0.25586363935958933,0.5788488826646763,1.9385377795664809,1e-06,0.6448911650737621,0.29860077464888274,1.0444823793347644
compromise,S1,2,41,1,MG+SINE+MGCUBED,det,sample,0,1,0,1.684849636588239e-19,1.0530024773654991,1.25,7.07e-06,10100.0,3.16e-11,5,1e-06,1.9410247479090248,0.0,2.039668085908786,0.0,0.17077742626606823,0.17147899220417304,0.18019359525396758,0.18892659322436445,0.1989414720160725,0.2297708767630385,0.2451750385682851,0.2783855832418677,0.29610323798415866,0.36004757104915835,0.36953656047642885,0.46543839747249854,0.4730127680840554,0.5190411277640439,0.5270114065916804,0.6110094412935801,0.6060852470242164,0.9316469866364739,0.9122597321804162,1.1248636858357561,1.1084161412698157,10.3780878336242,0.21090675105485235,0.5736407405901451,1.316253096706874,3.449056891438664e+18,1.425334035277529e+18,0.5518640625282722,0.22805962787119227,0.6186444765569893,0.48956111814806824,0.18137415563437823,0.060676653352630824,0.29072205190794115,0.0,0.0,0.027399281595923333,0.05993969849275743,inf,0.0,83.33246316801024,34.43741281615457,21,0.001,25,0.052690982818603516,0.17147899220417304,1.9410247479090248,1e-06,0.18019359525396758,0.08834456767689301,0.3385132799897656,1.3230222193237113,1e-06,0.3496653151019805,0.25586363935958933,0.48166215059129924,1.6130639686306034,1e-06,0.5305714670665367,0.29860077464888274,1.0444823793347644
compromise,S1,2,42,1,MG+SINE+MGCUBED,det,sample,0,1,0,2.4282840418322428e-18,4.903512081574261,1.25,7.07e-06,10100.0,3.16e-11,2,1e-06,2.2162027655207286,0.0,2.331691107459645,0.0,0.1952707370583844,0.19578947520426346,0.2059922428445782,0.20226836533287204,0.21193837061900997,0.21773876590791977,0.22486042443527166,0.2810929697988945,0.2881415179648269,0.3627163377942307,0.36662499383094915,0.4662136638834916,0.47169512247865153,0.5438206827476624,0.5474280905755063,0.7220872133545637,0.7087555306193133,0.8922350255840823,0.8739050146027545,0.9545663104505111,0.9399344730639181,3.3531799565215485,0.21090675105485235,0.5736407405901451,6.129390101967827,3.449056891438664e+18,1.425334035277529e+18,1.7080185935145413,0.705844267244794,0.0956408345372362,0.060246399231001516,0.39317774054196575,0.11470303251543006,0.6140731530023735,0.0,0.0,0.14064799905196293,0.10436890793934737,inf,0.0,83.33246316801024,34.43741281615457,21,0.001,25,0.04555487632751465,0.19578947520426346,2.2162027655207286,1e-06,0.2059922428445782,0.08834456767689301,0.2861736924943293,1.1184617447426455,1e-06,0.289929924917816,0.25586363935958933,0.49120903629461965,1.6450360414242735,1e-06,0.5427231123213393,0.29860077464888274,1.0444823793347644
compromise,S1,2,43,1,MG+SINE+MGCUBED,det,sample,0,1,0,3.276775656370253e-18,8.412544368078448,1.25,7.07e-06,10100.0,3.16e-11,1,1e-06,3.6622435590871065,0.0,3.6703770392956065,0.0,0.32284528389897416,0.32353932395503643,0.3242578727477649,0.346963284085455,0.353533441297199,0.3740937210780507,0.3828747449773161,0.38205426971048234,0.3895949489346348,0.41389213117840135,0.41930684618250386,0.5358061331309093,0.5438782542739747,0.6585166242683991,0.6524603701256713,0.8322652350662062,0.8142819831379664,0.8827143376203114,0.8639529545506492,1.0193632956816663,1.0055336421379661,4.263141588704827,0.21090675105485235,0.5736407405901451,10.51568046009806,3.449056891438664e+18,1.425334035277529e+18,1.343444404547464,0.5551827918692094,0.06114784797051569,0.04057961893145244,0.33970894965676807,0.10804758787561114,0.5636122856062253,0.0,0.0,0.14802574170979996,0.09586076037969643,inf,0.0,83.33246316801024,34.43741281615457,21,0.001,25,0.0488739013671875,0.32353932395503643,3.6622435590871065,1e-06,0.3242578727477649,0.08834456767689301,0.2912531130024804,1.138313805476498,1e-06,0.29385724639508576,0.25586363935958933,0.6009674664393083,2.0126118800126056,1e-06,0.6523305602808003,0.29860077464888274,1.0444823793347644
compromise,S1,2,44,1,MG+SINE+MGCUBED,det,sample,0,1,0,3.3524054047821915e-19,0.10153325006625152,1.25,7.07e-06,10100.0,3.16e-11,5,1e-06,1.8648883544758088,0.0,1.949230053859379,0.0,0.16552739956916532,0.16475275544183773,0.17220388641101372,0.20645399377405405,0.2118749441041173,0.2699366406747823,0.271706172724563,0.40427137138026614,0.41254151777466386,0.5835594815662953,0.6005550286486048,0.7121492922710262,0.7267468527561608,0.7714803890286124,0.7877080373277188,0.8092573868076754,0.8177193801884132,0.9135496303764261,0.9067032002850557,0.9952135113905209,0.9872912843781856,0.502922254306222,0.21090675105485235,0.5736407405901451,0.12691656258281442,3.449056891438664e+18,1.425334035277529e+18,11.388029986940731,4.706140619320774,1.3808268678975515,0.6360327095967496,0.8012012589156472,0.08188624550653599,0.8912822406678303,0.64668,0.0,0.01600293375660092,0.08168492711266141,inf,0.0,83.33246316801024,34.43741281615457,21,0.001,25,0.05101299285888672,0.16475275544183773,1.8648883544758088,1e-06,0.17220388641101372,0.08834456767689301,0.34091924998958134,1.3324255484010188,1e-06,0.3533373013412912,0.25586363935958933,0.3853157778824876,1.2904044818221616,1e-06,0.4278353016698408,0.29860077464888274,1.0444823793347644
compromise,S1,2,45,1,MG+SINE+MGCUBED,det,sample,0,1,0,5.917747454626423e-20,1.1927896193780554,1.25,7.07e-06,10100.0,3.16e-11,2,1e-06,2.7269288043160764,0.0,2.905625949146221,0.0,0.24070706191469543,0.24090934630297056,0.2566962683080848,0.25130820737625187,0.2656539377174865,0.3131649407021263,0.32121382069902515,0.40093308211011464,0.4071553294997113,0.42699615939316465,0.43274712922982683,0.5068891329775518,0.5041781154634322,0.8079981141674119,0.7936837125820444,0.9166410098437898,0.9015792490164888,0.974808127059449,0.963278165890738,1.631473773733069,1.600112249062019,33.470062335090304,0.21090675105485235,0.5736407405901451,1.4909870242225693,3.449056891438664e+18,1.425334035277529e+18,0.17111691205709356,0.0707146232849852,0.6264009418057227,0.5726982861623784,0.06543664353194725,0.02409450523428308,0.11212323729923784,0.0,0.0,0.011142782566030046,0.02378063573894855,inf,0.0,83.33246316801024,34.43741281615457,21,0.001,25,0.04817485809326172,0.24090934630297056,2.7269288043160764,1e-06,0.2566962683080848,0.08834456767689301,0.4348800643228013,1.6996555876844357,1e-06,0.44049596422424175,0.25586363935958933,0.5734754479223715,1.920542398447248,1e-06,0.6400971718267411,0.29860077464888274,1.0444823793347644
compromise,S1,2,46,1,MG+SINE+MGCUBED,det,sample,0,1,0,6.972767812752092e-18,1.0686749487225984,1.25,7.07e-06,10100.0,3.16e-11,4,1e-06,1.7716788763266782,0.0,1.8786961600662404,0.0,0.15735244794219622,0.156518204391364,0.165972600057291,0.20779407962079746,0.2140953631498405,0.25428376901694494,0.2616329242970079,0.3395399162162668,0.3461815814107214,0.5073438022368347,0.5179415649689753,0.6445660961178643,0.6535515778538717,0.7790436784940487,0.7897163566276206,0.8419439451025699,0.8431045009404041,0.9312744918187664,0.9229445040735033,0.9708276770190718,0.9638835088025344,0.25450101740351394,0.21090675105485235,0.5736407405901451,1.335843685903248,3.449056891438664e+18,1.425334035277529e+18,22.504011070644975,9.299856140057237,0.07267971223145318,0.03184948211752966,0.8795954839437418,0.06786196325996334,0.9561243743918897,0.89624,0.50248,0.061438743661661285,0.06475406259406494,inf,0.0,83.33246316801024,34.43741281615457,21,0.001,25,0.05335569381713867,0.156518204391364,1.7716788763266782,1e-06,0.165972600057291,0.08834456767689301,0.2610702631551158,1.0203492133878744,1e-06,0.2652739357924347,0.25586363935958933,0.383520253390572,1.2843913544482393,1e-06,0.43872202304792407,0.29860077464888274,1.0444823793347644
compromise,S1,2,47,1,MG+SINE+MGCUBED,det,sample,0,1,0,7.158922994500426e-18,0.10070519225406761,1.25,7.07e-06,10100.0,3.16e-11,4,1e-06,2.9241909300102957,0.0,2.9962331967324314,0.0,0.2596119319597812,0.2583363835164513,0.2647009264244818,0.3448710098008964,0.3532404045333477,0.5132868011839651,0.5197415369356889,0.6796739706510778,0.6922951486382295,0.803652763334985,0.8138705076477635,0.8828235965307869,0.8910872188581125,0.9425672589696764,0.9389703995120973,0.9865867899089805,0.9834496380201003,0.9943777501572179,0.9918562112275479,0.9955718500811005,0.9930210073613062,0.02335894744692694,0.21090675105485235,0.5736407405901451,0.12588149031758453,3.449056891438664e+18,1.425334035277529e+18,245.18629215429647,101.32403674131547,0.07763551872743882,0.03226816408493886,0.986981669361768,0.009331787940307538,0.995802380760491,1.0,1.0,0.007088735532955015,0.00901795358195375,inf,0.0,83.33246316801024,34.43741281615457,21,0.001,25,0.04762911796569824,0.2583363835164513,2.9241909300102957,1e-06,0.2647009264244818,0.08834456767689301,0.28703866862304417,1.1218423584589197,1e-06,0.29616973787856316,0.25586363935958933,0.4723673805120285,1.581936219246161,1e-06,0.5262384847272407,0.29860077464888274,1.0444823793347644
compromise,S1,2,48,1,MG+SINE+MGCUBED,det,sample,0,1,0,6.31028966898791e-20,8.911197935701214,1.25,7.07e-06,10100.0,3.16e-11,4,1e-06,2.575033815920159,0.0,2.7161684671604904,0.0,0.2276278117656871,0.22749024922084654,0.2399587289689027,0.27309669848398826,0.2870293262002255,0.33934146920569414,0.3484418611329886,0.421500707476101,0.42784666286615763,0.46897860873557384,0.47113435219371985,0.7401895841008401,0.7305592544369113,0.9258598777301448,0.9164961489232718,0.9809170705499576,0.9769875599499243,1.0611051629522972,1.0537245949848641,1.805865028651536,1.7673894047044436,234.49624476468946,0.21090675105485235,0.5736407405901451,11.138997419626516,3.449056891438664e+18,1.425334035277529e+18,0.024423818466203024,0.010093222822079409,0.08887762471571839,0.08763432162313889,0.009972980509475898,0.004396938966377061,0.021774213493994457,0.0,0.0,0.006177227666132371,0.0037939102349618006,inf,0.0,83.33246316801024,34.43741281615457,21,0.001,25,0.05177116394042969,0.22749024922084654,2.575033815920159,1e-06,0.2399587289689027,0.08834456767689301,0.4351099959522153,1.700554236785142,0.0001,0.44413926582554514,0.25586363935958933,0.5764938292075361,1.930650815911047,1e-06,0.6362611619686701,0.29860077464888274,1.0444823793347644
compromise,S1,2,49,1,MG+SINE+MGCUBED,det,sample,0,1,0,2.5040787578331547e-19,0.23788304164311405,1.25,7.07e-06,10100.0,3.16e-11,4,1e-06,1.7036996629637287,0.0,1.7910614500455073,0.0,0.15053862944268467,0.15051261017579895,0.15823054948701945,0.19413776966812804,0.1979798566586821,0.24707019841102706,0.25366545804268276,0.32973690627797586,0.3428487918487244,0.4727603564785451,0.4832918034345728,0.615320766394539,0.6276183260873326,0.6699749143556785,0.6848573686064516,0.7139279998535006,0.7187818086638111,0.8940073288640958,0.8819554988784625,1.0130836045785827,1.0007284889656014,1.5774826683500565,0.21090675105485235,0.5736407405901451,0.29735380205389256,3.449056891438664e+18,1.425334035277529e+18,3.6306539704359864,1.5003796218099972,1.3449946392806804,0.7262467048870135,0.5753371193145412,0.11318861317267306,0.7224321614339505,0.0,0.0,0.024893183304921653,0.11286985787568184,inf,0.0,83.33246316801024,34.43741281615457,21,0.001,25,0.05243206024169922,0.15051261017579895,1.7036996629637287,1e-06,0.15823054948701945,0.08834456767689301,0.35036274593431843,1.3693338639724442,1e-06,0.35978359986078384,0.25586363935958933,0.41541396703654626,1.391201906709791,1e-06,0.463576887792347,0.29860077464888274,1.0444823793347644
compromise,S1,2,50,1,MG+SINE+MGCUBED,det,sample,0,1,0,7.688772177596306e-20,4.730668101464836,1.25,7.07e-06,10100.0,3.16e-11,3,1e-06,2.382015561853169,0.0,2.527778998132643,0.0,0.2103792674079385,0.21043813501154962,0.22331554277275809,0.2541473710232754,0.2680342668761193,0.31378214423930084,0.32315791808372035,0.39943227090343225,0.4057474003383892,0.4285356811199249,0.43282574214948377,0.6094762685477939,0.6019362903093941,0.8716803696410245,0.8578720893841093,0.9458925417417038,0.9377018920232204,1.0375177653608443,1.029537493902377,1.7769879093346204,1.7397081640729448,102.16792765956679,0.21090675105485235,0.5736407405901451,5.913335126831045,3.449056891438664e+18,1.425334035277529e+18,0.05605764787774665,0.023166006236686732,0.16528041887949074,0.1601326465784299,0.022553083271073946,0.009331086430112231,0.04533932332784057,0.0,0.0,0.010760696875691873,0.008494753230672617,inf,0.0,83.33246316801024,34.43741281615457,21,0.001,25,0.04659891128540039,0.21043813501154962,2.382015561853169,1e-06,0.22331554277275809,0.08834456767689301,0.4347858192874515,1.699287246815113,1e-06,0.44128650075664433,0.25586363935958933,0.5598291532553866,1.8748415971581984,1e-06,0.6158577235423279,0.29860077464888274,1.0444823793347644
compromise,S1,2,51,1,MG+SINE+MGCUBED,det,sample,0,1,0,2.8505750196638596e-19,3.6441055364892523,1.25,7.07e-06,10100.0,3.16e-11,1,1e-06,4.047812972363083,0.0,4.169672135212765,0.0,0.3571648884618296,0.35760228708033587,0.3683678821397591,0.3709348370503903,0.38138971349030987,0.38068202077486774,0.3904410535476476,0.4060358201754739,0.4161125973003805,0.42043401612963965,0.4276152193358855,0.5729023412329547,0.5637490242831849,0.8214799875893279,0.8026655359712582,0.8776837009210232,0.8600635496038496,0.9357853468134396,0.9238404917267287,1.5962948520627829,1.565789034325409,21.227926178060976,0.21090675105485235,0.5736407405901451,4.555131920611565,3.449056891438664e+18,1.425334035277529e+18,0.26979996374107584,0.11149571698609871,0.19751098161786268,0.17288755425633265,0.09874566683065349,0.037709542663431975,0.18367568304488127,0.0,0.0,0.03924510141210567,0.03505665811422276,inf,0.0,83.33246316801024,34.43741281615457,21,0.001,25,0.05123400688171387,0.35760228708033587,4.047812972363083,1e-06,0.3683678821397591,0.08834456767689301,0.38404551293902717,1.5009772936094752,1e-06,0.38740089408830264,0.25586363935958933,0.642305484628968,2.1510509655718044,1e-06,0.708157745215696,0.29860077464888274,1.0444823793347644
compromise,S1,2,52,1,MG+SINE+MGCUBED,det,sample,0,1,0,1.717992095245941e-17,0.18059289233524622,1.25,7.07e-06,10100.0,3.16e-11,2,1e-06,3.744066825573021,0.0,3.7627777329872774,0.0,0.3320366240904281,0.33076796505864575,0.3324209720850006,0.4583125286456727,0.4570575216631731,0.6397950530719568,0.6461861147517919,0.7685470547156297,0.7731947280937886,0.8506641020608183,0.8531221896699257,0.9342666159101235,0.9274302552359003,0.985800161654775,0.9824308330878767,0.993729540418346,0.991241443197458,0.9945955900519341,0.9921849671286576,0.9958733878872541,0.9932289227747318,0.017455351151290766,0.21090675105485235,0.5736407405901451,0.22574111541905778,3.449056891438664e+18,1.425334035277529e+18,328.1110568042381,135.59296681212078,0.0324310489204848,0.01346005579968409,0.9900864523767855,0.007303776544249006,0.9969269337874614,1.0,1.0,0.006513080882832277,0.006949843143014204,inf,0.0,83.33246316801024,34.43741281615457,21,0.001,25,0.04777193069458008,0.33076796505864575,3.744066825573021,1e-06,0.3324209720850006,0.08834456767689301,0.30202572389629356,1.1804167432787442,1e-06,0.30936256258282024,0.25586363935958933,0.557259446192048,1.866235768635616,1e-06,0.602344708594909,0.29860077464888274,1.0444823793347644
compromise,S1,2,53,1,MG+SINE+MGCUBED,det,sample,0,1,0,1.646163259233546e-18,0.27919219332548967,1.25,7.07e-06,10100.0,3.16e-11,4,1e-06,1.9051860970071426,0.0,2.046348843169851,0.0,0.16866316288602315,0.16831284208412317,0.1807838038659506,0.21403413829349385,0.22010944397290114,0.2949313930199158,0.29572502862982686,0.3698475793485132,0.3714072975049977,0.4668538791142811,0.47154175528364717,0.654269802335161,0.6613422797566125,0.79473054221438,0.8068520810916578,0.8430782909283954,0.84493722192337,0.9329259587843218,0.9250954473762634,0.9737592700663764,0.9671602311796206,0.281630355717443,0.21090675105485235,0.5736407405901451,0.3489902416568621,3.449056891438664e+18,1.425334035277529e+18,20.33620878171679,8.404004757660049,0.304700997721438,0.13429797493787016,0.8721152554518832,0.0684029375403359,0.9442945957765806,0.88464,0.4628,0.0326188000887973,0.06752467021105528,inf,0.0,83.33246316801024,34.43741281615457,21,0.001,25,0.05201411247253418,0.16831284208412317,1.9051860970071426,1e-06,0.1807838038659506,0.08834456767689301,0.2904784954500239,1.1352863430578624,1e-06,0.2959051146208847,0.25586363935958933,0.4384339800969992,1.468294851587518,1e-06,0.49128194795099056,0.29860077464888274,1.0444823793347644
compromise,S1,2,54,1,MG+SINE+MGCUBED,det,sample,0,1,0,5.677966637662985e-18,2.152117057158473,1.25,7.07e-06,10100.0,3.16e-11,1,1e-06,3.3394674985387462,0.0,3.457710022803609,0.0,0.29618016763248894,0.29502381242944087,0.3054698971166447,0.31625489883650926,0.3257665090875591,0.3609120798529316,0.3716107449157258,0.41784105179268793,0.42308489236192887,0.49486926928652825,0.492874380533343,0.6437847019295918,0.6445248025459187,0.7861962098768862,0.7845681902434787,0.8837095290858964,0.87242720184715,0.9178681589396749,0.9063371379497961,0.9336351442282735,0.923668875815706,0.6293933512814294,0.21090675105485235,0.5736407405901451,2.6901463214480916,3.449056891438664e+18,1.425334035277529e+18,9.099704821283,3.76048276412849,0.07808598631204307,0.03680572833922017,0.756115373007295,0.10627924782200604,0.8975425063212821,0.41968,0.0,0.1080300336337273,0.10020320668452541,inf,0.0,83.33246316801024,34.43741281615457,21,0.001,25,0.0517270565032959,0.29502381242944087,3.3394674985387462,1e-06,0.3054698971166447,0.08834456767689301,0.27506111765444385,1.0750301150366837,1e-06,0.2783358167021285,0.25586363935958933,0.5312477627278069,1.779123859783981,1e-06,0.5757750172065316,0.29860077464888274,1.0444823793347644
compromise,S1,2,55,1,MG+SINE+MGCUBED,det,sample,0,1,0,7.366723652651039e-20,2.07813588929885,1.25,7.07e-06,10100.0,3.16e-11,4,1e-06,2.265285237357105,0.0,2.4111206853990086,0.0,0.19988689372037133,0.2001256449591614,0.21300941456838937,0.2287364196643775,0.24314750704951607,0.2689469646339293,0.28319079833254746,0.3446561878367802,0.35209227116449815,0.4283931205631672,0.43460185227785186,0.46673589348564265,0.47133875173755135,0.6511326044403125,0.644570642201847,0.903047384810904,0.8904159676332402,0.9914725178021647,0.9797324764541543,1.6296764663737857,1.5987252560675345,46.843427197584205,0.21090675105485235,0.5736407405901451,2.5976698616235625,3.449056891438664e+18,1.425334035277529e+18,0.12226461759472743,0.05052625290134501,0.366445281851379,0.34302105118645326,0.047752912645925495,0.018212728879469477,0.08622883888048426,0.0,0.0,0.012901114847346904,0.017631219833149345,inf,0.0,83.33246316801024,34.43741281615457,21,0.001,25,0.05036783218383789,0.2001256449591614,2.265285237357105,1e-06,0.21300941456838937,0.08834456767689301,0.43385784727759397,1.69566042429285,1e-06,0.4395021928308026,0.25586363935958933,0.5280065182900703,1.768269084066979,1e-06,0.5833674814769773,0.29860077464888274,1.0444823793347644
compromise,S1,2,56,1,MG+SINE+MGCUBED,det,sample,0,1,0,8.80890588999043e-18,1.4175690281124573,1.25,7.07e-06,10100.0,3.16e-11,2,1e-06,2.377640023830298,0.0,2.455486027469766,0.0,0.2102036366318477,0.2100515799965653,0.21692885153346794,0.23174630455198514,0.2358759236974663,0.2747202272758006,0.2804855967344256,0.3919390795239449,0.39434469711212033,0.5606713722557864,0.5638822593327824,0.6929608819482475,0.6950939766107093,0.7946099632239972,0.7959474611603413,0.8938511467832986,0.8840592190983374,0.9491766508098904,0.9407203991949802,0.9592710430150031,0.9516126971210245,0.2672214666603679,0.21090675105485235,0.5736407405901451,1.7719612851405717,3.449056891438664e+18,1.425334035277529e+18,21.43276056641939,8.857158367291868,0.0572524448381269,0.025157243309985415,0.8741587915552953,0.07050305400861878,0.9544881432327288,0.88224,0.45512,0.06759466317042413,0.06688018107740784,inf,0.0,83.33246316801024,34.43741281615457,21,0.001,25,0.04606294631958008,0.2100515799965653,2.377640023830298,1e-06,0.21692885153346794,0.08834456767689301,0.2610639643119011,1.0203245954185904,1e-06,0.2657287652446131,0.25586363935958933,0.49400870223195137,1.6544119914385487,1e-06,0.5449321111515555,0.29860077464888274,1.0444823793347644
compromise,S1,2,57,1,MG+SINE+MGCUBED,det,sample,0,1,0,9.325546129683127e-19,8.090308796684539,1.25,7.07e-06,10100.0,3.16e-11,1,1e-06,3.9531426794353535,0.0,4.062003233067852,0.0,0.34846391434971485,0.34923868097979077,0.3588559195275211,0.3670386035699921,0.37731763759679776,0.3729786281956639,0.38281041960103945,0.3933781947515391,0.4021260275122193,0.44324584691314317,0.45348962885003297,0.51239968937377,0.5112250892722634,0.7628646689014389,0.745451848217779,0.862627208301826,0.843272121641425,0.901642257366172,0.8867535350518689,1.4496427271166787,1.4242977088852504,14.405884261977688,0.21090675105485235,0.5736407405901451,10.112885995855674,3.449056891438664e+18,1.425334035277529e+18,0.39756627284973234,0.16429556189048247,0.08493010218238459,0.07075424111389358,0.13771321524437316,0.05404552447307451,0.2690455035486737,0.0,0.0,0.07454256841808247,0.04729560207946695,inf,0.0,83.33246316801024,34.43741281615457,21,0.001,25,0.04482102394104004,0.34923868097979077,3.9531426794353535,1e-06,0.3588559195275211,0.08834456767689301,0.3242028056534768,1.2670921372999153,1e-06,0.3371349185712503,0.25586363935958933,0.634159185900737,2.123769392917447,1e-06,0.6995911641910662,0.29860077464888274,1.0444823793347644
compromise,S1,2,58,1,MG+SINE+MGCUBED,det,sample,0,1,0,9.449261718339336e-19,0.3794511738523637,1.25,7.07e-06,10100.0,3.16e-11,2,1e-06,2.7415374852705114,0.0,2.7771920719854464,0.0,0.24216098353420945,0.2421999439062198,0.245349832955249,0.25258117554382664,0.25378612831275726,0.2732214523503957,0.2748297569867188,0.3388061691236015,0.34555915053493497,0.4197065795648283,0.42107208110829064,0.6415379673227979,0.6522445150782072,0.7274038114463908,0.7354563656182211,0.8265744330982383,0.8168928419758998,0.930150388786106,0.9197444988696659,0.9520066870418178,0.9429680691263227,0.6668177017934913,0.21090675105485235,0.5736407405901451,0.4743139673154546,3.449056891438664e+18,1.425334035277529e+18,8.588994709850683,3.5494301410790547,0.46342246795780423,0.2198674842957867,0.7513813055058509,0.10191070216335671,0.8709369974331068,0.42216,0.0,0.04136238476319471,0.10096283746232611,inf,0.0,83.33246316801024,34.43741281615457,21,0.001,25,0.04353618621826172,0.2421999439062198,2.7415374852705114,1e-06,0.245349832955249,0.08834456767689301,0.30874483768178307,1.2066772694023742,1e-06,0.31992301966611264,0.25586363935958933,0.5108830667228409,1.7109234472803214,1e-06,0.5533391534829399,0.29860077464888274,1.0444823793347644
compromise,S1,2,59,1,MG+SINE+MGCUBED,det,sample,0,1,0,7.334552293675475e-18,4.221968236166396,1.25,7.07e-06,10100.0,3.16e-11,1,1e-06,3.2832391766316755,0.0,3.3234737344886147,0.0,0.2899802042894051,0.29005634563936356,0.29361085025890576,0.3018307501711904,0.3063169667529024,0.3496588871575125,0.3583910844855726,0.4113685189857172,0.41712840533112877,0.47450061695885354,0.47378596626419994,0.5988159127262742,0.5992766629890359,0.751025660652341,0.7509866544836723,0.8603202974702245,0.8483466850225503,0.9036715302482128,0.8904832358774514,0.9261576764364784,0.9151314011272234,0.9558515524617182,0.21090675105485235,0.5736407405901451,5.277460295207995,3.449056891438664e+18,1.425334035277529e+18,5.991823414827237,2.47614061331524,0.054510189226113746,0.02710095369493465,0.6760799686449004,0.12097161968751877,0.8540771885234462,0.11224,0.0,0.14058405840480287,0.1119607311983275,inf,0.0,83.33246316801024,34.43741281615457,21,0.001,25,0.05025196075439453,0.29005634563936356,3.2832391766316755,1e-06,0.29361085025890576,0.08834456767689301,0.27589929078325487,1.0783059737359069,1e-06,0.27988263878653197,0.25586363935958933,0.5326124806565353,1.783694236168078,1e-06,0.5697293296955003,0.29860077464888274,1.0444823793347644
compromise,S1,2,60,1,MG+SINE+MGCUBED,det,sample,0,1,0,6.162083154007389e-20,0.6009651366690127,1.25,7.07e-06,10100.0,3.16e-11,2,1e-06,2.7508995308514503,0.0,2.9183616492170183,0.0,0.24258969104755632,0.2430270297756392,0.25782139822490197,0.2512163858955699,0.2660655670637174,0.3062798615413197,0.31486768871556553,0.40488668464292943,0.41157365229724824,0.45350696501211873,0.4615467975965335,0.47612690541888014,0.48069333998987873,0.6850377790037127,0.6760878638922342,0.9092644089834457,0.8937395375934596,0.970483548188695,0.9537827249567247,1.3752349580706136,1.3538148201381737,16.194622216342278,0.21090675105485235,0.5736407405901451,0.7512064208362659,3.449056891438664e+18,1.425334035277529e+18,0.35365404864829597,0.14614869169115166,1.1614479336304186,0.9834063813624834,0.1254423448589151,0.04324177982026601,0.20133859025529374,0.0,0.0,0.012175396865900927,0.04304400983364013,inf,0.0,83.33246316801024,34.43741281615457,21,0.001,25,0.04770088195800781,0.2430270297756392,2.7508995308514503,1e-06,0.25782139822490197,0.08834456767689301,0.432701322947333,1.6911403434671581,1e-06,0.43678999828243387,0.25586363935958933,0.5569698850752386,1.8652660420260654,1e-06,0.6232052389597091,0.29860077464888274,1.0444823793347644
compromise,S1,2,61,1,MG+SINE+MGCUBED,det,sample,0,1,0,6.506575752873885e-18,0.41678476590184266,1.25,7.07e-06,10100.0,3.16e-11,4,1e-06,2.2536091505278772,0.0,2.3600434022287238,0.0,0.19990399861361827,0.1990941261160754,0.20849701406860033,0.24191497717377275,0.2483115181233851,0.3128986406315839,0.3222682839340491,0.4589413996766034,0.46487377863791124,0.628914678180838,0.6409549500571236,0.7599295755663481,0.7695784208821693,0.8509505551818858,0.8600862685235832,0.9123982464383745,0.9076342059085392,0.9719424688874455,0.966415166451785,0.98451702179796,0.9797860701153256,0.10636737550888088,0.21090675105485235,0.5736407405901451,0.5209809573773033,3.449056891438664e+18,1.425334035277529e+18,53.844458281862,22.251398401319687,0.08255228007357482,0.03499817507656574,0.9445152633987479,0.03596502613958857,0.9811030113780742,0.98756,0.90912,0.02876450813385361,0.03465582164630019,inf,0.0,83.33246316801024,34.43741281615457,21,0.001,25,0.05128884315490723,0.1990941261160754,2.2536091505278772,1e-06,0.20849701406860033,0.08834456767689301,0.26618591895331867,1.0403428936583774,1e-06,0.27173231327100106,0.25586363935958933,0.4329925557654756,1.4500717765204085,1e-06,0.4880360109615229,0.29860077464888274,1.0444823793347644
compromise,S1,2,62,1,MG+SINE+MGCUBED,det,sample,0,1,0,8.435129171911875e-20,2.7954839830969846,1.25,7.07e-06,10100.0,3.16e-11,1,1e-06,4.193367975678397,0.0,4.294913302398216,0.0,0.3701498797662417,0.370461280921436,0.3794322589101073,0.38615248331934493,0.39465193559309747,0.3927133104641923,0.401412359139689,0.39641149329236625,0.40371734310799806,0.49677990450749726,0.4921355711032027,0.7875175214089934,0.7699092419895034,0.8756958638173067,0.8578833181735999,0.9214339294286069,0.911941977409229,1.0264033198977998,1.0184039313463968,1.7714600568942052,1.7343011907209442,55.03188239308438,0.21090675105485235,0.5736407405901451,3.4943549788712307,3.449056891438664e+18,1.425334035277529e+18,0.10407228435745478,0.04300821172070812,0.27437545072692815,0.25920028267832523,0.04097081930943517,0.01599839454442575,0.0765264981127523,0.0,0.0,0.013931601341611373,0.015212500266850828,inf,0.0,83.33246316801024,34.43741281615457,21,0.001,25,0.054978132247924805,0.370461280921436,4.193367975678397,1e-06,0.3794322589101073,0.08834456767689301,0.4346493660729176,1.6987539423765634,1e-06,0.44056143748060883,0.25586363935958933,0.6491293488162551,2.173903766926091,1e-06,0.7138525063376748,0.29860077464888274,1.0444823793347644
compromise,S1,2,63,1,MG+SINE+MGCUBED,det,sample,0,1,0,6.979107527892993e-19,2.002797787483349,1.25,7.07e-06,10100.0,3.16e-11,5,1e-06,1.4145928280328868,0.0,1.489026778479783,0.0,0.12452454884849515,0.12497159183139885,0.13154742700411318,0.15955266803003662,0.16643020805028175,0.20147512450616628,0.20746278507796287,0.24502137668113402,0.2551051013133448,0.28757990413836265,0.3022610879704538,0.402973291534983,0.4117002219611894,0.5249994414487831,0.5339795022046514,0.5849929862679603,0.5858027878248554,0.8299513520011439,0.8124433660524536,1.0253064282398112,1.008143706973113,4.7652568132439805,0.21090675105485235,0.5736407405901451,2.503497234354186,3.449056891438664e+18,1.425334035277529e+18,1.2018856354648793,0.49668316779335386,0.2668842897192858,0.18140870612792148,0.3190460924980113,0.09627171984684517,0.49552384095468727,0.0,0.0,0.07768076562808818,0.09249579556589746,inf,0.0,83.33246316801024,34.43741281615457,21,0.001,25,0.04893994331359863,0.12497159183139885,1.4145928280328868,1e-06,0.13154742700411318,0.08834456767689301,0.3107300417708985,1.2144361056875308,1e-06,0.316770816212265,0.25586363935958933,0.36044812191267867,1.2071238674330993,1e-06,0.4059456867936435,0.29860077464888274,1.0444823793347644
compromise,S1,2,64,1,MG+SINE+MGCUBED,det,sample,0,1,0,6.032501914527741e-20,1.3866701110927755,1.25,7.07e-06,10100.0,3.16e-11,4,1e-06,2.2886644422560116,0.0,2.4434811395865883,0.0,0.2020585012859434,0.20219107070858483,0.21586828490341903,0.23351053949754083,0.2483411494231473,0.26873530982325855,0.2828854458327153,0.35241386868082203,0.3592573382024437,0.4314994256964225,0.4376919754670159,0.4709723687546261,0.47660544613568157,0.6094922858103838,0.605151233194008,0.8886310990421092,0.8759856102256696,0.9880676885849702,0.9748528503442584,1.5681714515756322,1.5398288120322563,38.17023061702773,0.21090675105485235,0.5736407405901451,1.7333376388659694,3.449056891438664e+18,1.425334035277529e+18,0.1500460861922103,0.06200703561625965,0.5432371203994518,0.5016508910371723,0.05790388788960861,0.021543100613469486,0.1006102221456332,0.0,0.0,0.011195786528229836,0.021184131000109633,inf,0.0,83.33246316801024,34.43741281615457,21,0.001,25,0.04813385009765625,0.20219107070858483,2.2886644422560116,1e-06,0.21586828490341903,0.08834456767689301,0.43405909170918944,1.6964469543058645,1e-06,0.4396670794264951,0.25586363935958933,0.5327769715345034,1.7842451084093225,1e-06,0.5917529408213863,0.29860077464888274,1.0444823793347644
compromise,S1,2,65,1,MG+SINE+MGCUBED,det,sample,0,1,0,6.788714949066516e-18,5.235879135906205,1.25,7.07e-06,10100.0,3.16e-11,3,1e-06,1.5077053531178823,0.0,1.5992488505023394,0.0,0.1330669251412511,0.13319757760533663,0.14128494830539728,0.15829199406476469,0.1654009627919039,0.21412249955894888,0.22192124135376987,0.25491874506230916,0.26045916740219505,0.34336016480151765,0.34742612871075174,0.4779206800422616,0.47814673340741426,0.6195037237897543,0.6267839000260415,0.6966001150894107,0.695736179914966,0.8631940517810788,0.8499150275392777,0.942836940646791,0.9304298162221241,1.2807109919040305,0.21090675105485235,0.5736407405901451,6.544848919882757,3.449056891438664e+18,1.425334035277529e+18,4.4719642053078115,1.8480538265952822,0.05364783263414532,0.027922681744521005,0.613648849490064,0.12668828036308993,0.8136003612870936,0.00652,0.0,0.15401277411291012,0.11628336340690258,inf,0.0,83.33246316801024,34.43741281615457,21,0.001,25,0.0494229793548584,0.13319757760533663,1.5077053531178823,1e-06,0.14128494830539728,0.08834456767689301,0.26775269605284896,1.046466378431172,1e-06,0.271881007009183,0.25586363935958933,0.36900005873310393,1.2357639030474785,1e-06,0.42081665747599406,0.29860077464888274,1.0444823793347644
compromise,S1,2,66,1,MG+SINE+MGCUBED,det,sample,0,1,0,2.928121453022949e-19,0.17440190282153006,1.25,7.07e-06,10100.0,3.16e-11,2,1e-06,2.632251335098965,0.0,2.655414585576287,0.0,0.23189031915634803,0.23254510621624253,0.23459145356565309,0.24116078852941444,0.2453451312088949,0.286191952637533,0.2940126990746632,0.36178891138671937,0.36565580512510776,0.5805156055188149,0.5906290556530491,0.680409353575473,0.6964844453364366,0.7078433168818622,0.7166769238595428,0.835194094597002,0.8259304975150051,0.9564747361762321,0.9452145726164756,0.9814936249334212,0.9714781364133327,0.9890340194926939,0.21090675105485235,0.5736407405901451,0.21800237852691257,3.449056891438664e+18,1.425334035277529e+18,5.790795463311558,2.39306515519547,1.351906227872498,0.6754887464463551,0.6785425328033171,0.10591976318172037,0.8062516080169274,0.0078,0.0,0.022196185308439118,0.10563951231195068,inf,0.0,83.33246316801024,34.43741281615457,21,0.001,25,0.0457308292388916,0.23254510621624253,2.632251335098965,1e-06,0.23459145356565309,0.08834456767689301,0.3822125091030806,1.4938133064148331,1e-06,0.38987183977610124,0.25586363935958933,0.43670630798563226,1.4625089586560664,1e-06,0.48432212714484574,0.29860077464888274,1.0444823793347644
compromise,S1,2,67,1,MG+SINE+MGCUBED,det,sample,0,1,0,6.66921258610389e-20,7.075842102020804,1.25,7.07e-06,10100.0,3.16e-11,5,1e-06,2.480344191513452,0.0,2.6095833840793383,0.0,0.21901859727669448,0.21912493528914861,0.2305425158832926,0.2541089737414909,0.26805708196814815,0.3055934176126218,0.3180939799515465,0.39982315972616606,0.4070196900847088,0.4575034348797562,0.46323949693879085,0.5880630732311471,0.5853010814140516,0.880429478264881,0.8715111848178129,0.971275817761037,0.9660227134786333,1.0545032173096456,1.0468716587974287,1.794514816399579,1.7565563773821635,176.17840325019782,0.21090675105485235,0.5736407405901451,8.844802627526004,3.449056891438664e+18,1.425334035277529e+18,0.03250848916484692,0.013434239416903249,0.1115619973074922,0.10950103468940879,0.013223325151682277,0.005711782871348331,0.028093128947901128,0.0,0.0,0.0075706496803647294,0.005017229257066268,inf,0.0,83.33246316801024,34.43741281615457,21,0.001,25,0.052681922912597656,0.21912493528914861,2.480344191513452,1e-06,0.2305425158832926,0.08834456767689301,0.43511121865568975,1.700559015516022,0.0001,0.4439564007918155,0.25586363935958933,0.562471143657929,1.8836894991961255,1e-06,0.6193583689249631,0.29860077464888274,1.0444823793347644
compromise,S1,2,68,1,MG+SINE+MGCUBED,det,sample,0,1,0,1.3283884397952879e-17,5.327257723853605,1.25,7.07e-06,10100.0,3.16e-11,3,1e-06,1.7023871213846893,0.0,1.7658907426934543,0.0,0.15050308267503068,0.15039665425744075,0.15600685422788074,0.17826507507642092,0.18159374721787266,0.23870719730469905,0.2438593273644243,0.2939750997290261,0.2986758855861129,0.39872539690305486,0.39971670793807856,0.5494925639248168,0.5488308044360862,0.6894151230770186,0.6965075439389198,0.7622809276679074,0.7609828512049261,0.891157228943268,0.8798318316962045,0.9467498762028104,0.9366172701549966,0.6659286776634229,0.21090675105485235,0.5736407405901451,6.659072154817006,3.449056891438664e+18,1.425334035277529e+18,8.600461138322993,3.554168680128737,0.0329744201290619,0.01564206856665764,0.7445272656431071,0.11070842806619535,0.8946743806981696,0.36212,0.0,0.12901823929598333,0.10250416177461934,inf,0.0,83.33246316801024,34.43741281615457,21,0.001,25,0.04497885704040527,0.15039665425744075,1.7023871213846893,1e-06,0.15600685422788074,0.08834456767689301,0.26021193755271993,1.016994592135147,1e-06,0.264795872861786,0.25586363935958933,0.3726207406323057,1.2478893970401157,1e-06,0.41986461471483927,0.29860077464888274,1.0444823793347644
compromise,S1,2,69,1,MG+SINE+MGCUBED,det,sample,0,1,0,3.340817392809658e-18,4.851246533792043,1.25,7.07e-06,10100.0,3.16e-11,1,1e-06,3.462746585608245,0.0,3.486093812180671,0.0,0.3057508968323147,0.3059148500801978,0.30797745071819327,0.3341220698217132,0.34065637684303873,0.37343703706688025,0.38332941028821077,0.39162615260136496,0.39875783791588715,0.4138885969056614,0.41707143926668916,0.5439567130595603,0.5500362705425295,0.674955345556438,0.6730107816911475,0.8302085391937021,0.8146255529180503,0.8869295707042383,0.869868715651382,0.9484240541043656,0.9356295772215223,2.4112914435824617,0.21090675105485235,0.5736407405901451,6.064058167240054,3.449056891438664e+18,1.425334035277529e+18,2.37519762631017,0.9815581835410522,0.08322040264523609,0.048858196810101284,0.46883446085319286,0.1235375586006052,0.6923059415674414,0.0,0.0,0.15102791554847,0.11277437290790936,inf,0.0,83.33246316801024,34.43741281615457,21,0.001,25,0.05731010437011719,0.3059148500801978,3.462746585608245,1e-06,0.30797745071819327,0.08834456767689301,0.28932248840330366,1.130768283947886,1e-06,0.2951062981468998,0.25586363935958933,0.5727744714023668,1.9181948609338946,1e-06,0.6198099852230832,0.29860077464888274,1.0444823793347644
compromise,S1,2,70,1,MG+SINE+MGCUBED,det,sample,0,1,0,1.1580501125211177e-17,0.12333823280809883,1.25,7.07e-06,10100.0,3.16e-11,2,1e-06,3.419295828035073,0.0,3.4525609108120907,0.0,0.3035202807641883,0.3020762116871624,0.3050150010438341,0.43106070623613363,0.4297185566447031,0.6212308071518131,0.6271218901064469,0.7589707146413991,0.7635566121564706,0.850845669003836,0.853855995480571,0.9349366998716646,0.9283654184829451,0.9858112975276195,0.9824592770337472,0.9937270548469898,0.9912435683046034,0.9945933736202042,0.992186514018786,0.9958715490320038,0.9932309020741062,0.017685586473296627,0.21090675105485235,0.5736407405901451,0.15417279101012354,3.449056891438664e+18,1.425334035277529e+18,323.83962622821116,133.8277841633658,0.0481075088361023,0.019967480240339928,0.9900108050772953,0.007291757676400752,0.9968696024653342,1.0,1.0,0.006143396920086344,0.006982744870357854,inf,0.0,83.33246316801024,34.43741281615457,21,0.001,25,0.04427313804626465,0.3020762116871624,3.419295828035073,1e-06,0.3050150010438341,0.08834456767689301,0.2997824162199645,1.1716491525341433,1e-06,0.30886254948182296,0.25586363935958933,0.5572183533570213,1.8660981506569787,1e-06,0.6101978926511099,0.29860077464888274,1.0444823793347644
compromise,S1,2,71,1,MG+SINE+MGCUBED,det,sample,0,1,0,5.7000779820554445e-18,0.4377842595761808,1.25,7.07e-06,10100.0,3.16e-11,4,1e-06,2.157986944355834,0.0,2.268979530105415,0.0,0.19130674560990726,0.19064642365149553,0.20045201565488274,0.23475040778803927,0.24199949588516334,0.30011129356374744,0.31005412037291596,0.43748126504718005,0.44283785275299015,0.6053949330584905,0.6161657644843058,0.7380673641595751,0.747137215783856,0.8397827495024548,0.8497928183055831,0.8988823782409262,0.8949877328475229,0.9660009023205185,0.9599255912509375,0.9822966453588043,0.977189706727705,0.12753472291231424,0.21090675105485235,0.5736407405901451,0.547230324470226,3.449056891438664e+18,1.425334035277529e+18,44.907720676798384,18.55826237203007,0.09343284573295167,0.03980559444185242,0.934638222367024,0.04131707778393514,0.9772477090478523,0.97608,0.86972,0.0323086393715326,0.03988832943182723,inf,0.0,83.33246316801024,34.43741281615457,21,0.001,25,0.04996609687805176,0.19064642365149553,2.157986944355834,1e-06,0.20045201565488274,0.08834456767689301,0.26774570982214024,1.0464390739234812,1e-06,0.27261218079797706,0.25586363935958933,0.43140858425381867,1.4447671301626774,1e-06,0.4860422403887165,0.29860077464888274,1.0444823793347644
compromise,S1,2,72,1,MG+SINE+MGCUBED,det,sample,0,1,0,9.307647138565519e-19,7.981044598366205,1.25,7.07e-06,10100.0,3.16e-11,1,1e-06,3.9512431910382966,0.0,4.0601449218414585,0.0,0.3482953757248837,0.3490708714985455,0.3586917478256162,0.366992380563158,0.37728086777738223,0.37294841621972824,0.3828114292584274,0.3929642689689355,0.40171989232007743,0.44321226191813745,0.453465996630954,0.5115138281751054,0.5104928203330799,0.761524388743813,0.7441651881837591,0.862484215223626,0.843103549453446,0.9010856515913251,0.8861109633071257,1.4448835509808724,1.4197028380979821,14.238653609387253,0.21090675105485235,0.5736407405901451,9.976305747957756,3.449056891438664e+18,1.425334035277529e+18,0.40223562355384496,0.16622518633296093,0.08595038629424738,0.07148406700534062,0.13907611965702946,0.05446932097638554,0.27115246721901604,0.0,0.0,0.07490359139520514,0.04770863741358116,inf,0.0,83.33246316801024,34.43741281615457,21,0.001,25,0.04632091522216797,0.3490708714985455,3.9512431910382966,1e-06,0.3586917478256162,0.08834456767689301,0.32421744560864335,1.2671493551023478,1e-06,0.33720139949244426,0.25586363935958933,0.634251475540537,2.124078466595867,1e-06,0.6996777346443774,0.29860077464888274,1.0444823793347644
compromise,S1,2,73,1,MG+SINE+MGCUBED,det,sample,0,1,0,1.7302006598209108e-19,8.924078170861184,1.25,7.07e-06,10100.0,3.16e-11,2,1e-06,2.778887672448051,0.0,2.96433991055939,0.0,0.24555195661579954,0.24549963004507055,0.261883327845729,0.27874427830451104,0.2905966792318247,0.3616708696349422,0.3684440017286362,0.3908052631492154,0.3973612904486418,0.42417465075452737,0.4264044860962003,0.6894430910116965,0.6764780662094422,0.8731708016475882,0.8569445720428432,0.9329372926138948,0.9242922002061353,1.033344567354255,1.0254260167325668,1.7773851246709602,1.740026388501417,85.64775627101066,0.21090675105485235,0.5736407405901451,11.155097713576481,3.449056891438664e+18,1.425334035277529e+18,0.0668703298544858,0.027634382409991814,0.08723444347263659,0.08402625036456798,0.02675227866763333,0.01163497072863189,0.057643316877625875,0.0,0.0,0.016362396144913943,0.010048564706361751,inf,0.0,83.33246316801024,34.43741281615457,21,0.001,25,0.050209760665893555,0.24549963004507055,2.778887672448051,1e-06,0.261883327845729,0.08834456767689301,0.4334066902529253,1.693897152943322,1e-06,0.439375894383847,0.25586363935958933,0.58519688457145,1.95979694044521,1e-06,0.6504707085283192,0.29860077464888274,1.0444823793347644
compromise,S1,2,74,1,MG+SINE+MGCUBED,det,sample,0,1,0,1.8223693651615558e-17,0.8331325748760764,1.25,7.07e-06,10100.0,3.16e-11,2,1e-06,2.7094279800680723,0.0,2.7838743071702967,0.0,0.2403041307269276,0.23936324355079136,0.24594017213376992,0.3133687728116004,0.3169264884707087,0.42034631648456394,0.4196120466986332,0.5978006926501441,0.6018921603649697,0.7306348873512349,0.7334692696828137,0.823835274497536,0.8276166897433171,0.9044286061041106,0.8964431582399509,0.9694443233041512,0.9637152460289066,0.981060178767232,0.9763738513138543,0.9836560319104791,0.9790313108243762,0.07591486200132759,0.21090675105485235,0.5736407405901451,1.0414157185950954,3.449056891438664e+18,1.425334035277529e+18,75.44364255103208,31.17733190780867,0.029841856752559164,0.012561297413729971,0.9588875103616908,0.02816852472897453,0.9867752324619758,0.9992,0.95016,0.02650680020106641,0.026690067357105707,inf,0.0,83.33246316801024,34.43741281615457,21,0.001,25,0.04744601249694824,0.23936324355079136,2.7094279800680723,1e-06,0.24594017213376992,0.08834456767689301,0.27682577724865476,1.081926990257515,1e-06,0.2856920819077406,0.25586363935958933,0.5151839447611614,1.7253268862646234,1e-06,0.564330181295439,0.29860077464888274,1.0444823793347644
compromise,S1,2,75,1,MG+SINE+MGCUBED,det,sample,0,1,0,3.1747059958079992e-18,0.9596907482781624,1.25,7.07e-06,10100.0,3.16e-11,2,1e-06,2.513294678331595,0.0,2.58430691443101,0.0,0.22266866481586767,0.22203593180184064,0.2283094770998129,0.23471938032303427,0.24149833342956972,0.2665783196611962,0.2735572966493364,0.3649963176297795,0.3684392642818188,0.4705709352670092,0.4711526869742673,0.5905492876243227,0.5902276250861441,0.7356032523985141,0.7410047208505379,0.83815087653662,0.828446710898807,0.9274471165005919,0.9171776798682674,0.9462290581255683,0.9371977492607154,0.5019689955622489,0.21090675105485235,0.5736407405901451,1.199613435347703,3.449056891438664e+18,1.425334035277529e+18,11.409656301031143,4.715077764314578,0.1458601093266781,0.06717364665805656,0.7950615384880488,0.09508984351596257,0.912436558559812,0.6208,0.0184,0.0754498051282153,0.09177586044777779,inf,0.0,83.33246316801024,34.43741281615457,21,0.001,25,0.04495692253112793,0.22203593180184064,2.513294678331595,1e-06,0.2283094770998129,0.08834456767689301,0.28177584772573067,1.1012735081506617,1e-06,0.28651207844441373,0.25586363935958933,0.5025815366830169,1.6831220122385484,1e-06,0.5491238258393075,0.29860077464888274,1.0444823793347644
compromise,S1,2,76,1,MG+SINE+MGCUBED,det,sample,0,1,0,8.508724298732386e-18,0.26196848477032764,1.25,7.07e-06,10100.0,3.16e-11,3,1e-06,2.8215146640719797,0.0,2.893045563992235,0.0,0.2507672220489788,0.24926549319145305,0.25558485962044714,0.29028746195176397,0.2955906071698915,0.4100117649737504,0.41218734132410284,0.601697487120449,0.6110931680698746,0.7370902832060215,0.7439032370344881,0.8417922351698959,0.8501488316332616,0.9092108527244305,0.905615959358448,0.9726895251581446,0.9678884386404277,0.9876278423604765,0.9839578777725939,0.9899464982822813,0.9863475489220686,0.051125043902794313,0.21090675105485235,0.5736407405901451,0.32746060596290955,3.449056891438664e+18,1.425334035277529e+18,112.02520870257979,46.294783704264376,0.06456954041168976,0.027018772915434773,0.9720508222716487,0.019414562460565398,0.9909369899165339,1.0,0.98184,0.01585446329108712,0.01866190278209582,inf,0.0,83.33246316801024,34.43741281615457,21,0.001,25,0.04611468315124512,0.24926549319145305,2.8215146640719797,1e-06,0.25558485962044714,0.08834456767689301,0.27290663873769766,1.0666096965585492,1e-06,0.28117654996092606,0.25586363935958933,0.4959649376179107,1.6609633320647061,1e-06,0.5540372429994376,0.29860077464888274,1.0444823793347644
compromise,S1,2,77,1,MG+SINE+MGCUBED,det,sample,0,1,0,6.553227788305205e-20,0.8633090603795837,1.25,7.07e-06,10100.0,3.16e-11,2,1e-06,2.726235745743971,0.0,2.8999970531037236,0.0,0.2405213014371837,0.24084811834304315,0.2561989859207122,0.2484797874180683,0.2634739100654359,0.2976717854774296,0.3066938667215753,0.3978774589933169,0.4043102082411205,0.43842271483004963,0.44534253831799914,0.47272456524094797,0.4744761731593917,0.734835959959409,0.7231016805781353,0.9109860554975745,0.8949126350980531,0.9613364486834564,0.9466063535258123,1.489382649490126,1.463628553023455,21.87560799219816,0.21090675105485235,0.5736407405901451,1.0791363254744795,3.449056891438664e+18,1.425334035277529e+18,0.2618118643916869,0.10819460881704408,0.8361951708410398,0.7343939349402367,0.0963596852782371,0.034349295277370594,0.15956836204973984,0.0,0.0,0.012505639373422611,0.034079714282024096,inf,0.0,83.33246316801024,34.43741281615457,21,0.001,25,0.04568600654602051,0.24084811834304315,2.726235745743971,1e-06,0.2561989859207122,0.08834456767689301,0.4342736168689036,1.6972853898110074,1e-06,0.43906137089804526,0.25586363935958933,0.5627850247913377,1.884740672401479,1e-06,0.6290320141702855,0.29860077464888274,1.0444823793347644
compromise,S1,2,78,1,MG+SINE+MGCUBED,det,sample,0,1,0,2.049025186310343e-19,0.2873171634806665,1.25,7.07e-06,10100.0,3.16e-11,2,1e-06,2.5236115408313475,0.0,2.572202630499967,0.0,0.22220344207583673,0.22294737055916322,0.22724012936888655,0.23092921911554726,0.2386785288258482,0.25732151996961133,0.2673041332342998,0.33958528102330887,0.34556627372823207,0.5218823807112185,0.5322228162234595,0.5966212468107697,0.610746523480446,0.623316066967512,0.6300648262953502,0.7962731757896241,0.784904421366228,0.9604574169358483,0.9450321839454316,1.0065201344659283,0.9934167865288531,2.3284309915601025,0.21090675105485235,0.5736407405901451,0.35914645435083314,3.449056891438664e+18,1.425334035277529e+18,2.459722334008992,1.0164882953069856,1.3808061454621519,0.8047985247376639,0.4835101669178439,0.11100558508125921,0.6372025865071331,0.0,0.0,0.02491469083489352,0.11068519910290421,inf,0.0,83.33246316801024,34.43741281615457,21,0.001,25,0.05129814147949219,0.22294737055916322,2.5236115408313475,1e-06,0.22724012936888655,0.08834456767689301,0.37117962319211073,1.4506931274844292,1e-06,0.38396548759689514,0.25586363935958933,0.45797526293594487,1.533737691988464,1e-06,0.5082348790061821,0.29860077464888274,1.0444823793347644
compromise,S1,2,79,1,MG+SINE+MGCUBED,det,sample,0,1,0,1.460952247846014e-17,6.718388172346793,1.25,7.07e-06,10100.0,3.16e-11,2,1e-06,2.119764239522592,0.0,2.2172782483607154,0.0,0.18698349123830124,0.18726965531756126,0.195884488270806,0.21376523620099042,0.21983934256738188,0.24758416111757453,0.25243869601901325,0.30033085585946057,0.2985282372458953,0.4579438169949845,0.45743249868022234,0.5789722332649924,0.5781840211289715,0.6834852616418691,0.6866333081388213,0.7961293081036852,0.7872567048099258,0.9071321835609971,0.8950828987064443,0.9345163110856067,0.9237721304408991,0.7636215382856524,0.21090675105485235,0.5736407405901451,8.397985215433492,3.449056891438664e+18,1.425334035277529e+18,7.5001730909751325,3.0994710477450043,0.029046718153230917,0.01400867709712945,0.7192855417205214,0.1157397491810651,0.8811522425836917,0.2576,0.0,0.13877409176645966,0.10668062281310564,inf,0.0,83.33246316801024,34.43741281615457,21,0.001,25,0.0499720573425293,0.18726965531756126,2.119764239522592,1e-06,0.195884488270806,0.08834456767689301,0.26211544707602386,1.024434138950272,1e-06,0.2666207276563321,0.25586363935958933,0.45286998112798116,1.5166403424790165,1e-06,0.5048367142533912,0.29860077464888274,1.0444823793347644
compromise,S1,2,80,1,MG+SINE+MGCUBED,det,sample,0,1,0,2.8805642101080683e-18,0.5225501303198923,1.25,7.07e-06,10100.0,3.16e-11,2,1e-06,2.6516817962812556,0.0,2.719938359878657,0.0,0.23544634246067667,0.2342616819091546,0.2402917785112774,0.2598598358271911,0.2672903167272186,0.3017380790001143,0.3064144062472298,0.4214004043709888,0.4235635383668396,0.49987162579586986,0.4977999705476192,0.663498741893138,0.6662807978253741,0.788709293489056,0.7922720450081916,0.8862409545221057,0.8765987092888732,0.9475593754830774,0.9391638616510259,0.9588185685156637,0.9513008026412365,0.30123088487599187,0.21090675105485235,0.5736407405901451,0.6531876628998654,3.449056891438664e+18,1.425334035277529e+18,19.012969787267494,7.857171917564947,0.172849032189625,0.0764980715087192,0.8634650125174076,0.07284580489263971,0.944715893139371,0.86216,0.36736,0.04906417340311702,0.07101292822859398,inf,0.0,83.33246316801024,34.43741281615457,21,0.001,25,0.048035621643066406,0.2342616819091546,2.6516817962812556,1e-06,0.2402917785112774,0.08834456767689301,0.2873696786658418,1.1231360555376688,1e-06,0.293402646358169,0.25586363935958933,0.525329663581398,1.7593044231017825,1e-06,0.5716151667766343,0.29860077464888274,1.0444823793347644
compromise,S1,2,81,1,MG+SINE+MGCUBED,det,sample,0,1,0,1.552155129664146e-18,8.240713537552784,1.25,7.07e-06,10100.0,3.16e-11,1,1e-06,3.899085724065585,0.0,3.994879229344169,0.0,0.34363424460155334,0.3444630426277195,0.35292587843781015,0.36115685142146187,0.37013484089106113,0.37186591152200354,0.3817392124626065,0.3799697772051535,0.3884733396582927,0.4386258396312341,0.44790679607609263,0.5090544005945388,0.5143946619739876,0.6990345848328431,0.6849942927237604,0.851454049049029,0.8317004307890615,0.8860784591823365,0.8681895089442181,1.2418523664971628,1.2230974589513943,8.816146343217465,0.21090675105485235,0.5736407405901451,10.30089192194098,3.449056891438664e+18,1.425334035277529e+18,0.6496368696902669,0.2684645600480252,0.07653266414106805,0.05884869205622843,0.20450839135232762,0.07535716213833246,0.37888009580184606,0.0,0.0,0.10413401028981263,0.06618208165704632,inf,0.0,83.33246316801024,34.43741281615457,21,0.001,25,0.05593299865722656,0.3444630426277195,3.899085724065585,1e-06,0.35292587843781015,0.08834456767689301,0.3209083931966164,1.2542164803089255,1e-06,0.33327866099897135,0.25586363935958933,0.6271253591936212,2.10021343692441,1e-06,0.6893343040051756,0.29860077464888274,1.0444823793347644
compromise,S1,2,82,1,MG+SINE+MGCUBED,det,sample,0,1,0,1.1254873409894688e-19,1.9692797415913352,1.25,7.07e-06,10100.0,3.16e-11,5,1e-06,2.0174902500302365,0.0,2.1353611594268047,0.0,0.17764937787671992,0.17823430393126802,0.18864755846359008,0.2095984224210585,0.22350896060479764,0.25071190624010486,0.26664490623535714,0.2943969892946848,0.30738502062018086,0.39703305026823793,0.4037624021751497,0.46577264633683896,0.4727871429730668,0.5193361974937232,0.5215914509720838,0.7882177949256104,0.7773178129081032,0.9813797606531208,0.9652873119754726,1.4228394532479667,1.400266326838015,29.054666596530186,0.21090675105485235,0.5736407405901451,2.4615996769891693,3.449056891438664e+18,1.425334035277529e+18,0.19712130215333676,0.08146102250003233,0.3756398879467097,0.33934731307505533,0.07450322688265346,0.027785040369232135,0.1319744272709996,0.0,0.0,0.01918157054947873,0.02694906647586712,inf,0.0,83.33246316801024,34.43741281615457,21,0.001,25,0.050559043884277344,0.17823430393126802,2.0174902500302365,1e-06,0.18864755846359008,0.08834456767689301,0.4137614519453331,1.6171170432068898,1e-06,0.41837780729896956,0.25586363935958933,0.49269660811860233,1.6500178497458757,1e-06,0.5414479082364307,0.29860077464888274,1.0444823793347644
compromise,S1,2,83,1,MG+SINE+MGCUBED,det,sample,0,1,0,1.432413644361778e-17,0.7126736663619228,1.25,7.07e-06,10100.0,3.16e-11,4,1e-06,2.4329614021908363,0.0,2.506488873832937,0.0,0.21564698773346622,0.21493892325111685,0.22143467594571328,0.26313083775986273,0.25830712514545484,0.3640709222175744,0.36980240104942913,0.49271526135696453,0.49761171771297574,0.6626280321112272,0.6754925634442559,0.7857128828884823,0.7947359495029186,0.8615374490267538,0.8683671720592555,0.9287531826768836,0.9232242407138617,0.9780980527009585,0.9731899648158798,0.9869612569964047,0.9826408310092019,0.08261736892818239,0.21090675105485235,0.5736407405901451,0.8908420829524034,3.449056891438664e+18,1.425334035277529e+18,69.32311918717367,28.648005619839022,0.03786202090976784,0.01596250879776106,0.955601809826128,0.030040492137079332,0.9856007174728473,0.9978,0.94196,0.027649633340551007,0.028547785830394766,inf,0.0,83.33246316801024,34.43741281615457,21,0.001,25,0.06131792068481445,0.21493892325111685,2.4329614021908363,1e-06,0.22143467594571328,0.08834456767689301,0.26704651070016905,1.043706371755556,1e-06,0.2754161428632145,0.25586363935958933,0.4175861658464279,1.398476498721268,1e-06,0.46514300477079296,0.29860077464888274,1.0444823793347644
compromise,S1,2,84,1,MG+SINE+MGCUBED,det,sample,0,1,0,7.648504651221458e-18,0.5304494099579558,1.25,7.07e-06,10100.0,3.16e-11,2,1e-06,2.679001898490759,0.0,2.752753021570348,0.0,0.23762413574072896,0.23667526452774174,0.24319077561189334,0.2586646565782358,0.26648069139769104,0.33414817178193185,0.33770280837084127,0.5091170325552046,0.5122745914039034,0.6561235806730045,0.6575391842066739,0.7897207590973886,0.7954364226674492,0.8705488823521065,0.8649990689300356,0.9527571670712314,0.945578734766313,0.9737055805562704,0.9680317023163578,0.9775719358337173,0.9721400182054215,0.11516394492272856,0.21090675105485235,0.5736407405901451,0.6630617624474446,3.449056891438664e+18,1.425334035277529e+18,49.731656179214106,20.551769487741563,0.06997825088361223,0.029728087860393625,0.9401369360220708,0.038562507044788405,0.9797307420584411,0.98184,0.89212,0.032449001110634514,0.03700570423802088,inf,0.0,83.33246316801024,34.43741281615457,21,0.001,25,0.055346012115478516,0.23667526452774174,2.679001898490759,1e-06,0.24319077561189334,0.08834456767689301,0.2695310855663723,1.0534169147323618,1e-06,0.2760154897840962,0.25586363935958933,0.5197338811142359,1.740564409872607,1e-06,0.5723049586284957,0.29860077464888274,1.0444823793347644
compromise,S1,2,85,1,MG+SINE+MGCUBED,det,sample,0,1,0,2.399722042818831e-19,1.2728624546046354,1.25,7.07e-06,10100.0,3.16e-11,2,1e-06,2.5002786012837235,0.0,2.605529963175778,0.0,0.22021105636765695,0.22088603210219732,0.23018441816595508,0.2243247482003054,0.23624277195486132,0.23350958433386512,0.24732273634716817,0.29658695832226206,0.3055721211195235,0.4248440767706907,0.4329695007834257,0.4613454543659933,0.4683332347845846,0.5500272955554718,0.544755512352543,0.8286813273674939,0.8117012775840347,0.9324371586636648,0.9127124293282218,1.1253929607622801,1.1098695474224,8.807844389040206,0.21090675105485235,0.5736407405901451,1.5910780682557943,3.449056891438664e+18,1.425334035277529e+18,0.6502491938056586,0.2687176049903848,0.4953857894737129,0.38085440352069383,0.20622253629697945,0.06791751081792237,0.3300000250540951,0.0,0.0,0.03630098461713364,0.06674949068346647,inf,0.0,83.33246316801024,34.43741281615457,21,0.001,25,0.0582578182220459,0.22088603210219732,2.5002786012837235,1e-06,0.23018441816595508,0.08834456767689301,0.3473470534338206,1.3575475370521912,1e-06,0.35309805219334905,0.25586363935958933,0.5149572192321737,1.7245675930938196,1e-06,0.5674449745208212,0.29860077464888274,1.0444823793347644
compromise,S1,2,86,1,MG+SINE+MGCUBED,det,sample,0,1,0,5.467207200166679e-19,5.6588427718173815,1.25,7.07e-06,10100.0,3.16e-11,4,1e-06,1.9938267023422158,0.0,2.093193439819818,0.0,0.17555083492088808,0.1761437580410683,0.1849222695049904,0.19782024445664048,0.2079564431983055,0.21765253934434853,0.22988078936267406,0.25321364905612836,0.26669999228496105,0.34782442632524224,0.3566239026937755,0.44362998748494864,0.45098013461397096,0.4876435571940777,0.4902234008920217,0.7287486033096031,0.7160686288343314,0.9436791529113255,0.924553033290073,1.2326231278124182,1.215060156681181,17.18743986383143,0.21090675105485235,0.5736407405901451,7.073553464771727,3.449056891438664e+18,1.425334035277529e+18,0.33322552739174255,0.13770653850149794,0.12426021637759155,0.10603731907606768,0.11861963100460242,0.04621181492994893,0.22808151012640912,0.0,0.0,0.0579188066599618,0.04141647812157093,inf,0.0,83.33246316801024,34.43741281615457,21,0.001,25,0.046320199966430664,0.1761437580410683,1.9938267023422158,1e-06,0.1849222695049904,0.08834456767689301,0.32085646881393803,1.2540135425925374,1e-06,0.33206785403347333,0.25586363935958933,0.47975109502015817,1.6066639330868635,1e-06,0.5283686051710211,0.29860077464888274,1.0444823793347644
compromise,S1,2,87,1,MG+SINE+MGCUBED,det,sample,0,1,0,4.2136997832961175e-19,0.24971973094898206,1.25,7.07e-06,10100.0,3.16e-11,1,1e-06,3.8535813537081083,0.0,3.938125469718107,0.0,0.3408957514194883,0.340442978701079,0.3479119920796074,0.39396211280580107,0.4044852617446454,0.4351957315620624,0.4507685898047217,0.46853794934269866,0.48276238227108587,0.6038844496004038,0.61911886939729,0.6678432469285265,0.6790545852851202,0.7603045603115245,0.7523999356871406,0.9092164171031641,0.897280600844627,0.9424462040846643,0.9310282813201259,0.9621302298426309,0.9526635111621713,0.9840980383290534,0.21090675105485235,0.5736407405901451,0.3121496636862276,3.449056891438664e+18,1.425334035277529e+18,5.819840595215218,2.4050681509025496,0.9408303529301236,0.46974579910451275,0.6783625241490616,0.10941178164124996,0.810501155782545,0.01448,0.0,0.028577396759473492,0.10897873964411352,inf,0.0,83.33246316801024,34.43741281615457,21,0.001,25,0.05154824256896973,0.340442978701079,3.8535813537081083,1e-06,0.3479119920796074,0.08834456767689301,0.37144306184144826,1.4517227331368654,1e-06,0.37714151835948634,0.25586363935958933,0.5291550253365275,1.7721153803393437,1e-06,0.5901322258745794,0.29860077464888274,1.0444823793347644
compromise,S1,2,88,1,MG+SINE+MGCUBED,det,sample,0,1,0,1.577051886677851e-19,0.1268484904693411,1.25,7.07e-06,10100.0,3.16e-11,1,1e-06,2.6878061639845687,0.0,2.7413977087700676,0.0,0.23760663545618702,0.2374530735565049,0.24218759541171667,0.3142698094904777,0.3182481001348638,0.439187470442512,0.4511141423109806,0.5850708124547694,0.6026657001445472,0.6352368221153847,0.653810886266848,0.6500486551018738,0.6616414717952405,0.7893952820563026,0.7826517324720792,0.948495165808758,0.9371156316690342,0.9842287739509186,0.9717490237645887,1.0105182359593812,1.0000171972448533,1.335636929994033,0.21090675105485235,0.5736407405901451,0.15856061308667638,3.449056891438664e+18,1.425334035277529e+18,4.288061811202446,1.772055561058391,2.275111852249441,1.192636676200999,0.6158710853069955,0.10416092609998974,0.7499015045101186,0.0,0.0,0.017347952198643993,0.10398234690267634,inf,0.0,83.33246316801024,34.43741281615457,21,0.001,25,0.042205095291137695,0.2374530735565049,2.6878061639845687,1e-06,0.24218759541171667,0.08834456767689301,0.41898518216946823,1.6375331141938023,1e-06,0.4140128811286904,0.25586363935958933,0.4791917360850755,1.6047906662283284,1e-06,0.5273348824826718,0.29860077464888274,1.0444823793347644
compromise,S1,2,89,1,MG+SINE+MGCUBED,det,sample,0,1,0,4.919105478883831e-19,0.135701253777089,1.25,7.07e-06,10100.0,3.16e-11,3,1e-06,2.6003285761952215,0.0,2.6337348113822445,0.0,0.22940647839895106,0.22972490388183758,0.23267616328714774,0.2557642898864974,0.25675996216958274,0.2955881817300438,0.2993766582367745,0.37903365286851326,0.38561277500097224,0.5655239718602372,0.5719651555730088,0.7275149017876837,0.7406042711313021,0.7763989414184078,0.7898836513148695,0.8312224457951004,0.8281932282183465,0.9459612669098629,0.9375524098773448,0.9778345852708208,0.9702813135987337,0.4580857928918794,0.21090675105485235,0.5736407405901451,0.16962656722136124,3.449056891438664e+18,1.425334035277529e+18,12.502666098817176,5.166767636274449,0.9559794182474913,0.43660288229370714,0.8137050505731792,0.08225047856545682,0.9021136499150703,0.69288,0.0028,0.01950822812406461,0.08196507303511026,inf,0.0,83.33246316801024,34.43741281615457,21,0.001,25,0.04559588432312012,0.22972490388183758,2.6003285761952215,1e-06,0.23267616328714774,0.08834456767689301,0.3413792445278795,1.3342233596861608,1e-06,0.3529018882728103,0.25586363935958933,0.4385846075945139,1.4687992960173486,1e-06,0.48442185801008897,0.29860077464888274,1.0444823793347644
compromise,S1,2,90,1,MG+SINE+MGCUBED,det,sample,0,1,0,5.583069174556499e-20,0.726460682850056,1.25,7.07e-06,10100.0,3.16e-11,2,1e-06,2.7663000817274894,0.0,2.9403856036552583,0.0,0.244039532060766,0.24438758478476888,0.2597670949582839,0.2547113560554012,0.269377567504546,0.3129839831265872,0.32104100349005676,0.4056399958576863,0.41215110955208795,0.4443505776116448,0.45153609862317595,0.47831165896006245,0.4803847012188867,0.7401852930835692,0.7289614863915381,0.9170810536125381,0.9014325514692142,0.9676469077736519,0.9528976706898002,1.4880518177640931,1.4624633900952795,21.606688130174096,0.21090675105485235,0.5736407405901451,0.90807585356257,3.449056891438664e+18,1.425334035277529e+18,0.26507041146860577,0.10954121404869893,0.9925089542941569,0.8704887728923631,0.09744161192143351,0.03453976133754273,0.1599214540132517,0.0,0.0,0.011007123092100115,0.03433462651562372,inf,0.0,83.33246316801024,34.43741281615457,21,0.001,25,0.050721168518066406,0.24438758478476888,2.7663000817274894,1e-06,0.2597670949582839,0.08834456767689301,0.43439587124064455,1.6977632004606447,1e-06,0.43928849566850564,0.25586363935958933,0.5671223000194076,1.8992660038684515,1e-06,0.634173233461818,0.29860077464888274,1.0444823793347644
compromise,S1,2,91,1,MG+SINE+MGCUBED,det,sample,0,1,0,4.454958800534842e-19,6.925950586190208,1.25,7.07e-06,10100.0,3.16e-11,5,1e-06,1.8085568230908098,0.0,1.8974069199025332,0.0,0.15934071891145715,0.15977617065505267,0.16762559404593447,0.19575210088983866,0.2061646485181773,0.22224434467711093,0.23534494449328633,0.2655380411642069,0.2794722094381885,0.3507487339760779,0.3600701175924189,0.447355052773017,0.4546710267251931,0.4987877663780147,0.501751465133533,0.7463533957425195,0.7351445501029682,0.9638093961296474,0.9466048761951329,1.3605118875310716,1.3397857026604938,25.8157528287438,0.21090675105485235,0.5736407405901451,8.65743823273776,3.449056891438664e+18,1.425334035277529e+18,0.22185267077558155,0.09168134142947064,0.10580707550232364,0.09453481003056327,0.08273954674407343,0.03373228719809776,0.16655852454966893,0.0,0.0,0.0447050307613441,0.02974492515007844,inf,0.0,83.33246316801024,34.43741281615457,21,0.001,25,0.04654216766357422,0.15977617065505267,1.8085568230908098,1e-06,0.16762559404593447,0.08834456767689301,0.3272185357448087,1.2788786111376207,1e-06,0.33675523980144056,0.25586363935958933,0.4500289383387171,1.5071258233267981,1e-06,0.49723206066571085,0.29860077464888274,1.0444823793347644
compromise,S1,2,92,1,MG+SINE+MGCUBED,det,sample,0,1,0,1.4581044221662777e-17,1.2580955684824318,1.25,7.07e-06,10100.0,3.16e-11,5,1e-06,1.8538680283010418,0.0,1.9557188456922407,0.0,0.16456163833682347,0.1637791694902696,0.17277713592023325,0.21476033974923883,0.21858311234943065,0.28407946486666874,0.28345405843452925,0.40354515832179144,0.412243512966898,0.5439968753367317,0.5513806655448095,0.6991561243009551,0.7111750264725312,0.8147154298725895,0.825507880598135,0.873723284523504,0.8755564099816643,0.9506947428788891,0.9440676909832821,0.9824779673503004,0.9770641027190732,0.1432762160202221,0.21090675105485235,0.5736407405901451,1.5726194606030397,3.449056891438664e+18,1.425334035277529e+18,39.973792386663334,16.519300377229584,0.03629606930445124,0.015519230796522477,0.9263774866946868,0.04665595888763052,0.9752972017441102,0.96652,0.8218,0.044884450574466606,0.04417116344215039,inf,0.0,83.33246316801024,34.43741281615457,21,0.001,25,0.050184011459350586,0.1637791694902696,1.8538680283010418,1e-06,0.17277713592023325,0.08834456767689301,0.2599710700916271,1.0160532021756528,1e-06,0.26646772357606163,0.25586363935958933,0.3479735893427588,1.1653472424910227,1e-06,0.3954389224746717,0.29860077464888274,1.0444823793347644
compromise,S1,2,93,1,MG+SINE+MGCUBED,det,sample,0,1,0,8.251582373032636e-18,9.459068628408838,1.25,7.07e-06,10100.0,3.16e-11,5,1e-06,1.0583824502938255,0.0,1.190972473074318,0.0,0.08904230043602894,0.08767386336472588,0.09474399918960037,0.1114936022283913,0.11719523779311547,0.16883996716405875,0.17376553256368496,0.21586350453952594,0.2196223110347128,0.2925504873374379,0.2953565755678766,0.36436038617656097,0.36841660565075574,0.53410683885846,0.5408335726453991,0.6456353789604875,0.6536407879336067,0.7795792884762259,0.7692419680296263,0.9627535706118737,0.948690001366879,1.9035322301192383,0.21090675105485235,0.5736407405901451,11.823835785511047,3.449056891438664e+18,1.425334035277529e+18,3.0087715997224413,1.2433846991929438,0.03769969677306935,0.021097466094295112,0.5226536901892139,0.12886949119335014,0.7472753518862026,0.0,0.0,0.17142008023996336,0.11607973810187389,inf,0.0,83.33246316801024,34.43741281615457,21,0.001,25,0.04870176315307617,0.08767386336472588,0.9924080865433613,1e-06,0.09474399918960037,0.08834456767689301,0.27080158556649786,1.0583824502938255,1e-06,0.2735719001169687,0.25586363935958933,0.3073645245613641,1.0293493877327895,1e-06,0.355625303045487,0.29860077464888274,1.0444823793347644
compromise,S1,2,94,1,MG+SINE+MGCUBED,det,sample,0,1,0,9.095015222967638e-18,8.543336168182872,1.25,7.07e-06,10100.0,3.16e-11,5,1e-06,1.0536020390269796,0.0,1.186442507945941,0.0,0.09026215077261017,0.0887163770271996,0.09640051893241623,0.1109493596827389,0.11684621238187959,0.1685960995376917,0.173426185944925,0.21638893530940012,0.22011825462859722,0.29640777495611503,0.2983745066156813,0.38063660074240785,0.3850498811109006,0.5459812352667349,0.5522089504776293,0.6646957729447818,0.673560172685071,0.7849004788692163,0.7758065553368753,0.9573801949325134,0.944192309951668,1.5598152530236231,0.21090675105485235,0.5736407405901451,10.679170210228591,3.449056891438664e+18,1.425334035277529e+18,3.671776963353203,1.5173738330631887,0.03719758782446385,0.02004381522853441,0.568658218165285,0.1292014881857738,0.7832107024602453,0.0,0.0,0.16779703837091575,0.11710147406459652,inf,0.0,83.33246316801024,34.43741281615457,21,0.001,25,0.04982113838195801,0.0887163770271996,1.0042086271978423,1e-06,0.09640051893241623,0.08834456767689301,0.26957845214212706,1.0536020390269796,1e-06,0.27354099460401793,0.25586363935958933,0.30474347124575296,1.0205716030177525,1e-06,0.35427265194902124,0.29860077464888274,1.0444823793347644
compromise,S1,2,95,1,MG+SINE+MGCUBED,det,sample,0,1,0,3.3256276506635034e-18,0.1568985445730845,1.25,7.07e-06,10100.0,3.16e-11,2,1e-06,3.06082628334027,0.0,3.1738337442253806,0.0,0.273240052551654,0.27040737473576737,0.28039097001192587,0.31495218685704424,0.32304909968880585,0.4295025525214155,0.43085812275525104,0.5345491925790552,0.5333309141493944,0.6776671075872003,0.6764518136003997,0.8264596741203679,0.8322985359034416,0.9068902778767228,0.899985322223295,0.9703012589549833,0.9649162088497553,0.9819190074815219,0.9775058779044264,0.9845161910693847,0.980149294628998,0.0783419523211938,0.21090675105485235,0.5736407405901451,0.19612318071635562,3.449056891438664e+18,1.425334035277529e+18,73.10634396316526,30.21143562579545,0.1633643641475771,0.06880431637101808,0.9588683640236169,0.02712949669129955,0.9851670053713821,1.0,0.95128,0.016317284765341118,0.026571803529960428,inf,0.0,83.33246316801024,34.43741281615457,21,0.001,25,0.044766902923583984,0.27040737473576737,3.06082628334027,1e-06,0.28039097001192587,0.08834456767689301,0.2969382909505257,1.1605333672801015,1e-06,0.30667505067911227,0.25586363935958933,0.5734794043277034,1.9205556482632828,1e-06,0.6277716945654105,0.29860077464888274,1.0444823793347644
compromise,S1,2,96,1,MG+SINE+MGCUBED,det,sample,0,1,0,8.667156476659988e-19,1.396077197939751,1.25,7.07e-06,10100.0,3.16e-11,3,1e-06,2.1291358592880982,0.0,2.2420529802383737,0.0,0.1875219631945739,0.18809758701417717,0.19807320124784866,0.2001181209494195,0.2071726168628667,0.2310275216202114,0.23486883986064802,0.25895571940938367,0.2674831559680957,0.3095001430559618,0.318168799363956,0.46749370084309694,0.474912878092508,0.5688544291154981,0.5781630963271515,0.6467000885302071,0.6405062707684112,0.8797962333059135,0.8629199037513015,0.9697682130093694,0.9549234257551746,2.674741980501221,0.21090675105485235,0.5736407405901451,1.7450964974246888,3.449056891438664e+18,1.425334035277529e+18,2.1412509150007235,0.8848789403258115,0.3040164553171888,0.1824222991558572,0.4483138241293202,0.114704259852111,0.6347809842646412,0.0,0.0,0.07936667806829724,0.11150520721922084,inf,0.0,83.33246316801024,34.43741281615457,21,0.001,25,0.04402017593383789,0.18809758701417717,2.1291358592880982,1e-06,0.19807320124784866,0.08834456767689301,0.2992667487884868,1.1696337531097922,1e-06,0.30267460415828595,0.25586363935958933,0.4727751988705151,1.5833019838158149,1e-06,0.5288907768857937,0.29860077464888274,1.0444823793347644
compromise,S1,2,97,1,MG+SINE+MGCUBED,det,sample,0,1,0,1.243775035456226e-18,0.6088230994581146,1.25,7.07e-06,10100.0,3.16e-11,4,1e-06,1.607494675798527,0.0,1.7289169279829253,0.0,0.14203636206252349,0.14201342217632815,0.1527404185519135,0.17526178966101927,0.18338606220918857,0.23670876302871527,0.23889167743721007,0.2985053760342314,0.30010266315455025,0.37344315896109637,0.3812897980757174,0.5141492865060531,0.5208621569179598,0.6884422513691767,0.6999624126127967,0.749819055592154,0.755810298870362,0.866304388000752,0.8561128486387515,0.9623935724600415,0.9524812626627814,0.8128274911686378,0.21090675105485235,0.5736407405901451,0.7610288743226433,3.449056891438664e+18,1.425334035277529e+18,7.046136819148064,2.911839074177963,0.33590609554190143,0.16330950110968848,0.7140685283485119,0.10955420622055616,0.8517878249950114,0.19192,0.0,0.05806027926566769,0.1078345493309694,inf,0.0,83.33246316801024,34.43741281615457,21,0.001,25,0.058557987213134766,0.14201342217632815,1.607494675798527,1e-06,0.1527404185519135,0.08834456767689301,0.2912422604379317,1.1382713900532833,1e-06,0.2942286004280266,0.25586363935958933,0.39580840449380933,1.3255437965933967,1e-06,0.447614343316013,0.29860077464888274,1.0444823793347644
compromise,S1,2,98,1,MG+SINE+MGCUBED,det,sample,0,1,0,7.938120358259953e-18,6.473232453357521,1.25,7.07e-06,10100.0,3.16e-11,1,1e-06,3.3426026053082016,0.0,3.334676419975694,0.0,0.2944602424939068,0.2953007820816093,0.294600546665082,0.30385223149553287,0.3047194303773087,0.35047236551744504,0.3581983409911784,0.4074460445223995,0.4135304111711159,0.455674874498193,0.45615331645593227,0.5703753172305885,0.5718618014392396,0.7241436509158824,0.7245771615901168,0.8441519398059246,0.8313033755175017,0.8942847881472429,0.8796488337716863,0.9258474423506877,0.9140336492941452,1.3541058707320957,0.21090675105485235,0.5736407405901451,8.091540566696901,3.449056891438664e+18,1.425334035277529e+18,4.229576015383961,1.7478861147476328,0.04497488428604476,0.023632099366841325,0.6009319748632043,0.12781131804062273,0.8057091633986554,0.00164,0.0,0.1600373313079844,0.11670642244444858,inf,0.0,83.33246316801024,34.43741281615457,21,0.001,25,0.06846284866333008,0.2953007820816093,3.3426026053082016,1e-06,0.294600546665082,0.08834456767689301,0.2781502648496408,1.087103527276613,1e-06,0.28072829470611327,0.25586363935958933,0.5378882710118236,1.801362610811419,1e-06,0.5723297153640623,0.29860077464888274,1.0444823793347644
compromise,S1,2,99,1,MG+SINE+MGCUBED,det,sample,0,1,0,2.1154079526441667e-18,0.8629742744311862,1.25,7.07e-06,10100.0,3.16e-11,3,1e-06,1.9289315316060303,0.0,2.032829904991708,0.0,0.1701862477019317,0.17041062223806183,0.17958947911715192,0.2112579085389732,0.21907770735283197,0.26598138653350983,0.27148410999114647,0.3246253767400059,0.326120607058796,0.4126444191359379,0.41734288786742724,0.5258668462538962,0.5273946796680619,0.6990841865103449,0.7095475844492941,0.7681159641320283,0.7666142684487744,0.8984619790778707,0.8873195122630023,0.9519329888105945,0.9423366728706202,0.6774118887412706,0.21090675105485235,0.5736407405901451,1.0787178430389828,3.449056891438664e+18,1.425334035277529e+18,8.45466961582447,3.4939198568669685,0.206284603406696,0.09804958957674162,0.7463800745288741,0.10537940294386725,0.8806440345105728,0.37536,0.0,0.07400731156503633,0.1024930218333544,inf,0.0,83.33246316801024,34.43741281615457,21,0.001,25,0.04800891876220703,0.17041062223806183,1.9289315316060303,1e-06,0.17958947911715192,0.08834456767689301,0.2832330715548007,1.1069688223919403,1e-06,0.2859819786573803,0.25586363935958933,0.44818907744421826,1.5009642154185057,1e-06,0.5037975783684071,0.29860077464888274,1.0444823793347644
compromise,S1,2,100,1,MG+SINE+MGCUBED,det,sample,0,1,0,1.554193198637568e-18,0.31963577087501527,1.25,7.07e-06,10100.0,3.16e-11,5,1e-06,1.6068176901026736,0.0,1.7074223142701783,0.0,0.1423289639907879,0.14195361416770455,0.15084148619607907,0.18967877125663907,0.20037972376863383,0.2503434150998715,0.2539786173977045,0.33606520406898566,0.33754272088313464,0.4326585060531826,0.43740768573979616,0.6130585651245521,0.6229095099304033,0.7708258461137021,0.7831298004735586,0.8264697558475582,0.8344262086750956,0.9046886358211748,0.8976590694978395,0.9740850992687362,0.9670201053413039,0.34150688940697405,0.21090675105485235,0.5736407405901451,0.3995447135937691,3.449056891438664e+18,1.425334035277529e+18,16.770653508878016,6.9305273854383005,0.3155967643670853,0.14084168493401175,0.8501675076048427,0.07642974052281067,0.93286666546169,0.82548,0.2478,0.0365868112718358,0.07544422522068697,inf,0.0,83.33246316801024,34.43741281615457,21,0.001,25,0.04651689529418945,0.14195361416770455,1.6068176901026736,1e-06,0.15084148619607907,0.08834456767689301,0.28841855907737063,1.1272354282119343,1e-06,0.2934765675804965,0.25586363935958933,0.4003494755514946,1.3407516307426048,1e-06,0.4515543859358661,0.29860077464888274,1.0444823793347644
