group,set,search_seed,eval_index,is_finite,task,mode,node,N_R,R,seed,k_on,k_off,T,distance,N_max,D,L,lam_best,objective,opt_sd,held,held_sd,train,opt_lam_1e-06,held_lam_1e-06,opt_lam_1e-05,held_lam_1e-05,opt_lam_1e-04,held_lam_1e-04,opt_lam_1e-03,held_lam_1e-03,opt_lam_1e-02,held_lam_1e-02,opt_lam_1e-01,held_lam_1e-01,opt_lam_1e+00,held_lam_1e+00,opt_lam_1e+01,held_lam_1e+01,opt_lam_1e+02,held_lam_1e+02,opt_lam_1e+03,held_lam_1e+03,KD_nM,tau_D_over_T,phi_ISI,koff_T,c_peak,c_mean,c_peak_over_KD,c_mean_over_KD,tauR_mean_over_T,tauR_peak_over_T,occ_mean,occ_std,occ_max,occ_frac_above_0p8,occ_frac_above_0p9,contrast_within,contrast_between,binomial_sd_mean,snr_within,shell_molecules_peak,shell_molecules_mean,history_symbols,dt,n_sub,seconds,running_min
wide,S4,5,1,1,MGCUBED,det,sample,0,1,0,5.574256261228092e-18,9.147038991037022,1.584599158865554,6.1156214548765915e-06,89817.56443237788,2.301574856957027e-11,2,1e-06,0.4838792040997012,0.0,0.5218372677723286,0.0,0.48981271557683725,0.4838792040997012,0.5218372677723286,0.5295319032371368,0.5660762503295632,0.6038359914837674,0.6457853101686067,0.6797628974028672,0.7141149746697014,0.7918991352549284,0.8121291877200546,0.8933188400990558,0.9077401673490411,0.9370276565749127,0.9490313220284653,0.9648122289344057,0.9642953840513856,0.9899832500179147,0.9838978900486993,0.995778161773521,0.9896154626770007,2.7248506135656294,0.17091706055248018,0.5260496902002059,14.49439029130769,4.288241299623388e+19,1.5764739420690815e+19,26.132780167992415,9.607119583563984,0.006504330243420781,0.0025427622335710267,0.8743762333525713,0.08317447134759783,0.9628194087607048,0.87068,0.48588,0.09593949550915497,0.07687509783472117,inf,0.0,1036.0794889856086,380.8909532309924,17,0.0009903744742909711,32,0.24712610244750977,0.4838792040997012
wide,S4,5,2,1,MGCUBED,det,sample,0,1,0,1.8019561448684504e-17,0.9587878696555828,1.1008780693922933,4.058041929185729e-06,42044.202045405655,6.994986652539297e-11,4,1e-06,0.7032846565110084,0.0,0.8753311005358,0.0,0.6798130589422305,0.7032846565110084,0.8753311005358,0.70488007908648,0.9805872446101533,0.734743981125624,0.9085463650852454,0.7996030150799038,0.8332485212415122,0.8773696530272572,0.8890977419775691,0.9361352043886152,0.936104329443069,0.9699548574962666,0.9683667897745866,0.9857113899645805,0.9836822932857417,0.9942615450955307,0.9905503600130642,0.9967046590936351,0.9934468363522745,0.08835424320560871,0.03564147750671348,0.2563268324659358,1.0555085389031877,4.8275927146462134e+19,5.320249787806384e+18,907.3029219908482,99.98934175936735,0.009381293156270272,0.0010430557887305117,0.9720681781683631,0.03721950283845706,0.9988843423479489,0.98856,0.96244,0.05162242068144812,0.03163354631013724,inf,0.0,1166.391871012616,128.54224602310362,4,0.000957285277732429,23,0.03403902053833008,0.4838792040997012
wide,S4,5,3,1,MGCUBED,det,sample,0,1,0,6.908449490328671e-20,0.36453291853921244,2.365137065258119,1.452388715975651e-05,90569.576612632,6.299227235532075e-12,3,1e-06,0.5855607033583653,0.0,0.631023924023062,0.0,0.589717848803932,0.5855607033583653,0.631023924023062,0.6365580130198012,0.6946984049683803,0.699084040533769,0.7609299204354112,0.7322920854827071,0.794718302096372,0.7395859096379225,0.7993904085157569,0.744262153663364,0.7972385803319465,0.7973592310003667,0.8193756442660891,0.9649903834339025,0.9629843799863297,1.0183180965639946,1.01380350091246,1.0250203207018183,1.020783817926571,8.76204064823329,2.3597766117978725,0.9922021831893761,0.8621703171438099,2.2588351203939602e+19,1.6372639185048494e+19,4.2808337855346625,3.1028624598992534,0.2826962026193894,0.21963645976896326,0.7505313049114571,0.03933553786936665,0.8093604078227646,0.05552,0.0,0.004503631572895642,0.03930582865329061,inf,0.0,545.7558410824639,395.5783841193962,236,0.000985473777190883,48,0.1684420108795166,0.4838792040997012
wide,S4,5,4,1,MGCUBED,det,sample,0,1,0,4.1216576209280817e-19,46.26316632104916,3.9359926596354486,1.0544776623955554e-05,56044.19621142999,1.732908969029013e-11,4,1e-06,0.5473798664962747,0.0,0.5968830995301054,0.0,0.5519297370221735,0.5473798664962747,0.5968830995301054,0.5735914519708558,0.6282295606310184,0.58824259710731,0.6447215126335121,0.628058496040806,0.6800544754991076,0.6842242502218455,0.7288628315642139,0.7273034659681317,0.7579477861595753,0.8992611040585136,0.9082464059247719,0.9861827925964769,0.9863725898100517,1.0164387226962341,1.0155028424673975,1.2342623083407902,1.2431037301781767,186.38567807571894,0.27170240886197605,0.6333854073491323,182.0914830511434,6.613283259620491e+18,3.0516794670279526e+18,0.058918771701038965,0.027187888188670486,0.00534638804579051,0.0051861815966967985,0.026347690331184663,0.010845793461540944,0.05511985823932316,0.0,0.0,0.014731411771523496,0.009527898463230315,inf,0.0,159.78315261192137,73.7314503039714,27,0.0009964538378823922,79,0.31673336029052734,0.4838792040997012
wide,S4,5,5,1,MGCUBED,det,sample,0,1,0,1.4146481927623447e-19,18.63253567902201,3.5959960558613453,5.195714266500536e-06,32824.19195498852,1.9600158679200876e-10,2,1e-06,0.7142150776960261,0.0,0.7443205923690646,0.0,0.7166177277838363,0.7142150776960261,0.7443205923690646,0.7183483895014714,0.748945420389504,0.7201780980390131,0.7491904054900805,0.7458353745667855,0.7618198728482944,0.8942110805534487,0.8870314192961662,0.9660113251073011,0.9547755940151527,0.9854487721974461,0.9798959432175279,0.9967574805589273,0.9949989971318988,1.016114643304605,1.0174764987723925,1.2514042214841585,1.261134143155507,218.7119990243711,0.006383523689822853,0.11006431375950645,67.00252481245894,1.722774331099633e+19,3.626569849903595e+17,0.13079913738049923,0.0027534204535932544,0.014883829271280088,0.013198463120335235,0.0026240860687614985,0.007147367932095323,0.062237970636425596,0.0,0.0,0.03623579726191769,0.0011316632165753705,inf,0.0,416.23850522590504,8.762134344419295,1,0.0009988877932948182,72,0.10000085830688477,0.4838792040997012
wide,S4,5,6,1,MGCUBED,det,sample,0,1,0,1.1264465334045965e-18,3.0313224468452535,4.947972763958193,3.431874680022035e-05,70859.23974078821,1.0314475301958278e-10,3,1e-06,0.5128635645723366,0.0,0.5609670900702827,0.0,0.5169537431028095,0.5128635645723366,0.5609670900702827,0.5585236535867442,0.6052463585668139,0.5996625442240342,0.6454301880882974,0.6378765022350127,0.6831556953481629,0.6869052103314021,0.7304505986928304,0.7155309564681019,0.7494799274628927,0.8640447291806799,0.8748349545783297,0.9797885950405195,0.9798251226458485,1.0174199029128133,1.0136289712130486,1.2014187181557914,1.2086340809878298,4.468591450118639,0.38462468188546717,0.7172603577850482,14.99890090576542,3.019086248263283e+17,1.582993229516969e+17,0.1121899533302692,0.05882439981428228,0.06296752502074963,0.05994619146509018,0.05517781761515854,0.01895557962372703,0.0987497627177834,0.0,0.0,0.016975750961985496,0.01795173173123471,inf,0.0,7.294396743902486,3.824660744836492,38,0.0009995904573652915,99,0.37253499031066895,0.4838792040997012
wide,S4,5,7,1,MGCUBED,det,sample,0,1,0,2.8371184399849418e-18,3.319771147579246,3.1601271941970506,1.926936965408973e-05,3469.3765306737614,5.538546163551584e-11,4,1e-06,0.5305089784473194,0.0,0.581202980890438,0.0,0.5346182712714147,0.5305089784473194,0.581202980890438,0.5717446310251417,0.6219641146284054,0.5988009967947002,0.647600411987044,0.6426063945899829,0.6891072221660841,0.6920741644600764,0.736810036189648,0.721628656404376,0.7558654002841164,0.8788462642594507,0.8912611039376521,0.9811185902342455,0.9825556046274627,1.017669786799584,1.016148443163344,1.2252321110056508,1.233684496895918,1.9430312132690346,0.3535765246322495,0.696951154944447,10.490899081975925,7.904689003356458e+16,4.108968777396852e+16,0.06755447269346285,0.03511576723044796,0.09208700888917767,0.08928885344630895,0.03378708821674454,0.01155056976360306,0.060842663640126235,0.0,0.0,0.010957547284788854,0.010859660418465833,inf,0.0,1.9098473175721222,0.9927655590456252,35,0.0009875397481865784,64,0.18763518333435059,0.4838792040997012
wide,S4,5,8,1,MGCUBED,det,sample,0,1,0,2.442982331042644e-19,0.1374311027264884,0.7610960156702016,2.3442411531886453e-05,25068.367028756264,3.186712307601483e-11,3,1e-06,0.6551122922046089,0.0,0.7179015571136836,0.0,0.6596317794367506,0.6551122922046089,0.7179015571136836,0.6566896600475326,0.7210168804373983,0.6578454821885529,0.7230251446042248,0.6585823656287845,0.7233527138552072,0.6599868236605345,0.7228998021043115,0.6688284021915696,0.7183721918614395,0.8104343390484129,0.8192086849138166,0.9897602601834662,0.9877225963869601,1.0236355250483462,1.0210967851338726,1.027646824045423,1.0254907128635615,0.9341439445643399,3.7763393581679825,0.9992369476096945,0.1045982647142925,2.243892542569014e+18,1.7277475451809116e+18,3.9887548928164844,3.0712528981008775,2.3482668085340914,1.9163876067603398,0.7512889632155498,0.02798417524923516,0.7973207720448163,0.0,0.0,0.0031002154398717435,0.027964956686341035,inf,0.0,54.214557353563585,41.744008059070545,378,0.000951370019587752,16,0.07828474044799805,0.4838792040997012
wide,S4,5,9,1,MGCUBED,det,sample,0,1,0,9.975393806545108e-19,0.47901547901855424,4.319324349526946,4.326523663042733e-05,61263.7697074128,7.888135261976465e-12,5,1e-06,0.6479813858558512,0.0,0.7060023997769949,0.0,0.6574142708042419,0.6479813858558512,0.7060023997769949,0.6603027130675597,0.7142509233020184,0.6649695592616213,0.7154993191592095,0.6683528008118246,0.7152075125562155,0.6774684542345959,0.7164276474642127,0.7330045155099233,0.7515302149159256,0.9302258278254927,0.9328280838013744,1.0037906701315444,1.0033731717701857,1.0130920491098852,1.0122218014303783,1.0141165378791408,1.0134014188036862,0.7973859800596601,9.156652855242795,0.9999998404462596,2.0690232223251552,1.8942455739765914e+18,1.6241435551185964e+18,3.944725461781927,3.3822438460371025,0.11029049732082762,0.09774452735468851,0.7709465850470142,0.01406122683504191,0.7969847966094736,0.0,0.0,0.001515645535415677,0.014052159332200685,inf,0.0,45.766757259468605,39.240838074441626,916,0.0009929481263280335,87,0.49876999855041504,0.4838792040997012
wide,S4,5,10,1,MGCUBED,det,sample,0,1,0,9.718896497011595e-18,70.23685802676157,2.1644418491035387,9.426354061457066e-06,11874.565739127505,1.3201907964468583e-11,1,1e-06,0.6344132534483561,0.0,0.6837248248424416,0.0,0.6398129243728382,0.6344132534483561,0.6837248248424416,0.6473656725910469,0.6964235087230659,0.6784748705748818,0.727567432327735,0.6894168485291454,0.7366832237491947,0.6994497604681182,0.7425033574272705,0.7342377799786868,0.7600548448817993,0.9084327300990077,0.9106494200699913,0.9898772823277509,0.9848828556394423,1.0139201882514548,1.0047853571829017,1.114975213381948,1.1168047708725044,12.000441278991161,0.5182670790839896,0.7875719544530422,152.02359486266653,3.042333456255907e+18,1.7360242185970342e+18,0.4209773159198081,0.24021916940563268,0.005303841807483955,0.004629156431592072,0.19035699480976154,0.05255057070497999,0.2946617449562048,0.0,0.0,0.03519586824176733,0.05110256651692998,inf,0.0,73.50564188069994,41.943980284612756,52,0.0009838372041379721,44,0.34561991691589355,0.4838792040997012
wide,S4,5,11,1,MGCUBED,det,sample,0,1,0,3.5984934304210537e-19,44.172537915092796,3.9750422115307895,1.4139204434665544e-05,77804.94743545134,1.9752839594072563e-11,3,1e-06,0.5784695050384024,0.0,0.6251920557587881,0.0,0.5827624071561055,0.5784695050384024,0.6251920557587881,0.6080560926470332,0.6532606690556105,0.6376399158852488,0.6829943134371915,0.6809594401042827,0.7259869219695178,0.7029275616711322,0.7411822357033637,0.8247130117485554,0.8401294969777374,0.9666079865995802,0.9710231155472918,0.9958774755651312,0.9952540168607135,1.0166981057202076,1.017020610913457,1.2428503615298487,1.2522024469591813,203.83592834751119,0.4243531355158706,0.7408064789780289,175.5877028029381,5.081022026932214e+18,2.742217056769809e+18,0.04139228861806689,0.022339332375564243,0.005570713626503578,0.0054687937600658,0.02179363766987268,0.007522650173219434,0.03941919754521772,0.0,0.0,0.006719101979249904,0.00713603532389264,inf,0.0,122.76227799146673,66.25454698911663,42,0.0009937605528826973,80,0.3866159915924072,0.4838792040997012
wide,S4,5,12,1,MGCUBED,det,sample,0,1,0,9.193645260554683e-18,7.633551500894218,1.864536755991677,1.6767481205539937e-05,29642.130561723843,6.661878713247577e-11,2,1e-06,0.5107581102154826,0.0,0.5508106521539675,0.0,0.5151960603491924,0.5107581102154826,0.5508106521539675,0.5247843536072189,0.561627429259779,0.5423732600262415,0.57871940085574,0.5702824404557688,0.6064722042789148,0.6684738381742809,0.7073371214234639,0.7340256935818653,0.7739264280748366,0.7666250065166992,0.7943963064398479,0.891689805660733,0.8916687741215436,1.0033736276432736,0.9915982598726384,1.0334016558181138,1.0234894546579547,1.3787578407994423,0.3772391306179048,0.7125906876031121,14.233037352172703,1.0696212032698139e+18,5.585601747037806e+17,1.2882231691079007,0.6727149351515418,0.04200301605323713,0.030704641584872724,0.38864232805859583,0.09403788451474973,0.5597469596478526,0.0,0.0,0.08111719408590011,0.08989124833420237,inf,0.0,25.843055748502042,13.495339929346569,38,0.0009813351347324616,38,0.16928482055664062,0.4838792040997012
wide,S4,5,13,1,MGCUBED,det,sample,0,1,0,2.4498668937889224e-18,6.540928724283998,3.642665287424627,4.8078364460107745e-06,76784.0074793123,1.9023019396931071e-10,2,1e-06,0.6208774031528205,0.0,0.6508623042707575,0.0,0.6237518035840077,0.6208774031528205,0.6508623042707575,0.6276754915074307,0.6526937768311963,0.6484007120726759,0.6727086820265475,0.6649143505523912,0.6909682536460632,0.692211595390261,0.71761306421617,0.7519688433610978,0.7689319481921258,0.8610390037928776,0.859877172727927,0.9509041193912747,0.9387814298052457,0.9758307259063831,0.9641439970121248,1.0148833746630828,1.0112720675925888,4.433492982745283,0.005559674967083606,0.10275890402047784,23.826414011467968,5.085374389327084e+19,9.389190495480644e+17,19.04697464854006,0.351666681047248,0.03105072233637854,0.0020935940479971096,0.13994001763002947,0.1905261292937012,0.9084203152559357,0.01648,0.00132,0.7651766067012857,0.04204244815334795,inf,0.0,1228.6743516642218,22.68516860606811,1,0.0009979904897053772,73,0.10090804100036621,0.4838792040997012
wide,S4,5,14,1,MGCUBED,det,sample,0,1,0,7.665219882965462e-19,6.106189354304287,1.842198146631401,3.554898658484285e-05,64676.00940293669,2.5421702513971628e-11,2,1e-06,0.6390766548406224,0.0,0.7008024713516562,0.0,0.6441840664059919,0.6390766548406224,0.7008024713516562,0.6447420352612341,0.7075384790193312,0.6457883201963287,0.708091265343515,0.6462277827599334,0.7081757177027368,0.6476847260527926,0.7092544857177991,0.6841818435176391,0.7427563851804934,0.7684046059246807,0.8120365671613489,0.9166731918051212,0.9245853563519048,1.0385894841889471,1.0366184618032295,1.125175626961643,1.1293909762530054,13.228017107397832,4.497407351124297,0.9997604456507156,11.248810711479749,1.9326369846455762e+18,1.5192019884781133e+18,0.24260773097082478,0.19070842079462313,0.07465999666872108,0.07154171386048776,0.15976078445221628,0.018413510430986182,0.19426477768803727,0.0,0.0,0.002060822467579219,0.018400804625634065,inf,0.0,46.69432990214736,36.70535097981918,450,0.0009957827819629195,37,0.2291259765625,0.4838792040997012
wide,S4,5,15,1,MGCUBED,det,sample,0,1,0,1.1004234592051592e-18,8.903752899984116,2.541148773585978,5.319494927715509e-06,79097.81663856264,2.3226137245108992e-11,2,1e-06,0.4762536545766586,0.0,0.518225506876559,0.0,0.48329345757916903,0.4762536545766586,0.518225506876559,0.510037631149351,0.5472514146682758,0.5386067369908931,0.56516947050574,0.5928335783796241,0.6143087122913596,0.6963513509973897,0.7257700045482753,0.7502353060940438,0.7789567852630365,0.8092034725279211,0.8282863971204859,0.890622572274874,0.8916075609915778,0.969386352736299,0.9582319759167589,0.9955354204670994,0.9839170981622325,13.435763670074202,0.07990656614049367,0.37559136335439963,22.625760762107234,4.482962943600161e+19,9.868352652894292e+18,5.540537395072849,1.2196392785084722,0.019911978186978783,0.006757458329023094,0.4792199907509516,0.17845277455826788,0.8436913360334869,0.02364,0.0,0.39472126458581364,0.1289444600157667,inf,0.0,1083.1260722559136,238.42869510720968,8,0.0009965289308180307,51,0.08243608474731445,0.4762536545766586
wide,S4,5,16,1,MGCUBED,det,sample,0,1,0,8.908130198039363e-20,12.02038012829765,4.192836898091312,3.669544380333382e-06,38682.32801471019,2.586653089897807e-11,4,1e-06,0.5192470939520505,0.0,0.553307616612173,0.0,0.5230072110736168,0.5192470939520505,0.553307616612173,0.5331103423465092,0.5613791437698155,0.5925977165143183,0.6097608877173065,0.6704931423932174,0.6930915450946598,0.7269876022136519,0.7577442671321603,0.7485562615145326,0.7768990080683743,0.8298286969273758,0.8358702602839733,0.9605613586173514,0.9531695001814766,0.9989704730819998,0.9932955497743692,1.198272544164818,1.2054691006095715,224.0684673615524,0.020693163205872143,0.19676109332049868,50.399493331009964,5.834855935355455e+19,3.7997577967910625e+18,0.4324127507131534,0.028159456534278263,0.019298046796722,0.013851782104573083,0.025776470633659777,0.038618253089102016,0.24485920066128408,0.0,0.0,0.14658797192826722,0.010733425828590824,inf,0.0,1409.7561525604112,91.80572736693053,2,0.0009982944995455506,84,0.15878605842590332,0.4762536545766586
wide,S4,5,17,1,MGCUBED,det,sample,0,1,0,1.0916914882568112e-19,2.467474708808534,1.9561316858125992,4.0149791562825624e-06,92874.27421108304,1.8211723470618148e-11,4,1e-06,0.3983919689622605,0.0,0.43795836288637113,0.0,0.4060401109568509,0.3983919689622605,0.43795836288637113,0.4326974339325714,0.475314180671078,0.46177881442131447,0.5036100883551117,0.5047465867852059,0.538510447678515,0.5678701474523046,0.5987402039025059,0.6127830291422344,0.6423682350491656,0.7348832319531009,0.7612514185093429,0.835013293205448,0.855898107224213,0.9182908984463776,0.9136065279569919,1.0027214123923622,0.9898550792294109,37.53201518299388,0.07541647064858306,0.36568111295470945,4.826705461841589,1.2115464778977349e+20,2.5545007182677443e+19,5.360277748042795,1.1301946402625522,0.09725902566622398,0.032574152167348755,0.4739359640392871,0.16693093399177522,0.8095125573079175,0.00136,0.0,0.324682661902118,0.12866684516391863,inf,0.0,2927.2104063100214,617.1914344066078,8,0.0009780658429062996,40,0.10658097267150879,0.3983919689622605
wide,S4,5,18,1,MGCUBED,det,sample,0,1,0,1.52327257364433e-17,2.973975456630907,4.957076503136711,3.5000000000000004e-06,100000.0,1.421667007872495e-11,4,0.001,0.8780253271496505,0.0,0.9678759636836669,0.0,0.8764961372069441,1.2622045426713335,8.486607054141933,1.1372876013399011,3.280052835388775,0.9468386953552066,1.593849512767575,0.8780253271496505,0.9678759636836669,0.9187032405236552,0.9315312565785534,0.9533064654978354,0.9510975939719456,0.9700237249512186,0.9652386258083787,0.9830883958262298,0.9811556867641504,0.9912022013274264,0.9874270622217619,0.9954215269762131,0.9917299163339665,0.3241968979154529,0.028970856291007284,0.23186049731021316,14.74222385697034,1.7642220747495758e+20,1.591723097556888e+19,903.6359376443407,81.52818255236599,0.0008219297824778402,7.498306037917553e-05,0.9583925340825815,0.061546505477057784,0.9988083137483004,0.9742,0.92852,0.08214996186545276,0.05150101550213233,inf,0.0,4262.526704885293,384.57529282882615,3,0.000991415300627342,100,0.17705512046813965,0.3983919689622605
wide,S4,5,19,1,MGCUBED,det,sample,0,1,0,1.7644893317623614e-19,46.61941582215116,0.5,4.317218768287951e-06,87850.81846631298,2.0116531436707117e-11,2,1e-06,0.5144906704180318,0.0,0.5549336733963582,0.0,0.5194324850315288,0.5144906704180318,0.5549336733963582,0.5280641642274615,0.5674656838169362,0.5493106409254904,0.5926733797112241,0.5985662739385068,0.6456733051816366,0.6721369444705382,0.7204983008720746,0.7009215355518742,0.742892494800241,0.750309815926231,0.7726643244367706,0.9223933567365294,0.9200708565905533,1.0109194009394464,0.9989218315581293,1.0645803187388578,1.0589520885357047,438.7295511964618,0.3088401522217334,0.6642312825473069,23.30970791107558,1.6307567402444082e+20,7.925072360115362e+19,0.6172219921927045,0.29995454439444036,0.033001600445357084,0.02652732938232242,0.22424796702752847,0.07159200909515125,0.37828317821516105,0.0,0.0,0.08006088296696746,0.06609025043044174,inf,0.0,3940.0618856048304,1914.772128556157,31,0.001,10,0.05202627182006836,0.3983919689622605
wide,S4,5,20,1,MGCUBED,det,sample,0,1,0,5e-20,0.9894972573863065,2.592316935186913,4.73491530529973e-06,53253.3045627728,1.6350990994560374e-11,5,1e-06,0.3717252122921884,0.0,0.40936724176808875,0.0,0.3786386514389193,0.3717252122921884,0.40936724176808875,0.41182802817535147,0.4537875224118724,0.4387388830108945,0.48110224296962845,0.4858785758395449,0.5281586773654434,0.5150100200311251,0.5547253031780535,0.6093930953921575,0.6417454729815265,0.7595203540953793,0.7941083302800508,0.8023947600356438,0.8279106375486386,0.9072736732963848,0.9013767987099031,1.0290611429501697,1.014762376484152,32.86197705502674,0.0881537929806152,0.3929284382506109,2.565090497643526,4.378865207693954e+19,1.041434281202581e+19,2.2126717254681663,0.5262441474337498,0.25543081939918777,0.12134753454320225,0.3238779365971595,0.1201224156651693,0.5694765702714837,0.0,0.0,0.1675354531397006,0.10579565351634974,inf,0.0,1057.9750787631422,251.62033162061755,9,0.0009970449750718896,52,0.16895198822021484,0.3717252122921884
wide,S4,5,21,1,MGCUBED,det,sample,0,1,0,5e-20,0.6865579144480816,2.433574646684337,3.5000000000000004e-06,88991.60822064344,1.2872368850418745e-11,1,1e-06,0.6589445731943266,0.0,0.6990144799146757,0.0,0.6617268368201298,0.6589445731943266,0.6990144799146757,0.6966319470234233,0.7359509974057233,0.7041830670383868,0.7418742553474359,0.7108864536587198,0.7436408974199213,0.7453351456728264,0.7676029828727533,0.8104790806649254,0.8193643805530945,0.9157780135618702,0.9145081274298356,0.9673475062987865,0.9577655762443315,0.9805909894467879,0.9690354213490621,0.986928384220413,0.97790730413937,22.801124776368784,0.06517509762916346,0.3416427938318466,1.6707899340813253,1.7064613712735915e+20,3.1962323799117095e+19,12.427657852035702,2.327722332413235,0.1798585420202978,0.044573617644382446,0.6391254477592982,0.1578051889022103,0.8881256705333396,0.14492,0.0,0.239185060197207,0.1375384033241784,inf,0.0,4122.971404799678,772.2398483380622,7,0.0009932957741568722,49,0.09087181091308594,0.3717252122921884
wide,S4,5,22,1,MGCUBED,det,sample,0,1,0,5e-20,0.18198449449869283,1.1221901670397194,4.646858160569874e-06,46438.26045680534,1.8509006989950038e-11,5,1e-06,0.36166661912883763,0.0,0.40984692807842177,0.0,0.3723720852961458,0.36166661912883763,0.40984692807842177,0.3810183340195746,0.4282545182887851,0.41259436200020677,0.46126152024403305,0.46618170540951176,0.5045688660004567,0.6770269905471795,0.7074561849084703,0.8409022431627695,0.8666990656264427,0.9126010355410278,0.9350919369065724,0.9339061795810765,0.9462059298987833,0.9696053256842284,0.9653670765806807,1.0065054444569574,0.9979904787590892,6.043847254699269,0.17326785699423675,0.5290745149603755,0.20422121028012702,5.082816429514561e+19,1.882986588836064e+19,13.964971146349697,5.173480834241044,0.7931750600854206,0.32720751572112045,0.8094970928754018,0.0934123447087044,0.9063642808474692,0.68612,0.012,0.026922356503189894,0.09297002140869087,inf,0.0,1228.0563244800621,454.9472957362176,17,0.0009758175365562777,23,0.05682206153869629,0.36166661912883763
wide,S4,5,23,1,MGCUBED,det,sample,0,1,0,8.130861481392943e-20,0.7061057919983156,0.6776423251403804,4.331180937368835e-06,88405.20629710921,1.4798176802726113e-11,5,1e-06,0.42900886809115013,0.0,0.47026457715504205,0.0,0.4375092800127656,0.42900886809115013,0.47026457715504205,0.4522455308018697,0.49598543616654434,0.47811952499180255,0.5223290757146636,0.5140405993649767,0.5580080831060933,0.5716073170550704,0.6092534241692292,0.7370498258828745,0.7604250878161116,0.8926928951341486,0.9121820982584157,0.9378360837667516,0.9451476655732038,0.9824101131377386,0.9779208618447331,1.0032077574222071,0.9976450674977735,14.420566084592341,0.3117831696467608,0.6665232943343435,0.4784871706848284,1.6343842550448518e+20,7.967453910781795e+19,18.82005803624818,9.174583304948134,0.20540597389996323,0.10544470601231337,0.8852889410183314,0.054604668050136654,0.9458752726115044,0.91976,0.54456,0.025218412708373585,0.05389895157699884,inf,0.0,3948.8263030387593,1925.0119103895047,31,0.0009680604644862577,14,0.05914592742919922,0.36166661912883763
wide,S4,5,24,1,MGCUBED,det,sample,0,1,0,5e-20,0.10748536711833856,0.6808076871243594,5.985641878681534e-06,53095.9506895946,5.0093191029990414e-11,5,1e-06,0.3617345286141671,0.0,0.40668570600605153,0.0,0.37085289281056455,0.3617345286141671,0.40668570600605153,0.42754716961266975,0.4683239002454971,0.6118485839942344,0.6610950370006631,0.7133635570760986,0.7701362249934373,0.7644872952933486,0.8153139676885995,0.8346878925887201,0.8810903293787603,0.8587834302465621,0.8962618630690681,0.8913567263495182,0.9040934506825987,0.971578267056233,0.9651478589128373,1.0176635642972476,1.009334672861261,3.5696730249904873,0.17509230487207267,0.5314006604860344,0.07317686418754873,2.7358892835423613e+19,1.0214907564455301e+19,12.726798804762973,4.7517666070810165,2.375882452323877,0.9955359254544123,0.8035569369569773,0.0778823790042356,0.8914433315545593,0.6414,0.0,0.012880236335597879,0.07774663125173602,inf,0.0,661.0166202780425,246.80178819101346,18,0.0009725824101776562,14,0.03684711456298828,0.36166661912883763
wide,S4,5,25,1,MGCUBED,det,sample,0,1,0,5e-20,10.517445369845664,2.7236318058464155,3.5000000000000004e-06,23126.415358176542,5.271372087562359e-11,5,1e-06,0.5180762371710216,0.0,0.5517892425146429,0.0,0.5218370633607017,0.5180762371710216,0.5517892425146429,0.5484618466316612,0.5817620867169918,0.6555777081712802,0.6873620098741198,0.7216349586424067,0.7556784649816587,0.7357667309837173,0.769891336844254,0.7708586928524638,0.7906709335712521,0.9245600387004388,0.9234638846701902,0.9883235167012184,0.9849003082091201,1.0130273695447407,1.0130278670804715,1.2434625013675356,1.2528220322540027,349.2925784699082,0.014220431300706509,0.16363564630651722,28.645648725563767,3.970746253714755e+19,1.7516706545809848e+18,0.18876952121373475,0.008327453069559844,0.034621011037174645,0.02936592439396073,0.00808283334024536,0.01388925632276476,0.08586366548008907,0.0,0.0,0.04967317217662919,0.0034593558581589175,inf,0.0,959.3696954044104,42.322012915381954,1,0.0009904115657623329,55,0.09158492088317871,0.36166661912883763
wide,S4,5,26,1,MGCUBED,det,sample,0,1,0,5e-20,0.1,0.5035032570997434,5.265216125438563e-06,46505.76310671732,2.933664944539343e-11,5,1e-06,0.4694187697258782,0.0,0.5025447025148618,0.0,0.47534508559945654,0.4694187697258782,0.5025447025148618,0.5183059962253538,0.5477188591393876,0.6714985936391301,0.7101970524415194,0.7607579967514138,0.8084460584263927,0.8271060869191058,0.8679956304760404,0.8793118845583926,0.9161964730411739,0.8990350762219147,0.9211161584499012,0.9396250128509429,0.9413954454771913,0.9939141383890463,0.9894431728074556,1.0070030277226638,1.0023940540188678,3.321078134347694,0.3128011632221298,0.6673112382650395,0.050350325709974345,4.795320543933714e+19,2.3418333759158047e+19,23.976602719668566,11.709166879579023,1.5627180678098664,0.7951779884735433,0.9099658023183509,0.038478389541289446,0.9512638710774425,0.97276,0.70692,0.0057957876610685724,0.03840914707509725,inf,0.0,1158.5946105965104,565.8090013781127,31,0.0009154604674540789,11,0.09276294708251953,0.36166661912883763
wide,S4,5,27,1,MGCUBED,det,sample,0,1,0,5e-20,0.33995586073890977,0.6928627094524895,8.300558157690779e-06,47257.17094592969,4.974803492878418e-11,5,1e-06,0.5078899790075475,0.0,0.5481064497862477,0.0,0.512851162778328,0.5078899790075475,0.5481064497862477,0.5396864891978294,0.5855273196880085,0.6111319145705991,0.667865913931084,0.6447859410368267,0.7077960220359889,0.6812205249706789,0.7415938536056484,0.7427992001708035,0.8010591809432691,0.760460628042269,0.8126506882064615,0.7921966263813056,0.8178727709801534,0.9616863735636675,0.9537693847919584,1.0646557947035782,1.0535904717591977,11.29019975743343,0.3331503123712303,0.6825565985091991,0.23554273876581422,1.2938336341045119e+19,6.468062425757532e+18,1.9029435634560095,0.9513091510908062,2.1757259831087365,1.462485896918972,0.47231963374123537,0.09451529974367828,0.6077409785877628,0.0,0.0,0.013789915026320099,0.09438282273589774,inf,0.0,312.6023926342777,156.27448048211346,33,0.0009898038706464135,14,0.060350894927978516,0.36166661912883763
wide,S4,5,28,1,MGCUBED,det,sample,0,1,0,5e-20,0.6102920917605288,1.5211994601091066,4.49137084390615e-06,5241.203171670562,2.0617993494544767e-11,4,1e-06,0.45562317355201615,0.0,0.499697563659923,0.0,0.4613746803088263,0.45562317355201615,0.499697563659923,0.5173348397230838,0.5663686329354009,0.5857565528446014,0.6370498473605842,0.6607286317416728,0.706465930036127,0.7194587019029497,0.7636878820926191,0.7299250302007474,0.7737154641599341,0.7437062353662179,0.7775668267484812,0.8776246272224798,0.8833243988516346,1.0089488812428569,0.9988417214059062,1.118439341363537,1.1169592508495163,20.268277215112082,0.10719487435583384,0.42934310280919014,0.9283760004949737,5.32212466616284e+18,1.4798551743117476e+18,0.4360309381373384,0.12124154927542669,0.9606759361029502,0.7500881397059962,0.10635485504817747,0.04044662820394954,0.18202152049832673,0.0,0.0,0.021343138189844013,0.03982931981149024,inf,0.0,128.58754485014578,35.754694888748,11,0.0009814190065220042,31,0.07158899307250977,0.36166661912883763
wide,S4,5,29,1,MGCUBED,det,sample,0,1,0,5e-20,0.14624119960153306,2.0630477625144126,5.425670670226266e-06,100000.0,4.611061045090037e-11,5,1e-06,0.38637031197877747,0.0,0.4204745979245677,0.0,0.3941799782609672,0.38637031197877747,0.4204745979245677,0.3941146573974706,0.42553767238023615,0.4411684744115563,0.46567125648500607,0.5329238209224808,0.5513404699573823,0.6809914217346207,0.7065063145895952,0.824413659973883,0.8484199392400901,0.8910147882587863,0.9118771540101668,0.9097851209063111,0.9254747660655528,0.943144820200136,0.941191752574095,1.0011622554961856,0.9899119314584014,4.85678450337428,0.051575738308040284,0.3059418154289766,0.3017025796253664,4.9641916633839714e+19,7.567756295578456e+18,16.97261673492157,2.587422804311817,0.9239286025086565,0.18442069883765128,0.6802449853145945,0.13767590726220913,0.8455047183648221,0.11928,0.0,0.07433816583627177,0.13578016368371126,inf,0.0,1199.3954636548065,182.84412017997127,5,0.0009824036964354345,42,0.14090704917907715,0.36166661912883763
wide,S4,5,30,1,MGCUBED,det,sample,0,1,0,5e-20,0.7056013355530756,4.869580183677803,5.610141635853143e-06,200.0,5.126147451082669e-11,3,1e-06,0.7285606896771206,0.0,0.7573288792422425,0.0,0.730674488913182,0.7285606896771206,0.7573288792422425,0.8026722079325274,0.8106245370189816,0.9489275864232543,0.9416371462655826,0.9872855416449695,0.9820617352550994,0.9971513358288394,0.995151635546141,0.9988024590008516,0.99736986258044,0.9989867140973424,0.9976445385058881,0.9992853645498242,0.9982447550509884,1.0169485278856554,1.01848249642976,1.2523780276934637,1.2621436046330632,23.433571670718493,0.021014244716539107,0.19825015528949594,3.435982281185849,8.444991693475349e+16,7664340199162539.0,0.005984251494405025,0.0005431069793224636,0.2908796105551565,0.2893063075982062,0.0005429011203298745,0.0002740814563659584,0.0012183939175049313,0.0,0.0,0.0007721789976413707,8.626800531132752e-05,inf,0.0,2.0403895366224107,0.18517767826305817,2,0.0009937918742199598,98,0.19426274299621582,0.36166661912883763
wide,S4,5,31,1,MGCUBED,det,sample,0,1,0,5e-20,0.6533018403273436,1.7610692630903566,5.637246993116341e-06,64674.23373750563,6.319206332459237e-11,5,1e-06,0.4115372390156299,0.0,0.4476007327074408,0.0,0.416946630808449,0.4115372390156299,0.4476007327074408,0.43325677286647946,0.4684411718376743,0.49236050887236366,0.5300499474371511,0.5486542505271459,0.5895074693180169,0.6488880469052513,0.6868536886687354,0.7505287679721248,0.7868324346981854,0.7745516867639299,0.8106080690397457,0.7918905808909268,0.8146866607249633,0.9313741047548347,0.922509536253453,1.0476990582986159,1.0348094646741994,21.69666457040249,0.047593090135356605,0.29446647369667367,1.1505097905208488,2.840676417818131e+19,4.053901695698419e+18,2.174091853464534,0.31026253451751873,0.663363173733095,0.27383577837307915,0.22710303482953398,0.08819211185528983,0.4009451045118864,0.0,0.0,0.08843129941598248,0.08304243280025468,inf,0.0,686.3341789103519,97.94608334297763,5,0.000978371812827976,36,0.08129000663757324,0.36166661912883763
wide,S4,5,32,1,MGCUBED,det,sample,0,1,0,5e-20,0.35256660012219787,1.279815618570208,6.237118664913644e-06,100000.0,2.1847746720979277e-11,5,1e-06,0.3717609874078532,0.0,0.41715047646523096,0.0,0.38057359277461106,0.3717609874078532,0.41715047646523096,0.41586451182684264,0.4569971032938667,0.44145782482151036,0.4856758526771821,0.46312240533255666,0.5088983655584427,0.5558434887851479,0.5949100392852367,0.7494487707088705,0.7804287626459399,0.8723009058753025,0.9000307572582577,0.9074094866962803,0.9237771305530172,0.9577379249044881,0.9535534379954387,1.0113537013898395,1.001567274456934,11.709012265671381,0.23187968673947207,0.5957470754660347,0.4512202414225859,5.221792629937705e+19,2.244063478550216e+19,7.405398906373799,3.1824674795803607,0.5298816178148291,0.2636653726044344,0.7322550210309348,0.10430339055762272,0.8550480443351456,0.29948,0.0,0.03603564509428865,0.10358100714559512,inf,0.0,1261.634283520804,542.1868732787423,23,0.0009844735527463138,26,0.10769414901733398,0.36166661912883763
wide,S4,5,33,1,MGCUBED,det,sample,0,1,0,5e-20,0.11607266514279126,2.2772017614762,5.803301632533246e-06,71996.66903861659,1.7926943449341077e-11,5,1e-06,0.3792233408755446,0.0,0.42836675115879075,0.0,0.3904756479285826,0.3792233408755446,0.42836675115879075,0.39147758516231024,0.4406473570621004,0.4198687514500846,0.4658270733762593,0.46766941926074906,0.5090835415202611,0.5845170376390801,0.6122339144834565,0.8045785356487598,0.8270639468582136,0.9100853586902045,0.9286185247062146,0.9382362375494218,0.9498374791528031,0.9673349199228712,0.9638752040109257,1.0031680666862186,0.9945227607651936,3.8548639020118576,0.13749638440488,0.47929119431676287,0.2643208775224014,3.681620604052143e+19,1.192133143705407e+19,15.859119800183166,5.135288063898845,0.6166426708250266,0.2244055717524699,0.8047101878777903,0.10289187703968206,0.9110884632849942,0.67936,0.0242,0.0397302883199395,0.102085156465948,inf,0.0,889.514215167937,288.03059623570647,14,0.0009900877223809567,46,0.09659910202026367,0.36166661912883763
wide,S4,5,34,1,MGCUBED,det,sample,0,1,0,7.972483723458818e-20,3.0230977605089238,3.064022289243734,6.331240904670358e-06,47751.29422820927,9.283475360492481e-12,5,1e-06,0.35657691053148205,0.0,0.4037277822505202,0.0,0.3646274853273233,0.35657691053148205,0.4037277822505202,0.43656549345097473,0.48330207271655284,0.4997344375977481,0.5455180095806328,0.5173093677924359,0.5654598653425529,0.5384212187030523,0.5914965889720369,0.6166581168371501,0.6662410664881452,0.7143029058742374,0.7580541292118285,0.7691276220253122,0.7923356571706343,0.9595920877679028,0.9503702922839437,1.0716599282405848,1.0608686549579582,62.96622369312214,0.23486803693809657,0.5987590426368719,9.262838920762158,2.399613954279481e+19,1.0374867331324518e+19,0.6328238353051879,0.2736049823215275,0.08476589245680059,0.06611752023067065,0.20797737502799243,0.07398916205904968,0.37302245457375954,0.0,0.0,0.09174429385879447,0.06677463362455312,inf,0.0,579.7693333467424,250.66656682487135,23,0.0009883942868528174,62,0.16780686378479004,0.35657691053148205
wide,S4,5,35,1,MGCUBED,det,sample,0,1,0,5e-20,0.11608340345142173,4.595616390418224,6.542692272903153e-06,27955.429537854972,6.154137504668632e-12,5,1e-06,0.3791406651783859,0.0,0.41881995425184626,0.0,0.3872984705110843,0.3791406651783859,0.41881995425184626,0.42819410517724055,0.4650855085990588,0.45362576454501297,0.49497124882189575,0.4734291288905412,0.5172770364709348,0.5615274873950358,0.6020384553620061,0.7387595129410597,0.7718708553360413,0.8576174261662776,0.8885147523842583,0.8919305856833023,0.9102104145698006,0.9523260950441,0.9478315997127044,1.0150280367542286,1.0046672658411429,3.8552205296317834,0.25226138327747544,0.6156632078140236,0.5334747915568852,1.3239461060974223e+19,5.923478663654351e+18,5.702564133775866,2.551389125204789,0.5278224243293645,0.2796695086222977,0.6911000239757253,0.10639147710324878,0.8227908602568137,0.04456,0.0,0.03627015154216032,0.10566228246010997,inf,0.0,319.87784949750227,143.11682384559728,25,0.000999047041395266,92,0.47202301025390625,0.35657691053148205
wide,S4,5,36,1,MGCUBED,det,sample,0,1,0,2.0213211113690965e-19,0.2599769266998434,3.225634572185228,5.88869514518611e-06,100000.0,7.695279809103951e-11,5,1e-06,0.41403363173724017,0.0,0.447730298300146,0.0,0.4214238255056521,0.41403363173724017,0.447730298300146,0.44318855588058387,0.47549284752221843,0.49753494862065484,0.5248263912552575,0.5553837365111098,0.5728788697409798,0.6014355458048755,0.6188386354154731,0.6907612780365313,0.7090087860422112,0.8443397848957872,0.8600948382417591,0.899035698114851,0.9127255655311867,0.9314509308125014,0.9300148856182313,0.9903886896213288,0.979082235143987,2.1357410305603444,0.02328344893023041,0.20844520040339606,0.8385905627334798,3.6582786660976755e+19,2.645235277587482e+18,28.44312375302367,2.0566709434561106,0.3901228073203185,0.04050103716977662,0.6135340412657513,0.16070223648880627,0.8740607065001649,0.09864,0.0,0.23997880810976246,0.14101989655960942,inf,0.0,883.8745831001421,63.91137585681666,2,0.0009925029452877625,65,0.09732294082641602,0.35657691053148205
wide,S4,5,37,1,MGCUBED,det,sample,0,1,0,5e-20,0.45118700007033513,1.5627841434090501,4.3656754517938075e-06,100000.0,9.32343958803194e-12,4,1e-06,0.42695516366509995,0.0,0.47989660560787717,0.0,0.4341376675727985,0.42695516366509995,0.47989660560787717,0.4544804094606058,0.5057376501013509,0.49435481771708534,0.549592227818655,0.5497061254867476,0.6008490663397009,0.6021889017099051,0.647967147387169,0.6979758101379272,0.7285374544920975,0.8642079259449952,0.8831365323055954,0.9337210188948407,0.9420635996505391,0.9785826186984221,0.973017618331313,1.001699382706131,0.9945988088158264,14.984272804355212,0.218010035634836,0.581324514360309,0.7051078894222177,1.4750870179808987e+20,6.160820095082407e+19,16.346736693997705,6.827346636895569,0.1811881784342897,0.0817573186317864,0.846600551703285,0.08007456499267833,0.9361770849681748,0.81184,0.2334,0.051084465383199,0.07825776444029466,inf,0.0,3563.949174066248,1488.5121638108005,22,0.0009767400896306564,32,0.11894464492797852,0.35657691053148205
wide,S4,5,38,1,MGCUBED,det,sample,0,1,0,7.742434144793401e-19,3.5104287838047736,0.9476023334369128,6.820768675146682e-06,12913.3962636903,8.862575498877e-11,5,1e-06,0.418878105343308,0.0,0.4620907693890132,0.0,0.42526743889521634,0.418878105343308,0.4620907693890132,0.4431884051916153,0.4861487124176926,0.48316116042032414,0.5283530590968387,0.5052645030526559,0.5511109905290327,0.5701012234871738,0.6106788549456217,0.7066533526342171,0.7463332934878045,0.7478923572736348,0.7860497400864144,0.78861225305647,0.8067509458559151,0.9624164200834475,0.9518421778446491,1.0670247924870528,1.057822292301595,7.528903738831797,0.09232712704989691,0.40131341328865977,3.3264905068975072,3.5878328432751585e+18,8.854838234880968e+17,0.7913152843248118,0.19529808498794848,0.25149970957939427,0.16781921299163408,0.1577468954740106,0.06875343891008565,0.3191603750341362,0.0,0.0,0.100965893434265,0.05902116648324203,inf,0.0,86.6854208776166,21.39412321375532,9,0.0009974761404599082,19,0.03845095634460449,0.35657691053148205
wide,S4,5,39,1,MGCUBED,det,sample,0,1,0,6.4733628761388224e-18,64.079950624336,1.3851361915020615,6.80982437035821e-06,100000.0,1.610833935779613e-11,5,1e-06,0.36135011588902655,0.0,0.40022590151015464,0.0,0.3729294774363793,0.36135011588902655,0.40022590151015464,0.41538517318806506,0.44924708520894596,0.48907235583549685,0.5253050590636011,0.5333366002972982,0.5703293701607213,0.5675520087646533,0.6056912793926287,0.6388884161150469,0.6753182343415477,0.7756930184037301,0.8085147489381739,0.8594353195414395,0.8803232461172407,0.9412584146987701,0.9374843782532348,1.0098994945339415,1.0005042017244754,16.437709961618896,0.3463995546535785,0.6919920852832404,88.75945875943292,5.087363384792335e+19,2.579054324261711e+19,5.139259464415964,2.6053631994966997,0.0031249015048769287,0.0018351406962088584,0.6973179561847723,0.09826338323943022,0.8358486945680524,0.0846,0.0,0.08466390498368517,0.0942979820197412,inf,0.0,1229.154911702999,623.1238168854616,35,0.000989382993930044,28,0.06357908248901367,0.35657691053148205
wide,S4,5,40,1,MGCUBED,det,sample,0,1,0,2e-17,0.6311973034285194,0.5971592571393851,6.746793659783218e-06,38447.45848454181,1.6540939609940114e-10,5,1e-06,0.4578290384002512,0.0,0.5060476251358125,0.0,0.46596204748916414,0.4578290384002512,0.5060476251358125,0.5103133056992071,0.5456313830634837,0.5878359177936616,0.6297972470699005,0.6930080058772089,0.7302615921536768,0.8027529970482277,0.833089119612753,0.896273765364321,0.9111621763141278,0.9620832457995301,0.9683829214789729,0.9857114165499997,0.986205843435988,0.9953895393861317,0.9923810032335025,0.9979528431356679,0.9949509554692672,0.052406389071892046,0.07680566623654787,0.3687851975031166,0.37692531282375774,1.060377028748414e+19,2.2691139766812145e+18,335.98908708534987,71.89872213825713,0.03639358014591324,0.007872793477141232,0.9744820434687939,0.02843307130609851,0.9969291726608293,0.99492,0.97128,0.031843687947059586,0.026291171772412924,inf,0.0,256.1970778496587,54.8239309578136,8,0.000995265428565642,12,0.026424884796142578,0.35657691053148205
wide,S4,5,41,1,MGCUBED,det,sample,0,1,0,1.758647155680464e-18,52.685156072433024,3.1927582378431145,7.197924775027029e-06,100000.0,8.206271818953566e-12,5,1e-06,0.3384190267060973,0.0,0.3771875595358363,0.0,0.34833079469369027,0.3384190267060973,0.3771875595358363,0.40143252098913695,0.4396129156352384,0.49175482465257536,0.5329398538827026,0.5184034929160414,0.5599879995644119,0.5277287935088104,0.5704342157985389,0.5857913668140382,0.6266665353526909,0.713418529076186,0.7534884584760755,0.7870909400492623,0.8124789490998202,0.9290667044330484,0.9222820760956955,1.0411932254291467,1.0288804174928463,49.746056015753794,0.3295728476295608,0.6799442243933015,168.21096606231072,4.170879257539203e+19,2.076456321874446e+19,1.392252674144774,0.6931276808478425,0.0035112033720966895,0.0024850701126328508,0.3937242198871452,0.1005694987231151,0.5798024431612895,0.0,0.0,0.10356235538055149,0.09446364956055547,inf,0.0,1007.7237141835776,501.691405532043,33,0.0009977369493259732,64,0.22002506256103516,0.3384190267060973
wide,S4,5,42,1,MGCUBED,det,sample,0,1,0,7.610160365464355e-18,16.278963964007172,2.295687061658904,7.723083848060753e-06,100000.0,2.000527878180902e-11,5,1e-06,0.33906800523363095,0.0,0.38316811426007813,0.0,0.34907850506502386,0.33906800523363095,0.38316811426007813,0.3869545780537025,0.4302151977444215,0.4510890946803484,0.4940912192012679,0.5149613065679547,0.5551049424871449,0.5999674951002132,0.6392578463544858,0.6967973916062322,0.7335515190047045,0.8159532778665637,0.8438645804822159,0.8976194572114188,0.9192193736414604,0.9512095741637722,0.9505727398513102,1.0003340818887843,0.9924806979758048,3.552074376516731,0.2164576579157291,0.5796630529888734,37.3714069493828,2.6551117219094467e+19,1.105502692503384e+19,12.412230923681763,5.168051721844622,0.004338229715686335,0.001995076391083431,0.8045738561815374,0.09783237098901107,0.924806439253006,0.65816,0.0804,0.10947605429008468,0.09114179372947531,inf,0.0,641.5000005427016,267.09986325203147,22,0.0009981248094169148,46,0.17573976516723633,0.3384190267060973
wide,S4,5,43,1,MGCUBED,det,sample,0,1,0,4.782472244925259e-18,57.75882782168852,0.7345462323443058,7.409345225642119e-06,100000.0,3.623640403522096e-11,4,1e-06,0.3434210905987441,0.0,0.3817013287437345,0.0,0.3544139946067232,0.3434210905987441,0.3817013287437345,0.4220553933228708,0.45336770694847844,0.49673638091460487,0.5313021505586683,0.5319682567428319,0.5676344203854027,0.5663612838097936,0.604774818178634,0.6591617445964931,0.6944996084148629,0.7826453524532411,0.8186628149765717,0.8410189123510587,0.8604424401878866,0.9499288671547802,0.9429466900771889,1.0181733732749074,1.0072905818168791,20.05464645902621,0.3437511673390426,0.6901355621475549,42.42652936104477,3.927288254225985e+19,1.9836769505202954e+19,3.2518227571446707,1.642498699601198,0.008919647904987612,0.005543541990367199,0.5971689176071571,0.10755194854431907,0.7631502028776088,0.0,0.0,0.09735972731837164,0.10268381395985353,inf,0.0,948.8698333965015,479.27503552286083,34,0.0009793949764590744,15,0.06459712982177734,0.3384190267060973
wide,S4,5,44,1,MGCUBED,det,sample,0,1,0,2e-17,6.469178487637827,2.8840918436123486,3.089587906012921e-05,100000.0,1.5464347658184358e-10,5,1e-06,0.3421133783472091,0.0,0.3824418013376046,0.0,0.3488660010319545,0.3421133783472091,0.3824418013376046,0.39058036105951593,0.4297442297029754,0.4749104017464837,0.51322024026198,0.5161429244098743,0.555854898250241,0.5308520881124346,0.5723455580819242,0.5915458942846326,0.6300324724212472,0.7254817229538345,0.7640424046953909,0.8000817504908064,0.8249527490469585,0.9284463331879523,0.9223504588395031,1.0342195024834115,1.022276871793793,0.5371161805621616,0.35670497908794474,0.6990805143560983,18.657704911068727,5.553590154204799e+17,2.8435030187350416e+17,1.7169382989872186,0.8790924610192123,0.028522896749893983,0.019727043587678954,0.45029716645107576,0.10260828673048296,0.6294560445667391,0.0,0.0,0.09309202300180949,0.0977173456579224,inf,0.0,13.417996905886227,6.870171123156657,36,0.0009945144288318443,58,0.2928760051727295,0.3384190267060973
wide,S4,5,45,1,MGCUBED,det,sample,0,1,0,7.640198892710403e-19,3.3912221251754318,4.3717997142308205,3.0628707767349515e-05,100000.0,5.0303948918326864e-11,5,1e-06,0.4217496952508556,0.0,0.4473799420043446,0.0,0.43309217593074045,0.4217496952508556,0.4473799420043446,0.5073021873331829,0.5500868439436727,0.5638131695753698,0.6195511905603981,0.5867345205199133,0.6430893228012127,0.6550157434042649,0.7097358310998179,0.6902590816934305,0.743568717882452,0.7053031454954619,0.7501060138452188,0.8390167986440301,0.8543641138729996,1.0208715964243782,1.0141082296633583,1.1230941851749658,1.121663880467248,7.3705631272125185,0.7109576991319762,0.8558296951553418,14.825743917735188,9.597147954478217e+17,5.810984958755382e+17,0.21621738850618416,0.13091764328219274,0.05964204500958023,0.055459033574261365,0.11464506460637644,0.031646838323483466,0.17607405724684488,0.0,0.0,0.01255871922111903,0.03130056432396534,inf,0.0,23.187613414544426,14.039886997728166,71,0.0009935908441433682,88,0.5282220840454102,0.3384190267060973
wide,S4,5,46,1,MGCUBED,det,sample,0,1,0,2e-17,12.641191470308462,2.477114188985415,3.144534192498478e-05,40827.4259685281,1.1335156348595308e-10,5,1e-06,0.396818239050146,0.0,0.4411618458255804,0.0,0.40259273647027816,0.396818239050146,0.4411618458255804,0.4754415368338305,0.521594913144893,0.5261049755617132,0.5775720559787921,0.5614602300022972,0.6171744849121985,0.6059356197401795,0.6580115659868873,0.692082557303719,0.7433422972803398,0.7233883766383731,0.7707682360394295,0.7782573420386047,0.7998969455214991,0.9876920175298779,0.9788223109890575,1.0783108266944417,1.068818418759149,1.0495596146036,0.5869320844149898,0.8154747708865432,31.313674756782493,3.106096402244017e+17,1.8129637937464918e+17,0.49142462710727774,0.2868343222242568,0.024816659832886265,0.02141236577128417,0.21878617023641356,0.057509677927144634,0.32760732249684066,0.0,0.0,0.03108519206958396,0.056440800594662235,inf,0.0,7.504621471416853,4.380291288970242,59,0.000990845675594166,50,0.15379881858825684,0.3384190267060973
wide,S4,5,47,1,MGCUBED,det,sample,0,1,0,2e-17,1.0301151865318208,3.4227548355660398,3.000051723741276e-05,100000.0,1.2013279909026582e-10,3,1e-06,0.41986423963786146,0.0,0.46001702034169656,0.0,0.4280488207461132,0.41986423963786146,0.46001702034169656,0.48068155618264813,0.5170703895285105,0.5196732506096827,0.5560267019519473,0.5757764349547556,0.6117500144487505,0.6591006694722958,0.6900917133383123,0.7984757280350251,0.8240321616573321,0.8815042505712677,0.9047849044709564,0.9300409012383569,0.9329138884477584,0.9891736758524597,0.9831043543309024,1.0027925720538275,0.9964414822163397,0.08552732554625812,0.3648117733075593,0.7045094294164143,3.5258317358918028,6.152242578314077e+17,3.1707165677771456e+17,11.944766291675348,6.156042759552504,0.03963377965101777,0.021910092118678025,0.8410642253739441,0.06611306714820928,0.921952972230264,0.799,0.115,0.04641460923656631,0.06422360441897877,inf,0.0,14.864397549678381,7.660749877926088,36,0.0009921028508887073,69,0.26642417907714844,0.3384190267060973
wide,S4,5,48,1,MGCUBED,det,sample,0,1,0,2e-17,5.259292208134763,3.139793442661253,3.346887324079857e-05,100000.0,2.116244897756057e-11,5,1e-06,0.5566889225567794,0.0,0.6075322926031721,0.0,0.5603850525253234,0.5566889225567794,0.6075322926031721,0.6406133829473335,0.7029543007688028,0.6646379976190271,0.731716490259367,0.6923229688022657,0.7597500144392,0.7153099463490493,0.7785160558751092,0.7403793920634946,0.7822966016129437,0.8501333889962805,0.8532019205382121,0.9711378250660944,0.9668418962951931,1.0088478457093248,1.0056744455768025,1.013707668068782,1.0109234064547885,0.436663008864539,2.8097257450234414,0.9963075261529475,16.51309118814095,2.374649252372144e+18,1.7585383074534303e+18,9.030299737668795,6.687357301552582,0.00787761140520714,0.006037507865012981,0.8664770547883454,0.022322778244561477,0.8997473515697288,1.0,0.0,0.002551842509743913,0.02230607936486387,inf,0.0,57.37376262231011,42.48794187743077,281,0.0009967598230670644,63,0.27762889862060547,0.3384190267060973
wide,S4,5,49,1,MGCUBED,det,sample,0,1,0,2e-17,0.49790378974025434,1.719655292720292,2.8541731331803015e-05,99679.07092476981,2e-10,5,1e-06,0.4131789346772997,0.0,0.4570784225219946,0.0,0.4223856681419963,0.4131789346772997,0.4570784225219946,0.45089096610371837,0.4943513481251842,0.48760639149418084,0.5289509197558946,0.5481244135383202,0.5853632353788966,0.6477842819130055,0.6808327227189108,0.8010036747362734,0.8240957233205343,0.9066027728329427,0.9253398307559657,0.9500046662421733,0.9524481498294919,0.9921532159146756,0.9885560346946268,1.0017081124519893,0.9978980091136314,0.04133943472788025,0.3947643998118642,0.723516284598948,0.8562228872923198,7.517414912885779e+17,3.9719234975965626e+17,30.19625505083001,15.954582308636894,0.06888522359320824,0.0374378332064839,0.9312986010523701,0.032326805584731035,0.9674729814052134,0.99552,0.86744,0.018077746445747663,0.03170369844141058,inf,0.0,18.162782495750704,9.596541286147296,39,0.0009826601672687384,35,0.13276410102844238,0.3384190267060973
wide,S4,5,50,1,MGCUBED,det,sample,0,1,0,5e-20,0.207800032809449,1.013701190014535,6.695226916468358e-06,64350.51306320046,7.317014804084424e-11,5,1e-06,0.36917139600020166,0.0,0.4130462862624782,0.0,0.3776791526287214,0.36917139600020166,0.4130462862624782,0.38842288486906285,0.4309541605553928,0.48972720814333526,0.5356579737449475,0.6328232668758114,0.6898869837602793,0.6997174519524852,0.7543923804969533,0.7815107151790667,0.8292004885392726,0.8156258737262392,0.8602701473340383,0.8306804497810495,0.8595946788783401,0.9297859929385688,0.9250307911226533,1.03998573411978,1.026458835788254,6.901201452801945,0.10072457908968017,0.4174771189415915,0.21064714054399786,1.9354601386934276e+19,5.073637039177869e+18,4.657025584948365,1.220797939870961,2.1376440287116307,0.8391822493734722,0.5231192956977105,0.12349731603411256,0.6861276364147434,0.0,0.0,0.030695579039966576,0.12313041746240978,inf,0.0,467.62539963075653,122.58384973139289,10,0.0009654297047757476,21,0.04451799392700195,0.3384190267060973
wide,S4,5,51,1,MGCUBED,det,sample,0,1,0,2e-17,0.1342069343809301,1.688922710538279,7.435521710363601e-06,100000.0,5e-12,4,1e-06,0.8833771254218634,0.0,0.9074873014952016,0.0,0.8852684095307622,0.8833771254218634,0.9074873014952016,0.9384066767220726,0.9416905010939065,0.9889952625220926,0.9879305846421899,0.9979422189477986,0.9965974509891646,0.9989025783363799,0.9975337702784752,0.998999316586022,0.9976281633212176,0.9990090164404244,0.9976377767250818,0.9990101818996223,0.9976404097049433,0.9990128129307513,0.9976579401609698,0.9990931615741263,0.997886405492596,0.011142792881258565,1.0911686043084798,0.9295929873195263,0.22666513938767338,9.53866514154083e+19,6.232220298152694e+19,14214.86182594185,9287.478813074284,0.00047497491476469625,0.00031034308623363035,0.9998824322209229,3.930381585096302e-05,0.999929130652148,1.0,1.0,7.799822233293563e-06,3.917622864336432e-05,inf,0.0,2304.6313429984484,1505.7631253919571,109,0.0009934839473754581,34,0.11112809181213379,0.3384190267060973
wide,S4,5,52,1,MGCUBED,det,sample,0,1,0,4.581190207593747e-18,100.0,2.2022216171956326,7.766249590934922e-06,41896.13480470814,4.4980959294428484e-11,5,1e-06,0.414255774567898,0.0,0.4568164830990487,0.0,0.4202397452247621,0.414255774567898,0.4568164830990487,0.46918904353271557,0.5152490471710369,0.4992000165408294,0.5470582245195258,0.5065770861811136,0.5523744706236126,0.5593518982610275,0.6009767173081347,0.6857886992092813,0.7269797881608226,0.735595893157207,0.7702954694816548,0.8379036873114581,0.8455672066076846,0.9915677777057177,0.9811489705208802,1.1097649412922916,1.1083020979226688,36.24689200682717,0.1014802906597147,0.41888830587833414,220.22216171956325,8.08857911668535e+18,2.132374422673802e+18,0.3705531944270621,0.09768812824076592,0.004136757008663194,0.0033131651338236525,0.08563924240667119,0.05367719544916962,0.26848212077403627,0.0,0.0,0.12812360786984098,0.03377071240174089,inf,0.0,195.4276901015581,51.52017453784343,10,0.000978765163198059,45,0.1031951904296875,0.3384190267060973
wide,S4,5,53,1,MGCUBED,det,sample,0,1,0,1.4089263280202783e-18,26.214756212294656,4.054333976649533,7.177526851221144e-06,100000.0,1.9624644165841087e-11,5,1e-06,0.366871852324945,0.0,0.4112952825331467,0.0,0.37474203941500245,0.366871852324945,0.4112952825331467,0.403029732828518,0.44791067162158243,0.45693688748173955,0.5038816667925524,0.49210374009951013,0.5376721783890358,0.512459112669631,0.5544240460484254,0.5554622314839308,0.5923021113493017,0.6991030172364828,0.7375596141252936,0.7739173797598905,0.8003532549832247,0.9146572813699322,0.9078938693596001,1.037190400314493,1.0241039356567063,30.89631158225262,0.10791382579839882,0.43063221771260723,106.28337680109065,2.492173225783512e+19,6.867539563824036e+18,1.3394320524509893,0.3690996483749343,0.006872260236564652,0.004021834728460796,0.24797426764194844,0.12073147030341216,0.569437147709437,0.0,0.0,0.2666342610046917,0.08467975468599451,inf,0.0,602.1325251590126,165.92622440579905,11,0.0009888619455242764,82,0.17637300491333008,0.3384190267060973
wide,S4,5,54,1,MGCUBED,det,sample,0,1,0,5e-20,0.1,4.235485608236344,4.4322378488498305e-06,47188.85965314252,1.5943571300710873e-11,5,1e-06,0.41158510977034507,0.0,0.44907751363255777,0.0,0.41986653981042493,0.41158510977034507,0.44907751363255777,0.42310873998559917,0.4602722153865972,0.4490979959561535,0.4793593198891167,0.5218187976861983,0.542541026529309,0.5980865101515128,0.6159834548440407,0.7721892152002678,0.7914178503943312,0.889069715387002,0.9050716286233228,0.9209955648442665,0.9335680884008046,0.9479711370132817,0.9462925726895388,0.9956556704090269,0.9853369905732764,3.321078134347694,0.04848484895934522,0.2970824381392062,0.4235485608236344,4.2717484503359455e+19,6.193559548260714e+18,21.358742251679725,3.096779774130357,0.5763073665316271,0.1055964748067046,0.7106800155088641,0.13928730798133185,0.882121168037809,0.27368,0.0,0.10604672140466594,0.13527151990170155,inf,0.0,1032.0946612514158,149.64223240719846,5,0.0009965848489967867,85,0.21213531494140625,0.3384190267060973
wide,S4,5,55,1,MGCUBED,det,sample,0,1,0,7.014401749502806e-18,1.304300282858176,5.0,3.767812046437574e-05,100000.0,1.6384082890941357e-10,5,1e-06,0.32267541199426175,0.0,0.36873502107706996,0.0,0.3310798530622718,0.32267541199426175,0.36873502107706996,0.3759903737676637,0.41824408524532136,0.4632938520952252,0.5019328273675692,0.5084842355849852,0.5501712179149817,0.5236293876476807,0.5696409789847023,0.5751836493916986,0.6188464043711234,0.7123352724795342,0.7530057833281733,0.7880640967501786,0.8142874262962836,0.9254514246115685,0.9188383250572316,1.041830331179642,1.0290822103084263,0.3087706767245573,0.28882519112760735,0.6480671296865506,6.52150141429088,2.6815796178357875e+17,1.2690543100711418e+17,1.4421277837615631,0.6824852290356377,0.09113834692957172,0.06278906596424895,0.38929354299855096,0.10329030734454096,0.5801201831361674,0.0,0.0,0.10007812083635727,0.09745197905662878,inf,0.0,6.47894893499937,3.066154745510631,29,0.001,100,0.45813894271850586,0.32267541199426175
wide,S4,5,56,1,MGCUBED,det,sample,0,1,0,2e-17,83.94258354082058,5.0,3.591354741394776e-05,100000.0,1.5020858653964065e-10,5,1e-06,0.5183691268872122,0.0,0.5635672655964369,0.0,0.5228553753692468,0.5183691268872122,0.5635672655964369,0.5655110484810913,0.6170799587477325,0.5827442313547001,0.6374777947113925,0.6036402832417002,0.6562760320077181,0.6687140371138434,0.7165605373382375,0.7039517651581598,0.7451703924278026,0.8103438175475223,0.8300083122048515,0.9617518897431989,0.9652416273259324,1.0175893071009623,1.0154634082951213,1.2209002458204183,1.2289288075444096,6.969496968451844,0.2862204080265179,0.6458863901500214,419.7129177041029,3.080569680986965e+17,1.4532734409471443e+17,0.07339706620987928,0.0346254160795618,0.0023028440126752403,0.00221966411105747,0.03328470335244999,0.013278530051725693,0.06776584598592145,0.0,0.0,0.017297000694228706,0.011805744519042923,inf,0.0,7.442946508494857,3.511245517329242,29,0.001,100,0.23859286308288574,0.32267541199426175
wide,S4,5,57,1,MGCUBED,det,sample,0,1,0,2.311059554190152e-18,3.5682233966672783,2.0129924269094492,3.3931408734764944e-05,80224.90688481738,2e-10,5,1e-06,0.39367015780799314,0.0,0.43730230199983816,0.0,0.40077844098530224,0.39367015780799314,0.43730230199983816,0.474393359136439,0.5182319738904692,0.5419375034451347,0.592503536542974,0.5885112484898194,0.6409667854681353,0.6433592817532202,0.6933969344278462,0.7035137647183409,0.7540159409522434,0.7205616640899535,0.76455287600245,0.8237392538884803,0.8389722489682703,1.0104831393114149,1.0026349128396945,1.1067834112228854,1.1035001584558408,2.5638345579744666,0.47662892456966743,0.7682170820401509,7.182806675012343,4.132150474331029e+17,2.300868608473002e+17,0.267630267823855,0.14902218245399731,0.12116506214322013,0.10982803714523061,0.12803645306550546,0.03832592626722386,0.2056900996866962,0.0,0.0,0.02232153333845099,0.037453311171885176,inf,0.0,9.98366475373606,5.559115277162923,48,0.0009819475253216826,41,0.19711780548095703,0.32267541199426175
wide,S4,5,58,1,MGCUBED,det,sample,0,1,0,2e-17,2.3231607886201036,4.952822832860267,4.405474713618441e-05,64629.73649523322,1.4718323782821723e-10,5,1e-06,0.32001174993909687,0.0,0.3543538213305387,0.0,0.32717584513471176,0.32001174993909687,0.3543538213305387,0.3878196382678854,0.42482271892873835,0.4885387540240003,0.5306362354384945,0.5238963829082094,0.5679982948393845,0.5481407981809451,0.5927085670504457,0.6302994496102237,0.6702657541978208,0.7435923227352749,0.7861773855307391,0.7923020457629529,0.8176604726386287,0.9420043486009804,0.934953105780232,1.0448176337020172,1.0331652044920852,0.19288496244150422,0.4437343298861033,0.7514086825881923,11.506203798283314,1.441376060348332e+17,7.877021183177891e+16,1.2408749901503562,0.6781296603974308,0.051789584234482794,0.03878379551984975,0.391726887620887,0.0899393349101144,0.5505874801355396,0.0,0.0,0.06314496107231007,0.08725552564177932,inf,0.0,3.482500325186796,1.903162511613448,44,0.0009905645665720534,100,0.51932692527771,0.32001174993909687
wide,S4,5,59,1,MGCUBED,det,sample,0,1,0,2e-17,23.540659653427575,4.590757846912158,8.550359391822888e-06,17957.861466224153,4.366726749285125e-11,4,1e-06,0.4233006336836654,0.0,0.46690673239391545,0.0,0.4307451493835565,0.4233006336836654,0.46690673239391545,0.47325542457485226,0.5171097067026016,0.5000064238881676,0.5395047323659043,0.5378972095973513,0.5685976616736726,0.5770823955052684,0.6020740287057537,0.6394289631346947,0.6658054483449707,0.7468254862045075,0.7766279942454164,0.8111725023307917,0.8253913131779997,0.946010085705978,0.9352691684545186,1.0214155176879924,1.009539409755927,1.9545092510779816,0.06078229401047717,0.3306359231621841,108.06946802546109,2.3307000534069755e+18,4.112354832916008e+17,1.980148464588689,0.3493831433323696,0.006857435095362399,0.0031049819947325794,0.22488659934870614,0.14250008368150288,0.6612608469777401,0.0,0.0,0.39426680988587914,0.07780663077665012,inf,0.0,56.31190857950804,9.935836619523512,6,0.0009979908362852518,92,0.16046714782714844,0.32001174993909687
wide,S4,5,60,1,MGCUBED,det,sample,0,1,0,5.780253728947546e-18,0.7198505204593588,0.9585460914646762,4.9999999999999996e-05,29965.43331860344,1.0246552318516539e-10,5,1e-06,0.6332595320863593,0.0,0.6972400680352645,0.0,0.6380783319207489,0.6332595320863593,0.6972400680352645,0.6458160888519858,0.7084636659654197,0.6525419848415729,0.7157161958916987,0.656157522490704,0.7211726226990263,0.6594428421025833,0.723601012229005,0.667151337137336,0.7219234608555026,0.7460191491485789,0.7608411930610101,0.9560024778571722,0.9507318993282114,1.026724686494547,1.0232673388545985,1.0361340722827066,1.0334748512808805,0.20679713517798054,4.242266971170686,0.9996395474118303,0.6900099028251313,3.060377454699518e+17,2.3893484470929034e+17,2.457421046695293,1.9185983587607234,0.49655841078043156,0.4191721352879024,0.65430559475797,0.03296419652302458,0.7093855195853277,0.0,0.0,0.0036995089869644115,0.03294072370011985,inf,0.0,7.394160187876151,5.772890901195291,424,0.0009585460914646762,20,0.07421875,0.32001174993909687
wide,S4,5,61,1,MGCUBED,det,sample,0,1,0,4.527218307223439e-19,43.454265501429916,0.5,6.712228093800052e-06,98528.9585206521,6.0925617578708496e-12,4,1e-06,0.5338680573396724,0.0,0.5757262700248756,0.0,0.5392112557612844,0.5338680573396724,0.5757262700248756,0.56715303599034,0.6158135001181709,0.6336051006457802,0.6941985203058176,0.6879644541506531,0.7514653172356167,0.7143792132195718,0.777279641782734,0.7221022730962945,0.7795570546335541,0.7477933333898099,0.7813511880126752,0.9123150165892271,0.9112631345646968,1.0187894419450965,1.013473286485385,1.0352801289341003,1.0303212465744607,159.3859641920462,2.46497328894502,0.9934591661326686,21.727132750714958,2.5844709038841885e+20,1.8843760865366334e+20,2.6925927421706826,1.9632093232324874,0.01553228142114187,0.012464250550181825,0.6567925220801137,0.04571823167006767,0.7278082378946399,0.0,0.0,0.005293083099464003,0.04568346414982944,inf,0.0,6244.325135410811,4552.8301146837075,246,0.001,10,0.03085494041442871,0.32001174993909687
wide,S4,5,62,1,MGCUBED,det,sample,0,1,0,2e-17,1.3165501505629238,5.0,3.384575926561507e-05,40061.34196160955,2e-10,5,1e-06,0.31647082448159636,0.0,0.3627689049577934,0.0,0.3249519624104628,0.31647082448159636,0.3627689049577934,0.37202546412917753,0.41793820183277025,0.4491057528038495,0.49601253014654334,0.4865403144323097,0.5336780354821101,0.5032128504293872,0.5522106831133303,0.5439401370504766,0.5909890456424453,0.693031650843339,0.7350963742426447,0.7865000906354837,0.8158368079091621,0.907093799483358,0.902652908494651,1.032340524946069,1.0186274515702616,0.10930914794516725,0.19092257004432808,0.5508388065423204,6.5827507528146185,1.1873905118045914e+17,4.638766837189514e+16,1.803790780468018,0.7046851705886166,0.08911450630267484,0.054180996113104396,0.3905772575781593,0.1204698792018915,0.6263317664045918,0.0,0.0,0.1585641095163326,0.1080206358933753,inf,0.0,2.8688473169756223,1.1207697604658569,19,0.001,100,0.3190498352050781,0.31647082448159636
wide,S4,5,63,1,MGCUBED,det,sample,0,1,0,2e-17,1.2208337040159938,5.0,3.996255461730872e-05,50489.37629573037,2e-10,5,1e-06,0.32057471542167526,0.0,0.3670397237995689,0.0,0.32920123517064287,0.32057471542167526,0.3670397237995689,0.36951816380728003,0.4113373339776132,0.45209734829200193,0.4897751197208036,0.5023304216210418,0.5434125521483034,0.5173389723167143,0.5630617856653407,0.5622690005514951,0.6064931725358338,0.7051810224039178,0.7454380588692329,0.7938160779607428,0.8205852450157055,0.9188680301078649,0.913234537281028,1.0345043915488135,1.0215976507787694,0.10136210300205552,0.2661676285902304,0.6284586406762563,6.104168520079969,1.0821558366174234e+17,4.956668061365083e+16,1.7728144841637603,0.8120136338077618,0.09040907463342653,0.059081657568994826,0.4282781775328742,0.11077260219649979,0.6285556452772622,0.0,0.0,0.11332164019968044,0.10391140039633787,inf,0.0,2.6145904296566576,1.197577690542145,27,0.001,100,0.2713611125946045,0.31647082448159636
wide,S4,5,64,1,MGCUBED,det,sample,0,1,0,5e-20,0.1,3.37070109881169,3.5000000000000004e-06,100000.0,1.1298389554590837e-10,5,1e-06,0.4207528867806087,0.0,0.4494378702932059,0.0,0.4263232186830317,0.4207528867806087,0.4494378702932059,0.4938643019089149,0.5171844815130173,0.5739609244773125,0.5948847357986915,0.6310063133826349,0.6600352941916069,0.7411055628407522,0.7763764589339893,0.8181312890178131,0.8444299251536725,0.8635023511944401,0.8882790793933645,0.8765173328611373,0.8960605793650319,0.9212965143744721,0.9191897346197562,1.0023599550772202,0.9893914550661794,3.321078134347694,0.005361027698854058,0.10091641860789702,0.33707010988116903,1.716779937450453e+20,3.0619145601704417e+18,85.83899687252263,1.5309572800852207,1.172181715307314,0.034163704703946855,0.5649752731554548,0.14512281813181635,0.7884323735813789,0.0,0.0,0.1353413141811753,0.13882450613861003,inf,0.0,4147.902032589969,73.97873979474053,1,0.0009913826761210852,68,0.08730697631835938,0.31647082448159636
wide,S4,5,65,1,MGCUBED,det,sample,0,1,0,5.866444623262938e-18,25.320397562258663,0.5,3.5000000000000004e-06,100000.0,2.9092890510866056e-11,5,1e-06,0.37524134835455397,0.0,0.4154231119447801,0.0,0.3836278111132938,0.37524134835455397,0.4154231119447801,0.42911629460126427,0.46935919214233973,0.5066868674581906,0.5483499709177712,0.6203656115546029,0.6603584840342741,0.7296629076822668,0.7625835704164157,0.8322220461452903,0.8520556717469954,0.9182897901616079,0.9306763000024326,0.959844371239597,0.9688017956047503,0.9824741923131367,0.9801114400445917,0.9977974931370395,0.9927871994000664,7.167119447744496,0.14035502356866975,0.48359392739556106,12.660198781129331,2.3475969723333804e+20,7.690310836821128e+19,54.391119262919666,17.81756488971401,0.004197551690925621,0.0014259993726972436,0.9214139996650184,0.06493726973163177,0.9818170974345057,0.94676,0.79624,0.0755545928871573,0.05962844932633136,inf,0.0,5672.015405599834,1858.0515333066464,14,0.001,10,0.02284693717956543,0.31647082448159636
wide,S4,5,66,1,MGCUBED,det,sample,0,1,0,2e-17,96.02250677460546,5.0,4.9999999999999996e-05,100000.0,7.194538587599433e-12,5,1e-06,0.6623246606344991,0.0,0.7205187119409625,0.0,0.650794797063317,0.6623246606344991,0.7205187119409625,0.6724296548982356,0.7258609877238895,0.6782420616243433,0.7276348633402644,0.6996376064282112,0.7369822448605537,0.7506321945657678,0.7673900524004302,0.7623781584364352,0.7716307561093962,0.8121663594203246,0.814183556772681,0.9816342415872067,0.981961552874983,1.0266809669271102,1.0273437176086786,1.0333795703197417,1.03543916362201,7.972456191359886,11.582860015090802,0.9999999962484777,480.1125338730273,2.4567924488302454e+18,2.1711661035958108e+18,0.5117117916109184,0.45222025054859477,0.001434248709010336,0.0013778056314083893,0.3111331451535352,0.013531995260370466,0.33835067219606235,0.0,0.0,0.0014327376423742555,0.013523475375164193,inf,0.0,59.358419619513796,52.45741808685028,1158,0.001,100,0.5798189640045166,0.31647082448159636
wide,S4,5,67,1,MGCUBED,det,sample,0,1,0,5.2205444780233704e-20,0.1,0.5,3.918852234161307e-06,100000.0,1.2388420350941765e-10,5,1e-06,0.38373460680630117,0.0,0.4177545717036086,0.0,0.39222759742266794,0.38373460680630117,0.4177545717036086,0.4748782008988534,0.5018864003602752,0.622130009592499,0.655346911721177,0.778932169997937,0.8201928125921053,0.8352895481332503,0.8690565214369715,0.8929045625175484,0.9202349281551929,0.9131273416825445,0.9366766564833672,0.9270377164273135,0.9364888258843405,0.9744463265401846,0.9692176417906162,1.003339536646306,0.9962201333342513,3.1807775494761588,0.04132192912990074,0.2752275489049453,0.05,1.2867008725933993e+20,1.6088950487429487e+19,67.17279135285322,8.399308162434142,2.12781618118802,0.29337217389974074,0.8710075743217164,0.06797277613746659,0.9413749464175094,0.86476,0.48624,0.020095105167544487,0.06771306051910017,inf,0.0,3108.790502696261,388.72419797819407,4,0.001,10,0.01900506019592285,0.31647082448159636
wide,S4,5,68,1,MGCUBED,det,sample,0,1,0,2e-17,2.475739115549586,5.0,4.9999999999999996e-05,100000.0,2e-10,4,1e-06,0.3569147329784233,0.0,0.39277639906775735,0.0,0.36373883004825647,0.3569147329784233,0.39277639906775735,0.453223289592735,0.49022474194726817,0.5173925675971282,0.5581255972792292,0.535756815141692,0.5777787960117975,0.5664871997834889,0.6060523657819091,0.6700078300039588,0.7093719645710543,0.7522836068866273,0.7922074445886711,0.8023840664941393,0.8213420074028961,0.9677443212657696,0.9585613156828343,1.0442800797474416,1.0328060521380804,0.20555307607502565,0.41666666666666663,0.7364475227170272,12.37869557774793,1.458877620139922e+17,7.835288371667565e+16,1.1785390560556441,0.6329655917665801,0.049470703177683886,0.03708171118856085,0.3755334843439445,0.08977732717191059,0.5376444332566734,0.0,0.0,0.06848047707853708,0.08663044829943206,inf,0.0,3.5247857421173077,1.8930794712706975,42,0.001,100,0.47718191146850586,0.31647082448159636
wide,S4,5,69,1,MGCUBED,det,sample,0,1,0,1.8282986071885098e-18,24.854040814678807,1.0441796499669183,3.5000000000000004e-06,100000.0,1.168547231626551e-11,5,1e-06,0.35045402711073437,0.0,0.39135317512589557,0.0,0.35959976787965775,0.35045402711073437,0.39135317512589557,0.4007581617816912,0.43983437862341057,0.45495808895479634,0.49842736064862303,0.5163714796621324,0.5586340101286869,0.6130626934739153,0.651589173643156,0.7225346759569371,0.7553486222407212,0.8355727902664601,0.8589644260130344,0.9153233065778449,0.934041212366951,0.9572767450801402,0.9578450266381436,0.9975996488324008,0.990421826383724,22.573503905564223,0.16732596658613097,0.5213676629380202,25.952083638134816,2.5249862329868183e+20,9.181400533446917e+19,18.57415801061008,6.7539688747219,0.004969397240149844,0.001968541967698657,0.8331248209851452,0.10046538262255365,0.9485181909690338,0.76176,0.24436,0.12387066602905619,0.09202141316546451,inf,0.0,6100.604567654427,2218.3128486033,17,0.0009944568094923032,21,0.03341960906982422,0.31647082448159636
wide,S4,5,70,1,MGCUBED,det,sample,0,1,0,9.3158692228533e-18,3.04134419590783,5.0,8.525231167186126e-06,100000.0,1.7684497258103504e-10,5,1e-06,0.39983714286071065,0.0,0.4264854207806365,0.0,0.40448670448760426,0.39983714286071065,0.4264854207806365,0.42349354771647113,0.4588042910098828,0.4678644037395033,0.5060271665972985,0.5175874406168562,0.5478779797506119,0.5759411840730847,0.5949582142074945,0.6241157971339515,0.6420326304465939,0.6908668674395905,0.7147809341497543,0.786768353850698,0.8035728024385465,0.9069202883133345,0.9069575150098023,0.98771644568079,0.978444591809429,0.5421148293535796,0.013699299334177756,0.16065092896356753,15.20672097953915,1.1880496325355194e+19,5.054428845619351e+17,36.39086632105494,1.5482101034589453,0.025806504863848306,0.0017587288795175827,0.37857091019725136,0.24871092144302182,0.9710543665115885,0.09336,0.03948,0.7694325820110645,0.09721625321427542,inf,0.0,287.0439814744206,12.211976168279836,1,0.001,100,0.19190597534179688,0.31647082448159636
wide,S4,5,71,1,MGCUBED,det,sample,0,1,0,4.1835730125019e-18,23.99221760823549,0.5,1.4000391760256949e-05,100000.0,2.8660528430380446e-11,5,1e-06,0.5055150602114691,0.0,0.5445139189405529,0.0,0.5100107250066399,0.5055150602114691,0.5445139189405529,0.5448134655535892,0.5914137250677225,0.6294196335320885,0.6908162575181342,0.6745731846437791,0.7403293381695053,0.7180569837951853,0.7831994980760131,0.736459401494154,0.79285934205768,0.7809087218400952,0.8055537989321345,0.9197675780720247,0.9162466868977458,1.0084167113618219,1.003468364317899,1.0243522902138804,1.0200149705869375,9.522963870250658,2.2796854556351804,0.9910814061513215,11.996108804117744,2.7041031777402397e+19,1.9496306410485604e+19,4.715201096513686,3.3996116021546046,0.018947209851743734,0.01458572723592179,0.766846660389165,0.038578185999276385,0.8239887982444022,0.22144,0.0,0.004542597493487042,0.03854670566236058,inf,0.0,653.3367977225355,471.0491264718895,228,0.001,10,0.03551793098449707,0.31647082448159636
wide,S4,5,72,1,MGCUBED,det,sample,0,1,0,3.8679097936881834e-18,30.826086045531884,2.6869502794302864,3.5000000000000004e-06,100000.0,1.446912701938983e-11,5,1e-06,0.41398474088689935,0.0,0.4454937676369913,0.0,0.42001846577084007,0.41398474088689935,0.4454937676369913,0.4523766893597644,0.4824041176776689,0.5033318998007008,0.5307356753306637,0.553465773825946,0.5775344895265727,0.5925746049863418,0.6157714850635102,0.642110766942067,0.6640988276226367,0.7372645899136424,0.760544585939829,0.8376597575700219,0.8534616980452072,0.914856498215247,0.920767652507311,0.9834337449018831,0.9753174965466799,13.234000505957724,0.05251494065204516,0.3085729275073975,82.82816051378394,1.8526403609324565e+20,2.866343202234747e+19,23.246044877861877,3.596550313789287,0.0026265759615975337,0.0004979446594811884,0.669953358333672,0.18560770247912162,0.9580026438329897,0.26984,0.091,0.41088804558820574,0.13652924138456307,inf,0.0,4476.153612432188,692.5355157811588,5,0.0009951667701593653,54,0.11380815505981445,0.31647082448159636
wide,S4,5,73,1,MGCUBED,det,sample,0,1,0,1.3232764954257057e-18,17.467067244784918,0.5,5.517404475648127e-06,76970.37716459845,2.1927688750859978e-11,5,1e-06,0.36783892309150573,0.0,0.4089619554486167,0.0,0.3784719643997549,0.36783892309150573,0.4089619554486167,0.42699793512547013,0.4674999413811593,0.47227733331749244,0.5117898041807682,0.512152744110303,0.5489548863431524,0.5807909225052208,0.6196690146207183,0.694563813772609,0.7271913590239392,0.8290053153804466,0.8610037055544402,0.8860442070228031,0.9020637109239887,0.9601886544617788,0.9556357790997706,1.0085093842364945,1.0008024203659796,21.918886679527247,0.46275970218563794,0.7613040676016087,8.733533622392459,9.013677798408325e+19,4.9803298204514755e+19,6.828615130874611,3.7730165565365996,0.02398927166565262,0.014625982875035299,0.7709780837304951,0.07655312192150442,0.8713264357308625,0.4722,0.0,0.0455180188754051,0.07496582003963632,inf,0.0,2177.789456035509,1203.294594407812,46,0.001,10,0.02623605728149414,0.31647082448159636
wide,S4,5,74,1,MGCUBED,det,sample,0,1,0,2e-17,37.88483740675784,0.5,6.241356124377333e-06,98255.4800630208,5.5946293902832254e-11,4,1e-06,0.4139686674040048,0.0,0.45343915414069197,0.0,0.4212224823316949,0.4139686674040048,0.45343915414069197,0.4865111141310586,0.5244021795796933,0.5601522428386237,0.5986898562611752,0.6397862769514957,0.6807948391673663,0.7248535913279002,0.7554608353216693,0.836900041786634,0.8603511866757249,0.9168148159959739,0.9378343968425217,0.9460342774711281,0.9543060571712657,0.9847925950042252,0.9805363721886338,0.9997531995445429,0.9943411078331442,3.1454626283725258,0.23209476776042165,0.5959649540807712,18.94241870337892,5.12267130955842e+19,2.2023410124811182e+19,27.04338548194295,11.626503705613201,0.00418101241795314,0.0018824962778653267,0.900047087740791,0.05977948569485479,0.9640368055072548,0.93124,0.66492,0.058879385542069146,0.05649897990973072,inf,0.0,1237.685638892255,532.1063324920365,23,0.001,10,0.023698091506958008,0.31647082448159636
wide,S4,5,75,1,MGCUBED,det,sample,0,1,0,6.744403897316455e-18,4.125453690563682,5.0,2.7872971209566613e-05,64180.062292738425,1.7082363652677174e-10,5,1e-06,0.3648281878431433,0.0,0.41270436122669946,0.0,0.372767221631325,0.3648281878431433,0.41270436122669946,0.4415737445833426,0.48994779385801623,0.49407131249054814,0.5439954889146836,0.5066823764873466,0.5588124801836419,0.526067900914099,0.5784921735823606,0.6332198043441527,0.681542553863345,0.7176586410781995,0.7596151032540844,0.7847316256859945,0.8028717228051916,0.9734862414410688,0.9633077004267178,1.0802770258246106,1.0726016689640432,1.015727576120296,0.15159934145053594,0.4999347881070606,20.62726845281841,3.074771648753824e+17,1.0552916815017067e+17,0.5026720318942657,0.17252195427148936,0.041346361370856885,0.03226220719331492,0.14180963275512734,0.06650422729850738,0.3241439174835485,0.0,0.0,0.12171536566273375,0.0518771167505518,inf,0.0,7.428937916502231,2.549684100559071,15,0.001,100,0.27172112464904785,0.31647082448159636
wide,S4,5,76,1,MGCUBED,det,sample,0,1,0,7.748292690530641e-19,16.1409676998322,2.290208836922915,5.734399121596687e-06,100000.0,1.8106240027018255e-11,5,1e-06,0.3188813044966087,0.0,0.36660971120677505,0.0,0.32926565981990813,0.3188813044966087,0.36660971120677505,0.37962725671779557,0.4260634411937401,0.4296571016355642,0.47592750584362536,0.4718185178166172,0.5163520623885202,0.506834049815915,0.5492624262161069,0.5479397704694894,0.5887888040940766,0.6691636738985132,0.706269657553421,0.7858357800332022,0.8172108318384852,0.887410260275087,0.8873977239963827,1.016224464343248,1.002917983789075,34.59175913723384,0.1321664498339832,0.47109730113974085,36.96618686264304,5.217223724964445e+19,1.6447196168630708e+19,2.504470438499503,0.7895294273741079,0.015116682830905774,0.0077192115741656735,0.40401632406659765,0.14607661113278134,0.7126331571768093,0.0,0.0,0.27453276982176167,0.11645410880660659,inf,0.0,1260.5303930446935,397.37975106805544,13,0.0009957429725751805,46,0.16547799110412598,0.31647082448159636
wide,S4,5,77,1,MGCUBED,det,sample,0,1,0,2e-17,0.3563551760225568,5.0,1.8209004971260567e-05,100000.0,2e-10,5,1e-06,0.4044511643707422,0.0,0.45401534998693305,0.0,0.41446702032942023,0.4044511643707422,0.45401534998693305,0.4508826224152745,0.4933979898580896,0.4950945050299153,0.5278783756822298,0.550096898632516,0.5761081692183642,0.6171160743980408,0.6459056161790231,0.71084003559121,0.7335002042906784,0.8268930928495237,0.8450336796332569,0.9200924644741006,0.9291149467909487,0.9685873907815248,0.9685962385139069,0.9931166415165823,0.9872435883660005,0.02958708457875342,0.05526131034056534,0.3161137296296375,1.7817758801127839,1.3283997354147538e+18,2.1641126237745648e+17,74.55481636280024,12.145818382262418,0.0426932578622512,0.007428220211790222,0.8668342993704111,0.10848549262758846,0.9858624334617394,0.83576,0.44728,0.17348320030828387,0.09319839723737738,inf,0.0,32.09538882893579,5.2286999370687814,6,0.001,100,0.22577714920043945,0.31647082448159636
wide,S4,5,78,1,MGCUBED,det,sample,0,1,0,2e-17,3.355554593710016,2.341868215004026,1.5914603810793933e-05,100000.0,2e-10,5,1e-06,0.2991249846144579,0.0,0.3491114930786756,0.0,0.312966170120068,0.2991249846144579,0.3491114930786756,0.3673212757208151,0.41655121128426753,0.4147692019544095,0.45821118694171303,0.46842750705095476,0.5037274695949365,0.5249115521618033,0.5536216702999653,0.6092860733645153,0.6354422117276366,0.724812074942072,0.7512707124208553,0.8465802240365431,0.8670501151856741,0.9200154720511022,0.9259886818923293,0.9897930667645669,0.9809526734178773,0.2786014747445073,0.09012555760391117,0.3969207911114512,7.858266646720235,2.175737546098909e+18,5.2529260545924365e+17,12.96797584624209,3.1308839763412233,0.030805640407994838,0.009110448624991845,0.6854187448840462,0.16055402317468664,0.9269281041507618,0.25192,0.03224,0.28802020933426264,0.1325941387551352,inf,0.0,52.567868443572344,12.6915641216349,9,0.00099653966595916,47,0.07880401611328125,0.2991249846144579
wide,S4,5,79,1,MGCUBED,det,sample,0,1,0,5e-20,17.609805139055695,4.213850293390953,3.667440748219858e-06,100000.0,5e-12,5,1e-06,0.39160101867020713,0.0,0.43477670642699334,0.0,0.3980707678004489,0.39160101867020713,0.43477670642699334,0.44374747891521044,0.48938601928354786,0.49179322128092634,0.5402830097052095,0.5020236173469133,0.5492036558226527,0.5233995403212279,0.5662917826400424,0.6473744592995035,0.6892376275350872,0.7276470521626154,0.7656689277355307,0.7995048134904562,0.8136983589451788,0.9755363745805967,0.964758285804811,1.0799976347435465,1.0738460314655642,584.8353879744152,0.10639613580006818,0.42790420896593867,74.20508255176735,1.861192034897295e+20,5.0811583941135606e+19,0.5284533304600494,0.1442707160581912,0.011777078334024568,0.008816864466703414,0.12013307526399032,0.0697037649151971,0.342508731482832,0.0,0.0,0.16095544671507667,0.04591853590567256,inf,0.0,4496.815262214443,1227.6557275101247,11,0.0009914941866802243,85,0.18950104713439941,0.2991249846144579
wide,S4,5,80,1,MGCUBED,det,sample,0,1,0,6.774779712785333e-18,14.237458613104776,1.5884624042399031,1.1536389795593604e-05,100000.0,2e-10,5,1e-06,0.35875878512302395,0.0,0.3972781070255547,0.0,0.36613522877041194,0.35875878512302395,0.3972781070255547,0.4072834957902454,0.4493671987200758,0.45223101086456535,0.49791051216989857,0.49091264465459883,0.5322068268264198,0.5373330712641292,0.5710699956658281,0.5755650363030007,0.603999875821115,0.6854920127518677,0.7155263577077323,0.7892664651740577,0.814555777496688,0.8991659494564508,0.8952020352071315,1.0172398300006487,1.0039209418723507,3.489686343559548,0.06982029139239655,0.3528097062175089,22.61566773883853,5.41019718424108e+18,1.0686491066595046e+18,2.5743986424815932,0.5085080480036723,0.029311831366235525,0.012370509822875879,0.2951269596065501,0.15465249327808675,0.7075415796159509,0.0,0.0,0.3827590016271804,0.09698068350252072,inf,0.0,130.71545984252722,25.819568978777998,7,0.0009927890026499395,32,0.05414175987243652,0.2991249846144579
wide,S4,5,81,1,MGCUBED,det,sample,0,1,0,2e-17,6.316394802345862,3.476104672693937,1.3154077597130219e-05,100000.0,2e-10,5,1e-06,0.3417379430038057,0.0,0.374932369992328,0.0,0.34986062831791986,0.3417379430038057,0.374932369992328,0.3922770240009985,0.4313043453008878,0.4494763711273274,0.4918390958888298,0.5066965097853924,0.5419988330966582,0.5584083858883105,0.5835091880079891,0.6138935648035213,0.6367449759176717,0.6834623076806258,0.7086121705465147,0.7910794636840421,0.8121765331961546,0.8909249549745505,0.8949323825910951,0.9888608847270142,0.9783192491190644,0.5244310166494565,0.0414807602483259,0.27573445640590494,21.956449487014144,3.4039883756071086e+18,4.2692126636856966e+17,10.77826349405168,1.3517877831512823,0.019365992397469292,0.003866843728871418,0.4578177562695179,0.20683876887591066,0.9096943616139164,0.07416,0.0028,0.552729874370285,0.12342057930430783,inf,0.0,82.24356537543035,10.314819913121106,4,0.0009931727636268391,70,0.09487318992614746,0.2991249846144579
wide,S4,5,82,1,MGCUBED,det,sample,0,1,0,1.2639998331076318e-18,2.1521087008912367,1.2250835593847067,1.040023779791067e-05,100000.0,2e-10,5,1e-06,0.3818771060199545,0.0,0.4186455000171443,0.0,0.3881879598299955,0.3818771060199545,0.4186455000171443,0.41371342037568504,0.45273238208732713,0.44301448415481715,0.4846841834084697,0.48675345673790116,0.523296053381708,0.5388498124736736,0.571683357739447,0.5783360283909241,0.6065260893291718,0.7323000207060955,0.758917046889434,0.8275690703680958,0.8510226881087368,0.9015645631908475,0.8990469208502022,1.0078263682816277,0.9940453892739849,2.8272634861418924,0.07357657730398351,0.3615155390557957,2.6365129874706335,7.446142555583926e+18,1.530577433401919e+18,4.373349238194162,0.8989553453211498,0.1997355329545026,0.07058704750819253,0.433802631356504,0.150347767518783,0.7282256282755518,0.0,0.0,0.24298174677839626,0.12654535140637588,inf,0.0,179.90581767357483,36.980192443723645,7,0.0009800668475077653,25,0.0633704662322998,0.2991249846144579
wide,S4,5,83,1,MGCUBED,det,sample,0,1,0,7.702938963002221e-20,30.678097886782066,1.9674861931680132,5.372714093068574e-06,40760.91360144127,1.0273124397589009e-11,5,1e-06,0.4979881055624367,0.0,0.5425174239966751,0.0,0.5028819647595213,0.4979881055624367,0.5425174239966751,0.5469834463090667,0.5989946633870938,0.5739396643568636,0.6327582388593787,0.5936950256885504,0.6515753526277633,0.6602242113397957,0.7102553617652726,0.7019190478006304,0.7442063024102181,0.7939230640645736,0.8148005342597049,0.9560885503488925,0.9592103517088245,1.0165523683236466,1.0136990236098193,1.2161222884757454,1.2237897934449942,661.3343334571916,0.23802466902545688,0.6019053511047601,60.358734024900514,3.3781808470586606e+19,1.472456525373226e+19,0.08482247161121349,0.036971792653126646,0.015976915370617416,0.015272186008766656,0.035410521752269275,0.015294954948488313,0.07736156890662743,0.0,0.0,0.022749676141341296,0.013050845577666186,inf,0.0,816.2003117755753,355.75936561596944,24,0.0009837430965840067,40,0.12029623985290527,0.2991249846144579
wide,S4,5,84,1,MGCUBED,det,sample,0,1,0,5e-20,1.814297076502639,5.0,5.9086233231077024e-06,100000.0,5e-12,5,1e-06,0.31747046414495356,0.0,0.3640898192117414,0.0,0.3260258230711648,0.31747046414495356,0.3640898192117414,0.3673418640470025,0.41171702076519917,0.44852326789477936,0.4904555443761932,0.49833758063684536,0.5420354453796683,0.5119980723166743,0.5586705036729602,0.5525663257739252,0.5982024571667575,0.6950579885726579,0.7374115324042579,0.7848113817867604,0.8134982968383114,0.9118380683047962,0.906770009756409,1.0349956521812833,1.0216331018594615,60.25422349983859,0.2327455304958154,0.5966231398258242,9.071485382513195,6.153695494871295e+19,2.6486107646705058e+19,1.6958897124867698,0.7299275292269516,0.06372262897992267,0.04089022247330689,0.4009710898159124,0.11521601906137456,0.6209909015046443,0.0,0.0,0.14015708217342657,0.10512946496587672,inf,0.0,1486.7907932931005,639.9293080411787,23,0.001,100,0.24788498878479004,0.2991249846144579
wide,S4,5,85,1,MGCUBED,det,sample,0,1,0,2e-17,1.9394255083108247,3.678758325605978,2.4832988402983085e-05,100000.0,2e-10,5,1e-06,0.29681609636189904,0.0,0.3463886664783199,0.0,0.31111237006949943,0.29681609636189904,0.3463886664783199,0.3475874968930352,0.3961254298169764,0.40014443213158046,0.44778395381178304,0.4376778738722982,0.48185875408447615,0.4801957329638053,0.5186735432410193,0.5729003922349195,0.6119272560087001,0.6938412809884718,0.7255228789214587,0.8352995653514771,0.8626858022313361,0.9110473942955593,0.9154102737025666,0.9978290065433645,0.9873955606486728,0.161024591221181,0.13969326478319086,0.48260343354971297,7.134677735591052,6.562025606148315e+17,2.1437205261781955e+17,6.766978755336287,2.210675807853332,0.04365451654479171,0.01804569119976011,0.6369404347835546,0.14797361854127647,0.8682227635978936,0.10636,0.0,0.22240601156495718,0.12968284489262316,inf,0.0,15.854471942438789,5.179430708541817,14,0.0009942590069205346,74,0.12638473510742188,0.29681609636189904
wide,S4,5,86,1,MGCUBED,det,sample,0,1,0,5e-20,6.73761578915196,5.0,1.0310523094050678e-05,100000.0,5e-12,5,1e-06,0.4539547649087219,0.0,0.4763926338953145,0.0,0.46544381600966384,0.4539547649087219,0.4763926338953145,0.5213358273058444,0.5635130688238742,0.565362361334916,0.6209005636732186,0.5900402093240725,0.6461612195505148,0.6584393264401621,0.7130667930743252,0.6889793157378318,0.7419169989939814,0.7076511958175302,0.7508151769851888,0.8566527564782078,0.8708616830099576,1.0228789459510208,1.0165866376130956,1.1339292691281861,1.1341252261422565,223.76148474988352,0.708712576486349,0.8551947790765685,33.6880789457598,2.509777436539934e+19,1.5188984281467169e+19,0.1862511543460859,0.11271779778480774,0.02667710629612493,0.02502344538114152,0.10042815895006645,0.028142654386674792,0.15580645413825847,0.0,0.0,0.01196072958621215,0.027798976548094295,inf,0.0,606.385868292038,366.980166762888,71,0.001,100,0.33956098556518555,0.29681609636189904
wide,S4,5,87,1,MGCUBED,det,sample,0,1,0,4.934874325434252e-18,100.0,2.8863407126158878,3.7627612063159444e-06,100000.0,5e-12,5,1e-06,0.371639649028522,0.0,0.4165282179276746,0.0,0.38125276777575257,0.371639649028522,0.4165282179276746,0.4096577246908642,0.45185159705691763,0.4637589022230751,0.5063222689111012,0.5114519532138381,0.5509585585350886,0.5873534544305344,0.6286002679290407,0.6679560870450554,0.7072893080902849,0.7674347500167695,0.7966264743385655,0.8736152147910872,0.8983241533547784,0.9307721100171703,0.9344864051393178,0.9969064653381897,0.9879662007506075,33.649064954206814,0.16351005541227903,0.5163090952765563,288.63407126158876,2.009366872661365e+20,7.199215591511112e+19,9.915972990274685,3.5527224185814146,0.0007609940002271998,0.0003173875978189958,0.7327900129000647,0.13061507183714435,0.9077559848901112,0.34528,0.0052,0.18062036139782137,0.1173231332928262,inf,0.0,4854.8196268583015,1739.3982964076993,16,0.0009952899009020302,58,0.11203408241271973,0.29681609636189904
wide,S4,5,88,1,MGCUBED,det,sample,0,1,0,2e-17,6.448201866520911,0.5,1.658560249896871e-05,200.0,2e-10,5,1e-06,0.6010888643163815,0.0,0.6559403346936595,0.0,0.6056968413720352,0.6010888643163815,0.6559403346936595,0.6281940190158045,0.6816343156668194,0.6801445875612293,0.7328273306752453,0.6943994343898917,0.7454452602647385,0.7211344693345474,0.760755805313274,0.8814418347717327,0.8997421698531031,0.9733903972404648,0.9783612953983498,0.9977816000621226,0.9968745505159939,1.0164886550453998,1.0172629134129438,1.2393817549794075,1.2487512204592361,0.5353745556190644,0.4584703504229952,0.7591156385582974,3.2241009332604555,8934618779204352.0,6498674988661256.0,0.027711969830203142,0.020156549448001628,0.3040356768607576,0.30180050064669667,0.019752524781519416,0.002448487070257721,0.025113702269496704,0.0,0.0,0.002320637729369328,0.0023116303715171368,inf,0.0,0.21586880523379726,0.1570141088358774,46,0.001,10,0.018374204635620117,0.29681609636189904
wide,S4,5,89,1,MGCUBED,det,sample,0,1,0,5e-20,0.8952200719820906,3.92575977718555,5.1094692782068316e-06,100000.0,5e-12,5,1e-06,0.30736568454742863,0.0,0.35523200265841254,0.0,0.318351910435227,0.30736568454742863,0.35523200265841254,0.3740059229601705,0.42301240892063846,0.430947418043978,0.4750194474701936,0.45792350400658877,0.5016898635242892,0.49743593021447846,0.5426781759812723,0.5679237746943313,0.6139590712551203,0.7072677921250047,0.7408572960065759,0.8430273151981603,0.8676815960909245,0.9269704265332749,0.9256800439489703,1.0079255284754312,0.9970533827428385,29.730958064888892,0.22166984046126736,0.5852030552534316,3.5144189503164442,9.276905952957599e+19,3.902345331676188e+19,5.181354978121619,2.1795452614439683,0.08949143175396368,0.04603231148838142,0.6508918150702434,0.12264277999428401,0.8316798362292177,0.03532,0.0,0.1241871454337155,0.11558163226119048,inf,0.0,2241.387857523781,942.8433883707818,22,0.0009938632347305189,79,0.14006710052490234,0.29681609636189904
wide,S4,5,90,1,MGCUBED,det,sample,0,1,0,2.0455152249631736e-19,0.1,1.130464879303127,5.616109841424263e-06,200.0,2e-10,5,1e-06,0.6162232129013383,0.0,0.6775726139055896,0.0,0.6215850684005564,0.6162232129013383,0.6775726139055896,0.6389616963871119,0.7017907132206598,0.6438983628400097,0.7066049785213848,0.645932542204584,0.7073353391733677,0.6922251314311387,0.7456974784671349,0.829015236145645,0.8650856424443851,0.9385742528144696,0.9471856224318941,0.9941534790625619,0.9938175297402239,1.0178428851239687,1.0189633905488567,1.2436738250127422,1.253178173545421,0.8117950171716479,0.023250530473788843,0.20830119360412028,0.11304648793031269,8.434083749934154e+16,8381980684796511.0,0.17252046719104805,0.01714546910609851,8.696807488321022,7.544361552703182,0.016852762202272113,0.0017736544398117384,0.020403591371741296,0.0,0.0,0.0009920219596461397,0.0017496818510415722,inf,0.0,2.037754074720806,0.20251654834241517,2,0.0009830129385244581,23,0.03711390495300293,0.29681609636189904
wide,S4,5,91,1,MGCUBED,det,sample,0,1,0,5e-20,1.0625632873144313,4.629676773108647,3.5000000000000004e-06,15500.055263743505,5e-12,5,1e-06,0.37439135491565373,0.0,0.4138721834683854,0.0,0.38091629487443335,0.37439135491565373,0.4138721834683854,0.419317653634949,0.4632939678602026,0.46138950476843726,0.5062531514985285,0.4968551721733177,0.540902259760856,0.5133695211728058,0.5528482518715936,0.601568623777027,0.6356399234115336,0.7384126304707427,0.7748020903927244,0.785388467815227,0.8093769936418003,0.9220266034782463,0.9138236384120034,1.0388408470144603,1.0255152635783324,35.288556998605635,0.08819910186929822,0.3930208093243731,4.919324571237593,3.1559990364033544e+19,7.534416054873456e+18,1.4850875585867283,0.3545396375361446,0.15007308285296242,0.08179991024830892,0.24548248249643714,0.10836239250393305,0.5053989206723137,0.0,0.0,0.1953846553615221,0.08481220787614051,inf,0.0,762.5190935880951,182.03858856132547,9,0.0009956294135717522,93,0.1611020565032959,0.29681609636189904
wide,S4,5,92,1,MGCUBED,det,sample,0,1,0,2.3266878275768433e-18,11.12132937469103,2.6309399354305754,9.027340160403046e-06,100000.0,7.207370819759336e-11,5,1e-06,0.3574829099262532,0.0,0.39741201526643766,0.0,0.36519191602039175,0.3574829099262532,0.39741201526643766,0.40638289787424237,0.44886079374511123,0.4539658022416035,0.4995873930500691,0.4924378902457191,0.5334708204603986,0.537481234151535,0.5712885007606181,0.5758961049754608,0.6041908330441362,0.6889138362405536,0.7193746344984345,0.7883120389101981,0.8134260920717531,0.9013560158328953,0.8968749497473341,1.0191965985215297,1.0059070856015304,7.937206567507442,0.07162762714319111,0.35703312320347314,29.259549586951778,1.1336875255151372e+19,2.283409356577109e+18,2.371782074807098,0.47771094410830084,0.023128255362078975,0.010136146200560983,0.28373508955137716,0.15140892022067123,0.6940613656133021,0.0,0.0,0.37779295395090673,0.09434888323681002,inf,0.0,273.9095843809536,55.169320800934,7,0.0009928075228039907,53,0.09348511695861816,0.29681609636189904
wide,S4,5,93,1,MGCUBED,det,sample,0,1,0,1.3405955386413727e-17,2.5806255645851564,2.9207729862111633,1.616052149776649e-05,100000.0,1.369947169524493e-10,5,1e-06,0.28604807319429915,0.0,0.33405975811030236,0.0,0.2999593222967916,0.28604807319429915,0.33405975811030236,0.3624735979064087,0.41269264396367006,0.4052452948973013,0.4509681350168988,0.45281898995021225,0.4920743202624265,0.5072168721739237,0.5398057622091142,0.6014376260308051,0.6314846749513049,0.7244695915012371,0.7524484939054542,0.8522364034944804,0.8746307073085958,0.9219331301046866,0.9275176701684746,0.9921383836052043,0.983134670241333,0.31965118816403676,0.10878220798010516,0.43218171130994065,7.537421436566256,2.188084345710301e+18,6.061337725423694e+17,11.366763750175434,3.148772307154873,0.031978464092221846,0.010728058603793934,0.6958953422308477,0.15168598701203934,0.9176994455303426,0.26096,0.0142,0.25003595448892657,0.12955261088180603,inf,0.0,52.866178751649045,14.64476286275614,11,0.0009900925376986995,59,0.0693960189819336,0.28604807319429915
wide,S4,5,94,1,MGCUBED,det,sample,0,1,0,5e-20,1.204771281113136,4.461805317593441,4.991832327141653e-06,100000.0,8.108545640064891e-12,5,1e-06,0.33256920678090623,0.0,0.3717905239261786,0.0,0.3408790357595162,0.33256920678090623,0.3717905239261786,0.3766590591980653,0.4206991687728025,0.42522664776842173,0.47278775958845826,0.45829888124020857,0.5018740792715681,0.5051802666439837,0.5453012796021428,0.5471741156615956,0.585474555819435,0.6803497255378179,0.7133184907831105,0.8025426546236406,0.8307056084915998,0.8946272148726987,0.8936945940734102,1.0125039358328922,0.9990403143927868,40.01139558594894,0.114792931242068,0.44268746163936895,5.3754549085544525,7.534554739417684e+19,2.1609985172601737e+19,3.126964784741636,0.8968501121903991,0.09807351981928822,0.04507689713271213,0.4344466075616908,0.14746263815395882,0.7279806893080992,0.0,0.0,0.24532916142937597,0.1230090687913198,inf,0.0,1820.4193931054117,522.1175962411944,11,0.0009915122927985425,90,0.2108778953552246,0.28604807319429915
wide,S4,5,95,1,MGCUBED,det,sample,0,1,0,2e-17,3.870667941121132,5.0,2.1750352601881663e-05,100000.0,7.961838713623275e-11,5,1e-06,0.3167072211526581,0.0,0.36921739384480884,0.0,0.33013910055309964,0.3167072211526581,0.36921739384480884,0.353690269898885,0.4023315352139278,0.40004703589851986,0.4429832314376679,0.45354784002240195,0.49471329834777483,0.5074523577101924,0.5471898075425126,0.5955931321817527,0.6371415213492447,0.7227572089734751,0.7565029351056222,0.8425961175751167,0.871201090883462,0.9178304280749928,0.9198457570374364,1.0029141939673183,0.9925071114282775,0.32136976661444994,0.19806054661582562,0.5591933550678077,19.353339705605663,1.1370856730428201e+18,4.5262700370247744e+17,5.87539768504898,2.3387539855530712,0.01547603348682603,0.007515298874573405,0.659787929136327,0.13046957771703535,0.8534128192941595,0.099,0.0,0.16898743178548023,0.11855988298422587,inf,0.0,27.473060883083438,10.935894739373362,20,0.001,100,0.15598201751708984,0.28604807319429915
wide,S4,5,96,1,MGCUBED,det,sample,0,1,0,5e-20,100.0,0.5,4.9999999999999996e-05,100000.0,2e-10,5,1e-06,0.63554377294852,0.0,0.6992004746050143,0.0,0.6408350480471808,0.63554377294852,0.6992004746050143,0.6525497289374442,0.7153041530870339,0.7197850474471691,0.7667787686340477,0.8770038186228378,0.8870343209864111,0.9815207418920577,0.9813427898152277,0.997181686108125,0.9959355080864825,0.9988290924028173,0.9975059625247001,0.9992747097602687,0.9982363630958111,1.016952816051968,1.0184873149275582,1.252382830148431,1.262148545598258,3321.0781343476933,4.166666666666666,0.999593047982555,50.0,1.0050521855290126e+18,7.818716354982775e+17,0.0005025260927645064,0.00039093581774913877,0.019992184339066812,0.01998995452625738,0.00039077913388183,5.6321245574851265e-05,0.000499242955141194,0.0,0.0,6.3208420189661676e-06,5.628326543009206e-05,inf,0.0,24.28300746224848,18.89075515947627,417,0.001,10,0.03873395919799805,0.28604807319429915
wide,S4,5,97,1,MGCUBED,det,sample,0,1,0,7.516648672004488e-19,100.0,0.5,3.5000000000000004e-06,100000.0,6.270803700865851e-11,5,1e-06,0.37381107368443967,0.0,0.41290586970570703,0.0,0.3805792972066798,0.37381107368443967,0.41290586970570703,0.4134746286675835,0.45488660870390396,0.4659190107038904,0.5110266540466907,0.5041159504615275,0.544530008602601,0.5358273453431672,0.5685516820599005,0.5918453571542326,0.6197025473413772,0.7207138460340228,0.7537352802443182,0.788301853115316,0.8088289727243722,0.9322826298932914,0.923222735242819,1.0367144603872047,1.0249886717489625,220.91481717889386,0.06511658677450742,0.3414991373996206,50.0,1.9170996641256515e+20,3.5883273801538753e+19,1.4410164644450327,0.26972196236750967,0.015751479924556253,0.008193308112138038,0.18952344346683694,0.12282259827532142,0.5836459695146797,0.0,0.0,0.33193523368202466,0.0685232562960962,inf,0.0,4631.893360376501,866.9736935441127,7,0.001,10,0.01945805549621582,0.28604807319429915
wide,S4,5,98,1,MGCUBED,det,sample,0,1,0,2.1379830659151387e-19,3.3248222088686044,0.5,3.5000000000000004e-06,100000.0,8.524472450144774e-11,5,1e-06,0.3966452001903362,0.0,0.43688664679878464,0.0,0.4049716513388735,0.3966452001903362,0.43688664679878464,0.4236912749748836,0.46526073602793244,0.4602094996624673,0.5000954462165991,0.5039004488963019,0.5355738283788607,0.5668687437855474,0.5929028883687256,0.6121366955304788,0.6379945290311851,0.7425951677634405,0.7614847090575274,0.8667547168064603,0.8844592309468323,0.9207571472902063,0.9200171858752723,0.9938075895652079,0.9819536833422828,25.823390546221948,0.04790130248193818,0.2953737569509433,1.6624111044343022,1.836304399645069e+20,2.633620168637656e+19,11.808113227331297,1.6935147111267388,0.22332750649223915,0.04696522535828914,0.568671403853728,0.16468590244755174,0.8552671905878017,0.04884,0.0,0.27165679877601157,0.13853411043193872,inf,0.0,4436.684391275694,636.3074388430371,5,0.001,10,0.021853208541870117,0.28604807319429915
wide,S4,5,99,1,MGCUBED,det,sample,0,1,0,2e-17,35.59145115146106,4.667391541488241,1.3730589426314598e-05,100000.0,4.755721150776109e-11,5,1e-06,0.326476630834529,0.0,0.37402472205372517,0.0,0.3380837909121565,0.326476630834529,0.37402472205372517,0.37682316279371986,0.42105689351260756,0.4359309132611638,0.4799856141352309,0.48191748654028294,0.5265075036594378,0.510529017056943,0.5545980381284771,0.5446030474984678,0.5863285852880491,0.6731442307492257,0.7119977491623225,0.7817485880097617,0.8133192106744751,0.8900521335974113,0.8889151342156218,1.0208035170102567,1.007317486536489,2.9550497547205334,0.14155867689430957,0.48538703013569456,166.11923805362127,3.900034927266866e+18,1.2837882921352005e+18,2.191557130205278,0.7214026124824079,0.003497015939326228,0.001886155292937402,0.38600067430286306,0.14028262660388138,0.6850852374363375,0.0,0.0,0.25921534538348,0.11268585450617852,inf,0.0,94.22851729037626,31.017534339729472,14,0.000993062030103881,94,0.19380903244018555,0.28604807319429915
wide,S4,5,100,1,MGCUBED,det,sample,0,1,0,5e-20,0.1,5.0,4.9999999999999996e-05,100000.0,2e-10,5,1e-06,0.5979457450867448,0.0,0.657986280702882,0.0,0.6030304787051544,0.5979457450867448,0.657986280702882,0.6052931256957536,0.6685683495378087,0.6264879397159488,0.6899104133968267,0.6674309663321517,0.7296579614216041,0.6780601806691813,0.7384382727385009,0.6854882346340191,0.7404374083853149,0.7848342732182779,0.8201013314506287,0.9304037817508584,0.9429401402061331,1.0223231683406964,1.0215754296609798,1.2224012649265799,1.2303692061319256,3.321078134347694,0.41666666666666663,0.7364475227170272,0.5,1.458877620139922e+17,7.835288371667565e+16,0.07294388100699609,0.03917644185833782,1.9246009815459648,1.8640303891037884,0.03756039255065001,0.011795698072301982,0.05876377132900469,0.0,0.0,0.001718482094415553,0.01177995363165928,inf,0.0,3.5247857421173077,1.8930794712706975,42,0.001,100,0.37012720108032227,0.28604807319429915
